"iso_639_3","language_name","population_l1","div_bordering_languages","area_km2","altitude_range","roughness"
"aaa","Ghotuo",9000,7,227.0555293,351.4570923,5.167666912
"aab","Alumu-Tesu",7000,3,39.49597832,684.9346924,5.532274246
"aac","Ari",50,5,1102.240604,320.3540726,3.526711643
"aad","Amal",830,0,63.46062922,798.9605103,5.861983538
"aae","Arbëreshë Albanian",100000,2,591.8280621,648.4189453,6.456739426
"aaf","Aranadan",200,0,70.35875753,792.9188232,5.967473507
"aag","Ambrak",290,4,44.31627387,798.9605103,5.861983538
"aai","Arifama-Miniafia",3470,3,141.1149373,1320.206238,6.554695368
"aak","Ankave",1600,4,205.0679028,1690.902893,6.805873156
"aal","Afade",5000,8,1520.064863,164.3442841,3.178839147
"aan","Anambé",6,1,529.755437,82.83061218,3.183473349
"aap","Pará Arára",340,1,5368.268629,162.8749695,4.200352192
"aaq","Eastern Abenaki",1800,2,51994.69699,363.8527374,4.962409735
"aar","Afar",1379200,9,133871.0707,1416.242905,6.227539063
"aas","Aasax",350,0,812.6089533,763.3223877,6.349441051
"aat","Arvanitika Albanian",50000,3,8698.048991,526.3833256,6.132799268
"aau","Abau",7270,10,2200.578803,988.9312134,6.103123665
"aaw","Solong",2200,2,1002.856973,613.0570679,6.149116993
"aax","Mandobo Atas",10000,8,4123.064614,1158.072285,4.179676354
"aaz","Amarasi",70000,2,796.5878631,316.5432124,5.266884923
"aba","Abé",170000,8,4217.068936,160.7036743,4.193180084
"abb","Bankon",12000,4,419.5082335,917.5430145,6.092959404
"abc","Ambala Ayta",1660,1,75.12178619,378.2962646,5.941675186
"abd","Camarines Norte Agta",3800,1,21.47350494,301.3759816,5.460740089
"abe","Western Abenaki",14,4,29642.961,497.9520264,5.596167088
"abf","Abai Sungai",0,2,54.79749181,324.1733856,4.771843433
"abg","Abaga",5,0,1.045075959,1916.283508,6.958115339
"abi","Abidji",50500,5,1125.248906,170.2126007,4.189496994
"abj","Akabea",0,1,155.0250565,75.4839859,4.28423357
"abk","Abkhazian",105000,4,1847.401115,2058.732849,6.638785362
"abl","Lampung Nyo",180000,2,1825.780868,412.9399567,4.269862652
"abm","Abanyom",12500,5,214.5903105,727.786972,5.333243728
"abn","Abua",25000,8,432.0696617,115.6379375,2.924462557
"abo","Abon",1000,4,85.01526441,1055.950439,5.800908089
"abp","Abenlen Ayta",3000,2,118.6165102,604.4528809,6.177906871
"abq","Abaza",37800,4,684.9156414,2472.80249,6.349568367
"abr","Abron",1183000,7,14625.38211,173.119194,4.437000036
"abt","Ambulas",44000,9,1154.190211,608.9898071,5.62084341
"abu","Abure",55100,7,1185.014848,180.5846939,4.229865789
"abw","Pal",1160,6,254.6516674,1692.247772,6.021868944
"abx","Inabaknon",26400,0,35.88381396,188.1075287,5.224923372
"aby","Aneme Wake",650,4,1243.6425,1126.683517,6.858831644
"abz","Abui",16000,6,627.2398512,568.1637573,6.116060734
"aca","Achagua",250,2,3413.503013,1314.366328,4.834309995
"acd","Gikyode",10400,3,804.5338761,376.9318085,4.998162508
"ace","Acehnese",3500000,6,17655.56414,1227.176697,6.805859804
"ach","Acoli",1197000,10,32136.11582,659.1866659,5.232975324
"aci","Akacari",0,1,472.4909205,76.31477737,4.28423357
"ack","Akakora",0,1,632.7555896,67.76947403,3.996647477
"acl","Akarbale",0,2,347.8295353,75.4839859,4.28423357
"acn","Longchuan Achang",62700,5,1531.878702,1525.952393,6.605379581
"acp","Eastern Acipa",5000,4,1524.882284,298.1647644,4.743983269
"acr","Achi",85600,5,2853.15555,1687.895793,6.586398125
"acs","Acroá",0,5,37554.49315,513.1735306,5.233447313
"acu","Achuar-Shiwiar",7000,6,21385.57912,1562.112747,5.494170606
"acv","Achumawi",10,1,632.0299609,989.4763489,6.111812353
"acz","Acheron",9830,4,47.17661502,306.5653992,4.566905975
"ada","Adangme",800000,6,4567.11343,282.1754456,4.778396726
"add","Dzodinka",2600,6,124.0185645,1108.035416,5.829763412
"ade","Adele",27300,7,1382.427533,376.9318085,4.998162508
"adg","Andegerebinha",10,2,19640.57309,142.9008179,3.965088129
"adh","Adhola",360000,5,895.3935423,938.9922981,5.148241937
"adi","Bori-Karko",98090,12,24567.94016,3936.284912,7.050323009
"adj","Adioukrou",100000,9,1440.332994,170.2126007,4.189496994
"adl","Galo",30000,2,3730.907278,3936.284912,7.050323009
"adn","Adang",3000,2,71.18014492,568.1637573,6.116060734
"ado","Abu",4200,7,1115.906642,1331.161784,5.888193766
"adq","Adangbe",2200,3,622.1514933,298.1988068,4.86211729
"adr","Adonara",98000,2,589.4238099,359.1753235,5.88604784
"adt","Adnyamathanha",110,1,12961.26958,340.1503983,4.942745447
"adw","Amundava",83,2,2112.604267,138.7994347,3.933862209
"adx","Amdo Tibetan",1800000,15,287019.2073,1276.751831,6.123123169
"ady","Adyghe",467800,5,2947.480151,936.2339478,5.981981277
"adz","Adzera",30000,11,1708.479745,1916.283508,6.958115339
"aea","Areba",0,4,20055.97626,147.7705002,3.735556722
"aee","Northeast Pashayi",54400,4,294.619786,3754.145508,7.082107067
"aek","Haeke",300,3,48.78164374,199.3482857,5.69926405
"ael","Ambele",2600,7,250.2873751,1106.72113,5.925098896
"aem","Arem",40,4,232.9548419,712.0228271,6.122921944
"aeq","Aer",100,0,0.137073262,81.64800644,3.345421553
"aer","Eastern Arrernte",2380,1,32665.47781,321.3941612,4.53102386
"aeu","Akeu",11400,8,4732.72409,745.2794495,6.088199258
"aew","Ambakich",770,4,661.7813748,1331.161784,5.888193766
"aey","Amele",5300,5,129.6832588,2141.664124,7.110357523
"aez","Aeka",3400,2,479.1665939,1763.608978,7.142966628
"afd","Andai",400,1,555.9396543,1842.21226,6.533751488
"afe","Putukwam",70000,8,243.7237909,727.786972,5.333243728
"afi","Chini",75,4,65.35287952,1692.247772,6.021868944
"afk","Nanubae",1270,4,144.5057981,1605.971558,6.177941203
"afn","Defaka",200,1,0.01163082,269.6792212,4.263822079
"afo","Eloyi",25000,4,1959.12415,506.0942841,5.171826363
"afp","Tapei",290,3,87.1993658,1605.971558,6.177941203
"afr","Afrikaans",6969900,30,804028.506,333.4846497,4.991360664
"aft","Afitti",4510,2,210.7804798,244.1084976,4.368705988
"afu","Awutu",180000,3,677.8663654,251.8383484,4.652168751
"afz","Obokuitai",120,6,529.873644,1396.417938,6.374885559
"agb","Legbo",60000,6,160.9903752,348.8528137,4.741388559
"agc","Agatu",70000,8,3863.452881,506.0942841,5.171826363
"agd","Agarabi",27000,3,524.6929993,1916.283508,6.958115339
"age","Angal",18600,6,428.7335382,1966.779867,6.307500839
"agf","Arguni",150,0,3.009544341,523.0792236,5.794586897
"agg","Angor",1270,4,219.4425312,988.9312134,6.103123665
"agh","Ngelima",13600,10,19305.80534,138.8135529,4.19657135
"agj","Argobba",43700,3,696.1786971,1792.276489,6.531111002
"agk","Isarog Agta",5,1,85.15415824,202.9966202,5.290183783
"agl","Fembe",350,5,567.1146596,2471.141968,6.605589628
"agm","Angaataha",2100,7,536.0158622,1774.098022,7.179609299
"agn","Agutaynen",15000,3,213.3680521,245.3163223,5.4286201
"ago","Tainae",1000,4,1002.628524,1690.902893,6.805873156
"agq","Aghem",26700,7,184.8619647,1106.72113,5.925098896
"agr","Aguaruna",38300,5,33309.92448,2402.681641,6.997346878
"ags","Esimbi",20000,9,860.7969833,1106.72113,5.925098896
"agt","Central Cagayan Agta",780,3,244.0903272,777.3690186,6.308967113
"agu","Aguacateco",18000,2,281.8824847,1862.024902,6.797534943
"agv","Hatang Kayi",2530,2,1006.160101,498.1347046,5.801852703
"agw","Kahua",5170,2,440.6759596,258.8673553,5.491660595
"agx","Aghul",29300,3,532.9881666,2643.784424,7.20380497
"agy","Southern Alta",1000,1,100.7531377,693.0326335,6.138188998
"agz","Mt. Iriga Agta",1500,5,190.346852,202.9966202,5.290183783
"aha","Ahanta",142000,3,570.441696,221.3975677,4.461201668
"ahb","Axamb",750,3,82.59505168,194.9789124,5.632886171
"ahg","Qimant",1650,1,1208.70613,1331.428955,6.21700573
"ahh","Aghu",3000,5,2856.224917,1158.072285,4.179676354
"ahi","Tiagbamrin Aizi",9000,4,156.4448446,170.2126007,4.189496994
"ahk","Akha",563960,27,11525.64081,693.9308167,6.153100252
"ahl","Igo",6000,7,88.38544923,461.5729065,5.104887962
"ahm","Mobumrin Aizi",2000,1,14.52879062,170.2126007,4.189496994
"ahn","Àhàn",300,4,180.0434748,349.9607239,4.972217719
"aho","Ahom",0,0,215.9917817,2267.704285,6.077709556
"ahp","Aproumu Aizi",6500,3,320.4309862,170.2126007,4.189496994
"ahs","Ashe",40000,6,448.5252525,684.9346924,5.532274246
"aht","Ahtena",80,0,12864.44667,760.0266113,6.578912258
"aia","Arosi",6750,1,545.1504218,301.1351166,5.628726959
"aib","Ainu (China)",6570,0,199.5861315,2704.719482,6.586735249
"aic","Ainbai",100,2,71.50475045,589.8666229,6.021802902
"aid","Alngith",0,4,4617.670332,104.0108204,4.132860184
"aie","Amara",230,3,103.2216033,613.0570679,6.149116993
"aif","Agi",960,7,52.88541489,798.9605103,5.861983538
"aih","Ai-Cham",2700,2,117.1539026,570.6807022,5.678006172
"aii","Assyrian Neo-Aramaic",75000,6,2508.402887,1825.957886,6.437617779
"aik","Ake",3000,2,148.583392,694.4057515,5.227744102
"ail","Aimele",140,4,852.2855081,1211.538951,5.08873256
"aim","Aimol",2640,4,236.9946972,1216.67041,6.178402901
"ain","Hokkaido Ainu",25,2,102797.2807,639.7263794,5.966615677
"aio","Aiton",1500,1,936.5339734,1783.800964,6.549396992
"aip","Burumakok",40,4,237.4597614,1920.527695,5.931137681
"aiq","Aimaq",480000,5,33102.01357,2010.464722,6.582940578
"air","Airoran",1000,6,1143.558199,573.8927612,5.544532776
"ait","Arikem",0,2,14956.04057,100.0138206,3.440206289
"aiw","Aari",235000,7,2948.275965,1286.789124,6.565350771
"aix","Aighon",2000,2,2434.615765,490.2012634,6.238593578
"aiy","Ali",35000,7,4102.232539,222.5043831,4.501657248
"aja","Aja (Sudan)",200,3,222.9366369,259.4382782,4.443122705
"ajg","Aja (Benin)",512500,10,4450.710357,338.9494247,4.765662193
"aji","Ajië",5360,6,1795.668035,232.1738453,5.405962944
"aju","Judeo-Moroccan Arabic",8930,1,186.1824089,974.8968658,5.955520272
"ajw","Ajawa",0,0,69.20658491,819.1970825,5.055850029
"ajz","Amri Karbi",125000,5,3710.963209,2148.668091,6.511569738
"aka","Akan",8300000,21,57389.32124,266.1520844,4.694676161
"akb","Batak Angkola",750000,4,12406.80622,1020.377136,5.713979721
"akc","Mpur",7000,4,2151.735936,670.0216293,6.307080388
"akd","Ukpet-Ehom",11400,8,293.0080719,370.4517517,4.67139864
"ake","Akawaio",5350,5,24048.78635,619.0234528,5.369187593
"akf","Akpa",26900,4,603.2112401,327.2538757,4.811378479
"akg","Anakalangu",16000,4,609.2400885,424.5678101,6.029537201
"akh","Angal Heneng",40000,3,456.7104384,1706.546753,5.994637489
"aki","Aiome",750,8,225.3699941,2487.246094,6.933227539
"akj","Akajeru",0,2,582.0963039,76.31477737,4.28423357
"akl","Aklanon",435000,4,2005.725764,419.8288918,5.848471403
"akm","Akabo",0,2,216.5586456,75.4839859,4.28423357
"ako","Akurio",10,2,62.82573077,196.0343628,4.540175438
"akp","Siwu",27000,6,192.4649002,461.5729065,5.104887962
"akq","Ak",75,0,45.43045574,798.9605103,5.861983538
"akr","Araki",8,1,2.386607323,205.1739502,5.786854148
"aks","Akaselem",47500,7,935.7624523,246.9960098,4.595091581
"akt","Akolet",950,3,143.1208419,576.4456024,6.238593578
"aku","Akum",1400,2,82.2132964,882.7237549,5.439715385
"akv","Akhvakh",210,4,4226.911021,1693.179962,6.841210961
"akw","Akwa",24100,2,6158.316954,222.7364197,4.075862408
"akx","Akakede",0,4,398.121182,75.4839859,4.28423357
"aky","Akakol",0,2,143.859904,75.4839859,4.28423357
"akz","Alabama",250,2,140.2752817,100.1488571,3.535167456
"ala","Alago",35100,3,1037.938833,694.4057515,5.227744102
"alc","Qawasqar",12,0,531.6870108,449.6850586,6.020493984
"ald","Alladian",23000,5,611.3754486,170.2126007,4.189496994
"ale","Aleut",500,2,2894.150387,67.89827728,4.833440781
"alf","Alege",16300,5,60.03367984,727.786972,5.333243728
"alh","Alawa",12,5,20722.29625,177.4566803,4.077211022
"ali","Amaimon",1780,7,408.415336,2141.664124,7.110357523
"alj","Alangan",7690,5,1172.535688,355.4742889,5.609926224
"alk","Alak",4000,4,108.7296886,609.1291428,5.410788655
"all","Allar",350,1,102.0158037,859.1639404,6.48571682
"alm","Amblong",300,6,75.17402205,205.1739502,5.786854148
"aln","Gheg Albanian",6678000,7,28432.34014,1458.233765,6.576565266
"alo","Larike-Wakasihu",12600,1,52.80567675,684.2754669,6.42774415
"alp","Alune",17200,5,1289.811674,429.3963165,5.992523909
"alq","Algonquin",1760,2,1866.390058,237.2468567,4.363453865
"alr","Alutor",25,2,4692.893144,335.2675338,5.460723877
"als","Northern Tosk Albanian",1580000,4,14551.06224,904.9102936,6.24016571
"alt","Southern Altai",57400,2,48579.7353,1510.772583,6.118729234
"alu","'Are'are",17900,5,1463.076688,447.8432312,5.977975368
"alw","Alaba-K'abeena",287000,8,2005.299623,1278.113525,6.687742472
"alx","Mol",270,4,14.61980362,798.9605103,5.861983538
"aly","Alyawarr",1660,7,128473.5467,183.8561211,4.012237132
"alz","Alur",1367000,6,6275.59363,625.1963043,5.376457453
"ama","Amanayé",192,1,22672.43851,145.5338631,3.963261008
"amb","Ambo",1000,3,47.02178922,1055.950439,5.800908089
"amc","Amahuaca",310,9,11312.07362,1062.444458,4.762274504
"ame","Yanesha'",9830,6,7727.597119,3145.368011,6.849880099
"amf","Hamer-Banna",73500,9,8485.559644,1325.46106,6.516802788
"amg","Amurdak",1,3,1001.303899,169.3298397,4.232854426
"amh","Amharic",21600000,12,138607.9693,1631.497762,6.660319328
"ami","Amis",138000,3,2258.970396,1694.537476,7.072025061
"amj","Amdang",41100,4,2790.056114,330.4064026,4.541468143
"amk","Ambai",10100,3,190.0429032,472.1653748,5.660175562
"aml","War-Jaintia",41900,7,2435.007275,1381.800034,5.699781299
"amm","Ama (Papua New Guinea)",480,3,237.7539419,1750.407135,6.133559704
"amn","Amanab",4420,6,601.4685319,988.9312134,6.103123665
"amo","Amo",12300,5,499.6176074,679.3311615,5.087510467
"amp","Alamblak",1530,5,612.158758,1519.695343,6.334013462
"amq","Amahai",50,1,27.13328744,473.8993835,6.308526993
"amr","Amarakaeri",500,1,3426.345364,2081.6091,5.883772135
"ams","Southern Amami-Oshima",1800,1,284.7578959,56.97549629,4.704214096
"amt","Amto",300,2,171.6983291,988.9312134,6.103123665
"amu","Guerrero Amuzgo",30600,2,749.7280947,2254.434814,6.844264984
"amv","Ambelau",5700,1,114.1905845,894.6515503,6.546961308
"amw","Western Neo-Aramaic",15000,1,87.09185137,851.4304352,6.181758523
"amx","Anmatyerre",1000,4,28102.30623,256.2542953,4.624278307
"amy","Ami",30,3,568.8370427,176.3206736,4.499478102
"amz","Atampaya",0,3,5624.05376,75.97362518,3.983069658
"ana","Andaqui",0,3,10065.84809,3027.224365,7.2380476
"anb","Andoa",0,1,6905.904875,215.1704407,3.993082881
"anc","Ngas",400000,12,860.3465402,1071.028687,5.339579582
"and","Ansus",4600,8,193.0335863,370.4379883,5.775818348
"ane","Xârâcùù",5730,3,1641.177349,232.1738453,5.405962944
"anf","Animere",700,1,2.786510211,371.0193634,4.921035767
"anh","Nend",2000,7,254.3397711,1692.247772,6.021868944
"ani","Andi",5800,6,182.7631314,1483.36377,6.629453659
"anj","Anor",980,5,124.8175294,1692.247772,6.021868944
"ank","Goemai",200000,4,2701.311135,1071.028687,5.339579582
"anl","Anu",4000,0,185.3503624,713.7562561,5.842456818
"anm","Anal",23250,9,2443.783861,1216.67041,6.178402901
"ann","Obolo",250000,8,659.0165427,269.6792212,4.263822079
"ano","Andoque",370,4,927.1953918,78.08044338,3.605619252
"anp","Angika",743600,7,8845.66006,858.5138321,4.741089821
"anq","Jarawa (India)",250,1,894.8844314,67.76947403,3.996647477
"anr","Andh",100000,1,3278.249326,291.2916031,4.905073881
"ans","Anserma",0,2,24089.24555,2269.757507,6.694281697
"ant","Antakarinya",12,0,5235.605741,176.4272671,4.166163325
"anu","Anuak",140000,7,16940.08213,935.6672211,4.396947861
"anv","Denya",11200,10,1895.625621,727.786972,5.333243728
"anw","Anaang",1400000,3,2147.812076,338.4983521,4.893113057
"anx","Andra-Hus",1310,0,1.462429043,71.9605484,4.823676586
"any","Anyin",860000,15,22891.28697,175.0929108,4.27458787
"anz","Anem",800,3,479.0188705,613.0570679,6.149116993
"aob","Abom",15,2,1.406841653,512.1255379,4.056661487
"aoc","Pemon",6010,7,56979.47589,1310.337891,6.165827274
"aod","Andarum",1080,3,164.122842,1692.247772,6.021868944
"aoe","Angal Enen",22000,3,347.7519696,1877.011841,6.338659883
"aof","Bragat",460,5,34.95091831,798.9605103,5.861983538
"aog","Angoram",8220,5,1238.624282,753.1196289,5.36567688
"aoi","Anindilyakwa",1290,1,2590.05982,86.7170248,3.877936363
"aoj","Mufian",11000,6,235.4536046,608.9898071,5.62084341
"aok","Arhö",10,4,140.052739,232.1738453,5.405962944
"aol","Alorese",25000,7,134.4892846,568.1637573,6.116060734
"aom","Ömie",800,4,399.2576651,1962.103271,7.013994217
"aon","Bumbita Arapesh",4340,4,67.48822661,608.9898071,5.62084341
"aos","Taikat",500,6,805.3726102,1018.881248,6.221927762
"aot","Atong (India)",10000,6,970.7792513,1210.084686,5.138779879
"aox","Atorada",0,1,1090.239617,354.5265961,4.642304579
"aoz","Uab Meto",700000,5,10893.85179,316.5432124,5.266884923
"apb","Sa'a",11500,2,525.3955356,447.8432312,5.977975368
"ape","Bukiyip",16200,4,830.6774282,608.9898071,5.62084341
"apg","Ampanang",30000,5,2526.323467,435.463913,5.217139721
"aph","Athpariya",5530,6,68.68098285,2185.364502,6.084828138
"api","Apiaká",1,2,2343.407802,157.6858342,4.35777696
"apj","Jicarilla Apache",300,2,1336.698677,1697.095215,6.324881077
"apk","Kiowa Apache",3,1,122.5834892,252.8580627,4.292620659
"apm","Mescalero-Chiricahua Apache",1500,1,1538.895013,1158.792358,6.072377205
"apn","Apinayé",1260,1,3609.236749,148.3602524,4.50253129
"apo","Apalik",1200,0,4.55679011,576.4456024,6.238593578
"app","Apma",7800,3,200.1068948,235.062912,5.705207348
"apr","Arop-Lokep",3020,0,520.8765062,1796.082153,7.287487507
"aps","Arop-Sissano",1150,2,38.82865555,512.5372391,4.709376335
"apt","Apatani",28400,0,2454.072914,2735.610138,6.813772917
"apu","Apurinã",2780,1,3724.833128,176.3286947,4.16329813
"apw","Western Apache",14000,1,8001.679453,1066.556213,6.111118674
"apx","Aputai",150,2,113.8859481,549.9142507,6.18377924
"apy","Apalaí",450,2,2475.876366,262.7168579,4.392792225
"apz","Safeyoka",2390,5,730.0481264,1725.962646,6.966411273
"aqc","Archi",970,2,64.41484443,2497.070679,7.106041431
"aqg","Arigidi",48000,5,294.9155973,349.9607239,4.972217719
"aqm","Atohwaim",1000,3,348.8276071,582.7323101,3.482729435
"aqn","Northern Alta",200,1,25.85458687,910.3200378,6.166534662
"aqr","Arhâ",170,3,123.3097805,232.1738453,5.405962944
"ard","Arabana",12,3,35688.40828,139.8970757,4.122524261
"are","Western Arrarnta",1000,1,43528.81487,356.8418274,4.762540579
"arg","Aragonese",10000,5,5636.633541,1060.124557,5.711997747
"arh","Arhuaco",8000,3,2673.620447,1799.599609,6.232357502
"ari","Arikara",10,2,835.1163891,252.113903,4.576221585
"arj","Arapaso",268,1,9411.248983,90.4151535,3.098932505
"ark","Arikapú",2,3,774.8101475,172.0365829,3.950148344
"arl","Arabela",50,2,983.3343635,61.33057785,3.47655654
"arn","Mapudungun",258410,2,160105.3158,1055.020264,6.33368063
"aro","Araona",110,0,357.637593,176.5118408,3.469847083
"arp","Arapaho",1000,2,5121.095977,1915.356445,6.632300377
"arr","Karo (Brazil)",210,1,1634.267858,157.4550934,3.991405487
"arv","Arbore",7210,3,1683.492234,1325.46106,6.516802788
"arw","Lokono",2450,6,11464.37652,125.8925438,4.037052989
"arx","Aruá (Rondonia State)",12,1,357.4610772,220.3445892,4.325234175
"asa","Asu (Tanzania)",500000,8,8368.333566,810.0170898,5.971628189
"asb","Assiniboine",0,5,2931.043153,413.2230072,5.234216213
"asc","Casuarina Coast Asmat",9000,6,1109.725409,582.7323101,3.482729435
"asg","Western-Kambari-Cishingini",100000,16,20035.78639,192.2290497,4.465442181
"ash","Aewa",0,1,9623.073536,585.7682257,4.042750835
"asi","Buruwai",1000,3,1357.348503,518.9897461,5.976465225
"asj","Nsari",7000,5,114.2205856,1108.035416,5.829763412
"ask","Ashkun",40000,4,932.0847781,3131.360229,7.098942757
"asl","Asilulu",8760,1,42.97284345,684.2754669,6.42774415
"asm","Assamese",12800000,19,52091.35658,2148.637939,6.534326077
"asn","Xingú Asuriní",120,3,7338.452451,145.0977859,4.130585074
"aso","Dano",30000,4,214.8811632,2487.246094,6.933227539
"asr","Asuri",7000,3,1656.096747,481.947052,5.178562403
"ass","Ipulo-Olulu",2500,8,359.455172,1106.72113,5.925098896
"ast","Asturian-Leonese-Cantabrian",110000,4,18342.97207,583.3797913,6.029411197
"asu","Tocantins Asurini",300,1,1946.113344,123.6897354,3.718955278
"asv","Asoa",25500,1,822.3698914,218.5772533,4.092846632
"asx","Muratayak",810,9,96.66876363,1796.082153,7.287487507
"asy","Yaosakor Asmat",2000,1,506.9244523,1146.042847,4.748791933
"asz","As",230,2,103.8698821,467.0240631,5.493963361
"ata","Pele-Ata",2000,2,582.342746,549.6293182,6.487257719
"atb","Zaiwa",110000,9,3285.785455,1525.952393,6.605379581
"atd","Ata Manobo",26700,5,1725.306028,941.1138306,6.432351112
"ate","Mand",60,3,3.074321203,2487.246094,6.933227539
"atg","Ivbie North-Okpela-Arhe",20000,5,555.977351,351.4570923,5.167666912
"ati","Attié",381000,6,7744.326305,175.0929108,4.27458787
"atj","Atikamekw",5920,1,789.72738,330.5034485,4.658712029
"atk","Ati",1500,3,653.1965577,445.7074127,5.946660519
"atl","Mt. Iraya Agta",150,4,105.2993042,202.9966202,5.290183783
"atm","Ata",2,2,3728.271746,482.7392883,5.948838234
"atn","Ashtiani",21100,3,5180.559069,1636.104034,6.636294961
"ato","Atong",4200,6,38.11386578,1106.72113,5.925098896
"atp","Pudtol Atta",710,1,15.11742921,777.3690186,6.308967113
"atq","Aralle-Tabulahan",12000,4,454.7585725,1520.108154,6.803731918
"atr","Waimiri-Atroari",930,1,30972.42281,107.4480057,3.832158566
"ats","Gros Ventre",10,3,328.2828283,310.0194778,4.963063478
"att","Pamplona Atta",1000,2,91.74695149,777.3690186,6.308967113
"atu","Reel",50000,3,1523.319645,192.9604321,3.523537517
"atv","Northern Altai",57400,1,10499.03273,1467.58194,6.269533873
"atx","Arutani",42,4,2900.442348,850.8426361,5.844162941
"aty","Aneityum",900,0,158.2772385,164.2046356,3.963992119
"atz","Arta",11,1,76.9541718,1322.505371,6.531216621
"aua","Asumboa",10,1,20.00220512,0,4.557117939
"aub","Alugu",3500,4,836.0004929,802.500473,6.261995912
"auc","Waorani",1650,3,8872.153219,1108.013191,4.687797546
"aud","Anuta",270,0,0.34196787,NA,NA
"aug","Aguna",3470,5,991.9974429,338.9494247,4.765662193
"auh","Aushi",100000,4,13005.68873,418.9635201,4.765871048
"aui","Anuki",890,4,159.6840559,1136.979818,6.427420934
"auj","Awjilah",3000,1,3628.658461,132.8119068,3.718007028
"auk","Heyo",2710,4,290.8089772,798.9605103,5.861983538
"aul","Aulua",750,4,72.31567175,194.9789124,5.632886171
"aum","Asu (Nigeria)",5000,4,572.4856353,256.430378,4.70682919
"aun","Molmo One",500,5,28.81205235,798.9605103,5.861983538
"aup","Makayam",1300,4,498.2559114,320.3540726,3.526711643
"auq","Anus",320,3,103.3888354,580.927002,5.985350609
"aur","Aruek",740,4,435.7004014,608.9898071,5.62084341
"aut","Austral",3000,0,100.1624843,0,NA
"auu","Auye",350,4,1028.210506,1554.899414,7.059056282
"auw","Awyi",350,2,173.9127053,1018.881248,6.221927762
"aux","Aurê y Aurá",0,1,25122.55045,173.0083351,4.355029821
"auy","Awiyaana",11100,7,343.7381681,1916.283508,6.958115339
"ava","Avar",761000,20,9729.407997,1483.36377,6.629453659
"avb","Avau",620,3,30.5257839,576.4456024,6.238593578
"avd","Alviri-Vidari",0,1,291.5712894,1035.230743,6.361243963
"ave","Avestan",0,4,28829.78665,1076.600972,6.401604176
"avi","Avikam",21000,2,382.0450442,179.9412308,4.259774923
"avn","Avatime",24000,4,107.2510691,371.0193634,4.921035767
"avs","Aushiri",0,2,10835.77625,76.77628326,3.276979923
"avt","Au",8000,5,219.4572692,798.9605103,5.861983538
"avu","Avokaya",65000,7,4631.453114,312.4520416,4.600470781
"avv","Avá-Canoeiro",14,1,3432.796043,445.9293416,5.137523015
"awa","Awadhi",3032000,6,29669.57201,73.96624756,2.936330438
"awb","Awa (Papua New Guinea)",2050,5,289.9220972,1916.283508,6.958115339
"awc","Cicipu",20000,4,668.4319062,245.196907,4.604712725
"awe","Awetí",170,1,546.8935181,154.9240875,3.815508366
"awh","Awbono",100,6,531.3219459,2090.648254,5.728715658
"awi","Aekyom",8000,6,4738.536706,2511.883057,6.163995743
"awk","Awabakal",0,4,7875.887918,593.1567993,5.755582333
"awm","Arawum",60,2,31.4517669,2141.664124,7.110357523
"awn","Awngi",489000,4,13214.34802,1224.5554,6.174691995
"awo","Awak",6000,3,68.68952108,525.9998779,5.291288614
"awr","Awera",70,4,479.3346167,962.6687012,6.417437315
"aws","South Awyu",9340,6,1988.966467,32.45097351,2.679110289
"awt","Araweté",280,3,7338.452451,145.0977859,4.130585074
"awu","Central Awyu",7500,9,4793.611438,949.4413681,3.638893485
"awv","Kia River Awyu",2300,4,1497.25657,1158.072285,4.179676354
"aww","Auwon",400,0,171.0494216,798.9605103,5.861983538
"awx","Awara",1900,4,210.6408862,1785.090088,7.233548403
"awy","Edera Awyu",3870,6,1778.542572,126.9871597,2.978016496
"axg","Mato Grosso Arára",150,1,43828.49386,143.9453888,4.042685986
"axk","Yaka (Central African Republic)",30000,25,72248.95737,125.2830887,3.498008966
"axx","Xaragure",760,2,1248.860362,264.9994049,5.112661839
"aya","Awar",1090,2,35.55971426,897.2494507,5.110510349
"ayb","Ayizo Gbe",227000,8,2306.11399,227.7495313,4.765662193
"ayc","Southern Aymara",219000,2,9295.170175,2683.000488,7.002959609
"ayd","Yintyinka-Ayabadhu",0,5,4978.382795,223.4882202,4.453605175
"aye","Ayere",3000,5,155.1294324,320.4766235,5.072287798
"ayg","Ginyanga",12000,6,588.5828821,376.9318085,4.998162508
"ayi","Leyigha",10000,4,17.24827052,348.8528137,4.741388559
"ayk","Akuku",0,5,153.8678394,351.4570923,5.167666912
"ayo","Ayoreo",4300,11,70112.4316,150.656868,3.511514783
"ayq","Ayi (Papua New Guinea)",430,2,142.4548011,798.9605103,5.861983538
"ayr","Central Aymara",2589000,8,252678.1168,2120.704834,6.405930638
"ayt","Bataan Ayta",1000,1,69.87881092,378.2962646,5.941675186
"ayu","Ayu",800,0,0.261949741,684.9346924,5.532274246
"ayz","Maybrat-Karon",20000,11,8377.771006,649.7730103,6.012153625
"aza","Azha",53000,4,1727.853625,880.9301453,6.089141846
"azb","South Azerbaijani",16660000,12,132091.3795,1263.544067,6.415935516
"azg","San Pedro Amuzgos Amuzgo",3480,3,58.12837297,2254.434814,6.844264984
"azj","North Azerbaijani",7094000,15,86057.27882,2275.458659,7.001473268
"azm","Ipalapa Amuzgo",900,3,42.63057776,2254.434814,6.844264984
"azo","Awing",19000,7,116.0115609,1106.72113,5.925098896
"azt","Faire Atta",300,3,54.55942272,777.3690186,6.308967113
"azz","Highland Puebla Nahuatl",125000,2,516.8597071,1915.412781,6.817436695
"baa","Babatana",7070,2,1998.587018,187.9834595,5.464271069
"bab","Bainounk-Gujaher",8860,0,1148.662924,46.4896431,3.05285418
"bac","Badui",20000,1,808.7135861,478.8425789,5.914636493
"bae","Baré",240,1,8729.599336,320.4883614,4.173181653
"baf","Nubaca",4500,2,16.78321602,786.6901398,5.513936996
"bag","Tuki",26000,9,1232.795688,655.837265,4.934914589
"baj","Barakai",4450,0,58.68151096,40.64036727,4.319220463
"bak","Bashkir",1150000,3,104851.9217,297.8229446,4.702937126
"bam","Bambara",4005500,17,137322.4578,91.08901978,3.879272819
"ban","Balinese",3330000,2,5888.947057,415.7232304,6.237998486
"bao","Waimaha",539,7,2621.429616,80.182827,3.581890821
"bap","Bantawa",147400,17,1623.793191,2185.364502,6.084828138
"bar","Bavarian",14080000,3,52232.99604,1278.025414,5.985939622
"bas","Basa (Cameroon)",230000,17,16015.30496,719.0794271,5.58299764
"bau","Bada (Nigeria)",40000,5,620.8380566,819.1970825,5.055850029
"bav","Vengo",27000,6,143.4367002,1108.035416,5.829763412
"baw","Bambili-Bambui",10000,4,111.7715445,1106.72113,5.925098896
"bax","Bamun",215000,11,7089.912229,1160.120392,5.858618736
"bay","Batuley",3640,0,19.58978178,70.09098244,4.87441659
"bba","Baatonum",560000,17,33159.03753,199.3405075,4.243845463
"bbb","Barai",800,5,1165.969865,1962.103271,7.013994217
"bbc","Batak Toba",2000000,5,15797.84398,1110.294052,6.2847054
"bbd","Bau",3150,5,42.45575711,2141.664124,7.110357523
"bbe","Bangba",11000,5,2215.551667,166.701828,3.783479452
"bbf","Baibai",340,4,273.878993,988.9312134,6.103123665
"bbg","Barama",6000,4,2314.683129,299.7675076,5.197755933
"bbh","Bugan",2700,1,227.9005743,1143.029236,6.123599768
"bbi","Barombi",3000,3,181.932344,670.6317596,5.848070502
"bbj","Ghomálá'",260000,8,940.8426326,1330.718506,6.410482407
"bbk","Babanki",39000,8,235.48518,1106.72113,5.925098896
"bbl","Bats",3420,1,195.3758865,2123.047119,6.955149412
"bbm","Babango",2550,5,7362.774596,126.6413231,4.185460806
"bbn","Uneapa",10000,0,32.69478579,429.6069221,5.477282286
"bbo","Northern Bobo Madaré",60000,4,3929.723313,147.6047516,4.13634634
"bbp","West Central Banda",7500,8,3100.218745,208.8845596,4.489460468
"bbq","Bamali",10800,4,40.51845837,1108.035416,5.829763412
"bbr","Girawa",4000,9,331.2190361,2141.664124,7.110357523
"bbs","Bakpinka",4000,5,137.3445077,370.4517517,4.67139864
"bbt","Mburku",12000,3,68.68918892,567.3654785,4.772120476
"bbu","Kulung (Nigeria)",40000,8,486.2872294,888.0291748,5.457853079
"bbv","Karnai",920,1,7.882481014,1204.569611,6.71830225
"bbw","Baba",24500,5,87.42682,1108.035416,5.829763412
"bby","Befang",2980,7,103.1226032,1106.72113,5.925098896
"bca","Central Bai",800000,8,21732.02143,1273.380981,6.658509731
"bcc","Southern Balochi",3305000,8,197538.6298,1233.756714,5.925089836
"bcd","North Babar",1000,1,172.2787923,64.12904263,3.995591462
"bce","Bamenyam",4000,4,75.811572,1160.120392,5.858618736
"bcf","Bamu",6310,5,1555.658806,877.3196131,4.848486662
"bcg","Baga Mboteni-Binari",3000,1,108.6944817,244.5726929,4.37706399
"bch","Bariai",1380,1,80.75989659,613.0570679,6.149116993
"bci","Baoulé",2130000,15,28877.06506,151.1947479,4.196863174
"bcj","Bardi",160,1,807.5752457,148.1101074,4.454882622
"bck","Bunaba",110,4,4677.915571,293.1536446,4.735755086
"bcl","Coastal-Naga Bikol",2500000,14,7046.509277,202.9966202,5.290183783
"bcm","Bannoni",1000,5,444.891241,432.172699,6.399749279
"bcn","Bali (Nigeria)",2000,4,130.9496189,705.0296631,5.576126575
"bco","Kaluli",2500,5,598.9625556,1706.546753,5.994637489
"bcp","Bali (Democratic Republic of Congo)",42000,8,25195.48249,330.3574677,4.593697309
"bcq","Bench",347000,5,1890.865324,1420.626587,6.424757957
"bcr","Babine",200,1,882.8830366,792.1473999,6.206877708
"bcs","Kohumono",30000,4,120.1046851,370.4517517,4.67139864
"bct","Bendi",32000,6,1216.19375,625.1963043,5.376457453
"bcu","Awad Bing",1450,3,29.40185575,1796.082153,7.287487507
"bcv","Shoo-Minda-Nye",10000,8,2569.53734,888.0291748,5.457853079
"bcw","Bana",23000,7,342.8632425,467.9548645,5.13854599
"bcy","Bacama",150000,15,2568.222821,525.9998779,5.291288614
"bcz","Bainouk-Gunyaamolo-Gutobor",30000,13,1393.161564,32.27769279,3.006101012
"bda","Kugere-Kuxinge",18290,10,733.7582605,32.27769279,3.006101012
"bdb","Basap",15000,9,8783.699295,250.8184509,5.343202114
"bdc","Emberá-Baudó",5000,3,5044.692727,1016.669754,6.042904854
"bdd","Bunama",4000,4,223.9072783,425.5939465,5.18411243
"bde","Bade",250000,4,3082.213153,91.06328583,3.112929583
"bdg","Bonggi",0,4,209.8688663,119.7151794,5.714117765
"bdh","Baka (Sudan)",26300,6,3649.575435,312.4520416,4.600470781
"bdi","Burun",18000,7,4269.231145,603.1664581,4.982703209
"bdj","Bai",2500,2,839.4824389,166.7519894,3.827982962
"bdk","Budukh",200,3,26.26567559,1879.818298,7.04438138
"bdl","Indonesian Bajau",150000,1,73.30039566,482.6442299,6.317546844
"bdm","Buduma",54800,7,14409.95083,61.2159996,2.712131262
"bdn","Baldemu",4,1,5.24765103,269.8820686,3.989992976
"bdo","Morom",4500,4,665.4663008,126.4101944,3.388356566
"bdp","Bende",27000,3,11816.53946,767.4561615,5.774347186
"bdq","Bahnar",158000,5,6556.386036,1084.391449,6.258895874
"bdr","West Coast Bajau",0,17,1053.871409,530.0869255,6.274558306
"bds","Burunge",13000,4,1860.010473,674.6574707,5.724571943
"bdt","Bokoto",130000,7,16372.89989,302.1477661,4.778704802
"bdu","Oroko",106000,11,5174.899553,670.6317596,5.848070502
"bdv","Bodo Parja",50000,1,1341.563722,713.8266602,5.769746621
"bdw","Baham",1100,6,4316.230753,518.9897461,5.976465225
"bdx","Budong-Budong",70,2,3.208029653,1543.032959,6.963805676
"bdy","Middle Clarence Bandjalang",100,1,5141.299766,474.1560059,5.584102869
"bea","Beaver",370,3,1843.296628,692.1915894,5.490710139
"beb","Bebele",24000,5,2104.942431,432.1681385,4.596806109
"bec","Iceve-Maci",12000,6,367.9372021,727.786972,5.333243728
"bed","Bedoanas",180,4,94.59295453,523.0792236,5.794586897
"bee","Byangsi",3310,6,870.0683178,3449.374512,7.141096115
"bef","Benabena",45000,6,748.8922377,1916.283508,6.958115339
"beg","Lemeting",1000,4,934.8305472,455.9609299,5.545972347
"beh","Biali",104080,7,4616.167426,306.3499756,4.582745075
"bei","Riuk Bekati'",4000,3,1838.305726,213.9834766,4.625504255
"bej","Beja",1186000,4,301328.1569,540.2314835,5.194957256
"bek","Bebeli",1050,2,258.9087532,490.2012634,6.238593578
"bel","Belarusian",2220000,6,207604.5036,77.40007591,3.443106413
"bem","Bemba (Zambia)",4110000,13,124105.2616,453.0256958,5.017715931
"ben","Bengali",192521100,37,183925.5717,40.85620117,2.225614071
"beo","Beami",4200,7,1692.209931,1536.624977,5.357548356
"bep","Besoa",10000,3,473.5521903,1377.253845,6.858096838
"beq","Beembe",40000,5,2823.940491,392.351059,5.151628256
"bes","Besme",1230,5,280.674336,136.7696972,3.534199655
"bet","Guiberoua Béte",130000,8,9299.426793,170.3448715,4.192570686
"beu","Blagar",11000,4,116.6210769,568.1637573,6.116060734
"bev","Daloa Bété",130000,4,2004.992047,151.0198822,4.05508852
"bex","Jur Modo",100000,8,4302.699305,202.3870926,3.809352517
"bey","Beli (Papua New Guinea)",2200,4,111.7343051,798.9605103,5.861983538
"bez","Bena (Tanzania)",670000,7,14577.69219,1361.067017,6.527030945
"bfa","Bari",480000,9,27194.81767,490.3763123,4.910050154
"bfb","Pauri Bareli",638000,8,1758.214458,428.4951782,5.327946186
"bfc","Northern Bai",12000,2,3882.705073,1587.727173,6.803325415
"bfd","Bafut",105000,8,352.0462841,1106.72113,5.925098896
"bfe","Betaf",600,4,86.58608524,580.927002,5.985350609
"bff","Bofi",23500,7,4217.519777,211.7983398,4.590603828
"bfg","Busang Kayan",3000,12,13493.55328,657.3613434,5.766428232
"bfh","Mblafe-Ránmo",670,3,1156.286038,128.5826073,2.996761799
"bfj","Bafanji",17000,4,65.03833172,1067.654846,5.718984286
"bfl","Banda-Ndélé",35500,13,73382.43626,282.9475555,4.369897544
"bfm","Mmen",35000,7,308.4415896,1106.72113,5.925098896
"bfn","Bunak",76000,3,968.7584903,778.3484497,6.381267071
"bfo","Malba Birifor",108000,7,3179.716656,131.1729622,4.152286053
"bfp","Beba",3000,9,158.8879624,1106.72113,5.925098896
"bfq","Badaga",135000,2,422.7362778,792.9188232,5.967473507
"bfs","Southern Bai",400000,2,3478.288357,1053.026917,6.509886026
"bft","Balti",290000,6,8852.76256,1977.630615,7.024127483
"bfu","Bunan",4000,5,1253.932781,4040.362549,7.142654419
"bfw","Bondo",9000,3,296.1326917,758.1212769,5.795221329
"bfy","Bagheli",2860000,11,34149.55483,449.5575104,4.918982506
"bfz","Mahasu Pahari",1000000,9,5430.599959,3127.183533,6.342399716
"bga","Gwamhi-Wuri",16000,3,718.2429459,193.4811287,4.308550239
"bgb","Bobongko",1500,1,31.51713007,742.546875,6.327616215
"bgc","Haryanvi",8000000,4,23883.88636,857.3968735,4.262223601
"bgd","Rathwi Bareli",101000,8,13737.02651,399.2754364,5.221996784
"bge","Bauria",27200,3,3743.899946,2756.664307,5.860176086
"bgf","Ngombe-Bangandu",2700,5,976.2181387,162.592804,4.611035109
"bgg","Bugun",900,2,193.4984624,2793.595825,6.820150375
"bgi","Giangan",55000,0,214.6824592,1211.363037,6.531594276
"bgj","Bangolan",14000,5,97.95941758,1108.035416,5.829763412
"bgk","Bit",2160,8,577.6344834,622.6634216,5.999526501
"bgl","Bo (Laos)",2950,6,1388.624715,712.0228271,6.122921944
"bgn","Western Balochi",1795000,8,250848.6198,1125.390411,6.060134411
"bgo","Baga Koga",0,1,3786.250145,375.8631287,5.085823298
"bgp","Eastern Balochi",1800800,6,57409.87227,1309.069519,5.596373399
"bgq","Bagri",847000,10,24688.00181,166.9409358,3.22337389
"bgr","Bawm Chin",15940,12,1965.191767,947.0452271,5.980243206
"bgs","Tagabawa",43000,3,240.6204838,1211.363037,6.531594276
"bgt","Bughotu",4050,2,205.0764143,373.4177971,5.754378637
"bgu","Mbongno",3000,4,52.75193679,1055.950439,5.800908089
"bgv","Warkay-Bipim",300,1,44.60468243,1146.042847,4.748791933
"bgw","Bhatri",217000,4,4880.117971,587.0518646,5.391818047
"bgx","Rumelian Turkish",331000,4,47825.24594,622.2844849,5.965433836
"bgy","Benggoi",350,3,576.2356458,464.3799947,5.688733578
"bgz","Banggai",125000,0,3025.952422,593.2028809,6.31714797
"bha","Bharia",197000,2,10863.7131,350.9043274,4.807678223
"bhb","Bhili",3310000,12,41824.67481,454.5814362,5.090455294
"bhc","Biga",300,0,12.5908793,308.5670166,4.70055151
"bhd","Bhadrawahi",53000,2,4363.720126,2872.407349,6.738316059
"bhe","Bhaya",70,0,0.212651822,81.64800644,3.345421553
"bhf","Odiai",240,2,142.2825598,988.9312134,6.103123665
"bhg","Binandere",7000,4,3093.007664,1763.608978,7.142966628
"bhh","Bukharic",10000,2,89.4548658,479.2682266,4.504101872
"bhi","Bhilali",681000,9,19786.7979,428.4951782,5.327946186
"bhj","Bahing",11700,5,501.3614982,2290.923584,5.830791116
"bhl","Bimin",2250,8,1009.529689,2471.141968,6.605589628
"bhm","Bathari",200,1,842.6161013,244.6366119,4.441505432
"bhn","Gardabani Bohtan Neo-Aramaic",1000,0,2.46558705,2123.047119,6.955149412
"bho","Bhojpuri",39380000,10,27520.23734,143.9304657,3.095725536
"bhp","Bima",500000,1,7033.889402,252.9280376,5.752289176
"bhq","Tukang Besi South",130000,1,114.8281795,104.4599056,4.681210041
"bhr","Bara Malagasy",600000,6,75090.46668,873.5790405,5.821017265
"bhs","Buwal",7000,5,115.147597,430.8778992,4.921094418
"bht","Bhattiyali",102000,2,829.2793469,4040.362549,7.142654419
"bhu","Bhunjia",6790,2,6501.399614,509.8548737,5.237238884
"bhv","Bahau",19000,4,1486.20582,605.4413452,5.410093307
"bhw","Biak",30000,7,4000.23002,220.3078003,5.527395725
"bhy","Bhele",15000,7,9258.126117,716.7246094,5.870990992
"bhz","Bada (Indonesia)",6800,6,1070.130109,1377.253845,6.858096838
"bia","Badimaya",20,2,12366.16972,169.1243973,4.293103218
"bib","Bissa",528000,4,6842.241343,188.5505727,4.099533478
"bid","Bidiyo",14000,7,1387.860831,195.8860397,3.949975967
"bie","Bepour",50,1,5.082591002,1746.354324,6.392463326
"bif","Biafada",44900,5,2214.445321,61.24703026,3.27808094
"big","Biangai",1400,3,606.7514358,1774.098022,7.179609299
"bij","Vaghat-Ya-Bijim-Legeri",20000,6,171.0404236,774.4429525,5.214658101
"bil","Bile",38000,5,220.896956,705.0296631,5.576126575
"bim","Bimoba",120000,5,1100.720928,247.1611328,4.408506632
"bin","Bini",1000000,9,8004.692505,239.0965805,4.243350446
"bio","Nai",750,2,139.1870344,988.9312134,6.103123665
"bip","Bila",40000,7,8291.864538,624.8773041,5.480454087
"biq","Bipi",1200,0,3.155556247,71.9605484,4.823676586
"bir","Bisorio",260,7,889.5830978,1519.695343,6.334013462
"bit","Berinomo",350,3,211.5673659,1635.051239,6.233786583
"biu","Biete",19000,6,1068.885515,1553.515381,6.260782719
"biv","Southern Birifor",129310,9,3307.148468,158.2308807,4.432243347
"biw","Kol (Cameroon)",12000,3,672.6283074,209.9494362,4.268393397
"bix","Bijori",25000,4,1297.7684,532.6000366,5.280814886
"biy","Birhor",2000,3,1332.272059,532.6000366,5.280814886
"biz","Loi-Likila",20000,7,5576.428822,72.87914276,3.094202757
"bja","Budza",226000,9,13163.52639,119.1212616,4.197534084
"bjb","Banggarla",0,4,49951.42283,194.0370331,4.556283474
"bjc","Bariji",460,3,306.7034249,1962.103271,7.013994217
"bje","Biao-Jiao Mien",43000,2,3263.489902,671.2617493,5.950920582
"bjf","Barzani Jewish Neo-Aramaic",20,3,163.812352,965.9433594,6.142790556
"bjg","Kangaki-Kagbaaga-Kajoko Bidyogo",29900,1,1522.678171,74.9135437,3.099607348
"bjh","Bahinemo",550,6,1458.906563,1519.695343,6.334013462
"bji","Burji",70100,3,1638.468518,1353.70813,6.369137764
"bjj","Kanauji",9500000,4,14804.88471,507.1305962,3.744750261
"bjk","Barok",2120,2,359.8876972,606.7848511,6.437785625
"bjl","Bulu (Papua New Guinea)",910,1,183.0704929,335.9201584,5.547536373
"bjm","Bajelani",20000,4,42379.41636,408.18573,4.519202352
"bjo","Mid-Southern Banda",102000,21,14103.41885,142.3881531,4.378334284
"bjr","Binumarien",360,1,21.3596054,1916.283508,6.958115339
"bjt","Balanta-Ganja",82800,8,882.1917031,47.58051682,3.105365753
"bju","Busuu",8,0,785.1287398,1106.72113,5.925098896
"bjv","Nangnda",36000,8,3251.608614,136.3961639,3.896679401
"bjw","Bakwé",10300,6,5806.353633,189.6698608,4.330052853
"bjx","Banao Itneg",3500,5,516.7181187,658.1363068,6.420113921
"bjy","Bayali",0,6,17947.102,332.6643066,5.180936813
"bjz","Baruga",2230,6,1416.601911,1962.103271,7.013994217
"bka","Kyak",5000,7,39.61463774,525.9998779,5.291288614
"bkc","Baka (Cameroon)",43200,17,53571.33583,140.9774094,4.3985943
"bkd","Talaandig-Binukid",100000,8,5743.476115,941.1138306,6.432351112
"bkf","Beeke",1000,0,1993.072168,333.4070435,4.715840816
"bkh","Bakoko",50000,14,3763.020684,504.3675232,5.775436401
"bki","Baki",350,3,23.21069905,209.6103821,5.640644073
"bkj","Pande",9700,5,2104.481144,173.8815994,4.559286594
"bkk","Brokskat",10000,2,4505.737252,3008.996582,7.083390951
"bkl","Berik",1200,11,1312.236026,577.4098816,5.764941692
"bkm","Kom (Cameroon)",233000,8,706.8946745,1108.035416,5.829763412
"bkn","Bukitan",860,2,527.0864751,888.9648438,6.092377186
"bko","Kwa'",1000,5,295.6804573,941.5361023,5.830891291
"bkp","Boko (Democratic Republic of Congo)",21000,5,947.4706883,64.61572266,3.068231583
"bkq","Bakairí",950,1,3035.001145,278.8481445,4.524066925
"bkr","Bakumpai",100000,9,7008.581811,225.969635,4.506129146
"bks","Masbate Sorsogon",85000,2,225.6918558,188.1075287,5.224923372
"bkt","Boloki",4200,4,350.0324608,72.87914276,3.094202757
"bku","Buhid",8000,5,1148.474014,564.9771118,6.273040771
"bkv","Bekwarra",100000,5,289.661728,727.786972,5.333243728
"bkw","Bekwil",12060,9,9467.014828,185.3092117,4.410136938
"bkx","Baikeno",72000,1,796.1989499,607.948349,6.236210108
"bky","Bokyi",143700,16,3377.55923,727.786972,5.333243728
"bkz","Bungku",27000,9,1294.588202,686.7108879,6.219071746
"bla","Siksika",3350,2,11356.77995,1049.872284,5.815819502
"blb","Bilua",8740,2,695.0030352,344.4577637,5.800726652
"blc","Bella Coola",20,1,45.83758216,1263.546631,6.450816631
"bld","Bolango",23000,4,1346.553485,530.9716085,6.401783943
"ble","Balanta-Kentohe",397000,12,10212.09704,61.24703026,3.27808094
"blf","Buol",96000,3,4086.052901,555.4906769,6.430412292
"blh","Kuwaa",12800,3,1090.644647,488.4911499,4.835253239
"bli","Bolia",100000,3,5138.846041,64.8045063,3.174500883
"blj","Bolongan",30000,5,1159.204614,560.1621628,5.722575784
"blk","Pa'o Karen",560740,12,11143.15609,873.8367004,6.080328465
"blm","Beli (Sudan)",65000,5,2493.655662,202.3870926,3.809352517
"bln","Coastal-Virac Bikol",135000,2,430.3914713,147.8630857,5.336120963
"blo","Anii",45900,11,1581.707624,246.9960098,4.595091581
"blp","Blablanga",1770,3,739.6231395,275.156105,5.642580271
"blq","Paluai",1000,0,14.07294716,592.3810434,5.161361456
"blr","Blang",55200,10,2632.355775,693.9308167,6.153100252
"bls","Balaesang",3200,1,137.2714557,638.638855,6.608586788
"blt","Tai Dam",759700,26,34972.27548,367.1500092,5.116982698
"blv","Kibala",2630,4,7691.928525,1122.506165,5.776776552
"blw","Balangao",21300,5,364.8428594,1049.937195,6.420091867
"blx","Mag-Indi Ayta",5000,4,153.0981849,378.2962646,5.941675186
"bly","Notre",1500,3,134.6810853,306.3499756,4.582745075
"blz","Balantak",30000,2,986.3618609,593.2028809,6.31714797
"bma","Lame",10000,3,160.5661359,480.6806335,4.739094019
"bmb","Bembe",252000,8,10005.09479,831.8516922,5.920795321
"bmc","Biem",2200,0,17.425306,897.2494507,5.110510349
"bmd","Baga Manduri",4000,0,0.359234656,244.5726929,4.37706399
"bmg","Bamwe",20000,5,418.2715744,119.3866882,3.587871552
"bmh","Kein",1750,5,94.50506592,2141.664124,7.110357523
"bmi","Bagirmi",44800,13,26020.2023,80.93772507,2.921315074
"bmj","Bote-Majhi",8770,2,104.9411121,2448.70039,5.333576322
"bmk","Ghayavi",2810,4,39.41758113,925.5508041,6.496482968
"bml","Bomboli",2500,4,556.3577162,64.61572266,3.068231583
"bmm","Northern Betsimisaraka Malagasy",1000000,4,53552.45305,877.4054565,6.113776843
"bmn","Bina (Papua New Guinea)",0,2,489.0602174,925.5508041,6.496482968
"bmo","Bambalang",29000,7,212.3839683,1108.035416,5.829763412
"bmp","Bulgebi",50,3,5.696708805,1796.082153,7.287487507
"bmq","Bomu",158000,11,7518.851412,119.8025703,3.661436915
"bmr","Muinane",150,4,2688.380232,78.08044338,3.605619252
"bms","Bilma Kanuri",20000,2,13414.23537,56.01263428,3.304191113
"bmt","Biao Mon",20000,2,143.1748117,551.6731262,5.79107213
"bmu","Burum-Mindik",9000,5,701.6405493,1402.202866,6.950956821
"bmv","Bum",21400,6,468.7841828,1108.035416,5.829763412
"bmw","Bomwali",39300,5,1170.49138,157.2519188,4.096054912
"bmx","Baimak",650,3,12.60474645,2141.664124,7.110357523
"bmz","Baramu",850,3,139.8894849,512.1255379,4.056661487
"bna","Bonerate",9500,0,157.8707028,149.7000427,3.866931677
"bnb","Bookan",0,5,846.013587,945.8967285,6.378071308
"bnd","Banda (Indonesia)",3000,1,34.10212647,96.20035172,4.000938892
"bne","Bintauna",11200,4,876.5940078,553.7558899,6.374231815
"bnf","Masiwang",1000,3,244.6727565,610.673584,6.057122231
"bng","Benga",5000,3,324.9353846,541.2430725,3.790398836
"bni","Bangi",111300,9,12334.05047,56.61360168,2.797641754
"bnj","Eastern Tawbuid",7190,4,613.4554163,564.9771118,6.273040771
"bnk","Bierebo",800,3,34.9227643,209.6103821,5.640644073
"bnl","Boon",59,0,6865.840577,168.0787537,3.737704575
"bnm","Batanga",15000,10,807.7351529,546.5205688,5.636936188
"bnn","Bunun",38000,6,4915.574572,1091.506744,6.808021188
"bno","Bantoanon",75000,2,226.033048,393.9503708,5.750282288
"bnp","Bola",13700,3,740.1225991,490.2012634,6.238593578
"bnq","Bantik",3000,4,101.6134499,472.6541138,6.175251484
"bnr","Farafi",520,9,236.8754818,203.6951396,5.835590839
"bns","Bundeli",3070000,9,88757.73564,227.9312248,4.112319708
"bnu","Bentong",25000,1,282.1669715,1000.029434,6.474374294
"bnv","Bonerif",200,5,144.8497017,580.927002,5.985350609
"bnw","Bisis",450,3,196.4432116,1519.695343,6.334013462
"bnx","Bangubangu",171000,10,22376.29914,465.3553619,4.980030179
"bny","Bintulu",4200,4,725.23059,408.9037094,5.075763702
"bnz","Beezen",450,1,12.78583127,882.7237549,5.439715385
"boa","Bora",2430,4,4070.544925,56.36672878,3.373973191
"bob","Aweer",8000,6,6434.622897,103.9406185,3.779212475
"bod","Tibetan",1159750,33,436970.4624,888.7750244,6.24045682
"boe","Mundabli",200,5,13.35609413,1106.72113,5.925098896
"bof","Bolon",22920,7,1141.283692,165.5777664,4.25372076
"boh","Boma",20500,1,10075.68372,123.7734299,4.220717907
"boi","Barbareño",0,4,10105.93304,966.4089355,6.479181767
"boj","Anjam",2020,5,41.59798248,2141.664124,7.110357523
"bok","Impfondo",3000,5,4008.586453,143.9637012,3.816088974
"bol","Bole",100000,8,5823.582196,346.9700928,5.006450653
"bom","Berom",1000000,11,1380.874494,679.3311615,5.087510467
"bon","Bine",2000,4,562.9566491,41.55844879,3.171231508
"boo","Tiemacèwè Bozo",2500,3,376.3122007,64.42252731,3.111070514
"bop","Bonkiman",180,2,19.69382073,1796.082153,7.287487507
"boq","Bogaya",300,5,597.865516,2471.141968,6.605589628
"bor","Bororo",1392,2,47400.95987,293.2415619,4.544617176
"bot","Bongo",10100,4,1136.143422,148.6829987,3.957498789
"bou","Bondei",50000,3,854.6217988,923.6793823,5.837211132
"bov","Tuwuli",11400,4,127.2154466,371.0193634,4.921035767
"bow","Rema",12,0,211.1972342,128.5826073,2.996761799
"box","Buamu",186000,15,16323.62222,127.0718765,3.999143541
"boy","Bodo (Central African Republic)",15,1,21415.45868,149.259819,4.084355354
"boz","Tiéyaxo Bozo",118000,3,1613.67009,75.27411079,3.140868545
"bpa","Dakaka",1200,2,46.28869524,209.6103821,5.640644073
"bpd","Banda-Banda",102000,25,44754.42779,205.1656342,4.60154438
"bpg","Bonggo",790,4,167.9984089,580.927002,5.985350609
"bph","Botlikh",210,3,42.73941611,1483.36377,6.629453659
"bpi","Bagupi",50,4,9.630119328,1746.354324,6.392463326
"bpj","Binji",165000,5,5870.363246,171.2061844,4.291913509
"bpk","Orowe",490,3,577.2367693,232.1738453,5.405962944
"bpm","Biyom",380,3,104.805078,2141.664124,7.110357523
"bpn","Dzao Min",60000,3,508.489226,677.4986877,5.768896341
"bpp","Kaure-Narau",450,7,3034.095065,1651.89798,6.48093915
"bpr","Koronadal Blaan",150000,5,2289.106008,847.573822,6.476160526
"bps","Sarangani Blaan",90800,3,2060.906441,847.573822,6.476160526
"bpt","Barrow Point",0,2,760.2938933,262.0521545,4.887057304
"bpu","Bongu",850,2,17.78261871,2141.664124,7.110357523
"bpv","Bian Marind",2900,4,3533.401659,126.9871597,2.978016496
"bpw","Bo (Papua New Guinea)",85,4,398.2295433,1750.407135,6.133559704
"bpx","Palya Bareli",10000,4,5287.456732,409.7789917,5.243798733
"bpy","Bishnupriya Manipuri",117500,9,1473.280982,958.3928223,5.987239361
"bpz","Bilba",7000,4,184.1034901,32.34194565,5.410171986
"bqa","Tchumbuli",2500,3,139.0968296,209.0136261,4.362591267
"bqb","Bagusa",300,4,821.7046484,573.8927612,5.544532776
"bqc","Boko (Benin)",150000,8,10343.86992,194.6043777,4.327193499
"bqd","Bung",3,1,264.4489316,1109.349701,5.734427929
"bqg","Bago-Kusuntu",7500,8,376.8252872,318.521642,4.765023708
"bqh","Baima",10000,3,3166.850812,1700.713338,6.452635606
"bqi","Bakhtiari",1000000,6,35375.97275,2287.833252,6.611502647
"bqj","Bandial",11200,8,284.6806533,32.27769279,3.006101012
"bqk","Banda-Mbrès",42500,11,15465.09472,188.3561707,4.278001229
"bql","Bilakura",30,3,21.33687088,1746.354324,6.392463326
"bqm","Wumboko-Bubia",4000,4,1037.006187,670.6317596,5.848070502
"bqo","Balo",2230,5,70.88920118,1106.72113,5.925098896
"bqp","Busa",48000,10,2365.126191,219.0302963,4.553212404
"bqq","Biritai",250,4,667.4818906,1396.417938,6.374885559
"bqr","Burusu",4350,5,1933.31297,730.1161804,5.696975946
"bqs","Bosngun",1300,2,84.52834492,897.2494507,5.110510349
"bqt","Bamukumbit",12000,4,40.8139233,1067.654846,5.718984286
"bqu","Boguru",0,2,412.7212157,243.5700684,4.277344167
"bqv","Begbere-Ejar",106000,5,793.7067127,539.4652405,5.119170904
"bqw","Buru (Nigeria)",1000,3,27.21758656,1055.950439,5.800908089
"bqx","Baangi",15000,5,496.8421667,245.196907,4.604712725
"bqz","Bakaka",30000,6,650.7953406,917.5430145,6.092959404
"bra","Braj",574000,6,17368.06679,216.6461182,4.316980362
"brb","Brao",32140,12,8690.584714,953.9423218,6.100522041
"brd","Baraamu",160,3,6.909929366,4507.749512,7.108198643
"bre","Breton",206000,1,12504.12987,113.7065673,4.548649311
"brf","Bera",120000,6,1865.423382,678.2807007,5.513251305
"brg","Baure",40,1,119.7222578,75.42057037,3.199976683
"brh","Brahui",4220000,6,143716.8255,1386.526367,6.26243639
"bri","Mokpwe",32200,6,719.1786712,670.6317596,5.848070502
"brj","Bieria",70,2,81.67583487,209.6103821,5.640644073
"brk","Birked",0,1,70406.56691,319.3400574,4.557231426
"brl","Birwa",15000,6,18676.17414,366.7685242,4.972070217
"brm","Barambu",25600,3,8078.452778,134.5377846,3.71467042
"brn","Boruca",3,1,131.043714,1619.450378,7.004692554
"bro","Dur Brokkat",300,1,22.45855068,2595.684082,6.736559391
"brp","Barapasi",2500,3,1325.773065,1054.424622,6.175196489
"brq","Breri",1100,3,79.97700608,1692.247772,6.021868944
"brr","Birao",5900,5,462.9489901,245.5207443,5.292528152
"brs","Baras",250,1,31.13603931,1543.032959,6.963805676
"brt","Bitare",52300,6,118.2678227,1055.950439,5.800908089
"bru","Eastern Bru",82300,8,7065.008084,493.3128764,5.597362836
"brv","Western Bru",20000,4,460.7191238,306.2888947,4.689066172
"brw","Bellari",1000,0,85.49978315,792.9188232,5.967473507
"brx","Bodo-Mech",1334380,6,14649.93731,2148.668091,6.511569738
"bry","Burui",260,4,70.09881568,608.9898071,5.62084341
"brz","Bilibil",1250,1,1.77504589,2141.664124,7.110357523
"bsa","Abinomn",300,6,2412.146223,1422.156906,6.39846909
"bsb","Brunei Bisaya",57600,5,926.129462,619.2728628,5.823338668
"bsc","Bassari-Tanda",21900,6,3486.374425,218.1208115,4.445030332
"bse","Wushi",25000,5,79.30622786,1108.035416,5.829763412
"bsf","Bauchi",20000,6,745.8702606,293.8304596,4.860445976
"bsg","Bashkardi",7030,2,14355.7539,1108.647034,6.231961012
"bsh","Kati",18700,11,6916.929782,2799.43396,7.047701001
"bsi","Bassossi",5000,8,1199.081086,1330.718506,6.410482407
"bsj","Bangwinji",6000,6,90.20999547,525.9998779,5.291288614
"bsk","Burushaski",87000,6,2346.245012,1816.90271,6.907860756
"bsl","Basa-Gumna",0,0,1600.2364,293.8304596,4.860445976
"bsm","Busami",700,3,219.6698057,370.4379883,5.775818348
"bsn","Barasana-Eduria",1890,5,3118.71757,84.47693634,3.68696475
"bsp","Baga Sitemu",4000,4,706.6455625,244.5726929,4.37706399
"bsq","Bassa",403000,7,12782.47657,346.3912659,4.66918087
"bsr","Bassa-Kontagora",20,0,1065.781972,256.430378,4.70682919
"bss","Akoose",100000,5,1957.230293,1330.718506,6.410482407
"bst","Basketo",92600,8,1109.523696,1286.789124,6.565350771
"bsu","Bahonsuai",200,2,25.68613902,1211.474731,6.752388
"bsw","Baiso",5480,1,28.37031497,1315.910828,6.528440118
"bsx","Yangkam",100,1,112.3147421,888.0291748,5.457853079
"bsy","Sabah Bisaya",0,4,330.4546507,599.9164352,5.899141312
"bta","Bata",152500,8,2651.912574,605.0307465,5.466062069
"btc","Bati (Cameroon)",800,9,401.9681494,786.6901398,5.513936996
"btd","Batak Dairi",1200000,3,3045.58072,1386.180115,6.6117239
"bte","Gamo-Ningi",15000,0,1167.979278,480.6806335,4.739094019
"btf","Birgit",10400,6,7849.256418,184.9668484,3.813686013
"btg","Gagnoa Bété",150000,5,2975.549367,170.3448715,4.192570686
"bth","Biatah Bidayuh",72380,8,1052.893681,242.6797485,4.850652536
"bti","Burate",100,6,583.0780954,962.6687012,6.417437315
"btm","Batak Mandailing",1100000,4,14415.43098,949.5724792,6.109366417
"btn","Ratagnon",2,2,209.1661405,427.4540863,6.156722784
"bto","Iriga Bicolano",234000,5,585.0122576,202.9966202,5.290183783
"btp","Budibud",310,0,3.064898277,63.0302887,3.124673605
"btq","Batek",1000,6,7809.865027,551.4672623,5.756091595
"btr","Baetora",1330,1,179.5228516,260.5154419,5.769770622
"bts","Batak Simalungun",1200000,3,3535.452564,1110.294052,6.2847054
"btt","Bete-Bendi",100000,5,164.9144374,727.786972,5.333243728
"btu","Batu",25000,6,475.2257057,1055.950439,5.800908089
"btv","Bateri",29100,4,2397.654651,2325.638062,7.134186268
"btw","Butuanon",34500,3,32.38331959,775.9063873,6.303737164
"btx","Batak Karo",600000,6,8614.808478,1584.08374,6.860692978
"bty","Bobot",4500,3,1171.069857,610.673584,6.057122231
"btz","Batak Alas-Kluet",195000,5,2904.953121,1584.08374,6.860692978
"bub","Bua",7710,11,6483.463141,109.7311649,3.506550074
"buc","Kibosy Kiantalaotsy-Majunga",39000,1,381.4303643,114.7866745,3.507686973
"bud","Ntcham",157000,4,2355.45063,292.2907104,4.891437054
"buf","Bushoong",155000,6,20428.5502,181.5906219,4.32278645
"bug","Buginese",5017800,27,24828.7489,1146.645264,6.454957962
"buh","Younuo Bunu",9720,4,490.8370161,810.352356,6.112202168
"bui","Bongili",4000,7,2564.05866,134.8777033,3.457171043
"buj","Basa-Gurmana",2000,3,224.4230207,327.2189026,4.808986505
"buk","Bugawac",12000,11,788.967171,1402.202866,6.950956821
"bul","Bulgarian",7807900,12,102938.3353,670.8671265,5.812389135
"bum","Bulu (Cameroon)",858000,14,27951.18462,247.0656433,4.429967403
"bun","Sherbro",135000,5,2813.077535,273.5411701,4.480739236
"buo","Terei",26500,4,968.2378044,528.4359436,6.328845263
"bup","Busoa",2300,2,40.94562347,152.5405731,5.39710927
"buq","Brem",1190,3,106.1617874,1746.354324,6.392463326
"bus","Bokobaru",62000,5,4330.054145,209.1854019,4.398528934
"but","Bungain",3600,8,172.5847692,753.1196289,5.36567688
"buu","Budu",180000,7,6292.559361,387.7792969,4.666583061
"buv","Bun",480,1,50.2190094,1605.971558,6.177941203
"buw","Bubi",5000,3,691.1189815,416.2216835,4.976227999
"bux","Boghom",50000,5,675.0649792,1071.028687,5.339579582
"buy","Bullom So",8350,2,279.5645447,337.4944153,4.868314743
"buz","Bukwen",1000,4,28.91954434,882.7237549,5.439715385
"bva","Barain",4100,5,3749.834288,102.617775,3.384601712
"bvb","Bube",51000,1,1566.537507,490.6783905,6.155200481
"bvc","Baelelea",8800,3,176.9058058,471.6794891,5.977975368
"bvd","Baeggu",5900,3,116.2382459,471.6794891,5.977975368
"bvf","Boor",100,3,29.484139,109.7311649,3.506550074
"bvg","Bonkeng",3000,4,298.3099277,917.5430145,6.092959404
"bvh","Bure",20,2,45.56357771,457.1677856,4.889285564
"bvi","Belanda Viri",16000,7,2467.577476,148.6829987,3.957498789
"bvj","Baan",5000,5,68.3960981,269.6792212,4.263822079
"bvk","Bukat",400,6,3289.726378,627.9611664,5.675364971
"bvm","Bamunka",31000,7,96.96641298,1108.035416,5.829763412
"bvn","Buna",750,2,325.6743005,753.1196289,5.36567688
"bvo","Bolgo",1800,6,4944.308214,152.2463379,3.985464811
"bvq","Birri",200,1,14932.66374,139.9072189,3.987266541
"bvr","Burarra",1070,7,4056.727366,185.8215046,4.544746637
"bvt","Bati (Indonesia)",3500,1,104.1348663,610.673584,6.057122231
"bvv","Avane",0,0,7949.941742,1131.244263,5.107278824
"bvw","Boga",10000,2,189.9217037,496.9773712,5.214917302
"bvx","Dibole",4000,4,3925.626223,90.94834518,3.14782536
"bvz","Bauzi",1500,17,8408.706803,573.8927612,5.544532776
"bwa","Bwatoo",150,3,20.93522183,232.1738453,5.405962944
"bwb","Namosi-Naitasiri-Serua",1630,0,29.79743111,221.5546417,5.941026211
"bwc","Bwile",32000,3,14052.12295,675.1029053,5.775048892
"bwd","Bwaidoka",6500,2,167.5494386,678.3092041,6.095396519
"bwe","Bwe Karen",17200,11,971.3971698,854.3030243,6.001437902
"bwf","Boselewa",610,2,17.89835562,678.3092041,6.095396519
"bwg","Barwe",17000,4,2207.379177,811.5611877,5.740354538
"bwi","Baniwa do Icana",610,8,10667.23775,296.2192116,3.303498864
"bwj","Láá Láá Bwamu",69200,3,571.7460136,127.0718765,3.999143541
"bwk","Bauwaki",520,7,1497.445177,1126.683517,6.858831644
"bwl","Bwela",8400,0,13435.82278,208.1890945,4.133368969
"bwm","Biwat",3040,1,115.125947,1605.971558,6.177941203
"bwn","Wunai Bunu",5800,3,721.2108874,416.6135559,5.758774757
"bwo","Boro (Ethiopia)",37500,4,2970.283948,940.949646,5.800043106
"bwp","Mandobo Bawah",20000,10,6018.167137,1158.072285,4.179676354
"bwq","Southern Bobo Madaré",160000,8,8224.820375,165.5777664,4.25372076
"bwr","Bura-Pabir",250000,14,5224.467302,388.923996,4.963772535
"bws","Bomboma",23000,8,2032.126852,119.3866882,3.587871552
"bwt","Bafaw-Balong",8400,10,1155.418977,735.1792603,5.619105816
"bwu","Buli (Ghana)",150000,5,2238.513254,187.97229,4.234268188
"bww","Bwa",200000,11,34015.86321,153.1741772,4.042775214
"bwx","Bu-Nao Bunu",258000,19,9368.923499,650.4046631,5.662357092
"bwy","Cwi Bwamu",24000,3,419.7750742,88.56598663,3.744566321
"bwz","Bwisi",4250,2,1423.902232,427.1685791,5.422124147
"bxa","Bauro",4980,2,1413.812702,262.2314034,5.653765519
"bxb","Belanda Bor",8000,3,6267.278062,165.6786804,4.041227221
"bxc","Molengue",1000,5,536.8436606,546.5205688,5.636936188
"bxd","Pela",400,3,70.21828462,1525.952393,6.605379581
"bxe","Ongota",10,2,11.10368355,1325.46106,6.516802788
"bxf","Bilur",4180,1,19.16272091,607.9211121,6.586853743
"bxg","Bangala",0,20,498595.3225,217.4541473,4.275462627
"bxh","Buhutu",1350,3,862.8358168,724.4180908,6.134134293
"bxi","Pirlatapa",0,5,34452.30557,214.9268246,4.1820274
"bxj","Bayungu",6,3,11726.32865,139.620636,4.347162724
"bxk","Bukusu",1433000,12,2964.497683,1548.248291,6.39795804
"bxl","Jalkunan",500,1,5.096237687,146.390686,4.133498907
"bxm","Mongolia Buriat",45100,7,90640.01861,848.3935547,5.830309868
"bxn","Burduna",3,3,5181.912805,204.7143351,4.548505306
"bxp","Bebil",6000,6,1370.376045,208.499012,4.258697629
"bxq","Beele",120,2,103.5747332,672.5984802,5.173569322
"bxr","Russia Buriat",219000,3,114296.7446,886.7360229,5.818883181
"bxs","Busam",1490,5,65.60070782,1106.72113,5.925098896
"bxu","China Buriat",65000,6,54160.30435,246.6049652,4.872142076
"bxw","Bankagooma",6000,2,162.1343714,130.7380962,3.981413066
"bxz","Binahari-Neme",630,2,325.4025952,1126.683517,6.858831644
"bya","Batak",200,3,1213.164966,273.5409203,5.618168831
"byc","Ubaghara",30000,5,129.6571574,370.4517517,4.67139864
"byd","Benyadu'",54000,5,2790.934566,213.9834766,4.625504255
"bye","Pouye",960,2,138.4333907,798.9605103,5.861983538
"byf","Bete (Yukubenic)",50,3,16.82997974,882.7237549,5.439715385
"byg","Baygo",850,0,387012.7101,249.0009308,4.561424732
"byh","Bujhyal",21700,5,298.1623176,4507.749512,7.108198643
"byi","Buyu",10000,6,10866.21346,831.8516922,5.920795321
"byj","Bina (Nigeria)",7000,3,34.99158219,539.4652405,5.119170904
"byk","Shidong Biao",80000,2,39420.02774,454.7798691,5.518062711
"byl","Bayono",100,4,704.1405682,1866.431763,4.598676682
"byn","Bilin",91000,2,1449.688572,1523.022156,6.656068802
"byo","Biyo",120000,10,6431.224716,782.0926819,6.192025185
"byp","Bumaji",11400,3,11.42182422,727.786972,5.333243728
"byq","Basay",0,0,1215.135194,910.753212,7.171802044
"byr","Baruya",6600,4,669.0777885,1916.283508,6.958115339
"bys","Burak",4000,4,48.61690886,707.6761475,5.307385604
"byt","Berti",0,1,51534.83522,263.3348618,4.348050117
"byv","Medumba",210000,5,1512.631124,1160.120392,5.858618736
"byw","Belhariya",600,5,38.83727219,2185.364502,6.084828138
"byx","Qaqet",6350,4,1693.039964,607.9211121,6.586853743
"byz","Banaro",2480,4,1809.766128,1605.971558,6.177941203
"bza","Bandi",100000,7,2224.150457,434.8725433,4.883308887
"bzb","Andio",1700,1,40.68187111,593.2028809,6.31714797
"bzc","Southern Betsimisaraka Malagasy",1830000,3,21896.17968,1255.208069,6.248669863
"bzd","Bribri",11000,3,1193.643776,1619.450378,7.004692554
"bze","Jenaama Bozo",197000,11,8366.910209,92.0003891,3.186527491
"bzf","Boikin",31300,10,2249.271638,608.9898071,5.62084341
"bzh","Mapos Buang",10500,4,139.3264621,1785.090088,7.233548403
"bzi","Bisu",240,3,70.65773146,654.8818359,6.228191376
"bzl","Boano (Sulawesi)",2700,1,191.6001797,482.6442299,6.317546844
"bzm","Bolondo",3000,3,421.7732409,111.5901451,3.823455513
"bzn","Boano (Maluku)",3240,0,39.76723368,501.7435875,6.140568376
"bzo","Bozaba",5500,5,781.7422235,64.61572266,3.068231583
"bzp","Kemberano",1500,7,1267.006784,984.5352478,5.951476097
"bzq","Buli (Indonesia)",2520,2,1062.59754,371.5919037,5.830461502
"bzr","Biri",0,7,72775.67876,286.7763062,4.858398914
"bzu","Burmeso",250,4,602.3096052,1124.587626,6.245040576
"bzv","Bebe",2500,4,152.2718611,1147.539795,6.004099528
"bzw","Basa (Nigeria)",100000,9,4821.386518,413.2854538,5.12205708
"bzx","Hainyaxo Bozo",30000,2,687.6740429,95.17980862,3.485097885
"bzy","Obanliku",65000,5,265.2632473,727.786972,5.333243728
"bzz","Evant",11000,5,298.234384,727.786972,5.333243728
"caa","Chortí",30010,1,841.8704005,1150.847046,6.625163078
"cab","Garifuna",130800,7,12225.6946,189.1411514,4.374253035
"cac","Chuj",43370,5,1834.159764,1827.145874,6.792926431
"cad","Caddo",25,1,39.20177049,252.8580627,4.292620659
"cae","Lehar",12000,1,23.26474171,33.80359268,3.26093936
"caf","Southern Carrier",500,2,332.5571082,992.9325714,6.029494643
"cag","Nivaclé",13920,11,20233.60522,59.94082642,2.876490593
"cak","Kaqchikel",451000,6,3715.662844,2467.002197,7.073503494
"cal","Carolinian",2420,1,195.9274055,0.697793841,0.61640954
"cam","Cemuhî",2600,3,530.3260129,219.7345123,5.011580944
"can","Chambri",1700,2,180.0304333,1519.695343,6.334013462
"cao","Chácobo",550,1,900.0050719,110.4336166,3.225518525
"cap","Chipaya",1200,1,2114.110311,674.0942993,5.656364441
"caq","Car Nicobarese",37000,0,125.328042,64.59331512,3.895841837
"car","Galibi Carib",7358,9,43453.01618,352.8261719,4.891079903
"cas","Mosetén-Chimané",5320,1,1901.866301,1806.204346,5.98929882
"cat","Catalan",3900000,8,57080.17793,2087.057617,6.405943871
"cav","Cavineña",1680,1,4164.056137,687.1910324,3.760891676
"cax","Chiquitano",5860,4,130387.574,271.3432198,4.720248818
"cay","Cayuga",250,5,709.3157546,375.1570587,4.816183329
"caz","Canichana",583,1,16602.13459,202.960289,2.993882596
"cbb","Cabiyarí",270,3,940.7181584,84.47693634,3.68696475
"cbc","Carapana",642,6,1415.580128,79.70248222,3.611840963
"cbd","Carijona",6,1,996.7608652,104.207695,3.872846127
"cbg","Chimila",480,1,1213.481601,1378.738688,5.806956291
"cbi","Cha'palaa",9500,1,1187.213245,1712.999733,6.241901636
"cbj","Ede Cabe",80000,7,5014.108111,209.0136261,4.362591267
"cbl","Bualkhaw Chin",2500,2,40.49620032,1113.052109,6.030840278
"cbn","Nyahkur",1500,1,242.9019734,546.5964508,5.468132019
"cbo","Izora",1500,1,19.30098862,679.3311615,5.087510467
"cbr","Cashibo-Cacataibo",1150,3,10478.36732,1997.133087,6.130140662
"cbs","Cashinahua",1150,6,26865.45413,88.57416439,3.641726673
"cbt","Shawi",7870,2,7219.269852,1344.450684,5.539212227
"cbu","Candoshi-Shapra",1120,5,11959.52025,1508.084,5.325752815
"cbv","Kakua",400,3,300.3979839,76.08055496,3.491845965
"ccc","Chamicuro",2,2,631.5893152,445.2835503,3.940833747
"cce","Chopi",760000,4,8189.295754,121.0010948,4.003933787
"ccg","Samba Daka",107000,8,9960.434162,967.1033936,5.869113684
"cch","Atsam",30000,6,449.6897629,679.3311615,5.087510467
"ccj","Kasanga",0,8,43.52414578,32.27769279,3.006101012
"ccl","Cutchi-Swahili",45000,0,4765.023554,811.6998291,6.265856266
"cco","Comaltepec Chinantec",2000,5,316.6341044,1922.353882,6.70388341
"ccp","Chakma",326000,13,7439.345507,689.1724904,4.720500628
"ccr","Cacaopera",0,2,12695.50478,892.8559723,6.39499855
"cda","Choni",154000,3,13713.98086,1352.61731,6.402193069
"cde","Chenchu",26000,2,4747.858402,360.8175659,4.989621997
"cdf","Chiru",7000,3,594.2632396,1087.531616,6.082821131
"cdh","Chambeali",130000,4,758.259515,4040.362549,7.142654419
"cdi","Chodri",209000,5,1254.436224,354.8303795,5.146704555
"cdj","Churahi",111000,5,1430.805232,4040.362549,7.142654419
"cdm","Chepang",48500,5,1680.604021,2448.70039,5.333576322
"cdn","Chaudangsi",1830,4,748.4720817,2987.121338,6.962340117
"cdr","Yara",45000,9,2602.198602,293.8304596,4.860445976
"cdy","Chadong",20000,1,7371.935486,615.8566742,5.791515231
"cdz","Koda",44300,4,505.6036672,230.3787384,4.385190487
"cea","Lower Chehalis",0,5,4413.544371,1057.228271,5.984379292
"ceb","Cebuano",15800000,29,32488.51866,709.6044464,6.246079206
"ceg","Chamacoco",1600,5,7614.220079,150.2214661,3.136214018
"cen","Cen",50000,5,205.6906083,679.3311615,5.087510467
"ces","Czech",10411000,4,77514.86179,449.2732849,5.525555611
"cet","Jalaa",200,0,1.998784367,525.9998779,5.291288614
"cfa","Dijim-Bwilim",25000,7,694.7200945,525.9998779,5.291288614
"cfd","Cara",3000,4,37.1659336,679.3311615,5.087510467
"cfg","Como Karim",11400,3,1528.9132,888.0291748,5.457853079
"cfm","Falam Chin",107300,8,2477.752429,1113.052109,6.030840278
"cga","Changriwa",690,4,37.16004576,1605.971558,6.177941203
"cgc","Kagayanen",30000,3,451.7329901,158.2107086,4.981387615
"cgg","Chiga",1580000,5,9280.382222,861.0866394,6.363873959
"cgk","Chocangacakha",30000,6,449.0225743,2595.684082,6.736559391
"cha","Chamorro",94700,4,5688.977864,1214.213806,6.236890554
"chc","Catawba",500,1,96956.49805,542.466362,4.929694414
"chd","Highland Oaxaca Chontal",2420,3,1933.11233,1435.255432,6.5828197
"che","Chechen",1353000,5,51662.5555,420.7673492,5.202352285
"chf","Tabasco Chontal",36500,2,4566.359356,182.2851868,4.591830254
"chg","Chagatai",0,2,92910.20648,570.8965454,4.914711237
"chh","Clatsop-Shoalwater Chinook",19,2,18561.57335,946.4355774,5.986335278
"chj","Ojitlán Chinantec",37900,6,349.9539269,1876.390503,6.530743599
"chk","Chuukese",45900,0,87.61325257,0,1.93212679
"chl","Cahuilla",35,1,119.3270874,996.875946,6.53670609
"chn","Creolized Grand Ronde Chinook Jargon",723,6,10149.53874,513.2540283,5.967072129
"cho","Choctaw",10400,1,639.4628335,158.8511963,4.180165688
"chp","Chipewyan",11900,4,3917.414481,299.1038208,4.598073959
"chq","Quiotepec Chinantec",8000,3,167.7261263,1922.353882,6.70388341
"chr","Cherokee",10400,2,1915.39043,641.1152725,5.187196493
"cht","Cholón",0,0,4695.376462,2391.674988,6.504431963
"chv","Chuvash",1043000,4,16901.0833,145.1459351,4.218852997
"chw","Chuwabu",947000,6,14947.58243,328.634079,4.470282555
"chx","Chantyal",4280,1,95.69083988,4857.905762,7.085071564
"chy","Cheyenne",2100,2,1686.508899,742.1767883,5.387374997
"chz","Ozumacín Chinantec",3140,4,211.6471953,1922.353882,6.70388341
"cia","Cia-Cia",79000,4,576.279302,152.5405731,5.39710927
"cib","Ci Gbe",25000,4,198.3956169,338.9494247,4.765662193
"cic","Chickasaw",600,1,457.585844,192.1967354,4.198114395
"cid","Chimariko",0,3,8741.065802,1055.835098,6.161341667
"cie","Cineni",3000,2,2.764925724,430.8778992,4.921094418
"cih","Chinali",750,4,716.6217847,2684.258057,6.88186121
"cik","Chitkuli Kinnauri",1060,3,215.1145857,3497.702759,6.824623346
"cim","Cimbrian",2230,2,4983.947521,2121.822388,6.694481134
"cin","Cinta Larga",1300,1,11268.96393,157.4550934,3.991405487
"cip","Chiapanec",17,0,4491.438138,1584.173462,6.419814348
"cir","Tiri-Mea",600,4,841.1957147,232.1738453,5.405962944
"ciw","Chippewa",5000,2,14358.05756,156.0338898,4.008902073
"ciy","Chaima",63,3,10495.86928,239.2205009,4.52223897
"cja","Western Cham",233000,5,18094.64733,492.9236679,5.17761147
"cje","Chru",19300,2,957.7246071,903.1016541,6.364617348
"cjh","Upper Chehalis",200,4,6442.600161,1057.228271,5.984379292
"cji","Chamalal",500,5,302.4089225,1494.213989,6.249393225
"cjk","Chokwe",977700,20,208953.6631,271.8211365,4.486847401
"cjm","Eastern Cham",72900,3,1024.434345,707.2770844,5.557710648
"cjn","Chenapian",180,1,29.82886041,1635.051239,6.233786583
"cjo","Ashéninka Pajonal",12000,5,4620.591993,2614.619568,6.290160656
"cjp","Cabécar",8840,3,3210.077205,1221.015045,6.556737423
"cjs","Shor",2840,2,14123.35239,1178.513329,5.556076884
"cjv","Chuave",23100,7,325.7760767,2047.476929,6.682682276
"ckb","Central Kurdish",6750000,5,68851.25456,1507.328552,6.373603344
"ckh","Chak",4000,5,343.9641432,529.8639781,4.626310984
"ckl","Cibak",100000,3,129.1520491,388.923996,4.963772535
"cko","Anufo",137600,8,2774.607316,262.2043254,4.569483439
"ckq","Kajakse",10000,6,8478.846986,227.8372498,4.198064804
"ckr","Kairak",900,4,42.28747517,607.9211121,6.586853743
"ckt","Chukchi",5100,7,186825.204,372.4621992,5.086758852
"cku","Koasati",200,3,189.8082324,86.76416779,3.066074133
"ckv","Kavalan",24,1,735.9945407,1694.537476,7.072025061
"ckx","Caka",5000,4,31.31413385,1106.72113,5.925098896
"cky","Cakfem-Mushere-Jibyal",5000,2,275.0751718,877.9816895,5.435926914
"cla","Ron",115000,11,1467.17275,877.9816895,5.435926914
"clc","Chilcotin",930,2,597.526662,1290.046875,6.005548954
"cld","Chaldean Neo-Aramaic",100000,2,193.065461,1819.183838,6.211527109
"cle","Lealao Chinantec",2000,3,81.14569183,1582.300456,6.565461
"clh","Chilisso",1000,2,31.27971809,2945.687256,7.11564517
"cli","Chakali",6000,2,348.6340478,154.2644596,4.186808705
"clk","Idu",11080,7,18622.61259,3883.569214,7.116614819
"cll","Chala",3000,2,44.8181261,376.9318085,4.998162508
"clm","Clallam",5,2,184.1479514,914.3807707,6.26391077
"clo","Lowland Oaxaca Chontal",1060,1,68.08549045,1435.255432,6.5828197
"clu","Caluyanun",30000,0,126.0356251,427.4540863,6.156722784
"clw","Chulym Turkic",44,2,1375.614106,794.829834,5.187000036
"cly","Eastern Highland Chatino",1800,3,94.27265741,2111.376038,6.860644102
"cma","Maa",33300,6,3144.990899,630.6681976,4.881154776
"cme","Cerma",63100,8,2785.49872,158.2913666,4.29618454
"cmi","Emberá-Chamí",5510,4,12681.64083,2222.878784,6.900214911
"cml","Campalagian",30000,2,111.8696335,1409.319885,6.685564518
"cmo","Central Mnong",70000,10,20160.0444,771.2946777,5.159395218
"cmr","Mro Chin",75000,5,3219.182758,713.7562561,5.842456818
"cna","Changthang",10100,4,2139.875441,2684.258057,6.88186121
"cnb","Chinbon Chin",19600,6,5943.122609,999.0668945,5.80032444
"cnc","Côông",2030,3,30.15005461,814.7706604,6.319491863
"cng","Northern Qiang",57800,4,4024.357291,1754.792725,6.656241894
"cnh","Haka Chin",125000,8,3985.027233,1138.572601,5.978859425
"cni","Asháninka",26000,8,17708.91939,2958.146332,6.731002688
"cnk","Khumi Chin",62090,11,4238.095268,713.7562561,5.842456818
"cnl","Lalana Chinantec",10700,4,982.0599379,1922.353882,6.70388341
"cns","Central Asmat",7000,14,15777.91768,1146.042847,4.748791933
"cnt","Tepetotutla Chinantec",1850,6,349.4577877,1922.353882,6.70388341
"cnu","Western Algerian Berber",76300,1,3136.512336,537.6872101,6.04608345
"cnw","Ngawn Chin",15000,5,301.0910901,1113.052109,6.030840278
"cob","Chicomuceltec",1600,1,16649.64694,1697.871582,7.018837214
"coc","Cocopa",350,3,1192.335679,955.9662781,6.085957766
"cod","Cocama-Cocamilla",250,7,29249.79832,99.72271729,3.254798174
"coe","Koreguaje",2100,1,3355.381108,1609.62326,5.263662994
"cof","Tsafiki",2300,1,341.2124974,2042.120819,6.535802364
"cog","Chong of Chanthaburi",500,3,121.095409,289.9770508,5.00219059
"coh","Chonyi-Dzihana-Kauma",184000,1,284.2577467,495.1815796,5.376486301
"coj","Cochimi",0,1,34196.40629,674.9720459,5.928613663
"cok","Santa Teresa Cora",3880,4,217.0819842,1380.38385,6.590837479
"col","Columbia-Wenatchi",40,3,2138.043484,1038.436752,6.208268642
"com","Comanche",100,1,116.2888547,252.8580627,4.292620659
"con","Cofán",2400,1,3911.827367,2825.316162,6.227919817
"coo","Comox",40,1,273.1192695,965.1424561,6.431456089
"cop","Coptic",0,0,165856.1003,434.5010757,4.9763906
"coq","Coquille",0,2,49520.52719,1031.934723,6.021865129
"cos","Corsican",31000,2,8789.103535,455.8967896,6.322826624
"cot","Caquinte",300,4,1007.110965,2614.619568,6.290160656
"cou","Wamey",23670,4,1585.511737,146.4954681,3.880494356
"cov","Cao Miao",63600,3,301.8750931,679.9822388,5.936351776
"cow","Cowlitz",310,5,8082.278136,1214.213806,6.236890554
"cox","Nanti",250,1,185.2350817,2168.245102,5.933555007
"coz","Chocholtec",540,2,86.60395961,1929.708313,6.722405553
"cpa","Palantla Chinantec",25000,8,560.0531529,1922.353882,6.70388341
"cpb","Ucayali-Yurúa Ashéninka",7870,8,20551.76347,1705.584015,5.61407721
"cpc","Ajyíninka Apurucayali",4000,3,2784.932664,2348.723572,6.465879917
"cpg","Cappadocian Greek",0,2,7386.377742,866.6884613,6.38250351
"cpn","Cherepon",111000,3,201.4144885,282.1754456,4.778396726
"cps","Capiznon",639000,1,922.1425276,371.4461517,5.70694828
"cpu","Pichis Ashéninka",12000,6,6158.808583,2348.723572,6.465879917
"cpy","South Ucayali Ashéninka",13000,0,5870.137407,1787.74939,5.454033852
"cra","Chara",13000,4,545.2937549,1388.904744,6.455439568
"crc","Lonwolwol",1200,4,107.7700918,235.062912,5.705207348
"crd","Coeur d'Alene",2,1,1033.083016,1015.935089,6.005358458
"crf","Caramanta",0,3,18579.02406,2222.878784,6.900214911
"crh","Crimean Tatar",175370,5,118246.1999,614.4505615,5.956983089
"crj","Southern East Cree",7310,2,1484.695777,118.1639366,4.333623886
"crk","Plains Cree",260,9,13944.24126,420.343998,5.173794985
"crl","Northern East Cree",5310,3,689.4290962,181.3534241,4.276973248
"crm","Moose Cree",3000,2,539.861524,146.5530453,4.006554067
"crn","El Nayar Cora",9480,4,5800.508582,1852.239258,6.821138859
"cro","Crow",3000,2,9015.179562,1123.410645,5.94240725
"crq","Iyo'wujwa Chorote",4400,8,2984.642372,167.5563049,3.636880398
"crt","Iyojwa'ja Chorote",800,3,1570.282117,932.7613068,4.897470474
"crv","Chaura",5910,0,5.332448631,64.59331512,3.78454721
"crw","Chrau",7000,5,4872.435385,490.0417175,4.602914333
"crx","Carrier",1530,1,1464.015066,839.8840027,5.905113697
"cry","Cori",1000,1,74.03806231,539.4652405,5.119170904
"crz","Cruzeño",0,3,52.05545169,966.4089355,6.479181767
"csa","Chiltepec Chinantec",0,2,41.20939538,1876.390503,6.530743599
"csb","Kashubian",50000,1,374.5519474,157.9625015,4.448644161
"csh","Asho Chin",34000,12,10516.0709,1517.666504,5.895978451
"csi","Coast Miwok",0,4,2175.496976,936.5755946,6.070006371
"csk","Jola-Esulalu",45100,13,1294.587403,32.27769279,3.006101012
"csm","Central Sierra Miwok",12,1,331.5113904,1510.303223,6.394557476
"cso","Sochiapam Chinantec",3590,5,117.8021168,1922.353882,6.70388341
"css","Southern Ohlone",1,6,9666.720079,622.3693848,6.064563274
"cst","Northern Ohlone",0,3,8306.523764,1502.206299,6.357259274
"csw","Swampy Cree",85,6,3768.598419,103.490921,3.694586039
"csy","Sizang Chin",10000,2,291.2554544,1113.052109,6.030840278
"cta","Tataltepec Chatino",2640,2,115.8087399,2111.376038,6.860644102
"ctd","Tedim Chin",344000,13,11057.21513,1113.052109,6.030840278
"cte","Tepinapa Chinantec",11800,3,134.8172881,1922.353882,6.70388341
"ctg","Chittagonian",13000000,16,12922.70218,554.5623245,4.087131262
"ctl","Tlacoatzintepec Chinantec",1720,6,167.5454503,1922.353882,6.70388341
"ctm","Chitimacha",300,3,33209.96585,103.3228989,3.245732665
"ctn","Chintang",3710,2,18.22419536,2185.364502,6.084828138
"cto","Emberá-Catío",15040,2,13165.6269,2076.686035,6.455761909
"ctp","Western Highland Chatino",16000,5,730.5197672,2111.376038,6.860644102
"cts","Northern Catanduanes Bicolano",77500,2,641.0042749,147.8630857,5.336120963
"ctt","Wayanad Chetti",5000,3,82.78090288,792.9188232,5.967473507
"ctu","Chol",145000,1,695.2252403,952.3969879,5.685465574
"ctz","Zacatepec Chatino",450,2,115.3199401,2111.376038,6.860644102
"cua","Cua",12000,7,1186.365427,956.707133,6.215398788
"cub","Cubeo",6250,11,11191.81547,80.97373708,3.656848987
"cuc","Usila Chinantec",7410,4,112.8022945,1876.390503,6.530743599
"cug","Chung",2000,3,35.20647951,1108.035416,5.829763412
"cuh","Chuka",70000,5,1224.731411,1371.437164,6.201543331
"cui","Cuiba",2850,5,10694.45091,678.6281166,3.704790354
"cuj","Mashco Piro",60,3,3984.946335,661.1021118,4.36077261
"cuk","San Blas Kuna",57100,3,8969.576778,233.2980652,5.536970139
"cul","Culina",3900,4,31878.55722,85.23180389,3.748841763
"cuo","Cumanagoto",49,2,22816.71691,412.6339315,5.443397045
"cup","Cupeño",700,0,13069.69118,1173.174591,6.586526155
"cuq","Cun",80000,3,161.4962915,238.5642662,5.576409101
"cur","Chhulung",2050,3,17.87724774,2185.364502,6.084828138
"cut","Teutila Cuicatec",3140,4,202.310314,1922.353882,6.70388341
"cuu","Tai Ya",50400,4,134.5538844,782.0926819,6.192025185
"cuv","Cuvok",5000,4,76.00413171,430.8778992,4.921094418
"cuw","Chukwa",100,3,4.154079434,2185.364502,6.084828138
"cux","Tepeuxila Cuicatec",8680,3,538.3613311,1821.466146,6.681785742
"cvg","Chug",850,1,29.2589838,2694.639954,6.778354883
"cvn","Valle Nacional Chinantec",440,2,23.26430697,1922.353882,6.70388341
"cwa","Kabwa",14000,4,81.82566672,584.9519272,4.817117929
"cwb","Maindo",21000,2,1037.174267,107.875885,3.80421257
"cwd","Woods Cree",75,4,1224.328456,194.311142,4.36453104
"cwe","Kwere",98000,7,3055.11363,835.9802856,5.52472496
"cwg","Chewong",460,3,691.0012351,631.4974365,5.930080414
"cwt","Kuwaataay",6210,1,91.49104642,16.97486877,2.906836271
"cya","Nopala Chatino",8940,3,428.6646887,2111.376038,6.860644102
"cyb","Cayubaba",798,2,11571.73892,44.27035522,2.626483202
"cym","Welsh",508000,2,12724.79194,142.1985321,5.2897892
"cyo","Cuyonon",123000,5,2247.194132,158.2107086,4.981387615
"czn","Zenzontepec Chatino",8490,3,330.4316292,2111.376038,6.860644102
"czt","Zotung Chin",40000,9,2733.478566,1138.572601,5.978859425
"daa","Dangaleat",60000,4,1039.512938,126.4101944,3.388356566
"dac","Dambi",350,2,4.14416748,1774.098022,7.179609299
"dad","Marik",3500,7,190.840241,2141.664124,7.110357523
"dae","Duupa",5000,4,537.5339948,505.0318298,5.355997562
"dag","Dagbani",800000,3,16204.71982,215.6675415,4.444699923
"dah","Gwahatike",1570,3,48.28633605,1796.082153,7.287487507
"dai","Day",49900,3,1608.541163,201.480395,3.897714376
"daj","Dar Fur Daju",7000,3,1855.01981,352.4633255,4.494315803
"dak","Dakota",20460,5,23055.94783,266.7901459,4.625151277
"dal","Dahalo",400,5,633.3839939,154.5863037,4.131275654
"dan","Danish",5401000,6,45268.71459,54.14701653,3.501385212
"dao","Daai Chin",37000,7,4050.85318,1068.819748,5.889591932
"daq","Dandami Maria",200000,7,16070.44328,574.7072906,5.373605967
"dar","North-Central Dargwa",486000,7,4654.763654,2497.070679,7.106041431
"das","Daho-Doo",4000,4,572.393052,206.869194,4.345473766
"dau","Dar Sila Daju",70100,9,14500.48164,298.3943481,4.472046375
"dav","Taita",254000,4,9325.275963,813.3692627,5.832933426
"daw","Davawenyo",147000,5,1285.478383,684.369812,6.510662556
"dax","Dayi",170,8,2578.088214,142.6470337,4.194357872
"daz","Dao",250,6,1338.379794,1381.426839,6.680037657
"dba","Bangime",2000,3,40.19413569,128.889637,3.787516475
"dbb","Deno",6000,1,121.8261825,457.1677856,4.889285564
"dbd","Dadiya",30000,6,290.3068012,525.9998779,5.291288614
"dbe","Dabe",440,3,67.64110852,580.927002,5.985350609
"dbf","Edopi",1500,3,411.4780169,1396.417938,6.374885559
"dbg","Dogul Dom Dogon",15700,5,753.694581,128.889637,3.787516475
"dbi","Doka",11400,3,67.99179196,539.4652405,5.119170904
"dbj","Ida'an",10000,9,4657.70352,324.1733856,4.771843433
"dbl","Dyirbal",29,1,2715.966689,566.4544144,5.779281735
"dbm","Duguri",65000,9,1516.320271,819.1970825,5.055850029
"dbn","Duriankere",30,0,1.992553861,438.9526774,5.193512599
"dbo","Dulbu",100,4,23.03765061,819.1970825,5.055850029
"dbp","Duwai",11400,3,371.1172559,91.06328583,3.112929583
"dbq","Daba",25000,6,606.3582763,348.2653224,4.445327838
"dbr","Dabarre",23000,3,6952.360859,311.4843597,4.369930267
"dbu","Najamba-Kindige",24700,7,1739.041089,128.889637,3.787516475
"dby","Dibiyaso",1950,5,1435.373946,512.1255379,4.056661487
"dcc","Deccan",12800000,4,47021.20271,329.161377,4.978967428
"dcr","Negerhollands",0,3,415.4323704,311.8585205,5.82926178
"ddd","Dongotono",5000,4,445.2342404,644.3292694,5.14138031
"dde","Doondo",75000,8,2586.688384,477.4142303,5.204019547
"ddg","Fataluku",37000,2,1150.918751,436.8934097,6.120228767
"ddi","Diodio",2180,2,205.2955401,678.3092041,6.095396519
"ddj","Jaru",360,5,35570.19309,222.0581207,4.30547142
"ddn","Dendi (Benin)",514100,8,3162.061,142.0536404,4.035424352
"ddo","Tsez",11700,4,579.1444105,2350.356934,7.008277893
"dds","Donno So Dogon",45300,5,674.3391963,128.889637,3.787516475
"ddw","Dawera-Daweloor",1270,0,25.17699773,57.20761681,4.180589437
"dec","Dagik",0,3,211.8476466,306.5653992,4.566905975
"ded","Dedua",6500,4,145.1007056,1402.202866,6.950956821
"dee","Dewoin",8100,5,301.5088532,316.6359049,4.590253035
"def","Dezfuli-Shushtari",0,2,610.3738559,1974.551819,6.107330322
"deg","Degema",10000,5,102.8987282,269.6792212,4.263822079
"deh","Dehwari",13000,2,5859.736792,1467.578369,6.118336082
"dei","Demisa",400,8,1834.533076,1179.54332,6.396161437
"dem","Dem",1000,4,413.4449636,2218.943115,7.205238342
"deq","Dendi (Central African Republic)",10000,4,521.3637253,133.8970375,4.197767019
"der","Deori",28000,1,924.1111887,2695.105896,6.857844591
"des","Desano",3420,9,2631.127264,79.70248222,3.611840963
"deu","German",70226400,33,452214.1326,377.8546448,4.79456389
"dev","Domung",2330,4,95.26771947,1796.082153,7.287487507
"dez","Dengese",8600,5,14229.31629,109.775671,3.929798305
"dga","Central Dagaare",700000,7,5815.568272,104.1150436,3.872328758
"dgb","Bunoge Dogon",1000,4,110.1481287,128.889637,3.787516475
"dgc","Casiguran-Nagtipunan Agta",610,4,2097.996403,827.3625488,6.31011343
"dgd","Dagaari Dioula",21000,0,0.23784605,109.108429,3.801247001
"dge","Degenan",790,4,4.632598093,1796.082153,7.287487507
"dgg","Doga",200,2,16.33697161,1320.206238,6.554695368
"dgh","Dghwede",30000,4,60.76718107,430.8778992,4.921094418
"dgi","Northern Dagara",388000,9,4189.683891,104.1150436,3.872328758
"dgk","Dagba",34000,5,6624.005804,259.0257339,4.145614505
"dgn","Dagoman",0,2,12037.6928,202.6910477,4.08217752
"dgo","Dogri",2280000,6,12396.82925,3419.176636,6.34244585
"dgr","Dogrib",2080,0,534.4284223,191.5029602,4.155975342
"dgs","Dogoso",9000,2,148.7004563,158.2913666,4.29618454
"dgx","Doghoro",270,2,116.8307378,1962.103271,7.013994217
"dgz","Daga",9000,9,2848.895314,925.5508041,6.496482968
"dhd","Dhundari",1870000,5,19209.16795,257.8480988,4.586152077
"dhg","Dhangu",270,4,278.480055,82.48857689,3.688694
"dhi","Dhimal",19750,8,1903.470257,445.486599,4.79886508
"dhl","Dhalandji",20,2,8050.349674,235.9805145,4.611792326
"dhm","Zemba",30000,8,101919.2836,887.2235718,5.791497231
"dhn","Dhanki",139000,4,684.9441881,354.8303795,5.146704555
"dho","Dhodia-Kukna",169000,3,1438.108896,313.4087524,5.509837627
"dhr","Dhargari",1,2,7486.461626,181.2577057,4.487795353
"dhs","Dhaiso",5000,1,31.41348475,923.6793823,5.837211132
"dhu","Dhurga",0,5,24120.65722,704.677063,5.941905022
"dhv","Dehu",13000,0,1163.035686,113.2210197,4.066400051
"dhw","Kochariya-East Danuwar",45800,1,141.0002611,2396.482666,5.576754093
"dia","Alu-Sinagen",1840,7,494.7216779,798.9605103,5.861983538
"dib","South Central Dinka",250000,8,22960.89705,154.3885269,3.287572066
"dic","Lakota Dida",93800,6,6072.758864,165.5242729,4.192875385
"did","Didinga",60000,6,4445.673395,644.3292694,5.14138031
"dif","Dieri",10,5,54851.83414,87.97094345,3.128662705
"dig","Digo",305000,8,5147.271884,923.6793823,5.837211132
"dih","Tipai",370,2,2124.506939,1372.598267,6.656456947
"dii","Dimbong",140,3,59.12537687,880.7976786,5.426770528
"dij","Dai",820,0,16.55232158,57.20761681,4.180589437
"dik","Southwestern Dinka",450000,7,55895.31519,117.1415291,3.405061126
"dil","Dilling",5300,2,456.1252967,246.8576584,4.508156061
"dim","Dime",570,4,814.7191397,1306.354279,6.304843664
"dio","Dibo",100000,7,6263.683293,289.4961548,4.976908684
"dip","Northeastern Dinka",320000,7,37514.2104,220.5754228,3.444595814
"diq","Dimli",1500000,0,156.3836422,1077.877472,6.478203058
"dir","Dirim",9000,1,1626.484535,1229.177124,6.162100792
"dis","Dimasa",112000,4,881.81019,1553.515381,6.260782719
"dit","Dirari",0,3,27100.00273,167.2619514,4.015614152
"diu","Diriku",36200,8,27119.90753,130.6203766,3.866122246
"div","Dhivehi",340500,0,185.2776156,1.050561786,2.946033955
"diw","Northwestern Dinka",80000,4,11499.57563,166.2269239,3.341922045
"dix","Dixon Reef",50,6,128.7989946,194.9789124,5.632886171
"diy","Diuwe",100,5,607.5138854,1866.431763,4.598676682
"diz","Ding",155000,7,8333.923762,230.1698227,4.414245903
"djb","Djinba",45,5,3406.610258,225.350174,4.475426674
"djc","Dar Daju Daju",34000,9,6288.411877,239.5257416,3.914487123
"djd","Jaminjung-Ngaliwurru",120,3,4108.745699,227.4359207,4.845721722
"dje","Zarma-Kaado",2438900,11,75227.49762,76.82649422,3.614328504
"djf","Djangun",0,2,11648.55789,450.5400696,5.62198925
"dji","Djinang",210,6,4123.738369,134.1550407,4.116720319
"djj","Djeebbana",240,3,250.7816266,185.8215046,4.544746637
"djm","Jamsay Dogon",130000,19,9787.601065,165.7788849,4.388505459
"djn","Jawoyn",43,4,12617.98394,255.9785957,4.467053294
"djo","Jangkang",37000,5,2757.340405,390.8215942,4.79955101
"djr","Djambarrpuyngu",4282,2,43.75229161,82.48857689,3.688694
"dju","Kapriman",1640,5,560.4095907,1519.695343,6.334013462
"djw","Djawi",0,2,1229.968725,148.1101074,4.454882622
"dka","Dakpakha",2000,4,124.7076768,2694.639954,6.778354883
"dkk","Dakka",1500,4,23.81790406,1409.319885,6.685564518
"dkr","Kuijau",0,2,23.70602047,945.8967285,6.378071308
"dks","Southeastern Dinka",250000,4,10127.81087,58.39139557,2.244011164
"dkx","Mazagway",17000,8,488.4167822,467.9548645,5.13854599
"dlg","Dolgan",1050,4,74489.59122,1026.240173,5.002850374
"dln","Darlong",6000,2,168.115487,271.4711304,3.788746357
"dma","Duma",9840,3,333.4785614,416.2216835,4.976227999
"dmc","Dimir",3820,4,143.8442646,1746.354324,6.392463326
"dme","Dugwor",5000,4,21.06004837,269.8820686,3.989992976
"dmg","Upper Kinabatangan",0,6,1261.729126,753.4922791,5.883290052
"dmk","Domaaki",340,2,11.27303366,1816.90271,6.907860756
"dml","Dameli",5000,1,56.98152372,2698.743225,7.037541389
"dmm","Dama (Cameroon)",50,1,3.476567385,376.9195023,4.876743317
"dmo","Kemezung",4500,3,155.5333862,1108.035416,5.829763412
"dmr","East Damar",2800,1,99.1924568,34.55973434,4.224366665
"dms","Dampelas",2000,4,760.3623466,482.6442299,6.317546844
"dmu","Dubu",220,5,260.1461894,1651.89798,6.48093915
"dmv","Dumpas",0,3,45.42979802,436.6037292,5.798703909
"dmx","Dema",5000,2,1156.814397,729.5180511,5.649077892
"dmy","Demta",1300,4,101.5314402,1018.881248,6.221927762
"dna","Upper Grand Valley Dani",20000,4,253.8245748,2266.903931,7.031996489
"dnd","Daonda",170,3,12.06707961,988.9312134,6.103123665
"dne","Ndendeule",100000,3,10094.00279,932.0668411,5.861558199
"dng","Dungan",40000,2,559.7898327,2377.592773,6.924062729
"dni","Lower Grand Valley Dani",20000,6,1217.000053,2133.413208,6.220889886
"dnk","Dengka",20000,3,171.3490569,32.34194565,5.410171986
"dnn","Dzùùngoo",13400,7,924.0020626,146.7953746,4.134448051
"dnr","Danaru",260,4,54.2627669,2141.664124,7.110357523
"dnt","Mid Grand Valley Dani",50000,6,748.5939762,2266.903931,7.031996489
"dnu","Danau",1000,0,113.4797297,873.8367004,6.080328465
"dnw","Western Dani",180000,12,9552.080256,2266.903931,7.031996489
"dny","Deni",740,2,4800.342252,69.37187958,3.236361623
"doa","Dom",12000,4,184.951236,2487.246094,6.933227539
"dob","Dobu",10000,4,376.8375277,504.3609594,5.544491609
"doc","Northern Dong",463000,3,4629.970301,493.0716248,5.787639856
"doe","Doe",24000,5,685.5363163,835.9802856,5.52472496
"dof","Domu",950,3,108.9180234,1126.683517,6.858831644
"doh","Dong",5000,6,241.3234324,705.0296631,5.576126575
"dok","Dondo",13000,5,1560.801056,482.6442299,6.317546844
"dol","Doso",700,2,101.5053675,415.2581406,3.796748559
"don","Toura (Papua New Guinea)",1800,3,824.3042137,1892.6604,7.190649509
"doo","Dongo",12900,5,1460.002544,505.8438721,5.114546061
"dop","Lukpa",63600,10,2054.465494,246.9960098,4.595091581
"dor","Dori'o",2410,2,227.302893,447.8432312,5.977975368
"dos","Dogosé",20000,8,5328.009286,158.2913666,4.29618454
"dot","Dass",8830,5,152.7743672,679.3311615,5.087510467
"dov","Toka-Leya-Dombe",5430,1,86.02276467,505.1013947,4.923030138
"dow","Doyayo",18000,10,2295.031989,683.534373,5.528967063
"dox","Bussa",19700,4,260.0095523,1325.46106,6.516802788
"doy","Dompo",65,0,2842.983233,170.9926707,4.3607982
"doz","Dorze",20800,2,333.7862396,1315.910828,6.528440118
"dpp","Papar",0,2,18.06676604,599.9164352,5.899141312
"drb","Dair",1000,2,385.9035533,244.1084976,4.368705988
"drd","Darma",1750,1,679.6821995,3449.374512,7.141096115
"dre","Dolpo",1670,2,1912.54215,2999.180756,6.646631122
"drg","Rungus",55000,7,1378.002546,119.7151794,5.714117765
"dri","C'lela",90000,6,3285.810145,193.4811287,4.308550239
"drl","Paakantyi",24,1,29284.11882,114.5928421,3.280567169
"drn","West Damar",800,1,102.1533664,34.55973434,4.224366665
"dro","Daro-Matu Melanau",7600,1,846.4412176,281.2333984,4.381498277
"drq","Dura",3397,0,495.2756439,4507.749512,7.108198643
"drs","Gedeo",975000,2,957.3616044,1315.910828,6.528440118
"dru","Rukai",10500,5,792.2140922,1091.506744,6.808021188
"dry","Darai",11700,1,3.496437229,2448.70039,5.333576322
"dsb","Lower Sorbian",6670,1,131.6044161,230.2562256,4.285341024
"dsh","Daasanach",60500,4,4045.241318,1042.351929,5.991994858
"dsi","Disa",2370,4,356.6254643,124.7696419,3.67289114
"dsq","Tadaksahak",100000,7,93914.11538,92.95201874,3.985552311
"dta","Dagur",96100,9,21274.34264,415.6426697,4.917925835
"dtb","Labuk-Kinabatangan Kadazan",0,10,10092.30877,561.0878296,5.388508797
"dti","Ana Tinga Dogon",500,4,4.800697178,165.7788849,4.388505459
"dtk","Tengou-Togo Dogon",127000,7,2562.062026,119.6002388,3.832045794
"dtm","Tomo Kan Dogon",133000,9,6486.35541,119.6002388,3.832045794
"dtp","Central Dusun",141000,18,7208.953417,540.4205602,5.979208469
"dtr","Lotud",0,2,186.8546243,530.0869255,6.274558306
"dts","Toro So Dogon",50000,5,1467.503814,165.7788849,4.388505459
"dtt","Toro Tegu Dogon",2900,1,426.2035321,89.06420517,3.543204943
"dtu","Tebul Ure Dogon",3000,3,19.0035319,165.7788849,4.388505459
"dua","Duala",87700,7,1712.423664,917.5430145,6.092959404
"dub","Dubli",252000,2,1023.238637,354.8303795,5.146704555
"duc","Duna",11000,4,1921.210929,2471.141968,6.605589628
"dud","Hun-Saare",73000,8,3383.230722,245.196907,4.604712725
"due","Umiray Dumaget Agta",3000,3,2646.758224,910.3200378,6.166534662
"duf","Dumbea",2000,2,1914.150341,372.9292908,5.920311451
"dug","Duruma",397000,4,4222.93467,495.1815796,5.376486301
"duh","Dungra Bhil",100000,1,3040.550983,303.4533005,4.81845212
"dui","Dumun",35,3,53.54627562,2141.664124,7.110357523
"duk","Duduela",470,4,113.5683892,2141.664124,7.110357523
"dul","Alabat Island Agta",30,1,24.62550779,415.393809,5.809245745
"dun","Dusun Deyah",20000,4,1820.967497,288.0073547,5.361648083
"duo","Dupaninan Agta",1200,5,2890.685469,772.3557485,6.420091867
"duq","Dusun Malang",4500,8,4656.183185,415.7054901,4.958111227
"dur","Dii",47000,10,13131.37874,603.6871529,5.26025784
"dus","Dumi",7640,4,148.2543507,2290.923584,5.830791116
"duu","Drung",14225,3,4280.162718,2832.20166,7.115923405
"duv","Duvle",930,5,800.5921057,1396.417938,6.374885559
"duw","Dusun Witu",5000,4,674.5114274,225.969635,4.506129146
"dux","Duungooma",70000,6,2344.943992,146.390686,4.133498907
"duy","Dicamay Agta",0,1,343.6688021,1049.937195,6.420091867
"duz","Duli-Gewe",0,2,1998.222912,505.0318298,5.355997562
"dva","Duau",3550,2,224.341611,425.5939465,5.18411243
"dwa","Diri",7200,5,501.6129336,480.6806335,4.739094019
"dww","Dawawa",2500,4,217.4827358,724.4180908,6.134134293
"dya","Dyan",14100,7,365.5586886,143.8329124,4.121711969
"dyb","Dyaberdyaber",0,3,3966.414423,121.0185213,4.478431582
"dyd","Dyugun",0,4,6613.595664,121.0185213,4.478431582
"dyi","Djimini Senoufo",95500,6,10225.16102,142.1133499,4.209068537
"dym","Yanda Dom Dogon",2000,4,139.623181,165.7788849,4.388505459
"dyo","Jola-Fonyi",407000,16,7189.183646,32.27769279,3.006101012
"dyu","Dyula",2500000,24,10520.02622,133.0319519,4.221273899
"dyy","Dyaabugay",29,2,649.5182154,450.5400696,5.62198925
"dza","Tunzu",2500,2,41.84994223,679.3311615,5.087510467
"dzg","Dazaga",381000,11,479391.0978,146.932106,3.922299385
"dzl","Dzalakha",22000,6,2759.450502,3240.611816,7.045140028
"dzn","Dzando",6000,4,720.9568103,119.3866882,3.587871552
"dzo","Dzongkha",171000,15,16312.47713,2472.864075,6.403575182
"ebg","Ebughu",5000,4,74.53412552,423.7205048,5.603181601
"ebo","Teke-Eboo-Nzikou",20400,9,21803.32235,238.9093374,4.34646519
"ebr","Ebrié",75900,6,1035.132205,170.2126007,4.189496994
"ebu","Embu",429000,6,2889.937842,1189.294281,6.078211784
"efa","Efai",6320,2,25.27739335,423.7205048,5.603181601
"efe","Efe",20000,18,28249.94656,678.2807007,5.513251305
"efi","Efik",400000,11,2143.595823,370.4517517,4.67139864
"ega","Ega",2500,0,15.98623918,179.9412308,4.259774923
"ego","Eggon",140000,4,912.1220254,684.9346924,5.532274246
"ehu","Ehueun",14200,4,199.3534448,380.1930084,4.969872236
"eip","Eipomek",3000,3,671.3442717,1920.527695,5.931137681
"eit","Eitiep",500,4,36.96955325,798.9605103,5.861983538
"eiv","Askopan",1200,6,528.2109417,520.0935974,6.399749279
"eja","Ejamat",8230,3,575.136721,32.27769279,2.920206865
"eka","Ekajuk",63000,6,428.7380103,727.786972,5.333243728
"eke","Ekit",200000,6,287.7329308,423.7205048,5.603181601
"ekg","Ekari",100000,8,12236.49255,1554.899414,7.059056282
"eki","Eki",5000,4,79.64455538,370.4517517,4.67139864
"ekk","Estonian",1040000,5,45437.99628,122.3595352,4.039903164
"ekm","Elip",6400,7,458.0805968,786.6901398,5.513936996
"eko","Koti",77000,3,657.4229103,271.7741013,4.613827229
"ekp","Ekpeye",30000,8,744.1709189,168.0540466,3.472975969
"ekr","Yace",50000,3,188.5463124,604.9888153,5.125546932
"eky","Eastern Kayah",26000,6,4280.805831,854.3030243,6.001437902
"ele","Elepi",330,2,12.43254945,753.1196289,5.36567688
"elh","El Hugeirat",50,1,681.8249264,194.3443298,4.087134123
"eli","Nding",0,0,652.8716936,174.4994125,3.221096754
"elk","Elkei",1640,5,110.0078935,798.9605103,5.861983538
"ell","Modern Greek",11846920,24,186727.4195,690.2717896,6.503797054
"elm","Eleme",58000,3,82.68834238,269.6792212,4.263822079
"elo","El Molo",8,0,27370.44707,876.3657227,6.05163455
"elu","Elu",220,2,13.00724638,71.9605484,4.823676586
"ema","Emai-Iuleha-Ora",100000,9,770.499034,351.4570923,5.167666912
"emb","Embaloh",10000,4,2193.082167,497.4588013,5.430763721
"eme","Teko",400,3,513.7525898,161.475174,4.118048906
"emg","Eastern Meohang",0,4,51.01331308,2185.364502,6.084828138
"emi","Mussau-Emira",3651,0,388.6248803,112.4737612,4.551846027
"emk","Eastern Maninkakan",3498000,13,90975.55397,140.8622475,3.881813407
"emn","Eman",800,5,35.17455342,1106.72113,5.925098896
"emp","Northern Emberá",72200,8,26828.4987,1299.371582,6.238219738
"ems","Pacific Gulf Yupik",300,2,27804.21047,1025.041768,6.474231561
"emu","Eastern Muria",200000,7,4728.315868,587.0518646,5.391818047
"emw","Emplawas",250,2,23.85323733,64.12904263,3.995591462
"ena","Apali",980,4,599.462562,2487.246094,6.933227539
"enb","Markweeta",180000,6,2627.083373,1548.248291,6.39795804
"enc","En",200,1,6.398133933,905.8083649,5.901335478
"end","Ende",110000,2,662.2926992,574.1831055,6.362447262
"enf","Forest Enets",40,2,2873.510972,285.5864944,4.486697912
"enh","Tundra Enets",40,2,2932.251077,123.2624029,4.076861699
"enn","Engenni",20000,5,193.5066598,168.0540466,3.472975969
"eno","Enggano",1500,0,400.0588884,587.7759399,3.636982381
"enq","Enga",230000,9,7284.87437,2458.823486,6.990205526
"enr","Emumu",2000,5,648.9513622,988.9312134,6.103123665
"enu","Enu",30000,0,1872.144801,782.0926819,6.192025185
"env","Enwan (Edu State)",14000,6,114.7043942,351.4570923,5.167666912
"enw","Enwan (Akwa Ibom State)",15000,4,75.44423144,423.7205048,5.603181601
"eot","Beti (Côte d'Ivoire)",200,3,282.855006,180.5846939,4.229865789
"epi","Epie",12000,6,219.2662943,168.0540466,3.472975969
"era","Eravallan",5000,2,515.8036379,859.1639404,6.48571682
"erg","Sie",1900,1,735.815889,76.60994339,4.956988096
"erh","Eruwa",64000,3,391.4447481,168.0540466,3.472975969
"eri","Ogea",2210,4,76.45191036,2141.664124,7.110357523
"erk","South Efate",6000,4,682.6799272,128.09338,5.000798941
"ero","Stau-Dgebshes",45000,5,7087.694118,1303.735718,6.500953436
"err","Erre",0,1,1274.765638,169.3298397,4.232854426
"ers","Ersu",20000,3,2604.093825,2236.854797,6.808152914
"ert","Eritai",530,3,771.7639751,1396.417938,6.374885559
"erw","Erokwanas",200,4,126.1174006,751.7624969,5.963970661
"ese","Ese Ejja",730,2,5442.789173,495.394989,4.093537649
"esh","Eshtehardi",0,4,6407.464245,1749.946976,6.709452748
"esi","North Alaskan Inupiatun",0,2,54559.12385,268.7459819,4.334441821
"esk","Seward Alaska Inupiatun",5580,1,117428.903,386.0428162,5.513332844
"esq","Esselen",80,4,2335.952913,622.3693848,6.064563274
"ess","Central Siberian Yupik",1910,2,6548.617599,26.0243597,4.485457659
"esu","Central Alaskan Yupik",10000,1,127594.578,259.3272552,4.397289991
"etb","Etebi",15000,4,28.33393073,423.7205048,5.603181601
"etn","Eton (Vanuatu)",500,1,12.05163528,128.09338,5.000798941
"eto","Eton-Mengisa",52000,8,3184.681685,655.837265,4.934914589
"etr","Edolo",1670,2,531.7661462,1974.992188,6.05109024
"ets","Yekhee",274000,8,3025.029368,351.4570923,5.167666912
"etu","Ejagham",116700,18,7886.935491,850.5851288,5.540940523
"etx","Eten",40000,6,111.7567328,679.3311615,5.087510467
"etz","Semimi",1000,3,2398.312818,740.1288452,5.99274826
"eus","Basque",544200,5,9542.254386,713.8048782,5.787246466
"eve","Even",5660,3,57000.93791,562.2880249,4.881514072
"evh","Uvbie",19800,4,202.7102095,98.00015259,3.516828656
"evn","Evenki",16800,9,489058.3053,459.3560384,5.50103267
"ewe","Ewe",3112000,20,16400.99435,298.1988068,4.86211729
"ewo","Ewondo",578000,13,15989.09744,322.1522522,4.563074112
"ext","Extremaduran",201500,3,5176.802449,663.65271,5.498247941
"eya","Eyak",50,2,25969.78346,1199.899536,6.521651268
"eyo","Keiyo",314000,4,3297.533797,1587.238464,6.56069684
"eze","Uzekwe",5000,5,35.23359882,348.8528137,4.741388559
"faa","Fasu",1200,4,2461.568234,1706.546753,5.994637489
"fad","Wagi (Papua New Guinea)",3380,4,41.96436034,2141.664124,7.110357523
"faf","Fagani",900,2,819.3312587,262.2314034,5.653765519
"fag","Finongan",1300,4,42.3867593,1785.090088,7.233548403
"fai","Faiwol",4500,9,3353.82452,2511.883057,6.163995743
"faj","Kulsab",50,2,24.77650109,2487.246094,6.933227539
"fak","Fang (Cameroon)",2400,6,48.50771947,1147.539795,6.004099528
"fal","South Fali",20000,2,918.6664806,505.0318298,5.355997562
"fam","Fam",1000,0,224.8488385,971.9898071,5.629380584
"fan","Fang (Equatorial Guinea)",1306100,17,89441.49193,405.0719833,4.971348405
"fao","Faroese",45000,0,1415.350102,53.07091141,4.788253307
"fap","Palor",10700,1,16.06513374,33.80359268,3.26093936
"far","Fataleka",6700,3,320.0143883,471.6794891,5.977975368
"fau","Fayu",1400,6,2314.21891,1179.54332,6.396161437
"fax","Fala",10500,3,167.7033125,664.126709,5.630544186
"fay","Fars Dialects",100000,5,31757.37859,1433.184123,6.536495686
"fer","Feroge",8000,7,419.8117035,216.3624496,4.250904799
"ffm","Maasina Fulfulde",1000000,28,290258.1137,119.8025703,3.661436915
"fgr","Fongoro",0,6,5668.905379,333.6728973,4.609037161
"fia","Nobiin",605000,3,9965.117807,217.1295166,4.329113364
"fie","Fyer",26100,3,30.97877546,877.9816895,5.435926914
"fij","Fijian",330000,1,11608.76048,221.0307007,5.325935841
"fil","Filipino",0,1,3928.271328,412.2036972,5.540220022
"fin","Finnish",5138900,12,308994.1261,166.9784271,4.044405365
"fip","Fipa",195000,6,11393.42068,904.9875488,6.165491581
"fir","Firan",2500,2,8.273038788,679.3311615,5.087510467
"fit","Tornedalen Finnish",60000,4,37012.01867,400.9459839,4.809094906
"fiw","Fiwaga",300,3,362.7239446,1877.011841,6.338659883
"fkv","Kven Finnish",5000,5,1117.184904,230.2375997,4.904464086
"fla","Kalispel-Pend d'Oreille",64,2,1742.146943,1170.546326,6.293337107
"flh","Foau",350,6,4938.051014,1447.895874,6.422052622
"fli","Fali",25000,7,309.7784353,467.9548645,5.13854599
"fll","North Fali",16000,6,949.8750791,467.9548645,5.13854599
"fln","Flinders Island",0,2,835.7375715,242.7701874,4.67033124
"flr","Fuliiru",400000,7,3370.799499,978.7523041,6.139311314
"fmp","Fe'fe'",124000,6,814.3218137,1330.718506,6.410482407
"fmu","Far Western Muria",400000,3,1066.81863,218.4743805,4.608170509
"fni","Fania",1100,9,4063.289287,124.7696419,3.67289114
"fod","Foodo",24500,3,137.32818,266.7806651,4.590976079
"foi","Foi",2800,3,1108.084875,1706.546753,5.994637489
"fon","Fon",1435500,19,5828.348672,338.9494247,4.765662193
"for","Fore",17000,7,713.4819417,1916.283508,6.958115339
"fos","Sirayaic",0,1,3015.243088,1091.506744,6.808021188
"fqs","Momu-Fas",2500,5,2004.716261,589.8666229,6.021802902
"frc","Cajun French",25600,4,37000.1374,100.1923828,3.061701059
"frd","Fordata",50000,0,972.9130686,53.47127247,4.226109266
"frp","Arpitan",137000,5,47867.65144,1287.23056,5.86130619
"frq","Forak",280,3,4.423204439,1796.082153,7.287487507
"frr","Northern Frisian",10000,2,604.4835046,39.37290573,3.498039484
"frs","German Northern Low Saxon",2000,1,123.4224379,338.8261948,4.176306009
"frt","Kiai",450,6,168.0244009,203.6951396,5.835590839
"fry","Western Frisian",467000,4,3031.212115,88.22812271,3.798597813
"fub","Adamawa Fulfulde",907000,71,70429.46718,505.0318298,5.355997562
"fuc","Pulaar",3691000,26,186636.9385,66.41250896,3.205155313
"fud","East Futuna",3600,0,92.10242795,7.796545029,1.55351313
"fue","Borgu Fulfulde",280000,3,4579.966625,209.1854019,4.398528934
"fuf","Pular",2779200,14,81704.50582,302.3517342,4.959545791
"fuh","Western Niger Fulfulde",1230000,18,98569.65456,76.82649422,3.614328504
"fui","Bagirmi Fulfulde",24000,5,46081.87091,80.93772507,2.921315074
"fuj","Ko",2680,1,274.8089119,336.9057007,4.371409416
"fun","Fulniô",2930,1,1407.266936,585.3054199,5.38087225
"fuq","Central-Eastern Niger Fulfulde",450000,7,343978.8091,106.1764145,3.640650034
"fur","Friulian",300000,4,4756.986299,2014.708374,6.640640497
"fut","Futuna-Aniwa",1500,0,18.06794286,135.4240723,4.758507252
"fuu","Furu",16000,10,3306.022273,142.3881531,4.378334284
"fuv","Hausa States Fulfulde",11585000,9,34922.35815,269.8820686,3.989992976
"fuy","Fuyug",14000,8,2914.145408,1763.608978,7.142966628
"fvr","Fur",501800,10,114596.0088,733.7064209,5.79754734
"fwa","Fwâi",1860,2,91.89200103,282.3995056,5.718149662
"fwe","Fwe",10200,6,3374.926597,149.5231476,3.832846761
"gaa","Ga",600000,6,1675.617048,193.3315277,4.635757685
"gab","Gabri",34400,4,513.3387191,192.6016693,4.147084236
"gad","Gaddang",30000,8,800.9444895,1322.505371,6.531216621
"gae","Baniva de Maroa",650,6,25973.90737,533.9492207,4.409147322
"gaf","Gende",8000,4,572.3747827,2487.246094,6.933227539
"gag","Gagauz",168000,5,17524.20092,231.6948204,4.641865492
"gah","Alekano",25000,5,257.3407231,1963.67867,6.884284019
"gai","Borei",2090,4,116.649894,897.2494507,5.110510349
"gaj","Gadsup",22100,6,400.0034357,1916.283508,6.958115339
"gak","Gamkonora",1500,2,82.80535678,267.2740326,5.947149992
"gal","Galoli-Talur",13680,7,1187.269956,607.0228004,6.233151197
"gam","Kandawo",4000,2,322.4052562,2487.246094,6.933227539
"gao","Gants",1880,4,149.2391961,2487.246094,6.933227539
"gap","Gal",340,6,20.29299421,2141.664124,7.110357523
"gaq","Gata'",3060,4,152.2858777,758.1212769,5.795221329
"gar","Galeya",2620,2,175.1307301,371.2779503,5.23030138
"gas","Adiwasi Garasia",100000,1,5453.999847,361.2023849,4.598775148
"gat","Kenati",950,3,86.24958543,1916.283508,6.958115339
"gau","Mudhili Gadaba",8000,3,733.6549936,768.8763428,5.91158843
"gaw","Nobonob",5000,12,211.0337103,1746.354324,6.392463326
"gax","Borana-Arsi-Guji Oromo",3949600,30,316038.6101,915.484726,5.863771081
"gay","Gayo",300000,3,7681.642454,1160.062042,6.778681517
"gaz","West Central Oromo",8920000,33,115405.9849,1199.301025,6.48571682
"gbb","Kaytetye",140,4,9654.217798,225.6263847,4.474387765
"gbd","Karadjeri",26,2,11799.34016,144.3531837,4.387747765
"gbe","Niksek",930,4,726.6964713,1635.051239,6.233786583
"gbf","Gaikundi",1200,6,192.7799782,608.9898071,5.62084341
"gbg","Gbanziri-Boraka",17500,12,3186.715403,166.0248985,4.366431117
"gbh","Defi Gbe",13500,2,74.7405984,110.8378437,4.426436424
"gbi","Galela",79000,6,4593.216973,414.3002625,5.966472626
"gbj","Bodo Gadaba",8000,1,444.6882578,768.8763428,5.91158843
"gbk","Gaddi",110000,7,2601.784393,4040.362549,7.142654419
"gbl","Gamit",284000,4,657.8130205,354.8303795,5.146704555
"gbm","Garhwali",2920000,7,14591.47751,4311.147461,6.767385483
"gbn","Mo'da",600,2,672.4483133,202.3870926,3.809352517
"gbo","Northern Grebo",84500,9,7332.503166,224.0685272,4.36089468
"gbp","Gbaya-Bossangoa",200000,8,7936.293903,272.3157908,4.332732757
"gbq","Gbaya-Bozoum",32500,7,10072.80504,471.4412537,4.953606129
"gbr","Gbagyi",700000,16,21438.41522,416.64785,4.98980844
"gbs","Gbesi Gbe",65000,4,169.2482651,204.5183252,4.716890335
"gbu","Gaagudju",1,2,1112.953344,248.6659698,4.433883667
"gbv","Gbanu",95000,5,15873.94281,298.8959045,4.706969261
"gbx","Eastern Xwla Gbe",80000,5,152.6296612,110.8378437,4.426436424
"gby","Gbari",350000,11,8511.353457,289.4961548,4.976908684
"gbz","Zoroastrian Dari",8000,1,3468.313223,1133.855815,6.39291207
"gcc","Mali",2200,5,1394.712236,607.9211121,6.586853743
"gcd","Ganggalida",1,3,3050.205968,136.8323708,4.045962512
"gce","Galice",0,2,12990.25453,963.9988403,6.166075706
"gcn","Gaina",1410,3,43.07741741,1962.103271,7.013994217
"gda","Gade Lohar",1010,1,5671.431655,186.8995762,3.956409872
"gdb","Pottangi Ollar Gadaba",15000,0,547.2688278,768.8763428,5.91158843
"gdc","Gugu Badhun",0,5,18491.62903,531.2752075,5.360111237
"gdd","Gedaged",6950,4,37.21752339,1746.354324,6.392463326
"gde","Gude",96000,7,600.2823948,467.9548645,5.13854599
"gdf","Guduf-Gava",55900,4,52.39040676,430.8778992,4.921094418
"gdg","Ga'dang",6000,4,409.8672602,1049.937195,6.420091867
"gdh","Gajirrabeng",3,5,19187.15074,298.7491226,4.931596994
"gdi","Gundi",9000,8,5251.725876,135.964859,4.52796936
"gdj","Gurdjar",1,2,3708.055907,109.1882324,3.505824089
"gdk","Gadang",2500,2,994.1978697,52.98921204,2.783738613
"gdl","Dirasha",65300,6,1032.686584,1353.70813,6.369137764
"gdm","Laal",750,4,131.2551313,109.7311649,3.506550074
"gdn","Umanakaina",2400,6,497.4429999,925.5508041,6.496482968
"gdo","Godoberi",130,5,51.79643237,1494.213989,6.249393225
"gdq","Mehri",100800,7,111909.6139,561.8238678,5.204191685
"gdr","Wipi",3500,7,2591.36947,41.55844879,3.171231508
"gdu","Gudu",5000,2,163.2759556,496.9773712,5.214917302
"gdx","Godwari",3000000,8,33321.76723,381.8859329,4.817055941
"gea","Geruma",9030,6,815.125543,567.3654785,4.772120476
"geb","Kire",2420,3,150.4558113,1692.247772,6.021868944
"gec","Gboloo Grebo",64400,4,327.8690259,138.1282726,4.36568594
"ged","Gade",72100,2,1843.941966,487.2154236,5.254591465
"geh","Hutterite German",40000,6,245682.3665,504.5268097,4.883797169
"gei","Gebe",2650,0,242.0699037,294.4333801,5.47272253
"gej","Gen",327000,2,180.5864898,204.5183252,4.716890335
"gek","Yiwom",14100,3,68.70920429,1071.028687,5.339579582
"gel","Ut-Main",36000,4,2121.751645,146.069519,4.122270346
"geq","Geme",550,2,130.2819979,250.2605591,4.171332002
"ges","Geser-Gorom",36500,2,578.4729317,610.673584,6.057122231
"gew","Gera",200000,10,2152.74402,567.3654785,4.772120476
"gex","Garre",57500,3,2553.244698,238.7299423,4.64309597
"gey","Enya",15000,5,978.6513157,465.3553619,4.980030179
"gez","Geez",0,2,84571.53476,508.904541,5.501544476
"gfk","Patpatar",7000,2,556.7313266,606.7848511,6.437785625
"gga","Gao",1220,2,152.5711064,373.4177971,5.754378637
"ggb","Gbii",5600,5,1482.100754,312.6441154,4.610640883
"ggd","Gugadj",0,5,15253.37427,109.1882324,3.505824089
"gge","Guragone",60,4,1028.191965,308.0533142,4.756495476
"ggg","Gurgula",35300,2,1545.579234,521.1985931,4.379771829
"ggk","Kungarakany",0,4,1929.092291,134.143692,4.120710373
"ggl","Ganglau",470,4,54.17170614,2141.664124,7.110357523
"ggt","Gitua",760,3,31.1263322,1402.202866,6.950956821
"ggu","Gban",60000,4,829.2638395,165.5242729,4.192875385
"ggw","Gogodala",22000,6,2867.734473,512.1255379,4.056661487
"gha","Ghadames",10000,3,212.225376,222.6250916,4.493999004
"ghe","Southern Ghale",21500,6,320.9332492,4507.749512,7.108198643
"ghh","Northern Ghale",4440,3,177.8829732,4507.749512,7.108198643
"ghk","Geko Karen",17000,4,1866.734491,908.1501465,5.81708169
"ghl","Uncunwee",16000,1,709.3717993,246.8576584,4.508156061
"ghn","Ghanongga",2510,1,92.67711118,282.933665,5.672062238
"gho","Ghomara",10000,2,10712.86991,1055.270996,6.470802784
"ghr","Ghera",10000,2,1.555479492,326.743391,4.032702506
"ghs","Guhu-Samane",13000,7,1477.453353,1763.608978,7.142966628
"ght","Kutang Ghale",29,2,79.03348327,4507.749512,7.108198643
"gia","Kitja",210,5,30503.39818,306.7855186,4.708735466
"gid","Gidar",65700,6,2027.572742,323.4007854,4.433368146
"gig","Goaria",25400,1,19620.31691,879.1925125,4.813587844
"gil","Gilbertese",64040,3,1037.244573,0,0.77218765
"gim","Gimi (Eastern Highlands)",22500,5,838.0711562,2047.476929,6.682682276
"gin","Hinuq",5,2,30.0134278,2350.356934,7.008277893
"gip","Gimi (West New Britain)",3700,4,300.1188896,797.8806229,6.52510802
"giq","Hagei Gelao",300,2,507.2813206,847.207222,5.849804759
"gir","Red Gelao",20,5,171.7831873,1143.029236,6.123599768
"gis","North Giziga",20000,5,201.6008612,269.8820686,3.989992976
"git","Gitxsan",930,1,151.9909858,857.7390747,6.475283623
"giw","Duoluo Gelao",1220,12,1198.516292,1143.029236,6.123599768
"gix","Gilima",12000,4,1799.919089,189.661644,4.35452795
"giz","South Giziga",60000,7,1333.165569,323.4007854,4.433368146
"gji","Geji",6000,5,811.2504269,819.1970825,5.055850029
"gjk","Kachi Koli",570000,8,9672.08431,107.9751701,3.979795575
"gjn","Gonja",230000,7,10319.70402,166.739624,4.208394527
"gju","Gujari",992000,12,19151.66838,2735.818115,6.393241167
"gka","Guya",130,6,22.69205268,1796.082153,7.287487507
"gke","Ndai",5,1,5.974633119,603.6871529,5.26025784
"gkn","Gokana",100000,4,87.93543923,269.6792212,4.263822079
"gkp","Guinea Kpelle",460000,5,6368.893433,374.9085236,4.815354943
"gla","Scottish Gaelic",58700,3,5602.198239,179.1583252,5.255717278
"glc","Bon Gula",1200,3,981.4351379,136.2522011,3.571096063
"gld","Nanai",1390,4,14741.58736,1049.331024,5.595649004
"gle","Irish",254000,3,18060.41099,191.2605209,4.850632429
"glg","Galician",2355000,3,36551.17564,492.2169571,5.973587871
"glh","Northwest Pashayi",70000,8,3017.670953,3131.360229,7.098942757
"glj","Gula Iro",3500,7,1921.839834,150.9678764,3.60288161
"glk","Gilaki",3270000,3,6666.325567,2267.788818,6.853163242
"glo","Galambu",25000,4,322.8754843,819.1970825,5.055850029
"glr","Glaro-Twabo",4270,6,1393.301573,206.869194,4.345473766
"glu","Gula (Chad)",10300,4,645.8908121,124.7696419,3.67289114
"glv","Manx",0,4,6897.851064,410.539917,5.480035782
"glw","Glavda",31300,6,278.1459798,430.8778992,4.921094418
"gly","Gule",1000,1,55606.17051,120.1229248,3.662901163
"gma","Gambera",0,2,2803.00527,298.2838898,5.057552338
"gmb","Gula'alaa",1570,0,5.823142688,447.8432312,5.977975368
"gmd","Mághdì",2000,5,114.1676051,888.0291748,5.457853079
"gmm","Gbaya-Mbodomo",8000,11,12416.21833,237.1779842,4.520976484
"gmn","Gimnime",3000,4,212.9098394,683.534373,5.528967063
"gmu","Gumalu",580,1,1.626252064,2141.664124,7.110357523
"gmx","Magoma",9000,2,213.4143876,1259.50885,6.45671463
"gna","Kaansa",6000,4,1264.198506,144.7321644,4.224235296
"gnb","Gangte",14500,2,154.0804641,1087.531616,6.082821131
"gnd","Zulgo-Gemzek",26000,6,176.2913111,269.8820686,3.989992976
"gne","Ganang",3000,3,21.74180766,877.9816895,5.435926914
"gng","Ngangam",66000,6,1844.934472,299.320343,4.737091064
"gnh","Lere",0,0,0.678619598,548.7653198,5.003487428
"gni","Gooniyandi",410,5,5706.894673,256.4035721,4.476154566
"gnk","//Gana",2000,7,12605.17339,142.1733742,4.019387364
"gnl","Gangulu",0,5,57523.91756,329.0385895,4.799756289
"gnm","Ginuman",1440,4,204.6149858,925.5508041,6.496482968
"gnn","Gumatj",240,2,143.5687172,54.89763784,3.681481957
"gno","Northern Gondi",1950000,4,14148.15669,412.6156006,5.222826481
"gnq","Gana",0,1,58.73602263,945.8967285,6.378071308
"gnr","Gureng Gureng",0,4,24505.26565,345.8870697,4.972699761
"gnt","Warta Thuntai",350,3,706.0473445,35.64186859,2.716600895
"gnu","Gnau",1330,1,23.83754252,798.9605103,5.861983538
"gnw","Western Bolivian Guaraní",7000,3,19088.88137,2000.903931,6.553425312
"gnz","Ganzi",1400,2,19697.89275,147.2993927,3.85508275
"goa","Guro",500000,13,12456.25748,151.0198822,4.05508852
"gob","Playero",350,1,4617.140863,2158.663818,5.196719646
"goc","Gorakor",2740,3,286.8754899,1785.090088,7.233548403
"god","Godié",26400,8,5570.03878,189.6698608,4.330052853
"goe","Gongduk",2000,1,19.06995918,2595.684082,6.736559391
"gog","Gogo",1440000,10,37274.82476,916.0946198,5.888583541
"goi","Gobasi",1100,4,1126.825612,1536.624977,5.357548356
"gol","Gola",107300,7,8511.060439,372.8081665,4.633825302
"gom","Goan Konkani",3633900,6,17204.51922,580.4937439,5.743827581
"goo","Gone Dau",690,0,12.84750682,221.0307007,5.325935841
"gop","Yeretuar",350,3,344.0946264,971.5572357,6.27539587
"goq","Gorap",1000,2,62.92068138,267.2740326,5.947149992
"gor","Gorontalo",1000000,6,6736.158975,554.6232834,6.402322054
"gos","Gronings",592000,4,2640.524943,248.309761,4.176306009
"gou","Gavar",7000,5,184.0771304,430.8778992,4.921094418
"gow","Gorowa",50000,4,2140.10278,743.1786499,5.995214105
"gox","Gobu",12000,7,1343.426738,189.661644,4.35452795
"goy","Goundo",30,2,78.11641232,136.7696972,3.534199655
"goz","Gozarkhani",0,4,6205.096533,2464.663208,7.057661533
"gpa","Gupa-Abawa",15000,7,618.5720191,441.9626465,5.225616614
"gpn","Taiap",75,3,69.27178779,897.2494507,5.110510349
"gqa","Ga'anda",43000,3,257.7336472,496.9773712,5.214917302
"gqi","Guiqiong",6000,3,1110.353468,1624.37207,6.860605717
"gqr","Gor",87000,5,3840.753362,253.5741196,4.16641283
"gra","Rajput Garasia",100000,5,9855.815477,381.8859329,4.817055941
"grc","Ancient Greek",0,0,11869.88342,876.1844177,6.508544922
"grd","Guruntum-Mbaaru",15000,7,176.725766,819.1970825,5.055850029
"grg","Madi (Papua New Guinea)",380,4,21.19038443,1796.082153,7.287487507
"grh","Gbiri-Niragu",25000,5,239.1351862,539.4652405,5.119170904
"gri","Ghari",12100,4,1765.395737,383.1600037,5.952130795
"grj","Southern Grebo",61600,5,1105.725295,103.5962045,4.36568594
"grm","Kota Marudu Talantang",0,2,26.75517336,436.6037292,5.798703909
"gro","Groma",26800,4,1053.089737,2350.044067,6.070590973
"grq","Gorovu",15,3,54.63594759,1692.247772,6.021868944
"grr","Sud Oranais-Gourara",58000,4,37854.04508,669.571991,5.574148178
"grs","Gresi",2500,5,225.2164935,1018.881248,6.221927762
"grt","Garo",1009000,13,9515.825166,1210.084686,5.138779879
"gru","Kistane",255000,6,1020.881186,1318.518066,6.72128129
"grv","Central Grebo",30800,5,1604.290717,112.3574785,4.383502483
"grw","Gweda",26,2,2.686733909,724.4180908,6.134134293
"grx","Guriaso",160,4,426.2900471,988.9312134,6.103123665
"gry","Barclayville Grebo",23700,3,808.068969,112.3574785,4.383502483
"gsl","Gusilay",15400,2,67.32556921,32.27769279,3.006101012
"gsn","Gusan",800,5,58.60198342,1785.090088,7.233548403
"gso","Southwest Gbaya",220000,9,20558.68464,265.8569565,4.783255339
"gsp","Wasembo",590,1,88.55342407,2019.14209,7.133441448
"gsw","Central Alemannic",6169000,9,33247.71007,1188.548096,6.074306488
"gta","Guató",4,1,2707.886212,263.7953224,4.114059925
"gua","Shiki",1200,2,98.84983226,567.3654785,4.772120476
"guc","Wayuu",321000,2,32700.31146,1142.782528,5.445554137
"gud","Yocoboué Dida",102000,6,3062.748327,179.9412308,4.259774923
"gue","Gurindji",590,6,45842.03604,249.5062714,4.714334965
"guf","Gupapuyngu",330,4,623.1127819,134.1550407,4.116720319
"gug","Paraguayan Guaraní",4650000,19,354594.2897,143.9016466,3.61351645
"guh","Guahibo",34200,10,113026.504,120.8105698,3.136924982
"gui","Eastern Bolivian Guaraní",51230,5,46866.85032,1099.269264,5.506456733
"guj","Gujarati",45700000,10,142682.8315,182.8992004,4.416826487
"guk","Northern Gumuz",219000,6,37061.81877,1171.118622,6.153535128
"gum","Guambiano",21000,1,1215.335857,2931.504517,7.160820484
"gun","Mbyá Guaraní",15000,8,53528.38759,559.3394318,5.96436739
"guo","Guayabero",1000,2,5929.943983,566.4966021,4.064431787
"gup","Bininj Kun-Wok",1220,13,9989.485767,169.3298397,4.232854426
"guq","Aché",1000,3,3574.18014,186.0385895,4.19486022
"gur","Farefare",845100,5,3332.372352,187.97229,4.234268188
"gut","Maléku Jaíka",750,1,66.27680454,594.4095459,5.792328596
"guu","Yanomamö",19700,8,69841.96626,627.8520203,5.565264225
"guw","Gun",579000,6,1225.27385,110.8378437,4.426436424
"gux","Gourmanchéma",813000,11,62941.96974,92.93146515,3.541950941
"guz","Gusii",2205300,6,5877.252698,954.5909424,5.970880508
"gva","Guana (Paraguay)",28,5,765.2426616,156.3149122,3.621909062
"gvc","Kotiria",750,2,1436.228565,76.08055496,3.491845965
"gve","Duwet",400,3,24.83548935,1785.090088,7.233548403
"gvf","Golin",51100,5,932.2003875,2047.476929,6.682682276
"gvj","Guajá",280,1,10923.69907,176.6143723,4.148459435
"gvl","Gulay",163000,7,3546.033179,136.3961639,3.896679401
"gvm","Gurmana",3000,3,175.9347185,416.64785,4.98980844
"gvn","Kuku-Yalanji",360,2,5368.388232,356.2961121,5.254523277
"gvo","Gavião Do Jiparaná",340,1,911.5152534,216.964653,4.39515996
"gvp","Pará Gavião",0,1,1144.300728,195.164828,4.184237401
"gvr","Gurung",158000,8,2156.342806,4857.905762,7.085071564
"gvs","Gumawana",470,0,23.32771399,678.3092041,6.095396519
"gvy","Guyani",0,5,34837.27961,318.5310287,5.052508473
"gwa","Mbato",25000,3,419.7659176,180.5846939,4.229865789
"gwb","Gwa",980,3,79.4408254,679.3311615,5.087510467
"gwc","Kalami",100000,5,535.0343283,2698.743225,7.037541389
"gwd","Ale-Gawwada",68600,7,1677.23358,1325.46106,6.516802788
"gwe","Gweno",2200,4,533.524932,788.3458252,6.091187239
"gwf","Gowro",200,2,10.35525185,3217.729004,6.987045288
"gwg","Moo",5000,4,24.70300162,525.9998779,5.291288614
"gwi","Gwich'in",670,1,8727.667216,952.2111206,5.76127553
"gwj","/Gwi",2500,9,23904.18298,159.3972168,4.119505405
"gwn","Gwandara",27300,15,3585.462187,684.9346924,5.532274246
"gwr","Gwere",409000,5,1459.865255,938.9922981,5.148241937
"gwt","Gawar-Bati",9500,5,103.3580727,3151.301921,7.084478537
"gwu","Guwamu",0,5,55938.54907,239.0979996,3.938278317
"gww","Kwini",50,1,157.0706803,345.7168884,4.798287153
"gwx","Gua",60200,2,197.6165983,282.1754456,4.778396726
"gxx","Wè Southern",293000,9,13675.04858,224.6209183,4.372335792
"gya","Northwest Gbaya",267000,20,62615.53675,593.9775162,5.217442155
"gyb","Garus",2650,8,168.4162376,1746.354324,6.392463326
"gyd","Kayardild",23,1,148.5153906,46.64881897,3.449180841
"gye","Gyem",1000,1,151.9862497,677.4633179,4.939255873
"gyf","Gungabula",0,4,40225.35353,406.7140198,4.932891846
"gyg","Gbayi",5000,4,543.917868,147.671402,4.360044956
"gyi","Gyele",4279,9,8616.31581,457.6801147,5.3251489
"gyl","Gayil",55700,4,211.2021788,1286.789124,6.565350771
"gym","Ngäbere",174100,4,10117.74021,1459.347534,6.804171562
"gyr","Guarayu",5930,2,18613.94664,270.5296936,4.692325354
"gyy","Gunya",0,7,52849.50746,196.4415207,4.205569029
"gza","Ganza",3000,3,10218.42221,1218.894608,6.275083184
"gzi","Gazi",7030,1,329.4678759,1257.200439,6.363783677
"gzn","Gane",2900,4,1559.155043,269.3351364,5.764955997
"haa","Han",19,0,1217.991931,949.5222575,5.726926168
"hac","Gurani",200000,2,22673.07867,1263.753174,6.314060092
"had","Hatam",16000,2,1096.505571,690.2702484,6.602007151
"hae","Eastern Oromo",4530000,5,37000.16591,1462.921326,6.337502003
"hag","Hanga",6800,3,1251.480502,162.4852524,4.320318937
"hah","Hahon",1300,4,290.6781314,529.6743622,6.531032801
"haj","Hajong",71000,7,2422.335349,1218.669601,4.436214805
"hal","Halang",17500,6,1090.842949,953.9423218,6.100522041
"ham","Hewa",2150,6,2810.888539,1850.424581,6.277340889
"han","Hangaza",150000,6,1664.78606,716.2942581,5.528250933
"hao","Hakö",5000,2,117.8475064,436.6889458,6.034129143
"hap","Hupla",3000,3,76.53006608,2090.648254,5.728715658
"haq","Ha",990000,9,14076.91397,863.0408936,5.572983742
"har","Harari",25800,1,5.299333543,1117.030396,6.119589806
"has","Haisla",170,1,31.85636728,824.87854,6.287465413
"hau","Hausa",23960500,96,369189.4287,174.5550461,4.213650227
"hav","Havu",506000,3,1196.07063,801.5275574,6.076093197
"haw","Hawaiian",2000,2,16691.71149,1527.625122,7.541311979
"hax","Southern Haida",10,1,19.43105234,317.1145554,5.648430983
"hay","Haya",1300000,6,7623.819296,327.2502747,4.758871555
"haz","Hazaragi",2210000,5,96009.33721,1319.665283,6.552286386
"hba","Hamba de Lomela",13000,7,10118.96773,122.824234,3.894941211
"hbb","Huba",175000,14,2598.403146,427.6266073,5.094514211
"hbn","Ebang",4410,6,715.8358311,321.7355499,4.469157696
"hbo","Ancient Hebrew",0,3,128.80048,965.9433594,6.142790556
"hbu","Habu",2700,4,77.19772283,607.0228004,6.233151197
"hca","Andaman Creole Hindi",10000,5,5836.352206,75.4839859,4.28423357
"hch","Huichol",17800,3,10110.78447,1275.641556,6.605248451
"hdn","Northern Haida",45,1,2332.651799,815.7821655,5.822746754
"hdy","Hadiyya",1250000,9,3498.031184,1278.113525,6.687742472
"hea","Northern Qiandong Miao",1250000,7,8024.271897,490.9567413,5.693655252
"heb","Modern Hebrew",4850000,8,11531.265,965.9433594,6.142790556
"hed","Herde",40000,5,2739.96398,248.8071747,4.397489071
"heg","Helong",14000,3,221.6514954,234.945097,5.750662565
"heh","Hehe",805000,7,25348.0011,1225.376851,6.210740407
"hei","Heiltsuk-Oowekyala",90,2,163.7927646,1263.546631,6.450816631
"hem","Hemba-Yazi",181000,11,62607.11559,459.4773712,5.349854231
"her","Herero",237000,14,165266.8368,221.673439,4.460427761
"hgm","Hai//om",18400,3,8363.95205,270.5164566,4.640383482
"hgw","Haigwai",1060,4,158.5694319,724.4180908,6.134134293
"hhi","Hoia Hoia-Ukusi-Koperami",80,0,24.366267,877.3196131,4.848486662
"hhr","Keerak",13200,2,25.63124827,32.27769279,3.006101012
"hhy","Hoyahoya-Matakaia",95,2,23.26395649,982.692627,4.942091465
"hia","Lamang",40000,12,495.7453564,430.8778992,4.921094418
"hib","Hibito",0,0,7884.937019,2457.545166,6.653686643
"hid","Hidatsa",200,2,520.062034,252.113903,4.576221585
"hif","Fiji Hindi",380000,1,6579.324531,269.2339077,5.511947036
"hig","Kamwe",300000,7,551.1263217,430.8778992,4.921094418
"hih","Pamosu",1500,5,101.3438321,1746.354324,6.392463326
"hii","Hinduri",29700,3,764.7821379,3127.183533,6.342399716
"hij","Hijuk",400,1,0.844015945,786.6901398,5.513936996
"hik","Seit-Kaitetu",10200,1,53.10690509,684.2754669,6.42774415
"hil","Hiligaynon",5770000,15,14660.62879,482.7392883,5.948838234
"hio","Tsoa",6540,9,32387.94005,264.2866211,4.741435051
"hiw","Hiw",150,0,11.86296177,25.77555847,3.052799463
"hix","Hixkaryána",600,1,2198.941287,248.052536,4.605007648
"hka","Kahe",2700,5,518.9294694,788.3458252,6.091187239
"hke","Hunde",200000,5,3229.001507,759.1260834,5.973542094
"hkk","Hunjara-Kaina Ke",8770,3,715.9543578,1927.381836,7.102321863
"hla","Halia",20000,4,161.3818903,529.6743622,6.531032801
"hlb","Halbi",593000,8,12366.65665,412.6156006,5.222826481
"hld","Halang Doan",4350,8,1092.948406,1037.010274,6.188695431
"hle","Hlersu",15000,3,1626.757375,852.3858032,6.32908392
"hlt","Nga La",40000,8,3392.411809,952.7190247,5.983741283
"hma","Southern Mashan Hmong",10000,3,339.0861167,757.0621719,5.882706523
"hmb","Humburi Senni Songhay",25000,5,2544.546853,86.28869343,3.538048327
"hmc","Central Huishui Hmong",40000,4,138.0813264,432.3013611,5.62680912
"hmd","Diandongbei-Large Flowery Miao",300000,3,7680.664617,1737.038391,6.325858593
"hme","Eastern Huishui Hmong",14000,2,325.7204211,432.3013611,5.62680912
"hmf","Hmong Don",0,4,3034.913552,964.4109039,6.151949644
"hmg","Southwestern Guiyang Hmong",70000,4,331.1862234,632.4724579,5.805731297
"hmh","Southwestern Huishui Hmong",56000,3,84.56085743,632.4724579,5.805731297
"hmi","Northern Huishui Hmong",70000,3,434.5174161,432.3013611,5.62680912
"hmj","Ge",60000,2,516.4668075,554.0281601,5.779752731
"hml","Luopohe Hmong",61000,4,863.52554,614.9846954,5.771865606
"hmm","Central Mashan Hmong",70000,5,1230.451331,757.0621719,5.882706523
"hmp","Northern Mashan Hmong",35000,3,289.6879583,664.8210551,5.810819467
"hmq","Eastern Qiandong Miao",350000,5,2272.576715,549.6121216,5.760501385
"hmr","Hmar",83400,3,671.9901362,1553.515381,6.260782719
"hms","Southern Qiandong Miao",500000,7,5216.7848,517.7348531,5.63034296
"hmt","Hamtai",45000,9,5659.868799,1690.902893,6.805873156
"hmu","Hamap",900,2,10.70857358,568.1637573,6.116060734
"hmv","Hmong Dô",0,11,235.4666456,982.96875,6.227783203
"hmw","Western Mashan Hmong",14000,3,303.8534945,757.0621719,5.882706523
"hmy","Southern Guiyang Hmong",28000,4,808.8811333,632.4724579,5.805731297
"hmz","Sinicized Miao",252000,5,1912.142797,832.6435547,5.984653473
"hna","Mina (Cameroon)",11000,8,430.693978,467.9548645,5.13854599
"hnd","Southern Hindko",625000,7,19503.67735,2142.395996,6.182071328
"hne","Chhattisgarhi",13300000,19,55740.22971,504.0345306,5.083031416
"hnh","//Ani",1000,2,739.4446729,116.317159,3.615484476
"hni","Hani",758620,15,7819.540596,802.500473,6.261995912
"hnj","Hmong Njua",210000,74,48483.55931,1326.215942,5.870834351
"hnn","Hanunoo",13000,4,688.5473539,564.9771118,6.273040771
"hno","Northern Hindko",1880000,4,4643.06144,3217.729004,6.987045288
"hnu","Hung",2700,5,1599.604867,873.1468506,5.89741087
"hoa","Hoava",460,3,153.792635,173.9344635,5.439502239
"hob","Mari (Madang Province)",810,1,25.14398129,2141.664124,7.110357523
"hoc","Ho",1040000,8,10537.13672,539.6206055,4.851746082
"hod","Holma",0,0,812.3295221,467.9548645,5.13854599
"hoe","Horom",1500,3,5.453198166,877.9816895,5.435926914
"hoh","Hobyót",100,2,6989.953544,842.2044067,5.940515041
"hoi","Holikachuk",6,1,1051.151005,518.5648804,5.123651028
"hoj","Hadothi",2460000,6,21185.32735,232.1822205,4.500983477
"hol","Holu",28200,4,4952.117226,412.8851929,5.031785846
"hom","Homa",0,1,13855.38272,237.085701,4.3050282
"hoo","Holoholo",15500,4,3147.275763,385.9833679,5.244844437
"hop","Hopi",6780,1,2335.756509,841.8467407,6.147335768
"hor","Horo",0,0,1870.577051,116.8445549,3.628498435
"hot","Hote",2300,7,391.1799035,1774.098022,7.179609299
"hov","Hobongan",1000,8,4615.901996,627.9611664,5.675364971
"how","Honi",140000,6,4190.725131,782.0926819,6.192025185
"hoy","Holiya",500,2,17821.2478,277.0988922,4.704146624
"hoz","Hozo",3000,3,561.8893698,792.7073898,4.860011339
"hpo","Hpon",0,1,318.8728435,1145.008545,6.199895144
"hra","Hrangkhol",18700,4,478.5684661,1435.66629,6.316109061
"hre","Hre",94000,5,2167.266163,1287.092041,6.301064014
"hrk","Haruku",18200,0,193.5682893,473.8993835,6.308526993
"hrm","Horned Miao",50000,2,9419.366513,1737.038391,6.325858593
"hro","Haroi",35000,3,1236.717289,881.6908569,6.216727734
"hru","Hruso",3000,2,457.8361043,2793.595825,6.820150375
"hrx","Hunsrik",3000000,1,25723.74362,422.0113297,5.142536044
"hrz","Harzani",28100,2,9313.369963,1794.42334,6.93757534
"hsb","Upper Sorbian",13300,1,1447.260083,230.2562256,4.285341024
"hss","Harsusi",600,2,25441.05593,121.3313446,3.721798817
"hto","Minica Huitoto",6800,4,28374.21388,89.97641754,3.656567812
"hts","Hadza",800,4,2074.588721,860.0772705,6.182271481
"htu","Hitu",16000,2,54.69510758,684.2754669,6.42774415
"hub","Huambisa",9330,4,11149.56398,2942.563232,6.723519802
"huc","Amkoe",200,3,14989.9048,243.7196808,4.334734678
"hud","Huaulu",300,3,19.52665148,444.5083084,5.685680389
"hue","San Francisco del Mar Huave",620,3,143.8849262,902.1936035,6.28861618
"huf","Humene",940,4,386.3334669,1382.009145,6.969437599
"hug","Huachipaeri",310,2,999.2038666,3165.607666,6.679562569
"huh","Huilliche",2000,2,22354.11315,683.1945801,6.013673544
"hui","Huli",150000,4,5125.23598,2430.400879,7.047183514
"huj","Northern Guiyang Hmong",84000,4,1978.271425,632.4724579,5.805731297
"hul","Hula",3240,2,48.99245663,1382.009145,6.969437599
"hum","Hungana-Saamba",400,1,176.4071424,146.6515961,3.992439508
"hun","Hungarian",12290140,11,124885.59,207.3229752,4.074205518
"huo","Hu",1000,3,60.69700885,683.3406982,6.141578913
"hup","Hupa",8,2,383.5640374,637.4064426,6.271947145
"huq","Tsat",4000,1,15.89210908,414.1634521,6.006188393
"hur","Halkomelem",570,1,453.3427154,1280.260681,6.50172925
"hus","Huastec",131000,3,2723.996144,1572.271016,6.171350161
"hut","Humla",4000,2,788.8631654,2524.868164,6.783584118
"huu","Murui Huitoto",7800,4,36727.20162,75.63177395,3.532702625
"huv","San Mateo del Mar Huave",11000,3,132.6237562,1435.255432,6.5828197
"huw","Hukumina",0,0,2163.168265,455.2254588,6.288612843
"hux","Nüpode Huitoto",100,3,1016.183099,52.36426163,3.400110006
"huz","Hunzib",1420,3,124.230363,2497.070679,7.106041431
"hve","San Dionisio del Mar Huave",2550,3,150.2050772,902.1936035,6.28861618
"hvk","Haveke",300,6,244.6694798,282.3995056,5.718149662
"hvn","Hawu",110000,1,474.1527845,441.8181915,4.966467857
"hvv","Santa María del Mar Huave",500,1,29.02187586,902.1936035,6.28861618
"hwa","Wané",2100,3,338.8461447,94.83493042,4.330052853
"hwo","Hwana",32000,4,595.3999102,496.9773712,5.214917302
"hya","Hya",2940,5,182.1817572,430.8778992,4.921094418
"hye","Eastern Armenian",4274000,15,37287.97053,1879.762115,6.903989792
"iai","Iaai",4080,1,105.5156308,157.069519,4.305012226
"ian","Iatmul",8440,9,1389.831161,1519.695343,6.334013462
"iar","Purari",7000,4,1794.828574,1607.707764,6.432137012
"iba","Iban",788400,36,57487.73849,509.2700806,5.274462223
"ibb","Ibibio",1500000,14,3474.685509,370.4517517,4.67139864
"ibd","Iwaidja",140,8,4902.454964,152.8381748,3.920962214
"ibe","Akpes",10000,4,102.1297373,380.1930084,4.969872236
"ibg","Ibanag",500000,5,2358.710055,1049.937195,6.420091867
"ibl","Ibaloi",111000,6,1301.387674,830.6094971,6.414138556
"ibm","Agoi",12000,9,641.9467771,370.4517517,4.67139864
"ibn","Ibino",10000,6,179.3346216,423.7205048,5.603181601
"ibo","Igbo",18000000,29,26483.74351,304.3041916,4.530855
"ibr","Ibuoro",5000,6,229.5108625,370.4517517,4.67139864
"ibu","Ibu",35,1,26.40842538,267.2740326,5.947149992
"iby","Ibani",60000,3,147.8371426,269.6792212,4.263822079
"ica","Ede Ica",63000,4,1420.146451,292.9727173,4.680376887
"ich","Etkywan",50200,7,2075.870248,882.7237549,5.439715385
"ida","Idakho-Isukha-Tiriki",598000,9,828.456725,1262.360229,6.361666679
"idc","Idon",5000,2,147.9092657,539.4652405,5.119170904
"idd","Ede Idaca",100000,3,1997.774589,293.2000529,4.610023499
"ide","Idere",5000,5,74.9201983,370.4517517,4.67139864
"idi","Idi-Taeme",1610,8,3394.368927,320.3540726,3.526711643
"idr","Indri",700,1,137.0087713,231.3453369,4.182676315
"idt","Idaté",13500,5,199.792355,607.0228004,6.233151197
"idu","Idoma",600000,10,4413.204015,327.2538757,4.811378479
"ifa","Amganad Ifugao",27100,8,514.2880026,830.6094971,6.414138556
"ifb","Batad Ifugao",43000,7,974.9271058,1322.505371,6.531216621
"ife","Ifè",182000,14,5949.212423,292.9727173,4.680376887
"iff","Ifo",0,0,168.9096983,76.60994339,4.956988096
"ifk","Tuwali Ifugao",30000,9,450.5921385,1322.505371,6.531216621
"ifm","Teke-Fuumu",8150,8,15148.92206,348.5291138,5.13412571
"ifu","Mayoyao Ifugao",30000,6,339.195953,1049.937195,6.420091867
"ify","Keley-i Kallahan",8000,2,54.26521659,1322.505371,6.531216621
"igb","Ebira",1000000,17,5211.09753,413.2854538,5.12205708
"ige","Igede",250000,8,2585.731995,327.2538757,4.811378479
"igg","Igana",200,3,24.17539409,1692.247772,6.021868944
"igl","Igala",800000,7,10066.40077,339.355484,4.989522696
"igm","Kanggape",1080,2,64.42233371,1692.247772,6.021868944
"ign","Ignaciano",4500,2,1962.574897,616.5630493,3.052945137
"igo","Isebe",910,7,33.55546357,2141.664124,7.110357523
"igw","Igwe",47800,6,125.308008,351.4570923,5.167666912
"ihp","Iha",5500,4,1508.749455,523.0792236,5.794586897
"iii","Sichuan Yi",2000000,9,46659.60491,2182.114624,6.857748985
"ijc","Izon",1000000,11,11670.78262,98.00015259,3.516828656
"ije","Biseni",4800,5,70.21055842,168.0540466,3.472975969
"ijj","Ede Ije",50000,2,415.040559,216.325943,4.426436424
"ijn","Kalabari",258000,6,1099.241846,269.6792212,4.263822079
"ijs","Southeast Ijo",71500,5,2436.718841,115.6379375,2.924462557
"ike","Eastern Canadian Inuktitut",34100,4,2715.598429,306.8274841,4.903909683
"iki","Iko",5000,0,8.427058622,423.7205048,5.603181601
"ikk","Ika",22800,3,166.8797754,259.7555695,4.320321441
"ikl","Ikulu",50000,6,1296.974966,539.4652405,5.119170904
"iko","Olulumo-Ikom",30000,4,135.4265881,727.786972,5.333243728
"ikp","Ikpeshi",5320,7,206.8248697,351.4570923,5.167666912
"ikt","Western Canadian Inuktitut",410,0,1194.653933,151.1471237,4.197671223
"ikv","Iku-Gora-Ankwa",13000,2,140.1982004,539.4652405,5.119170904
"ikw","Ikwere",200000,8,2265.241869,269.2528992,4.072187304
"ikx","Ik",7500,2,829.1029468,1006.339691,5.828301907
"ikz","Ikizu",55000,5,641.1392521,584.9519272,4.817117929
"ila","Ile Ape",15000,4,255.4394727,359.1753235,5.88604784
"ilb","Ila",82900,3,17359.08359,417.8916054,4.994668961
"ilg","Garig-Ilgar",0,3,903.6624099,57.01037979,3.408040762
"ili","Ili Turki",120,0,256996.3701,2010.572052,6.925880432
"ilk","Ilongot",50800,4,2872.072606,1322.505371,6.531216621
"ilo","Iloko",6920000,39,27886.23342,812.8626709,6.379081408
"ilu","Ili'uun",1400,0,467.6550673,607.0228004,6.233151197
"ilv","Ilue",5000,2,13.33612808,423.7205048,5.603181601
"ima","Mala Malasar",1000,1,196.7761767,859.1639404,6.48571682
"imi","Anamuxra",1250,5,127.2935586,1692.247772,6.021868944
"imn","Imonda",250,2,37.88321135,988.9312134,6.103123665
"imo","Imbongu",42500,4,618.0792707,1877.011841,6.338659883
"imr","Imroing",560,1,9.069081895,64.12904263,3.995591462
"inb","Inga",18000,3,4415.426929,2345.948853,6.13231945
"ing","Degexit'an",40,2,10443.24908,724.5599365,5.297944546
"inh","Ingush",306000,3,2703.10114,1781.118408,6.277719259
"inj","Jungle Inga",11200,2,2583.757854,2345.948853,6.13231945
"inn","Isinai",5520,4,460.0922075,1322.505371,6.531216621
"ino","Inoke-Yate",10000,5,70.50765453,1916.283508,6.958115339
"inp","Iñapari",4,2,74.88599383,997.6105347,5.087981701
"int","Intha-Danu",90000,2,716.4467736,873.8367004,6.080328465
"inz","Ineseño",0,3,3491.205841,966.4089355,6.479181767
"ior","Inor",280000,4,890.129776,1271.113586,6.635544538
"iou","Tuma-Irumu",1100,5,151.3263697,1785.090088,7.233548403
"iow","Iowa-Oto",0,2,11272.48805,124.5255508,3.982308149
"ipi","Ipili",26000,2,767.0288855,2430.400879,7.047183514
"ipo","Ipiko",345,2,155.3714659,1607.707764,6.432137012
"iqu","Iquito",35,1,1946.353073,64.24262873,3.375033617
"ire","Yerisiam",70,4,864.7531605,1147.51413,6.525902271
"irh","Irarutu",4000,8,8324.17103,751.7624969,5.963970661
"iri","Irigwe",40000,5,243.2635374,679.3311615,5.087510467
"irk","Iraqw",462000,10,10129.6885,860.0772705,6.182271481
"irn","Irántxe-Münkü",40,1,7947.18671,195.944252,4.327936888
"iru","Irula of the Nilgiri",200000,0,915.8868788,859.1639404,6.48571682
"irx","Kamberau",1570,3,1132.55436,518.9897461,5.976465225
"iry","Iraya",10000,2,1672.37904,366.8852768,5.775800705
"isa","Isabi",280,3,98.17672757,2141.664124,7.110357523
"isc","Isconahua",82,2,838.6297943,433.0661621,4.777738571
"isd","Isnag",30000,4,2141.242092,777.3690186,6.308967113
"ish","Esan",300000,12,4582.473719,259.7555695,4.320321441
"isi","Nkem-Nkum",51000,6,284.6407094,727.786972,5.333243728
"isl","Icelandic",230000,1,83210.71391,958.0663045,6.176686764
"ism","Masimasi",10,0,1.469932592,580.927002,5.985350609
"isn","Isanzu",32400,6,610.2248246,860.0772705,6.182271481
"iso","Isoko",423000,7,1669.310922,168.0540466,3.472975969
"ist","Istriot",400,3,869.7696847,1088.465271,6.35345761
"isu","Isu (Menchum Division)",10400,8,805.2545469,1106.72113,5.925098896
"ita","Italian",58219610,21,256073.4259,664.6325378,6.039286852
"itb","Binongan Itneg",7500,6,262.9940148,658.1363068,6.420113921
"ite","Itene",195,3,9318.326585,85.63421822,3.406349003
"iti","Inlaod Itneg",9000,3,470.0579635,658.1363068,6.420113921
"itk","Judeo-Italian",250,7,39971.1894,744.8363037,6.023733616
"itl","West Itelmen",80,2,5596.833853,523.5290203,5.541169405
"itm","Itu Mbon Uzo",5000,4,142.7700594,370.4517517,4.67139864
"ito","Itonama",5,1,460.6590913,75.42057037,3.199976683
"itr","Iteri",480,5,284.3154888,988.9312134,6.103123665
"its","Isekiri",510000,5,2615.494235,239.0965805,4.243350446
"itt","Maeng Itneg",18000,6,631.3417366,658.1363068,6.420113921
"itv","Itawit",134000,9,2049.515425,1049.937195,6.420091867
"itw","Ito",5000,3,67.52975114,370.4517517,4.67139864
"itx","Itik",80,6,183.4489713,580.927002,5.985350609
"ity","Moyadan Itneg",12000,3,32.27985237,658.1363068,6.420113921
"itz","Itzá",12,1,50.99078078,626.3783493,5.200396419
"ium","Iu Mien",793300,68,28961.39863,532.1711426,5.789638996
"ivb","Ibatan",1240,0,239.1149058,372.5748927,5.367340088
"ivv","Itbayat",35000,0,107.5971596,123.1628036,4.425713062
"iwk","I-Wak",3260,3,79.99245567,830.6094971,6.414138556
"iwm","Iwam",3000,5,821.5621894,1369.934692,5.962654273
"iwo","Morop-Dintere",6900,6,1156.542257,1789.082011,5.62193203
"iws","Sepik Iwam",2500,2,476.6711819,1635.051239,6.233786583
"ixc","Ixcatec",21,1,58.27224395,1929.708313,6.722405553
"ixl","Ixil",69000,4,1535.806684,1956.420166,6.567015648
"iya","Iyayu",24700,6,207.3593324,380.1930084,4.969872236
"iyo","Mesaka",14000,7,139.9616421,1106.72113,5.925098896
"iyx","Yaka (Congo)",10000,3,1243.142031,436.1730042,5.169130802
"izh","Ingrian",120,3,15962.49424,117.9241333,3.980385542
"izr","Izere",50000,9,1269.394056,679.3311615,5.087510467
"jaa","Madi",800,1,22512.46595,60.44367981,3.152377248
"jab","Hyam",100000,12,1341.061708,539.4652405,5.119170904
"jac","Popti'",9500,4,431.1614456,1827.145874,6.792926431
"jad","Jahanka",29500,6,5511.955481,170.8053427,3.934997022
"jae","Yabem",2080,3,55.02319586,1402.202866,6.950956821
"jaf","Jara",46300,5,841.3981175,525.9998779,5.291288614
"jah","Jah Hut",0,6,2260.842909,447.0926971,5.505393744
"jaj","Zazao",10,2,38.42422414,275.156105,5.642580271
"jal","Yalahatan-Haruru-Awaiya",1700,3,80.31322807,542.2864838,6.182824612
"jao","Yanyuwa",120,4,16165.81651,166.9420319,4.23141098
"jaq","Yaqay",10000,6,3732.731258,949.4413681,3.638893485
"jas","New Caledonian Javanese",0,2,9.995013341,372.9292908,5.920311451
"jau","Yaur",350,3,626.2071394,971.5572357,6.27539587
"jav","Javanese",84300000,21,113958.9659,771.5188904,6.105621099
"jay","Yan-nhangu",40,2,33.31378544,134.1550407,4.116720319
"jaz","Jawe",990,5,422.2927116,282.3995056,5.718149662
"jbj","Arandai",1000,6,2057.480154,984.5352478,5.951476097
"jbn","Nafusi",210000,3,6676.980875,404.6968002,4.682972431
"jbr","Jofotek-Bromnya",200,5,141.9846306,580.927002,5.985350609
"jbt","Djeoromitxí",1,2,415.7502277,85.63421822,3.406349003
"jbu","Jukun Takum",2440,12,1929.127142,882.7237549,5.439715385
"jct","Krymchak",200,3,75372.19968,96.72906494,3.845781684
"jda","Jad",300,5,2725.027654,3481.593343,6.930114269
"jdg","Jadgali",100000,0,2799.753932,953.5744629,5.528706074
"jdt","Judeo-Tat",96010,7,2274.214753,965.9433594,6.142790556
"jeb","Jebero",2500,1,811.5534902,1344.450684,5.539212227
"jee","Jerung",1760,5,124.1422818,2290.923584,5.830791116
"jeh","Jeh",25800,8,3373.976825,935.0294647,6.20267415
"jei","Yei",2390,4,3871.901135,126.9871597,2.978016496
"jek","Jeli",1500,0,857.0286271,128.1869888,4.146265984
"jel","Yelmek",400,2,736.7776896,32.45097351,2.679110289
"jen","Dza",20100,7,503.0253547,705.0296631,5.576126575
"jer","Jere",23000,8,1143.881281,679.3311615,5.087510467
"jet","Manem",900,6,677.5937401,589.8666229,6.021802902
"jeu","Jonkor Bourmataguil",1500,2,737.3005768,195.8860397,3.949975967
"jgb","Ngbee",0,1,8384.679636,166.701828,3.783479452
"jgo","Ngomba",63000,5,145.6305945,1330.718506,6.410482407
"jhi","Jehai",1000,6,10361.348,908.2372437,6.207326889
"jia","Jina",1500,3,288.6122732,69.13884354,2.600202799
"jib","Jibu",30000,6,3969.089884,1229.177124,6.162100792
"jic","Tol",350,1,339.0046148,1120.530396,6.496044636
"jid","Bu",6000,6,146.3336464,877.9816895,5.435926914
"jie","Jilbe",100,2,68.43141876,164.3442841,3.178839147
"jig","Jingulu",52,3,8803.208519,138.6578013,3.845099767
"jih","Stodsde",4100,2,58449.2744,600.0339355,5.898634911
"jii","Jiiddu",23000,4,6460.648333,259.4354248,4.162094593
"jil","Jilim",650,4,36.71395232,2141.664124,7.110357523
"jim","Jimi (Cameroon)",3500,6,127.7948804,467.9548645,5.13854599
"jio","Jiamao",52300,1,540.5456135,431.3817749,5.782827854
"jiq","Khroskyabs",50000,1,12726.00472,983.0993652,6.141301155
"jit","Jita",205000,4,2083.880134,215.312912,3.66335535
"jiu","Youle Jinuo",10000,1,179.1893379,683.3406982,6.141578913
"jiv","Shuar",35000,2,13814.1303,2909.055054,6.995258331
"jiy","Buyuan Jinuo",1000,1,211.3335759,683.3406982,6.141578913
"jko","Kubo",1000,6,1171.908715,2471.141968,6.605589628
"jku","Labir",500,4,227.0488199,819.1970825,5.055850029
"jle","Ngile",38000,5,215.9435276,306.5653992,4.566905975
"jma","Dima",750,6,288.3392377,1136.979818,6.427420934
"jmb","Zumbun",2000,2,78.54772513,567.3654785,4.772120476
"jmc","Machame",300000,3,1271.260502,763.3223877,6.349441051
"jmd","Yamdena",25000,1,951.3513226,53.47127247,4.226109266
"jmi","Jimi (Nigeria)",1000,3,104.5351853,567.3654785,4.772120476
"jml","Jumli",850,3,6810.033142,2921.65979,6.520399809
"jmn","Makuri Naga",6500,9,1320.32369,1239.764343,6.267516017
"jmr","Kamara",3000,2,41.07991659,162.4852524,4.320318937
"jms","Mashi (Nigeria)",1000,4,49.50711914,882.7237549,5.439715385
"jmx","Western Juxtlahuaca Mixtec",20000,6,645.6382858,1937.062744,6.740927696
"jna","Jangshung",1990,4,115.1096506,3497.702759,6.824623346
"jnd","Jandavra",5000,0,0.74688755,326.743391,4.032702506
"jng","Yangman",50,2,10060.82595,243.2092133,4.308718681
"jni","Janji",1150,6,249.6328285,679.3311615,5.087510467
"jnj","Yemsa",92200,3,1316.93599,1271.113586,6.635544538
"jnl","Rawat",670,4,568.4996243,2987.121338,6.962340117
"jns","Jaunsari",100000,2,2272.285695,4311.147461,6.767385483
"job","Joba",10000,2,213.4653757,1155.977051,6.20252943
"jod","Wojenaka",120000,6,13329.45199,168.1937739,4.116912285
"jor","Jorá",0,1,33909.12638,225.3729,4.081605494
"jow","Jowulu",10000,6,207.8010065,146.390686,4.133498907
"jpn","Japanese",121000000,1,370223.5681,1449.498413,6.671597481
"jqr","Jaqaru",740,2,683.0306999,3756.615845,7.356271982
"jra","Jarai",262800,11,12574.94335,973.5049744,5.944427252
"jrr","Jiru",3420,2,244.2950027,888.0291748,5.457853079
"jru","Japrería",170,1,439.7055431,3055.334229,6.71608448
"jua","Júma",7,1,1412.147122,31.81595612,2.673199892
"jub","Wannu",4000,2,585.7548736,741.4852524,5.280736923
"jud","Worodougou",80000,7,9707.364374,226.0627289,4.405287147
"juh","Hõne",7000,6,1292.139076,672.5984802,5.173569322
"juk","Wapan",100000,9,6128.517768,976.8762207,5.389647484
"jul","Jirel",4830,3,132.5957963,2290.923584,5.830791116
"jum","Jumjum",25000,4,1057.355435,603.1664581,4.982703209
"jun","Juang",23700,1,9283.331838,442.8316193,5.241086006
"juo","Jiba",2000,7,604.632392,705.0296631,5.576126575
"jup","Hupdë",1240,8,2340.354658,76.08055496,3.491845965
"jur","Jurúna",280,2,1136.893247,86.04976654,3.63779974
"juu","Ju",900,5,33.29199547,819.1970825,5.055850029
"juw","Wãpha",1610,1,81.8681193,1071.028687,5.339579582
"juy","Juray",801000,0,314.9047221,526.5880076,5.748142401
"jvd","Javindo",0,2,23396.03904,946.1408386,6.256234169
"jvn","Caribbean Javanese",0,2,6801.945477,125.8925438,4.037052989
"jwi","Jwira-Pepesa",18000,2,296.387033,221.3975677,4.461201668
"jyy","Jaya",2200,4,1479.906919,126.4101944,3.388356566
"kaa","Kara-Kalpak",407000,5,17417.81204,97.4996376,3.411257386
"kab","Kabyle",5000000,1,19686.20885,847.0687256,6.199109554
"kac","Southern Jinghpaw",940000,18,62845.61041,1730.71582,6.740461826
"kad","Kadara",300000,11,4235.065287,416.64785,4.98980844
"kae","Ketangalan",0,1,1045.541884,910.753212,7.171802044
"kaf","Katso",4000,5,5651.566446,790.2302856,6.20449996
"kag","Kajaman",500,3,53.16930094,568.9240875,5.414634864
"kah","Kara (Central African Republic)",4800,5,6716.938953,337.4862595,4.552790165
"kai","Karekare",150000,4,2290.219412,274.1155357,4.001107574
"kaj","Jju",300000,7,744.4429485,539.4652405,5.119170904
"kak","Ahin-Kayapa Kalanguya",15000,6,835.9329482,830.6094971,6.414138556
"kal","Kalaallisut",50000,0,4524.848881,1632.253052,6.606504758
"kam","Kamba (Kenya)",3893000,7,36187.4405,1189.294281,6.078211784
"kan","Kannada",37700000,10,177700.0945,430.4889526,4.873034477
"kao","Xaasongaxango",700000,6,12413.57127,214.2937927,4.397059202
"kap","Bezhta",6800,5,192.1018833,2350.356934,7.008277893
"kaq","Capanahua",50,2,807.9854626,277.8676567,4.005177498
"kas","Kashmiri",5465000,10,53929.21346,2872.407349,6.738316059
"kat","Georgian",4016300,17,52212.87493,1895.737305,6.902020931
"kax","Kao",400,2,32.29339482,268.3045845,5.856052995
"kay","Kamayurá",400,4,610.7165136,120.486927,3.726654053
"kaz","Kazakh",7351600,18,1844399.285,315.4764214,4.641239285
"kba","Kalarko",0,2,204918.1678,156.3447571,4.301144004
"kbb","Kaxuiâna",1986,0,5436.230985,211.2497139,4.428728342
"kbc","Kadiwéu",1590,1,7136.324931,242.2083702,4.064271212
"kbd","Kabardian",1516000,7,6389.572386,2356.55542,6.029819012
"kbe","Kanju",50,1,1221.311677,157.5682373,4.493563652
"kbg","Khamba",1330,2,1596.831954,3883.569214,7.116614819
"kbh","Camsá",4000,1,601.6052048,2345.948853,6.13231945
"kbi","Kaptiau",230,3,176.6781338,1447.895874,6.422052622
"kbj","Kari",1000,1,233.0339315,97.14007568,3.849577427
"kbk","Grass Koiari",1700,8,1413.719875,1927.381836,7.102321863
"kbl","Kanembu",461000,5,20533.41811,40.72249985,2.580427766
"kbm","Iwal",2100,3,603.6652333,1774.098022,7.179609299
"kbn","Kare (Central African Republic)",97460,8,12460.50381,595.5600281,5.034456968
"kbo","Keliko",17500,3,1000.475365,502.7417603,5.152253628
"kbp","Kabiyé",730000,34,23932.05922,461.5729065,5.104887962
"kbq","Kamano",63200,10,964.1076946,1916.283508,6.958115339
"kbr","Kafa",834000,6,6219.994439,1420.626587,6.424757957
"kbs","Kande",1000,3,925.4266474,405.7998962,5.078851223
"kbt","Abadi",4300,6,285.2976222,1892.6604,7.190649509
"kbu","Kabutra",1000,0,1300.991773,146.766573,3.770063519
"kbv","Dera (Indonesia)",1690,6,459.1034494,988.9312134,6.103123665
"kbw","Kaiep",200,3,15.75153688,753.1196289,5.36567688
"kbx","Ap Ma",10000,4,558.3996046,1605.971558,6.177941203
"kby","Manga Kanuri",480000,8,55904.65394,88.83807564,3.235145628
"kbz","Duhwa",800,2,110.5991814,877.9816895,5.435926914
"kca","Kazym-Berezover-Suryskarer Khanty",9580,3,121116.4671,299.3745232,4.229908168
"kcb","Kawacha",12,1,1.823045966,1690.902893,6.805873156
"kcc","Lubila",11400,2,52.42098274,370.4517517,4.67139864
"kcd","Ngkontar Ngkolmpu",150,6,1378.037403,88.75399653,2.756724358
"kcf","Ukaan",18000,6,209.3912168,351.4570923,5.167666912
"kcg","Tyap",130000,7,737.2118177,539.4652405,5.119170904
"kci","Kamantan",10000,2,112.1132734,539.4652405,5.119170904
"kcj","Kobiana",690,10,111.7960398,32.27769279,3.006101012
"kck","Kalanga",850000,13,95861.16068,296.9643288,4.762825727
"kcl","Kela (Papua New Guinea)",2200,4,385.6992235,1774.098022,7.179609299
"kcm","Gula (Central African Republic)",13200,6,10553.88223,359.3358612,4.54262948
"kcn","Nubi",41600,2,21400.44477,265.5849838,4.064797044
"kco","Kinalakna",305,3,20.46159424,1402.202866,6.950956821
"kcp","Kanga",8000,4,90.90199539,306.5653992,4.566905975
"kcq","Kamo",20000,2,119.0890596,525.9998779,5.291288614
"kcr","Katla",14200,4,345.0536836,194.3443298,4.087134123
"kcs","Koenoem",3000,4,68.26077931,1071.028687,5.339579582
"kct","Kaian",600,1,3.160423893,897.2494507,5.110510349
"kcu","Kami (Tanzania)",16400,4,1248.168265,911.5475159,5.795998693
"kcv","Kete",8400,7,11050.32106,323.288269,4.669653893
"kcw","Kabwari",8400,1,443.765929,831.8516922,5.920795321
"kcx","Kachama-Ganjule-Haro",4070,3,36.25791229,1315.910828,6.528440118
"kcy","Korandje",3000,1,88.56015201,427.1696014,4.457817852
"kcz","Konongo",51000,2,7272.006465,623.3320847,5.188525319
"kda","Worimi",0,3,23772.19224,593.5724182,5.958648682
"kdc","Kutu",45000,6,6392.97472,991.4066772,5.739928246
"kdd","Yankunytjatjara",560,0,116030.4045,256.5880127,4.497235775
"kde","Makonde",1340000,7,39203.19579,558.7623596,5.381436825
"kdf","Mamusi",6000,4,1681.868007,549.6293182,6.487257719
"kdg","Seba",167000,1,2581.867562,392.2834206,4.900134802
"kdh","Tem",257000,25,12798.91503,292.2907104,4.891437054
"kdi","Kumam",174000,3,1559.690597,405.9611206,4.291295052
"kdj","Karamojong",736000,10,23123.82429,1063.194214,5.595537066
"kdk","Numee",2180,4,965.7334979,372.9292908,5.920311451
"kdl","Tsikimba",100000,6,2046.130581,219.0302963,4.553212404
"kdm","Kagoma",25400,7,406.7835057,684.9346924,5.532274246
"kdn","Chikunda",157260,5,12964.84625,808.1397909,5.751679103
"kdp","Kaningdon-Nindem",12000,4,303.5342599,684.9346924,5.532274246
"kdq","Koch",36000,4,1208.192338,2281.175537,5.865249395
"kdr","Karaim",50,0,15.03796254,123.9022636,3.895659447
"kdt","Kuy",452800,12,13543.01023,278.4415741,4.410055876
"kdu","Kadaru",7000,2,823.2379299,282.9220238,4.418931842
"kdw","Koneraw",1200,1,131.9451271,4.435202837,1.807658434
"kdx","Kam",5000,1,197.8953196,971.9898071,5.629380584
"kdy","Keder",370,3,76.35825382,580.927002,5.985350609
"kdz","Kwaja-Ndaktup",2980,9,309.5605917,1108.035416,5.829763412
"keb","Kélé",9230,3,508.8035505,429.4314804,5.028201938
"kec","Keiga",6070,4,824.4505356,306.5653992,4.566905975
"ked","Kerewe",100000,3,627.1702942,215.312912,3.66335535
"kee","Eastern Keres",6680,2,1073.708785,1208.314453,6.222305298
"kef","Kpessi",4000,6,420.714982,376.9318085,4.998162508
"keg","Tese",1400,4,96.49080581,306.5653992,4.566905975
"kei","Kei",85000,1,1175.157346,96.20035172,4.000938892
"kej","Kadar",1960,3,183.9254699,859.1639404,6.48571682
"kek","Kekchí",811200,10,30192.43914,1403.903519,6.368810177
"kem","Kemak",72000,4,865.3960609,778.3484497,6.381267071
"ken","Kenyang",65000,8,2317.738891,1330.718506,6.410482407
"keo","Kakwa",190000,8,4930.688677,502.7417603,5.152253628
"kep","Kaikadi",23700,6,5065.20377,353.1896973,5.116144419
"keq","Kamar",40000,2,4448.977024,415.9824524,4.988414764
"ker","Kera",50500,4,536.5130931,178.8467064,3.728190303
"kes","Kugbo",2000,5,248.6386067,115.6379375,2.924462557
"ket","Ket",210,2,17853.01362,164.1532364,4.283163607
"keu","Akebu",56400,7,1012.844662,376.9318085,4.998162508
"kev","Kanikkaran",19000,1,757.4290509,596.2409058,5.798998833
"kew","West Kewa",45000,6,816.1440948,1877.011841,6.338659883
"key","Kupia",6600,0,1085.472062,485.9616699,5.252979517
"kez","Kukele",180000,9,605.6439682,348.8528137,4.741388559
"kfa","Kodava",200000,3,2739.078698,627.3837891,5.834861517
"kfb","Northwestern Kolami",122000,3,8559.520808,240.7171021,4.8305583
"kfc","Konda-Dora",20000,3,1269.178549,779.6314087,6.027955532
"kfd","Korra Koraga",14000,2,683.3505452,528.0938721,6.22049284
"kfe","Kota (India)",930,1,64.27806127,792.9188232,5.967473507
"kff","Koya",362000,2,18080.99995,425.3527985,5.021740317
"kfg","Kudiya",2800,0,133.1528796,699.5824585,6.154020905
"kfh","Kurichiya",29400,1,573.2846389,699.5824585,6.154020905
"kfk","Kinnauri",65100,12,3728.95447,3497.702759,6.824623346
"kfl","Kung",1750,6,21.64494245,1106.72113,5.925098896
"kfm","Khunsari",21100,3,2970.459824,2267.788818,6.853163242
"kfn","Kuk",3000,7,70.37461029,1106.72113,5.925098896
"kfo","Koro (Côte d'Ivoire)",40000,7,2901.676501,139.6471519,4.136120915
"kfp","Korwa",34600,7,4813.884429,567.8427887,5.260989428
"kfq","Korku",574000,10,16764.63801,465.6622925,5.401730537
"kfr","Kachchi",873000,7,33010.13916,150.1616573,4.125797927
"kfs","Bilaspuri",295000,4,2020.47508,2756.664307,5.860176086
"kft","Kanjari",91200,1,11308.12047,650.5665385,3.979077975
"kfu","Katkari",12000,2,1708.316881,254.2202072,5.757312059
"kfv","Kurmukar",3000,2,1688.902192,2148.698242,6.4888134
"kfw","Kharam Naga",1400,5,158.0491548,1435.66629,6.316109061
"kfx","Kullu Pahari",109000,6,2879.587331,3127.183533,6.342399716
"kfy","Kumaoni",2360000,10,16673.67857,2464.208374,5.817158461
"kfz","Koromfé",202000,4,5582.571189,91.07045746,3.750238121
"kga","Koyaga",60000,5,4878.933589,137.180954,4.063173294
"kgb","Kawe",600,0,234.7047923,259.9832153,5.250994682
"kge","Komering",470000,3,1270.195487,619.9369354,4.478455067
"kgf","Kulungtfu-Yuanggeng-Tobo",7500,6,203.8466819,1402.202866,6.950956821
"kgg","Kusunda",10,1,2073.843166,2692.934082,6.168779135
"kgj","Gamale Kham",13100,3,96.49371302,4088.178589,6.671143532
"kgk","Kaiwá",18000,4,17199.56127,301.2487183,4.731385708
"kgl","Kunggari",0,7,102689.2518,107.550827,3.949944019
"kgn","Karingani",17600,2,15668.5998,1813.328979,6.864956141
"kgo","Krongo",21700,3,711.8786992,306.5653992,4.566905975
"kgp","Kaingang",18000,5,92817.51223,470.4556885,5.474960566
"kgq","Kamoro",8000,6,11038.56712,787.7299213,6.749448299
"kgr","Abun",3000,6,5325.694128,649.7730103,6.012153625
"kgs","Kumbainggar",42,0,841.5304478,424.021801,5.786883235
"kgt","Somyev",15,1,0.642059686,1229.177124,6.162100792
"kgu","Kobol",720,4,70.09462247,1692.247772,6.021868944
"kgv","Kalamang",240,0,52.12086865,297.850647,5.96018219
"kgx","Kamaru",3500,1,29.39832147,164.5274963,5.261827946
"kgy","Kyerung",600,2,555.7195329,4157.593262,7.131325722
"kha","Khasi",843000,18,9040.839632,1381.800034,5.699781299
"khb","Lü",550960,34,25487.45746,658.2971191,6.076313376
"khc","Tukang Besi North",120000,0,271.6847303,164.5274963,5.261827946
"khd","Ngkontar Baedi",10,1,158.2424118,22.36932182,2.496625185
"khe","Korowai",3500,12,1537.330798,2189.15741,5.381336212
"khf","Khuen",8000,3,295.9114865,659.4355469,6.025687377
"khg","Khams Tibetan",1380300,19,631835.623,1224.204437,6.315557957
"khh","Kehu",200,7,1493.720064,962.6687012,6.417437315
"khj","Kuturmi",10500,2,144.3496913,539.4652405,5.119170904
"khk","Halh Mongolian",2358830,10,1090906.363,602.1228638,5.31025362
"khl","Lusi",2000,2,61.30802327,551.6291656,6.193855286
"khm","Central Khmer",13970400,18,160334.5123,404.9330444,4.593873501
"khn","Khandesi",21900,6,4496.439473,354.8303795,5.146704555
"khp","Kapori",200,5,660.7554698,2314.864746,6.858754635
"khq","Koyra Chiini Songhay",200000,5,13880.06738,42.05091667,2.88133347
"khr","Kharia",241580,16,10299.89177,592.0866089,5.177648067
"khs","Kasua",600,4,1401.309827,1706.546753,5.994637489
"kht","Khamti",13000,9,3925.305955,1437.862183,6.470178485
"khu","Nkhumbi",150000,4,6820.994693,323.4999619,4.359325409
"khv","Khwarshi-Inkhoqwari",1740,1,86.13820173,1494.213989,6.249393225
"khw","Khowar",223000,8,6266.211262,2346.942464,7.022686164
"khx","Kanu",3500,4,2596.273309,791.210144,5.944021702
"khy","Kele-Foma",160000,17,14803.8331,129.4231262,3.761016607
"khz","Keapara",19400,4,421.8253366,1382.009145,6.969437599
"kia","Kim",15400,5,654.8945659,136.7696972,3.534199655
"kib","Koalib-Rere",44300,4,2223.288906,282.9220238,4.418931842
"kic","Kickapoo",510,3,3763.092118,664.6271362,5.419035196
"kid","Koshin",1000,3,10.76565812,1147.539795,6.004099528
"kie","Kibet",18500,6,14907.43322,174.047657,3.677396059
"kif","Eastern Parbate Kham",7500,3,147.6342761,4088.178589,6.671143532
"kig","Kimaama",3000,4,9016.533468,12.60453856,2.142769158
"kih","Kilmeri",1970,6,638.7835173,589.8666229,6.021802902
"kii","Kitsai",2000,2,62215.88143,857.1454391,5.849232674
"kij","Kilivila",20000,0,359.8486855,362.0782537,5.23030138
"kik","Kikuyu",6623000,12,22333.31806,1912.116699,6.759727001
"kil","Kariya",2000,3,123.01599,567.3654785,4.772120476
"kim","Taiga Sayan Turkic",93,1,2229.887312,899.9651184,5.743362784
"kin","Kinyarwanda",7189000,10,28465.63812,811.8449707,6.208164692
"kio","Kiowa",400,1,149.6187513,378.0822601,4.595106602
"kip","Sheshi Kham",20000,2,120.2485154,4088.178589,6.671143532
"kiq","Kosadle",250,9,1650.171977,1651.89798,6.48093915
"kir","Kirghiz",2675890,7,263404.3796,2172.959351,7.056648731
"kis","Kis",220,2,39.21098864,753.1196289,5.36567688
"kit","Agob-Ende-Kawam",2440,6,2690.212651,38.60015869,2.943916202
"kiu","Kirmanjki",140000,2,29538.59951,1077.877472,6.478203058
"kiv","Kimbu",78000,6,14100.01159,512.2722015,4.975797176
"kiw","Northeast Kiwai",6000,5,1224.744484,1607.707764,6.432137012
"kix","Khiamniungan Naga",47800,8,2674.322917,1489.161133,6.548625231
"kiy","Kirikiri",250,7,1556.481449,1179.54332,6.396161437
"kiz","Kisi",10200,4,457.6966687,1123.640884,6.316076875
"kja","Mlap",300,4,43.88221356,1018.881248,6.221927762
"kjb","Q'anjob'al",77700,5,757.2890714,1827.145874,6.792926431
"kjc","Coastal Konjo",125000,3,497.8969298,321.7145844,5.918740511
"kjd","Southern Kiwai",9700,8,1715.690784,512.1255379,4.056661487
"kje","Kisar",20000,1,53.75205184,436.8934097,6.120228767
"kjg","Khmu",703500,27,51681.77593,658.6688843,6.027511597
"kjh","Khakas",42610,4,43211.57215,1237.391144,5.723157883
"kji","Zabana",3360,2,1628.721997,209.9094467,5.411572695
"kjj","Khinalugh",1000,2,22.92471642,2643.784424,7.20380497
"kjk","Highland Konjo",150000,3,1460.091363,502.8755188,6.305090427
"kjl","Western Parbate Kham",24500,4,2021.672742,4088.178589,6.671143532
"kjm","Kháng",13800,11,1115.623563,850.776123,6.347476959
"kjn","Kunjen",20,1,5497.00358,229.6322784,4.128003597
"kjo","Indo-Aryan Kinnauri",6330,4,586.5542065,3497.702759,6.824623346
"kjp","Pwo Eastern Karen",1050000,12,40262.5929,654.3570862,5.461047173
"kjq","Western Keres",3990,2,2018.26983,753.637085,6.119211197
"kjr","Kurudu",2180,0,26.27841395,472.1653748,5.660175562
"kjs","East Kewa",45000,4,682.9203689,1877.011841,6.338659883
"kjt","Phrae Pwo Karen",6000,0,472.9001651,647.2261963,5.903199673
"kju","Kashaya",45,4,22416.0558,594.1062622,5.334860802
"kjx","Ramopa",1000,2,497.0753165,432.172699,6.399749279
"kjy","Erave",10000,4,657.2377597,1877.011841,6.338659883
"kjz","Bumthangkha",20000,9,3702.051554,2595.684082,6.736559391
"kka","Kakanda",20000,4,656.201117,320.4766235,5.072287798
"kkb","Kwerisa",15,5,406.4129368,1422.156906,6.39846909
"kkc","Odoodee",490,7,2700.337679,1536.624977,5.357548356
"kkd","Kinuku",500,4,15.6497336,539.4652405,5.119170904
"kke","Kakabe",10000,2,1031.800835,358.9334717,5.644790649
"kkf","Kalaktang Monpa",8000,6,931.0694255,2694.639954,6.778354883
"kkg","Mabaka Valley Kalinga",0,5,559.526552,1049.937195,6.420091867
"kkh","Khün",106880,10,12928.08499,658.6688843,6.027511597
"kki","Kagulu",241000,5,7513.773592,987.1147461,6.067272425
"kkj","Kako",119460,7,5707.204796,237.1779842,4.520976484
"kkk","Kokota",530,4,720.6621548,275.156105,5.642580271
"kkl","Kosarek Yale",2300,2,516.0089207,2314.864746,6.858754635
"kkm","Kiong",100,3,70.92704489,370.4517517,4.67139864
"kko","Karko",13000,5,1459.631359,194.3443298,4.087134123
"kkp","Gugubera",100,1,404.4520335,62.53546524,3.463722706
"kkq","Kaiku",13000,3,2566.177613,624.8773041,5.480454087
"kkr","Kir-Balar",3050,5,27.53492528,819.1970825,5.055850029
"kks","Giiwo",14000,2,388.1060837,661.7880859,5.03938357
"kkt","Koi",1270,2,26.60357702,2290.923584,5.830791116
"kkv","Kangean",110000,2,531.0906111,155.3129106,5.966679573
"kkw","Teke-Kukuya",38800,1,2418.042537,395.5756073,4.860245228
"kkx","Kohin",8000,5,3619.597534,222.3773346,4.330619812
"kky","Guugu Yimidhirr",780,2,5706.490077,262.0521545,4.887057304
"kkz","Kaska",300,1,1071.834908,579.8398438,6.077477455
"klb","Kiliwa",10,1,543.4109306,962.5099487,6.515810013
"klc","Kolbila",2500,5,438.3523004,672.7867279,5.505387306
"kld","Yuwaalaraay-Gamilaraay",35,0,84766.72658,349.713623,4.650293191
"kle","Kulung (Nepal)",33200,11,395.3628089,2185.364502,6.084828138
"klf","Kendeje",1860,4,361.0139935,338.9927673,4.626244068
"klg","Tagakaulu Kalagan",83000,5,2002.790684,847.573822,6.476160526
"klh","Weliki",200,2,33.23971041,1394.412415,6.872071266
"kli","Kalumpang",20000,6,2727.684606,1520.108154,6.803731918
"klj","Turkic Khalaj",42100,1,493.784653,1035.230743,6.361243963
"klk","Kono (Nigeria)",5520,5,22.87626123,539.4652405,5.119170904
"kll","Kagan Kalagan",6000,2,38.52106113,947.8664246,6.521128416
"klm","Kolom",470,1,14.69129194,1796.082153,7.287487507
"klo","Kapya",200,3,185.0835354,882.7237549,5.439715385
"klp","Kamasa",7,1,1.823045966,1690.902893,6.805873156
"klq","Rumu",1000,5,1176.120105,1295.200195,5.687114239
"klr","Khaling",14500,7,322.0107985,2290.923584,5.830791116
"kls","Kalasha",5000,2,234.6209293,2698.743225,7.037541389
"klt","Nukna",1000,4,224.1800432,1785.090088,7.233548403
"klu","Klao",222620,8,8103.542546,214.1799545,4.432001591
"klv","Maskelynes",1100,0,2.758996817,209.6103821,5.640644073
"klw","Tado-Lindu",2400,2,152.0614935,1090.835907,6.786196232
"klx","Koluwawa",900,1,89.91299598,678.3092041,6.095396519
"kly","Kalao",500,1,57.52240473,115.5117416,4.201598287
"klz","Kabola",3900,3,113.1171078,568.1637573,6.116060734
"kma","Konni",3800,0,387.5662957,154.2644596,4.186808705
"kmb","Kimbundu",4000000,5,73460.57705,730.4070129,5.447567225
"kmc","Southern Dong",1000000,8,8387.393276,549.6121216,5.760501385
"kmd","Madukayang Kalinga",1500,2,38.94390993,1049.937195,6.420091867
"kme","Bakole",300,2,275.2378974,670.6317596,5.848070502
"kmf","Kare (Papua New Guinea)",380,8,141.6295627,1726.859233,6.443741798
"kmg","Kâte",20000,5,482.5906303,1402.202866,6.950956821
"kmh","Kalam",15000,6,746.6145663,2487.246094,6.933227539
"kmi","Kami (Nigeria)",5000,3,347.9494574,441.9626465,5.225616614
"kmj","Kumarbhag Paharia",12500,4,978.6052303,230.3787384,4.385190487
"kmk","Limos Kalinga",12700,6,909.9326402,1049.937195,6.420091867
"kml","Tanudan Kalinga",11200,9,480.4185415,1049.937195,6.420091867
"kmm","Kom (India)",14700,0,343.7884108,1087.531616,6.082821131
"kmn","Awtuw",510,5,157.1551714,798.9605103,5.861983538
"kmo","Kwoma",3000,4,386.8340376,798.9605103,5.861983538
"kmp","Gimme",3000,3,196.1520887,819.9450607,5.687250495
"kmq","Kwama",15000,5,1758.062587,697.936924,4.921357274
"kmr","Northern Kurdish",19288000,17,220355.5193,1266.15214,6.258227825
"kms","Kamasau",960,4,390.1360593,753.1196289,5.36567688
"kmt","Kemtuik",2500,6,334.6704072,1018.881248,6.221927762
"kmu","Kanite",8000,6,55.00249301,1916.283508,6.958115339
"kmw","Komo (Democratic Republic of Congo)",400000,14,51385.93218,358.0982132,4.716371775
"kmx","Waboda",2750,3,724.4147793,760.3310719,4.262597919
"kmy","Koma Ndera",35000,5,414.5305918,605.0307465,5.466062069
"kmz","Khorasani Turkish",400000,0,39869.42761,1242.110641,6.292151809
"kna","Dera (Nigeria)",20000,7,1339.721361,525.9998779,5.291288614
"knb","Lubuagan Kalinga",30000,6,377.468227,658.1363068,6.420113921
"knc","Central Kanuri",3240500,34,134276.2396,194.8167267,3.481145779
"knd","Konda",500,4,1130.900107,748.3078003,5.628991604
"kne","Kankanaey",150000,5,1994.22428,830.6094971,6.414138556
"knf","Mankanya",73400,16,2655.013099,32.27769279,3.006101012
"kng","South-Central Kikongo",5016500,13,141668.3509,522.9257431,5.353785157
"kni","Kanufi",10400,1,17.77129094,539.4652405,5.119170904
"knj","Akateko",56840,6,363.5554142,1827.145874,6.792926431
"knk","Kuranko",323200,10,18593.04702,385.2467804,4.980597019
"knl","Keninjal",32000,8,20870.96765,330.3059464,4.761963964
"knm","Katukína-Kanamarí",1330,3,17497.42089,66.34290218,3.381824672
"knn","Maharashtrian Konkani",2420000,5,11727.25104,254.2202072,5.757312059
"kno","Kono (Sierra Leone)",205000,5,5760.261289,385.2467804,4.980597019
"knp","Kwanja",10000,4,1011.70861,1109.349701,5.734427929
"knq","Kintaq",111,3,1171.527337,621.3249054,5.961712599
"knr","Kaningra",300,1,46.00412193,1519.695343,6.334013462
"kns","Kensiu",300,4,2663.964934,416.3120117,5.611611128
"knt","Panoan Katukína",700,1,942.7002289,121.1707637,3.783661207
"knu","Kono (Guinea)",90000,6,3129.612196,314.9445038,4.747400999
"knv","Tabo",3000,5,741.5754508,512.1255379,4.056661487
"knw","North-Central Ju",1760,4,18533.16582,229.3863945,4.389823794
"knx","Kendayan",331700,11,20339.57844,213.9834766,4.625504255
"kny","Kanyok",200000,5,10901.13101,323.288269,4.669653893
"knz","Kalamsé",12070,9,1203.164373,119.6002388,3.832045794
"koa","Konomala",800,4,765.1948508,565.2432938,6.188896656
"koc","Kpati",0,1,1858.803651,976.8762207,5.389647484
"kod","Kodi-Gaura",20000,3,564.7152296,432.2854767,6.109253168
"koe","Kacipo-Balesi",9120,4,2713.460561,1325.919434,6.044336557
"kof","Kubi",1500,0,983.7115572,567.3654785,4.772120476
"kog","Cogui",9910,2,1778.468824,1799.599609,6.232357502
"koh","Koyo",1000,3,4417.358504,205.0452525,3.894141038
"koi","Komi-Permyak",63100,1,15727.97406,127.8474681,4.144824028
"kol","Kol (Papua New Guinea)",4000,3,1557.498248,549.6293182,6.487257719
"koo","Konzo",609000,5,2476.362939,910.3283081,6.519583225
"kop","Kwato",780,7,233.1898444,2141.664124,7.110357523
"koq","Kota (Gabon)",43460,13,26393.62374,328.1835709,4.745025396
"kor","Korean",74452400,4,401142.4513,1121.035278,6.345232964
"kos","Kosraean",8000,0,108.4303787,0,8.495879173
"kot","Lagwan",10000,9,3884.311647,69.13884354,2.600202799
"kou","Koke",600,4,1163.601888,102.617775,3.384601712
"kov","Kudu-Camo",42,3,240.7573126,480.6806335,4.739094019
"kow","Gengle-Kugama",5000,2,128.2107567,705.0296631,5.576126575
"koy","Koyukon",300,0,44379.0883,1139.629456,5.760670662
"koz","Korak",510,4,37.06468822,1746.354324,6.392463326
"kpa","Kutto",3000,3,331.3158026,346.9700928,5.006450653
"kpb","Mullu Kurumba",26000,2,98.21710655,792.9188232,5.967473507
"kpc","Curripaco",11880,9,68623.54167,189.9105644,3.406796634
"kpd","Koba",870,0,34.00842105,40.64036727,4.319220463
"kpf","Komba",15000,5,410.4297112,1402.202866,6.950956821
"kpg","Kapingamarangi",3000,0,1.381088641,NA,7.505635262
"kph","Kplang",1600,1,174.1540742,223.6027222,4.472789049
"kpi","Kofei",100,7,793.3006195,1179.54332,6.396161437
"kpj","Karajá",2670,1,6289.798755,165.5019226,3.803627014
"kpk","Kpan",11400,5,591.4627573,882.7237549,5.439715385
"kpl","Kpala",3000,9,2599.900284,166.0248985,4.366431117
"kpm","Koho",166000,7,10133.90305,766.8849258,5.622886062
"kpn","Kepkiriwát",0,1,6656.47887,277.6196035,4.599690596
"kpo","Ikposo",162500,12,2727.667683,461.5729065,5.104887962
"kpq","Korupun-Sela",8000,6,884.6482535,2090.648254,5.728715658
"kpr","Korafe-Yegha",3630,2,226.2519694,1320.206238,6.554695368
"kps","Tehit",10000,4,1912.32703,649.7730103,6.012153625
"kpt","Karata",260,5,92.84308685,1483.36377,6.629453659
"kpu","Kafoa",1000,2,22.2221392,568.1637573,6.116060734
"kpv","Komi-Zyrian",156000,2,196475.158,126.9772129,4.031352222
"kpw","Kobon",10000,6,741.0669348,2458.823486,6.990205526
"kpx","Mountain Koiali",4000,6,3187.804755,1927.381836,7.102321863
"kpy","Koryak",1670,5,49185.28212,635.6107941,5.653834343
"kpz","Kupsabiny",181000,5,1392.704629,1120.048737,5.362772226
"kqa","Mum",3290,9,762.6617902,1692.247772,6.021868944
"kqb","Kovai",6000,1,285.1976022,1204.569611,6.71830225
"kqc","Doromu-Koki",1500,5,313.5645704,1927.381836,7.102321863
"kqd","Koy Sanjaq Surat",800,0,13.73595834,1435.625946,5.994714737
"kqe","Kalagan",70000,7,1834.96048,1211.363037,6.531594276
"kqf","Kakabai",900,4,370.5128339,724.4180908,6.134134293
"kqg","Khe",1300,2,88.71583546,158.2913666,4.29618454
"kqi","Koitabu",2700,4,592.8733075,1892.6604,7.190649509
"kqj","Koromira",2500,3,162.5593922,528.4359436,6.328845263
"kqk","Kotafon Gbe",100000,4,421.5488279,204.5183252,4.716890335
"kql","Kyenele",1250,4,693.266825,1605.971558,6.177941203
"kqm","Khisa",8000,6,2161.65743,144.7321644,4.224235296
"kqn","Kaonde",242000,10,78736.1939,245.1207886,4.566793919
"kqo","Konobo-Eastern Krahn",73500,6,6738.684408,278.896965,4.552100897
"kqp","Kimre",20000,5,563.7601985,136.3961639,3.896679401
"kqq","Krenak",10,1,2477.928612,651.8719177,5.619841576
"kqr","Kimaragang",0,7,549.4190716,436.6037292,5.798703909
"kqs","Northern Kissi",327000,9,8676.151482,381.2539368,4.931364536
"kqt","Klias River Kadazan",1000,4,142.3129488,945.8967285,6.378071308
"kqv","Okolod",4970,3,743.1104939,931.8895874,6.296407938
"kqw","Kandas",300,3,743.710751,565.2432938,6.188896656
"kqx","Mser",500,9,875.6832325,69.13884354,2.600202799
"kqy","Koorete",157000,5,2040.48322,1315.910828,6.528440118
"kqz","Korana",10000,3,19698.42018,639.8740997,5.217618227
"kra","Kumhali",12200,6,16.21808779,2500.918114,5.09039855
"krc","Karachay-Balkar",305000,6,14717.24763,2472.80249,6.349568367
"krd","Kairui-Midiki",15000,4,109.5374508,607.0228004,6.233151197
"kre","Panará",375,1,2429.82756,235.2019653,4.319795609
"krf","Koro-Olrat",160,1,15.88199719,128.9803343,5.064426124
"krh","Kurama",40300,15,1843.988393,393.9957886,4.706067562
"krj","Kinaray-a",378000,4,4574.762256,445.7074127,5.946660519
"krk","Kerek",8,3,314118.9385,828.3757935,5.422699928
"krl","Karelian",35600,6,95862.29078,323.9476776,4.566107035
"krn","Sapo",36400,5,3314.208772,224.0685272,4.36089468
"krp","Korop",17640,3,956.9110598,850.5851288,5.540940523
"krr","Krung",20700,6,4364.979721,862.6184998,5.62995863
"krs","Gbaya (Sudan)",32000,9,4759.468953,288.4676361,4.505117416
"krt","Tumari Kanuri",40000,6,4816.664501,75.19744873,3.093812943
"kru","Kurukh",1800000,14,12620.78908,644.1179199,5.271631718
"krv","Kavet",6220,6,3718.287382,624.1397247,5.410883904
"krw","Western Krahn",65400,7,6105.776689,278.896965,4.552100897
"krx","Karon",15000,2,862.6495189,32.27769279,3.006101012
"kry","Kryz",5000,2,68.24879929,1879.818298,7.04438138
"krz","Sota Kanum",100,1,232.1595165,128.5826073,2.996761799
"ksb","Shambala",664000,5,5804.327255,923.6793823,5.837211132
"ksc","Bangad",13000,7,290.0075026,658.1363068,6.420113921
"ksd","Kuanua",61000,8,930.0087547,607.9211121,6.586853743
"kse","Kuni",2400,6,1079.130726,1833.379211,7.185129404
"ksf","Bafia",60000,6,245.0854318,786.6901398,5.513936996
"ksg","Kusaghe-Njela",2400,2,402.8871187,173.9344635,5.439502239
"ksh","Kölsch",250000,4,4994.670734,409.4226799,4.727830529
"ksi","I'saka",420,3,112.5637567,589.8666229,6.021802902
"ksj","Uare",1300,4,254.7198971,1382.009145,6.969437599
"ksl","Kumalu",2580,6,132.1703934,1774.098022,7.179609299
"ksm","Kumba",3420,2,119.2936114,705.0296631,5.576126575
"ksn","Kasiguranin",10000,1,329.4828828,827.3625488,6.31011343
"ksp","Kaba",83000,9,7269.249612,595.5600281,5.034456968
"ksq","Kwaami",10000,4,352.7125805,672.5984802,5.173569322
"ksr","Borong",2200,4,313.4228638,1402.202866,6.950956821
"kss","Southern Kisi",200000,4,1703.070581,379.0274734,4.807211161
"kst","Winyé",20000,4,346.1471246,88.56598663,3.744566321
"ksu","Khamyang",50,0,294.6862057,2686.365173,6.832620025
"ksv","Kusu",26000,4,13519.20638,183.4192276,4.035374761
"ksw","S'gaw Karen",1480000,19,39286.45898,891.5936279,6.246346474
"ksx","Kedang",30000,1,232.0788124,568.1637573,6.116060734
"ksy","Kharia Thar",25000,2,5829.408011,393.6159134,4.297089815
"ksz","Kodaku",15700,4,3380.054302,567.8427887,5.260989428
"kta","Katua",4000,5,356.6938307,1120.517181,6.200793028
"ktb","Kambaata",615000,5,1314.08355,1278.113525,6.687742472
"ktc","Kholok",2500,4,97.68384512,707.6761475,5.307385604
"ktd","Kokata",19,1,1283.800076,210.5976353,4.550129473
"kte","Gyalsumdo-Nubri",2000,2,289.0464901,4507.749512,7.108198643
"ktf","Kwami",400,2,1185.93471,507.2564087,5.000207424
"ktg","Kalkutung",0,6,76561.9247,235.3064728,4.441847205
"kth","Karanga",10000,5,2689.160358,227.8372498,4.198064804
"kti","North Muyu",8000,7,1494.808122,2511.883057,6.163995743
"ktj","Plapo Krumen",100,2,1334.288139,103.5962045,4.36568594
"ktl","Koroshi",160,4,21056.87602,1169.905441,6.377165794
"ktm","Kurti",3000,3,87.62368646,71.9605484,4.823676586
"ktn","Karitiâna",210,1,1679.536014,99.19335175,3.40468502
"kto","Kuot",2400,3,381.9714518,402.5843773,5.483319163
"ktp","Kaduo",185000,3,677.4757493,711.7995605,6.05496645
"kts","South Muyu",4000,4,2379.682889,1533.279388,4.679865042
"ktt","Ketum",900,4,181.9956342,2189.15741,5.381336212
"ktu","Kituba (Democratic Republic of Congo)",4200000,18,80471.84188,418.7219543,5.236257076
"ktv","Eastern Katu",50500,7,4689.69049,935.0294647,6.20267415
"ktw","Kato",92,4,4462.499855,582.819191,6.301726818
"ktx","Kaxararí",270,1,5151.880255,68.23407745,3.437637091
"kty","Kango (Bas-Uélé District)",5900,2,680.8195585,128.2145042,3.849533439
"ktz","South-Eastern Ju",33600,11,48272.41584,177.6315613,4.177298784
"kua","Kuanyama",668000,10,85367.35673,138.8389816,3.780305266
"kub","Kutep",46000,9,1022.195695,882.7237549,5.439715385
"kuc","Kwinsu",500,5,223.1511028,580.927002,5.985350609
"kud","'Auhelawa",1200,1,38.33713694,425.5939465,5.18411243
"kue","Kuman",115000,7,1015.060989,2487.246094,6.933227539
"kuf","Western Katu",22800,5,1747.162782,911.9693909,6.132511139
"kug","Kupa",20000,3,1306.432956,320.4766235,5.072287798
"kuh","Kushi",11000,6,84.74121471,707.6761475,5.307385604
"kui","Kuikúro-Kalapálo",1010,3,776.750327,120.486927,3.726654053
"kuj","Kuria",690000,8,3399.439978,810.7546946,5.331967513
"kuk","Kepo'",6000,4,77.6489808,307.4435997,5.198795259
"kul","Kulere",15600,8,239.1822535,877.9816895,5.435926914
"kum","Kumyk",426000,2,108.0030835,1194.366048,6.503178914
"kun","Kunama",194430,6,13644.72461,769.9556885,5.42979002
"kuo","Kumukio",1050,3,30.51404603,1402.202866,6.950956821
"kup","Kunimaipa",8200,5,2437.819282,1833.379211,7.185129404
"kuq","Karipúna",10,1,3671.935374,138.7994347,3.933862209
"kus","Kusaal",438200,4,3818.890181,247.1611328,4.408506632
"kut","Kutenai",106,3,4176.111454,1183.442627,6.348408222
"kuu","Upper Kuskokwim",40,0,12396.46102,412.2496033,5.406624794
"kuv","Kur",3180,0,44.50527006,72.77916718,4.692884922
"kuw","Kpagua",3830,3,228.3978934,178.2438965,4.573409081
"kux","Kukatja",440,2,10503.2326,143.870018,4.158507824
"kuy","Kuuku-Ya'u",21,2,1627.642904,157.5682373,4.493563652
"kuz","Kunza",2000,3,141016.6872,3279.403442,7.220796585
"kva","Bagvalal",1450,4,79.83953032,1877.404134,6.567530473
"kvc","Kove",6750,3,859.4389132,551.6291656,6.193855286
"kvd","Kui (Indonesia)",1900,5,74.72015741,777.1521912,6.346073627
"kve","Kalabakan",0,0,149.4538347,741.8042297,5.790132999
"kvf","Kabalai",17900,5,287.585403,192.6016693,4.147084236
"kvg","Kuni-Boazi",4500,3,3961.899369,221.5233459,3.276922703
"kvh","Komodo",700,1,442.0788689,252.9456253,5.282901049
"kvi","Kwang",16800,6,4539.087293,136.7696972,3.534199655
"kvj","Psikye",52500,12,1139.507143,430.8778992,4.921094418
"kvl","Brek Karen",16600,6,1295.71191,854.3030243,6.001437902
"kvm","Kendem",1500,5,293.1225982,1330.718506,6.410482407
"kvn","Border Kuna",3500,2,407.7885302,799.3328171,5.779390812
"kvo","Dobel",5680,0,423.659966,40.64036727,4.319220463
"kvp","Kompane",330,0,15.88655112,70.09098244,4.87441659
"kvq","Geba Karen",40000,6,1208.397127,908.1501465,5.81708169
"kvu","Yinbaw Karen",7300,3,206.6321783,854.3030243,6.001437902
"kvv","Kola",7400,0,368.7024771,119.6215363,3.308992863
"kvw","Wersing",3700,4,131.9930056,777.1521912,6.346073627
"kvx","Parkari Koli",250000,6,8261.983754,74.47328949,3.460005522
"kvy","Yintale Karen",1000,4,666.7753958,854.3030243,6.001437902
"kvz","Tsaukambo",780,4,287.4718204,2189.15741,5.381336212
"kwa","Dâw",85,1,12547.71221,70.58453751,3.117738485
"kwb","Baa",7000,7,241.7351576,705.0296631,5.576126575
"kwc","Likwala",45300,5,4231.505662,139.6750107,3.436752081
"kwd","Kwaio",13200,5,784.3112546,447.8432312,5.977975368
"kwe","Kwerba",2500,8,2696.236346,577.4098816,5.764941692
"kwf","Kwara'ae",32400,4,674.9174593,471.6794891,5.977975368
"kwg","Sara Kaba Deme",40000,10,7415.250708,97.29294586,3.360317469
"kwh","Kowiai",600,2,379.9040486,307.5950489,4.988702059
"kwi","Awa-Cuaiquer",13000,1,4052.278809,2419.908936,6.510199547
"kwj","Kwanga",10000,9,635.5318676,608.9898071,5.62084341
"kwk","Kwak'wala",500,1,178.4289579,636.2739046,6.141276836
"kwl","Pan",110000,9,1582.034005,877.9816895,5.435926914
"kwm","Kwambi",32700,2,4626.266196,187.7311198,3.955901464
"kwn","Kwangali",84000,5,27374.59352,118.0661278,3.736735225
"kwo","Kwomtari",600,3,442.387856,988.9312134,6.103123665
"kwp","Kodia",840,3,987.6564455,189.6698608,4.330052853
"kwr","Kwer",100,3,89.60242193,2231.059855,5.87380902
"kws","Kwese",60000,6,5183.678634,390.0775757,4.957225323
"kwt","Kwesten",2000,5,351.3250749,577.4098816,5.764941692
"kwu","Kwakum",10000,7,1257.670351,208.499012,4.258697629
"kwv","Sara Kaba Náà",35000,7,10027.53277,161.2044805,3.751599709
"kwx","Khirwar",34300,4,9343.1707,548.2106934,5.030286789
"kwy","Cimbala-Cizali",537000,11,45311.22964,490.9938965,5.269438028
"kwz","Kwadi",0,1,33001.3191,716.0448914,5.865175128
"kxa","Kairiru",3200,1,99.08660719,753.1196289,5.36567688
"kxb","Krobu",9920,3,453.3010932,170.2126007,4.189496994
"kxc","Konso",242000,5,948.2104991,1353.70813,6.369137764
"kxf","Manumanaw Karen",10000,4,265.068559,854.3030243,6.001437902
"kxh","Karo (Ethiopia)",1480,2,100.1524773,1192.08197,6.184929371
"kxi","Keningau Murut",0,4,280.7798003,945.8967285,6.378071308
"kxj","Kulfa",7110,5,1633.327105,124.7696419,3.67289114
"kxk","Lahta-Zayein Karen",9300,0,1868.579491,873.8367004,6.080328465
"kxl","Nepali Kurux",28600,2,230.8863634,1486.648926,5.096989155
"kxm","Northern Khmer",1400000,6,16806.54856,321.0001831,4.284043312
"kxn","Kanowit-Tanjong Melanau",200,1,244.0605216,509.2700806,5.274462223
"kxo","Kanoê",155,2,3007.908654,85.63421822,3.406349003
"kxp","Wadiyara Koli",579000,5,5460.85234,74.47328949,3.460005522
"kxq","Smärky Kanum",80,2,694.9545108,35.64186859,2.716600895
"kxr","Lopohan",400,3,49.92892125,71.9605484,4.823676586
"kxs","Kangjia",1000,0,12314.4821,1272.877869,6.436044931
"kxt","Koiwat",800,4,454.876291,753.1196289,5.36567688
"kxu","Kui (India)",916000,2,8546.112911,603.7272949,5.486063004
"kxv","Kuvi",158000,2,4945.522763,691.6793518,5.757009268
"kxw","Konai",600,6,362.7617376,2471.141968,6.605589628
"kxx","Likuba",30200,5,4142.00839,179.8525925,3.854449689
"kxy","Kayong",25000,4,350.533722,1120.517181,6.200793028
"kxz","Kerewo",1090,6,1334.666574,1295.200195,5.687114239
"kya","Kwaya",115000,4,636.4604614,584.9519272,4.817117929
"kyb","Butbut Kalinga",15000,4,61.01290482,812.8626709,6.379081408
"kyc","Kyaka",15400,2,701.0469603,2458.823486,6.990205526
"kyd","Karey",610,1,12.30817933,66.68032885,3.258910537
"kye","Krache",58000,0,972.0219274,300.2672653,4.735475779
"kyf","Kouya",10100,3,869.487239,151.0198822,4.05508852
"kyg","Keyagana",12300,5,219.2396028,1916.283508,6.958115339
"kyh","Karok",12,1,65.83631401,1228.367676,6.437208176
"kyi","Kiput",2460,8,560.4173607,455.9609299,5.545972347
"kyj","Karao",2000,4,195.2142343,830.6094971,6.414138556
"kyk","Kamayo",363000,5,1897.242423,775.9063873,6.303737164
"kyn","Northern Binukidnon",15100,1,3218.927282,394.9112473,5.979360421
"kyo","Klon",5000,3,156.0395454,568.1637573,6.116060734
"kyq","Kenga",40000,12,3461.050877,126.4101944,3.388356566
"kyr","Kuruáya",3,1,3859.541794,104.5325394,4.079862595
"kys","Baram Kayan",4150,3,1681.017483,657.9857178,5.671733379
"kyt","Kayagar",10000,6,1881.814234,582.7323101,3.482729435
"kyu","Western Kayah",150000,12,7035.28303,854.3030243,6.001437902
"kyw","Kudmali",37000,2,3995.027261,436.5399831,4.696227551
"kyx","Rapoisi",3500,4,412.549808,529.6743622,6.531032801
"kyy","Kambaira",140,0,237.0759585,1916.283508,6.958115339
"kyz","Kayabí",1000,2,7413.756234,112.4945297,4.063276052
"kza","Western Karaboro",30200,3,293.1786767,183.5507813,4.371095181
"kzb","Kaibobo",500,2,145.1756373,584.4813944,6.177336375
"kzc","Bondoukou Kulango",104000,7,14181.62263,157.616272,4.323034286
"kzd","Kadai",350,0,195.279461,276.0440369,5.90691185
"kzf","Da'a Kaili",55000,5,2042.253402,1090.835907,6.786196232
"kzg","Kikai",0,0,60.13232034,86.8272934,4.83448267
"kzi","Kelabit",4640,5,5140.319437,787.934082,5.943238974
"kzk","Kazukuru",0,1,146.4361887,173.9344635,5.439502239
"kzm","Kais",700,5,289.5126239,748.3078003,5.628991604
"kzn","Kokola",280000,3,3746.179803,624.8225708,5.417250156
"kzo","Kaningi",6000,5,170.4920081,455.3654785,4.911571503
"kzp","Kaidipang",26600,3,377.5575819,553.7558899,6.374231815
"kzq","Kaike",50,1,17.38639668,2999.180756,6.646631122
"kzr","Karang",18000,5,2764.745815,534.5875778,5.015128374
"kzs","Sugut Dusun",0,3,491.2679422,436.6037292,5.798703909
"kzu","Kayupulau",50,0,0.046619517,1018.881248,6.221927762
"kzv","Komyandaret",300,5,317.6589831,2189.15741,5.381336212
"kzy","Kango (Tshopo District)",2000,3,9276.978873,302.6167221,4.471022844
"kzz","Kalabra",3290,4,1365.41311,467.0240631,5.493963361
"laa","Lapuyan Subanun",25000,2,2357.895288,592.1953125,6.074854374
"lac","Lacandon",560,1,280.0315323,1140.46432,5.755760988
"lad","Ladino",10000,4,1021.43196,382.7219543,5.97230196
"lae","Pattani",11000,6,2745.598967,3362.310303,7.012257814
"laf","Lafofa",600,2,396.7897048,174.4994125,3.221096754
"lag","Langi",410000,8,5762.881167,743.1786499,5.995214105
"lai","Lambya",102000,7,2228.083961,1176.769958,6.323767662
"laj","Lango (Uganda)",1490000,7,13937.09477,611.4910583,4.989683151
"lak","Laka (Nigeria)",5000,4,116.7749075,705.0296631,5.576126575
"lam","Lamba",201000,8,73643.72735,245.0968781,4.455021858
"lan","Laru (Nigeria)",5000,3,311.8492363,192.2290497,4.465442181
"lao","Lao",3091600,32,46439.36919,956.1405029,5.742286682
"lap","Laka (Chad)",57150,6,7925.859475,394.0808487,4.590770602
"laq","Pubiao-Qabiao",708,6,366.9536121,1067.933411,6.277072271
"lar","Larteh",74000,4,74.64997489,282.1754456,4.778396726
"las","Lama (Togo)",177000,29,20738.41134,461.5729065,5.104887962
"lat","Latin",0,2,21147.46461,748.7523804,6.277986288
"law","Lauje",44000,6,1516.055331,482.6442299,6.317546844
"lax","Tiwa (India)",27100,4,2789.336612,2148.637939,6.534326077
"laz","Aribwatsa",0,0,171.9948553,1785.090088,7.233548403
"lbb","Label",140,2,13.44593633,565.2432938,6.188896656
"lbc","Lakkia",9000,4,486.9657901,551.7311096,5.646678686
"lbe","Lak",146000,9,3510.539757,373.5269623,4.511161804
"lbf","Tinani",23050,7,2125.107654,3362.310303,7.012257814
"lbj","Leh-Kenhat",105000,11,35118.42349,2125.78241,6.743071079
"lbm","Lodhi",25000,6,2942.211138,556.8530884,4.208989143
"lbn","Lamet",19900,8,2385.712053,633.25354,6.01104784
"lbo","Laven",28100,10,2813.855494,609.1291428,5.410788655
"lbq","Wampar",5150,5,1208.848591,1785.090088,7.233548403
"lbr","Lohorung",3720,8,159.344939,2185.364502,6.084828138
"lbt","Lachi",5200,6,740.3453545,1067.933411,6.277072271
"lbu","Labu",0,3,59.00019473,1785.090088,7.233548403
"lbv","Lavatbura-Lamusong",1310,2,363.8672618,606.6106567,6.445653677
"lbw","Tolaki",331000,6,11215.55756,456.7139206,5.928067207
"lbx","Lawangan",100000,12,16751.66535,288.0073547,5.361648083
"lby","Lamalama",19,3,4793.847019,242.7701874,4.67033124
"lbz","Lardil",54,1,1085.92116,46.64881897,3.449180841
"lcc","Legenyem",250,2,437.3708395,259.9832153,5.250994682
"lcd","Lola",900,0,20.77460642,40.64036727,4.319220463
"lch","Luchazi",429600,9,61099.04459,209.0439224,4.396074295
"lcl","Lisela",11900,1,952.5806053,894.6515503,6.546961308
"lcm","Tungag",12000,0,1247.098796,198.5580978,4.52098465
"lcp","Western Lawa",8000,4,1109.788906,891.5936279,6.246346474
"lcq","Luhu-Piru",6500,3,123.0409222,501.7435875,6.140568376
"lcs","Lisabata-Nuniali",1830,3,77.76128716,501.7435875,6.140568376
"ldb","Idun",78000,3,93.33573988,684.9346924,5.532274246
"ldg","Lenyima",13000,5,14.58352936,348.8528137,4.741388559
"ldh","Lamja-Dengsa-Tola",3420,5,411.8358267,705.0296631,5.576126575
"ldi","Laari",90600,9,5751.780714,405.9307251,5.217046738
"ldj","Lemoro",10000,3,97.36041688,548.7653198,5.003487428
"ldk","Leelau",5000,8,258.4659988,888.0291748,5.457853079
"ldl","Kaan",10000,4,235.8527235,519.0105286,5.312858264
"ldm","Landoma",14400,6,2945.121142,244.5726929,4.37706399
"ldo","Loo",8000,5,29.57064531,707.6761475,5.307385604
"ldp","Tso",16000,4,161.5004528,525.9998779,5.291288614
"ldq","Lufu",6400,7,2367.951578,1055.950439,5.800908089
"lea","Lega-Shabunda",400000,10,44384.41052,566.1135483,5.028059125
"leb","Lala-Bisa",353000,8,79129.54414,708.1893921,5.40939641
"lec","Leco",20,1,406.0719005,1806.204346,5.98929882
"led","Lendu",761100,8,4377.494885,747.6508484,5.600661278
"lee","Lyélé",130000,4,3301.941677,73.01692963,3.616803885
"lef","Lelemi",48900,8,564.1728163,461.5729065,5.104887962
"leh","Lenje",128000,6,30528.58216,383.1187134,4.758023739
"lei","Lemio",270,2,3.168751008,1796.082153,7.287487507
"lej","Lengola",100000,8,17892.82117,167.0531845,3.967044413
"lek","Leipon",650,0,3.949286415,65.57713509,4.870939255
"lel","Lele (Democratic Republic of Congo)",26000,6,12977.665,191.9750595,4.353659391
"lem","Nomaande",6000,9,490.0979717,786.6901398,5.513936996
"lep","Lepcha",60100,9,740.469164,2267.704285,6.077709556
"leq","Lembena",1760,3,407.7218942,1605.971558,6.177941203
"ler","Lenkau",250,2,3.845345664,592.3810434,5.161361456
"les","Lese",50000,17,25793.9919,678.2807007,5.513251305
"let","Lesing-Gelimi",2000,2,54.45430844,576.4456024,6.238593578
"leu","Kara (Papua New Guinea)",5000,2,230.6662419,402.5843773,5.483319163
"lev","Western Pantar",10000,3,353.8455738,568.1637573,6.116060734
"lew","Ledo Kaili",350000,12,4899.494227,1090.835907,6.786196232
"lex","Luang",18000,0,675.4881946,254.6973658,4.939376414
"ley","Lemolang",2000,1,92.0044552,1261.949554,6.6565274
"lez","Lezgian",766000,12,5748.563121,2643.784424,7.20380497
"lfa","Lefa",10000,9,1365.38122,1160.120392,5.858618736
"lga","Lungga",2770,1,52.36097738,282.933665,5.672062238
"lgb","Laghu",3,2,125.8506411,275.156105,5.642580271
"lgg","Lugbara",1637000,7,4983.920096,607.5015055,5.330859502
"lgh","Laghuu",300,6,65.421412,917.7417603,6.584017277
"lgi","Lengilu",3,3,243.1699304,917.8824463,6.214744568
"lgk","Neverver",1250,5,69.15787478,205.1739502,5.786854148
"lgl","Wala",6980,3,69.65555955,447.8432312,5.977975368
"lgm","Lega-Mwenga",44900,6,9802.73535,1006.339966,5.990531445
"lgn","T'apo",1750,3,1220.813739,621.2044118,4.09276708
"lgq","Logba",7500,2,34.08335275,371.0193634,4.921035767
"lgr","Lengo",13800,4,797.3477819,383.1600037,5.952130795
"lgt","Pahi",840,2,142.3055606,798.9605103,5.861983538
"lgu","Longgu",1890,3,286.1480984,306.9156698,5.72791338
"lgz","Ligenza",43000,10,11804.12713,146.4344101,4.12488842
"lha","Laha (Viet Nam)",5690,4,285.8114634,984.6083984,6.281261921
"lhh","Laha (Indonesia)",3890,1,10.29624726,684.2754669,6.42774415
"lhi","Lahu Shi",192000,7,1301.313194,690.1029968,5.990604401
"lhl","Lahul Lohar",750,3,845.7570679,2684.258057,6.88186121
"lhm","Lhomi",3130,4,1121.574218,2884.080078,7.072667122
"lhn","Lahanan",350,4,62.89683232,568.9240875,5.414634864
"lhp","Lhokpu",2500,2,38.76330229,2350.044067,6.070590973
"lhs","Mlahsô",0,1,2126.884436,1189.746246,5.761543989
"lht","Lo-Toga",650,0,33.93405028,97.99904633,4.582336545
"lhu","Lahu",530350,27,25230.87298,721.1489868,6.101625443
"lia","West-Central Limba",335000,4,1971.175319,361.8891703,5.180978298
"lib","Likum",80,1,0.734432,71.9605484,4.823676586
"lic","Hlai",667000,6,14775.26743,308.57621,5.57076184
"lid","Nyindrou",4200,1,339.3777628,71.9605484,4.823676586
"lie","Balobo",8400,2,1048.64658,64.61572266,3.068231583
"lif","Limbu",381300,14,5027.150842,2267.704285,6.077709556
"lig","Ligbi",19000,5,435.7827205,173.119194,4.437000036
"lih","Lihir",12600,0,217.8786304,575.5392914,4.875444531
"lij","Ligurian",500000,4,6245.190195,1325.422119,6.550533772
"lik","Liko",60000,2,1446.936848,387.7792969,4.666583061
"lil","Lillooet",310,2,165.7392188,1304.658234,6.3196702
"lim","Limburgan",1300000,6,6449.341745,195.8750636,4.232571125
"lin","Lingala",2130600,7,2236.358879,405.9307251,5.217046738
"lio","Liki",11,0,17.06205955,577.4098816,5.764941692
"lip","Sekpele",23400,6,54.84635212,461.5729065,5.104887962
"liq","Libido",64400,5,581.750409,1318.518066,6.72128129
"lis","Lisu",942700,26,33933.15822,2367.137512,7.032032251
"lit","Lithuanian",2800000,5,64946.70575,127.7694626,3.869241714
"liu","Logorik",2000,3,67.64419631,306.5653992,4.566905975
"liv","Liv",1,1,365.2154345,33.55972004,3.256431818
"lix","Liabuku",75,2,42.85672443,152.5405731,5.39710927
"liy","Banda-Bambari",183000,8,25483.95594,186.9040298,4.359368324
"liz","Libinza",10000,11,4070.093076,64.61572266,3.068231583
"lje","Rampi",10000,1,1769.086051,1377.253845,6.858096838
"lji","Laiyolo",800,1,36.75105752,218.613163,5.060169399
"ljl","Li'o",105000,2,1868.561245,361.9415741,5.114689469
"ljp","Lampung Api",827000,5,7315.855479,624.4837875,5.233928204
"lka","Lakalei",3250,3,247.9554282,710.0447693,6.284698248
"lkb","Kabras",253000,5,361.3764192,1548.248291,6.39795804
"lkc","Kucong",46870,8,159.9246647,814.7706604,6.319491863
"lkd","Lakondê",1,1,166.0467698,398.9295044,5.008751869
"lke","Kenyi",62000,3,1216.351968,405.9611206,4.291295052
"lkh","Lakha",8000,3,378.2460876,2472.864075,6.403575182
"lki","Laki",1000000,3,9562.371123,1086.362976,5.977362633
"lkj","Remun",3500,2,166.1479842,330.5325775,4.820478439
"lkl","Laeko-Libuat",720,2,32.75899675,798.9605103,5.861983538
"lkn","Lakon",700,0,21.29396391,128.9803343,5.064426124
"lko","Khayo",125000,5,448.2228853,938.9922981,5.148241937
"lkr","Päri",28000,0,251.9263667,348.9061432,4.347615004
"lks","Kisa",137000,4,56.78097174,757.9358597,4.933711648
"lkt","Lakota",6190,2,22681.72843,359.0686798,4.799446106
"lky","Lokoya",12400,3,1345.103667,567.3527908,5.025715232
"lla","Lala-Roba",46000,7,748.0840435,496.9773712,5.214917302
"llb","Lolo",162000,8,9812.116429,624.8225708,5.417250156
"llc","Lele (Guinea)",23000,1,526.0246578,381.2539368,4.931364536
"lld","Ladin",31000,2,211.5980767,2163.963135,6.713021278
"lle","Lele (Papua New Guinea)",1300,3,128.0073106,65.57713509,4.870939255
"llg","Lole",20000,3,117.2216949,32.34194565,5.410171986
"llh","Lamu",120,3,4033.83208,1273.380981,6.658509731
"lli","Teke-Laali",2100,3,445.0587714,436.1730042,5.169130802
"llk","Lelak",0,0,906.4919853,455.9609299,5.545972347
"lll","Lilau",450,4,61.15246306,1692.247772,6.021868944
"llm","Lasalimu",1700,1,65.74804203,164.5274963,5.261827946
"lln","Lele (Chad)",26000,4,637.3875207,192.6016693,4.147084236
"llp","North Efate",9500,3,266.5833122,128.09338,5.000798941
"llq","Lolak",3000,1,395.5371587,516.3922348,6.345150828
"llu","Lau",16900,3,159.2199129,471.6794891,5.977975368
"llx","Lauan",16000,0,361.2213601,31.18080711,2.584084988
"lma","East Limba",4600,10,3671.157262,389.239624,5.029829502
"lmb","Merei",400,5,73.18873066,203.6951396,5.835590839
"lmc","Limilngan",0,5,3360.8728,146.6066806,3.987544934
"lmd","Lumun",30000,5,86.32212728,321.7355499,4.469157696
"lme","Peve",35720,4,4899.53067,376.9195023,4.876743317
"lmf","Eastern Atadei",7000,4,122.0721162,359.1753235,5.88604784
"lmg","Lamogai",3650,4,1443.62756,551.6291656,6.193855286
"lmi","Lombi",12000,4,10247.85473,367.9919078,4.699775537
"lmj","West Lembata",8000,3,202.8809799,359.1753235,5.88604784
"lmk","Lamkang",10000,6,265.7776649,1087.531616,6.082821131
"lml","Hano",6500,1,87.77902257,235.062912,5.705207348
"lmn","Lambadi",4150000,1,31508.49652,332.5940857,4.905103326
"lmo","Lombard",3903000,6,26793.49284,1953.954224,6.683180809
"lmp","Limbum",73000,13,2501.080795,1229.177124,6.162100792
"lmq","Lamatuka",4000,3,61.27673901,359.1753235,5.88604784
"lmr","Peripheral Lembata",4000,3,21.88074974,359.1753235,5.88604784
"lmu","Lamenu",850,2,22.42515387,209.6103821,5.640644073
"lmv","Lomaiviti",1630,0,409.3246492,364.8249664,5.367910147
"lmw","Lake Miwok",1,1,68.42351327,1343.893494,6.361232519
"lmx","Laimbue",5000,6,240.1956514,1106.72113,5.925098896
"lmy","Lamboya",25000,3,167.7841361,252.0170937,6.014419317
"lna","Langbashe",43000,14,8753.843269,178.2438965,4.573409081
"lnd","Lundayeh",47500,9,4421.737821,840.5882975,6.088183085
"lnh","Lanoh",0,6,1628.346886,621.3249054,5.961712599
"lni","Daantanai'",600,2,26.2075461,528.4359436,6.328845263
"lnj","Linngithigh",0,2,8219.17522,144.5478573,3.877263546
"lnl","South Central Banda",150000,11,8024.456091,138.1425953,4.288050652
"lnm","Pondi",420,2,31.17492955,1605.971558,6.177941203
"lnn","Nethalp",340,5,71.94798575,215.368988,5.940822124
"lno","Lango (Sudan)",38000,4,1657.720539,899.5223999,5.818964481
"lns","Lamnso'",240000,9,1822.86823,1108.035416,5.829763412
"lnu","Longuda",32000,4,502.3220136,525.9998779,5.291288614
"loa","Loloda-Laba",15000,4,582.8862003,267.2740326,5.947149992
"lob","Lobi",442000,11,10049.57484,144.7321644,4.224235296
"loc","Inonhan",85800,5,533.8540335,393.9503708,5.750282288
"loe","Saluan",76000,4,5545.70146,785.106842,6.428575039
"lof","Logol",2600,1,7.005418942,336.9057007,4.371409416
"log","Logo",210000,14,8897.128644,333.4070435,4.715840816
"loh","Narim",3620,4,1960.654961,644.3292694,5.14138031
"loi","Loma (Côte d'Ivoire)",8010,1,5186.816335,145.6314163,4.326758623
"loj","Lou",1000,0,29.41265774,592.3810434,5.161361456
"lok","Loko",138000,3,1686.961384,389.239624,5.029829502
"lol","Mongo",400000,24,224954.9323,76.83906555,3.427655816
"lom","Loma (Liberia)",195000,6,4685.734163,434.8725433,4.883308887
"lon","Malawi Lomwe",850000,9,7874.143157,614.9972382,5.500852823
"loo","Lombo",10000,6,4058.530531,169.6915855,4.110848844
"lop","Lopa",5000,4,391.7776885,219.0302963,4.553212404
"loq","Lobala",60000,11,5615.796051,94.94940567,3.283120275
"lor","Téén",8100,3,1222.192546,144.7321644,4.224235296
"los","Loniu",460,1,8.503786069,65.57713509,4.870939255
"lot","Otuho",135000,7,7358.190065,567.3527908,5.025715232
"low","Tampias Lobu",0,2,218.4499975,753.4922791,5.883290052
"loy","Lowa",3030,3,1086.767546,3076.701721,6.772862434
"loz","Lozi",696000,15,27511.31428,289.1398163,4.220128179
"lpa","Lelepa",400,0,7.380069489,128.09338,5.000798941
"lpe","Lepki",530,6,1009.62496,1651.89798,6.48093915
"lpn","Long Phuri Naga",1000,4,259.9086658,1398.330892,6.425217787
"lpo","Lipo",250000,3,886.2705469,1242.140503,6.604087353
"lpx","Lopit",50000,2,1091.937506,567.3527908,5.025715232
"lra","Rara Bakati'",23300,6,1900.774266,213.9834766,4.625504255
"lrc","Northern Luri",1500000,6,22313.77653,1661.270386,5.603157997
"lrg","Laragia",23,4,669.052674,141.7901446,4.099223216
"lri","Marachi",155000,4,285.4585757,938.9922981,5.148241937
"lrl","Lari",80000,2,51670.85469,1231.509888,6.355212688
"lrm","Marama",152500,5,173.8849865,757.9358597,4.933711648
"lrn","Lorang",220,0,9.42364861,66.68032885,3.258910537
"lro","Laru (North Sudan)",40000,4,358.0119265,282.9220238,4.418931842
"lrr","Southern Yamphu",2500,4,77.21885252,2185.364502,6.084828138
"lrv","Larevat",680,6,55.02907855,205.1739502,5.786854148
"lsa","Lasgerdi",1000,1,166.7926854,1810.253906,6.719725609
"lsd","Lishana Deni",7500,3,231.8285319,965.9433594,6.142790556
"lse","Lusengo",42000,6,3373.671309,50.80887985,2.905285239
"lsh","Lish",2340,1,48.09342907,2694.639954,6.778354883
"lsi","Lashi",31800,6,1758.393794,1902.073364,6.948141098
"lsm","Saamia",480000,7,935.9663284,938.9922981,5.148241937
"lsr","Srenge",700,4,45.42343345,798.9605103,5.861983538
"lss","Lasi",15000,0,23.15654951,613.6423874,5.168378592
"lti","Leti (Indonesia)",7500,0,96.90107885,254.6973658,4.939376414
"ltn","Latundê",10,2,501.6880077,398.9295044,5.008751869
"lto","Tsotso",122000,5,128.9312128,757.9358597,4.933711648
"lts","Tachoni",253000,4,374.9272404,1548.248291,6.39795804
"ltu","Latu",2130,1,14.79750499,473.8993835,6.308526993
"ltz","Moselle Franconian",336000,4,3868.476567,411.1689453,5.10051775
"lua","Luba-Lulua",6300000,12,53998.31089,233.8678284,4.403327942
"lub","Luba-Katanga",1510000,12,151262.141,452.868988,5.126507998
"luc","Aringa",300000,5,1865.218981,672.0764771,5.588666439
"lud","Ludian",3000,3,6766.739152,188.1007233,4.191274643
"lue","Luvale",635000,8,81149.07648,201.200943,4.07556957
"lug","Ganda",4130000,8,37397.07072,449.3969879,4.605888446
"lui","Luiseno",5,1,268.7641512,996.875946,6.53670609
"luj","Luna",50000,3,1894.863826,184.1488419,4.275839984
"luk","Lunanakha",700,1,264.6931021,2664.552612,6.941900969
"lul","Olu'bo",15000,5,1029.081824,567.3527908,5.025715232
"lum","Luimbi",43900,5,26209.18153,524.3982544,5.282084465
"lun","Lunda",403000,16,147700.1522,463.4151001,4.954547405
"luo","Luo (Kenya and Tanzania)",4184000,13,10150.12344,757.9358597,4.933711648
"lup","Lumbu",22720,11,13206.96337,299.7675076,5.197755933
"lus","Mizo",687750,19,17296.43365,952.7190247,5.983741283
"lut","Northern Lushootseed",10,1,43.3735741,1428.274963,6.406281233
"luv","Luwati",30000,0,0.175813791,579.6044006,6.027523041
"luw","Luo (Cameroon)",1,0,463.1902118,1108.035416,5.829763412
"luz","Southern Luri",875000,3,23567.82978,2276.577393,6.715801239
"lva","Maku'a",56,1,36.29126081,436.8934097,6.120228767
"lvk","Lavukaleve",1780,0,230.9059498,318.4767761,5.926286221
"lvu","Central Lembata-Lewokukun",4000,4,167.3808121,359.1753235,5.88604784
"lwa","Lwalu",21000,5,3333.241924,305.34021,4.538269997
"lwe","Lewo Eleng",4000,2,189.9114881,359.1753235,5.88604784
"lwg","Wanga",309000,8,476.3417443,1116.669357,5.433890899
"lwh","White Lachi",1600,3,343.556028,1085.007355,6.366424561
"lwl","Eastern Lawa",7000,1,285.6340478,745.2794495,6.088199258
"lwm","Laomian",1600,1,930.1245443,693.9308167,6.153100252
"lwo","Luwo",80000,6,5408.658405,117.1415291,3.405061126
"lwt","Lewotobi",6000,3,249.671206,360.5584488,5.500368655
"lww","Lewo",2200,6,224.4628854,209.6103821,5.640644073
"lya","Layakha",1100,1,414.4005798,2664.552612,6.941900969
"lyg","India Lyngam",6000,8,2022.313561,2148.668091,6.511569738
"lyn","Luyi",2880,7,19643.74793,145.4012884,3.810237328
"lzl","Naman",15,4,55.92339673,205.1739502,5.786854148
"lzn","Leinong Naga",7000,5,797.0062876,1489.161133,6.548625231
"lzz","Laz",21000,3,4983.801177,2149.70752,6.942372799
"maa","San Jerónimo Tecóatl Mazatec",18900,5,168.6078015,1748.040588,6.584167004
"mab","Yutanduchi Mixtec",960,3,52.89730674,1929.708313,6.722405553
"mad","Madurese",6770000,5,30065.51539,469.3520508,6.308537642
"mae","Bo-Rukul",2000,2,9.676143639,877.9816895,5.435926914
"maf","Mafa",140910,16,1110.867899,430.8778992,4.921094418
"mag","Magahi",14000000,4,12009.10358,553.8492584,4.564480066
"mah","Marshallese",43900,0,211.091238,0.206635464,3.790345192
"mai","Maithili",33890000,10,34015.78112,1061.010498,4.55958581
"maj","Jalapa De Díaz Mazatec",17500,5,192.8792228,1876.390503,6.530743599
"mak","Makasar",2130000,4,4630.511644,502.8755188,6.305090427
"mal","Malayalam",33000000,3,40428.35417,859.1639404,6.48571682
"mam","Mam",537980,9,6046.44951,1827.145874,6.792926431
"maq","Chiquihuitlán Mazatec",1500,4,44.70884176,1876.390503,6.530743599
"mar","Marathi",71700000,15,292618.1526,320.5892944,4.944548368
"mas","Masai",1297000,29,89825.07743,1006.375732,6.360332251
"mat","San Francisco Matlatzinca",650,1,63.81708434,2015.525879,6.614146709
"mau","Huautla Mazatec",74600,7,514.5950268,1876.390503,6.530743599
"mav","Sateré-Mawé",9160,1,11629.3015,123.3279419,3.786920071
"maw","Mampruli",220000,7,5513.939609,177.355957,4.221331358
"maz","Central Mazahua",74000,4,1977.373931,2015.525879,6.614146709
"mba","Higaonon",30000,4,4029.193773,806.4185791,6.234762033
"mbb","Western Bukidnon Manobo",15000,4,792.8591821,941.1138306,6.432351112
"mbc","Macushi",18030,4,25898.8135,373.5916977,4.720792055
"mbd","Dibabawon Manobo",10000,7,1414.75539,775.9063873,6.303737164
"mbe","Molale",0,4,7296.924072,897.4563904,6.08579278
"mbh","Mangseng",2500,4,1709.205433,490.2012634,6.238593578
"mbi","Ilianen Manobo",14600,6,1942.622257,1211.363037,6.531594276
"mbj","Nadëb",400,1,18804.76653,235.9543009,3.368484259
"mbk","Malol",3330,4,72.04176916,512.5372391,4.709376335
"mbl","Maxakalí",1270,1,3450.547058,519.435791,5.475757599
"mbm","Ombamba",24800,2,5569.343642,352.966362,4.661385536
"mbn","Macaguán",300,2,4715.87371,1270.393143,4.554497361
"mbo","Mbo (Cameroon)",45000,9,1301.089735,1330.718506,6.410482407
"mbp","Malayo",1850,3,945.8262041,3055.334229,6.71608448
"mbq","Maisin",2610,4,512.1747611,1962.103271,7.013994217
"mbr","Nukak Makú",700,1,1565.742999,71.46427345,3.694317102
"mbs","Sarangani Manobo",58000,3,1672.463648,568.6444244,5.801836967
"mbt","Matigsalug Manobo",50000,6,1526.435737,941.1138306,6.432351112
"mbu","Mbula-Bwazza",100000,4,930.3896976,519.0105286,5.312858264
"mbv","Mbulungish",5000,1,313.7996066,244.5726929,4.37706399
"mbw","Maring",11000,4,669.4809879,2487.246094,6.933227539
"mbx","Mari (East Sepik Province)",80,4,122.3686856,1519.695343,6.334013462
"mby","Memoni",0,2,668.8380395,613.6423874,5.168378592
"mbz","Amoltepec Mixtec",5630,4,145.3797266,2111.376038,6.860644102
"mca","Maca",1500,1,940.6192864,141.431661,3.616947492
"mcb","Machiguenga",5910,7,23915.86222,2423.135315,6.346942425
"mcc","Bitur",860,4,527.9033723,353.2976481,3.609974623
"mcd","Sharanahua",453,5,6480.05217,400.0176239,4.066667676
"mce","Itundujia Mixtec",850,2,379.8475709,2111.376038,6.860644102
"mcf","Matsés",2230,4,4388.248974,75.94338226,3.47418642
"mcg","Mapoyo",12,3,1135.748893,658.3569107,4.168040752
"mch","Maquiritari",5950,11,52571.07852,890.9279785,6.102995157
"mci","Mese",4000,3,288.4707884,1402.202866,6.950956821
"mcj","Mvano",100,1,4.348361229,1055.950439,5.800908089
"mck","Mbunda",218000,9,21445.01266,147.4065285,3.913027883
"mcl","Macaguaje",450,1,3876.764608,1609.62326,5.263662994
"mcn","Masana",233000,10,8911.92897,178.8467064,3.728190303
"mco","Coatlán Mixe",5000,6,399.5693464,1435.255432,6.5828197
"mcp","Makaa",80000,8,7999.180172,246.3834254,4.360156457
"mcq","Ese",10000,6,805.2508128,1962.103271,7.013994217
"mcr","Menya",20000,4,593.1808035,1690.902893,6.805873156
"mcs","Mambai",10000,2,314.3948111,394.9056346,4.891527017
"mcu","Donga Mambila",30000,8,849.639679,1109.349701,5.734427929
"mcv","Minanibai-Foia Foia",300,4,444.0546741,1295.200195,5.687114239
"mcw","Mawa (Chad)",6560,3,456.4167787,126.4101944,3.388356566
"mcx","Mpiemo",29000,11,6296.852661,135.964859,4.52796936
"mcy","South Watut",890,5,235.3921305,1785.090088,7.233548403
"mcz","Mawan",470,0,1.6191952,2141.664124,7.110357523
"mda","Mada (Nigeria)",100000,8,1051.781899,684.9346924,5.532274246
"mdb","Morigi",700,4,744.5490919,1295.200195,5.687114239
"mdc","Male (Papua New Guinea)",970,4,7.5819345,2141.664124,7.110357523
"mdd","Mbum",51100,14,14783.65241,672.7867279,5.505387306
"mde","Maba (Chad)",296000,12,25463.818,279.1218262,4.369766474
"mdf","Moksha",2030,1,11608.90539,103.3001137,3.792916656
"mdg","Massalat",10,0,11941.78001,233.1573753,3.997254252
"mdh","Maguindanao",1100000,5,4628.560429,901.7791748,6.303224325
"mdi","Mamvu",60000,11,9077.11057,391.5422173,4.669788659
"mdj","Mangbetu",620000,12,29731.50305,218.5772533,4.092846632
"mdk","Mangbutu",15000,5,2455.954658,505.8438721,5.114546061
"mdm","Mayogo",100000,5,2983.142848,277.2405624,4.225031257
"mdn","Mbati",60000,3,2222.920007,192.9779968,4.349057674
"mdp","Mbala",200000,14,21078.21692,296.8771019,4.654328048
"mdq","Mbole",100000,10,20137.95439,125.9172745,3.800719857
"mdr","Mandar",475000,8,1336.352478,1409.319885,6.685564518
"mds","Maria (Papua New Guinea)",1350,7,1490.458239,1126.683517,6.858831644
"mdt","Mbere",105900,4,11631.3151,236.6518326,4.243530989
"mdu","Mboko",27200,2,726.9976451,220.8414714,4.393720945
"mdv","Santa Lucía Monteverde Mixtec",5430,3,96.89721595,1947.480916,6.786292871
"mdw","Mbosi",108000,5,8094.859736,279.2610779,4.44239068
"mdx","Dizin",33900,3,2109.086981,1306.354279,6.304843664
"mdy","Male (Ethiopia)",95000,9,1234.6154,1286.789124,6.565350771
"mdz","Suruí Do Pará",260,1,1168.796389,230.9023743,4.416878462
"mea","Menka",5200,5,105.1339193,1106.72113,5.925098896
"meb","Ikobi",1570,5,3299.407789,982.692627,4.942091465
"mec","Marra",57,3,2711.746033,173.4082184,4.236668825
"med","Melpa",130000,10,2178.479972,2458.823486,6.990205526
"mee","Mengen",8400,5,2851.823964,549.6293182,6.487257719
"mef","Bangladesh Lyngam",6870,6,120.6418409,1210.084686,5.138779879
"meh","Southwestern Tlaxiaco Mixtec",7340,3,254.359761,1937.062744,6.740927696
"mei","Midob",50000,1,1510.093773,345.2023621,5.014269114
"mej","Meyah",14800,6,6645.253322,670.0216293,6.307080388
"mek","Mekeo",19000,6,2867.894903,1833.379211,7.185129404
"mel","Central Melanau",113280,3,1844.191452,281.2333984,4.381498277
"mem","Mangala",61,2,6577.829501,190.1380157,4.393226624
"men","Mende (Sierra Leone)",1499700,9,28816.09027,323.1824036,4.731113434
"mep","Miriwung",210,5,17789.83989,379.3855591,5.049996376
"meq","Merey",10000,4,47.22276528,269.8820686,3.989992976
"mer","Meru",1660000,11,6192.265263,1371.437164,6.201543331
"mes","Masmaje",0,4,1607.753611,239.5257416,3.914487123
"met","Mato",580,5,237.022879,1796.082153,7.287487507
"meu","Motu",39000,7,70.61622401,1892.6604,7.190649509
"mev","Mann",390000,6,6896.150734,411.1082764,4.789280176
"mew","Maaka",10000,5,1750.698665,346.9700928,5.006450653
"mey","Hassaniyya",3238190,18,1668384.64,100.5080271,3.496623635
"mez","Menominee",35,1,489.8781073,232.4905186,4.1357584
"mfc","Mba",36100,4,7001.655859,169.6915855,4.110848844
"mfd","Mendankwe-Nkwen",23100,5,87.92364757,1106.72113,5.925098896
"mff","Naki",3000,9,226.3305338,1106.72113,5.925098896
"mfg","Mixifore",20000,4,329.2755462,244.5726929,4.37706399
"mfh","Matal",18000,6,98.74585689,269.8820686,3.989992976
"mfi","Wandala",43500,13,1791.682326,259.5497246,3.757475495
"mfj","Mefele",11000,6,142.8464802,430.8778992,4.921094418
"mfk","North Mofu",27500,7,117.5792312,269.8820686,3.989992976
"mfl","Putai",50,11,8630.202169,430.8778992,4.921094418
"mfm","Marghi South",166000,11,8630.202169,430.8778992,4.921094418
"mfn","Cross River Mbembe",100000,13,917.7796559,348.8528137,4.741388559
"mfo","Mbe",65000,4,129.7839652,727.786972,5.333243728
"mfp","Makassar Malay",0,1,710.4695545,502.8755188,6.305090427
"mfq","Moba",190800,4,1861.057655,247.1611328,4.408506632
"mfr","Marithiel",15,3,544.8616413,185.4514236,4.499478102
"mft","Mokerang",200,0,4.573877655,65.57713509,4.870939255
"mfu","Mbwela",222000,14,189399.5516,265.3576355,4.488793373
"mfv","Mandjak",310600,13,5929.020472,32.27769279,3.006101012
"mfw","Mulaha",0,2,259.0479404,1927.381836,7.102321863
"mfx","Melo",20200,3,798.555104,1286.789124,6.565350771
"mfy","Mayo",32900,2,29742.70352,1167.053223,5.824351788
"mfz","Mabaan",50000,4,6516.892326,258.3789444,3.788920164
"mgb","Mararit",42400,3,2407.497978,338.9927673,4.626244068
"mgc","Morokodo",50000,3,4018.825526,291.4970398,4.485100746
"mgd","Moru",70000,5,6373.597837,300.0865936,4.358267307
"mge","Mango",52200,4,2637.682045,136.3961639,3.896679401
"mgf","Maklew",120,4,3014.985956,32.45097351,2.679110289
"mgg","Mpongmpong",45000,6,5292.276165,140.9774094,4.3985943
"mgh","Makhuwa-Meetto",1348000,9,65545.4735,338.4850769,4.84874773
"mgi","Lijili",50000,4,643.8781994,741.4852524,5.280736923
"mgj","Abureni",4000,4,145.8081327,115.6379375,2.924462557
"mgk","Mawes",850,6,124.1965062,580.927002,5.985350609
"mgl","Maleu-Kilenge",5200,2,821.6327484,613.0570679,6.149116993
"mgm","Mambae",131000,8,2799.656637,710.0447693,6.284698248
"mgn","Mbangi",2750,3,497.4777103,139.7054113,4.313602606
"mgo","Meta'",87000,12,663.9127925,1106.72113,5.925098896
"mgp","Eastern Magar",533700,19,4797.491851,4507.749512,7.108198643
"mgq","Malila",65000,4,634.4057471,1157.950684,6.386398315
"mgr","Mambwe-Lungu",502000,6,23731.13451,819.4627075,5.76186657
"mgs","Manda-Matumba",22000,5,1609.61823,1112.204285,6.292636395
"mgt","Mwakai",340,2,36.21142915,1605.971558,6.177941203
"mgu","Mailu",8500,8,601.3354169,925.5508041,6.496482968
"mgv","Matengo",150000,6,3944.563952,779.956604,6.08974123
"mgw","Matumbi",72000,3,9679.019382,573.3055267,5.273295403
"mgy","Mbunga",29000,4,4685.029666,1221.513794,5.977025509
"mgz","Mbugwe",24000,3,1420.144049,811.6998291,6.265856266
"mha","Manda (India)",4040,1,666.5964465,639.3656082,5.574413657
"mhb","Mahongwe",1000,2,1262.88632,210.9805222,4.326833963
"mhc","Mocho",140,3,78.87698012,1827.145874,6.792926431
"mhe","Besisi",2990,5,1726.759887,409.4014435,4.674030781
"mhf","Mamaa",200,0,97.87020266,1785.090088,7.233548403
"mhg","Margu",1,2,51.7308323,57.01037979,3.408040762
"mhi","Ma'di",314000,6,8664.028765,672.0764771,5.588666439
"mhk","Mungaka",50100,9,352.4567949,1106.72113,5.925098896
"mhl","Mauwake",2390,7,202.8385858,1746.354324,6.392463326
"mhm","Makhuwa-Moniga",200000,3,5248.530469,478.884201,4.932036877
"mhn","Mòcheno",1900,3,13382.92169,1433.329346,6.359107375
"mho","Mashi (Zambia)",21430,6,8964.500286,94.64265823,3.341811776
"mhq","Mandan",10,3,144.5390389,252.113903,4.576221585
"mhr","Eastern Mari",470000,4,29095.83141,103.7195644,3.98267591
"mhs","Buru (Indonesia)",33000,2,7562.18768,894.6515503,6.546961308
"mht","Mandahuaca",3000,9,5780.029564,320.4883614,4.173181653
"mhu","Tawra",34850,5,2287.554511,3830.853516,7.182906628
"mhw","Mbukushu",35100,13,44373.75646,108.6415844,3.506739914
"mhx","Maru",103500,11,6653.307588,1437.862183,6.470178485
"mhy","Ma'anyan",150000,7,3915.160283,225.969635,4.506129146
"mhz","Mor (Mor Islands)",700,3,246.759382,962.6687012,6.417437315
"mia","Miami",2000,1,61267.39156,34.71512604,2.913640022
"mib","Atatláhuca Mixtec",8300,5,107.2285018,1947.480916,6.786292871
"mic","Mi'kmaq",8270,2,2225.39474,117.3276062,4.560739517
"mid","Mandaic",5500,2,33825.92011,824.3961639,4.74100399
"mie","Ocotepec Mixtec",6170,5,304.6466778,1937.062744,6.740927696
"mif","Mofu-Gudur",60000,7,409.2888631,269.8820686,3.989992976
"mig","San Miguel El Grande Mixtec",6000,8,254.8937158,1929.708313,6.722405553
"mih","Chayuco Mixtec",10000,4,164.8465653,2254.434814,6.844264984
"mii","Chigmecatitlán Mixtec",1070,2,69.26101614,1619.690674,6.637590408
"mij","Mungbam",400,4,44.92418108,1106.72113,5.925098896
"mik","Mikasuki",190,1,450.9315359,13.36879969,2.007593215
"mil","Peñoles Mixtec",5500,5,183.7129133,1929.708313,6.722405553
"mim","Alacatlatzala Mixtec",30000,4,318.4431803,2082.57666,6.781621138
"mio","Pinotepa Nacional Mixtec",20000,6,306.5198545,2254.434814,6.844264984
"mip","Apasco-Apoala Mixtec",10000,2,300.3163798,1929.708313,6.722405553
"miq","Mískito",183000,6,17791.88849,187.738739,4.427905083
"mir","Isthmus Mixe",20000,2,184.3141905,1100.016561,6.12075901
"mit","Southern Puebla Mixtec",3180,2,134.8529972,1619.690674,6.637590408
"miu","Cacaloxtepec Mixtec",460,1,51.43979124,1937.062744,6.740927696
"miw","Akoye",800,5,678.5481214,1690.902893,6.805873156
"mix","Mixtepec Mixtec",9170,5,258.9281247,1937.062744,6.740927696
"miy","Ayutla Mixtec",11500,1,284.0514102,1793.602051,6.879733324
"miz","Coatzospan Mixtec",2090,6,49.08252446,1876.390503,6.530743599
"mjc","San Juan Colorado Mixtec",7820,3,235.3353944,2254.434814,6.844264984
"mjd","Northwest Maidu",3,1,263.933825,1564.287964,6.392050743
"mje","Muskum",0,1,5636.930156,69.13884354,2.600202799
"mjg","Tu",152000,3,4163.339618,1310.837524,6.74439621
"mjh","Mwera (Nyasa)",6000,3,270.1002202,779.956604,6.08974123
"mji","Kim Mun",374500,20,3245.004916,658.2971191,6.076313376
"mjj","Mawak",25,3,39.10372996,1692.247772,6.021868944
"mjk","Matukar",430,2,2.977997921,1746.354324,6.392463326
"mjl","Mandeali",900000,7,4377.862153,3127.183533,6.342399716
"mjm","Medebur",510,1,6.61139892,1746.354324,6.392463326
"mjn","Ma (Papua New Guinea)",570,1,17.80863599,1796.082153,7.287487507
"mjo","Malankuravan",18600,2,582.4108202,596.2409058,5.798998833
"mjp","Malapandaram",5850,1,390.7532708,596.2409058,5.798998833
"mjq","Malaryan",0,0,1904.757114,663.0318604,6.372498035
"mjr","Malavedan",0,1,826.9192621,663.0318604,6.372498035
"mjs","Miship",6000,5,240.7320127,877.9816895,5.435926914
"mjt","Sauria Paharia",61000,3,3464.54579,858.5138321,4.741089821
"mju","Manna-Dora",0,4,1598.415367,779.6314087,6.027955532
"mjv","Mannan",7850,2,663.2924974,694.4335938,5.904432178
"mjw","Hills Karbi",420000,6,9434.029465,2148.637939,6.534326077
"mjx","Mahali",36000,11,7043.230196,472.3264465,5.106777668
"mjz","Majhi",44800,4,1709.391909,583.2530212,5.383067369
"mka","Mbre",200,1,11.22772647,139.6471519,4.136120915
"mkb","Mar Paharia of Dumka",51000,5,5442.994768,230.3787384,4.385190487
"mkc","Siliput",520,6,52.08214234,798.9605103,5.861983538
"mkd","Macedonian",1341400,9,35061.59114,1287.976257,6.524403811
"mke","Mawchi",99500,3,276.0504519,354.8303795,5.146704555
"mkf","Miya",30000,4,91.72374019,567.3654785,4.772120476
"mkg","Mak (China)",5000,2,105.7896758,570.6807022,5.678006172
"mki","Dhatki",148400,7,24937.76442,146.766573,3.770063519
"mkj","Mokilese",1050,0,1.280423836,0,2.515336275
"mkk","Byep",9500,6,1442.171543,208.499012,4.258697629
"mkl","Mokole",65500,2,1052.660229,196.9797058,4.188944817
"mkm","Moklen",1500,1,54.61393633,131.736515,5.169872284
"mko","Mingang Doso",3000,5,166.3877949,888.0291748,5.457853079
"mkp","Moikodi",570,4,636.853278,1962.103271,7.013994217
"mkr","Malas",650,3,56.84801991,1746.354324,6.392463326
"mks","Silacayoapan Mixtec",18700,4,1181.42324,1937.062744,6.740927696
"mkt","Vamale",100,2,47.00943245,282.3995056,5.718149662
"mku","Konyanka Maninka",210000,9,17544.17305,296.1636047,4.751494884
"mkv","Mafea",250,0,11.64943479,205.1739502,5.786854148
"mkw","Kituba (Congo)",1160000,11,2661.519867,368.6780243,5.255044699
"mkx","Cinamiguin Manobo",26700,0,252.9266648,670.864624,6.333107948
"mky","East Makian",20000,1,157.5275375,269.3351364,5.764955997
"mkz","Makasae-Makalero",102000,6,3002.870396,550.7117564,6.207241535
"mla","Tamambo",4000,0,180.7895825,205.1739502,5.786854148
"mlb","Mbule",100,3,0.873427196,786.6901398,5.513936996
"mlc","Cao Lan",169000,5,1503.748823,921.2493693,5.816663742
"mle","Manambu",2110,3,194.0396243,1519.695343,6.334013462
"mlf","Mal",26200,7,2014.099395,697.9358521,5.93449223
"mlh","Mape",1700,5,602.1445941,1402.202866,6.950956821
"mli","Malimpung",5000,3,63.65934918,1497.18335,6.643658161
"mlj","Miltu",270,3,398.503027,94.69268799,3.340209007
"mlk","Ilwana",16800,3,943.4302768,472.5276794,4.855869174
"mll","Malua Bay",500,3,62.44789956,205.1739502,5.786854148
"mlm","Mulam",86000,4,980.6488095,560.4515991,5.63210988
"mln","Malango",4140,4,891.5682077,383.1600037,5.952130795
"mlo","Mlomp",5400,2,24.02202671,32.27769279,3.006101012
"mlp","Bargam",3750,5,99.38791619,1746.354324,6.392463326
"mlq","Western Maninkakan",858300,11,61954.72155,234.3661575,4.686558962
"mlr","Vame",8500,4,103.9826493,269.8820686,3.989992976
"mls","Masalit",410900,9,18220.18912,394.1168213,4.986005306
"mlt","Maltese",393000,0,313.5262135,559.2686806,6.173058271
"mlu","To'abaita",12600,1,108.6964192,373.4177971,5.754378637
"mlv","Mwotlap",1800,1,34.28348475,128.9803343,5.064426124
"mlw","Moloko",8500,5,58.57230507,269.8820686,3.989992976
"mlx","Na'ahai",600,2,71.43976058,194.9789124,5.632886171
"mlz","Malaynon",8500,1,71.4438418,419.8288918,5.848471403
"mma","Mama",20000,7,1017.196475,877.9816895,5.435926914
"mmb","Momina",200,4,296.1601034,2090.648254,5.728715658
"mmc","Michoacán Mazahua",26600,2,435.5319028,1655.914164,6.46187369
"mmd","Maonan",30000,3,512.3082621,570.6807022,5.678006172
"mme","Tirax",1000,6,85.05038057,205.1739502,5.786854148
"mmf","Mundat",1000,5,62.73575566,877.9816895,5.435926914
"mmg","North Ambrym",5250,3,165.8219937,235.062912,5.705207348
"mmh","Mehináku",230,3,445.5488217,150.008049,3.883551836
"mmi","Musar",680,4,136.3864067,1746.354324,6.392463326
"mmj","Majhwar",34300,4,3283.888648,568.9957199,5.182478428
"mmk","Mukha-Dora",29700,3,1239.216074,779.6314087,6.027955532
"mml","Man Met",900,3,51.9247164,683.3406982,6.141578913
"mmm","Maii",180,3,50.07639637,209.6103821,5.640644073
"mmn","Mamanwa",5150,2,169.9503054,603.9463501,6.086345911
"mmo","Mangga Buang",1500,2,176.8590357,1774.098022,7.179609299
"mmp","Siawi",220,2,84.6577592,988.9312134,6.103123665
"mmq","Aisi",360,6,932.6523038,2487.246094,6.933227539
"mmr","Western Xiangxi Miao",820000,4,101.5238412,905.8083649,5.901335478
"mmt","Malalamai",900,4,15.11820604,1796.082153,7.287487507
"mmu","Mmaala",5300,4,182.2483568,786.6901398,5.513936996
"mmv","Miriti",55,0,643.5401057,78.87934875,3.55688556
"mmw","Emae",400,2,13.62715988,209.6103821,5.640644073
"mmx","Madak",3000,2,631.327493,606.7848511,6.437785625
"mmy","Migaama",20000,3,1319.498317,239.5257416,3.914487123
"mmz","Mabaale",42000,1,18765.14403,74.13305664,3.90668416
"mna","Mbula",4500,0,334.7805533,613.0570679,6.149116993
"mnb","Muna",300000,5,3780.761948,304.6272469,5.662588239
"mnc","Manchu",20,4,27538.41736,148.5918007,3.865739703
"mnd","Salamãi",2,1,818.6898944,272.7906685,4.528522372
"mne","Naba",278000,6,15029.06621,150.2026138,3.392111421
"mnf","Mundani",34000,6,186.0167637,1330.718506,6.410482407
"mng","Eastern Mnong",30000,5,3390.724778,826.4927673,5.688061476
"mnh","Mono (Democratic Republic of Congo)",65000,13,6603.015981,166.0248985,4.366431117
"mni","Manipuri",1485000,18,30235.23949,1435.66629,6.316109061
"mnj","Munji",5300,3,1876.555714,3118.088379,7.133195162
"mnk","Mandinka",1346000,18,14918.92603,47.58051682,3.105365753
"mnl","Tiale",400,7,141.6970503,170.2225342,6.111873627
"mnm","Mapena",270,5,187.6819775,925.5508041,6.496482968
"mnn","Southern Mnong",30000,5,2592.150681,766.8849258,5.622886062
"mnq","Minriq",0,5,3183.436201,908.2372437,6.207326889
"mnr","Mono (USA)",37,2,163.9238992,2382.043213,6.649955273
"mns","Northern Mansi",940,2,6841.969997,130.5400085,4.244175434
"mnu","Mer",85,8,3742.556584,1147.51413,6.525902271
"mnv","Rennell-Bellona",4390,0,696.3565029,71.92098999,4.180348933
"mnw","Mon",851000,4,15622.71419,711.4172058,5.970742226
"mnx","Sougb",12000,3,2698.839493,1220.762695,6.27396059
"mny","Manyawa",173000,4,4126.645877,549.3922729,5.136352539
"mnz","Moni",20000,8,3235.96637,1886.921265,7.132147312
"moa","Mwan",20000,4,706.2933407,137.180954,4.063173294
"moc","Mocoví",3000,1,20213.9403,38.31377411,2.372996807
"moe","Montagnais",11000,4,1608.423425,542.6911011,5.18384409
"mog","Mongondow",230000,7,4783.686123,516.3922348,6.345150828
"moh","Mohawk",3540,7,1281.969616,469.6450806,5.121440411
"moi","Mboi",19000,4,168.052687,496.9773712,5.214917302
"moj","Monzombo",12600,6,906.054977,150.1905721,3.922115644
"mok","Marori",50,2,922.0422236,74.67824078,2.73732084
"mom","Mangue",10000,2,10606.67806,472.3252449,5.125783682
"moo","Monom",6000,7,1479.942356,1120.517181,6.200793028
"mop","Mopán Maya",14200,5,2247.855959,551.9266968,5.716046333
"moq","Mor (Bomberai Peninsula)",30,4,529.4143426,751.7624969,5.963970661
"mor","Moro",30000,5,1292.126689,306.5653992,4.566905975
"mos","Mossi",5036700,18,67758.94406,71.32945251,3.481587172
"mot","Barí",5000,1,7173.998154,1488.459961,6.396538734
"mou","Mogum",7000,7,1352.662661,195.8860397,3.949975967
"mov","Mohave",100,1,735.5745419,1157.508057,6.266699791
"mow","Moi (Congo)",3020,4,1953.734416,220.0301743,4.272147298
"mox","Molima",4010,3,351.2741893,678.3092041,6.095396519
"moy","Shekkacho",79900,6,3718.133197,1463.588074,6.271581411
"moz","Mukulu",12000,2,331.0916938,126.4101944,3.388356566
"mpa","Mpoto",80000,3,615.2711288,779.956604,6.08974123
"mpb","Mullukmulluk",33,3,3880.000871,134.143692,4.120710373
"mpc","Mangarrayi",12,6,6976.585695,223.9858856,4.369115353
"mpd","Machinere",1080,2,5598.740456,314.3934352,3.910444339
"mpe","Majang",18500,7,5570.890647,1593.135986,6.235617161
"mpg","Marba",148000,6,1363.093955,164.6965256,3.784353336
"mph","Mawng",260,4,762.2335513,169.3298397,4.232854426
"mpi","Mpade",16000,7,3418.363904,58.80649948,2.367685318
"mpj","Martu Wangka",880,3,100503.9148,152.1554108,4.132319927
"mpk","Mbara (Chad)",1000,3,353.0887004,108.8862381,3.058891535
"mpl","Middle Watut",1700,2,136.8555189,1785.090088,7.233548403
"mpm","Yosondúa Mixtec",2000,4,117.4871934,2111.376038,6.860644102
"mpn","Mindiri",80,1,2.235526585,2141.664124,7.110357523
"mpo","Miu",395,2,104.7379659,797.8806229,6.52510802
"mpp","Migabac",2600,3,92.21540979,1402.202866,6.950956821
"mpq","Matís",320,2,14.78382905,66.04216385,3.530571282
"mpr","Vangunu",910,1,431.0253979,222.1152344,5.601763566
"mps","Dadibi",10000,3,1330.701654,2047.476929,6.682682276
"mpt","Mian",1400,8,2794.676434,1750.407135,6.133559704
"mpu","Makuráp",45,2,827.8682779,85.63421822,3.406349003
"mpv","Mungkip",12,1,15.04354816,1785.090088,7.233548403
"mpw","Mapidian-Mawayana",10,0,9006.689978,203.9580231,4.409771442
"mpx","Misima-Paneati",18000,0,305.9582956,162.4459991,4.398857594
"mpz","Mpi",900,1,79.29862967,647.2261963,5.903199673
"mqa","Maba (Indonesia)",6620,2,604.3252198,371.5919037,5.830461502
"mqb","Mbuko",15000,7,67.97591206,269.8820686,3.989992976
"mqc","Mangole",7280,1,244.2813076,264.7871017,5.968588114
"mqe","Matepi",280,5,28.4823866,1726.859233,6.443741798
"mqf","Momuna",2000,11,3534.873758,2090.648254,5.728715658
"mqh","Tlazoyaltepec Mixtec",3700,2,65.34177172,1929.708313,6.722405553
"mqi","Mariri",280,0,2.455975947,40.64036727,4.319220463
"mqj","Mamasa",100000,9,2594.769181,1520.108154,6.803731918
"mqk","Rajah Kabunsuwan Manobo",7560,4,150.3375129,775.9063873,6.303737164
"mql","Mbelime",39900,6,1803.884005,299.320343,4.737091064
"mqm","South Marquesan",2700,0,485.2744952,19.03609467,4.861768007
"mqn","Moronene",37000,2,4067.904593,468.3304138,5.899324179
"mqo","Modole",2000,4,310.4290665,267.2740326,5.947149992
"mqp","Manipa",1500,1,39.71931687,540.6937002,6.295250893
"mqq","Minokok",1200,5,622.8963198,753.4922791,5.883290052
"mqr","Mander",20,0,18.69923006,1156.561503,6.129546007
"mqs","West Makian",12000,4,280.5336452,268.3045845,5.856052995
"mqt","Mok",7,1,101.4784621,690.1029968,5.990604401
"mqu","Mandari",0,6,7086.368967,308.6761475,4.231433868
"mqv","Mosimo",50,4,17.89042,1746.354324,6.392463326
"mqw","Murupi",300,10,83.97041647,1746.354324,6.392463326
"mqx","Mamuju",60000,1,592.6137462,1133.867188,6.018680096
"mqy","Manggarai",900000,5,5319.21128,307.4435997,5.198795259
"mqz","Malasanga",1180,5,63.17316057,1204.569611,6.71830225
"mra","Mlabri",154,4,591.215761,878.0101318,5.812673569
"mrb","Sunwadia",500,1,52.20707282,260.5154419,5.769770622
"mrc","Maricopa",100,1,275.8653421,947.7015533,6.103950739
"mrd","Western Magar",308000,4,2701.646264,4857.905762,7.085071564
"mrf","Elseng",300,13,4614.26754,1018.881248,6.221927762
"mrg","Mising-Padam-Miri-Minyong",551000,7,7659.736952,2677.624451,6.807395458
"mrh","Mara Chin",54800,9,2784.613943,947.0452271,5.980243206
"mri","Maori",148000,1,31776.03876,536.0944557,5.811578155
"mrj","Western Mari",30000,2,993.8669379,144.1594086,4.155644655
"mrk","Hmwaveke",200,5,144.2211573,282.3995056,5.718149662
"mrl","Mortlockese",5900,0,33.10134457,0,3.82414034
"mrm","Merlav",1350,2,21.8603466,128.9803343,5.064426124
"mrn","Cheke Holo",10800,3,697.4759711,275.156105,5.642580271
"mro","Mru",50000,13,1727.372763,2413.652832,5.24168539
"mrp","Morouas",150,5,156.7794833,203.6951396,5.835590839
"mrq","North Marquesan",5390,0,588.9453587,30.70696259,4.185708046
"mrr","Maria (India)",165000,5,7453.421325,304.8838425,4.780080557
"mrs","Maragus",15,4,44.95841998,205.1739502,5.786854148
"mrt","Marghi Central",158000,11,8630.202169,430.8778992,4.921094418
"mru","Mono (Cameroon)",300,1,7.606711292,376.9195023,4.876743317
"mrv","Mangareva",600,0,30.30704029,0.260787904,3.592608571
"mrw","Maranao",776000,3,5848.126177,709.6044464,6.246079206
"mrx","Maremgi",55,3,44.85566298,580.927002,5.985350609
"mry","Mandaya",250000,6,853.6775297,810.9203084,6.293946902
"mrz","Marind",7000,11,13986.20804,87.69036484,2.744227489
"msb","Masbatenyo",350000,4,3195.242515,412.2036972,5.540220022
"msc","Sankaran Maninka",77000,3,4375.878224,331.518959,4.960406899
"mse","Musey",229000,10,4156.322157,178.8467064,3.728190303
"msf","Mekwei",1200,4,123.8163557,1018.881248,6.221927762
"msg","Moraid",1000,5,1499.643015,649.7730103,6.012153625
"msh","Masikoro Malagasy",550000,4,11134.78228,590.8294067,5.683935165
"msj","Ma (Democratic Republic of Congo)",4700,1,1258.301445,134.5377846,3.71467042
"msk","Mansaka",57800,6,3605.116496,947.8664246,6.521128416
"msl","Molof",230,5,359.7415527,1651.89798,6.48093915
"msm","Agusan Manobo",60000,11,8395.520291,775.9063873,6.303737164
"msn","Vurës",1100,1,64.9876913,128.9803343,5.064426124
"mso","Mombum",250,0,712.6528186,12.60453856,2.142769158
"msp","Maritsauá",0,2,18429.165,113.5947647,3.865756035
"msq","Caac",1170,3,47.57689632,282.3995056,5.718149662
"mss","West Masela",850,2,23.65926974,64.12904263,3.995591462
"msu","Musom",200,2,67.83760842,1785.090088,7.233548403
"msv","Maslam",250,7,189.2869091,69.13884354,2.600202799
"msw","Mansoanka",15500,1,60.42413591,47.58051682,3.105365753
"msx","Moresada",200,3,26.54089283,1692.247772,6.021868944
"msy","Aruamu",8000,10,573.4587945,1692.247772,6.021868944
"msz","Momare",10,0,108.4545905,1402.202866,6.950956821
"mta","Cotabato Manobo",30000,4,1446.293304,604.0700836,6.342391809
"mtb","Anyin Morofo",300000,4,6367.670049,160.7036743,4.193180084
"mtc","Munit",910,5,63.1212977,2141.664124,7.110357523
"mtd","Mualang",40000,6,2542.786069,330.5325775,4.820478439
"mte","Mono-Alu",2940,0,410.0476146,500.9320679,6.137182236
"mtf","Murik (Papua New Guinea)",1000,2,399.181121,753.1196289,5.36567688
"mtg","Una",5600,8,2134.12919,1920.527695,5.931137681
"mth","Munggui",800,3,61.34547141,370.4379883,5.775818348
"mti","Maiwa (Papua New Guinea)",1400,4,1042.726648,925.5508041,6.496482968
"mtj","Moskona",8000,4,4421.034541,984.5352478,5.951476097
"mtk","Mbe'",1490,5,212.0203458,1108.035416,5.829763412
"mtl","Montol",21900,6,366.2369071,1071.028687,5.339579582
"mtn","Matagalpa",18000,2,19280.44079,778.0020142,5.956783533
"mto","Totontepec Mixe",5470,4,438.0918941,1922.353882,6.70388341
"mtp","Wichí Lhamtés Nocten",1910,6,7592.344639,1288.808848,5.44945542
"mtq","Muong",1140000,7,10199.02304,903.8184204,5.764012814
"mtr","Mewari",5100000,6,30794.46601,383.723938,4.723319292
"mts","Yora",170,1,962.1263093,1224.425751,4.907403231
"mtt","Mota",900,0,9.633871563,128.9803343,5.064426124
"mtu","Tututepec Mixtec",1020,1,176.8557909,2111.376038,6.860644102
"mtv","Asaro'o",1250,4,24.8651486,1796.082153,7.287487507
"mtw","Southern Binukidnon",7570,2,23.81745403,429.9046427,5.948838234
"mtx","Tidaá Mixtec",380,2,66.89255972,1929.708313,6.722405553
"mty","Nabi-Metan",620,3,60.49316065,798.9605103,5.861983538
"mua","Mundang",235700,9,6571.217026,323.4007854,4.433368146
"mub","Mubi",35300,4,5193.0404,233.6814957,4.056275964
"muc","Ajumbu",200,5,10.28156231,1106.72113,5.925098896
"mug","Musgu",85900,8,5362.37888,108.8862381,3.058891535
"muh","Mündü",25800,6,4492.248024,312.4520416,4.600470781
"muj","Mabire",3,3,113.4798531,195.8860397,3.949975967
"muk","Mugom",7000,2,1281.034907,3362.310303,7.012257814
"mum","Maiwala",2450,5,101.6257115,724.4180908,6.134134293
"muo","Nyong",30000,17,506.6113085,705.0296631,5.576126575
"mup","Malvi",5560000,9,45452.05972,302.7520599,4.769692183
"muq","Eastern Xiangxi Miao",80000,7,10064.54251,426.5723419,5.786776543
"mur","Murle",60001,5,14513.5856,258.6005344,3.374379933
"mus","Creek",4000,1,594.2210249,19.63210654,2.38174805
"mut","Western Muria",400000,6,4302.765044,445.9678535,5.085949302
"muu","Yaaku",50,8,2196.231693,1496.380676,6.551257372
"muv","Muthuvan",16800,2,1309.094619,694.4335938,5.904432178
"mux","Bo-Ung",40900,2,620.6726751,2458.823486,6.990205526
"muy","Muyang",30000,8,117.2991657,269.8820686,3.989992976
"muz","Mursi",7390,5,2115.895502,1192.08197,6.184929371
"mva","Manam",7950,2,87.46782077,897.2494507,5.110510349
"mvb","Mattole",0,6,7623.358234,1338.421692,6.34222877
"mvd","Mamboru",10000,4,361.7674506,424.5678101,6.029537201
"mve","Marwari (Pakistan)",220000,7,33261.11103,141.2304649,3.499833465
"mvf","Peripheral Mongolian",3380000,6,991099.838,543.2752914,5.275776625
"mvg","Yucuañe Mixtec",710,5,141.7295609,1929.708313,6.722405553
"mvh","Mire",5000,6,841.7741872,94.69268799,3.340209007
"mvi","Miyako",0,0,213.9096652,41.71721458,3.127617598
"mvk","Mekmek",1400,3,327.5711733,1605.971558,6.177941203
"mvl","Mbara-Yanga",0,2,27156.37499,249.5754547,3.929585457
"mvm","Muya",10000,1,1475.085017,1920.370239,6.897610426
"mvn","Minaveha",2300,1,67.25586551,678.3092041,6.095396519
"mvo","Marovo",8090,4,1078.530758,173.9344635,5.439502239
"mvp","Duri",127000,5,737.0690477,1497.18335,6.643658161
"mvq","Moere",50,4,20.13469951,1746.354324,6.392463326
"mvr","Marau",1700,3,108.5693923,370.4379883,5.775818348
"mvs","Massep",25,2,100.9686871,577.4098816,5.764941692
"mvt","Mpotovoro",430,3,45.36161618,205.1739502,5.786854148
"mvu","Marfa",5000,2,302.9965455,227.8372498,4.198064804
"mvv","Tagal Murut",2000,9,8052.313102,931.8895874,6.296407938
"mvw","Machinga",36000,2,3432.787867,366.6836853,5.356907129
"mvx","Meoswar",250,0,110.0723262,1220.762695,6.27396059
"mvy","Indus Kohistani",200000,3,1555.084222,2279.398071,6.941887617
"mvz","Mesqan",195000,3,258.525592,1318.518066,6.72128129
"mwa","Mwatebu",120,1,4.715658973,425.5939465,5.18411243
"mwb","Juwal",1440,3,65.19738576,753.1196289,5.36567688
"mwc","Are",1230,2,74.68089535,724.4180908,6.134134293
"mwe","Mwera (Chimwera)",469000,7,15516.05785,491.1257477,5.319620132
"mwf","Murriny Patha",1830,6,4241.105447,227.4359207,4.845721722
"mwg","Aiklep",3700,2,39.15459801,797.8806229,6.52510802
"mwh","Mouk-Aria",630,4,869.8680183,551.6291656,6.193855286
"mwi","Ninde",1100,4,71.53338491,194.9789124,5.632886171
"mwk","Kita Maninkakan",434000,7,34297.16899,185.2629814,4.512405157
"mwl","Mirandese",15000,3,408.1005887,623.8876953,5.723088741
"mwm","Sar",183000,10,8486.63922,116.8445549,3.628498435
"mwn","Nyamwanga",227000,7,14160.15162,988.7066956,6.074132442
"mwo","Central Maewo",1400,2,56.85709016,260.5154419,5.769770622
"mwp","Kala Lagaw Ya",1210,0,810.9984857,75.97362518,3.983069658
"mwq","Mün Chin",15000,6,2202.594719,1068.819748,5.889591932
"mws","Mwimbi-Muthambi",70000,5,546.1349583,1371.437164,6.201543331
"mwt","Moken",6000,2,3211.629671,294.9179077,5.564519405
"mwu","Mittu",0,1,12661.37711,1085.929932,5.845347643
"mwv","Mentawai",58000,0,6090.053559,372.5997066,5.22480607
"mww","Hmong Daw",1503400,43,23064.66585,898.6971639,5.865170002
"mwz","Moingi",4200,5,368.7313475,123.7292538,3.99462682
"mxa","Northwest Oaxaca Mixtec",5430,1,133.9721918,1937.062744,6.740927696
"mxb","Tezoatlán Mixtec",5080,4,139.1814996,1937.062744,6.740927696
"mxc","Manyika",1025000,5,23560.32537,835.2983093,5.757573128
"mxd","Modang",15300,11,10261.70378,391.002346,5.243092179
"mxe","Mele-Fila",3500,1,8.82737727,128.09338,5.000798941
"mxf","Malgbe",6000,6,1352.791569,29.39144897,2.141514063
"mxg","Mbangala",400000,9,50094.523,498.67276,5.309060574
"mxh","Mvuba",5100,4,331.8279161,794.3045044,6.016417265
"mxj","Kman",18200,7,3900.646252,3331.527588,7.149415016
"mxk","Monumbo",410,4,20.90355618,1692.247772,6.021868944
"mxl","Maxi Gbe",91300,13,4109.288724,292.9727173,4.680376887
"mxm","Meramera",2000,6,949.1528516,471.9206352,6.067195058
"mxn","Moi (Indonesia)",4600,6,2618.934358,467.0240631,5.493963361
"mxo","Mbowe",460,2,323.7924495,160.6018772,3.937689841
"mxp","Tlahuitoltepec Mixe",5000,2,194.0069773,1968.317261,6.87702322
"mxq","Juquila Mixe",8000,4,301.9683114,1435.255432,6.5828197
"mxr","Murik (Malaysia)",1120,2,35.38973691,657.9857178,5.671733379
"mxs","Huitepec Mixtec",2400,3,103.7723286,1929.708313,6.722405553
"mxt","Jamiltepec Mixtec",9760,3,112.7539073,2254.434814,6.844264984
"mxu","Mada (Cameroon)",17000,4,50.45506589,269.8820686,3.989992976
"mxv","Metlatónoc Mixtec",46600,7,2014.017764,1937.062744,6.740927696
"mxw","Namo",380,1,648.1402921,38.60015869,2.943916202
"mxx","Mahou",300000,7,8431.476267,226.0627289,4.405287147
"mxy","Southeastern Nochixtlán Mixtec",4200,3,249.5466286,1929.708313,6.722405553
"mxz","Central Masela",510,2,2.298314437,64.12904263,3.995591462
"mya","Burmese",32000000,36,240164.958,1278.010864,5.965696812
"myb","Mbay",88300,7,4252.72081,187.9351444,3.88705647
"myc","Mayeka",21000,0,10780.5346,64.8045063,3.174500883
"mye","Myene",46700,4,16477.21791,379.3859558,4.765333414
"myf","Bambassi",5000,3,2009.547333,1137.494904,6.053794384
"myg","Manta",5300,7,276.2172453,1106.72113,5.925098896
"myh","Makah",2236,2,1437.687868,914.3807707,6.26391077
"myj","Mangayat",400,4,187.0970936,216.3624496,4.250904799
"myk","Mamara Senoufo",738000,7,15446.58667,115.0855064,3.829327226
"myl","Moma",5500,4,813.5666393,1090.835907,6.786196232
"mym","Me'en",151000,13,9196.769103,1306.354279,6.304843664
"myo","Anfillo",500,2,1001.080709,792.7073898,4.860011339
"myp","Pirahã",360,2,2319.280741,53.38723183,2.896626234
"myr","Muniche",3,2,11224.36769,1413.078682,5.168596268
"mys","Mesmes",0,0,2691.428135,1278.113525,6.687742472
"myu","Mundurukú",7500,2,43579.68925,163.5913048,4.390152931
"myv","Erzya",36700,2,8190.989373,154.6732063,4.180122256
"myw","Muyuw",6000,0,955.3224435,63.63849258,3.744939923
"myx","Masaaba",1120000,8,2021.090829,938.9922981,5.148241937
"myy","Macuna",1170,8,2414.132587,80.182827,3.581890821
"myz","Classical Mandaic",0,4,8408.827536,1544.397919,6.54449749
"mza","Santa María Zacatepec Mixtec",2570,1,250.3815444,2254.434814,6.844264984
"mzb","Tumzabt",150000,1,8713.696857,476.7749176,4.833525658
"mzd","Malimba",2230,2,582.938451,504.3675232,5.775436401
"mze","Morawa",1100,4,197.6755575,1126.683517,6.858831644
"mzh","Wichí Lhamtés Güisnay",15000,6,11392.22349,124.2700996,3.424336195
"mzi","Ixcatlán Mazatec",8590,5,74.9494087,1876.390503,6.530743599
"mzj","Manya",75400,4,3790.033638,338.7087708,4.84142971
"mzk","Western Mambila",99000,7,1956.536022,1109.349701,5.734427929
"mzl","Mazatlán Mixe",19200,4,1052.531937,1294.110046,6.223255157
"mzm","Mumuye",400000,10,4229.164029,705.0296631,5.576126575
"mzn","Mazanderani",3270000,4,25546.48874,2447.398926,7.246978283
"mzo","Matipuhy",119,1,1571.56201,120.486927,3.726654053
"mzp","Movima",1450,1,2962.070482,330.4167023,2.83971417
"mzq","Mori Atas",14000,3,967.0996368,1377.253845,6.858096838
"mzr","Marúbo",1250,1,10822.48008,91.35337639,3.640128314
"mzs","Macanese",50,2,9668.912156,301.0960693,5.182203293
"mzt","Mintil",180,4,738.3709063,769.8673401,6.068703651
"mzu","Itutang-Inapang",1830,5,112.033663,1692.247772,6.021868944
"mzv","Manza",220000,7,31620.47748,176.2325134,4.228313565
"mzw","Deg",26400,1,2760.354399,198.3609581,4.454894543
"mzz","Maiadomu",900,2,95.83370146,371.2779503,5.23030138
"naa","Namla",30,6,231.9290005,1651.89798,6.48093915
"nab","Southern Nambikuára",720,3,6997.364274,324.0096207,4.76542449
"nac","Narak",6220,3,276.8309625,2487.246094,6.933227539
"naf","Nabak",16000,6,320.7768276,1785.090088,7.233548403
"naj","Nalu",21830,6,2846.759113,74.9135437,3.450796127
"nak","Nakanai",13000,3,870.8940696,549.6293182,6.487257719
"nal","Nalik",5140,2,302.6619789,402.5843773,5.483319163
"nam","Nangikurrunggurr",180,5,10857.44326,215.6945076,4.435389638
"nao","Naaba",770,1,35.70276593,2884.080078,7.072667122
"nap","Continental Southern Italian",5700000,1,17702.67814,636.5340271,6.469334364
"naq","Nama (Namibia)",251100,9,140274.2156,806.9199219,5.633098125
"nar","Iguta",6120,6,145.4775853,679.3311615,5.087510467
"nas","Naasioi",20000,9,894.2264473,528.4359436,6.328845263
"nat","Hungworo",20000,4,234.5308264,293.8304596,4.860445976
"nau","Nauru",6000,0,18.26055414,NA,NA
"nav","Navajo",171000,6,59881.42257,972.8930206,6.095396399
"naw","Nawuri",14000,1,565.0575419,300.2672653,4.735475779
"nax","Nakwi",280,4,85.64716755,1750.407135,6.133559704
"nay","Narrinyeri",160,4,38794.68257,212.8329735,4.104714394
"naz","Coatepec Nahuatl",1400,1,119.1604473,2373.604492,6.863008022
"nba","Nyemba",222000,5,51658.98082,370.8263245,4.809439898
"nbb","Ndoe",7340,6,158.1052029,727.786972,5.333243728
"nbc","Chang Naga",62400,4,457.1922817,1418.963989,6.564467907
"nbd","Ngbinda",4200,1,13257.15557,138.9143486,4.136961699
"nbe","Konyak Naga",250000,6,3412.282844,2304.869059,6.715857824
"nbh","Ngamo",60000,5,1327.080211,326.5621007,4.235685825
"nbi","Mao Naga",81000,6,566.5682549,1435.66629,6.316109061
"nbj","Ngarinman",370,6,18234.05012,243.1327133,4.796290398
"nbk","Nake",170,4,5.379351079,1746.354324,6.392463326
"nbl","Sumayela Ndebele",1090000,4,1774.337713,729.8108215,5.466633081
"nbm","Ngbaka Ma'bo",99000,13,8228.719523,222.5043831,4.501657248
"nbn","Nabi",500,4,3477.434023,980.4457703,6.133354425
"nbo","Nkukoli",1000,3,92.77251638,370.4517517,4.67139864
"nbp","Nnam",3000,5,174.7235151,727.786972,5.333243728
"nbq","Nggem",4400,4,1036.113115,2266.903931,7.031996489
"nbr","Numana",40000,7,472.1397936,684.9346924,5.532274246
"nbt","Na",1500,4,982.5003789,3687.419312,7.078148842
"nbu","Rongmei Naga",61200,5,523.1478688,1435.66629,6.316109061
"nbv","Ngamambo",8000,6,147.0167908,1106.72113,5.925098896
"nbw","Southern Ngbandi",105000,7,5549.497557,111.5901451,3.823455513
"nby","Ningera",150,2,113.3891912,589.8666229,6.021802902
"nca","Iyo",6900,2,424.5487401,2141.664124,7.110357523
"ncb","Central Nicobarese",10100,0,360.1056575,146.1823349,3.859568516
"ncc","Ponam",420,0,0.884888141,71.9605484,4.823676586
"ncd","Nachering",10000,3,5.675083398,2290.923584,5.830791116
"nce","Yale",600,1,354.6442932,988.9312134,6.103123665
"ncf","Notsi",1840,1,18.31110429,464.9534556,5.915928841
"ncg","Nisga'a",610,1,207.411577,857.7390747,6.475283623
"nch","Central Huasteca Nahuatl",200000,3,2320.711817,1645.208771,6.033797741
"ncj","Northern Puebla Nahuatl",60000,2,375.4441879,2423.292725,6.603892326
"nck","Nakara",57,1,247.3987392,185.8215046,4.544746637
"ncl","Michoacán Nahuatl",3000,1,371.5309869,1627.957642,6.829657078
"ncm","Nambo",710,4,882.3502494,99.57455444,3.054918369
"ncn","Nauna",100,0,2.115910439,59.19372177,4.918201923
"nco","Sibe",6000,8,530.1616136,528.4359436,6.328845263
"ncr","Ncane",15500,6,125.9993461,1108.035416,5.829763412
"nct","Chothe",3600,7,314.719068,1216.67041,6.178402901
"ncu","Chumburung",69000,2,1790.079793,300.2672653,4.735475779
"ncx","Central Puebla Nahuatl",16000,2,576.3280869,1619.690674,6.637590408
"ncz","Natchez",6,0,10031.44213,168.4328156,4.107779026
"nda","Ndasa",6990,4,1197.195793,455.3654785,4.911571503
"ndb","Kenswei Nsei",25000,5,90.74354589,1108.035416,5.829763412
"ndc","Ndau",2380000,7,81291.18105,888.4012451,5.553301334
"ndd","Nde-Nsele-Nta",19500,6,492.9346888,727.786972,5.333243728
"nde","Zimbabwean Ndebele",1567000,11,87065.26902,528.611145,5.156159639
"ndg","Ndengereko",72000,5,8033.847328,637.9710693,5.207961082
"ndh","Ndali",220000,5,1879.886148,1157.950684,6.386398315
"ndi","Samba Leko",62000,17,2568.078932,819.9450607,5.687250495
"ndj","Ndamba",55000,5,2749.044246,1193.578964,6.078594208
"ndk","Ndaka",25000,8,5216.939714,387.7792969,4.666583061
"ndl","Ndolo",8000,5,987.0179576,104.3021444,3.694142421
"ndm","Ndam",6500,7,2959.237282,94.69268799,3.340209007
"ndn","Ngundi",3000,3,133.0838172,157.2519188,4.096054912
"ndo","Ndonga",807000,4,40944.00118,138.8389816,3.780305266
"ndp","Ndo",133800,9,2182.068459,625.1963043,5.376457453
"ndq","Ndombe",22300,2,5660.026649,946.7877808,6.130265236
"ndr","Ndoola",62520,7,1581.857548,1229.177124,6.162100792
"nds","Eastern Low German",1000,1,1307.424924,210.8121662,4.356384635
"ndt","Ndunga",2500,3,205.8001774,111.4574318,4.128286779
"ndu","Dugun",7000,4,209.815367,672.7867279,5.505387306
"ndv","Ndut",38600,1,79.37539948,33.80359268,3.26093936
"ndw","Ndobo",10200,5,4302.100935,54.80994034,3.040580153
"ndx","Nduga",10000,9,3149.78282,1706.473389,5.890394211
"ndy","Lutos",18980,9,6653.394176,122.2961693,3.607700109
"ndz","Ndogo",20000,4,1915.408341,145.2208735,3.709751844
"neb","Toura (Côte d'Ivoire)",50000,4,2194.020963,226.0627289,4.405287147
"nec","Klamu",1500,2,27.18154582,568.1637573,6.116060734
"nee","Nêlêmwa-Nixumwak",1090,3,864.4149432,282.3995056,5.718149662
"neg","Negidal",74,1,5721.477596,453.7599487,5.630909443
"neh","Nyenkha",10000,5,1293.022153,2472.864075,6.403575182
"nej","Neko",640,4,20.68381167,1796.082153,7.287487507
"nek","Neku",130,2,31.93929555,232.1738453,5.405962944
"nem","Nemi",910,4,285.8462959,282.3995056,5.718149662
"nen","Nengone",8720,0,682.6878071,42.99244022,3.789823651
"neq","North Central Mixe",13000,6,2410.717917,1294.110046,6.223255157
"ner","Yahadian",500,3,317.0879528,748.3078003,5.628991604
"nes","Bhoti Kinnauri",6790,3,276.4980284,3497.702759,6.824623346
"net","Nete",750,1,334.8705828,2430.400879,7.047183514
"nev","Nyaheun",3960,2,376.1970345,706.0919698,5.662089348
"new","Kathmandu Valley Newari",861000,2,1120.996735,2396.482666,5.576754093
"nex","Neme",300,6,599.2641494,320.3540726,3.526711643
"ney","Neyo",9200,3,442.2361399,189.6698608,4.330052853
"nez","Nez Perce",100,1,3164.815692,1046.173828,6.179918289
"nfa","Dhao",5000,0,7.832494358,170.8976116,4.490330219
"nfd","Ndunic",15000,6,108.1790287,684.9346924,5.532274246
"nfl","Äiwoo",8400,0,27.72032451,0,4.367146969
"nfr","Nafaanra",61000,3,1620.056052,173.119194,4.437000036
"nfu","Southern Mfumte",24700,9,309.5605917,1108.035416,5.829763412
"nga","Ngbaka Minagende",1013650,17,28891.79394,153.8059006,4.159453154
"ngb","Northern Ngbandi",250000,17,28447.95095,128.6137886,4.216056347
"ngc","Ngombe (Democratic Republic of Congo)",150000,27,43653.00017,60.1333313,3.323036253
"ngd","Ngando (Central African Republic)",5000,4,352.6703977,192.9779968,4.349057674
"nge","Ngemba",18800,11,441.6816926,1106.72113,5.925098896
"ngg","Ngbaka Manza",29000,4,10363.06664,205.1656342,4.60154438
"ngh","N||ng",12,3,31629.35878,799.8948059,5.604559183
"ngi","Ngizim",80000,3,2357.406406,274.1155357,4.001107574
"ngj","Ngie",37000,5,193.3229782,1106.72113,5.925098896
"ngk","Ngalkbun",11,8,15681.92496,266.0195999,4.562805414
"ngl","Mozambique Lomwe",1500000,9,46568.56991,484.8856201,5.156015158
"ngn","Ngwo",22000,12,294.2676869,1106.72113,5.925098896
"ngo","Ngoni",223000,11,21264.90109,634.5075226,5.618523121
"ngp","Ngulu",132000,8,10903.96691,831.6883545,5.852069139
"ngq","Ngurimi",55000,4,1218.383687,584.9519272,4.817117929
"ngr","Nanggu",210,1,20.55041082,0,4.557117939
"ngs","Gvoko",21000,3,35.83052337,430.8778992,4.921094418
"ngt","Kriang-Khlor",12900,7,1294.936106,911.9693909,6.132511139
"ngu","Central Guerrero Nahuatl",150000,5,8755.563143,1895.124817,6.81501627
"ngv","Nagumi",0,1,1600.864752,505.0318298,5.355997562
"ngw","Ngwaba",10000,2,81.17586603,496.9773712,5.214917302
"ngx","Nggwahyi",2000,3,57.67264337,496.9773712,5.214917302
"ngy","Tibea",1400,5,305.0136378,989.5222778,5.306755066
"ngz","Ngungwel",45000,2,4124.116014,335.7857361,4.808918953
"nha","Nhanda",0,1,40806.70375,183.8712196,4.375536919
"nhb","Beng",17000,4,358.5145013,142.1133499,4.209068537
"nhc","Tabasco Nahuatl",0,0,7345.644675,809.1315994,5.71404624
"nhd","Chiripá",6960,7,44202.49954,243.6078186,4.473895073
"nhe","Eastern Huasteca Nahuatl",410000,4,4559.845755,1645.208771,6.033797741
"nhg","Tetelcingo Nahuatl",3500,1,94.53549084,2018.508789,6.617444038
"nhh","Nahari",20400,1,3408.334231,504.0345306,5.083031416
"nhi","Zacatlán-Ahuacatlán-Tepetzintla Nahuatl",17100,3,147.8336561,2423.292725,6.603892326
"nhk","Isthmus-Cosoleacaque Nahuatl",5140,1,177.0127908,429.5388184,5.19663763
"nhm","Morelos Nahuatl",18700,1,719.6073859,2018.508789,6.617444038
"nhn","Tlaxcala-Puebla-Central Nahuatl",40000,1,990.2755793,2021.491699,6.620741367
"nho","Takuu",1750,0,1.405535361,298.0718587,6.520508289
"nhp","Isthmus-Pajapan Nahuatl",7000,2,121.4870427,429.5388184,5.19663763
"nhq","Huaxcaleca Nahuatl",7000,1,162.4592275,1634.538005,6.733105024
"nhr","Naro",14000,9,58658.31509,189.0506744,4.275942802
"nht","Ometepec Nahuatl",430,3,178.1948927,2254.434814,6.844264984
"nhu","Noone",25000,6,295.5132356,1108.035416,5.829763412
"nhv","Temascaltepec Nahuatl",310,1,66.41271993,2015.525879,6.614146709
"nhw","Western Huasteca Nahuatl",400000,4,2812.723299,1593.565079,6.21983397
"nhx","Isthmus-Mecayapan Nahuatl",20000,3,666.8605164,429.5388184,5.19663763
"nhy","Northern Oaxaca Nahuatl",9000,4,154.601169,1748.040588,6.584167004
"nhz","Santa María La Alta Nahuatl",2470,1,103.6632108,1619.690674,6.637590408
"nia","Nias",770000,0,5246.585414,449.3123112,5.125949065
"nib","Nakama",980,4,31.55040387,1785.090088,7.233548403
"nid","Ngandi",0,0,2344.727074,308.0533142,4.756495476
"nie","Niellim",5160,4,762.3846297,109.7311649,3.506550074
"nif","Nek",2000,4,55.49612952,1785.090088,7.233548403
"nig","Ngalakgan",0,2,6299.490244,199.3791962,4.35604775
"nih","Nyiha (Tanzania)",662000,9,4878.829802,1157.950684,6.386398315
"nii","Nii",12000,3,414.0440816,2487.246094,6.933227539
"nij","Ngaju",890000,6,31470.93245,179.7121811,3.915881276
"nik","Southern Nicobarese",7500,1,944.9397837,346.5465088,3.841431856
"nim","Nilamba",455000,5,7011.888555,569.6321564,5.238661528
"nin","Ninzo",35000,7,379.3481236,684.9346924,5.532274246
"nio","Nganasan",130,2,23238.06906,232.7554804,4.351213296
"niq","Nandi",949000,9,3638.612834,1262.360229,6.361666679
"nir","Nimboran",2000,6,360.3535746,1018.881248,6.221927762
"nis","Nimi",1700,5,41.10500211,1785.090088,7.233548403
"nit","Southeastern Kolami",10000,2,8067.295738,261.9939117,4.865599394
"niu","Niuean",2030,0,266.1853844,0,5.584227562
"niv","Nivkh",200,2,8086.031241,407.4892731,5.391797543
"niw","Nimo",350,6,243.5585266,1750.407135,6.133559704
"nix","Hema",125000,12,1827.28637,794.3045044,6.016417265
"niy","Ngiti",100000,5,581.1595964,801.8766683,5.906968594
"niz","Ningil",950,2,6.203410941,798.9605103,5.861983538
"nja","Nzanyi",179000,4,579.5533637,467.9548645,5.13854599
"njb","Nocte Naga",33000,5,1233.153404,2686.365173,6.832620025
"njh","Lotha Naga",170000,3,772.7483072,1418.963989,6.564467907
"nji","Ngarnka",3,2,6818.116285,126.9002609,3.839831471
"njj","Njen",1800,5,42.76178404,1330.718506,6.410482407
"njl","Njalgulgule",900,4,473.0449223,231.3453369,4.182676315
"njm","Angami Naga",132000,4,768.3711177,1594.757446,6.425732295
"njn","Liangmai Naga",34200,2,371.1409663,1435.66629,6.316109061
"njo","Ao Naga",261000,3,1226.6645,1418.963989,6.564467907
"njr","Njerep",6,1,435.9817732,1109.349701,5.734427929
"njs","Nisa-Anasi",500,2,930.1466289,573.8927612,5.544532776
"njx","Kunyi",52000,4,4134.138927,368.6780243,5.255044699
"njy","Njyem",7000,3,1115.859495,151.0824757,4.33048898
"nka","Nkoya",36200,9,28226.70332,156.6693268,3.88228035
"nkb","Khoibu",25600,3,96.92821927,1216.67041,6.178402901
"nkc","Nkongho",2230,4,180.2764207,1330.718506,6.410482407
"nkd","Koireng",3000,4,377.3181776,1435.66629,6.316109061
"nke","Duke",2310,1,683.8183881,282.933665,5.672062238
"nkg","Nekgini",430,3,26.96845813,1796.082153,7.287487507
"nkh","Khezha Naga",40800,4,467.5957523,1317.8172,6.371435404
"nki","Thangal Naga",23600,7,940.7982802,1435.66629,6.316109061
"nkj","Nakai",700,7,980.9433241,1789.082011,5.62193203
"nkk","Nokuku",160,4,229.3847579,170.2225342,6.111873627
"nkm","Namat",180,1,222.4122039,35.64186859,2.716600895
"nkn","Nkangala",22300,2,6180.214263,181.0976715,4.740154266
"nko","Nkonya",28000,4,194.5439278,371.0193634,4.921035767
"nkr","Nukuoro",860,0,1.044099514,NA,3.63075304
"nks","Momogo-Pupis-Irogo",1000,6,3948.076609,1706.473389,5.890394211
"nkt","Nyika (Tanzania)",25000,2,704.7134169,862.2251282,5.963679075
"nku","Bouna Kulango",29900,7,9699.840885,158.2308807,4.432243347
"nkv","Nyika (Malawi and Zambia)",10000,4,1412.948309,1176.769958,6.323767662
"nkw","Nkutu",40000,7,15145.24505,108.5445404,4.180499077
"nkx","Nkoroo",4550,2,0.333855633,269.6792212,4.263822079
"nkz","Nkari",5000,3,125.9700843,370.4517517,4.67139864
"nla","Ngombale",45000,8,175.2426277,1330.718506,6.410482407
"nlc","Nalca",16000,7,1387.793877,1723.409241,5.853518327
"nld","Dutch",21560000,29,90101.17825,88.22812271,3.798597813
"nle","East Nyala",273000,7,539.6088031,1116.669357,5.433890899
"nlg","Gela",11900,0,412.7108766,383.1600037,5.952130795
"nli","Grangali",5000,4,247.0454197,3754.145508,7.082107067
"nlj","Nyali",43000,5,1383.227793,678.2807007,5.513251305
"nlk","Ninia Yali",10500,7,1307.191513,2090.648254,5.728715658
"nll","Nihali",2000,0,829.5182258,409.7789917,5.243798733
"nlo","Ngul",8400,2,852.1272192,134.1921082,4.074936509
"nlu","Nchumbulu",1800,0,8950.204172,234.2366638,4.589470148
"nlv","Orizaba Nahuatl",120000,2,1663.900691,1748.040588,6.584167004
"nlx","Nahali-Baglani",15000,7,4910.597817,463.7506714,5.384011269
"nly","Nyamal",35,4,22066.44126,240.6987152,4.659105301
"nma","Maram Naga",37300,5,564.128038,1435.66629,6.316109061
"nmb","Big Nambas",3350,4,205.5041712,205.1739502,5.786854148
"nmc","Ngam",61400,6,9722.43096,187.9351444,3.88705647
"nmd","Ndumu",4310,3,352.1724858,455.3654785,4.911571503
"nme","Mzieme Naga",29000,5,262.499122,1435.66629,6.316109061
"nmf","East-Central Tangkhul Naga",142000,3,993.0229199,1317.8172,6.371435404
"nmg","Kwasio",22000,9,2925.637454,457.6801147,5.3251489
"nmh","Monsang Naga",3200,4,161.3179471,1216.67041,6.178402901
"nmi","Nyam",100,3,29.17931803,888.0291748,5.457853079
"nmk","Namakura",3750,2,46.53694712,209.6103821,5.640644073
"nml","Ndemli",5950,4,1267.086312,917.5430145,6.092959404
"nmm","Manange",390,1,117.5186351,4857.905762,7.085071564
"nmn","East Taa",4200,7,89987.95409,188.1566772,4.010224104
"nmo","Moyon",3700,3,124.7977615,1216.67041,6.178402901
"nmp","Nimanbur",0,5,7816.728481,169.1240616,4.424054623
"nmq","Nambya",105000,12,29107.04663,152.1650848,4.232840538
"nmr","Nimbari",130,0,809.1078109,467.9548645,5.13854599
"nms","Letemboi-Repanbitip",800,9,328.5985255,194.9789124,5.632886171
"nmt","Namonuito",940,0,3.404236254,0,2.576574087
"nmu","Northeast Maidu",1,1,14.13044872,1253.938248,6.271834016
"nmv","Ngamini-Yarluyandi-Karangura",0,8,39352.55873,93.94237328,3.160957873
"nmw","Nimoa",1100,1,178.0718161,162.4459991,4.398857594
"nmx","Nama (Papua New Guinea)",1200,4,282.5101849,99.57455444,3.054918369
"nmy","Namuyi",5000,2,1984.089626,2216.368408,6.934615135
"nmz","Nawdm",146000,16,6789.01501,376.9318085,4.998162508
"nna","Nyangumarta",310,6,76216.25929,250.8010101,4.46250391
"nnb","Nande",903000,12,10266.7429,716.7246094,5.870990992
"nnc","Nancere",81000,6,1298.752727,192.6016693,4.147084236
"nnd","West Ambae",8700,1,210.6978459,205.1739502,5.786854148
"nne","Ngandyera",13100,0,23277.41527,133.4711609,3.745026112
"nnf","Ngaing",2020,6,133.006341,1796.082153,7.287487507
"nng","Maring Naga",22300,9,379.3333053,1216.67041,6.178402901
"nnh","Ngiemboon",250000,5,297.8762959,1330.718506,6.410482407
"nni","North Nuaulu",500,3,73.23036833,444.5083084,5.685680389
"nnj","Nyangatom",24300,6,2172.836242,1192.08197,6.184929371
"nnk","Nankina",2500,4,203.2050058,1796.082153,7.287487507
"nnl","Northern Rengma Naga",13000,2,269.8432304,1418.963989,6.564467907
"nnm","Namia",6000,1,721.9005304,988.9312134,6.103123665
"nnn","Ngete",10000,3,571.0959139,248.8071747,4.397489071
"nnp","Wancho Naga",49100,5,899.258776,2686.365173,6.832620025
"nnq","Ngindo",220000,4,16965.48442,642.3738098,5.367175221
"nnt","Nanticoke",400,5,25398.97127,317.681942,4.645020187
"nnu","Dwang",8200,0,983.1706056,302.9261169,4.683488687
"nnv","Nugunu (Australia)",0,2,58315.6976,122.4357071,3.95921433
"nnw","Southern Nuni",168000,8,13187.44603,109.108429,3.801247001
"nny","Yangkaal",0,4,10592.16051,159.2888794,4.556957245
"nnz","Nda'nda'",10000,6,632.4396146,1330.718506,6.410482407
"noa","Woun Meu",10800,6,13660.18335,2546.990601,6.873320818
"noc","Nuk",900,5,55.57873817,1785.090088,7.233548403
"nod","Northern Thai",6029500,32,73610.61008,647.2261963,5.903199673
"noe","Nimadi",2150000,8,13736.48639,399.2754364,5.221996784
"nof","Nomane",6700,3,199.7925578,2047.476929,6.682682276
"nog","Nogai",87100,4,1924.485787,301.2426758,6.815223217
"noh","Nomu",400,4,121.1063578,1402.202866,6.950956821
"noi","Noiri",100000,7,2752.128857,463.7506714,5.384011269
"nok","Nooksack",1600,1,1661.361091,1428.274963,6.406281233
"nop","Numanggang",2300,5,119.3640479,1785.090088,7.233548403
"noq","Ngongo",4080,1,2080.124329,109.775671,3.929798305
"nor","Norwegian",4640000,9,296073.8309,978.6541748,6.016412735
"nos","Eastern Nisu",75000,15,24816.99946,832.7341105,6.331005732
"not","Nomatsiguenga",6500,4,3215.664281,3493.157349,7.115062952
"nou","Ewage-Notu",12900,6,623.0525425,1962.103271,7.013994217
"now","Nyambo",400000,3,8519.433345,569.5476227,5.483518124
"noy","Noy",36,0,2488.395115,116.8445549,3.628498435
"noz","Nayi",7190,4,795.8374729,1420.626587,6.424757957
"npa","Nar Phu",600,0,52.75864451,4507.749512,7.108198643
"nph","Phom Naga",123000,3,541.3415053,1418.963989,6.564467907
"npl","Nahuatl, Southeastern Puebla",92000,4,1295.741363,1748.040588,6.584167004
"npn","Mondropolon",300,2,102.5924554,71.9605484,4.823676586
"npo","Pochuri Naga",16700,1,350.9116667,1317.8172,6.371435404
"nps","Nipsan",2500,6,976.0930697,2314.864746,6.858754635
"npy","Napu",6100,7,910.2757402,1033.923355,6.66309917
"nqg","Ede Nago",200000,6,2036.888799,216.325943,4.426436424
"nqk","Kura Ede Nago",25000,6,534.1470891,246.9960098,4.595091581
"nqm","Ndom",1200,1,1326.721939,4.435202837,1.807658434
"nqn","Nen",250,3,100.3883935,320.3540726,3.526711643
"nra","Ngom",12770,5,4280.117795,215.98246,4.268686295
"nrb","Nara",81400,3,1931.197519,1090.55423,6.00204885
"nre","Southern Rengma Naga",21000,2,453.0639778,1418.963989,6.564467907
"nrg","Narango",160,6,175.7540962,205.1739502,5.786854148
"nri","Chokri Naga",83600,4,448.2999892,1317.8172,6.371435404
"nrl","Ngarluma",26,3,3163.391974,121.7896385,4.886102438
"nrm","Narom",0,3,570.0645928,455.9609299,5.545972347
"nrz","Lala",3000,5,694.8202392,1892.6604,7.190649509
"nsa","Sangtam Naga",84300,4,881.3565148,1418.963989,6.564467907
"nsd","Southern Nisu",210000,4,1637.885982,802.500473,6.261995912
"nse","Nsenga",613100,7,33915.31353,608.9074707,5.639921665
"nsg","Ngasa",200,2,40.41441909,897.7486115,6.023033738
"nsh","Ngoshie",9200,4,33.42846583,1106.72113,5.925098896
"nsk","Naskapi",620,2,106.5004674,415.8474731,5.205486298
"nsm","Sumi Naga",104000,9,2746.408028,1418.963989,6.564467907
"nsn","Nehan",6500,0,35.14730201,522.5654755,5.790939569
"nso","Pedi",4620000,11,78923.14349,659.1123047,6.029454708
"nss","Nali",1800,3,135.3062117,65.57713509,4.870939255
"nst","Pangwa Naga",100100,14,10712.61475,2695.105896,6.857844591
"nsu","Sierra Negra Nahuatl",25000,6,1013.687962,1748.040588,6.584167004
"nsw","Navut",520,6,82.87703508,175.2849884,5.868500948
"nsx","Nsongo",50000,5,34530.31261,730.0102844,5.480208238
"nsy","Nasal",3000,1,56.36420515,836.0276184,6.197993755
"nte","Nathembo",25000,3,737.3812705,292.9247017,4.759971857
"nti","Natioro",2400,5,141.8916102,146.390686,4.133498907
"ntj","Ngaanyatjarra",1000,1,60502.66434,199.906559,4.357880235
"ntk","Ikoma-Nata-Isenye",36000,4,1577.38735,584.9519272,4.817117929
"ntm","Nateni",66000,5,909.249158,306.3499756,4.582745075
"nto","Ntomba",100000,7,12984.99115,78.80013275,3.443716526
"ntp","Northern Tepehuan",6200,1,3307.871686,2311.946777,6.62546587
"ntr","Delo",16300,7,788.9099331,376.9318085,4.998162508
"ntw","Nottoway",0,4,11931.29409,43.6060524,3.041360617
"nty","Mantsi",1100,6,169.6272396,1143.029236,6.123599768
"ntz","Natanzi",7030,1,110.557643,1257.02713,6.384585857
"nua","Yuaga",2400,5,1036.414402,282.3995056,5.718149662
"nuc","Nukuini",425,1,12568.10677,139.3473511,3.829579115
"nud","Ngala",180,1,69.03816341,1635.051239,6.233786583
"nue","Ngundu",5100,0,13994.67243,358.0982132,4.716371775
"nuf","Nusu",12670,8,2317.083185,1587.727173,6.803325415
"nug","Nungali",0,2,12386.75014,239.9841843,4.593482256
"nuh","Ndunda",350,0,33.99066674,1033.807719,5.636190414
"nui","Ngumbi",9200,5,600.4394611,546.5205688,5.636936188
"nuj","Nyole",341000,4,732.8397025,938.9922981,5.148241937
"num","Niuafo'ou",690,0,53.10618554,0,2.097623348
"nun","Nung (Myanmar)",450,2,3752.103925,1908.417114,6.889664888
"nuo","Nguôn",1000,5,517.9438033,547.9903641,5.728752613
"nup","Nupe-Nupe-Tako",800000,16,16913.24189,267.6638489,4.808945656
"nuq","Nukumanu",700,0,3.566101694,NA,3.731889725
"nur","Nukuria",550,0,7.356539456,343.7035294,5.040321827
"nus","Nuer",891000,8,95502.62845,43.51474857,2.036572337
"nut","Nung (Viet Nam)",969000,18,12264.54723,929.9648438,5.842989206
"nuu","Ngbundu",16000,7,829.3281726,174.1576538,4.10751152
"nuv","Northern Nuni",45000,5,1434.298905,88.56598663,3.744566321
"nux","Mehek",6300,5,62.37153643,798.9605103,5.861983538
"nuy","Wubuy",110,2,2773.431997,132.7387924,4.149290085
"nuz","Tlamacazapa Nahuatl",1550,1,167.5260346,1996.647583,6.750299215
"nvh","Nasarian",5,4,57.71574696,194.9789124,5.632886171
"nvm","Namiae",1200,1,40.61333134,1962.103271,7.013994217
"nwb","Nyabwa",42700,6,4072.078436,242.3726425,4.399197817
"nwe","Ngwe",73200,10,610.4677715,1330.718506,6.410482407
"nwi","Southwest Tanna",4500,3,150.3427341,96.69926071,4.426439047
"nwm","Nyamusa-Molo",1630,5,434.7676465,192.9604321,3.523537517
"nwr","Nawaru",190,2,98.79567656,1962.103271,7.013994217
"nxa","Nauete",15000,1,165.1830381,436.8934097,6.120228767
"nxd","Ngando-Lalia",220000,11,39834.94575,112.2112427,3.846569061
"nxe","Nage",50000,6,805.8712258,361.9415741,5.114689469
"nxg","Ngad'a",60000,7,818.0881719,382.8169861,5.419638713
"nxi","Nindi",100,4,732.2020548,634.5075226,5.618523121
"nxl","South Nuaulu",1500,3,332.3389833,489.8220723,6.014056683
"nxn","Ngawun",0,6,38008.48847,212.4666138,3.892793059
"nxr","Ninggerum",6150,6,1740.328013,2511.883057,6.163995743
"nxx","Nafri",1630,3,62.06576489,1018.881248,6.221927762
"nya","Nyanja",9779000,16,123871.7153,835.2407837,5.686530352
"nyb","Nyangbo",6400,3,45.09313865,371.0193634,4.921035767
"nyc","Nyanga-li",48000,2,92.19479476,392.796524,4.670857191
"nyd","Nyore",311000,5,248.7066112,757.9358597,4.933711648
"nye","Nyengo",9380,4,2326.747647,77.63496399,3.144756317
"nyf","Giryama",944000,5,12441.02478,477.4557953,5.105696321
"nyg","Nyindu",8400,4,1049.140094,978.7523041,6.139311314
"nyh","Nyigina",63,4,19241.0144,221.2910767,4.57791388
"nyi","Ama (Sudan)",70000,3,727.0385411,246.8576584,4.508156061
"nyj","Nyanga",150000,6,8679.931257,759.1260834,5.973542094
"nyk","Nyaneka",300000,4,48134.38357,808.2669373,5.521593332
"nyl","Nyeu",200,3,17.4227265,307.6686554,4.502644539
"nym","Nyamwezi",980000,8,58827.32914,488.4824982,4.644818068
"nyn","Nyankole",2330000,7,16900.36105,593.9933929,5.571710348
"nyo","Nyoro",667000,7,15184.25917,817.0209961,5.688071251
"nyp","Nyang'i",15302,0,9157.808143,899.5223999,5.818964481
"nyq","Nayini",7030,2,36499.58104,1256.507202,6.446992397
"nyr","Nyiha (Malawi)",10000,4,579.628805,1157.950684,6.386398315
"nys","Nyunga",410,2,46551.18048,201.1913834,4.427277803
"nyt","Nyawaygi",0,5,14253.46253,477.4330597,5.31426692
"nyu","Nyungwe",439000,10,37795.81444,675.2703247,5.465019226
"nyv","Nyulnyul",0,3,2473.856496,148.1101074,4.454882622
"nyx","Nganyaywana",0,5,48791.79577,505.4569092,5.455202937
"nyy","Nyakyusa-Ngonde",1105000,10,5146.177506,1259.50885,6.45671463
"nza","Tigon Mbembe",56000,11,1429.035272,1055.950439,5.800908089
"nzb","Njebi",135100,17,17779.85416,504.2597961,5.207430601
"nzi","Nzima",328700,6,4273.41019,190.9567871,4.270234585
"nzk","Nzakara",50000,13,21639.34013,144.0206451,4.174816132
"nzm","Zeme Naga",34100,3,670.8689428,1553.515381,6.260782719
"nzy","Nzakambay",31500,4,2079.898777,479.9757436,4.822134336
"oaa","Orok",47,1,3010.076595,497.6554871,5.81081295
"oac","Oroch",8,2,3966.497081,663.0633138,5.785548051
"obi","Obispeño",0,3,55.08500313,966.4089355,6.479181767
"obl","Oblo",0,1,6.206895389,603.6871529,5.26025784
"obo","Obo Manobo",60000,4,727.3899525,1211.363037,6.531594276
"obu","Obulom",3420,3,82.67580185,269.6792212,4.263822079
"oca","Ocaina",194,7,6316.282676,56.36672878,3.373973191
"oci","Occitan",213810,10,194226.2088,1200.480713,6.025136948
"ocu","Atzingo Matlatzinca",100,1,48.54241987,2015.525879,6.614146709
"odk","Od",50000,0,129.7719367,81.64800644,3.345421553
"odu","Odual",18000,6,235.6946988,115.6379375,2.924462557
"ofu","Efutop",10000,5,267.0887716,676.1413778,5.297753175
"ogb","Ogbia",200000,7,574.1541892,115.6379375,2.924462557
"ogc","Ogbah",170000,6,387.0626988,168.0540466,3.472975969
"ogg","Ogbogolo",10000,3,164.6221619,115.6379375,2.924462557
"ogo","Khana",200000,7,348.3351317,269.6792212,4.263822079
"ogu","Ogbronuagum",12000,3,108.1816116,269.6792212,4.263822079
"oia","Oirata",1220,1,21.84815063,436.8934097,6.120228767
"oin","Inebu One",1300,5,75.26504994,798.9605103,5.861983538
"ojb","Northwestern Ojibwa",20000,3,2694.555483,148.3266525,3.765102744
"ojc","Central Ojibwa",8000,2,2332.836219,314.0371704,4.39708519
"ojg","Eastern Ojibwa",25900,2,470.1792609,270.4732132,4.54807663
"ojs","Severn Ojibwa",10500,1,1740.935142,153.2126846,3.759748399
"ojv","Luangiua",2370,0,4.392069563,NA,3.82053256
"ojw","Western Ojibwa",10000,8,6859.315348,290.7561798,4.760418773
"oka","Okanagan",770,3,4449.184574,1038.436752,6.208268642
"okb","Okobo",50000,4,284.1604083,423.7205048,5.603181601
"okd","Okodia",3600,5,74.38701546,168.0540466,3.472975969
"oke","Okpe (Southwestern Edo)",25400,3,51.08824323,168.0540466,3.472975969
"okh","Khoresh-e Rostam",0,2,16499.96648,1616.094147,6.630557656
"oki","Okiek",79000,7,6315.394001,696.3547974,6.106045246
"okj","Okojuwoi",0,3,232.2630388,75.4839859,4.28423357
"okk","Kwamtim One",150,4,13.69448814,798.9605103,5.861983538
"okn","Oki-No-Erabu",3200,0,96.77755628,65.58915901,4.540869474
"okr","Kirike",248000,7,1324.026003,269.6792212,4.263822079
"oks","Oko-Eni-Osayen",10000,5,228.3428198,351.4570923,5.167666912
"oku","Oku",40000,6,329.5749507,1108.035416,5.829763412
"okv","Orokaiva",35000,5,1543.559568,1693.838745,7.100803852
"okx","Okpe (Northwestern Edo)",8700,7,120.6038628,351.4570923,5.167666912
"ola","Walungge",1500,4,1093.464668,2267.704285,6.077709556
"old","Mochi",597000,5,973.2855449,942.0402425,6.184532642
"ole","Olekha",500,2,22.87631219,2472.864075,6.403575182
"olm","Oloma",0,6,50.20033193,351.4570923,5.167666912
"olo","Livvi",30770,6,49021.77472,130.5743866,3.843014956
"oma","Omaha-Ponca",85,2,814.539058,164.0535889,4.180999756
"omb","East Ambae",5000,1,206.5746138,213.4494527,5.840762774
"omi","Omi",91000,5,1078.048684,502.7417603,5.152253628
"oml","Ombo",8400,7,7165.919659,172.857048,3.948408127
"omo","Utarmbung",1170,8,259.1990437,1692.247772,6.021868944
"omt","Omotik",50,2,10168.66349,1155.460083,6.234590213
"omu","Omurano",0,1,9600.012961,63.49289227,3.366554797
"omw","South Tairora",7000,5,343.2131829,1916.283508,6.958115339
"ona","Selk'nam",2,2,202346.6916,806.3557739,5.754723549
"onb","Lingao",600000,3,2672.799789,271.059866,5.236974716
"one","Oneida",192,7,832.4877872,342.4877625,4.709231853
"ong","Olo",13700,13,1132.160466,512.5372391,4.709376335
"oni","Onin",500,1,115.9205238,523.0792236,5.794586897
"onj","Onjob",150,1,14.94943797,1320.206238,6.554695368
"onk","Kabore One",300,5,206.117748,596.2410177,5.888149738
"onn","Onobasulu",1000,2,342.9359021,1706.546753,5.994637489
"ono","Onondaga",52,5,484.4315687,342.4877625,4.709231853
"onp","Sartang",1000,1,239.4534486,2793.595825,6.820150375
"onr","Northern One",2000,4,304.7470279,512.5372391,4.709376335
"ons","Ono",10000,4,283.0825431,1402.202866,6.950956821
"onu","Unua",750,4,34.30611098,194.9789124,5.632886171
"ood","Tohono O'odham",14094,2,15528.0246,830.692749,5.969570398
"oog","Ong-Ir",10300,6,459.6763481,609.1291428,5.410788655
"oon","Önge",94,1,703.0912501,60.05496216,3.709061384
"oor","Oorlams",32000,1,28620.81151,845.1989136,5.185351133
"opa","Okpamheri",30000,12,1025.683475,351.4570923,5.167666912
"opk","Kopkaka",400,8,1216.151703,2090.648254,5.728715658
"opm","Oksapmin",8000,4,726.5919,2471.141968,6.605589628
"opo","Opao",1120,3,109.0312427,1420.957909,5.826831877
"opt","Teguima",15,2,21571.39344,849.965332,5.938777447
"opy","Ofayé",2,1,494.3477226,209.8221893,4.436283231
"ora","Oroha",38,1,23.48541062,228.5393016,5.628726959
"orc","Orma",66300,9,37607.18257,459.730011,4.83490634
"ore","Maijiki",220,2,3278.353703,56.36672878,3.373973191
"org","Oring",75000,6,379.1195674,348.8528137,4.741388559
"orh","Oroqen",1200,3,23360.27544,357.8138733,4.807676315
"oro","Orokolo",13000,2,282.9766141,1263.723745,5.372226
"orr","Oruma",5000,4,54.7303531,168.0540466,3.472975969
"ort","Kotia-Adivasi Oriya-Desiya",200000,4,3214.226256,768.8763428,5.91158843
"oru","Ormuri",6050,1,304.3566691,1332.666626,6.552399158
"orw","Oro Win",2,2,322.0759203,178.4055176,4.463039398
"orx","Oro",75000,7,247.6652066,423.7205048,5.603181601
"ory","Odia",32100000,14,113448.2471,483.5012054,5.236865997
"orz","Ormu",500,3,277.792742,1018.881248,6.221927762
"osa","Osage",10,2,1294.71969,235.5285645,4.10900259
"osi","Osing",300000,2,480.4296889,432.0436859,6.429238319
"oso","Ososo",19000,5,148.7151577,351.4570923,5.167666912
"oss","Ossetian",551000,5,9800.147299,2068.022827,6.306045294
"ost","Osatu",400,7,112.9227743,1106.72113,5.925098896
"osu","Southern One",200,5,37.92298412,798.9605103,5.861983538
"otd","Ot Danum",78800,11,35239.06935,556.8048706,5.667310238
"ote","Mezquital Otomi",100000,1,1607.674093,1657.447266,6.365285397
"oti","Oti",0,4,121376.1167,477.5125885,5.300069451
"otl","Tilapa Otomi",400,1,37.78749409,2018.508789,6.617444038
"otm","Eastern Highland Otomi",49300,5,319.0162022,2423.292725,6.603892326
"otn","Tenango Otomi",10000,2,416.6517985,2423.292725,6.603892326
"otq","Querétaro Otomi",33000,2,1291.180599,1657.447266,6.365285397
"otr","Otoro",10000,4,344.5629645,321.7355499,4.469157696
"ots","Estado de México Otomi",20000,1,315.7626592,1657.447266,6.365285397
"ott","Temoaya Otomi",37000,2,502.8873799,2015.525879,6.614146709
"otu","Otuke",0,2,38598.5947,401.4021912,5.241676331
"otw","Ottawa",12500,5,2371.096867,184.7642059,4.266656637
"otx","Texcatepec Otomi",12000,2,91.3633351,2423.292725,6.603892326
"otz","Ixtenco Otomi",460,1,150.9882204,2021.491699,6.620741367
"oua","Ouargli",5000,1,174.8029679,293.8362236,4.241471052
"oub","Glio-Oubi",6000,6,646.0729912,206.869194,4.345473766
"oue","Ounge",1000,3,59.88587532,528.4359436,6.328845263
"oum","Ouma",0,3,466.9591699,925.5508041,6.496482968
"owi","Owiniga",330,4,274.1968942,1369.934692,5.962654273
"oyb","Oy",11200,7,419.8843023,609.1291428,5.410788655
"oyd","Oyda",36900,5,254.8669145,1286.789124,6.565350771
"oym","Wayampi",1180,3,16715.14462,195.1310463,4.20717752
"oyy","Oya'oya",370,3,60.47444059,724.4180908,6.134134293
"ozm","Koonzime",40000,6,8047.857344,97.74662018,3.973712683
"pab","Parecís",2000,1,11476.834,288.5107384,4.736432076
"pac","Pacoh",32500,5,1802.711632,869.99646,6.164500237
"pad","Paumari",290,2,7116.082637,37.17392349,2.994864702
"pae","Pagibete",28000,8,6620.895157,119.1212616,4.197534084
"paf","Paranawát",50,1,31851.51582,145.8748932,4.293025017
"pag","Pangasinan",1160000,1,1209.235187,604.4528809,6.177906871
"pah","Tenharim-Parintintin-Diahoi",580,2,6196.966847,84.31558228,3.227224827
"pai","Pe",4000,4,125.7516132,1071.028687,5.339579582
"pak","Parakanã",900,1,2584.478829,183.0495205,4.067894638
"pam","Pampanga",1900000,7,3297.450282,604.4528809,6.177906871
"pan","Eastern Panjabi",28200000,5,51215.09729,834.0207672,3.759284019
"pao","Northern Paiute",700,3,5506.271775,1006.966461,6.243021727
"paq","Parya",3000,2,147.4124756,2491.975433,6.84463203
"par","Panamint",20,1,148.1316295,1744.759094,6.793067932
"pas","Papasena",400,6,1684.496335,1422.156906,6.39846909
"pat","Papitalai",520,1,12.30872937,65.57713509,4.870939255
"pau","Palauan",14800,0,456.6303997,0,3.048773289
"pav","Wari'",1930,3,3723.434251,111.4229736,3.899468064
"paw","Pawnee",10,1,100.7670248,228.9187673,4.233222644
"pay","Pech",990,3,1254.983511,519.270813,6.023757696
"paz","Pankararú",5880,4,7427.15881,585.3054199,5.38087225
"pbb","Páez",40000,2,10662.53892,2931.504517,7.160820484
"pbc","Patamona",4700,4,30342.28849,541.6929321,4.882704735
"pbe","Mezontla Popoloca",2000,1,69.4907915,1748.040588,6.584167004
"pbf","Coyotepec Popoloca",500,2,118.7870047,1619.690674,6.637590408
"pbg","Paraujano",4326,2,24652.58045,1007.783936,5.760231018
"pbh","Panare",3540,2,19202.28179,442.7527771,5.237138748
"pbi","Parkwa",30000,3,55.79765032,269.8820686,3.989992976
"pbl","Mak (Nigeria)",5690,7,104.3442302,707.6761475,5.307385604
"pbn","Kpasam",3000,5,70.15774483,705.0296631,5.576126575
"pbo","Papel",136000,2,436.1138198,46.4896431,3.05285418
"pbp","Jaad-Badyara",12730,4,773.0727696,146.4954681,3.880494356
"pbr","Pangwa",95000,5,3954.766324,1070.51181,6.308386087
"pbs","Central Pame",4350,3,1901.30756,1593.565079,6.21983397
"pbt","Southern Pashto",10697000,28,262735.8298,1746.505249,6.352565289
"pbu","Northern Pashto",18711100,16,43132.09484,2612.178304,6.620551904
"pbv","Pnar",247000,10,2022.804622,1553.515381,6.260782719
"pby","Pyu",100,1,17.66664028,988.9312134,6.103123665
"pca","Santa Inés Ahuatempan Popoloca",4000,2,238.8963378,1619.690674,6.637590408
"pcb","Pear",1670,2,4.200636708,278.4415741,4.410055876
"pcc","Bouyei",2649100,46,25796.56694,757.0621719,5.882706523
"pcd","Picard",200000,5,29035.85152,184.6626129,4.201084614
"pce","Ruching Palaung",272000,7,2303.151237,1038.355225,6.035415173
"pcf","Paliyan",9520,0,251.9799869,694.4335938,5.904432178
"pcg","Paniya",94000,3,211.8554953,792.9188232,5.967473507
"pci","Duruwa",51200,2,1978.999181,587.0518646,5.391818047
"pcj","Gorum-Parenga",0,1,699.602289,379.5306835,4.682618976
"pck","Paite Chin",64100,4,1337.7562,958.3928223,5.987239361
"pcl","Pardhi",49300,3,18151.11437,484.1036835,5.163184881
"pcm","Nigerian Pidgin",0,1,35692.93456,245.831543,4.640982628
"pcn","Piti",8100,4,116.0397486,679.3311615,5.087510467
"pcp","Pacahuara",17,1,453.4927134,44.35539246,2.981189966
"pcw","Pyapun",17300,5,135.1439645,1071.028687,5.339579582
"pda","Anam",1070,3,50.09946353,1692.247772,6.021868944
"pdc","Pennsylvania German",118000,1,107007.4723,169.426712,4.110479355
"pdi","Pa Di",1300,3,1196.73007,1085.007355,6.366424561
"pdn","Podena",280,3,78.53859224,580.927002,5.985350609
"pdo","Padoe",5000,4,785.0077693,1003.790955,6.509322882
"pdt","Plautdietsch",178900,13,704501.1701,191.6949921,4.308480024
"pdu","Kayan Lahwi",133000,10,5366.927869,841.8728231,5.919801712
"peb","Eastern Pomo",0,2,402.9424223,858.0240421,6.068645597
"ped","Mala (Papua New Guinea)",1390,5,17.54665477,1692.247772,6.021868944
"pee","Taje",350,1,105.0179676,1090.835907,6.786196232
"pef","Northeastern Russian River Pomo",0,4,2921.367233,1343.893494,6.361232519
"peg","Pengo",0,1,1576.929638,639.3656082,5.574413657
"peh","Bonan",6000,5,1755.384503,1386.91925,6.419873714
"pei","Chichimeca-Jonaz",1360,1,179.3568552,1130.559166,6.170884609
"pej","Northern Pomo",1,2,275.289054,1123.499023,6.330414295
"pek","Penchal",550,2,91.56227243,65.57713509,4.870939255
"pem","Phende",420000,8,17082.54415,326.1475372,4.753555298
"pep","Kánchá",290,4,1505.578776,35.64186859,2.716600895
"peq","Southern Pomo",0,4,1640.213398,1343.893494,6.361232519
"pes","Western Farsi",45025000,33,712986.5134,1197.026245,6.395496845
"pex","Petats",2000,0,5.10047742,529.6743622,6.531032801
"pez","Eastern Penan",10055,7,3618.187061,787.934082,5.943238974
"pfa","Pááfang",1320,0,2.104389596,NA,NA
"pfe","Peere",15000,5,7746.911508,819.9450607,5.687250495
"pfl","Pfaelzisch-Lothringisch",0,3,3680.545662,480.019165,5.279355049
"pgg","Pangwali",17000,5,3474.66101,4040.362549,7.142654419
"pgi","Pagi",2140,6,728.3607292,589.8666229,6.021802902
"pgk","Rerep",380,3,24.23318162,194.9789124,5.632886171
"pgs","Pangseng",0,2,269.8129131,705.0296631,5.576126575
"pgu","Pagu",3310,4,352.9869716,268.3045845,5.856052995
"pha","Pa-Hng",33610,8,118.0664393,1143.029236,6.123599768
"phd","Phudagi",1010,1,615.3616936,254.2202072,5.757312059
"phg","Phuong",15100,5,604.2822825,869.99646,6.164500237
"phh","Phukha",5000,7,60.84033665,822.9082642,6.331966639
"phk","Phake",2000,1,445.1460094,2686.365173,6.832620025
"phl","Phalura",10000,2,274.8626203,2698.743225,7.037541389
"phm","Phimbi",6000,3,2934.520509,724.8213806,5.586767435
"pho","Phunoi",35600,6,1116.373055,721.0228678,6.194356759
"phq","Phana'",350,5,352.058749,711.7995605,6.05496645
"phr","Pahari Potwari",2500000,9,15246.60592,2355.603577,6.160039306
"pht","Phu Thai",866000,25,20464.09001,712.0228271,6.122921944
"phu","Phuan",307000,8,28729.17597,400.6550674,4.901722431
"pia","Pima Bajo",650,1,1849.253912,1201.68631,6.239887238
"pib","Yine",4000,4,3421.263603,1787.74939,5.454033852
"pic","Pinji",5000,3,325.3894929,553.1541138,5.5032897
"pid","Piaroa",14580,13,53405.26987,928.5705795,5.196694255
"pif","Pingelapese",2500,0,2.508821737,NA,NA
"pih","Pitcairn-Norfolk",436,1,41.0847868,0,4.219058514
"pii","Pini",10,1,25908.09879,109.9924164,3.999833107
"pil","Yom",300000,9,4233.154534,249.3304253,4.490468264
"pim","Powhatan",3000,6,33230.91532,389.2210401,4.251652161
"pin","Piame",100,3,354.1457773,1850.424581,6.277340889
"pio","Piapoco",6380,6,20744.41077,90.93144226,3.51331377
"pip","Pero",25000,8,663.0123589,672.5984802,5.173569322
"pir","Wa'ikhana",1880,5,647.5705115,75.88871765,3.476816893
"pit","Pitta Pitta",0,6,43884.52444,142.9644623,3.894767582
"piu","Pintupi-Luritja",1690,3,45446.85929,214.867569,4.562580585
"piv","Vaeakau-Taumako",1660,0,17.42417742,0,4.221740723
"piw","Pimbwe",29000,2,1700.216205,904.9875488,6.165491581
"pix","Piu",100,1,6.055005887,1774.098022,7.179609299
"piy","Piya-Kwonci",5000,6,534.1912489,888.0291748,5.457853079
"piz","Pije",180,6,226.7317877,282.3995056,5.718149662
"pjt","Pitjantjatjara",2660,5,344470.7747,231.3231506,4.678496122
"pkb","Pokomo",95000,7,2280.308607,154.5863037,4.131275654
"pkg","Pak-Tong",970,0,25.73664924,65.57713509,4.870939255
"pkh","Pankhu",3200,9,2066.858339,952.7190247,5.983741283
"pko","Pökoot",703400,12,21576.58759,1522.314484,6.474607706
"pkp","Pukapuka",450,0,6.350338545,NA,0.394375324
"pkr","Attapady Kurumba",1370,1,47.77017551,859.1639404,6.48571682
"pkt","Maleng",700,7,2413.144304,515.1317444,5.389904261
"pku","Paku",3500,2,84.80055678,225.969635,4.506129146
"pla","Miani",1500,5,307.0154003,1692.247772,6.021868944
"plb","Polonombauk",120,4,48.14548386,205.1739502,5.786854148
"plc","Central Palawano",12000,3,1122.254667,309.1456604,5.904194355
"ple","Palu'e",10000,1,46.34659882,361.9415741,5.114689469
"plg","Pilagá",4000,4,36556.58476,55.69075012,2.708256006
"plh","Paulohi",50,1,5.775487061,473.8993835,6.308526993
"pli","Pali",0,2,17227.35626,1103.611694,5.98342975
"plj","Polci",22000,7,697.0097603,819.1970825,5.055850029
"plk","Kohistani Shina",200000,5,1568.235981,2945.687256,7.11564517
"pll","Shwe Palaung",150000,5,3445.339195,964.5731659,6.10660708
"plo","Oluta Popoluca",120,3,45.99820239,1069.374308,6.00533247
"plr","Palaka Senoufo",8000,3,2168.798382,146.6415863,4.221209049
"pls","San Marcos Tlalcoyalco Popoloca",8440,2,89.99891937,1748.040588,6.584167004
"plt","Plateau Malagasy",7520000,6,134717.8972,1051.21669,6.055320978
"plu","Palikúr",1540,4,2239.560377,130.29599,4.00142622
"plv","Southwest Palawano",12000,2,1326.72856,185.7758198,4.354659081
"plw","Brooke's Point Palawano",14400,3,976.9159545,309.1456604,5.904194355
"ply","Bolyu",500,1,99.09612993,880.9301453,6.089141846
"plz","Paluan",5500,4,3152.984486,945.8967285,6.378071308
"pma","Paama",6000,0,57.43115038,209.6103821,5.640644073
"pmb","Pambia",21000,0,3462.438801,134.5377846,3.71467042
"pme","Pwaamei",290,7,250.2619013,282.3995056,5.718149662
"pmf","Pamona",137000,16,13703.32577,1211.474731,6.752388
"pmi","Northern Pumi",35000,2,5173.990463,1921.19043,6.885350227
"pmj","Southern Pumi",19000,6,3918.08232,1921.19043,6.885350227
"pmm","Pomo",44130,7,1643.631776,319.2514038,4.543682575
"pmn","Pam (Cameroon)",30,1,6.59053196,603.6871529,5.26025784
"pmo","Pom",2000,3,103.2267931,370.4379883,5.775818348
"pmq","Northern Pame",5620,2,5702.155754,1426.395508,6.446455002
"pmr","Manat",150,5,28.28784364,1692.247772,6.021868944
"pms","Piemontese",1600000,8,13412.58058,1576.824463,6.6204772
"pmt","Tuamotuan",4000,0,354.5251847,1.71922987,3.333003521
"pmx","Poumei Naga",51000,8,1692.816422,1317.8172,6.371435404
"pmy","Papuan Malay",500000,11,312595.7283,1706.473389,5.890394211
"pmz","Southern Pame",0,0,7501.924115,1835.711833,6.471877575
"pna","Punan Bah-Biau",450,1,271.127042,554.0105858,5.379591703
"pnb","Western Panjabi",62510000,10,87598.02122,947.9779339,4.042866528
"pnc","Pannei",9000,5,329.2679918,1453.89091,6.77831157
"pne","Western Penan",3400,3,1203.719058,773.4752808,5.882055283
"png","Pongu",30000,7,1509.071815,293.8304596,4.860445976
"pnh","Māngarongaro",200,0,16.00830849,NA,NA
"pni","Aoheng-Seputan",2630,5,3867.363189,758.4635315,5.919966221
"pnm","Punan Batu 1",30,0,57.88030119,773.4752808,5.882055283
"pnn","Pinai-Hagahai",600,5,786.1582161,1605.971558,6.177941203
"pno","Panobo",0,3,13477.99818,1602.591187,5.755849361
"pnp","Pancana",6000,8,1313.137544,164.5274963,5.261827946
"pnq","Pana (Burkina Faso)",7800,4,725.94381,119.6002388,3.832045794
"pnr","Panim",420,3,15.45308294,2141.664124,7.110357523
"pns","Ponosakan",3000,4,210.3463749,500.3680522,6.33802398
"pnt","Pontic",400000,6,12168.61613,1140.878662,6.548326492
"pnu","Jiongnai Bunu",1080,2,113.924037,551.7311096,5.646678686
"pnw","Panytyima",98,1,7672.066617,468.4881134,5.113299608
"pnx","Phong-Kniang",1000,6,3267.309225,843.8144531,5.937474728
"pny","Pinyin",24600,8,178.1363647,1330.718506,6.410482407
"pnz","Pana (Central African Republic)",85980,8,4077.822991,820.367981,5.632767677
"poc","Poqomam",49000,2,329.0138842,1808.924622,6.849333286
"poe","San Juan Atzingo Popoloca",5000,2,158.2977014,1748.040588,6.584167004
"pof","Poke",46000,6,4226.265254,123.7292538,3.99462682
"poh","Poqomchi'",92200,4,879.5787175,1403.903519,6.368810177
"poi","Highland Popoluca",30000,2,820.255219,429.5388184,5.19663763
"pol","Polish",36800550,12,314226.551,169.1332855,3.87164402
"pon","Pohnpeian",29000,1,357.487555,0,2.600223064
"poo","Central Pomo",2,1,153.112444,1123.499023,6.330414295
"pop","Pwapwa",40,5,393.5256002,282.3995056,5.718149662
"poq","Texistepec Popoluca",100,2,59.03664004,665.8662109,5.742626905
"pos","Sayula Popoluca",3030,2,70.98344571,1069.374308,6.00533247
"pot","Potawatomi",50,2,1158.569445,128.0970612,4.101203442
"pov","Upper Guinea Crioulo",206000,2,1382.850011,74.9135437,3.099607348
"pow","San Felipe Otlaltepec Popoloca",3000,3,101.8548359,1619.690674,6.637590408
"poy","Pogolo",185000,4,5346.554033,1268.031535,6.160360654
"ppe","Papi",70,0,24.70422614,1635.051239,6.233786583
"ppi","Paipai",100,1,368.075229,1248.987183,6.676034451
"ppk","Uma",20000,6,2225.078924,1543.032959,6.963805676
"ppl","Pipil",20,1,4019.831241,849.771637,6.475784302
"ppm","Papuma",600,2,22.73295337,370.4379883,5.775818348
"ppn","Papapana",120,1,28.57575535,529.6743622,6.531032801
"ppo","Folopa",3000,7,4860.675326,1692.548828,6.102485339
"ppq","Pei",50,2,49.67216793,1635.051239,6.233786583
"pps","San Luís Temalacayuca Popoloca",4730,2,58.88458373,1748.040588,6.584167004
"ppt","Pare",2000,7,7278.342122,1536.624977,5.357548356
"ppu","Papora-Hoanya",0,0,2387.840513,1115.238464,6.764695644
"pqa","Pa'a",8000,4,386.4600464,480.6806335,4.739094019
"pqm","Malecite-Passamaquoddy",590,2,1086.909955,170.9199626,4.522262255
"prc","Parachi",3500,3,373.6664732,2508.574951,7.115778446
"pre","Principense",200,0,150.0102398,581.2202148,0.861514807
"prg","Old Prussian",0,3,30889.36425,230.2562256,4.285341024
"prh","Porohanon",23000,0,240.6241609,428.2952118,5.714023352
"pri","Paicî",7250,10,2325.631091,185.2553635,5.234513442
"prk","South Wa",799000,11,19399.09865,667.4255066,6.161703348
"prm","Kibiri",1180,2,101.7933199,1295.200195,5.687114239
"prn","Prasuni",8000,3,700.9467272,3118.088379,7.133195162
"prq","Ashéninka Perené",5500,5,1003.107975,3441.489746,7.12628746
"prr","Puri",0,3,91778.7211,667.2374268,5.329568863
"prs","Dari",7600000,16,144495.9945,1131.77356,5.912883759
"prt","Prai",41900,10,2988.159817,697.9358521,5.93449223
"pru","Puragi",700,5,554.2909386,748.3078003,5.628991604
"prw","Parawen",430,7,215.7314991,1726.859233,6.443741798
"prx","Purik-Sham-Nubra",37700,6,7735.772612,1977.630615,7.024127483
"psa","Asue Awyu",6500,8,3613.887262,949.4413681,3.638893485
"psh","Southwest Pashayi",100000,2,274.6271373,2508.574951,7.115778446
"psi","Southeast Pashayi",180000,4,643.7640381,3754.145508,7.082107067
"psm","Warázu",46,1,17692.14289,166.8622169,3.757497191
"psn","Panasuan",800,2,104.7104954,1543.032959,6.963805676
"psq","Pasi",360,2,59.16626816,798.9605103,5.861983538
"pss","Kaulong",4000,4,686.2123733,797.8806229,6.52510802
"pst","Central Pashto",6520000,5,35744.64404,1098.663513,6.172451258
"psw","Port Sandwich",1200,2,66.08033381,194.9789124,5.632886171
"psy","Piscataway",0,4,61280.47815,400.1926956,4.891275644
"pta","Pai Tavytera",600,3,23113.46612,253.0333366,4.586210966
"pth","Pataxó Hã-Ha-Hãe",2950,3,62173.64894,399.3658066,5.274619699
"pti","Pintiini",320,2,80925.86439,132.416769,3.863362789
"ptn","Patani",10600,2,332.5528064,328.8835449,5.694450378
"pto","Zo'é",150,1,568.3325462,189.7907639,4.530308962
"ptp","Patep",1700,4,108.5019398,1774.098022,7.179609299
"ptr","Piamatsina",150,4,199.8646116,170.2225342,6.111873627
"ptt","Enrekang",50000,5,1210.103176,1497.18335,6.643658161
"ptu","Bambam",22000,5,824.3135776,1180.764496,6.19587779
"ptv","Daakie",1300,4,107.1321974,209.6103821,5.640644073
"pty","Pathiya",1000,2,15.92335423,792.9188232,5.967473507
"pua","Western Highland Purepecha",135000,2,7978.680174,1371.843353,6.542906046
"pub","Purum",500,4,234.8805722,1198.009074,6.243370056
"pud","Punan Aput",370,6,3384.765571,529.5978394,6.153149128
"puf","Punan Merah",140,2,151.2663715,657.3613434,5.766428232
"pug","Phuie",14300,5,1240.50054,143.8329124,4.121711969
"pui","Puinave",2880,6,7044.833759,497.1435242,3.482318878
"puj","Punan Tubu",2000,12,5444.776814,917.8824463,6.214744568
"pum","Puma",6690,4,178.7982846,1668.700358,5.39727958
"puo","Ksingmul",26570,5,1081.330879,964.4109039,6.151949644
"pup","Pulabu",120,3,25.14335532,2141.664124,7.110357523
"pur","Puruborá",2,3,1741.823743,182.3853149,4.335450649
"puu","Punu",132060,10,16000.08702,427.1685791,5.422124147
"puw","Puluwatese",1360,0,6.87659366,0,2.948739529
"pux","Puare",35,3,313.6895022,589.8666229,6.021802902
"puy","Purisimeño",0,3,31.15884835,966.4089355,6.479181767
"pwa","Pawaia",4000,3,4339.78481,2047.476929,6.682682276
"pwb","Panawa",3500,2,67.15276641,679.3311615,5.087510467
"pwg","Gapapaiwa",3000,4,306.2150794,1136.979818,6.427420934
"pwm","Molbog",13680,1,358.3943994,152.7454996,5.034388423
"pwn","Paiwan",66100,4,2049.708441,1067.775024,6.851346731
"pwo","Pwo Western Karen",210000,2,7334.102155,78.54171753,3.421871901
"pwr","Powari",426000,6,9755.697957,439.1389465,5.312278509
"pww","Pwo Northern Karen",60000,5,7530.169228,792.6720174,6.021993796
"pye","Pye Krumen",20000,5,3333.947277,206.869194,4.345473766
"pym","Fyam",3000,4,371.8938948,679.3311615,5.087510467
"pyu","Puyuma",8490,4,403.9324382,1067.775024,6.851346731
"pyy","Pyen",600,4,54.58160384,654.8818359,6.228191376
"pzn","Para Naga",1500,6,170.3635994,1239.764343,6.267516017
"qua","Quapaw",34,1,60.46966556,236.6529846,4.222711563
"qub","Huallaga Huánuco Quechua",40000,4,4303.07066,2391.674988,6.504431963
"quc","K'iche'",2330000,11,5483.673502,2467.002197,7.073503494
"qud","Calderón Highland Quichua",25000,4,5189.753561,3627.70874,7.351883888
"quf","Lambayeque Quechua",20000,1,7660.241812,1876.823201,6.818966389
"qug","Chimborazo Highland Quichua",800000,4,14925.66798,2397.440613,6.902144909
"quh","South Bolivian Quechua",2785120,3,183326.4169,1265.365143,6.176325321
"quk","Chachapoyas Quechua",7000,2,2569.815946,2457.545166,6.653686643
"qul","North Bolivian Quechua",116000,2,11566.14254,2659.418945,6.480727673
"qum","Sipacapense",8000,1,24.54420681,1827.145874,6.792926431
"qun","Quinault",1500,2,4208.126319,914.3807707,6.26391077
"qup","Southern Pastaza Quechua",1550,3,9897.618506,237.2380829,3.714526415
"qur","Yanahuanca Pasco Quechua",20500,4,918.906104,3942.012451,7.233880281
"qus","Santiago del Estero Quichua",60000,1,113505.6168,250.5302448,4.023658395
"quv","Sacapulteco",15000,1,117.2391349,1956.420166,6.567015648
"quw","Tena Lowland Quichua",20000,4,8831.126845,2179.820499,5.99861896
"qux","Huangascar-Topara-Yauyos Quechua",6500,4,4636.079711,3756.615845,7.356271982
"quy","Ayacucho Quechua",900000,10,67282.43882,2989.457031,7.136571884
"quz","Cusco Quechua",1500000,7,51253.66414,2529.954742,6.819977283
"qva","Ambo-Pasco Quechua",90000,6,6408.849928,3775.171549,7.198016008
"qvc","Cajamarca Quechua",30000,1,5659.918275,3310.932129,7.344227314
"qve","Eastern Apurímac Quechua",200000,4,13759.18915,2485.811157,7.072540045
"qvh","Huamalíes-Dos de Mayo Huánuco Quechua",72400,3,5946.364426,3527.392578,7.203391552
"qvi","Imbabura Highland Quichua",150000,2,4624.559178,3627.70874,7.351883888
"qvj","Loja Highland Quichua",30500,1,1576.234545,2459.797424,6.811587572
"qvl","Cajatambo North Lima Quechua",7000,4,2614.606144,3218.171712,7.396360397
"qvm","Margos-Yarowilca-Lauricocha Quechua",83400,3,4052.322739,3942.012451,7.233880281
"qvn","North Junín Quechua",60000,6,10618.93443,3899.061035,7.195328236
"qvo","Napo Lowland Quechua",24000,7,28098.02857,61.33057785,3.47655654
"qvp","Pacaraos Quechua",250,2,1211.31575,4356.632324,7.264369011
"qvs","San Martín Quechua",15000,2,11478.51312,2058.283447,6.136586189
"qvw","Huaylla Wanca Quechua",250000,4,6731.334095,3827.83844,7.275800109
"qvy","Queyu",7000,3,1907.391842,1256.721527,6.644133329
"qvz","Northern Pastaza Quichua",10000,6,16110.76613,193.1027985,4.271639347
"qwa","Corongo Ancash Quechua",4000,4,1464.054873,3557.106323,7.493818283
"qwh","Huaylas Ancash Quechua",336000,6,10837.79273,3665.336548,7.423400402
"qws","Sihuas Ancash Quechua",6500,4,1022.826965,3353.430359,7.231247067
"qxa","Chiquián Ancash Quechua",10000,5,3658.642836,3364.448914,7.458122611
"qxc","Chincha Quechua",6000,1,648.547689,3756.615845,7.356271982
"qxh","Panao Huánuco Quechua",50000,4,3007.187831,3145.368011,6.849880099
"qxl","Salasaca Highland Quichua",14300,2,1225.861332,3251.627808,7.309440374
"qxn","Northern Conchucos Ancash Quechua",250000,5,2962.813069,3665.336548,7.423400402
"qxo","Southern Conchucos Ancash Quechua",250000,5,5025.158321,3665.336548,7.423400402
"qxp","Puno Quechua",500000,3,39009.12487,2747.611267,6.7137115
"qxq","Qashqa'i",1500000,2,53649.49624,1474.816162,6.39563036
"qxr","Cañar Highland Quichua",100000,2,5439.337798,2121.051987,6.744431496
"qxs","Southern Qiang",81300,3,9300.899364,2356.805298,6.656374931
"qxt","Santa Ana de Tusi Pasco Quechua",10000,3,253.3127273,3942.012451,7.233880281
"qxu","Arequipa-La Unión Quechua",18600,4,9634.525138,1913.101074,6.905229092
"qxw","Jauja Wanca Quechua",25000,5,6154.145812,3827.83844,7.275800109
"raa","Dungmali",6260,4,68.73118072,2185.364502,6.084828138
"rab","Camling",76800,12,990.5968757,2290.923584,5.830791116
"rac","Rasawa",200,2,109.5619654,833.0767212,6.126469135
"rad","Rade",177000,6,13535.83119,826.4927673,5.688061476
"raf","Western Meohang",0,3,77.38521823,2185.364502,6.084828138
"rag","Logooli",618300,4,7770.310971,907.3341064,6.076575994
"rah","Rabha",165000,3,1332.030653,2148.698242,6.4888134
"rai","Ramoaaina",10300,0,62.44206712,607.9211121,6.586853743
"rak","Tulu-Bohuai",1400,2,301.6221975,71.9605484,4.823676586
"ral","Ralte",900,2,323.9587511,958.3928223,5.987239361
"ram","Canela-Krahô",2500,1,5095.475461,191.9743614,4.691113472
"ran","Riantana",1100,1,1574.574578,19.42177343,2.216666937
"rao","Rao",6000,8,2047.571689,1692.247772,6.021868944
"rap","Rapanui",2400,1,178.0326904,NA,8.888057709
"raq","Saam",530,3,35.18807262,2185.364502,6.084828138
"rar","Southern Cook Island Maori",13100,0,210.1270647,NA,8.593495369
"ras","Tegali",35700,2,1336.765049,318.9863892,4.329707623
"rat","Razajerdi",0,4,2677.115515,1749.946976,6.709452748
"rau","Raute",460,0,470.6743121,3318.451416,6.2572155
"rav","Sampang",18300,6,175.7105952,2290.923584,5.830791116
"raw","Rawang",63000,11,21401.93498,2367.137512,7.032032251
"rax","Rang",0,1,2135.605874,971.9898071,5.629380584
"ray","Old Rapa",300,0,40.72216517,NA,7.58438921
"raz","Rahambuu",5000,2,415.1423938,1168.255086,6.554101308
"rbb","Rumai Palaung",140600,5,683.3059699,1145.008545,6.199895144
"rdb","Rudbari",0,2,1033.554787,2267.788818,6.853163242
"rea","Rerau",590,4,23.18278142,2141.664124,7.110357523
"reb","Rembong-Wangka",5000,6,746.1454044,307.4435997,5.198795259
"ree","Rejang Kayan",3030,8,1015.997885,685.4068807,5.679524263
"reg","Kara (Tanzania)",86000,1,163.7293957,215.312912,3.66335535
"rei","Reli",22000,1,967.3097189,768.8763428,5.91158843
"rej","Rejang",350000,6,5860.077875,1175.337524,6.297568639
"rel","Rendille",60000,4,15512.80519,762.7495321,5.748839378
"rem","Remo of the Moa river",0,1,6294.620221,286.2067566,4.303658843
"ren","Rengao",18000,8,1696.812619,1120.517181,6.200793028
"res","Reshe",44000,2,762.2361718,192.2290497,4.465442181
"ret","Reta",800,2,8.290539572,568.1637573,6.116060734
"rey","Reyesano",4850,1,16110.52824,1211.383698,4.521121979
"rga","Mores",75,4,74.67412434,175.2849884,5.868500948
"rgk","Rangkas",1014,1,4550.541823,2464.208374,5.817158461
"rgr","Resígaro",14,4,845.2260289,54.80110359,3.39160502
"rgs","Southern Roglai",41000,6,4389.800897,765.4150085,5.77738301
"rgu","Ringgou",12000,1,240.7684723,32.34194565,5.410171986
"rhg","Rohingya",1000000,7,1604.161572,713.7562561,5.842456818
"rhp","Yahang",1430,5,110.4952225,798.9605103,5.861983538
"ria","Riang (India)",77000,8,1739.496036,958.3928223,5.987239361
"rif","Tarifiyt-Beni-Iznasen-Eastern Middle Atlas Berber",1270000,4,17780.07904,1092.181763,6.205563545
"ril","Riang (Myanmar)",15500,4,19893.62196,888.3063965,5.93142271
"rim","Nyaturu",595000,9,12645.96711,790.0025024,5.884382963
"rin","Nungu",50000,14,550.7415397,877.9816895,5.435926914
"rir","Ribun",45000,6,1677.764975,390.8215942,4.79955101
"rit","Ritarungo",32,5,15088.68532,199.3791962,4.35604775
"riu","Riung",14000,3,430.7528091,361.9415741,5.114689469
"rjg","Rajong",6000,6,77.17154779,307.4435997,5.198795259
"rji","Raji",3760,2,995.2612229,2440.787272,5.844673475
"rjs","Rajbanshi",143000,11,2216.007048,1486.648926,5.096989155
"rka","Kraol",4200,1,49.39671025,516.9203491,4.629130602
"rkb","Rikbaktsa",40,2,4981.42185,197.9396515,4.286525249
"rkh","Rakahanga-Manihiki",320,0,11.75663072,NA,1.613289356
"rki","Rakhine",1000000,13,31596.03906,736.8203735,5.525948882
"rkm","Marka",225000,14,9828.599351,110.3108406,3.876575112
"rkt","Rangpuri",15000000,15,29412.96352,2413.652832,5.24168539
"rma","Rama",24,2,899.0531853,426.5102158,5.114431143
"rmb","Rembarrnga",36,6,6346.300035,308.0533142,4.756495476
"rmc","Carpathian Romani",111100,5,382.446006,794.1004486,5.537228703
"rme","Archaic Angloromani",90000,1,1633.142822,196.048645,4.218392849
"rmf","Kalo Finnish Romani",10000,2,29457.91394,114.6882172,4.047988415
"rmh","Murkim",290,4,828.7865096,1938.559672,6.375291348
"rmi","Lomavren",50,2,6106.349638,1636.477112,6.852830172
"rmk","Romkun",630,5,166.4922533,1692.247772,6.021868944
"rmm","Roma",1700,0,31.661629,133.3027325,5.138347387
"rmn","Balkan Romani",335300,3,554.5740216,437.9639626,4.780870378
"rmp","Rempi",1590,4,58.90344848,1746.354324,6.392463326
"rmt","Domari",1583000,9,96016.12676,1299.83094,5.219212413
"rmx","Romam",200,3,100.5427384,953.9423218,6.100522041
"rmy","Vlax Romani",4000,1,90.17988384,1149.94873,5.768107414
"rmz","Marma",180600,15,10827.58685,947.0452271,5.980243206
"rnd","Ruund",251500,7,56045.60028,246.6343536,4.572541714
"rng","Ronga",722000,4,5858.282613,650.5287781,5.439370871
"rnl","Halam",8000,0,1050.963062,614.9319763,4.887992859
"rnn","Roon",1100,0,65.2670748,777.1098429,6.014175733
"rnp","Rongpo",7500,5,5010.975964,3449.374512,7.141096115
"rnw","Rungwa",18000,2,482.4959089,904.9875488,6.165491581
"rob","Tae'",340000,8,3815.590723,1261.949554,6.6565274
"roc","Cacgia Roglai",3000,1,187.9689239,903.1016541,6.364617348
"rod","Rogo",0,0,20577.59055,260.3176613,4.469337821
"roe","Ronji",450,3,37.72239476,1796.082153,7.287487507
"rof","Rombo",0,4,695.4596444,897.7486115,6.023033738
"rog","Northern Roglai",52900,5,1562.484405,903.1016541,6.364617348
"roh","Romansh",35100,5,4079.992963,2079.681641,6.67594099
"rol","Romblomanon",94000,2,641.5770065,393.9503708,5.750282288
"ron","Romanian",23079000,9,284366.3349,880.7604675,6.100144386
"roo","Rotokas",4320,6,1314.8215,529.6743622,6.531032801
"rop","Kriol",4200,30,1348472.011,157.361393,4.057382643
"ror","Rongga",4000,2,81.05314487,499.3754578,6.195992231
"rou","Runga",43000,16,50609.2068,209.1870651,3.765937726
"row","Dela-Oenale",7000,2,132.3349125,32.34194565,5.410171986
"rpt","Rapting",330,3,16.08326786,1746.354324,6.392463326
"rri","Ririo",18,2,102.3311217,293.8354238,5.800726652
"rro","Waima",15000,6,586.8437707,1833.379211,7.185129404
"rth","Ratahan",500,3,408.5309204,479.0285797,6.316069841
"rtm","Rotuman",9000,0,42.40682929,0,2.150628567
"rtw","Rathawi",451000,6,7420.235522,303.4533005,4.81845212
"rub","Gungu",49000,2,913.8665515,817.0209961,5.688071251
"ruc","Ruuli",160000,4,3883.508473,611.4910583,4.989683151
"rue","Rusyn",614200,7,13329.42573,794.1004486,5.537228703
"ruf","Luguru",692000,5,3191.333698,911.5475159,5.795998693
"rug","Roviana",9870,4,958.5314243,173.9344635,5.439502239
"ruh","Ruga",0,1,383.0163796,1210.084686,5.138779879
"ruk","Che",100000,6,201.3016336,679.3311615,5.087510467
"run","Rundi",10000000,5,25112.41755,1305.614136,6.414527416
"ruo","Istro Romanian",300,3,6047.80816,1035.722748,6.293774009
"rup","Aromanian",88740,7,13902.4303,199.7159576,4.782826424
"ruq","Megleno Romanian",5000,3,504.8963275,1117.71875,6.472242355
"rut","Rutul",47400,5,898.9427671,2643.784424,7.20380497
"ruu","Lanas Lobu",0,3,373.474176,945.8967285,6.378071308
"rwa","Rawo",640,3,152.896872,589.8666229,6.021802902
"rwk","Rwa",90000,2,1129.20517,763.3223877,6.349441051
"rwm","Amba (Uganda)",40100,4,511.3889378,794.3045044,6.016417265
"rwo","Rawa",11500,5,842.3370225,2141.664124,7.110357523
"rwr","Marwari (India)",5622600,9,113300.989,186.8995762,3.956409872
"ryn","Northern Amami-Oshima",10000,1,530.8060734,56.97549629,4.704214096
"rys","Yaeyama",0,0,554.7395654,9.518356323,4.251394749
"ryu","Central Okinawan",984000,1,568.4219473,67.99426079,4.407504082
"saa","Saba",1340,6,1931.598722,102.617775,3.384601712
"sab","Buglere",18000,2,2504.906968,651.6162071,5.993423104
"sac","Meskwaki",200,1,207.9569436,234.9035912,4.248072147
"sad","Sandawe",40000,7,4899.5758,719.9277344,5.586494446
"sae","Sabanê",7,3,402.530752,324.0096207,4.76542449
"saf","Safaliba",4000,3,311.4132073,158.2308807,4.432243347
"sag","Sango",350000,4,60975.48426,133.7502899,4.002884388
"sah","Sakha",450000,4,1451789.46,1013.523417,5.657564163
"saj","Sahu",7500,2,302.2536994,268.3045845,5.856052995
"sak","Sake",1000,3,1473.655805,405.7998962,5.078851223
"sam","Samaritan Aramaic",620,6,1700.809968,744.2796631,6.180737019
"san","Sanskrit",14100,2,2833.782914,309.6602097,3.930590272
"sao","Sause",250,5,2602.777052,1447.895874,6.422052622
"saq","Samburu",237000,7,25677.90128,1080.644653,6.342787743
"sar","Saraveca",0,1,7515.938806,44.44042969,3.33589673
"sas","Sasak",2100000,1,4372.812044,399.4027748,6.046758652
"sat","Santali",6214900,14,44599.20202,419.8527578,4.566985766
"sau","Saleman",4800,4,175.5948149,444.5083084,5.685680389
"sav","Saafi-Saafi",200000,2,374.7298242,33.80359268,3.26093936
"saw","Sawi",3500,5,1573.247059,582.7323101,3.482729435
"sax","Sa",2500,2,141.1222295,235.062912,5.705207348
"say","Saya",300000,7,1187.304279,819.1970825,5.055850029
"saz","Saurashtra",185000,1,5970.368735,725.8353271,5.43636632
"sba","Ngambay",896000,18,17228.52483,192.6016693,4.147084236
"sbb","Simbo",2700,2,20.4675529,282.933665,5.672062238
"sbc","Kele (Papua New Guinea)",600,4,81.71563298,71.9605484,4.823676586
"sbd","Southern Samo",85000,6,2708.646773,73.01692963,3.616803885
"sbe","Saliba",2500,4,66.23540582,546.0430298,5.457081159
"sbf","Shabo",400,2,391.1510558,1593.135986,6.235617161
"sbg","Seget",1200,3,1557.562524,467.0240631,5.493963361
"sbh","Sori-Harengan",570,1,2.182620579,71.9605484,4.823676586
"sbi","Seti",160,4,30.29636567,798.9605103,5.861983538
"sbj","Surbakhal",7890,3,383.9075747,310.9770355,4.592035055
"sbk","Safwa",158000,6,4269.964529,1157.950684,6.386398315
"sbl","Botolan Sambal",32900,3,613.4052583,365.1020508,6.060136954
"sbm","Sagala",79000,5,7835.19337,1344.842285,6.271895409
"sbn","Sindhi Bhil",56500,2,4261.73955,326.743391,4.032702506
"sbp","Sangu (Tanzania)",75000,6,10148.94418,1025.153687,6.011424422
"sbq","Sirva",260,3,200.4523115,1692.247772,6.021868944
"sbr","Sembakung Murut",3180,5,3483.398709,741.8042297,5.790132999
"sbs","Subiya",30950,10,16566.02589,289.1398163,4.220128179
"sbt","Kimki",500,3,1040.568909,1938.559672,6.375291348
"sbu","Stod Bhoti",2500,4,1042.031628,2684.258057,6.88186121
"sbw","Simba",3000,1,405.9994449,429.4314804,5.028201938
"sbx","Seberuang",37000,5,7137.663327,438.2345581,5.193308115
"sby","Soli",34100,5,10505.96404,669.2403107,5.561603308
"sbz","Sara Kaba",13600,9,12173.5584,273.2289734,4.232069016
"scb","Chut",1250,4,473.561873,547.9903641,5.728752613
"sce","Dongxiang",200000,3,2439.147416,1500.960632,6.403702497
"scg","Sanggau",45000,7,4465.489526,390.8215942,4.79955101
"sch","Sakachep",25000,5,3083.258767,1783.800964,6.549396992
"sck","Sadri",3291180,17,16888.62973,481.947052,5.178562403
"scl","Shina",371400,11,11572.42122,2262.33609,7.008970261
"scn","Sicilian",4700000,1,25641.11817,694.132019,6.23347199
"sco","Scots",100000,5,72275.01062,372.2528763,5.494376659
"scp","Lamjung-Melamchi Yolmo",10200,3,594.016593,4157.593262,7.131325722
"scq","Sa'och",10,1,5.957003758,415.3712463,5.842220783
"scs","North Slavey",230,1,339.4785515,887.380249,6.11572051
"scu","Shumcho",2170,2,418.3693286,3497.702759,6.824623346
"scv","Sheni",6,0,1.67678975,679.3311615,5.087510467
"scw","Sha",3000,5,147.3288868,877.9816895,5.435926914
"sda","Toraja-Sa'dan",750000,3,3213.499076,1520.108154,6.803731918
"sdb","Shabak",10000,2,13488.83903,1147.256996,5.458137274
"sdc","Sassarese Sardinian",100000,2,908.4600276,399.9194234,6.20719099
"sde","Vori",7170,5,27.80502839,539.4652405,5.119170904
"sdf","Sarli",0,3,9130.737648,1147.256996,5.458137274
"sdg","Savi",3000,2,929.3033875,2698.743225,7.037541389
"sdh","Southern Kurdish",3000000,6,52349.71611,1192.038513,5.49893117
"sdj","Suundi",121000,11,10408.35008,392.351059,5.151628256
"sdm","Onya Darat",20000,6,3980.384629,255.9928258,4.409899235
"sdn","Gallurese Sardinian",100000,2,1655.917202,455.8967896,6.322826624
"sdo","Bukar-Sadung Bidayuh",49100,5,1654.800386,330.5325775,4.820478439
"sdp","Mey",3100,3,282.6848537,2793.595825,6.820150375
"sdr","Oraon Sadri",166000,7,9774.393866,1227.254517,3.733649731
"sdu","Sarudu",4000,2,200.751589,1543.032959,6.963805676
"sdx","Sibu Melanau",420,1,248.2869322,281.2333984,4.381498277
"sea","Semai",10000,9,9722.103523,769.8673401,6.068703651
"sec","Sechelt",15,1,11.02717527,1595.378906,6.572002411
"sed","Sedang",97000,6,1596.667603,1120.517181,6.200793028
"see","Seneca",100,1,532.1159821,404.0722046,4.838994265
"sef","Cebaara Senoufo",862000,12,33446.61196,116.2863083,3.983580351
"seg","Segeju",7000,1,201.7549127,620.7015559,5.137355328
"seh","Sena",1340000,10,82365.14286,541.0980377,5.380614281
"sei","Seri",900,1,1648.193837,700.3862305,5.923715115
"sek","Sekani",60,1,671.6743284,1205.580322,6.15202117
"sel","Selkup",1020,2,40342.75437,92.43079567,3.527837753
"sen","Nanerigé Sénoufo",50000,9,3152.563346,130.7380962,3.981413066
"seo","Asabano",140,2,435.3225577,1635.051239,6.233786583
"sep","Sìcìté Sénoufo",38000,11,2112.008453,146.390686,4.133498907
"seq","Senara Sénoufo",50000,10,1488.913911,146.390686,4.133498907
"ses","Koyraboro Senni Songhai",430000,8,12204.61963,77.9621582,3.522578478
"set","Sentani",30000,5,361.1004475,1018.881248,6.221927762
"seu","Serui-Laut",1200,3,25.67065864,370.4379883,5.775818348
"sev","Nyarafolo Senoufo",60000,5,1504.712,137.2888374,4.139882445
"sew","Sewa Bay",1520,2,224.3822201,425.5939465,5.18411243
"sey","Secoya",1230,3,5180.515193,63.52326012,3.397704124
"sez","Senthang Chin",33000,6,2368.558751,1138.572601,5.978859425
"sfm","Gha-mu",84000,3,1827.469848,1079.429749,5.927743912
"sfw","Sehwi",250000,4,6532.149022,189.4821472,4.355995655
"sgb","Mag-Anchi Ayta",8200,3,145.0868538,604.4528809,6.177906871
"sgc","Kipsigis",1916000,7,7491.622523,1108.475586,6.166273594
"sge","Segai",2000,9,7810.270369,390.2081451,5.748175621
"sgh","Shughni",80000,3,11033.68465,2610.538452,7.08281064
"sgi","Nizaa",10000,2,1778.51284,1034.859375,5.908438921
"sgk","Sangkong",1500,2,1575.179925,658.2971191,6.076313376
"sgm","Singa",0,1,12004.80146,253.5114899,3.505756617
"sgp","Northern Jinghpaw",2500,2,701.0761461,2686.365173,6.832620025
"sgr","Sangisari",36000,2,20.22043716,1810.253906,6.719725609
"sgt","Brokpake",5000,5,478.1961613,2694.639954,6.778354883
"sgu","Salas",50,1,123.7930139,459.6203003,5.37883687
"sgw","Sebat Bet Gurage",440000,6,2053.450879,1271.113586,6.635544538
"sgz","Sursurunga",3000,3,722.5853679,574.2534485,5.739053726
"sha","Shall-Zwall",8900,2,38.83072963,679.3311615,5.087510467
"shb","Ninam",900,6,25339.62392,850.8426361,5.844162941
"shc","Sonde",96000,4,4075.255582,383.2962265,5.032538176
"she","Sheko",38400,6,1971.05169,1593.135986,6.235617161
"shg","Shua",6000,8,28672.1659,152.1650848,4.232840538
"shh","Shoshoni",1000,3,6816.883454,1379.265869,6.247865915
"shi","Tachelhit",3890000,3,119811.6612,1765.562744,6.758160591
"shj","Shatt",15000,6,522.3054997,306.5653992,4.566905975
"shk","Shilluk",175000,2,14549.18016,210.3090242,3.45530208
"shl","Shendu",0,7,281.4885003,947.0452271,5.980243206
"shm","Shahrudi",0,4,2363.723896,2464.663208,7.057661533
"shn","Shan",3295000,36,111923.8974,964.5731659,6.10660708
"sho","Shanga",6000,2,488.4240648,192.2290497,4.465442181
"shp","Shipibo-Conibo",26000,7,32383.14401,433.0661621,4.777738571
"shq","Sala",23500,5,3488.712758,563.7080383,5.257372141
"shr","Shi",654000,7,5445.110422,978.7523041,6.139311314
"shs","Shuswap",680,3,843.6557819,1177.316162,6.495517254
"sht","Shasta",12,4,18015.6747,1332.94989,6.323225021
"shv","Jibbali",25000,3,10905.17368,614.2197571,5.374177933
"shw","Shwai",3500,4,236.3417847,321.7355499,4.469157696
"shx","She",910,1,380.36818,340.4728012,5.482842803
"shy","Chaouia of the Aures",1400000,2,37492.0352,1055.54189,5.942117532
"sia","Akkala Saami",100,4,40131.05429,323.9476776,4.566107035
"sib","Sebop",1730,2,683.3708845,657.9857178,5.671733379
"sid","Sidamo",2980000,3,4845.477298,1345.032532,6.491529465
"sie","Simaa",16700,8,14201.86741,94.64265823,3.341811776
"sif","Siamou",20000,4,325.1645342,183.5507813,4.371095181
"sig","Paasaal",36000,3,2137.789995,154.2644596,4.186808705
"sii","Shom Peng",400,1,164.6364729,346.5465088,3.841431856
"sij","Numbami",200,2,40.57956189,1599.836121,7.183611393
"sil","Tumulung Sisaala",105000,4,2604.527749,146.0436668,4.053298473
"sim","Mende (Papua New Guinea)",5700,6,85.18670419,798.9605103,5.861983538
"sin","Sinhala",15500000,5,53976.21348,540.9911804,5.76629591
"sip","Sikkimese",70300,9,2960.435366,2267.704285,6.077709556
"siq","Sonia",400,3,42.79113576,1536.624977,5.357548356
"sir","Siri",3800,7,626.4385392,567.3654785,4.772120476
"sis","Siuslaw",0,1,1286.439264,557.7068195,6.089999557
"siu","Galu",330,3,22.76356111,798.9605103,5.861983538
"siv","Sumariup",80,2,61.89981619,1519.695343,6.334013462
"siw","Siwai",6600,5,613.8094517,528.4359436,6.328845263
"six","Sumau",2580,3,90.39643575,2141.664124,7.110357523
"siy","Sivandi",7030,1,10599.85087,1386.730545,6.135897636
"siz","Siwi",20000,0,278.5922276,160.646101,3.778628767
"sja","Epena",3750,2,4574.245716,2187.83345,6.814376712
"sjb","Sajau-Latti",6000,10,3419.937432,560.1621628,5.722575784
"sjd","Kildin Saami",350,4,42366.64941,140.4462605,4.495681167
"sje","Pite Saami",20,2,1477.44551,693.9372355,5.821950912
"sjg","Assangori",23500,5,1628.329702,338.9927673,4.626244068
"sjl","Sajolang",6500,4,863.1022705,2793.595825,6.820150375
"sjm","Mapun",58000,5,200.1200308,343.120533,5.322849512
"sjo","Xibe",30000,3,2520.489525,2245.484924,7.191614628
"sjp","Surjapuri",1220000,3,13165.07346,435.79916,4.368758202
"sjr","Siar-Lak",2080,3,1434.532752,565.2432938,6.188896656
"sjs","Senhaja De Srair",50000,3,2044.706681,1055.270996,6.470802784
"sjt","Ter Saami",350,1,24626.07234,216.9992981,4.365694046
"sju","Ume Saami",20,1,726.2257141,590.5176544,5.289425254
"sjw","Shawnee",200,1,285.7280077,218.9398142,4.169800758
"skb","Saek",14730,6,485.1090812,560.4651413,5.14374578
"skc","Ma Manda",1500,3,36.55722024,1785.090088,7.233548403
"skd","Southern Sierra Miwok",7,4,13038.5581,1510.303223,6.394557476
"ske","Seke (Vanuatu)",300,2,32.31238254,235.062912,5.705207348
"skf","Mekens",25,1,98.87609832,258.3038635,4.3150177
"skg","West Malagasy Sakalava",350000,6,157791.9869,669.9896393,5.608988523
"skh","Sikule",20000,1,714.5144764,820.7626953,5.649273396
"ski","Sika",175000,4,1212.987236,360.5584488,5.500368655
"skj","Seke (Nepal)",700,1,10.39814965,3076.701721,6.772862434
"skm","Sakam",1300,5,212.2071666,1785.090088,7.233548403
"skn","Kolibugan Subanon",20000,3,1449.671364,401.425827,5.955795288
"sko","Seko Tengah",2500,4,188.3794241,1543.032959,6.963805676
"skp","Sekapan",750,1,106.7990299,554.0105858,5.379591703
"skq","Sininkere",6000,0,0.078628676,62.74300766,3.497821569
"skr","Saraiki",13968000,10,64567.51153,1043.705322,4.467589855
"sks","Maia",4350,6,569.2673715,1692.247772,6.021868944
"skt","Sakata",75000,7,17623.00382,145.2298813,3.843743384
"sku","Wanohe",4000,4,342.1751023,215.368988,5.940822124
"skv","Skou",700,3,248.483304,589.8666229,6.021802902
"skw","Skepi Creole Dutch",0,0,12547.34744,447.1878662,4.402245522
"skx","Seko Padang",5000,2,266.1715365,1543.032959,6.963805676
"sky","Sikaiana",730,0,5.435313848,83.34767151,NA
"skz","Sekar",450,2,40.20293274,523.0792236,5.794586897
"slc","Sáliba",1550,6,2484.970111,221.4395657,3.762101054
"sld","Sissala of Burkina Faso",13000,5,1214.681057,104.1150436,3.872328758
"sle","Sholaga",24000,1,1065.232681,792.9188232,5.967473507
"slg","Selungai Murut",1240,3,818.1534173,931.8895874,6.296407938
"slh","Southern Puget Sound Salish",210,2,217.4343339,1214.213806,6.236890554
"sli","Lower Silesian",12000,2,13549.21941,336.840662,4.689594507
"slk","Slovak",4839890,8,45073.43249,668.60495,5.487535238
"sll","Salt-Yui",6500,3,145.0796706,2047.476929,6.682682276
"slm","Pangutaran Sama",35200,0,144.2156208,150.5992498,4.915289243
"sln","Salinan",0,6,12624.27061,1093.328674,6.228307009
"slp","Lamaholot",180000,4,961.0173,360.5584488,5.500368655
"slr","Salar",70000,10,4356.054119,1386.91925,6.419873714
"slt","Sila",2480,8,450.4977307,622.6634216,5.999526501
"slu","Selaru",8000,1,335.3665637,40.58504486,4.26024135
"slv","Slovenian",2052520,6,49129.27739,828.0290833,6.209494591
"slw","Sialum",400,3,37.86278793,1402.202866,6.950956821
"slx","Salampasu",60000,9,13206.04577,252.4068909,4.486700773
"sly","Selayar",128000,3,849.7463431,218.613163,5.060169399
"slz","Misool-Salawati Ma'ya",4000,4,889.1126471,438.9526774,5.193512599
"sma","South Saami",600,2,1617.154942,469.7868805,5.347497106
"smb","Simbari",3040,5,1405.066077,1690.902893,6.805873156
"smc","Som",80,3,49.86606591,1785.090088,7.233548403
"smd","Sama",24200,3,11954.3271,398.1206055,5.724308729
"sme","North Saami",20700,5,8162.563675,385.463974,5.00637877
"smf","Auwe",410,1,93.8529838,988.9312134,6.103123665
"smg","Simbali",450,4,883.3512818,607.9211121,6.586853743
"smh","Samei",20000,4,4190.243771,1074.410919,6.580397606
"smj","Lule Saami",2000,3,886.9719775,441.2064743,5.747155905
"smk","Bolinao",51200,1,273.4838756,338.713623,6.29706049
"sml","Central Sama",105000,2,1253.894168,314.2015247,4.907631397
"smm","Musasa",50000,0,766.9315632,2290.923584,5.830791116
"smn","Inari Saami",300,4,7554.221821,262.9361674,5.029506207
"smo","Samoan",255700,0,3086.711071,147.7153155,4.781387011
"smp","Samaritan",620,2,2875.890424,755.6343079,5.976591349
"smq","Samo",900,4,627.4898637,1536.624977,5.357548356
"smr","Simeulue",30000,1,1401.080698,820.7626953,5.649273396
"sms","Skolt Saami",650,8,35199.19687,223.2819328,4.708046675
"smt","Simte",10200,1,327.264206,1087.531616,6.082821131
"smu","Somray of Battambang-Somre of Siem Reap",4100,1,2493.59606,481.3456573,5.4655509
"smv","Samvedi",0,3,3340.533893,484.1036835,5.163184881
"smw","Sumbawa",300000,1,8157.191172,394.3723882,6.320110957
"smx","Ntsambaan",4200,3,1115.441918,395.6172333,5.166785717
"smy","Semnani-Biyabuneki",60000,1,240.4450373,1810.253906,6.719725609
"smz","Simeku",3000,6,188.7222513,528.4359436,6.328845263
"sna","Shona",10723700,20,219850.2587,623.9925232,5.315204144
"snb","Sebuyau",9000,5,787.4715154,270.2435608,4.841405869
"snc","Sinaugoro",18000,7,2253.905074,1382.009145,6.969437599
"snd","Sindhi",20200000,16,148928.3647,372.2901586,4.07318306
"sne","Bau-Jagoi Bidayuh",29200,5,1324.880429,168.6088257,4.876203299
"snf","Noon",32900,1,198.8064493,33.80359268,3.26093936
"sng","Sanga (Democratic Republic of Congo)",431000,5,28168.93112,671.4255829,5.644335032
"sni","Sensi",0,1,3502.558072,433.0661621,4.777738571
"snk","Soninke",2009000,8,60936.31881,249.6014252,4.430566788
"snl","Sangil",15000,0,53.88823023,483.7846069,6.420726776
"snm","Southern Ma'di",60000,5,2280.314044,744.5487366,5.638368845
"snn","Siona-Tetete",500,1,2996.050726,1044.319763,4.211403728
"snp","Siane",29000,9,554.4497987,2047.476929,6.682682276
"snq","Sangu (Gabon)",20900,4,5347.411483,553.1541138,5.5032897
"snr","Sihan (Gum)",570,2,19.76940529,2141.664124,7.110357523
"sns","Nahavaq",600,3,55.04090737,194.9789124,5.632886171
"snu","Senggi",250,6,253.7497062,1651.89798,6.48093915
"snv","Sa'ban",1960,7,1041.133401,917.8824463,6.214744568
"snw","Selee",11300,3,72.50963217,461.5729065,5.104887962
"snx","Sam",780,4,76.04158758,2141.664124,7.110357523
"sny","Saniyo-Hiyewe",1300,6,596.8496932,1635.051239,6.233786583
"snz","Kou",500,5,191.232398,2141.664124,7.110357523
"soa","Thai Song",32300,1,218.1641219,512.3186646,5.579435349
"sob","Sobei",1000,2,116.6541477,577.4098816,5.764941692
"soc","So (Democratic Republic of Congo)",6000,5,1083.093516,127.5685908,4.043979406
"sod","Songoora",1300,7,12229.38411,223.3026733,4.056393147
"soe","Ohendo",50000,4,9244.06752,115.1385803,4.168966293
"soh","Aka",300,1,53.74850701,265.3832703,4.165363312
"soi","Sonha",580,1,32.35329649,2464.208374,5.817158461
"sok","Sokoro",5000,4,2953.358425,126.4101944,3.388356566
"sol","Solos",3200,2,356.562057,529.6743622,6.531032801
"som","Somali",13753000,14,940213.243,401.4485474,5.083375692
"soo","Nsong",13000,2,935.5848673,296.8771019,4.654328048
"sop","Songe",1000000,14,60737.62086,248.2213287,4.566764116
"soq","Kanasi",2200,7,928.1631717,925.5508041,6.496482968
"sor","Somrai",7410,5,2338.097197,146.0641836,3.692635695
"sos","Seeku",17000,6,919.6982044,183.5507813,4.371095181
"sot","Southern Sotho",5620000,7,122787.1687,946.215271,5.489089489
"sou","Southern Thai",4500000,9,58131.60635,210.178304,5.323208332
"sov","Sonsorol",360,0,7.329853094,NA,2.028022528
"sow","Sowanda",1180,6,198.2270676,988.9312134,6.103123665
"sox","So (Cameroon)",9000,5,767.0276222,209.9494362,4.268393397
"soy","Miyobe",8700,6,583.8460198,249.3304253,4.490468264
"soz","Temi",30000,1,883.4097456,1102.01001,6.171051979
"spb","Sepa (Indonesia)",2600,4,118.7914192,542.2864838,6.182824612
"spc","Sapé",5,4,3572.415942,936.711263,6.016237418
"spd","Saep",550,4,197.9724024,2141.664124,7.110357523
"spe","Sepa (Papua New Guinea)",700,2,2.766337173,1692.247772,6.021868944
"spg","Sihan",50,2,66.13895092,554.0105858,5.379591703
"spk","Sengo",520,2,12.59105124,608.9898071,5.62084341
"spl","Selepet",7000,4,252.2159637,1394.412415,6.872071266
"spm","Sepen",650,3,87.59610414,897.2494507,5.110510349
"spo","Spokane",2,2,564.9368239,1071.970367,6.132845163
"spp","Supyire Senoufo",350000,10,11726.2816,125.1158778,3.929768642
"spr","Saparua",10200,1,170.2045019,473.8993835,6.308526993
"sps","Saposa",1400,0,25.63136736,529.6743622,6.531032801
"spt","Spiti Bhoti",10000,4,1578.249455,2684.258057,6.88186121
"spu","Sapuan",2400,8,927.1873488,911.9693909,6.132511139
"spv","Sambalpuri",519000,2,17269.26627,623.9226074,5.378847361
"spy","Sabaot",241000,3,1661.177035,938.9922981,5.148241937
"sqa","Shama-Sambuga",5000,3,95.75575468,293.8304596,4.860445976
"sqh","Shau",0,3,66.48789106,679.3311615,5.087510467
"sqm","Suma",50000,4,5361.781631,370.7520752,4.436146259
"sqo","Sorkhei",10000,1,45.91918293,1810.253906,6.719725609
"sqq","Sou",2360,4,353.2764563,624.1397247,5.410883904
"sqt","Soqotri",57000,0,3803.383863,274.5310593,5.885347128
"squ","Squamish",70,1,22.58338259,1595.378906,6.572002411
"sra","Saruga",130,6,35.25242842,1746.354324,6.392463326
"srb","Sora",253000,2,8404.022933,485.7597847,5.558024049
"src","Logudorese Sardinian",500000,4,9643.412519,420.5716324,6.203751564
"sre","Sara Bakati'",4000,4,768.4729679,213.9834766,4.625504255
"srf","Nafi",160,3,6.002164577,1785.090088,7.233548403
"srg","Sulod",14000,2,145.5442395,445.7074127,5.946660519
"srh","Sarikoli",16000,2,398.4091492,2668.199554,6.85893929
"sri","Siriano",217,7,1039.921061,80.182827,3.581890821
"srk","Serudung Murut",0,3,319.3216258,741.8042297,5.790132999
"srl","Isirawa",1800,4,794.3147465,577.4098816,5.764941692
"sro","Campidanese Sardinian",500000,1,11613.56666,385.2464752,6.084676504
"srq","Sirionó",400,1,1072.64098,232.9357872,3.752821803
"srr","Sereer",1161900,5,10066.38269,40.70499039,3.087294102
"srs","Sarsi",170,1,225.1443308,991.9133301,5.766187429
"srt","Sauri",100,3,162.9923819,1179.54332,6.396161437
"sru","Suruí",1010,1,3068.698582,216.964653,4.39515996
"srv","Waray Sorsogon",185000,3,952.6951879,188.1075287,5.224923372
"srx","Sirmauri",400000,1,2396.515535,2892.056763,5.672541618
"sry","Sera",510,3,62.93886189,512.5372391,4.709376335
"srz","Shahmirzadi",0,2,37.07750542,1810.253906,6.719725609
"ssb","Southern Sama",215000,12,2773.458465,551.7188721,5.283858061
"ssc","Suba-Simbiti",113000,4,1133.489524,671.4438934,4.875414789
"ssd","Siroi",1310,3,138.6107525,2141.664124,7.110357523
"sse","Balangingi",85000,5,320.8197558,324.1733856,4.771843433
"ssf","Thao",5,0,0.101202462,1115.238464,6.764695644
"ssg","Seimat",1000,0,23.4978086,36.89380264,0.414865971
"ssi","Sansi",76200,3,5705.420422,217.5131683,3.424196362
"ssj","Sausi",93,3,76.31440253,2141.664124,7.110357523
"ssk","Sunam",560,4,271.0714211,2706.049683,6.770043055
"ssl","Western Sisaala",30000,4,1617.995938,104.1150436,3.872328758
"ssm","Semnam",670,1,71.94092043,621.3249054,5.961712599
"ssn","Waata",12600,8,1894.851355,1089.759033,5.97228086
"sso","Sissano",300,2,31.00948894,512.5372391,4.709376335
"sss","Sô",188000,16,9946.393291,515.1317444,5.389904261
"sst","Sinasina",50100,5,184.2388911,2047.476929,6.682682276
"ssu","Susuami",10,1,0.737330472,1774.098022,7.179609299
"ssv","Ngen",450,6,315.2103824,205.1739502,5.786854148
"ssw","Swati",2324200,6,36490.49833,1227.878418,6.018404007
"ssx","Samberigi",3130,4,466.6347005,1877.011841,6.338659883
"ssy","Saho",223800,2,19798.53023,2193.132568,6.559077263
"ssz","Sengseng",1750,2,266.0400636,588.6494242,6.193855286
"stb","Northern Subanen",85400,3,873.4448254,478.0950623,6.059807301
"ste","Liana-Seti",3000,4,1008.721155,444.5083084,5.685680389
"stf","Seta",180,3,106.1200273,798.9605103,5.861983538
"stg","Trieng",15000,4,158.9956903,935.0294647,6.20267415
"sti","Bulo Stieng",51540,6,4449.273678,630.6681976,4.881154776
"stj","Matya Samo",105000,9,2588.036655,128.8001887,4.047218561
"stk","Arammba",970,5,3708.828145,128.5826073,2.996761799
"stm","Setaman",280,2,87.12194398,2471.141968,6.605589628
"stn","Owa",8410,1,139.3589827,258.8673553,5.491660595
"sto","Stoney",3160,1,972.293083,1150.797424,6.054952145
"stp","Southeastern Tepehuan",10600,4,3554.26888,1366.285812,6.426419735
"stq","Ems-Weser Frisian",1000,1,5337.220969,196.0755472,3.950217168
"str","Northern Straits Salish",25,1,161.5182467,1642.336121,6.575671911
"sts","Shumashti",1000,1,9.017600834,3754.145508,7.082107067
"stt","Budeh Stieng",40000,4,2470.666485,630.6681976,4.881154776
"stu","Samtao",13080,3,10993.57979,681.3897298,6.149549484
"stv","Silt'e",935000,8,2091.797281,1295.051107,6.685487111
"stw","Satawalese",460,0,1.181750703,NA,NA
"sua","Sulka",2500,5,449.6625583,607.9211121,6.586853743
"sub","Suku",50000,8,13893.19668,382.094574,5.064885855
"suc","Western Subanon",125000,3,3083.970482,401.425827,5.955795288
"sue","Suena",3600,2,234.5037543,1599.836121,7.183611393
"sug","Suganga",350,2,399.8482831,1750.407135,6.133559704
"sui","Suki",3510,6,5039.302243,320.3540726,3.526711643
"suj","Shubi",153000,8,7257.321508,373.858963,4.745155811
"suk","Sukuma",5430000,15,50453.6832,250.3339615,4.098307371
"sun","Sundanese",34000000,3,37177.73623,745.2609863,6.647245884
"suq","Tirma-Chai",26900,5,1934.631656,1325.919434,6.044336557
"sur","Mwaghavul",295000,11,1431.871681,877.9816895,5.435926914
"sus","Susu",1028000,11,29997.56319,375.8631287,5.085823298
"sut","Subtiaba",5000,4,17256.08022,778.0020142,5.956783533
"suv","Eastern Puroik",20000,4,3076.186979,2793.595825,6.820150375
"suw","Sumbwa",191000,5,13607.63642,352.9113312,4.63234973
"suy","Suyá",350,1,973.1480509,86.04976654,3.63779974
"suz","Sunwar",38200,6,973.1597356,2290.923584,5.830791116
"sva","Svan",15000,3,2856.433672,2189.638916,6.476007938
"svb","Ulau-Suain",2800,3,81.22028851,435.2078552,3.396949768
"sve","Serili",330,1,8.986792954,64.12904263,3.995591462
"svs","Savosavo",2420,0,34.79162345,383.1600037,5.952130795
"swb","Maore Comorian",92800,1,381.4303643,114.7866745,3.507686973
"swc","Congo Swahili",2000,12,478162.6403,761.4921875,5.936106682
"swe","Swedish",9111000,14,460043.5336,317.1008301,5.01670599
"swf","Sere",2500,1,57.44223842,148.8387553,3.919337511
"swg","Swabian",819000,3,11713.41762,548.8693848,5.458192348
"swh","Swahili",15333360,15,42479.74924,1463.125351,6.260917068
"swi","Sui",300120,13,3055.617004,490.9567413,5.693655252
"swj","Sira",39400,9,14447.8493,407.9687958,5.080605507
"swk","Malawi Sena",270000,5,2136.808208,700.2528687,5.698147774
"swm","Samosa",90,4,25.24356016,1746.354324,6.392463326
"swo","Shanenawa",9,1,186.8102651,88.57416439,3.641726673
"swp","Suau",6800,7,617.7380091,770.5269775,6.172872066
"swq","Sharwa",5100,5,84.44688817,467.9548645,5.13854599
"swr","Saweru",300,0,5.703800502,370.4379883,5.775818348
"sws","Seluwasan",2840,0,516.1361359,53.47127247,4.226109266
"swt","Sawila",3000,2,103.3416274,777.1521912,6.346073627
"swu","Suwawa",5000,4,1833.695242,553.7558899,6.374231815
"swv","Shekhawati",3000000,6,27775.08102,239.9508667,3.90752244
"sww","Sowa",20,0,49.67929718,235.062912,5.705207348
"swx","Suruahá",140,0,1919.554587,55.68858051,3.102895081
"swy","Sarua",2000,2,409.9250399,52.98921204,2.783738613
"sxb","Suba",139000,1,673.6381732,671.4438934,4.875414789
"sxe","Sighu",1000,3,236.6468878,352.966362,4.661385536
"sxg","Shixing",1800,1,1521.340582,1626.012451,6.83608532
"sxn","Sangir",255000,2,1270.188587,131.1518555,4.477136612
"sxr","Saaroa",10,0,0.141254825,1091.506744,6.808021188
"sxs","Sasaru",12500,5,51.48441966,351.4570923,5.167666912
"sxu","Central East Middle German",2000000,1,18166.83364,383.6277924,4.716386
"sxw","Saxwe Gbe",170000,8,603.4810451,204.5183252,4.716890335
"sya","Siang",60000,4,4367.204853,627.9622192,5.747555256
"syb","Central Subanen",140000,6,5428.174511,478.0950623,6.059807301
"syc","Classical Syriac",0,1,3980.379623,1154.330612,6.093392491
"syi","Seki",14690,5,589.2087772,546.5205688,5.636936188
"syk","Sukur",14800,8,45.01015481,430.8778992,4.921094418
"syl","Sylheti",10000000,13,11532.12126,614.9319763,4.887992859
"sym","Maya Samo",38000,4,1601.095414,119.3979073,4.002654672
"syn","Senaya",60,2,18560.72385,1955.496033,6.874408007
"syo","Suoy",860,1,138.446912,350.5873375,4.519115448
"sys","Sinyar",12300,3,484.3506683,333.6728973,4.609037161
"syw","Kagate",100,1,49.49209481,2290.923584,5.830791116
"sza","Semelai",4100,7,7513.167674,300.0320492,4.671414137
"szb","Ngalum",18000,12,2726.797099,1920.527695,5.931137681
"szc","Semaq Beri",2000,5,13159.27335,551.4672623,5.756091595
"sze","Seze",3000,4,528.6498256,842.1214752,5.173355261
"szg","Sengele",17000,5,6568.360876,104.2746124,3.735375643
"szl","Silesian",60000,2,58690.12478,177.2283211,4.167032242
"szn","Sula",20000,1,874.9895353,264.7871017,5.968588114
"szp","Suabo",1100,1,352.6776928,748.3078003,5.628991604
"szv","Isu (Fako Division)",800,2,154.3081206,770.6917623,6.240294456
"szw","Sawai",12000,4,1240.835371,269.3351364,5.764955997
"taa","Lower Tanana",15,0,739.8010526,1264.411682,5.90425849
"tab","Tabasaran",126000,5,890.6657142,2643.784424,7.20380497
"tac","Lowland Tarahumara",10000,3,2953.786436,1470.593155,6.232398033
"tad","Tause",300,10,2849.288809,1179.54332,6.396161437
"tae","Tariana",100,4,1388.307925,83.15193558,3.287874699
"taf","Tapirapé",560,1,1876.610206,169.9431343,4.088597775
"tag","Tagoi",13000,2,1207.62251,282.9220238,4.418931842
"tah","Tahitian",63000,0,1660.075004,128.2289448,4.56224215
"taj","Eastern Tamang",1197500,19,10443.42793,2396.482666,5.576754093
"tak","Tala",1000,5,32.76112015,819.1970825,5.055850029
"tal","Tal",10000,7,334.3570244,1071.028687,5.339579582
"tam","Tamil",64470000,8,151402.6543,726.088623,5.534014225
"tan","Tangale",130000,16,3383.214762,672.5984802,5.173569322
"tao","Yami",3380,0,50.87247947,1734.499023,6.972248077
"tap","Taabwa",281600,8,44405.22317,971.5714111,6.261603832
"taq","Tamasheq",281200,14,626865.6413,85.96744347,3.349972248
"tar","Central Tarahumara",30000,5,13751.26282,1516.830841,6.333429337
"tat","Tatar",4608800,10,509820.8811,356.2505493,4.533294439
"tau","Upper Tanana",110,0,376.3196898,1979.138,6.519896269
"tav","Tatuyo",400,7,2846.868626,80.84584554,3.646829605
"taw","Tai",900,2,23.52433752,2487.246094,6.933227539
"tax","Tamki",500,3,311.1689948,126.4101944,3.388356566
"tay","Atayal",84300,4,4688.954416,1654.575928,7.171802044
"taz","Tocho",3800,4,26.34475599,321.7355499,4.469157696
"tba","Aikanã",180,2,1038.230288,398.9295044,5.008751869
"tbc","Takia",40000,3,259.0744097,1746.354324,6.392463326
"tbd","Kaki Ae",630,2,35.57182776,1420.957909,5.826831877
"tbe","Tanimbili",15,2,13.11615703,0,4.557117939
"tbf","Mandara",4000,0,285.0844284,606.6106567,6.445653677
"tbg","North Tairora",6000,6,438.2445748,1916.283508,6.958115339
"tbh","Thurawal",0,5,52215.42544,594.3713074,5.007521629
"tbi","Gaam",67200,1,930.4879375,421.2042542,4.47379607
"tbj","Tiang",790,1,56.08767623,402.5843773,5.483319163
"tbk","Calamian Tagbanwa",10000,1,1781.976139,152.0910873,4.964099646
"tbl","Tboli",95300,3,2144.889824,604.0700836,6.342391809
"tbm","Tagbu",17000,20,498595.3225,217.4541473,4.275462627
"tbn","Barro Negro Tunebo",300,1,399.2218457,2119.287392,5.83397764
"tbo","Tawala",20000,8,660.224973,724.4180908,6.134134293
"tbp","Taworta",300,7,1161.765964,1704.911621,6.683114529
"tbr","Tumtum",7300,3,126.4713113,174.4994125,3.221096754
"tbs","Tanguat",740,6,88.77400759,1692.247772,6.021868944
"tbt","Tembo (Kitembo)",150000,6,4174.58767,801.5275574,6.076093197
"tbu","Tubar",0,1,48668.93932,960.913147,6.038095951
"tbw","Tagbanwa",10000,3,3570.535104,273.5409203,5.618168831
"tbx","Kapin",2350,4,109.3729274,1774.098022,7.179609299
"tby","Tabaru",15000,14,1528.425742,267.2740326,5.947149992
"tbz","Ditammari",147500,13,4297.751684,299.320343,4.737091064
"tca","Ticuna",47200,6,33965.56323,70.31346893,3.66943717
"tcb","Tanacross",60,0,660.3815465,1398.651367,6.588403225
"tcc","Barabayiiga-Gisamjanga",87800,15,11148.03101,790.0025024,5.884382963
"tcd","Tafi",4400,3,43.93255819,292.2878113,4.820472717
"tce","Southern Tutchone",140,0,662.6198037,630.559082,6.101591825
"tcf","Malinaltepec Me'phaa",37500,6,1056.642761,1895.124817,6.81501627
"tcg","Tamagario",3500,4,1063.750446,582.7323101,3.482729435
"tci","Anta-Komnzo-Wára-Wérè-Kémä",700,5,459.3559624,128.5826073,2.996761799
"tck","Tchitchege",2000,1,2.797175232,455.3654785,4.911571503
"tcl","Taman (Myanmar)",0,0,1610.223533,1239.764343,6.267516017
"tcm","Tanahmerah",500,2,933.7356908,751.7624969,5.963970661
"tcn","Tichurong",2420,3,157.1846561,2999.180756,6.646631122
"tco","Taungyo",40000,4,827.3591016,1038.355225,6.035415173
"tcp","Laamtuk Thet",700,2,75.87234416,1138.572601,5.978859425
"tcq","Kaiy",220,6,350.3919863,1422.156906,6.39846909
"tcs","Torres Strait Creole",6040,29,1730150.268,152.868988,4.130677223
"tct","T'en",20000,2,565.6539719,580.9098053,5.723902464
"tcu","Southeastern Tarahumara",5410,2,5186.22903,1395.465271,6.229724884
"tcw","Tecpatlán Totonac",540,2,95.84253083,2423.292725,6.603892326
"tcx","Toda",1560,2,67.79805382,792.9188232,5.967473507
"tcy","Tulu",1720000,6,8094.633707,627.3837891,5.834861517
"tcz","Thado Chin",269200,21,5610.203549,1087.531616,6.082821131
"tdb","Panchpargania",194000,5,3526.574003,497.3572845,5.300640345
"tdc","Emberá-Tadó",1000,3,1408.15727,1899.946289,6.585683823
"tdd","Tai Nüa",717400,39,31049.84933,1525.952393,6.605379581
"tdf","Talieng",29100,3,296.1269463,594.1185608,5.410693407
"tdg","Western Tamang",323000,10,3263.571945,4157.593262,7.131325722
"tdh","Thulung",20700,11,630.3323861,2290.923584,5.830791116
"tdi","Tomadino",600,1,23.44184999,876.5076294,6.428803444
"tdj","Tajio",12000,1,842.0810884,638.638855,6.608586788
"tdk","Tambas",3000,3,12.20625811,877.9816895,5.435926914
"tdl","Sur",5000,3,133.946206,774.4429525,5.214658101
"tdn","Tondano",92000,3,424.0127888,472.6541138,6.175251484
"tdo","Teme",4000,2,14.95893241,705.0296631,5.576126575
"tdq","Tita",3420,4,806.0899843,976.8762207,5.389647484
"tdr","Todrah",6000,3,204.8502429,1120.517181,6.200793028
"tds","Doutai",70,4,743.8996597,1702.566874,6.536175251
"tdv","Toro",3930,5,68.39114072,684.9346924,5.532274246
"tdx","Tandroy Malagasy",1300000,4,42426.76247,604.8831787,5.447840929
"tdy","Tadyawan",4150,4,822.5261004,564.9771118,6.273040771
"tea","Temiar",28000,5,8269.25887,908.2372437,6.207326889
"tec","Terik",601000,5,802.27891,1548.248291,6.39795804
"ted","Tepo Krumen",31210,7,4766.856771,103.5962045,4.36568594
"tee","Huehuetla Tepehua",3000,3,248.6050664,2423.292725,6.603892326
"tef","Teressa",2080,0,92.31533252,146.1823349,3.859568516
"teg","Teke-Tege",139300,7,15314.06297,316.1137199,4.551888108
"tei","Aro",520,6,73.18509352,798.9605103,5.861983538
"tek","Ibali Teke",203200,12,19682.84506,276.6676636,4.495100975
"tel","Telugu",73800000,7,288536.238,338.1945496,4.629011631
"tem","Timne",1230000,11,17349.51411,363.3670197,4.949072123
"ten","Tama (Colombia)",0,2,8428.642249,1471.856486,5.316898743
"teo","Teso",1909000,11,12617.76637,405.9611206,4.291295052
"tep","Tepecano",0,1,22404.07573,2019.798828,6.750309467
"teq","Temein",13000,2,74.11127539,246.8576584,4.508156061
"ter","Terena-Kinikinao-Chane",15800,2,19523.05703,411.8267212,4.946186543
"tes","Tengger",80000,2,239.511204,469.3520508,6.308537642
"tet","Tetum",463500,9,4806.379789,778.3484497,6.381267071
"teu","Soo",50,2,534.0652387,1473.646667,6.135944366
"tev","Teor",1100,0,18.76629939,250.8438358,5.570063114
"tew","Rio Grande Tewa",1500,2,734.349966,1208.314453,6.222305298
"tex","Tennet",10000,1,91.77201493,532.4448954,4.83806483
"tey","Tulishi",2500,2,197.7987131,194.3443298,4.087134123
"tfi","Tofin Gbe",66000,6,261.8414075,110.8378437,4.426436424
"tfn","Tanaina",75,1,8272.445789,874.2120056,6.353110313
"tfo","Tefaro",100,4,159.4233505,1179.54332,6.396161437
"tfr","Teribe",3300,4,3431.31335,1619.450378,7.004692554
"tft","Ternate",42000,2,250.3021862,268.3045845,5.856052995
"tga","Sagalla",100000,1,47.56484031,813.3692627,5.832933426
"tgb","Tobilung",0,4,407.0466265,436.6037292,5.798703909
"tgc","Tigak",6000,2,594.4999493,402.5843773,5.483319163
"tgd","Ciwogai",2000,3,67.44428704,567.3654785,4.772120476
"tge","Eastern Gorkha Tamang",3980,4,237.9819703,4157.593262,7.131325722
"tgf","Chalikha",1500,3,112.6545298,2694.639954,6.778354883
"tgi","Lawunuia",550,3,226.1986822,432.172699,6.399749279
"tgk","Tajik",4274000,17,103746.0379,3109.350342,7.101435661
"tgl","Tagalog",21500000,19,28974.21612,498.1347046,5.801852703
"tgo","Sudest",2000,1,780.2543064,162.4459991,4.398857594
"tgp","Movono",800,4,18.34935408,205.1739502,5.786854148
"tgq","Tring",550,5,99.99430218,455.9609299,5.545972347
"tgs","Nume",900,1,22.9958422,128.9803343,5.064426124
"tgt","Central Tagbanwa",2000,2,577.7744114,158.2107086,4.981387615
"tgu","Tanggu",3000,3,110.995984,1692.247772,6.021868944
"tgw","Tagwana Senoufo",138000,7,11217.25148,128.1869888,4.146265984
"tgx","Tagish",2,1,90.95374055,1111.81015,6.244224429
"tgy","Togoyo",0,1,11820.14331,723.9195099,5.158426046
"tha","Thai",20202460,17,154351.2918,584.6994781,5.064409971
"thd","Thayore",29,1,987.3322613,141.3252144,4.01897037
"the","Chitwania Tharu",285000,10,1335.468503,2448.70039,5.333576322
"thf","Thangmi",23700,10,692.9625607,2350.044067,6.070590973
"thh","Northern Tarahumara",1,2,3177.884675,1201.68631,6.239887238
"thi","Tai Long",4800,3,3969.40481,658.6688843,6.027511597
"thk","Tharaka",176000,5,1552.011175,1371.437164,6.201543331
"thl","Dangaura Tharu",674000,8,14380.20461,1236.356537,4.155774295
"thm","Thavung",700,4,155.8988055,712.0228271,6.122921944
"thn","Thachanadan",3000,1,241.1243241,859.1639404,6.48571682
"thp","Thompson",440,2,249.4804685,1481.461548,6.537956715
"thq","Kochila Tharu",258000,7,2184.294801,1486.648926,5.096989155
"thr","Rana Tharu",486000,4,11562.80365,1479.042236,4.493220806
"ths","Thakali",5240,2,299.5242404,4857.905762,7.085071564
"tht","Tahltan",130,2,249.2057697,876.8200684,6.193277836
"thu","Thuri",6600,5,2586.845391,231.3453369,4.182676315
"thv","Tahaggart Tamahaq",77000,5,533116.1793,830.6748962,5.225245476
"thy","Tha",1000,5,86.2590315,705.0296631,5.576126575
"thz","Tayart Tamajeq",250000,5,208376.2633,374.6955872,4.40147686
"tia","Tidikelt-Tuat Tamazight",1000,1,2512.21813,264.2597885,4.646916866
"tic","Tira",40000,5,872.2617726,321.7355499,4.469157696
"tif","Tifal",3600,6,1790.945529,1750.407135,6.133559704
"tig","Tigre",1050000,5,45761.14394,1369.067261,6.781086445
"tih","Timugon Murut",0,5,820.9366321,945.8967285,6.378071308
"tii","Tiene",24500,3,2909.424637,266.3142815,4.54338032
"tij","Tilung",1420,2,14.29076936,2290.923584,5.830791116
"tik","Tikar",25000,9,8070.290334,989.5222778,5.306755066
"til","Tillamook",0,4,17741.81779,897.4563904,6.08579278
"tim","Timbe",11000,5,455.7196218,1394.412415,6.872071266
"tin","Tindi",2150,5,188.4783961,1877.404134,6.567530473
"tio","Teop",5000,4,387.2303734,529.6743622,6.531032801
"tip","Trimuris",300,5,370.0047452,573.8927612,5.544532776
"tiq","Tiefo-Daramandugu",1000,0,0.079502024,183.5507813,4.371095181
"tir","Tigrinya",6860000,10,64072.87524,1840.754456,6.615289211
"tis","Masadiit Itneg",7500,6,370.3266926,658.1363068,6.420113921
"tit","Tinigua",2,2,34481.71285,1666.087769,5.413847923
"tiu","Adasen",4000,6,806.4217373,764.6105347,6.461131732
"tiv","Tiv",2210000,27,26933.02427,604.9888153,5.125546932
"tiw","Tiwi",1740,1,7519.324855,77.90494792,3.757275581
"tix","Southern Tiwa",1600,2,925.5917858,753.637085,6.119211197
"tiy","Tiruray",50000,3,1417.696224,604.0700836,6.342391809
"tiz","Tai Hongjin",85000,7,1754.341414,802.500473,6.261995912
"tja","Tajuasohn",9600,5,2220.337522,214.1799545,4.432001591
"tjg","Tunjung",50000,9,5823.428416,582.9204712,5.072631359
"tji","Northern Tujia",70000,4,8853.758256,626.930748,6.05547297
"tjn","Tonjon",0,1,6385.606366,147.4858602,4.28346014
"tjo","Oued Righ",6000,2,38.34622494,293.8362236,4.241471052
"tjs","Southern Tujia",1500,0,7270.686904,426.5723419,5.786776543
"tju","Tjurruru",0,2,6412.676561,345.147995,5.021546602
"tkb","Buksa",43000,3,6222.92764,2676.26771,5.765721321
"tkd","Tukudede",39500,2,558.9687525,777.1521912,6.346073627
"tke","Takwane",181000,5,7180.994542,556.674703,5.33672603
"tkg","Tesaka Malagasy",1130000,4,9757.610183,938.4590454,6.298863888
"tkl","Tokelau",1410,0,20.02274922,NA,NA
"tkn","Toku-No-Shima",5100,0,248.8749359,65.58915901,4.540869474
"tkp","Tikopia",3320,0,9.592257756,59.40780258,4.627094507
"tkq","Tee",313000,4,50.48419284,269.6792212,4.263822079
"tkr","Tsakhur",23600,6,1486.055998,2497.070679,7.106041431
"tks","Takestani",220000,2,7444.215484,1425.54244,6.564005534
"tkt","Kathoriya Tharu",106000,3,682.1077606,2398.746826,5.375218153
"tku","Upper Necaxa Totonac",3400,2,93.92795395,2423.292725,6.603892326
"tkw","Teanu",520,0,201.7107358,12.88777924,3.804958701
"tkx","Tangko",100,4,96.8600988,1920.527695,5.931137681
"tkz","Takua",6000,4,1032.806494,935.0294647,6.20267415
"tla","Southwestern Tepehuan",8700,2,3945.566265,1863.745178,6.69279933
"tlb","Tobelo",27700,8,3853.006785,268.3045845,5.856052995
"tlc","Yecuatla Totonac",500,1,55.61638627,1915.412781,6.817436695
"tld","Talaud",82000,0,1018.334154,78.00811768,4.58688736
"tlf","Telefol",5400,6,1817.541199,1977.071716,6.438100974
"tlg","Tofanma",250,5,477.8662014,1651.89798,6.48093915
"tli","Tlingit",630,2,7368.034003,1534.702148,6.372180939
"tlj","Talinga-Bwisi",99400,5,710.1512002,794.3045044,6.016417265
"tlk","Taloki",550,1,54.21071547,304.6272469,5.662588239
"tll","Tetela",750000,19,74501.95578,123.2370453,3.949459314
"tlm","Tolomako",900,5,158.703707,170.2225342,6.111873627
"tln","Talondo'",1200,0,12.41930064,1520.108154,6.803731918
"tlo","Tasomi-Tata",1500,2,71.41998319,321.7355499,4.469157696
"tlp","Filomeno Mata Totonac",15100,1,4.74321077,2423.292725,6.603892326
"tlq","Muak",4960,4,665.5762141,658.2971191,6.076313376
"tlr","Talise",12500,3,1092.672741,245.5207443,5.292528152
"tls","Tambotalo",50,4,73.66521282,205.1739502,5.786854148
"tlt","Teluti",17000,3,454.182519,444.5083084,5.685680389
"tlu","Tulehu",18800,1,84.89998735,473.8993835,6.308526993
"tlv","Taliabu",4520,0,1498.843697,276.0440369,5.90691185
"tlx","Khehek",1600,1,197.4521527,71.9605484,4.823676586
"tly","North-Central Talysh",912000,4,5259.807734,1636.104034,6.636294961
"tma","Tama (Chad)",67900,8,14534.60095,403.6105957,4.779438019
"tmb","Avava",700,5,121.3687849,194.9789124,5.632886171
"tmc","Tumak",25200,5,2031.680286,136.3961639,3.896679401
"tmd","Haruai",2000,3,231.1254453,1938.298808,6.363640467
"tmf","Toba-Maskoy",1680,6,1652.944029,219.4145594,3.927027881
"tmg","Ternateño",0,1,738.3096564,268.3045845,5.856052995
"tmi","Tutuba",500,2,39.33900406,205.1739502,5.786854148
"tmj","Samarokena",400,4,378.9182199,577.4098816,5.764941692
"tml","Tamnim Citak",290,4,766.1999166,1866.431763,4.598676682
"tmm","Tai Thanh",20000,9,6443.239196,807.9206238,5.943467379
"tmn","Taman (Indonesia)",30000,4,699.1714843,627.9611664,5.675364971
"tmo","Temoq",0,4,1388.220917,337.6075821,5.089225133
"tmq","Tumleo",790,3,38.00732461,512.5372391,4.709376335
"tmr","Jewish Babylonian Aramaic (ca. 200-1200 CE)",0,2,114223.0642,330.5150146,4.574093342
"tms","Tima",0,1,14.02061814,194.3443298,4.087134123
"tmt","Tasmate",150,4,248.794357,170.2225342,6.111873627
"tmu","Iau",600,9,2072.459057,1396.417938,6.374885559
"tmv","Motembo-Kunda-Buja",5000,7,10932.86314,90.73430888,3.728770177
"tmy","Tami",2100,2,4.286083118,1402.202866,6.950956821
"tmz","Tamanaku",0,0,21477.9177,997.6766357,5.807907104
"tna","Tacana",1820,1,6758.013933,1028.513753,4.817373355
"tnb","Western Tunebo",700,2,2383.108143,3108.889893,7.249542236
"tnc","Tanimuca-Retuarã",300,2,1379.169418,65.30017376,3.530091286
"tnd","Angosturas Tunebo",50,1,170.0348194,2119.287392,5.83397764
"tng","Tobanga",30000,8,2589.698877,136.7696972,3.534199655
"tnh","Maiani",3040,3,12.6888632,1729.778381,6.094121933
"tnk","Kwamera",3500,2,85.78740386,96.69926071,4.426439047
"tnl","Lenakel",11500,3,68.76661681,96.69926071,4.426439047
"tnm","Tabla",3750,6,253.8950142,1018.881248,6.221927762
"tnn","North Tanna",5000,2,114.4212094,96.69926071,4.426439047
"tnp","Whitesands",7500,4,138.0971763,96.69926071,4.426439047
"tnq","Taino",0,1,3984.960272,5.883277893,2.337178886
"tnr","Bedik",3380,2,614.9159834,218.1208115,4.445030332
"tns","Tenis",30,0,0.805671883,215.4771423,4.185490131
"tnt","Tontemboan",150000,6,1900.886236,516.3922348,6.345150828
"tnu","Tay Khang",200,1,153.8722992,873.1468506,5.89741087
"tnv","Tangchangya",21600,9,694.5375589,947.0452271,5.980243206
"tnw","Tonsawang",20000,4,857.9070539,500.3680522,6.33802398
"tnx","Tanema",8,1,206.8717501,471.6794891,5.977975368
"tny","Tongwe",13000,2,3963.272082,629.4692993,6.033277988
"tnz","Maniq",195,2,2520.282638,168.7185822,5.091896057
"tob","Toba",41510,5,61044.96117,51.11118698,2.49274826
"toc","Coyutla Totonac",48100,4,299.9563513,2423.292725,6.603892326
"tod","Toma",220000,8,4771.385781,374.9085236,4.815354943
"tof","Gizrra",1050,3,188.8695092,41.55844879,3.171231508
"tog","Tonga (Nyasa)",170000,2,4581.008422,912.5556793,5.9896667
"toh","Gitonga",375000,3,5868.31018,147.9141846,4.10219264
"toi","Tonga (Zambia)",1467000,16,83815.46124,565.2667847,5.371322393
"toj","Tojolabal",34300,1,310.1546227,1584.173462,6.419814348
"tol","Tolowa-Chetco",1,1,108.7472989,637.4064426,6.271947145
"tom","Tombulu",60000,4,398.7495428,472.6541138,6.175251484
"ton","Tonga (Tonga Islands)",96300,0,618.9946928,62.75347614,3.230580807
"too","Xicotepec De Juárez Totonac",3000,4,110.384228,2423.292725,6.603892326
"top","Papantla Totonac",80000,3,2400.936834,1915.412781,6.817436695
"toq","Toposa",100000,3,21919.85225,723.9195099,5.158426046
"tor","Togbo-Vara Banda",24000,10,9666.142645,164.9235001,4.22927618
"tos","Highland Totonac",120000,3,499.7813405,2423.292725,6.603892326
"tou","Tho",68400,3,2187.08533,807.9206238,5.943467379
"tov","Upper Taromi",0,3,7122.267782,1765.666443,6.634549379
"tow","Towa",1790,2,128.03755,1208.314453,6.222305298
"tox","Tobian",22,0,3.629205294,NA,NA
"toy","Topoiyo",450,2,5.58161121,1543.032959,6.963805676
"tpa","Taupota",1280,4,116.3379929,724.4180908,6.134134293
"tpc","Azoyú Me'phaa",590,4,145.0178458,2254.434814,6.844264984
"tpe","Tippera",85000,7,4319.422743,584.7471504,4.48756206
"tpf","Tarpia",630,3,160.8140354,1028.864594,6.261529128
"tpg","Kula (Indonesia)",5000,3,325.8735687,777.1521912,6.346073627
"tpi","Tok Pisin",122000,14,29367.93092,1927.381836,7.102321863
"tpj","Tapieté",2520,9,6504.110408,714.8163554,4.841358503
"tpl","Tlacoapa Me'phaa",7500,4,716.1313357,1895.124817,6.81501627
"tpm","Tampulma",16000,3,424.9061613,154.2644596,4.186808705
"tpo","Tai Pao",3300,4,212.5528435,873.1468506,5.89741087
"tpp","Pisaflores Tepehua",4000,2,62.07227545,2423.292725,6.603892326
"tpq","Tukpa",610,2,199.9661384,3497.702759,6.824623346
"tpr","Tuparí",340,2,1643.912619,220.3445892,4.325234175
"tpt","Tlachichilco Tepehua",3000,3,61.25098918,2423.292725,6.603892326
"tpu","Tampuan",31000,5,1798.638103,862.6184998,5.62995863
"tpv","Tanapag",10,0,0.822580431,0.697793841,0.61640954
"tpx","Acatepec Me'phaa",40200,3,1409.344773,1895.124817,6.81501627
"tpy","Trumai",51,1,2011.410667,123.9270954,3.853194118
"tpz","Tinputz",3900,3,301.9594852,529.6743622,6.531032801
"tqb","Tenetehara",150,1,741.8013224,105.7821312,3.464817345
"tql","Lehali",250,0,12.77933042,128.9803343,5.064426124
"tqm","Turumsa",5,0,0.640457385,415.2581406,3.796748559
"tqn","Tenino",50,2,2288.48911,1122.638397,6.35544157
"tqo","Toaripi",23000,5,2032.871756,1758.155396,6.93413194
"tqp","Tomoip",700,4,735.7597381,609.057373,6.73592186
"tqq","Tunni",23000,5,9356.950343,168.0787537,3.737704575
"tqr","Torona",2,0,421.5833054,321.7355499,4.469157696
"tqt","Western Totonac",1610,1,50.89616881,2423.292725,6.603892326
"tqu","Touo",1870,1,282.0662101,173.9344635,5.439502239
"tqw","Tonkawa",0,2,97028.88085,419.0555954,4.960010529
"tra","Tirahi",100,2,12397.33264,2309.402954,6.437305212
"trb","Terebu",130,2,6.902510783,753.1196289,5.36567688
"trc","Copala Triqui",25000,5,310.4091937,1937.062744,6.740927696
"trd","Turi",2000,3,819.9991538,532.6000366,5.280814886
"tre","East Tarangan",6110,2,907.2435481,66.68032885,3.258910537
"trg","Lishán Didán",4230,5,1425.592339,744.2796631,6.180737019
"trh","Turaka",25,2,8.279335397,925.5508041,6.496482968
"tri","Trió",2130,4,1114.626349,226.465065,4.317281246
"trj","Toram",8460,2,1517.502218,136.2522011,3.571096063
"trm","Tregami",3500,2,65.49011282,3754.145508,7.082107067
"trn","Trinitario",5500,2,6047.344506,1930.40274,4.747195005
"tro","Tarao",870,3,48.26744012,1216.67041,6.178402901
"trp","Kok Borok",783000,10,8261.788979,584.7471504,4.48756206
"trq","San Martín Itunyoso Triqui",2000,4,47.7236048,1937.062744,6.740927696
"trr","Taushiro",1,1,1247.685179,142.1119356,3.684925556
"trs","Chicahuaxtla Triqui",4060,4,103.4723307,1937.062744,6.740927696
"trt","Tunggare",500,6,1898.878507,1554.899414,7.059056282
"tru","Turoyo",10000,3,221.9280804,1189.746246,5.761543989
"trv","Seediq",20000,4,2292.758048,1654.575928,7.171802044
"trw","Torwali",80000,3,506.1713009,3485.937256,7.034576178
"trx","Tringgus-Sembaan Bidayuh",850,3,74.80673736,242.6797485,4.850652536
"try","Turung",0,0,3007.143117,2148.637939,6.534326077
"trz","Torá",51,0,128496.4987,51.86921501,2.928831875
"tsa","Tsaangi",22210,6,3471.4191,436.4689102,5.23123765
"tsb","Tsamai",18000,6,1343.296164,1325.46106,6.516802788
"tsc","Tswa",1160000,7,97983.1239,169.6006622,4.189221382
"tsd","Tsakonian",200,0,1.345952383,793.697998,6.461420536
"tsg","Tausug",1062000,14,9010.82026,730.1161804,5.696975946
"tsh","Tsuvan",2300,3,60.97509444,467.9548645,5.13854599
"tsi","Southern-Coastal Tsimshian",350,2,3089.540009,1226.039795,6.377878666
"tsj","Tshangla",158200,14,7382.100968,2694.639954,6.778354883
"tsk","Tseku",12600,0,4562.092329,3438.553711,7.105974674
"tsl","Ts'ün-Lao",10000,4,108.4581059,736.7197723,6.17350173
"tsn","Tswana",5181700,33,671377.3758,166.8915176,4.023976207
"tso","Tsonga",3990000,9,105056.2926,453.3698711,4.693680823
"tsp","Northern Toussian",19500,5,1076.628694,183.5507813,4.371095181
"tsr","Akei",650,6,482.4709514,175.2849884,5.868500948
"tsu","Tsou",2130,2,976.20182,1091.506744,6.808021188
"tsv","Tsogo",12000,7,7916.210343,407.9687958,5.080605507
"tsw","Salka-Tsishingini",100000,8,5749.643923,256.430378,4.70682919
"tsx","Mubami",1730,7,3367.622478,982.692627,4.942091465
"tsz","Purepecha",40000,2,2963.868543,1478.244781,6.45381856
"ttb","Gaa",10000,7,346.8856093,967.1033936,5.869113684
"ttc","Tektiteko",4970,3,152.7875707,1827.145874,6.792926431
"ttd","Tauade",7000,5,1787.687255,1763.608978,7.142966628
"tte","Bwanabwana",2400,1,36.43988271,479.9099426,5.137923479
"ttf","Tuotomb",1000,2,14.4633139,786.6901398,5.513936996
"ttg","Tutong",16600,2,411.4532044,455.9609299,5.545972347
"tth","Upper Ta'oih",49900,6,2456.855327,869.99646,6.164500237
"tti","Tobati",100,6,132.9487452,1018.881248,6.221927762
"ttj","Tooro",488000,9,9433.427458,670.8221207,5.586185813
"ttk","Totoro",4,3,2533.945321,2931.504517,7.160820484
"ttl","Totela",1120,5,22409.17169,167.8841858,4.0095644
"ttm","Northern Tutchone",210,0,554.5173048,630.559082,6.101591825
"ttn","Towei",120,4,413.5503051,1651.89798,6.48093915
"tto","Lower Ta'oih",15800,3,604.0100122,911.9693909,6.132511139
"ttp","Tombelala",1100,1,22.87685816,876.5076294,6.428803444
"ttq","Tawallammat Tamajaq",640000,14,240738.3512,98.72477722,3.761738062
"ttr","Tera",101000,8,1985.994108,525.9998779,5.291288614
"tts","Northeastern Thai",15000000,20,167749.8408,413.0980682,4.913882017
"ttt","Muslim Tat",28010,8,4470.578734,1879.818298,7.04438138
"ttu","Torau",600,3,63.91720095,528.4359436,6.328845263
"ttv","Titan",3850,4,30.36578595,65.57713509,4.870939255
"ttw","Western Lowland Kenyah",600,5,205.4946938,657.9857178,5.671733379
"tty","Sikaritai",800,7,911.4194145,1422.156906,6.39846909
"ttz","Tsum",4790,0,208.4234612,4157.593262,7.131325722
"tua","Wiarumus",460,3,16.1998025,753.1196289,5.36567688
"tub","Tübatulabal",5,2,18702.47466,1287.728638,6.563966751
"tuc","Mutu",3500,0,2.783588379,1204.569611,6.71830225
"tud","Tuxá",1630,4,73073.70606,536.9365234,5.416628599
"tue","Tuyuca",940,5,945.4945181,80.182827,3.581890821
"tuf","Central Tunebo",2500,2,3456.45954,2119.287392,5.83397764
"tug","Tunia",2260,3,641.3622846,116.8445549,3.628498435
"tuh","Taulil",2000,3,11.221441,607.9211121,6.586853743
"tui","Tupuri",229000,6,3401.33295,323.4007854,4.433368146
"tuj","Tugutil",2590,8,4335.898546,268.3045845,5.856052995
"tuk","Turkmen",6930920,15,221601.4938,821.4753113,4.831242919
"tul","Tula",30000,5,488.5222127,525.9998779,5.291288614
"tum","Tumbuka",2566000,8,38033.26855,1195.589233,6.261137009
"tun","Tunica",0,3,62939.18731,81.19782257,3.451676607
"tuo","Tucano",6600,15,5277.873914,76.08055496,3.491845965
"tuq","Tedaga",40500,4,435889.9996,909.4573059,5.252486944
"tur","Turkish",67482800,23,618194.722,499.6628113,5.674925327
"tus","Tuscarora",9,5,354.648788,342.4877625,4.709231853
"tuv","Turkana",989000,14,59581.77714,1473.646667,6.135944366
"tux","Tuxináwa",0,1,26867.99323,104.9658813,3.593467891
"tuy","Tugen",140000,6,5058.286981,1587.238464,6.56069684
"tuz","Turka",37000,10,1500.171098,183.5507813,4.371095181
"tva","Vaghua",1960,1,370.3628147,359.3615227,6.040653865
"tvd","Tsuvadi",130000,8,6397.035503,245.196907,4.604712725
"tvk","Southeast Ambrym",3700,3,247.9097413,209.6103821,5.640644073
"tvl","Tuvalu",10700,0,27.89197656,NA,NA
"tvm","Tela-Masbuar",1050,2,20.17981101,64.12904263,3.995591462
"tvn","Tavoyan",400000,3,8993.762081,439.2780457,5.794784307
"tvo","Tidore",26000,6,773.9574207,269.3351364,5.764955997
"tvs","Taveta",21000,6,730.4433788,788.3458252,6.091187239
"tvt","Tutsa Naga",25000,3,749.2875973,2686.365173,6.832620025
"tvw","Sedoa",900,2,118.7167195,1033.923355,6.66309917
"tvy","Timor Pidgin",0,0,467.8740521,732.0151571,6.29342556
"twa","Twana",350,1,13157.24231,1267.574738,6.409031868
"twb","Western Tawbuid",6810,4,364.9511015,564.9771118,6.273040771
"twe","Teiwa",4000,5,181.5132325,568.1637573,6.116060734
"twf","Taos Northern Tiwa",1070,1,348.0690716,1468.892517,6.427648067
"twg","Tereweng",800,3,15.44548896,568.1637573,6.116060734
"twh","Tai Dón",495000,23,11934.96077,917.7417603,6.584017277
"twl","Tawara",60000,4,10405.4062,734.2147217,5.71138835
"twn","Cambap-Langa",30,1,21.53030683,1109.349701,5.734427929
"two","Tswapong",2000,5,15717.34536,400.2627665,5.059960206
"twp","Ere",1030,4,82.60439764,71.9605484,4.823676586
"twq","Tasawaq",8000,1,553.6719644,277.1952362,4.137064099
"twr","Southwestern Tarahumara",100,3,1209.518207,1470.593155,6.232398033
"twt","Turiwára",30,2,79280.30862,209.6461639,4.198960781
"twu","Termanu",30000,2,347.994259,32.34194565,5.410171986
"tww","Tuwari",360,3,216.307295,1635.051239,6.233786583
"twx","Tewe",250000,4,13257.36739,947.8520508,6.01568985
"twy","Tawoyan",20000,5,4620.733964,415.7054901,4.958111227
"txa","Tombonuo",0,9,3386.739472,436.6037292,5.798703909
"txe","Totoli",25000,3,1440.606031,482.6442299,6.317546844
"txi","Ikpeng",310,1,1036.921967,86.04976654,3.63779974
"txm","Tomini",30000,4,1511.257296,482.6442299,6.317546844
"txn","West Tarangan",7910,1,842.1997416,66.68032885,3.258910537
"txo","Toto",1400,2,24.96635724,2350.044067,6.070590973
"txq","Tii",20000,3,124.4184757,32.34194565,5.410171986
"txs","Tonsea",90000,4,777.0550309,472.6541138,6.175251484
"txt","Citak",8000,8,1970.007701,1866.431763,4.598676682
"txu","Kayapó",7100,3,32225.91112,226.5827637,4.752950907
"txx","Tatana",0,4,114.0027273,599.9164352,5.899141312
"txy","Tanosy Malagasy",510000,4,17753.09369,668.5437012,5.600158572
"tya","Tauya",350,3,83.06483847,2487.246094,6.933227539
"tye","Kyenga",12000,3,161.60451,142.0536404,4.035424352
"tyh","O'du",950,2,181.1468863,858.4806519,5.917442799
"tyi","Teke-Tsaayi",95900,5,3253.680228,445.7692413,5.040351152
"tyj","Tai Do-Mene-Yo",300,8,6149.397883,807.9206238,5.943467379
"tyn","Kombai",4000,6,2245.744311,1866.431763,4.598676682
"typ","Thaypan",0,5,9392.661986,223.4882202,4.453605175
"tyr","Tai Daeng",105000,12,6409.783803,979.9672852,6.0079271
"tys","Tày Sa Pa",300,2,5.556691945,917.7417603,6.584017277
"tyt","Tày Tac",0,1,43.19710888,964.4109039,6.151949644
"tyu","Kua",820,7,29299.52674,208.225853,4.487137794
"tyv","Tuvinian",283400,8,61426.38363,1484.583374,6.479296207
"tyx","Teke-Tyee",14400,5,6968.338024,392.351059,5.151628256
"tyz","Tày",1630000,15,24567.92828,929.9648438,5.842989206
"tzh","Tzeltal",372000,2,2327.991534,1584.173462,6.419814348
"tzj","Tz'utujil",83800,3,500.9229689,2467.002197,7.073503494
"tzm","Central Moroccan Berber",2340000,5,118919.3165,1640.639526,6.501709461
"tzn","Tugun",1200,0,212.8251644,232.0457306,6.05232811
"tzo","Tzotzil",235000,2,2227.118609,1722.508789,6.779100895
"tzx","Tabriak",2080,6,788.6808141,1605.971558,6.177941203
"uan","Kuan",2500,0,782.5316841,712.0228271,6.122921944
"uar","Tairuma",4500,6,99.60486217,1420.957909,5.826831877
"uba","Ubang",11100,3,57.79271687,727.786972,5.333243728
"ubi","Ubi",1100,4,258.3880562,195.8860397,3.949975967
"ubr","Ubir",2560,4,94.63216442,1320.206238,6.554695368
"ubu","Umbu-Ungu",34200,5,973.592565,1877.011841,6.338659883
"uby","Ubykh",0,5,60457.17814,911.1027629,6.210798264
"uda","Uda",10000,5,69.43401258,423.7205048,5.603181601
"ude","Udihe",100,3,3806.616229,790.5197754,5.773465157
"udg","Muduga",3370,1,296.6599828,859.1639404,6.48571682
"udi","Udi",3800,1,7.19297164,2497.070679,7.106041431
"udj","Ujir",1030,0,12.69536835,119.6215363,3.308992863
"udl","Wuzlam",10500,6,82.30613709,269.8820686,3.989992976
"udm","Udmurt",324000,2,34380.69123,117.6025314,4.06984361
"udu","Uduk",0,5,2372.765573,697.936924,4.921357274
"ues","Kioko",1000,3,73.08298031,140.9240799,5.425852299
"ufi","Ufim",550,3,223.0753478,2019.14209,7.133441448
"ugb","Kuku-Ugbanh",0,2,249.8288724,54.80780602,3.67824614
"uge","Ughele",1200,1,118.1404496,173.9344635,5.439502239
"ugo","Ugong",80,1,22254.40575,733.9950358,5.463687897
"uha","Uhami",13600,6,207.3593324,380.1930084,4.969872236
"uhn","Damal",14000,8,13719.81902,1322.298523,6.052072763
"uig","Uighur",8701500,16,506640.8476,335.6730652,3.873251796
"uis","Uisai",2500,5,704.5875927,528.4359436,6.328845263
"uiv","Iyive",2000,3,169.0359897,1106.72113,5.925098896
"uji","Tanjijili",8540,1,146.2318695,487.2154236,5.254591465
"uka","Kaburi",600,5,708.0743444,748.3078003,5.628991604
"ukg","Ukuriguma",170,4,21.59543716,1746.354324,6.392463326
"ukh","Ukhwejo",2000,2,99.33204885,165.5667591,4.327670753
"ukp","Ukpe-Bayobiri",21500,4,28.34732043,727.786972,5.333243728
"ukq","Ukwa",100,4,46.93072334,370.4517517,4.67139864
"ukr","Ukrainian",32218400,13,601515.4025,110.7848511,3.837278366
"uku","Ukue",14100,4,199.3534448,380.1930084,4.969872236
"ukw","Ukwuani-Aboh-Ndoni",150000,5,2468.203541,168.0540466,3.472975969
"ula","Fungwa",1000,3,275.9095246,298.1647644,4.743983269
"ulb","Ulukwumi",10000,2,133.0525282,259.7555695,4.320321441
"ulc","Ulch",150,1,5178.919009,407.4892731,5.391797543
"ulf","Usku",110,7,614.4949184,1651.89798,6.48093915
"uli","Ulithian",3000,0,5.097036056,NA,0.590591341
"ulk","Meriam",210,0,11.19201301,225.4619484,2.838081598
"ulm","Ulumanda'",30000,6,2143.95821,1180.764496,6.19587779
"ulu","Uma' Lung",3000,7,590.9693477,560.1621628,5.722575784
"uma","Umatilla",25,2,441.5095264,946.4355774,5.986335278
"umb","Umbundu",6000000,9,105208.0103,922.6549683,5.725229979
"umd","Umbindhamu",0,3,4177.510748,190.5282288,4.473584414
"umg","Umbuygamu",0,5,2073.223675,214.3695374,4.61140871
"umi","Ukit",120,1,34.42242812,685.4068807,5.679524263
"umm","Umon",20000,10,531.2490765,370.4517517,4.67139864
"umn","Makyan Naga",4000,3,705.3610809,1489.161133,6.548625231
"umo","Umotína",125,1,27549.39558,360.8315023,4.677702983
"ump","Umpila",100,1,937.6424888,157.5682373,4.493563652
"umr","Umbugarla",0,5,5779.631771,248.6659698,4.433883667
"ums","Pendau",4500,4,1262.323923,638.638855,6.608586788
"umu","Munsee",7,3,81.15978124,183.2755737,3.895084023
"una","North Watut",630,2,118.1776979,1785.090088,7.233548403
"une","Uneme",19800,5,55.98347818,351.4570923,5.167666912
"ung","Ngarinyin",57,4,58838.21727,329.903717,4.995355606
"unk","Enawené-Nawé",320,4,17253.23436,274.375721,4.568060875
"unm","Unami",13500,0,1144.345757,252.8580627,4.292620659
"unr","Mundari",1120280,12,3526.661868,316.2297478,4.124151945
"unz","Unde Kaili",25000,4,583.3924792,1090.835907,6.786196232
"upi","Umeda-Punda",290,2,45.68269393,988.9312134,6.103123665
"upv","Uripiv-Wala-Rano-Atchin",9000,6,98.91581816,205.1739502,5.786854148
"ura","Urarina",3000,2,5152.489274,445.2835503,3.940833747
"urb","Urubú-Kaapor",800,2,10088.00466,136.3062897,3.756286025
"urc","Urningangg",0,2,9757.53079,266.6428324,4.499699275
"ure","Uru",2,1,179.1647061,2167.986084,6.243439674
"urg","Urigina",1400,3,115.370296,2141.664124,7.110357523
"urh","Urhobo",546000,7,3467.059682,98.00015259,3.516828656
"uri","Urim",3740,8,193.325199,608.9898071,5.62084341
"urm","Urapmin",370,2,60.3593183,1750.407135,6.133559704
"urn","Uruangnirin",400,0,9.452921717,518.9897461,5.976465225
"uro","Ura (Papua New Guinea)",1900,7,954.1031859,607.9211121,6.586853743
"urr","Lehalurup",250,0,9.999842717,128.9803343,5.064426124
"urt","Urat",6280,6,131.1049884,608.9898071,5.62084341
"uru","Urumi",0,1,7686.042406,99.19335175,3.40468502
"urv","Uruava",0,0,200.4973398,528.4359436,6.328845263
"urw","Sop",2250,5,267.4619273,2487.246094,6.933227539
"urx","Urimo",800,5,239.64545,753.1196289,5.36567688
"ury","Orya",1600,13,3436.988115,1028.864594,6.261529128
"urz","Uru-Eu-Wau-Wau",87,2,2649.538653,178.4055176,4.463039398
"usa","Usarufa",1300,5,68.15256119,1916.283508,6.958115339
"ush","Ushojo",2000,2,39.2353651,3217.729004,6.987045288
"usi","Usui",22400,14,3568.050553,947.0452271,5.980243206
"usk","Usaghade",10000,4,1604.043704,670.6317596,5.848070502
"usp","Uspanteco",2000,2,16.99096471,1956.420166,6.567015648
"usu","Uya",270,2,10.05630575,2141.664124,7.110357523
"uta","Otank",15000,7,429.1482906,727.786972,5.333243728
"ute","Ute-Southern Paiute",920,2,8100.194899,1138.931549,6.2736516
"utp","Amba (Solomon Islands)",590,1,33.53298422,0,4.557117939
"utr","Etulo",10000,1,266.8567011,604.9888153,5.125546932
"utu","Utu",580,8,60.5439278,2141.664124,7.110357523
"uum","Urum",192700,3,4346.832558,1895.737305,6.902020931
"uun","Kulon-Pazeh",1,1,1095.855241,1321.658651,6.833879789
"uur","Ura (Vanuatu)",6,1,140.4325716,76.60994339,4.956988096
"uuu","U",40000,5,161.0408444,711.7995605,6.05496645
"uve","West Uvean",2220,1,48.32848873,157.069519,4.305012226
"uvh","Uri",2500,6,221.325392,1785.090088,7.233548403
"uvl","Lote",5500,2,467.366623,549.6293182,6.487257719
"uwa","Kuku-Uwanh",40,4,277.9241306,122.6680174,4.075915277
"uya","Doko-Uyanga",200,6,483.5960072,370.4517517,4.67139864
"uzn","Northern Uzbek",17695000,17,153467.3592,2951.858765,7.022593498
"uzs","Southern Uzbek",2911980,10,89752.53689,1235.860291,6.14601779
"vaa","Vaagri Booli",9300,0,3960.762848,497.6712036,5.281819582
"vae","Vale",5400,4,1074.928433,147.2993927,3.85508275
"vaf","Vafsi",18000,1,92.74786687,821.007019,6.235831738
"vag","Vagla",13500,2,914.2559636,162.4852524,4.320318937
"vah","Varhadi-Nagpuri",6970000,2,10471.71012,341.5589294,5.091125011
"vai","Vai",119500,4,4331.047647,257.1251831,4.432397366
"vaj","Northern Ju",61300,0,22067.43774,121.4627342,3.724100769
"val","Vehes",70,2,22.89828679,1774.098022,7.179609299
"vam","Vanimo",2670,4,85.97637072,589.8666229,6.021802902
"van","Walman",1740,3,199.5840954,512.5372391,4.709376335
"vao","Vao",1900,3,15.33843992,205.1739502,5.786854148
"vap","Vaiphei",40000,2,579.8261531,1087.531616,6.082821131
"var","Huarijio",2840,1,2552.550792,1201.68631,6.239887238
"vas","Vasavi",1200000,2,957.0184276,354.8303795,5.146704555
"vau","Vanuma",6700,5,171.5646138,794.3045044,6.016417265
"vav","Varli",600000,4,19859.41742,341.5374184,5.5286659
"vay","Wayu",1520,0,33.3768926,2290.923584,5.830791116
"vbb","Southeast Babar",4460,2,129.788955,64.12904263,3.995591462
"vec","Venetian",3852500,8,41257.03622,485.9960938,5.405330658
"ved","Veddah",0,3,253.2129441,540.9911804,5.76629591
"vem","Vemgo-Mabas",15000,4,77.68320758,430.8778992,4.921094418
"ven","Venda",1294000,9,33300.88255,481.7003479,5.387159824
"veo","Ventureño",0,3,17.18869682,966.4089355,6.479181767
"vep","Veps",3610,1,3247.390791,160.9717979,4.154467225
"ver","Mom Jango",110520,7,2635.236527,605.0307465,5.466062069
"vgr","Vaghri",10000,3,2222.721337,521.1985931,4.379771829
"vid","Vidunda",32000,3,414.4296723,1344.842285,6.271895409
"vie","Vietnamese",65807200,41,93678.6791,580.8489838,6.067600965
"vif","Vili",11000,4,6382.044598,301.1830444,5.340958595
"vig","Viemo",8000,6,820.5757561,143.8329124,4.121711969
"vin","Vinza",10000,2,3666.052812,729.8368683,5.454065204
"vis","Vishavan",150,2,370.1650492,663.0318604,6.372498035
"vit","Viti",0,6,18.63563371,1108.035416,5.829763412
"viv","Iduna",6000,3,239.7614844,678.3092041,6.095396519
"vka","Kariyarra",0,2,14725.01982,197.2246323,4.767016649
"vki","Ija-Zuba",0,1,128.5757937,487.2154236,5.254591465
"vkj","Kujarge",1000,4,723.5481459,333.6728973,4.609037161
"vkl","Kulisusu",22000,2,1118.211902,140.9240799,5.425852299
"vkm","Kamakan",0,5,41557.52078,671.5636292,5.666135311
"vko","Kodeoha",1500,3,173.9430608,1146.645264,6.454957962
"vkp","Korlai Portuguese",750,1,266.2284939,195.031662,6.004786491
"vku","Kurrama",50,2,6285.156558,473.6169739,5.367075443
"vlp","Valpei",300,2,198.213889,170.2225342,6.111873627
"vls","Western Flemish",1202000,4,4802.258367,122.8268557,4.115496993
"vma","Martuthunira",5,3,1833.987804,121.7896385,4.886102438
"vmb","Mbabaram",0,6,41360.35682,404.1260681,4.573822975
"vmc","Juxtlahuaca Mixtec",16000,7,399.9233913,1937.062744,6.740927696
"vmd","Mudu Koraga",0,2,330.9547001,528.0938721,6.22049284
"vme","East Masela",520,3,13.94545678,64.12904263,3.995591462
"vmf","Ostfränkisch",4910000,5,41097.43491,536.6098328,5.310033083
"vmg","Minigir",600,2,26.76925224,607.9211121,6.586853743
"vmh","Maraghei",0,2,738.7452995,2267.788818,6.853163242
"vmi","Miwa",0,3,14173.84584,280.654686,4.867269516
"vmj","Ixtayutla Mixtec",6380,3,164.0197226,2111.376038,6.860644102
"vmk","Makhuwa-Shirima",618000,5,34564.31036,480.203186,5.216167927
"vml","Malgana",0,3,16163.94548,151.9929581,4.407746077
"vmm","Mitlatongo Mixtec",1800,2,89.63313879,1929.708313,6.722405553
"vmp","Soyaltepec Mazatec",27500,5,921.9692733,1876.390503,6.530743599
"vmq","Soyaltepec Mixtec",220,3,64.1587489,1929.708313,6.722405553
"vmr","Marenje",90000,4,1638.066071,624.8225708,5.417250156
"vmu","Muluridyi",0,1,3033.456501,550.7181854,5.932751179
"vmv","Valley Maidu",0,2,7246.769214,1518.400146,6.431855679
"vmw","Makhuwa",3090000,8,81757.25361,360.9592896,4.969640732
"vmx","Tamazola Mixtec",1400,4,76.18486344,1929.708313,6.722405553
"vmy","Ayautla Mazatec",3700,5,61.81924014,1876.390503,6.530743599
"vmz","Mazatlán Mazatec",12000,3,147.1805066,1748.040588,6.584167004
"vnk","Lovono",10,0,251.9114182,0,4.557117939
"vnm","Neve'ei",500,4,81.05776305,205.1739502,5.786854148
"vnp","Vunapu",380,3,152.4713574,170.2225342,6.111873627
"vor","Voro",0,4,131.2053177,525.9998779,5.291288614
"vot","Votic",68,0,47.68421444,117.9241333,3.980385542
"vro","South Estonian",60000,3,10542.42127,121.9281197,4.027083874
"vrs","Varisi",5160,3,720.1371366,359.3615227,6.040653865
"vrt","Burmbar",900,4,86.6654708,194.9789124,5.632886171
"vto","Vitou",630,2,60.17716519,580.927002,5.985350609
"vum","Vumbu",2460,1,181.4370063,407.9687958,5.080605507
"vun","Vunjo",300000,6,773.3092447,788.3458252,6.091187239
"vut","Vute",21000,13,25331.15255,989.5222778,5.306755066
"vwa","Ximeng-Menglian Awa",98000,1,2934.416101,654.8818359,6.228191376
"waa","Northeast Sahaptin",25,2,214.1515131,946.4355774,5.986335278
"wab","Wab",120,1,3.048027973,1796.082153,7.287487507
"wac","Upper Chinook",58,2,264.2867169,1122.638397,6.35544157
"wad","Wandamen",5000,8,7804.558968,1220.762695,6.27396059
"wae","Walser",22780,8,18206.31795,1290.89402,5.908182502
"wag","Wa'ema",1020,2,4.426426603,724.4180908,6.134134293
"wah","Watubela",4000,0,37.71431695,250.8438358,5.570063114
"waj","Waffa",1300,3,688.3326348,1916.283508,6.958115339
"wal","Wolaytta",1710000,10,6399.903267,1315.910828,6.528440118
"wam","Wampanoag",4000,6,22909.91535,529.6502991,5.274733305
"wan","Wan",22000,4,482.0186794,139.6471519,4.136120915
"wao","Wappo",53,6,3303.138821,858.0240421,6.068645597
"wap","Wapishana",12500,5,28158.69463,317.2675629,4.621448278
"waq","Wageman",10,3,9392.662215,215.6945076,4.435389638
"war","Waray (Philippines)",2560000,1,15729.71812,204.1990433,5.398726702
"was","Washo",10,2,635.5205062,1472.512329,6.471660614
"wat","Kaninuwa",360,1,7.005831465,678.3092041,6.095396519
"wau","Waurá",320,1,1022.117948,150.008049,3.883551836
"wav","Waka",5000,7,68.23611248,705.0296631,5.576126575
"waw","Waiwai",2230,3,31327.85152,228.6722603,4.530899763
"wax","Watam",590,4,84.57487681,897.2494507,5.110510349
"way","Wayana",850,5,3722.036691,191.8333054,4.31325531
"waz","Wampur",530,3,64.82112615,1916.283508,6.958115339
"wba","Warao",28100,7,43614.68283,86.48257828,3.737473011
"wbb","Wabo",1500,2,308.0422873,472.1653748,5.660175562
"wbe","Waritai",150,6,505.1360353,1422.156906,6.39846909
"wbf","Samue",4500,5,313.2729417,146.390686,4.133498907
"wbh","Wanda",24000,5,2735.865755,873.4441833,5.903182507
"wbi","Vwanji",28000,3,597.2279909,1259.50885,6.45671463
"wbj","Alagwa",30000,4,539.8711194,743.1786499,5.995214105
"wbk","Waigali",11500,6,1293.318332,3754.145508,7.082107067
"wbl","Wakhi",58000,9,13453.09742,1341.067139,6.896729946
"wbm","Zhenkang Wa",40700,6,18843.27653,694.6436768,6.110228539
"wbp","Warlpiri",2510,8,221830.8408,172.4800339,4.208976269
"wbq","Waddar",172000,4,14083.43908,276.8673782,5.582374811
"wbr","Wagdi",2510000,3,13827.02915,403.1674385,4.917128325
"wbt","Wanman",20,3,30645.64191,185.1541061,4.238090038
"wbv","Wajarri",89,2,22532.26569,169.1243973,4.293103218
"wbw","Woi",1800,3,73.08682132,370.4379883,5.775818348
"wca","Yanomámi",6000,4,37252.40272,606.0684891,5.558928132
"wci","Waci Gbe",476000,9,2107.270148,204.5183252,4.716890335
"wdd","Wandji",10500,2,1173.60818,504.2597961,5.207430601
"wdg","Wadaginam",950,3,37.6699175,1692.247772,6.021868944
"wdj","Wadjiginy",12,3,3866.780001,134.143692,4.120710373
"wdu","Wadjigu",0,6,58349.9444,366.0048027,4.872547269
"wec","Wè Western",25200,3,867.5661476,278.896965,4.552100897
"wed","Wedau",2200,6,125.464177,724.4180908,6.134134293
"weh","Weh",6900,3,31.53566697,1106.72113,5.925098896
"wei","Were",490,3,206.1223885,320.3540726,3.526711643
"wem","Weme Gbe",60000,5,543.4701064,216.325943,4.426436424
"weo","Wemale",6000,3,668.0906567,473.8993835,6.308526993
"wep","Westphalic",0,3,10811.06916,338.8261948,4.176306009
"wer","Weri",4160,2,829.8868992,1774.098022,7.179609299
"wes","Cameroon Pidgin",0,9,24720.37052,850.5851288,5.540940523
"wet","Perai",280,1,225.0336311,232.0457306,6.05232811
"wew","Wewewa",55000,6,917.603075,424.5678101,6.029537201
"wfg","Yafi",230,6,187.5638205,1651.89798,6.48093915
"wga","Wagaya",0,4,34176.45407,130.0677338,3.598458767
"wgg","Wangganguru",0,6,48794.69177,169.3269043,3.922369003
"wgi","Wahgi",39000,4,511.8545547,2487.246094,6.933227539
"wgo","Waigeo",300,2,1568.341959,259.9832153,5.250994682
"wgy","Warrgamay",3,1,586.0131253,582.1906433,5.625812292
"wha","Manusela",7000,9,3247.352248,444.5083084,5.685680389
"whg","North Wahgi",47000,6,1050.453299,2487.246094,6.933227539
"whk","Eastern Lowland Kenyah",9000,5,1212.120831,390.2081451,5.748175621
"wib","Southern Toussian",19500,7,843.2409269,183.5507813,4.371095181
"wic","Wichita",1,1,77.5558925,252.8580627,4.292620659
"wie","Wik-Epa",0,2,1638.210415,122.6680174,4.075915277
"wig","Wik-Ngathana",130,2,220.2012768,54.80780602,3.67824614
"wih","Wik-Me'anha",12,3,291.4026452,122.6680174,4.075915277
"wii","Minidien",100,6,74.90719528,798.9605103,5.861983538
"wij","Wik-Iiyanh",40,1,2101.694572,190.5282288,4.473584414
"wik","Wikalkan",86,3,266.8565463,54.80780602,3.67824614
"wil","Wilawila",0,3,16680.82488,343.1966858,4.921341419
"wim","Wik-Mungkan",1060,6,2304.955116,122.6680174,4.075915277
"win","Ho-Chunk",250,2,530.5665883,185.9117126,4.320710659
"wir","Wiraféd",0,2,27975.46622,120.4658356,3.996299744
"wiu","Wiru",15300,5,1383.728795,1877.011841,6.338659883
"wiv","Muduapa",8800,0,60.84183029,429.6069221,5.477282286
"wiy","Wiyot",450,6,2566.498949,1123.499023,6.330414295
"wja","Waja",60000,6,735.7058178,525.9998779,5.291288614
"wji","Warji",77700,4,494.8186147,567.3654785,4.772120476
"wka","Kw'adza",0,0,2021.847448,860.0772705,6.182271481
"wkd","Wakde",550,3,58.38611395,577.4098816,5.764941692
"wkl","Kalanadi",750,1,45.98514382,792.9188232,5.967473507
"wku","Kunduvadi",1000,0,70.44273769,792.9188232,5.967473507
"wkw","Wakawaka",0,7,35718.82187,354.7814484,4.792931795
"wla","Walio",230,4,62.50025201,1635.051239,6.233786583
"wlc","Mwali Comorian",27200,0,209.3253412,125.6003456,5.547872543
"wle","Wolane",0,4,489.5083791,1271.113586,6.635544538
"wlg","Kunbarlang",16,4,1723.531393,185.8215046,4.544746637
"wli","Waioli",3000,3,281.3081893,248.1115977,5.909920533
"wlk","Wailaki",0,4,1448.878224,1123.499023,6.330414295
"wll","Wali (Sudan)",15000,3,215.6352457,194.3443298,4.087134123
"wln","Walloon",600000,7,11582.6676,210.8121662,4.356384635
"wlo","Wolio",65000,4,527.8291955,152.5405731,5.39710927
"wlr","Ale",100,3,33.92966325,203.6951396,5.835590839
"wls","East Uvean",9620,0,651.8803154,232.1738453,5.405962944
"wlu","Wuliwuli",0,8,39610.32906,341.3210754,5.123998642
"wlv","Wichí Lhamtés Vejoz",25000,8,66816.63394,80.98389435,3.211791992
"wlw","Walak",20000,4,529.2041146,2266.903931,7.031996489
"wlx","Wali (Ghana)",138000,4,2677.134301,131.1729622,4.152286053
"wly","Waling",0,0,2563.521775,1061.010498,4.55958581
"wmb","Wambayan",89,7,66586.42623,153.7043419,3.870023847
"wmc","Wamas",220,7,48.22398104,1746.354324,6.392463326
"wmd","Mamaindé",330,1,799.9356972,324.0096207,4.76542449
"wme","Wambule",13500,6,170.6649889,2290.923584,5.830791116
"wmh","Waima'a",18400,1,157.6340264,607.0228004,6.233151197
"wmi","Wamin",0,4,9327.909758,456.5422974,5.144154072
"wmm","Maiwa (Indonesia)",50000,5,854.3485156,1497.18335,6.643658161
"wmn","Waamwang",0,1,411.4979697,282.3995056,5.718149662
"wmo","Wom (Papua New Guinea)",4260,5,70.98203544,608.9898071,5.62084341
"wms","Wambon",3000,7,1683.725408,2189.15741,5.381336212
"wmt","Walmajarri",510,5,77266.57728,209.0156326,4.333201528
"wmw","Mwani",100000,4,3194.570457,505.9193726,5.29143548
"wnb","Wanambre",590,5,194.7235257,1746.354324,6.392463326
"wnc","Wantoat",8200,8,489.8687718,1785.090088,7.233548403
"wnd","Wandarang",0,2,3117.946269,163.1544902,4.222565174
"wne","Waneci",95000,1,994.8126288,1911.07312,6.566152096
"wng","Wanggom",1180,6,637.8087955,2189.15741,5.381336212
"wni","Ndzwani Comorian",264000,0,426.2702861,125.6003456,5.547872543
"wnk","Wanukaka",10000,3,160.3493438,252.0170937,6.014419317
"wnm","Wanggamala",0,6,43337.18222,141.613739,3.59355545
"wno","Wano",1000,6,2899.507089,2218.943115,7.205238342
"wnp","Wanap",1070,7,69.2920154,798.9605103,5.861983538
"wnu","Usan",1400,4,99.78190466,1746.354324,6.392463326
"wob","Wobe-Wè Northern",156000,5,2143.529827,242.3726425,4.399197817
"woc","Wogeo",1620,0,37.62552745,451.1397409,3.079818964
"wod","Wolani",5000,4,2529.222637,1886.921265,7.132147312
"woe","Woleaian",1630,0,2.15904715,NA,2.130705684
"wof","Gambian Wolof",185000,4,1748.392329,36.49134159,3.046697557
"wog","Wogamusin",700,4,265.4330161,1635.051239,6.233786583
"woi","Kamang",6000,4,454.4918084,777.1521912,6.346073627
"wok","Longto",2400,3,634.2135603,683.534373,5.528967063
"wol","Wolof",3942000,11,44288.72037,34.85364485,3.060215712
"wom","Wom (Nigeria)",5000,1,62.21620599,605.0307465,5.466062069
"won","Wongo",12700,3,2312.023771,262.2174988,4.549885273
"woo","Manombai",9110,0,243.4285563,119.6215363,3.308992863
"wor","Woria",5,4,309.8216872,833.0767212,6.126469135
"wos","Hanga Hundi",7200,4,740.9531398,608.9898071,5.62084341
"wow","Wawonii",30000,0,809.368454,117.3206635,5.589876652
"wpc","Maco",2500,0,6249.360033,928.5705795,5.196694255
"wra","Bauni",300,8,260.6630023,512.5372391,4.709376335
"wrb","Warluwara",0,4,29693.36007,170.6287003,4.036819816
"wrg","Warrongo",0,3,8618.826344,398.3142357,5.009575248
"wrh","Wiradhuri",100,1,94134.84034,226.8887882,3.803593993
"wri","Wariyangga",0,2,40504.06129,189.2226906,4.449293494
"wrl","Warlmanpa",47,0,2328.610219,122.8730469,3.894356251
"wrm","Warumungu",310,5,36205.00183,159.9344482,4.135321856
"wrn","Warnang",1100,1,112.6980753,336.9057007,4.371409416
"wrp","Waropen",6000,12,1198.653871,833.0767212,6.126469135
"wrr","Wardaman",84,5,20994.36553,190.073864,4.079694271
"wrs","Waris",4000,8,1026.176027,589.8666229,6.021802902
"wru","Waru",350,2,39.24978132,456.7139206,5.928067207
"wrv","Waruna",600,2,266.7586591,320.3540726,3.526711643
"wrw","Roth's Gugu Warra",0,3,6182.253313,104.0108204,4.132860184
"wrx","Kolor",3000,5,310.925155,307.4435997,5.198795259
"wry","Merwari",3900000,6,28933.6014,286.7801819,4.593674183
"wrz","Warray",0,4,3984.081249,191.4048309,4.27729702
"wsa","Warembori",600,3,1402.317691,573.8927612,5.544532776
"wsi","Kula (Vanuatu)",300,5,266.1854121,175.2849884,5.868500948
"wsk","Waskia",20000,2,194.8123893,1746.354324,6.392463326
"wsr","Oweina",350,3,75.37672915,1916.283508,6.958115339
"wss","Wasa",309000,6,10672.09118,221.3975677,4.461201668
"wsv","Wotapuri-Katarqalai",60,1,3341.648208,3754.145508,7.082107067
"wtf","Dumpu",510,2,148.3535568,2141.664124,7.110357523
"wti","Berta",209000,8,13142.45379,940.949646,5.800043106
"wtk","Watakataui",350,3,77.94944994,1519.695343,6.334013462
"wtm","Mewati",645000,4,17291.86956,235.8502693,3.992348135
"wtw","Wotu",500,2,226.1084341,1261.949554,6.6565274
"wua","Wikngenchera",50,2,97.7003107,54.80780602,3.67824614
"wub","Wunambal",30,6,17491.59062,298.2838898,5.057552338
"wud","Wudu",2000,0,0.479974614,461.5729065,5.104887962
"wul","Silimo",5000,6,1911.6606,1706.473389,5.890394211
"wum","Wumbvu",18300,2,2049.084667,436.5675456,5.251939933
"wun","Bungu",36000,5,6325.052621,891.4380086,5.950287819
"wur","Wurrugu",0,4,362.9633199,57.01037979,3.408040762
"wut","Wutung",900,1,75.19872449,589.8666229,6.021802902
"wuv","Wuvulu-Aua",1000,0,19.66084374,261.4259033,1.173056126
"wux","Wulna",1,7,2429.444304,120.5952034,3.926427603
"wuy","Wauyai",300,0,0.679506628,405.6107178,5.823155165
"wwa","Waama",50000,6,3815.80475,251.6648407,4.385844946
"wwo","Dorig",200,2,15.42251055,128.9803343,5.064426124
"wwr","Warrwa",0,4,11615.18253,244.5299683,4.768262148
"www","Wawa",3000,1,667.8570952,1229.177124,6.162100792
"wxa","Waxianghua",300000,4,2706.021801,416.6135559,5.758774757
"wya","Huron-Wyandot",24,3,89602.31765,589.7045898,5.401110411
"wyb","Ngiyambaa",12,1,28350.1726,119.2625885,3.596040726
"wym","Wymysorys",70,1,14128.50453,426.7323112,4.712732911
"wyr","Wayoró",8,2,1522.610818,328.616684,4.661884785
"wyy","Western Fijian",57000,2,5827.087004,285.3016434,5.573950768
"xab","Sambe",6,0,0.237416385,684.9346924,5.532274246
"xac","Kachari",59000,3,343.2677523,1435.66629,6.316109061
"xal","Oirad-Kalmyk",360500,9,531208.1031,1674.041992,6.403680325
"xam","/Xam",0,3,107069.4533,979.0338135,6.126178741
"xan","Xamtanga",213000,1,1964.23283,2004.53186,6.699527264
"xar","Karami",0,0,2182.996436,982.692627,4.942091465
"xas","Kamas-Koibal",0,0,33462.96509,1679.952454,6.259315729
"xat","Katawixi",10,1,457.3109996,40.19080734,2.87420857
"xau","Kauwera",400,5,628.8035125,577.4098816,5.764941692
"xav","Xavánte",9600,1,46985.14629,217.4507408,4.158711195
"xaw","Kawaiisu",5,1,263.5814074,1709.492584,6.678818226
"xay","Kayan Mahakam",1300,5,1818.963162,758.4635315,5.919966221
"xbi","Kombio",2970,5,151.5842154,608.9898071,5.62084341
"xbr","Kambera",240000,3,7481.775792,346.9176426,5.490443587
"xdy","Malayic Dayak",520000,15,35299.58491,222.3773346,4.330619812
"xed","Hdi",29000,4,161.974667,430.8778992,4.921094418
"xeg","//Xegwi",0,3,116270.566,211.4913839,4.338219802
"xel","Kelo",200,2,249.0840513,603.1664581,4.982703209
"xem","Mateq",11000,7,3280.36281,330.5325775,4.820478439
"xer","Xerénte",1810,1,3844.846768,151.7182693,4.311531544
"xes","Kesawai",770,4,193.4468907,2141.664124,7.110357523
"xeu","Keoru-Ahia",5970,5,1653.820762,1690.902893,6.805873156
"xhe","Khetrani",4000,3,4795.365449,1248.270508,5.380951166
"xho","Xhosa",8168000,4,136846.6797,1035.005722,5.933037758
"xir","Xiriâna",903,0,26268.29278,314.8571472,4.932762146
"xiy","Xipaya",1,0,56460.0508,179.632225,4.353385925
"xka","Kalkoti",6000,1,4.131645631,2698.743225,7.037541389
"xkb","Manigri-Kambolé Ede Nago",70000,9,1976.544901,246.9960098,4.595091581
"xkc","Kho'ini",0,4,15210.6029,1436.048136,6.454065641
"xkd","Mendalam Kayan",1500,4,1268.704162,627.9611664,5.675364971
"xke","Kereho",500,5,5468.731987,667.5248617,5.808999221
"xkf","Khengkha",50000,8,3287.774999,2595.684082,6.736559391
"xkg","Kagoro",15000,7,3385.270857,260.2578049,4.609569788
"xkj","Kajali",0,0,18855.95811,1610.985352,6.374935985
"xkk","Kaco'",3370,3,203.34054,862.6184998,5.62995863
"xkl","Usun Apau Kenyah",52000,33,33730.14439,778.8150431,6.153423627
"xkn","Kayan River Kayan",2000,4,9024.368165,529.5978394,6.153149128
"xkp","Kabatei",0,1,109.7134649,2267.788818,6.853163242
"xkq","Koroni",500,1,30.24832399,686.7108879,6.219071746
"xkr","Xakriabá",4643,4,268575.8373,346.3910522,5.116445541
"xks","Kumbewaha",3400,1,22.79781548,164.5274963,5.261827946
"xkt","Kantosi",2300,1,30.56728695,187.97229,4.234268188
"xku","Kaamba",3020,5,1947.692003,436.1730042,5.169130802
"xkv","Kgalagadi",40000,13,221916.7085,178.5701904,4.046651204
"xkw","Kembra",20,4,82.6466046,1651.89798,6.48093915
"xkx","Karore",550,2,519.3331609,588.6494242,6.193855286
"xky","Uma' Lasan",2750,4,1771.686875,888.9648438,6.092377186
"xkz","Kurtokha",15000,4,1201.963158,2595.684082,6.736559391
"xla","Kamula",800,7,6453.08759,602.1079865,4.109507084
"xmb","Mbonga",1490,1,99.21955274,319.2514038,4.543682575
"xmc","Makhuwa-Marrevone",463000,5,9307.327348,408.3761292,4.727721214
"xmd","Mbedam",6000,4,88.08393719,348.2653224,4.445327838
"xmf","Mingrelian",500000,3,8176.660857,2058.732849,6.638785362
"xmg","Mengaka",20000,9,372.7022008,1160.120392,5.858618736
"xmh","Kuku-Muminh",31,2,84.69799712,54.80780602,3.67824614
"xmj","Majera",500,4,599.569696,108.8862381,3.058891535
"xmp","Kuku-Mu'inh",0,2,639.4106535,54.80780602,3.67824614
"xmt","Matbat",1250,0,2070.564381,308.5670166,4.70055151
"xmu","Kamu",0,1,4255.88953,215.6945076,4.435389638
"xmv","Antankarana Malagasy",330000,3,25561.53043,537.8883667,6.133768082
"xmw","Tsimihety Malagasy",1615000,4,41892.99609,772.3167826,6.041693687
"xmx","Maden",600,1,549.5581928,284.275116,4.975773096
"xmy","Mayaguduna",0,6,23590.46093,171.6573868,3.87718451
"xmz","Mori Bawah",14000,6,2464.564699,1211.474731,6.752388
"xnb","Kanakanavu",4,0,0.166974198,1091.506744,6.808021188
"xnn","Northern Kankanay",70000,8,587.6616996,658.1363068,6.420113921
"xnr","Kangri",1700000,7,7504.574803,2756.664307,5.860176086
"xns","Kanashi",1400,5,1216.166206,3362.310303,7.012257814
"xod","Kokoda",3700,4,662.9900637,748.3078003,5.628991604
"xog","Soga",2060000,10,9972.303152,329.7363052,3.898525834
"xoi","Kominimung",320,5,60.42971191,1692.247772,6.021868944
"xok","Xokleng",760,1,1116.389455,872.824585,5.732634544
"xom","Komo (Sudan)",18530,7,3639.892954,792.7073898,4.860011339
"xon","Konkomba",550100,8,9443.361256,238.33815,4.479211211
"xoo","Xukurú",6363,5,71480.53021,519.0760498,5.309246063
"xop","Kopar",540,2,228.052055,897.2494507,5.110510349
"xor","Korubo",26,1,457.7725736,68.30862045,3.534873962
"xow","Kowaki",25,3,27.43597203,1746.354324,6.392463326
"xpe","Liberia Kpelle",760000,11,18952.38219,488.4911499,4.835253239
"xpk","Kulina Pano",32,1,1586.534782,70.41717529,3.49104619
"xrb","Eastern Karaboro",35000,6,1908.562056,183.5507813,4.371095181
"xru","Marriammu",5,2,1161.691806,186.7686768,4.604051272
"xrw","Karawa",63,0,3.09283665,798.9605103,5.861983538
"xsb","Tinà Sambal",70000,4,1498.598577,298.5857239,6.189279079
"xse","Sempan",1000,4,4196.470027,1322.298523,6.052072763
"xsh","Shamang",0,1,2.59011598,684.9346924,5.532274246
"xsi","Sio",3500,4,105.5434599,1394.412415,6.872071266
"xsl","South Slavey",530,2,1620.812866,356.3068314,5.061025977
"xsm","Kasem",250000,8,5800.668016,146.0436668,4.053298473
"xsn","Sanga (Nigeria)",20100,4,132.1501227,679.3311615,5.087510467
"xsp","Silopi",180,5,25.81502846,1726.859233,6.443741798
"xsq","Makhuwa-Saka",212000,2,7054.84144,333.6403046,4.945397139
"xsr","Solu-Khumbu Sherpa",164100,11,3452.352106,2290.923584,5.830791116
"xsu","Sanumá",5070,3,16610.72384,896.4226074,6.020016074
"xsy","Saisiyat",4750,2,101.4961263,1115.238464,6.764695644
"xta","Alcozauca Mixtec",10000,5,367.4410854,1937.062744,6.740927696
"xtb","Chazumba Mixtec",3790,2,325.1235742,1619.690674,6.637590408
"xtc","Katcha-Kadugli-Miri",75000,7,1318.148,306.5653992,4.566905975
"xtd","Diuxi-Tilantongo Mixtec",3410,3,120.1296811,1929.708313,6.722405553
"xte","Ketengban",9970,8,4533.234696,1920.527695,5.931137681
"xti","Sinicahua Mixtec",1110,3,80.84467182,1929.708313,6.722405553
"xtj","San Juan Teita Mixtec",330,3,114.5336178,1929.708313,6.722405553
"xtl","Tijaltepec Mixtec",3250,5,160.4765881,1929.708313,6.722405553
"xtm","Magdalena Peñasco Mixtec",7350,5,224.4937628,1929.708313,6.722405553
"xtn","Northern Tlaxiaco Mixtec",12300,4,367.2916567,1937.062744,6.740927696
"xtp","San Miguel Piedras Mixtec",460,3,19.4544851,1929.708313,6.722405553
"xts","Sindihui Mixtec",34,2,47.64401838,1929.708313,6.722405553
"xtt","Tacahua-Yolotepec Mixtec",390,3,54.84587527,1947.480916,6.786292871
"xtu","Cuyamecalco Mixtec",1880,3,53.10251682,1748.040588,6.584167004
"xtw","Tawandê",0,1,136.8283589,398.9295044,5.008751869
"xty","Yoloxochitl Mixtec",10600,2,120.5951776,1793.602051,6.879733324
"xua","Alu Kurumba",2500,2,219.2709978,792.9188232,5.967473507
"xub","Betta Kurumba",32000,5,425.0920326,792.9188232,5.967473507
"xug","Kunigami",5000,1,822.4288842,67.99426079,4.407504082
"xuj","Jennu Kurumba",35000,3,379.2183429,792.9188232,5.967473507
"xuo","Kuo",20250,6,1345.335912,534.5875778,5.015128374
"xut","Kuthant",0,3,1979.6162,113.9680786,3.636664927
"xuu","Kxoe",6790,18,92676.98774,363.8392639,4.800489426
"xvi","Kamviri",20000,3,14.63725336,3118.088379,7.133195162
"xwa","Kwaza",7,1,570.6754039,328.616684,4.661884785
"xwe","Xwela Gbe",65000,6,464.8275464,204.5183252,4.716890335
"xwg","Kwegu",1640,3,93.0786981,1192.08197,6.184929371
"xwl","Western Xwla Gbe",71000,8,403.2348719,204.5183252,4.716890335
"xwr","Kwerba Mamberamo",300,7,1383.271197,1422.156906,6.39846909
"xxk","Kéo",40000,2,200.9238684,574.1831055,6.362447262
"yaa","Yaminahua",1570,8,23998.80015,238.2434387,3.950047135
"yab","Yuhup",400,6,2871.988364,75.88871765,3.476816893
"yac","Pass Valley Yali",5000,9,2648.286493,2314.864746,6.858754635
"yad","Yagua",5690,5,19048.43392,55.92948532,3.377332211
"yae","Pumé",7900,4,34261.49556,185.4695587,3.228802681
"yaf","Yaka-Pelende-Lonzo",900000,11,42045.24434,395.6172333,5.166785717
"yag","Yámana",1,3,44382.56555,354.1165441,5.609635671
"yah","Yazgulyam",9000,2,480.5809484,2610.538452,7.08281064
"yai","Yagnobi",12000,1,214.9712421,3109.350342,7.101435661
"yaj","Banda-Yangere",26500,5,6338.879898,215.5530345,4.60851415
"yak","Northwest Sahaptin",25,1,5088.960443,1053.687927,6.280107021
"yal","Yalunka",104500,7,12230.35912,331.518959,4.960406899
"yam","Yamba",80000,8,802.0679812,1108.035416,5.829763412
"yao","Yao",3116000,12,107617.2941,659.2975769,5.59995079
"yap","Yapese",6590,1,96.73499439,0,1.23994565
"yaq","Yaqui",12230,3,11998.16183,1210.456573,6.019402742
"yar","Yabarana",20,0,1182.422315,1109.731079,5.748275518
"yas","Nugunu (Cameroon)",35000,5,226.1866459,786.6901398,5.513936996
"yat","Yambeta",3700,6,415.0401844,786.6901398,5.513936996
"yau","Hoti",640,3,8958.76798,1088.217896,6.389272213
"yav","Yangben",2300,7,141.7432116,786.6901398,5.513936996
"yaw","Yawalapití",15,6,2927.875944,123.9270954,3.853194118
"yay","Agwagwune",20000,5,217.0814002,370.4517517,4.67139864
"yaz","Lokaa",120000,7,392.6905245,370.4517517,4.67139864
"yba","Yala",200000,14,1197.385949,526.8097941,4.974164168
"ybb","Yemba",300000,6,833.6826911,1330.718506,6.410482407
"ybe","West Yugur",4600,2,4683.518668,2575.279785,6.406382084
"ybh","Yakkha",20410,10,506.7136023,2185.364502,6.084828138
"ybi","Yamphu",9210,5,199.1663082,2185.364502,6.084828138
"ybj","Hasha",3000,8,94.69143083,877.9816895,5.435926914
"ybk","Bokha",10000,6,1624.356358,822.9082642,6.331966639
"ybl","Yukuben",15950,9,766.6372395,882.7237549,5.439715385
"ybm","Yaben",700,5,156.6603884,1726.859233,6.443741798
"ybn","Yabaâna",90,0,37675.15699,531.9434509,3.977210641
"ybo","Yabong",1500,4,57.96646431,1796.082153,7.287487507
"ybx","Yawiyo",66,2,304.7174573,1635.051239,6.233786583
"yby","Yaweyuha",2000,4,57.02618577,1963.67867,6.884284019
"ych","Chesu",3300,7,2470.598861,852.3858032,6.32908392
"ycl","Lolopo",380000,4,15184.11946,1112.22227,6.512419542
"ycn","Yucuna",1800,4,1368.932742,68.42059898,3.543537378
"ycp","Chepya",2000,1,900.1333118,711.7995605,6.05496645
"yde","Yangum Dey",180,6,28.47500212,798.9605103,5.861983538
"ydg","Yidgha",6150,1,59.92043779,2698.743225,7.037541389
"ydk","Yoidik",770,4,22.1421199,1746.354324,6.392463326
"yea","Ravula",26900,2,813.8322849,699.5824585,6.154020905
"yee","Yimas",300,4,97.09125782,1605.971558,6.177941203
"yei","Yeni",0,2,329.1504778,1109.349701,5.734427929
"yel","Yela-Kela",33000,5,15736.271,111.9277802,3.830249548
"yer","Tarok",300000,14,4761.058515,1071.028687,5.339579582
"yes","Yeskwa",70000,6,778.8288585,684.9346924,5.532274246
"yet","Yetfa",1000,7,979.7987506,1651.89798,6.48093915
"yeu","Yerukula",69500,1,9238.294162,440.5854187,5.336361408
"yev","Yeri",60,5,17.34650713,798.9605103,5.861983538
"yey","Yeyi",55000,16,80942.09959,109.4469223,3.561111271
"ygl","Yangum Gel",45,5,14.83947256,798.9605103,5.861983538
"ygm","Yagomi",280,3,4.093884662,1796.082153,7.287487507
"ygp","Gepo",100000,6,5033.713776,962.2592163,6.303475022
"ygr","Yagaria",21100,8,510.0894055,1916.283508,6.958115339
"ygw","Yagwoia",10000,8,1030.238736,1690.902893,6.805873156
"yha","Baha Buyang",600,2,89.67944709,1033.785522,6.098367691
"yhl","Hlepho Phowa",36000,7,2005.607155,822.9082642,6.331966639
"yia","Yinggarda",5,2,32461.21224,174.533062,4.409984946
"yif","Ache",35000,6,6564.385237,1031.642914,6.439374447
"yig","Wusa Nasu",500000,6,10513.8963,1040.320699,6.377994696
"yih","Western Yiddish",5000,1,20665.21002,241.7996521,4.365761757
"yii","Yidiñ",150,2,641.0483876,566.4544144,5.779281735
"yij","Yindjibarndi",310,4,34286.26365,263.0244961,5.022617698
"yik","Dongshanba Lalo",30000,4,4514.135973,1394.211899,6.678578973
"yil","Yindjilandji",0,4,45986.29839,140.3062439,3.845170021
"yim","Yimchungru Naga",92100,4,959.263708,1489.161133,6.548625231
"yin","Yinchia",12000,1,6955.568924,709.3181763,6.125241756
"yip","Pholo",30000,4,2044.194045,880.9301453,6.089141846
"yiq","Miqie",30000,4,1246.072681,962.2592163,6.303475022
"yir","North Awyu",1500,5,1088.341354,2189.15741,5.381336212
"yis","Yis",320,4,194.8492981,798.9605103,5.861983538
"yit","Eastern Lalu",38000,1,3161.822309,813.2087402,6.295445283
"yiu","Southern Awu (Lope)",20000,3,1586.728224,728.0747681,6.079916
"yiv","Northern Nisu",160000,3,754.4253393,852.3858032,6.32908392
"yix","Axi Yi",100000,5,14978.45325,728.0747681,6.079916
"yiz","Azhe",54000,3,1266.623096,728.0747681,6.079916
"yka","Yakan",106000,1,1043.833204,271.4069357,5.555181344
"ykg","Northern Yukaghir",370,3,8321.14765,538.6414948,4.75717926
"yki","Yoke",200,4,542.3419167,573.8927612,5.544532776
"ykk","Yakaikeke",100,1,2.340803706,724.4180908,6.134134293
"ykl","Khlula",21000,3,1193.059848,982.96875,6.227783203
"ykm","Kap",3460,3,73.10967817,619.7823079,4.299007734
"yko","Yasa",2400,5,673.1792951,525.444046,5.706186295
"ykr","Yekora",1050,2,91.81885183,1763.608978,7.142966628
"ykt","Thou-Kathu",5000,2,3521.310684,1033.785522,6.098367691
"yky","Yakoma",100000,7,1580.384363,133.8970375,4.197767019
"yla","Ulwa (Papua New Guinea)",1210,1,90.60745103,1605.971558,6.177941203
"yle","Yele",3750,0,294.5342415,135.5990906,4.694740295
"ylg","Yalaku",160,2,138.8302556,608.9898071,5.62084341
"yli","Angguruk Yali",15000,8,3783.124502,2314.864746,6.858754635
"yll","Yil",2470,4,73.73150776,798.9605103,5.861983538
"ylm","Limi",29000,2,4102.590865,875.4408569,6.50228548
"yln","Langnian Buyang",300,2,63.44335088,881.651886,5.959681749
"ylo","Naluo Yi",15000,5,16435.96839,1134.288147,6.402450085
"ylr","Yalarnnga",0,5,23578.27089,239.1711044,4.351322651
"ylu","Aribwaung",500,1,39.92847819,1785.090088,7.233548403
"yly","Belep",1960,3,491.3677933,282.3995056,5.718149662
"ymb","Yambes",1080,3,36.57193985,608.9898071,5.62084341
"ymc","Southern Muji",26000,3,651.6838756,822.9082642,6.331966639
"ymd","Muda",2000,4,1963.268562,683.3406982,6.141578913
"yme","Yameo",0,1,17099.21879,69.11356354,3.374243577
"ymh","Mili",23000,2,5286.7183,863.9133301,6.4156847
"ymi","Moji",2000,5,1149.6102,982.96875,6.227783203
"ymk","Makwe",32000,3,5326.312063,434.3202972,5.418723822
"yml","Iamalele",2800,3,265.743197,678.3092041,6.095396519
"ymm","Maay",1860000,6,83988.63076,358.9256795,4.851160367
"ymn","Yamna",560,3,82.35502936,580.927002,5.985350609
"ymo","Yangum Mon",730,7,78.66473053,798.9605103,5.861983538
"ymp","Yamap",1580,1,206.0071713,1774.098022,7.179609299
"ymq","Qila Muji",1500,0,550.8970775,917.7417603,6.584017277
"ymr","Malasar",7760,2,491.4762471,859.1639404,6.48571682
"ymx","Northern Muji",9000,5,985.3996973,822.9082642,6.331966639
"ymz","Muzi",10000,6,1746.188989,832.7341105,6.331005732
"yna","Aluo",25000,6,11243.6564,1210.900024,6.549664974
"ynd","Yandruwandha",0,4,43838.57498,122.9449539,3.96415019
"yng","Yango",3000,1,43.0509018,119.3866882,3.587871552
"ynk","Naukan Yupik",510,1,2511.398038,280.5315304,5.394042492
"ynl","Yangulam",400,2,41.02924641,2141.664124,7.110357523
"yno","Yong",12600,2,1935.64837,769.4099121,6.074773073
"yns","Yansi",100000,11,21706.42366,211.6596298,4.243770242
"ynu","Yahuna",0,5,36710.99663,2686.642334,7.096059799
"yob","Yoba",0,2,375.9813467,925.5508041,6.496482968
"yog","Yogad",16000,2,141.4177337,1322.505371,6.531216621
"yoi","Yonaguni",800,0,30.07998727,9.518356323,4.251394749
"yok","Northern Yokuts",50,2,320.8310136,2382.043213,6.649955273
"yom","Yombe",1056400,8,20265.64292,358.3600718,5.081846078
"yon","Yonggom",6000,7,2984.880228,1366.703201,4.720459223
"yor","Yoruba",18900000,28,101913.4775,327.3802338,4.706530094
"yox","Yoron",950,0,18.18079269,65.58915901,4.540869474
"yoy","Yoy",6000,4,496.4616952,515.1317444,5.389904261
"ypa","Phala",12000,2,1324.457592,802.500473,6.261995912
"ypb","Labo Phowa",17000,4,1792.938501,728.0747681,6.079916
"ypg","Phola",13000,4,1011.076474,802.500473,6.261995912
"yph","Phupha",1300,4,1689.819729,802.500473,6.261995912
"ypm","Phuma",8000,5,1790.453518,982.96875,6.227783203
"ypn","Ani Phowa",10000,5,1334.035979,822.9082642,6.331966639
"ypo","Alo Phola",500,3,781.1607666,782.0926819,6.192025185
"ypp","Phupa",3000,4,382.8172981,822.9082642,6.331966639
"ypz","Phuza",6000,5,401.2262214,822.9082642,6.331966639
"yra","Yerakai",380,2,183.3541517,1519.695343,6.334013462
"yrb","Yareba",750,7,1270.255929,1962.103271,7.013994217
"yre","Yaouré",40000,2,106.2585749,151.1073151,4.125975847
"yrk","Tundra Nenets",21900,4,104017.8938,78.03563309,3.508195281
"yrl","Nhengatu",19060,8,7529.07826,374.4642258,3.959636688
"yrn","Yerong-Southern Buyang",380,3,292.3051627,905.8083649,5.901335478
"yrw","Yarawata",130,2,30.47864555,1746.354324,6.392463326
"ysd","Samatao",400,7,3600.240651,962.2592163,6.303475022
"ysn","Sani",100000,4,3376.000333,790.2302856,6.20449996
"yso","Nisi (China)",36000,1,946.4080068,982.96875,6.227783203
"ysr","Old Sirenik",0,4,93000.34123,498.6288452,5.309902191
"yss","Yessan-Mayo",1990,2,387.8778122,1342.773966,6.257050196
"ysy","Sanie",8000,4,1690.962898,1031.642914,6.439374447
"yta","Lavu-Yongsheng-Talu",13600,2,4411.173471,1210.900024,6.549664974
"ytl","Tanglang-Toloza",950,1,2162.292846,1449.696716,6.747297525
"ytp","Thopho",200,2,370.838252,1033.785522,6.098367691
"yua","Yucatec Maya",741000,4,135839.8328,180.2095032,3.976371765
"yub","Yugambal",0,4,14033.96596,408.3609886,5.341205478
"yuc","Yuchi",5,1,58.92118749,217.6283951,4.317722082
"yuf","Havasupai-Walapai-Yavapai",1600,1,4157.472727,1238.200592,6.373530388
"yui","Yurutí",1150,6,867.1433795,79.70248222,3.611840963
"yuj","Karkar-Yuri",1140,4,371.9066896,988.9312134,6.103123665
"yuk","Yuki",1200,3,1642.04679,1175.93335,6.383811235
"yul","Yulu",10000,10,5712.454338,445.442749,4.853189945
"yum","Quechan",150,3,230.529561,539.3342896,5.515458584
"yun","Bena (Nigeria)",95000,7,636.1826481,496.9773712,5.214917302
"yup","Yukpa",6020,2,3776.536363,2271.897095,6.556311607
"yuq","Yuqui",120,1,226.6663381,1817.263412,5.425481558
"yur","Yurok",12,2,296.8468245,1228.367676,6.437208176
"yut","Yopno",9000,5,508.2067829,1796.082153,7.287487507
"yuw","Yau (Morobe Province)",1700,4,292.1102431,1785.090088,7.233548403
"yux","Southern Yukaghir",370,1,3648.952815,737.7848206,5.347293258
"yuy","East Yugur",4000,2,1389.689259,1211.839355,6.311390638
"yuz","Yuracaré",2680,1,915.1456996,1817.263412,5.425481558
"yva","Yawa",10000,4,922.0426623,370.4379883,5.775818348
"yvt","Yavitero",1,2,60099.0697,977.8757172,5.531411052
"ywa","Kalou",1370,1,77.05062327,798.9605103,5.861983538
"ywl","Western Lalu",38000,4,4670.447002,1394.211899,6.678578973
"ywn","Yawanawa",520,1,965.6383617,238.0363312,3.921538949
"ywq","Wuding-Luquan Yi",250000,3,5106.638328,1134.288147,6.402450085
"ywt","Xishanba Lalo",213000,8,15267.42917,1053.026917,6.509886026
"ywu","Wumeng Nasu",150000,1,3300.854464,1346.060221,6.340257168
"yww","Yawarawarga",0,4,47462.68367,111.0633698,3.939935446
"yyu","Yau (Sandaun Province)",140,4,4.630982414,798.9605103,5.861983538
"yyz","Ayizi",50,4,13534.56143,892.8755188,6.167575598
"yzg","E'ma Buyang",600,3,73.39396768,881.651886,5.959681749
"yzk","Zokhuo",13000,3,1663.882307,982.96875,6.227783203
"zaa","Sierra de Juárez Zapotec",4000,4,204.9226688,1922.353882,6.70388341
"zab","San Juan Guelavía Zapotec",28000,4,617.2857111,1922.353882,6.70388341
"zac","Ocotlán Zapotec",15000,2,48.29187233,2111.376038,6.860644102
"zad","Cajonos Zapotec",5000,4,84.13852785,1922.353882,6.70388341
"zae","Yareni Zapotec",2900,4,77.02311112,1929.708313,6.722405553
"zaf","Ayoquesco Zapotec",880,1,39.19116836,2111.376038,6.860644102
"zag","Beria",162000,5,121124.0926,447.6620789,4.934745471
"zah","Zangwal",100,5,17.5706144,819.1970825,5.055850029
"zai","Isthmus Zapotec",85000,4,1674.351987,902.1936035,6.28861618
"zaj","Zaramo",0,6,9835.223904,637.9710693,5.207961082
"zak","Zanaki",100000,6,914.2897386,584.9519272,4.817117929
"zal","Zauzou",2100,2,191.1661333,1587.727173,6.803325415
"zam","Cuixtla-Xitla Zapotec",1000,2,187.0670802,1968.317261,6.87702322
"zao","Ozolotepec Zapotec",6500,7,793.9990887,1968.317261,6.87702322
"zaq","Aloápam Zapotec",3400,3,106.4151216,1929.708313,6.722405553
"zar","Rincón Zapotec",29200,5,866.1471301,1922.353882,6.70388341
"zas","Santo Domingo Albarradas Zapotec",5500,2,34.15970683,1922.353882,6.70388341
"zat","Tabaa Zapotec",2000,6,90.57774811,1922.353882,6.70388341
"zau","Zangskari",12000,4,1261.158484,1977.630615,7.024127483
"zav","Yatzachi Zapotec",2500,3,22.47844963,1922.353882,6.70388341
"zaw","Mitla Zapotec",19500,5,553.5384091,1968.317261,6.87702322
"zax","Xadani Zapotec",340,1,18.9784188,1968.317261,6.87702322
"zay","Zayse-Zergulla",18500,5,508.0422895,1318.511149,6.450724761
"zbc","Central Berawan",1500,6,159.6461457,657.9857178,5.671733379
"zbe","East Berawan",1100,3,250.0561566,657.9857178,5.671733379
"zbt","Batui",2900,1,80.24136219,785.106842,6.428575039
"zbw","West Berawan",1000,5,99.99423221,455.9609299,5.545972347
"zca","Coatecas Altas Zapotec",4880,1,65.35579176,1968.317261,6.87702322
"zch","Central Hongshuihe Zhuang",1080000,8,13664.12461,520.7118225,5.391028086
"zdj","Ngazidja Comorian",300000,0,1031.561778,121.718516,5.547872543
"zea","Zeeuws",220000,1,1346.151369,25.5106678,3.766539097
"zeg","Zenag",1820,7,87.86212319,1774.098022,7.179609299
"zeh","Eastern Hongshuihe Zhuang",1200000,11,13715.77373,551.7311096,5.646678686
"zen","Zenaga",200,2,3777.998022,29.00229931,3.033137321
"zga","Kinga",140000,5,2079.928842,1259.50885,6.45671463
"zgb","Guibei Zhuang",1500000,19,18756.18975,570.6807022,5.678006172
"zgm","Minz Zhuang",173000,2,450.2243929,1143.029236,6.123599768
"zgn","Guibian Zhuang",1000000,18,19018.65951,1033.785522,6.098367691
"zgr","Magori",100,2,76.46103776,925.5508041,6.496482968
"zhb","Zhaba",7800,2,1401.641773,1256.721527,6.644133329
"zhd","Dai Zhuang",100000,7,3362.529454,982.96875,6.227783203
"zhi","Zhire",0,2,14.88159038,539.4652405,5.119170904
"zhn","Nong Zhuang",500000,9,4836.242552,1004.71108,6.109038512
"zhw","Zhoa",0,4,7.687264098,1106.72113,5.925098896
"zia","Zia",4500,3,650.7118156,1763.608978,7.142966628
"zik","Zimakani",1500,2,2825.396016,221.5233459,3.276922703
"zim","Mesme",20100,4,522.4763134,248.8071747,4.397489071
"zin","Zinza",138000,4,6843.04873,312.0964622,4.421731591
"zir","Ziriya",2000,0,1788.131776,480.6806335,4.739094019
"ziw","Zigula-Mushungulu",355000,7,13259.49311,1033.989502,5.841488838
"ziz","Zizilivakan",6200,4,71.86554503,467.9548645,5.13854599
"zka","Kaimbulawa",2200,1,21.96928281,152.5405731,5.39710927
"zkp","São Paulo Kaingáng",0,2,8269.854549,437.9663696,5.490657806
"zkr","Zakhring",900,4,55177.75102,1199.691162,6.559761047
"zlj","Liujiang Zhuang",1560000,9,9822.935874,571.2910767,5.503718376
"zln","Lianshan Zhuang",48000,3,710.8566598,662.477417,5.894035339
"zlq","Liuqian Zhuang",370000,3,1583.958124,532.1711426,5.789638996
"zma","Manda (Australia)",25,3,291.8066932,186.7686768,4.604051272
"zmb","Zimba",120000,7,8183.25228,624.9706879,5.055910826
"zmc","Margany",0,5,59113.64779,160.7686005,4.018856049
"zmd","Maridan",20,5,645.7372131,186.7686768,4.604051272
"zme","Mangerr",0,1,1533.770556,169.3298397,4.232854426
"zmf","Mfinu",8400,5,2644.822797,365.6601715,5.025435209
"zmg","Marti Ke",3,4,450.3545891,186.7686768,4.604051272
"zmh","Makolkol",0,0,664.9349633,607.9211121,6.586853743
"zmj","Maridjabin",20,3,327.350577,186.7686768,4.604051272
"zmk","Mandandanyi",0,6,33309.54516,261.768692,4.484648705
"zml","Madngele",15,3,794.7063862,185.4514236,4.499478102
"zmm","Marimanindji",15,3,743.2091172,185.4514236,4.499478102
"zmn","Mbangwe",5200,6,2644.526733,455.3654785,4.911571503
"zmo","Molo",100,2,95.84523293,265.3832703,4.165363312
"zmp","Mbuun",165000,5,7782.009686,266.3155568,4.499850035
"zmq","Mituku",50900,7,8688.122435,167.0531845,3.967044413
"zmr","Maranunggu",15,5,593.0681102,185.4514236,4.499478102
"zms","Mbesa",8400,6,5335.261426,114.4690933,4.174350262
"zmt","Maringarr",30,3,1660.702794,236.7591553,4.878245831
"zmu","Muruwari",0,4,60449.85881,110.9494553,3.315489531
"zmv","Rimanggudhinma",0,4,1799.115733,242.7701874,4.67033124
"zmw","Mbo (Democratic Republic of Congo)",11000,6,3170.748819,455.4501038,4.94449091
"zmx","Bomitaba",9600,4,4967.432317,125.2830887,3.498008966
"zmy","Mariyedi",20,3,208.6155155,186.7686768,4.604051272
"zmz","Mbandja",361060,15,7700.128088,174.1576538,4.10751152
"zna","Zan Gula",5000,6,1753.993526,152.2463379,3.985464811
"zne","Zande",1142000,22,159417.2379,99.75690842,3.747719407
"zng","Mang",3160,5,176.2055952,814.7706604,6.319491863
"zns","Mangas",100,2,5.89581367,819.1970825,5.055850029
"zoc","Copainalá Zoque",10000,2,152.8465908,809.1315994,5.71404624
"zoh","Chimalapa Zoque",4500,1,728.2837815,902.1936035,6.28861618
"zom","Zou",81900,6,1963.8438,1168.387736,6.047705968
"zoo","Asunción Mixtepec Zapotec",100,2,131.7564528,2111.376038,6.860644102
"zoq","Tabasco Zoque",2,2,265.5974149,182.2851868,4.591830254
"zor","Rayón Zoque",2100,2,179.9855048,809.1315994,5.71404624
"zos","Francisco León Zoque",20000,3,1694.443177,809.1315994,5.71404624
"zpa","Lachiguiri Zapotec",5000,3,640.0200774,1435.255432,6.5828197
"zpb","Yautepec Zapotec",310,1,47.61401011,1968.317261,6.87702322
"zpc","Choapan Zapotec",12000,4,840.1946188,1294.110046,6.223255157
"zpd","Southeastern Ixtlán Zapotec",6000,3,252.3291937,1922.353882,6.70388341
"zpe","Petapa Zapotec",8000,1,98.49228592,1435.255432,6.5828197
"zpf","San Pedro Quiatoni Zapotec",14800,2,384.016607,1968.317261,6.87702322
"zpg","Guevea De Humboldt Zapotec",4720,3,738.846003,1435.255432,6.5828197
"zph","Totomachapan Zapotec",260,1,17.70791109,2111.376038,6.860644102
"zpi","Santa María Quiegolani Zapotec",2000,5,281.8553921,1968.317261,6.87702322
"zpj","Quiavicuzas Zapotec",4000,5,317.0227742,1435.255432,6.5828197
"zpk","Tlacolulita Zapotec",140,1,83.17363304,1435.255432,6.5828197
"zpl","Lachixío Zapotec",6500,2,261.7630599,2111.376038,6.860644102
"zpm","Mixtepec Zapotec",7000,8,403.3588552,1968.317261,6.87702322
"zpn","Santa Inés Yatzechi Zapotec",2240,3,41.6815429,2111.376038,6.860644102
"zpo","Amatlán Zapotec",10000,4,121.2998572,1968.317261,6.87702322
"zpp","El Alto Zapotec",900,1,52.09590927,2111.376038,6.860644102
"zpq","Zoogocho Zapotec",1000,5,94.6448087,1922.353882,6.70388341
"zpr","Santiago Xanica Zapotec",2500,3,119.3033951,1968.317261,6.87702322
"zps","Coatlán Zapotec",500,3,214.3717179,2111.376038,6.860644102
"zpt","San Vicente Coatlán Zapotec",3380,1,57.64045608,2111.376038,6.860644102
"zpu","Yalálag Zapotec",3500,6,73.98998434,1922.353882,6.70388341
"zpv","Chichicapan Zapotec",2720,3,78.61958071,1968.317261,6.87702322
"zpw","Zaniza Zapotec",770,2,162.9623818,2111.376038,6.860644102
"zpx","San Baltazar Loxicha Zapotec",1500,2,89.16419393,2111.376038,6.860644102
"zpy","Mazaltepec Zapotec",2200,1,9.554412517,1929.708313,6.722405553
"zpz","Texmelucan Zapotec",4100,1,340.4610374,2111.376038,6.860644102
"zqe","Qiubei Zhuang",140000,7,2568.52034,880.9301453,6.089141846
"zrn","Zirenkel",2240,3,145.1865625,195.8860397,3.949975967
"zro","Záparo",5,2,13871.0074,193.1027985,4.271639347
"zrs","Mairasi",3300,6,5179.394183,740.1288452,5.99274826
"zsa","Sarasira",600,4,52.00097119,1785.090088,7.233548403
"zsr","Southern Rincon Zapotec",12000,3,108.1600692,1922.353882,6.70388341
"zsu","Sukurum",1160,4,108.878211,1785.090088,7.233548403
"zte","Elotepec Zapotec",200,1,17.12494411,2111.376038,6.860644102
"ztg","Xanaguía Zapotec",2500,5,125.6474296,1968.317261,6.87702322
"ztl","Lapaguía-Guivini Zapotec",4200,5,122.8035894,1968.317261,6.87702322
"ztm","San Agustín Mixtepec Zapotec",59,3,27.10645522,1968.317261,6.87702322
"ztn","Santa Catarina Albarradas Zapotec",1000,2,71.31418309,1922.353882,6.70388341
"ztp","Loxicha Zapotec",75000,1,1687.04904,1968.317261,6.87702322
"ztq","Quioquitani-Quieri Zapotec",4000,3,469.8720597,1968.317261,6.87702322
"zts","Tilquiapan Zapotec",5000,2,29.80620029,1968.317261,6.87702322
"ztt","Tejalapan Zapotec",120,1,4.736976369,1929.708313,6.722405553
"ztu","Güilá Zapotec",9500,4,75.05401925,1968.317261,6.87702322
"ztx","Zaachila Zapotec",550,1,49.39699118,2033.047526,6.750677268
"zty","Yatee Zapotec",5000,4,55.70787331,1922.353882,6.70388341
"zua","Zeem",400,7,284.6803661,679.3311615,5.087510467
"zuh","Tokano",6000,3,37.46072964,1963.67867,6.884284019
"zul","Zulu",11851000,10,126779.7301,1358.522502,5.860776424
"zum","Kumzari",2300,1,292.0659435,519.4312744,6.244739056
"zun","Zuni",9650,2,1840.685062,979.5523071,5.885689259
"zuy","Zumaya",25,1,34.76096992,269.8820686,3.989992976
"zwa","Zay",4880,2,571.3537283,1318.518066,6.72128129
"zyb","Yongbei Zhuang",1980000,10,10963.55527,542.4480515,5.427557707
"zyg","Yang Zhuang",765000,9,7375.955067,905.8083649,5.901335478
"zyj","Youjiang Zhuang",870000,8,8062.289994,729.5182495,5.820995808
"zyn","Yongnan Zhuang",1800000,6,15001.67329,434.4914398,5.192758322
"zyp","Zyphe",20000,5,889.1440894,1138.572601,5.978859425
"zzj","Zuojiang Zhuang",1500000,9,13471.34396,607.6567383,5.537146568
