"","Population","Publication","glottocodeBase","SNP.coverage","lat","lon","Order"
"1","Abazin","Jeong_2019","abaz1241","586658",44.15,42.2,1
"2","Abazin","Jeong_2019","abaz1241","589055",44.15,42.2,2
"3","Abazin","Jeong_2019","abaz1241","589232",44.15,42.2,3
"4","Abazin","Jeong_2019","abaz1241","588564",44.15,42.2,4
"5","Abazin","Jeong_2019","abaz1241","588758",44.15,42.2,5
"6","Abazin","Jeong_2019","abaz1241","588838",44.15,42.2,6
"7","Abazin","Jeong_2019","abaz1241","589126",44.15,42.2,7
"8","Abazin","Jeong_2019","abaz1241","588908",44.15,42.2,8
"9","Abazin","Jeong_2019","abaz1241","589000",44.15,42.2,9
"10","Abazin","Jeong_2019","abaz1241","589038",44.15,42.2,10
"11","Abkhasian","LazaridisNature2014","abkh1244","596356",43.003333,41.015278,11
"12","Abkhasian","LazaridisNature2014","abkh1244","596796",43.003333,41.015278,12
"13","Abkhasian","LazaridisNature2014","abkh1244","591638",43.003333,41.015278,13
"14","Abkhasian","LazaridisNature2014","abkh1244","595921",43.003333,41.015278,14
"15","Abkhasian","LazaridisNature2014","abkh1244","595536",43.003333,41.015278,15
"16","Abkhasian","LazaridisNature2014","abkh1244","596941",43.003333,41.015278,16
"17","Abkhasian","LazaridisNature2014","abkh1244","595151",43.003333,41.015278,17
"18","Abkhasian","LazaridisNature2014","abkh1244","596767",43.003333,41.015278,18
"19","Abkhasian","LazaridisNature2014","abkh1244","597024",43.003333,41.015278,19
"20","Adygei","PattersonGenetics2012","adyg1241","595647",44,39,20
"21","Adygei","PattersonGenetics2012","adyg1241","596583",44,39,21
"22","Adygei","PattersonGenetics2012","adyg1241","596782",44,39,22
"23","Adygei","PattersonGenetics2012","adyg1241","595106",44,39,23
"24","Adygei","PattersonGenetics2012","adyg1241","596984",44,39,24
"25","Adygei","PattersonGenetics2012","adyg1241","595922",44,39,25
"26","Adygei","PattersonGenetics2012","adyg1241","595729",44,39,26
"27","Adygei","PattersonGenetics2012","adyg1241","596586",44,39,27
"28","Adygei","PattersonGenetics2012","adyg1241","594234",44,39,28
"29","Adygei","PattersonGenetics2012","adyg1241","596175",44,39,29
"30","Adygei","PattersonGenetics2012","adyg1241","596510",44,39,30
"31","Adygei","PattersonGenetics2012","adyg1241","595652",44,39,31
"32","Adygei","PattersonGenetics2012","adyg1241","595912",44,39,32
"33","Adygei","PattersonGenetics2012","adyg1241","596503",44,39,33
"34","Adygei","PattersonGenetics2012","adyg1241","596560",44,39,34
"35","Adygei","PattersonGenetics2012","adyg1241","590326",44,39,35
"36","Adygei","PattersonGenetics2012","adyg1241","596999",44,39,36
"37","Adygei","PattersonGenetics2012","adyg1241","596064",44,39,37
"38","Adygei_Abadzhekh","Jeong_2019","abad1240","588712",45.01,40.22,38
"39","Adygei_Abadzhekh","Jeong_2019","abad1240","588410",45.01,40.22,39
"40","Adygei_Abadzhekh","Jeong_2019","abad1240","588584",45.01,40.22,40
"41","Adygei_Bzhedug","Jeong_2019","bezh1247","589252",44.89,39.24,41
"42","Adygei_Bzhedug","Jeong_2019","bezh1247","588847",44.89,39.24,42
"43","Adygei_Bzhedug","Jeong_2019","bezh1247","589138",44.89,39.24,43
"44","Adygei_Bzhedug","Jeong_2019","bezh1247","589075",44.89,39.24,44
"45","Adygei_Mamkheg","Jeong_2019","adyg1241","588330",45,40.22,45
"46","Adygei_Mamkheg","Jeong_2019","adyg1241","588944",45,40.22,46
"47","Adygei_Mamkheg","Jeong_2019","adyg1241","589236",45,40.22,47
"48","Adygei_Mamkheg","Jeong_2019","adyg1241","588623",45,40.22,48
"49","Adygei_Shapsug_Black_Sea","Jeong_2019","shap1240","588296",44.15,39.12,49
"50","Adygei_Shapsug_Black_Sea","Jeong_2019","shap1240","589232",44.15,39.12,50
"51","Adygei_Shapsug_Black_Sea","Jeong_2019","shap1240","589450",44.15,39.12,51
"52","Adygei_Shapsug_Kuban","Jeong_2019","shap1240","589254",45,38.75,52
"53","Afar_WGA","LazaridisNature2014","afar1241","595682",11.8,41.4,53
"54","Afar_WGA","LazaridisNature2014","afar1241","594981",11.8,41.4,54
"55","Afar_WGA","LazaridisNature2014","afar1241","595684",11.8,41.4,55
"56","Afar_WGA","LazaridisNature2014","afar1241","595687",11.8,41.4,56
"57","Afar_WGA","LazaridisNature2014","afar1241","594264",11.8,41.4,57
"58","AfroAmericans_Denver","LazaridisNature2014","ND","594891",39.7,-105,58
"59","AfroAmericans_Denver","LazaridisNature2014","ND","594925",39.7,-105,59
"60","AfroAmericans_Denver","LazaridisNature2014","ND","596532",39.7,-105,60
"61","AfroAmericans_Denver","LazaridisNature2014","ND","594830",39.7,-105,61
"62","AfroAmericans_Denver","LazaridisNature2014","ND","595145",39.7,-105,62
"63","AfroAmericans_Denver","LazaridisNature2014","ND","595531",39.7,-105,63
"64","AfroAmericans_Denver","LazaridisNature2014","ND","595600",39.7,-105,64
"65","AfroAmericans_Denver","LazaridisNature2014","ND","595998",39.7,-105,65
"66","AfroAmericans_Denver","LazaridisNature2014","ND","595743",39.7,-105,66
"67","AfroAmericans_Denver","LazaridisNature2014","ND","594115",39.7,-105,67
"68","Ain_Touta_WGA","LazaridisNature2014","tach1249","584204",35.4,5.9,68
"69","Ain_Touta_WGA","LazaridisNature2014","tach1249","589969",35.4,5.9,69
"70","Ain_Touta_WGA","LazaridisNature2014","tach1249","588766",35.4,5.9,70
"71","Albanian","LazaridisNature2014","alba1267","594282",41.33,19.83,71
"72","Albanian","LazaridisNature2014","alba1267","596589",41.33,19.83,72
"73","Albanian","LazaridisNature2014","alba1267","596144",41.33,19.83,73
"74","Albanian","LazaridisNature2014","alba1267","595311",41.33,19.83,74
"75","Albanian","LazaridisNature2014","alba1267","596142",41.33,19.83,75
"76","Albanian","LazaridisNature2014","alba1267","596307",41.33,19.83,76
"77","Aleut","LazaridisNature2014","aleu1260","596412",55.18,166,77
"78","Aleut","LazaridisNature2014","aleu1260","597268",55.18,166,78
"79","Aleut","LazaridisNature2014","aleu1260","596914",55.18,166,79
"80","Aleut","LazaridisNature2014","aleu1260","596561",55.18,166,80
"81","Aleut","LazaridisNature2014","aleu1260","596519",55.18,166,81
"82","Aleut","LazaridisNature2014","aleu1260","597301",55.18,166,82
"83","Aleut_Tlingit","LazaridisNature2014","aleu1260","596867",55.18,166,83
"84","Aleut_Tlingit","LazaridisNature2014","aleu1260","596453",55.18,166,84
"85","Aleut_Tlingit","LazaridisNature2014","aleu1260","596390",55.18,166,85
"86","Aleut_Tlingit","LazaridisNature2014","aleu1260","597163",55.18,166,86
"87","Algerian","LazaridisNature2014","alge1239","596407",36.75,3.04,87
"88","Algerian","LazaridisNature2014","alge1239","595350",36.75,3.04,88
"89","Algerian","LazaridisNature2014","alge1239","593351",36.75,3.04,89
"90","Algerian","LazaridisNature2014","alge1239","596145",36.75,3.04,90
"91","Algerian","LazaridisNature2014","alge1239","596256",36.75,3.04,91
"92","Algonquin","LazaridisNature2014","algo1255","582318",48.4,-71.1,92
"93","Algonquin","LazaridisNature2014","algo1255","594313",48.4,-71.1,93
"94","Algonquin","LazaridisNature2014","algo1255","596203",48.4,-71.1,94
"95","Algonquin","LazaridisNature2014","algo1255","596595",48.4,-71.1,95
"96","Algonquin","LazaridisNature2014","algo1255","596017",48.4,-71.1,96
"97","Algonquin","LazaridisNature2014","algo1255","595538",48.4,-71.1,97
"98","Algonquin","LazaridisNature2014","algo1255","592518",48.4,-71.1,98
"99","Algonquin","LazaridisNature2014","algo1255","595965",48.4,-71.1,99
"100","Algonquin","LazaridisNature2014","algo1255","595764",48.4,-71.1,100
"101","Altaian","LazaridisNature2014","sout2694","596807",51.9,85.95,101
"102","Altaian","LazaridisNature2014","sout2694","595218",51.9,85.95,102
"103","Altaian","LazaridisNature2014","sout2694","596947",51.9,85.95,103
"104","Altaian","LazaridisNature2014","sout2694","596202",51.9,85.95,104
"105","Altaian","LazaridisNature2014","sout2694","591803",51.9,85.95,105
"106","Altaian","LazaridisNature2014","sout2694","595958",51.9,85.95,106
"107","Altaian","LazaridisNature2014","sout2694","596202",51.9,85.95,107
"108","Altaian_Chelkans","Jeong_2019","chel1242","584711",52.33,86.97,108
"109","Altaian_Chelkans","Jeong_2019","chel1242","584202",52.33,86.97,109
"110","Altaian_Chelkans","Jeong_2019","chel1242","577023",52.33,86.97,110
"111","Altaian_Chelkans","Jeong_2019","chel1242","586156",52.33,86.97,111
"112","Altaian_Chelkans","Jeong_2019","chel1242","584760",52.33,86.97,112
"113","Altaian_Chelkans","Jeong_2019","chel1242","586165",52.33,86.97,113
"114","Altaian_Chelkans","Jeong_2019","chel1242","586998",52.33,86.97,114
"115","Altaian_Kizhi","Jeong_2019","tuba1274","585721",50.7,86.38,115
"116","Altaian_Kizhi","Jeong_2019","tuba1274","583771",50.7,86.38,116
"117","Altaian_Kizhi","Jeong_2019","tuba1274","586339",50.7,86.38,117
"118","Altaian_Kizhi","Jeong_2019","tuba1274","585544",50.7,86.38,118
"119","Altaian_Kizhi","Jeong_2019","tuba1274","583939",50.7,86.38,119
"120","Altaian_Kizhi","Jeong_2019","tuba1274","584620",50.7,86.38,120
"121","Altaian_Kizhi","Jeong_2019","tuba1274","585998",50.7,86.38,121
"122","Altaian_Kizhi","Jeong_2019","tuba1274","585168",50.7,86.38,122
"123","Altaian_Kizhi","Jeong_2019","tuba1274","585004",50.7,86.38,123
"124","Altaian_Kizhi","Jeong_2019","tuba1274","585098",50.7,86.38,124
"125","Altaian_Kizhi","Jeong_2019","tuba1274","585151",50.7,86.38,125
"126","Altaian_Kizhi","Jeong_2019","tuba1274","586454",50.7,86.38,126
"127","Altaian_Telengit","Jeong_2019","tala1279","587215",50.03,88.5,127
"128","Altaian_Telengit","Jeong_2019","tala1279","578805",50.03,88.5,128
"129","Altaian_Telengit","Jeong_2019","tala1279","585387",50.03,88.5,129
"130","Altaian_Telengit","Jeong_2019","tala1279","584788",50.03,88.5,130
"131","Altaian_Telengit","Jeong_2019","tala1279","585214",50.03,88.5,131
"132","Altaian_Telengit","Jeong_2019","tala1279","584232",50.03,88.5,132
"133","Ami","LazaridisNature2014","amis1246","596066",22.8,121.2,133
"134","Ami","LazaridisNature2014","amis1246","596825",22.8,121.2,134
"135","Ami","LazaridisNature2014","amis1246","596389",22.8,121.2,135
"136","Ami","LazaridisNature2014","amis1246","596233",22.8,121.2,136
"137","Ami","LazaridisNature2014","amis1246","595765",22.8,121.2,137
"138","Ami","LazaridisNature2014","amis1246","595549",22.8,121.2,138
"139","Ami","LazaridisNature2014","amis1246","595589",22.8,121.2,139
"140","Ami","LazaridisNature2014","amis1246","596476",22.8,121.2,140
"141","Ami","LazaridisNature2014","amis1246","596535",22.8,121.2,141
"142","Ami","LazaridisNature2014","amis1246","596509",22.8,121.2,142
"143","Apalai","SkoglundNature2015","apal1257","589722",-1.333333333,-54.66666667,143
"144","Apalai","SkoglundNature2015","apal1257","590439",-1.333333333,-54.66666667,144
"145","Apalai","SkoglundNature2015","apal1257","589973",-1.333333333,-54.66666667,145
"146","Apalai","SkoglundNature2015","apal1257","589805",-1.333333333,-54.66666667,146
"147","Arara","SkoglundNature2015","para1310","590432",-3.9,-53.6,147
"148","Arara","SkoglundNature2015","para1310","587405",-3.9,-53.6,148
"149","Arara","SkoglundNature2015","para1310","590434",-3.9,-53.6,149
"150","Arara","SkoglundNature2015","para1310","590175",-3.9,-53.6,150
"151","Armenian","LazaridisNature2014","nucl1235","596638",40.193561,44.545441,151
"152","Armenian","LazaridisNature2014","nucl1235","596680",40.193561,44.545441,152
"153","Armenian","LazaridisNature2014","nucl1235","593991",40.193561,44.545441,153
"154","Armenian","LazaridisNature2014","nucl1235","596717",40.193561,44.545441,154
"155","Armenian","LazaridisNature2014","nucl1235","596780",40.193561,44.545441,155
"156","Armenian","LazaridisNature2014","nucl1235","594149",40.193561,44.545441,156
"157","Armenian","LazaridisNature2014","nucl1235","596524",40.193561,44.545441,157
"158","Armenian","LazaridisNature2014","nucl1235","596705",40.193561,44.545441,158
"159","Armenian","LazaridisNature2014","nucl1235","595163",40.193561,44.545441,159
"160","Armenian","LazaridisNature2014","nucl1235","593129",40.193561,44.545441,160
"161","Armenian","LazaridisNature2014","nucl1235","588098",40.193561,44.545441,161
"162","Armenian_Hemsheni","Jeong_2019","hams1240","585558",41,39.7,162
"163","Armenian_Hemsheni","Jeong_2019","hams1240","588666",41,39.7,163
"164","Armenian_Hemsheni","Jeong_2019","hams1240","589026",41,39.7,164
"165","Armenian_Hemsheni","Jeong_2019","hams1240","588811",41,39.7,165
"166","Armenian_Hemsheni","Jeong_2019","hams1240","588750",41,39.7,166
"167","Armenian_Hemsheni","Jeong_2019","hams1240","588923",41,39.7,167
"168","Armenian_Hemsheni","Jeong_2019","hams1240","588213",41,39.7,168
"169","Armenian_Hemsheni","Jeong_2019","hams1240","589374",41,39.7,169
"170","Armenian_WGA","LazaridisNature2014","nucl1235","588434",40.2,44.5,170
"171","Armenian_WGA","LazaridisNature2014","nucl1235","588686",40.2,44.5,171
"172","Armenian_WGA","LazaridisNature2014","nucl1235","591055",40.2,44.5,172
"173","Ashkenazi_Jew","LazaridisNature2014","east2295","596167",52.23333333,21.01666667,173
"174","Ashkenazi_Jew","LazaridisNature2014","east2295","596173",52.23333333,21.01666667,174
"175","Ashkenazi_Jew","LazaridisNature2014","east2295","591739",52.23333333,21.01666667,175
"176","Ashkenazi_Jew","LazaridisNature2014","east2295","595841",52.23333333,21.01666667,176
"177","Ashkenazi_Jew","LazaridisNature2014","east2295","594798",52.23333333,21.01666667,177
"178","Ashkenazi_Jew","LazaridisNature2014","east2295","596649",52.23333333,21.01666667,178
"179","Ashkenazi_Jew","LazaridisNature2014","east2295","597217",52.23333333,21.01666667,179
"180","Ashkenazi_Jew","LazaridisNature2014","east2295","596841",52.23333333,21.01666667,180
"181","Assyrian","LazaridisNature2016","assy1241","587941",NA,NA,181
"182","Assyrian","LazaridisNature2016","assy1241","590558",NA,NA,182
"183","Assyrian","LazaridisNature2016","assy1241","590623",NA,NA,183
"184","Assyrian","LazaridisNature2016","assy1241","590368",NA,NA,184
"185","Assyrian","LazaridisNature2016","assy1241","590520",NA,NA,185
"186","Assyrian","LazaridisNature2016","assy1241","590722",NA,NA,186
"187","Assyrian","LazaridisNature2016","assy1241","590669",NA,NA,187
"188","Assyrian","LazaridisNature2016","assy1241","590598",NA,NA,188
"189","Assyrian","LazaridisNature2016","assy1241","590097",NA,NA,189
"190","Assyrian","LazaridisNature2016","assy1241","589749",NA,NA,190
"191","Assyrian","LazaridisNature2016","assy1241","590547",NA,NA,191
"192","Assyrian_WGA","LazaridisNature2014","assy1241","590258",40.3,44.6,192
"193","Assyrian_WGA","LazaridisNature2014","assy1241","592480",40.3,44.6,193
"194","Assyrian_WGA","LazaridisNature2014","assy1241","590408",40.3,44.6,194
"195","Assyrian_WGA","LazaridisNature2014","assy1241","584633",40.3,44.6,195
"196","Assyrian_WGA","LazaridisNature2014","assy1241","588637",40.3,44.6,196
"197","Atayal","LazaridisNature2014","atay1247","596611",24.6,121.3,197
"198","Atayal","LazaridisNature2014","atay1247","596583",24.6,121.3,198
"199","Atayal","LazaridisNature2014","atay1247","596276",24.6,121.3,199
"200","Atayal","LazaridisNature2014","atay1247","595725",24.6,121.3,200
"201","Atayal","LazaridisNature2014","atay1247","596209",24.6,121.3,201
"202","Atayal","LazaridisNature2014","atay1247","595613",24.6,121.3,202
"203","Atayal","LazaridisNature2014","atay1247","596547",24.6,121.3,203
"204","Atayal","LazaridisNature2014","atay1247","596833",24.6,121.3,204
"205","Atayal","LazaridisNature2014","atay1247","596425",24.6,121.3,205
"206","Atayal","LazaridisNature2014","atay1247","593733",24.6,121.3,206
"207","Ata_Bili","SkoglundNature2016","pele1245","589188",-5.642,151,207
"208","Ata_Luge","SkoglundNature2016","pele1245","590587",-5.69123,151.009441,208
"209","Ata_Luge","SkoglundNature2016","pele1245","590658",-5.69123,151.009441,209
"210","Ata_Uassilau","SkoglundNature2016","pele1245","589130",-5.577338,150.885841,210
"211","Ata_Uassilau","SkoglundNature2016","pele1245","589145",-5.577338,150.885841,211
"212","Ata_Uassilau","SkoglundNature2016","pele1245","590562",-5.577338,150.885841,212
"213","Ata_Uassilau","SkoglundNature2016","pele1245","590704",-5.577338,150.885841,213
"214","Ata_Uassilau","SkoglundNature2016","pele1245","590624",-5.577338,150.885841,214
"215","Australian_WGA","QinStonekingMBE2015","ND","582420",-12.730839,134.592814,215
"216","Australian_WGA","QinStonekingMBE2015","ND","584229",-12.730839,134.592814,216
"217","Australian_WGA","QinStonekingMBE2015","ND","580095",-12.730839,134.592814,217
"218","Australian_WGA","QinStonekingMBE2015","ND","586542",-12.730839,134.592814,218
"219","Australian_WGA","QinStonekingMBE2015","ND","587084",-12.730839,134.592814,219
"220","Australian_WGA","QinStonekingMBE2015","ND","587186",-12.730839,134.592814,220
"221","Australian_WGA","QinStonekingMBE2015","ND","588871",-12.730839,134.592814,221
"222","Avar_Gunibsky","Jeong_2019","avar1256","589146",41.22,48.3,222
"223","Avar_Gunibsky","Jeong_2019","avar1256","589433",41.22,48.3,223
"224","Avar_Gunibsky","Jeong_2019","avar1256","589137",41.22,48.3,224
"225","Avar_Gunibsky","Jeong_2019","avar1256","589278",41.22,48.3,225
"226","Avar_Gunibsky","Jeong_2019","avar1256","589503",41.22,48.3,226
"227","Avar_Unchukulsky","Jeong_2019","avar1256","589489",42.41,46.43,227
"228","Avar_Unchukulsky","Jeong_2019","avar1256","589554",42.41,46.43,228
"229","Avar_Unchukulsky","Jeong_2019","avar1256","589124",42.41,46.43,229
"230","Avar_Unchukulsky","Jeong_2019","avar1256","589120",42.41,46.43,230
"231","Avar_Unchukulsky","Jeong_2019","avar1256","589361",42.41,46.43,231
"232","Aymara","LazaridisNature2014","sout2996","594905",-16.5,-68.2,232
"233","Aymara","LazaridisNature2014","sout2996","594871",-16.5,-68.2,233
"234","Aymara","LazaridisNature2014","sout2996","594895",-16.5,-68.2,234
"235","Aymara","LazaridisNature2014","sout2996","594265",-16.5,-68.2,235
"236","Aymara","LazaridisNature2014","sout2996","596192",-16.5,-68.2,236
"237","Azeri_Azerbajan","Jeong_2019","nort2697","588316",40.06,47.19,237
"238","Azeri_Azerbajan","Jeong_2019","nort2697","588640",40.06,47.19,238
"239","Azeri_Azerbajan","Jeong_2019","nort2697","587086",40.06,47.19,239
"240","Azeri_Azerbajan","Jeong_2019","nort2697","589001",40.06,47.19,240
"241","Azeri_Azerbajan","Jeong_2019","nort2697","588302",40.06,47.19,241
"242","Azeri_Azerbajan","Jeong_2019","nort2697","588286",40.06,47.19,242
"243","Azeri_Azerbajan","Jeong_2019","nort2697","586016",40.06,47.19,243
"244","Azeri_Azerbajan","Jeong_2019","nort2697","589245",40.06,47.19,244
"245","Azeri_Azerbajan","Jeong_2019","nort2697","589268",40.06,47.19,245
"246","Azeri_Dagestan","Jeong_2019","nort2697","589155",42.2,48.23,246
"247","Azeri_Dagestan","Jeong_2019","nort2697","588986",42.2,48.23,247
"248","Azeri_Dagestan","Jeong_2019","nort2697","588973",42.2,48.23,248
"249","Azeri_Dagestan","Jeong_2019","nort2697","589296",42.2,48.23,249
"250","Azeri_Dagestan","Jeong_2019","nort2697","589110",42.2,48.23,250
"251","Azeri_Dagestan","Jeong_2019","nort2697","589035",42.2,48.23,251
"252","Azeri_Dagestan","Jeong_2019","nort2697","589278",42.2,48.23,252
"253","Azeri_WGA","LazaridisNature2014","nort2697","589880",40.4,49.9,253
"254","Azeri_WGA","LazaridisNature2014","nort2697","589290",40.4,49.9,254
"255","Baining_Malasait","SkoglundNature2016","bain1263","590447",-4.467,151.9,255
"256","Baining_Malasait","SkoglundNature2016","bain1263","590707",-4.467,151.9,256
"257","Baining_Malasait","SkoglundNature2016","bain1263","590550",-4.467,151.9,257
"258","Baining_Malasait","SkoglundNature2016","bain1263","590647",-4.467,151.9,258
"259","Baining_Marabu","SkoglundNature2016","bain1263","581077",-4.633,152.3,259
"260","Baining_Marabu","SkoglundNature2016","bain1263","588741",-4.633,152.3,260
"261","Baining_Marabu","SkoglundNature2016","bain1263","590528",-4.633,152.3,261
"262","Baining_Marabu","SkoglundNature2016","bain1263","590444",-4.633,152.3,262
"263","Baining_Marabu","SkoglundNature2016","bain1263","588939",-4.633,152.3,263
"264","Baining_Marabu","SkoglundNature2016","bain1263","590226",-4.633,152.3,264
"265","Baining_Marabu","SkoglundNature2016","bain1263","590544",-4.633,152.3,265
"266","Baining_Marabu","SkoglundNature2016","bain1263","590595",-4.633,152.3,266
"267","Baining_Marabu","SkoglundNature2016","bain1263","590348",-4.633,152.3,267
"268","Baining_Marabu","SkoglundNature2016","bain1263","590616",-4.633,152.3,268
"269","Bajo","SkoglundNature2016","indo1317","584076",-3.967488889,122.5947,269
"270","Bajo","SkoglundNature2016","indo1317","588800",-3.967488889,122.5947,270
"271","Bajo","SkoglundNature2016","indo1317","582781",-3.967488889,122.5947,271
"272","Bajo","SkoglundNature2016","indo1317","587748",-3.967488889,122.5947,272
"273","Bajo","SkoglundNature2016","indo1317","585546",-3.967488889,122.5947,273
"274","Bajo","SkoglundNature2016","indo1317","585380",-3.967488889,122.5947,274
"275","Bajo","SkoglundNature2016","indo1317","583161",-3.967488889,122.5947,275
"276","Bajo","SkoglundNature2016","indo1317","586998",-3.967488889,122.5947,276
"277","Bajo","SkoglundNature2016","indo1317","583492",-3.967488889,122.5947,277
"278","Bajo","SkoglundNature2016","indo1317","589552",-3.967488889,122.5947,278
"279","Balkar","LazaridisNature2014","kara1465","596748",43.483333,43.616667,279
"280","Balkar","LazaridisNature2014","kara1465","594660",43.483333,43.616667,280
"281","Balkar","LazaridisNature2014","kara1465","597102",43.483333,43.616667,281
"282","Balkar","LazaridisNature2014","kara1465","596610",43.483333,43.616667,282
"283","Balkar","LazaridisNature2014","kara1465","596680",43.483333,43.616667,283
"284","Balkar","LazaridisNature2014","kara1465","596763",43.483333,43.616667,284
"285","Balkar","LazaridisNature2014","kara1465","596729",43.483333,43.616667,285
"286","Balkar","LazaridisNature2014","kara1465","596394",43.483333,43.616667,286
"287","Balkar","LazaridisNature2014","kara1465","594165",43.483333,43.616667,287
"288","Balkar","LazaridisNature2014","kara1465","596833",43.483333,43.616667,288
"289","Balochi","PattersonGenetics2012","east2304","596117",30.49871492,66.5,289
"290","Balochi","PattersonGenetics2012","east2304","596867",30.49871492,66.5,290
"291","Balochi","PattersonGenetics2012","east2304","596454",30.49871492,66.5,291
"292","Balochi","PattersonGenetics2012","east2304","596238",30.49871492,66.5,292
"293","Balochi","PattersonGenetics2012","east2304","596847",30.49871492,66.5,293
"294","Balochi","PattersonGenetics2012","east2304","597121",30.49871492,66.5,294
"295","Balochi","PattersonGenetics2012","east2304","596462",30.49871492,66.5,295
"296","Balochi","PattersonGenetics2012","east2304","595343",30.49871492,66.5,296
"297","Balochi","PattersonGenetics2012","east2304","596778",30.49871492,66.5,297
"298","Balochi","PattersonGenetics2012","east2304","593433",30.49871492,66.5,298
"299","Balochi","PattersonGenetics2012","east2304","595933",30.49871492,66.5,299
"300","Balochi","PattersonGenetics2012","east2304","593089",30.49871492,66.5,300
"301","Balochi","PattersonGenetics2012","east2304","596609",30.49871492,66.5,301
"302","Balochi","PattersonGenetics2012","east2304","596878",30.49871492,66.5,302
"303","Balochi","PattersonGenetics2012","east2304","594500",30.49871492,66.5,303
"304","Balochi","PattersonGenetics2012","east2304","596512",30.49871492,66.5,304
"305","Balochi","PattersonGenetics2012","east2304","595353",30.49871492,66.5,305
"306","Balochi","PattersonGenetics2012","east2304","596589",30.49871492,66.5,306
"307","Balochi","PattersonGenetics2012","east2304","587516",30.49871492,66.5,307
"308","Balochi","PattersonGenetics2012","east2304","592882",30.49871492,66.5,308
"309","Balochi","PattersonGenetics2012","east2304","596660",30.49871492,66.5,309
"310","Balochi","PattersonGenetics2012","east2304","596596",30.49871492,66.5,310
"311","Balochi","PattersonGenetics2012","east2304","596570",30.49871492,66.5,311
"312","Balochi","PattersonGenetics2012","east2304","595281",30.49871492,66.5,312
"313","BantuKenya","PattersonGenetics2012","ND","594496",-3,37,313
"314","BantuKenya","PattersonGenetics2012","ND","591753",-3,37,314
"315","BantuKenya","PattersonGenetics2012","ND","590161",-3,37,315
"316","BantuKenya","PattersonGenetics2012","ND","593786",-3,37,316
"317","BantuKenya","PattersonGenetics2012","ND","595113",-3,37,317
"318","BantuKenya","PattersonGenetics2012","ND","595544",-3,37,318
"319","BantuKenya","PattersonGenetics2012","ND","594531",-3,37,319
"320","BantuKenya","PattersonGenetics2012","ND","590832",-3,37,320
"321","BantuKenya","PattersonGenetics2012","ND","592865",-3,37,321
"322","BantuSA_Herero","PattersonGenetics2012","here1253","593896",-22,19,322
"323","BantuSA_Herero","PattersonGenetics2012","here1253","594157",-22,19,323
"324","BantuSA_Ovambo","PattersonGenetics2012","ndon1254","590340",-19,18,324
"325","BantuSA_Pedi","PattersonGenetics2012","pedi1238","593792",-29,30,325
"326","BantuSA_S_Sotho","PattersonGenetics2012","sout2807","593440",-29,29,326
"327","BantuSA_Tswana","PattersonGenetics2012","tswa1253","594791",-28,24,327
"328","BantuSA_Tswana","PattersonGenetics2012","tswa1253","594184",-28,24,328
"329","BantuSA_Zulu","PattersonGenetics2012","zulu1248","594618",-28,31,329
"330","Barito","QinStonekingMBE2015","ND","593953",-2.33,114.67,330
"331","Barito","QinStonekingMBE2015","ND","594877",-2.33,114.67,331
"332","Barito","QinStonekingMBE2015","ND","594772",-2.33,114.67,332
"333","Barito","QinStonekingMBE2015","ND","594989",-2.33,114.67,333
"334","Barito","QinStonekingMBE2015","ND","596149",-2.33,114.67,334
"335","Barito","QinStonekingMBE2015","ND","596171",-2.33,114.67,335
"336","Barito","QinStonekingMBE2015","ND","593755",-2.33,114.67,336
"337","Barito","QinStonekingMBE2015","ND","593330",-2.33,114.67,337
"338","Barito","QinStonekingMBE2015","ND","592231",-2.33,114.67,338
"339","Bashkir_Burzjan_Baimaksky","Jeong_2019","burz1239","585505",52.58,58.32,339
"340","Bashkir_Burzjan_Baimaksky","Jeong_2019","burz1239","583699",52.58,58.32,340
"341","Bashkir_Burzjan_Baimaksky","Jeong_2019","burz1239","583265",52.58,58.32,341
"342","Bashkir_Burzjan_Baimaksky","Jeong_2019","burz1239","585162",52.58,58.32,342
"343","Bashkir_Burzjan_Baimaksky","Jeong_2019","burz1239","584966",52.58,58.32,343
"344","Bashkir_Burzjan_Baimaksky","Jeong_2019","burz1239","585572",52.58,58.32,344
"345","Bashkir_Burzjan_Baimaksky","Jeong_2019","burz1239","585046",52.58,58.32,345
"346","Bashkir_Burzjan_Baimaksky","Jeong_2019","burz1239","586768",52.58,58.32,346
"347","Bashkir_IkskoBelsky_Kyrgyz","Jeong_2019","bash1264","588186",55.43,54.32,347
"348","Bashkir_IkskoBelsky_Kyrgyz","Jeong_2019","bash1264","588966",55.43,54.32,348
"349","Bashkir_IkskoBelsky_Kyrgyz","Jeong_2019","bash1264","589405",55.43,54.32,349
"350","Bashkir_IkskoBelsky_Kyrgyz","Jeong_2019","bash1264","589179",55.43,54.32,350
"351","Bashkir_IkskoBelsky_Kyrgyz","Jeong_2019","bash1264","589209",55.43,54.32,351
"352","Bashkir_IkskoBelsky_Kyrgyz","Jeong_2019","bash1264","589490",55.43,54.32,352
"353","Bashkir_IkskoBelsky_Uran","Jeong_2019","bash1264","582508",56.27,54.08,353
"354","Bashkir_IkskoBelsky_Uran","Jeong_2019","bash1264","589369",56.27,54.08,354
"355","Bashkir_IkskoBelsky_Uran","Jeong_2019","bash1264","588970",56.27,54.08,355
"356","Bashkir_IkskoBelsky_Uran","Jeong_2019","bash1264","584040",56.27,54.08,356
"357","Bashkir_IkskoBelsky_Uran","Jeong_2019","bash1264","584516",56.27,54.08,357
"358","Bashkir_IkskoBelsky_Uran","Jeong_2019","bash1264","589144",56.27,54.08,358
"359","Bashkir_IkskoBelsky_Uran","Jeong_2019","bash1264","585955",56.27,54.08,359
"360","Bashkir_IkskoBelsky_Uran","Jeong_2019","bash1264","584919",56.27,54.08,360
"361","Bashkir_Ming_Miyakinsky","Jeong_2019","bash1264","584722",54.9,55.03,361
"362","Bashkir_Ming_Miyakinsky","Jeong_2019","bash1264","585853",54.9,55.03,362
"363","Bashkir_Ming_Miyakinsky","Jeong_2019","bash1264","586770",54.9,55.03,363
"364","Bashkir_Ming_Miyakinsky","Jeong_2019","bash1264","583721",54.9,55.03,364
"365","Bashkir_Ming_Miyakinsky","Jeong_2019","bash1264","584272",54.9,55.03,365
"366","Bashkir_Ming_Miyakinsky","Jeong_2019","bash1264","586721",54.9,55.03,366
"367","Bashkir_Ming_Miyakinsky","Jeong_2019","bash1264","585304",54.9,55.03,367
"368","Bashkir_Ming_Miyakinsky","Jeong_2019","bash1264","584863",54.9,55.03,368
"369","Bashkir_Ming_Miyakinsky","Jeong_2019","bash1264","581335",54.9,55.03,369
"370","Bashkir_North_Tabyn_Balysky","Jeong_2019","bash1264","587523",54.52,56.93,370
"371","Bashkir_North_Tabyn_Balysky","Jeong_2019","bash1264","589093",54.52,56.93,371
"372","Bashkir_North_Tabyn_Balysky","Jeong_2019","bash1264","588644",54.52,56.93,372
"373","Bashkir_North_Tabyn_Balysky","Jeong_2019","bash1264","589099",54.52,56.93,373
"374","Bashkir_North_Tabyn_Balysky","Jeong_2019","bash1264","588784",54.52,56.93,374
"375","Bashkir_North_Tabyn_Balysky","Jeong_2019","bash1264","589370",54.52,56.93,375
"376","Bashkir_North_Tabyn_Balysky","Jeong_2019","bash1264","588298",54.52,56.93,376
"377","Bashkir_North_Unlar","Jeong_2019","bash1264","588549",55.87,56.73,377
"378","Bashkir_North_Unlar","Jeong_2019","bash1264","588173",55.87,56.73,378
"379","Bashkir_North_Unlar","Jeong_2019","bash1264","588598",55.87,56.73,379
"380","Bashkir_North_Unlar","Jeong_2019","bash1264","588928",55.87,56.73,380
"381","Bashkir_Tamyan_Kypcak","Jeong_2019","bash1264","589111",52.67,56.55,381
"382","Bashkir_Tamyan_Kypcak","Jeong_2019","bash1264","582962",52.67,56.55,382
"383","Bashkir_Tamyan_Kypcak","Jeong_2019","bash1264","586485",52.67,56.55,383
"384","Bashkir_Tamyan_Kypcak","Jeong_2019","bash1264","586034",52.67,56.55,384
"385","Bashkir_Tamyan_Kypcak","Jeong_2019","bash1264","583829",52.67,56.55,385
"386","Bashkir_Tamyan_Kypcak","Jeong_2019","bash1264","582665",52.67,56.55,386
"387","Bashkir_Tamyan_Kypcak","Jeong_2019","bash1264","584835",52.67,56.55,387
"388","Bashkir_Yurmaty","Jeong_2019","yurm1239","584762",53.45,56.03,388
"389","Bashkir_Yurmaty","Jeong_2019","yurm1239","581937",53.45,56.03,389
"390","Bashkir_Yurmaty","Jeong_2019","yurm1239","585331",53.45,56.03,390
"391","Bashkir_Yurmaty","Jeong_2019","yurm1239","585517",53.45,56.03,391
"392","Basque","PattersonGenetics2012","basq1248","595985",43,0,392
"393","Basque","PattersonGenetics2012","basq1248","597188",43,0,393
"394","Basque","PattersonGenetics2012","basq1248","595833",43,0,394
"395","Basque","PattersonGenetics2012","basq1248","592263",43,0,395
"396","Basque","PattersonGenetics2012","basq1248","595931",43,0,396
"397","Basque","PattersonGenetics2012","basq1248","597114",43,0,397
"398","Basque","PattersonGenetics2012","basq1248","595138",43,0,398
"399","Basque","PattersonGenetics2012","basq1248","595382",43,0,399
"400","Basque","PattersonGenetics2012","basq1248","594964",43,0,400
"401","Basque","PattersonGenetics2012","basq1248","595268",43,0,401
"402","Basque","PattersonGenetics2012","basq1248","596171",43,0,402
"403","Basque","PattersonGenetics2012","basq1248","595940",43,0,403
"404","Basque","PattersonGenetics2012","basq1248","588809",43,0,404
"405","Basque","PattersonGenetics2012","basq1248","595296",43,0,405
"406","Basque","PattersonGenetics2012","basq1248","593146",43,0,406
"407","Basque","PattersonGenetics2012","basq1248","591033",43,0,407
"408","Basque","PattersonGenetics2012","basq1248","596268",43,0,408
"409","Basque","PattersonGenetics2012","basq1248","596529",43,0,409
"410","Basque","PattersonGenetics2012","basq1248","594053",43,0,410
"411","Basque","PattersonGenetics2012","basq1248","596630",43,0,411
"412","Basque","PattersonGenetics2012","basq1248","591082",43,0,412
"413","Basque","PattersonGenetics2012","basq1248","595523",43,0,413
"414","BedouinA","PattersonGenetics2012","east2690","596903",31,35,414
"415","BedouinA","PattersonGenetics2012","east2690","597005",31,35,415
"416","BedouinA","PattersonGenetics2012","east2690","596263",31,35,416
"417","BedouinA","PattersonGenetics2012","east2690","596442",31,35,417
"418","BedouinA","PattersonGenetics2012","east2690","595909",31,35,418
"419","BedouinA","PattersonGenetics2012","east2690","596731",31,35,419
"420","BedouinA","PattersonGenetics2012","east2690","596416",31,35,420
"421","BedouinA","PattersonGenetics2012","east2690","596632",31,35,421
"422","BedouinA","PattersonGenetics2012","east2690","596743",31,35,422
"423","BedouinA","PattersonGenetics2012","east2690","596812",31,35,423
"424","BedouinA","PattersonGenetics2012","east2690","593051",31,35,424
"425","BedouinA","PattersonGenetics2012","east2690","595834",31,35,425
"426","BedouinA","PattersonGenetics2012","east2690","596160",31,35,426
"427","BedouinA","PattersonGenetics2012","east2690","596091",31,35,427
"428","BedouinA","PattersonGenetics2012","east2690","595569",31,35,428
"429","BedouinA","PattersonGenetics2012","east2690","596730",31,35,429
"430","BedouinA","PattersonGenetics2012","east2690","596399",31,35,430
"431","BedouinA","PattersonGenetics2012","east2690","596874",31,35,431
"432","BedouinA","PattersonGenetics2012","east2690","595277",31,35,432
"433","BedouinA","PattersonGenetics2012","east2690","596967",31,35,433
"434","BedouinA","PattersonGenetics2012","east2690","596109",31,35,434
"435","BedouinA","PattersonGenetics2012","east2690","595683",31,35,435
"436","BedouinA","PattersonGenetics2012","east2690","597002",31,35,436
"437","BedouinB","PattersonGenetics2012","east2690","595132",31,35,437
"438","BedouinB","PattersonGenetics2012","east2690","596400",31,35,438
"439","BedouinB","PattersonGenetics2012","east2690","596191",31,35,439
"440","BedouinB","PattersonGenetics2012","east2690","596299",31,35,440
"441","BedouinB","PattersonGenetics2012","east2690","596990",31,35,441
"442","BedouinB","PattersonGenetics2012","east2690","596585",31,35,442
"443","BedouinB","PattersonGenetics2012","east2690","596828",31,35,443
"444","BedouinB","PattersonGenetics2012","east2690","596842",31,35,444
"445","BedouinB","PattersonGenetics2012","east2690","596119",31,35,445
"446","BedouinB","PattersonGenetics2012","east2690","596529",31,35,446
"447","BedouinB","PattersonGenetics2012","east2690","597015",31,35,447
"448","BedouinB","PattersonGenetics2012","east2690","595922",31,35,448
"449","BedouinB","PattersonGenetics2012","east2690","595666",31,35,449
"450","BedouinB","PattersonGenetics2012","east2690","596200",31,35,450
"451","BedouinB","PattersonGenetics2012","east2690","597059",31,35,451
"452","BedouinB","PattersonGenetics2012","east2690","595554",31,35,452
"453","BedouinB","PattersonGenetics2012","east2690","594777",31,35,453
"454","BedouinB","PattersonGenetics2012","east2690","596038",31,35,454
"455","BedouinB","PattersonGenetics2012","east2690","593007",31,35,455
"456","BedouinB","PattersonGenetics2012","east2690","592215",31,35,456
"457","Belarusian","LazaridisNature2014","bela1254","595887",53.9198542,28.0119322,457
"458","Belarusian","LazaridisNature2014","bela1254","595144",53.9198542,28.0119322,458
"459","Belarusian","LazaridisNature2014","bela1254","596797",53.9198542,28.0119322,459
"460","Belarusian","LazaridisNature2014","bela1254","596094",53.9198542,28.0119322,460
"461","Belarusian","LazaridisNature2014","bela1254","595508",53.9198542,28.0119322,461
"462","Belarusian","LazaridisNature2014","bela1254","596577",53.9198542,28.0119322,462
"463","Belarusian","LazaridisNature2014","bela1254","593858",53.9198542,28.0119322,463
"464","Belarusian","LazaridisNature2014","bela1254","596284",53.9198542,28.0119322,464
"465","Belarusian","LazaridisNature2014","bela1254","596424",53.9198542,28.0119322,465
"466","Belarusian","LazaridisNature2014","bela1254","596160",53.9198542,28.0119322,466
"467","Bengali","LazaridisNature2014","beng1280","597014",23.7,90.4,467
"468","Bengali","LazaridisNature2014","beng1280","596116",23.7,90.4,468
"469","Bengali","LazaridisNature2014","beng1280","596264",23.7,90.4,469
"470","Bengali","LazaridisNature2014","beng1280","596628",23.7,90.4,470
"471","Bengali","LazaridisNature2014","beng1280","597006",23.7,90.4,471
"472","Bengali","LazaridisNature2014","beng1280","594639",23.7,90.4,472
"473","Bengali","LazaridisNature2014","beng1280","596420",23.7,90.4,473
"474","Besermyan","Jeong_2019","bese1243","589421",58.01,52.09,474
"475","Besermyan","Jeong_2019","bese1243","588802",58.01,52.09,475
"476","Besermyan","Jeong_2019","bese1243","589443",58.01,52.09,476
"477","Besermyan","Jeong_2019","bese1243","589401",58.01,52.09,477
"478","Besermyan","Jeong_2019","bese1243","588863",58.01,52.09,478
"479","Besermyan","Jeong_2019","bese1243","589419",58.01,52.09,479
"480","BiakaPygmy","PattersonGenetics2012","yaka1272","593181",4,17,480
"481","BiakaPygmy","PattersonGenetics2012","yaka1272","593343",4,17,481
"482","BiakaPygmy","PattersonGenetics2012","yaka1272","592710",4,17,482
"483","BiakaPygmy","PattersonGenetics2012","yaka1272","593782",4,17,483
"484","BiakaPygmy","PattersonGenetics2012","yaka1272","593921",4,17,484
"485","BiakaPygmy","PattersonGenetics2012","yaka1272","594541",4,17,485
"486","BiakaPygmy","PattersonGenetics2012","yaka1272","588473",4,17,486
"487","BiakaPygmy","PattersonGenetics2012","yaka1272","594362",4,17,487
"488","BiakaPygmy","PattersonGenetics2012","yaka1272","593031",4,17,488
"489","BiakaPygmy","PattersonGenetics2012","yaka1272","594553",4,17,489
"490","BiakaPygmy","PattersonGenetics2012","yaka1272","593885",4,17,490
"491","BiakaPygmy","PattersonGenetics2012","yaka1272","594440",4,17,491
"492","BiakaPygmy","PattersonGenetics2012","yaka1272","594364",4,17,492
"493","BiakaPygmy","PattersonGenetics2012","yaka1272","594967",4,17,493
"494","BiakaPygmy","PattersonGenetics2012","yaka1272","588145",4,17,494
"495","BiakaPygmy","PattersonGenetics2012","yaka1272","593116",4,17,495
"496","BiakaPygmy","PattersonGenetics2012","yaka1272","594753",4,17,496
"497","BiakaPygmy","PattersonGenetics2012","yaka1272","594033",4,17,497
"498","BiakaPygmy","PattersonGenetics2012","yaka1272","594358",4,17,498
"499","BiakaPygmy","PattersonGenetics2012","yaka1272","594410",4,17,499
"500","BiakaPygmy","PattersonGenetics2012","yaka1272","593546",4,17,500
"501","BiakaPygmy","PattersonGenetics2012","yaka1272","594925",4,17,501
"502","BiakaPygmy","PattersonGenetics2012","yaka1272","592491",4,17,502
"503","Bolivian","LazaridisNature2014","ND","594987",-16.5,-68.15,503
"504","Bolivian","LazaridisNature2014","ND","588327",-16.5,-68.15,504
"505","Bolivian","LazaridisNature2014","ND","596174",-16.5,-68.15,505
"506","Bolivian","LazaridisNature2014","ND","595283",-16.5,-68.15,506
"507","Bolivian","LazaridisNature2014","ND","595720",-16.5,-68.15,507
"508","Bolivian","LazaridisNature2014","ND","595588",-16.5,-68.15,508
"509","Bolivian","LazaridisNature2014","ND","596363",-16.5,-68.15,509
"510","Bolivia_Quechua","LazaridisNature2014","sout2991","594992",-20,-66,510
"511","Bolivia_Quechua","LazaridisNature2014","sout2991","596733",-20,-66,511
"512","Brahmin_Tiwari","LazaridisNature2014","chha1249","596611",21.9,83.4,512
"513","Brahmin_Tiwari","LazaridisNature2014","chha1249","596652",21.9,83.4,513
"514","Brahmin_Tiwari","LazaridisNature2014","chha1249","595102",21.9,83.4,514
"515","Brahmin_Tiwari","LazaridisNature2014","chha1249","593580",21.9,83.4,515
"516","Brahmin_Tiwari","LazaridisNature2014","chha1249","595033",21.9,83.4,516
"517","Brahmin_Tiwari","LazaridisNature2014","chha1249","595496",21.9,83.4,517
"518","Brahmin_Tiwari","LazaridisNature2014","chha1249","595961",21.9,83.4,518
"519","Brahmin_Tiwari","LazaridisNature2014","chha1249","596271",21.9,83.4,519
"520","Brahmin_Tiwari","LazaridisNature2014","chha1249","595247",21.9,83.4,520
"521","Brahmin_Tiwari","LazaridisNature2014","chha1249","595936",21.9,83.4,521
"522","Brahmin_Tiwari","LazaridisNature2014","chha1249","596090",21.9,83.4,522
"523","Brahmin_Tiwari","LazaridisNature2014","chha1249","596543",21.9,83.4,523
"524","Brahmin_Tiwari","LazaridisNature2014","chha1249","596253",21.9,83.4,524
"525","Brahmin_Tiwari","LazaridisNature2014","chha1249","596342",21.9,83.4,525
"526","Brahmin_Tiwari","LazaridisNature2014","chha1249","594086",21.9,83.4,526
"527","Brahui","PattersonGenetics2012","brah1256","596361",30.49871492,66.5,527
"528","Brahui","PattersonGenetics2012","brah1256","596437",30.49871492,66.5,528
"529","Brahui","PattersonGenetics2012","brah1256","596975",30.49871492,66.5,529
"530","Brahui","PattersonGenetics2012","brah1256","595885",30.49871492,66.5,530
"531","Brahui","PattersonGenetics2012","brah1256","595794",30.49871492,66.5,531
"532","Brahui","PattersonGenetics2012","brah1256","594896",30.49871492,66.5,532
"533","Brahui","PattersonGenetics2012","brah1256","596776",30.49871492,66.5,533
"534","Brahui","PattersonGenetics2012","brah1256","596851",30.49871492,66.5,534
"535","Brahui","PattersonGenetics2012","brah1256","596825",30.49871492,66.5,535
"536","Brahui","PattersonGenetics2012","brah1256","596583",30.49871492,66.5,536
"537","Brahui","PattersonGenetics2012","brah1256","596829",30.49871492,66.5,537
"538","Brahui","PattersonGenetics2012","brah1256","596929",30.49871492,66.5,538
"539","Brahui","PattersonGenetics2012","brah1256","596486",30.49871492,66.5,539
"540","Brahui","PattersonGenetics2012","brah1256","596656",30.49871492,66.5,540
"541","Brahui","PattersonGenetics2012","brah1256","596973",30.49871492,66.5,541
"542","Brahui","PattersonGenetics2012","brah1256","597039",30.49871492,66.5,542
"543","Brahui","PattersonGenetics2012","brah1256","597027",30.49871492,66.5,543
"544","Brahui","PattersonGenetics2012","brah1256","596418",30.49871492,66.5,544
"545","Brahui","PattersonGenetics2012","brah1256","596744",30.49871492,66.5,545
"546","Brahui","PattersonGenetics2012","brah1256","596435",30.49871492,66.5,546
"547","Brahui","PattersonGenetics2012","brah1256","591862",30.49871492,66.5,547
"548","Brahui","PattersonGenetics2012","brah1256","597054",30.49871492,66.5,548
"549","Brahui","PattersonGenetics2012","brah1256","596419",30.49871492,66.5,549
"550","Buka","SkoglundNature2016","buka1262","587888",-5.422,154.673,550
"551","Buka","SkoglundNature2016","buka1262","588121",-5.422,154.673,551
"552","Buka","SkoglundNature2016","buka1262","588362",-5.422,154.673,552
"553","Buka","SkoglundNature2016","buka1262","585588",-5.422,154.673,553
"554","Buka","SkoglundNature2016","buka1262","589185",-5.422,154.673,554
"555","Buka_Petats","SkoglundNature2016","peta1245","586684",-5.333,154.55,555
"556","Buka_Petats","SkoglundNature2016","peta1245","588630",-5.333,154.55,556
"557","Buka_Petats","SkoglundNature2016","peta1245","589412",-5.333,154.55,557
"558","Bulgarian","LazaridisNature2014","bulg1262","590793",42.163403,24.741211,558
"559","Bulgarian","LazaridisNature2014","bulg1262","596192",42.163403,24.741211,559
"560","Bulgarian","LazaridisNature2014","bulg1262","596727",42.163403,24.741211,560
"561","Bulgarian","LazaridisNature2014","bulg1262","592805",42.163403,24.741211,561
"562","Bulgarian","LazaridisNature2014","bulg1262","596036",42.163403,24.741211,562
"563","Bulgarian","LazaridisNature2014","bulg1262","579915",42.163403,24.741211,563
"564","Bulgarian","LazaridisNature2014","bulg1262","596608",42.163403,24.741211,564
"565","Bulgarian","LazaridisNature2014","bulg1262","597042",42.163403,24.741211,565
"566","Bulgarian","LazaridisNature2014","bulg1262","595796",42.163403,24.741211,566
"567","Bulgarian","LazaridisNature2014","bulg1262","596319",42.163403,24.741211,567
"568","Burbur_WGA","LazaridisNature2014","taga1278","591923",33.5,5.1,568
"569","Burbur_WGA","LazaridisNature2014","taga1278","589502",33.5,5.1,569
"570","Burbur_WGA","LazaridisNature2014","taga1278","592829",33.5,5.1,570
"571","Burbur_WGA","LazaridisNature2014","taga1278","589771",33.5,5.1,571
"572","Burbur_WGA","LazaridisNature2014","taga1278","584573",33.5,5.1,572
"573","Burmese","SkoglundNature2016","nucl1310","589574",17.96,96.72,573
"574","Burmese","SkoglundNature2016","nucl1310","590470",17.96,96.72,574
"575","Burmese","SkoglundNature2016","nucl1310","590564",17.96,96.72,575
"576","Burmese","SkoglundNature2016","nucl1310","588784",17.96,96.72,576
"577","Burmese","SkoglundNature2016","nucl1310","590631",17.96,96.72,577
"578","Burmese","SkoglundNature2016","nucl1310","590447",17.96,96.72,578
"579","Burmese","SkoglundNature2016","nucl1310","583622",17.96,96.72,579
"580","Burmese","SkoglundNature2016","nucl1310","590588",17.96,96.72,580
"581","Burmese","SkoglundNature2016","nucl1310","590388",17.96,96.72,581
"582","Burmese","SkoglundNature2016","nucl1310","590502",17.96,96.72,582
"583","Burusho","PattersonGenetics2012","buru1296","595012",36.49838568,74,583
"584","Burusho","PattersonGenetics2012","buru1296","594273",36.49838568,74,584
"585","Burusho","PattersonGenetics2012","buru1296","588927",36.49838568,74,585
"586","Burusho","PattersonGenetics2012","buru1296","588037",36.49838568,74,586
"587","Burusho","PattersonGenetics2012","buru1296","591022",36.49838568,74,587
"588","Burusho","PattersonGenetics2012","buru1296","593729",36.49838568,74,588
"589","Burusho","PattersonGenetics2012","buru1296","594291",36.49838568,74,589
"590","Burusho","PattersonGenetics2012","buru1296","594229",36.49838568,74,590
"591","Burusho","PattersonGenetics2012","buru1296","593131",36.49838568,74,591
"592","Burusho","PattersonGenetics2012","buru1296","594275",36.49838568,74,592
"593","Burusho","PattersonGenetics2012","buru1296","593323",36.49838568,74,593
"594","Burusho","PattersonGenetics2012","buru1296","595193",36.49838568,74,594
"595","Burusho","PattersonGenetics2012","buru1296","595577",36.49838568,74,595
"596","Burusho","PattersonGenetics2012","buru1296","594508",36.49838568,74,596
"597","Burusho","PattersonGenetics2012","buru1296","595149",36.49838568,74,597
"598","Burusho","PattersonGenetics2012","buru1296","594596",36.49838568,74,598
"599","Burusho","PattersonGenetics2012","buru1296","591859",36.49838568,74,599
"600","Burusho","PattersonGenetics2012","buru1296","594321",36.49838568,74,600
"601","Burusho","PattersonGenetics2012","buru1296","595187",36.49838568,74,601
"602","Burusho","PattersonGenetics2012","buru1296","595465",36.49838568,74,602
"603","Burusho","PattersonGenetics2012","buru1296","593899",36.49838568,74,603
"604","Burusho","PattersonGenetics2012","buru1296","595491",36.49838568,74,604
"605","Burusho","PattersonGenetics2012","buru1296","595092",36.49838568,74,605
"606","Burusho","PattersonGenetics2012","buru1296","595828",36.49838568,74,606
"607","Buryat_Buryatya_Horinsky_Selenginsky","Jeong_2019","russ1264","582137",52.61,109.85,607
"608","Buryat_Buryatya_Horinsky_Selenginsky","Jeong_2019","russ1264","587574",52.61,109.85,608
"609","Buryat_Buryatya_Horinsky_Selenginsky","Jeong_2019","russ1264","581534",52.61,109.85,609
"610","Buryat_Buryatya_Horinsky_Selenginsky","Jeong_2019","russ1264","586807",52.61,109.85,610
"611","Buryat_Buryatya_Horinsky_Selenginsky","Jeong_2019","russ1264","584592",52.61,109.85,611
"612","Buryat_Buryatya_Zakamensky","Jeong_2019","russ1264","585565",50.88,103.43,612
"613","Buryat_Buryatya_Zakamensky","Jeong_2019","russ1264","585613",50.88,103.43,613
"614","Buryat_Buryatya_Zakamensky","Jeong_2019","russ1264","581001",50.88,103.43,614
"615","Buryat_Buryatya_Zakamensky","Jeong_2019","russ1264","587295",50.88,103.43,615
"616","Buryat_Buryatya_Zakamensky","Jeong_2019","russ1264","586119",50.88,103.43,616
"617","Buryat_Buryatya_Zakamensky","Jeong_2019","russ1264","583479",50.88,103.43,617
"618","Buryat_Irkutskaya","Jeong_2019","russ1264","586615",57.3,105.69,618
"619","Buryat_Irkutskaya","Jeong_2019","russ1264","584469",57.3,105.69,619
"620","Buryat_Irkutskaya","Jeong_2019","russ1264","586455",57.3,105.69,620
"621","Buryat_Irkutskaya","Jeong_2019","russ1264","587292",57.3,105.69,621
"622","Buryat_Irkutskaya","Jeong_2019","russ1264","586130",57.3,105.69,622
"623","Buryat_Irkutskaya","Jeong_2019","russ1264","588587",57.3,105.69,623
"624","Buryat_Irkutskaya","Jeong_2019","russ1264","587031",57.3,105.69,624
"625","Buryat_Irkutskaya","Jeong_2019","russ1264","586834",57.3,105.69,625
"626","Buryat_Irkutskaya","Jeong_2019","russ1264","585256",57.3,105.69,626
"627","Buryat_Irkutskaya","Jeong_2019","russ1264","582344",57.3,105.69,627
"628","Buryat_Irkutskaya","Jeong_2019","russ1264","589136",57.3,105.69,628
"629","Buryat_Irkutskaya","Jeong_2019","russ1264","586956",57.3,105.69,629
"630","Buryat_Zabaikalsky_Aginsky","Jeong_2019","russ1264","578847",51.11,114.54,630
"631","Buryat_Zabaikalsky_Aginsky","Jeong_2019","russ1264","589382",51.11,114.54,631
"632","Buryat_Zabaikalsky_Aginsky","Jeong_2019","russ1264","586500",51.11,114.54,632
"633","Buryat_Zabaikalsky_Aginsky","Jeong_2019","russ1264","583824",51.11,114.54,633
"634","Buryat_Zabaikalsky_Aginsky","Jeong_2019","russ1264","587971",51.11,114.54,634
"635","Buryat_Zabaikalsky_Aginsky","Jeong_2019","russ1264","586681",51.11,114.54,635
"636","Buryat_Zabaikalsky_Aginsky","Jeong_2019","russ1264","587636",51.11,114.54,636
"637","Buryat_Zabaikalsky_Aginsky","Jeong_2019","russ1264","585967",51.11,114.54,637
"638","Buryat_Zabaikalsky_Aginsky","Jeong_2019","russ1264","583816",51.11,114.54,638
"639","Buryat_Zabaikalsky_Aginsky","Jeong_2019","russ1264","586884",51.11,114.54,639
"640","Buryat_Zabaikalsky_Aginsky","Jeong_2019","russ1264","589138",51.11,114.54,640
"641","Buryat_Zabaikalsky_Aginsky","Jeong_2019","russ1264","579731",51.11,114.54,641
"642","Buryat_Zabaikalsky_Duldurginsky","Jeong_2019","russ1264","585555",50.68,113.59,642
"643","Buryat_Zabaikalsky_Duldurginsky","Jeong_2019","russ1264","587806",50.68,113.59,643
"644","Buryat_Zabaikalsky_Duldurginsky","Jeong_2019","russ1264","586179",50.68,113.59,644
"645","Buryat_Zabaikalsky_Duldurginsky","Jeong_2019","russ1264","584329",50.68,113.59,645
"646","Cabecar","LazaridisNature2014","cabe1245","594311",9.5,-84,646
"647","Cabecar","LazaridisNature2014","cabe1245","595844",9.5,-84,647
"648","Cabecar","LazaridisNature2014","cabe1245","595459",9.5,-84,648
"649","Cabecar","LazaridisNature2014","cabe1245","594087",9.5,-84,649
"650","Cambodian","PattersonGenetics2012","cent1989","594720",12,105,650
"651","Cambodian","PattersonGenetics2012","cent1989","596007",12,105,651
"652","Cambodian","PattersonGenetics2012","cent1989","591576",12,105,652
"653","Cambodian","PattersonGenetics2012","cent1989","592910",12,105,653
"654","Cambodian","PattersonGenetics2012","cent1989","596158",12,105,654
"655","Cambodian","PattersonGenetics2012","cent1989","586296",12,105,655
"656","Cambodian","PattersonGenetics2012","cent1989","588636",12,105,656
"657","Cambodian","PattersonGenetics2012","cent1989","595592",12,105,657
"658","Cambodian","PattersonGenetics2012","cent1989","596592",12,105,658
"659","Cambodian","PattersonGenetics2012","cent1989","594237",12,105,659
"660","Cameroon_Aghem","Lipson_2020","aghe1239","556634",6.3834,10.0664,660
"661","Cameroon_Aghem","Lipson_2020","aghe1239","587379",6.3834,10.0664,661
"662","Cameroon_Aghem","Lipson_2020","aghe1239","555613",6.3834,10.0664,662
"663","Cameroon_Aghem","Lipson_2020","aghe1239","590115",6.3834,10.0664,663
"664","Cameroon_Aghem","Lipson_2020","aghe1239","556996",6.3834,10.0664,664
"665","Cameroon_Aghem","Lipson_2020","aghe1239","556988",6.3834,10.0664,665
"666","Cameroon_Aghem","Lipson_2020","aghe1239","556696",6.3834,10.0664,666
"667","Cameroon_Aghem","Lipson_2020","aghe1239","554774",6.3834,10.0664,667
"668","Cameroon_Aghem","Lipson_2020","aghe1239","556894",6.3834,10.0664,668
"669","Cameroon_Aghem","Lipson_2020","aghe1239","557107",6.3834,10.0664,669
"670","Cameroon_Aghem","Lipson_2020","aghe1239","554932",6.3888,10.076,670
"671","Cameroon_Aghem","Lipson_2020","aghe1239","556576",6.3834,10.0664,671
"672","Cameroon_Aghem","Lipson_2020","aghe1239","556087",6.3834,10.0664,672
"673","Cameroon_Aghem","Lipson_2020","aghe1239","556585",6.3834,10.0664,673
"674","Cameroon_Aghem","Lipson_2020","aghe1239","552311",6.3834,10.0664,674
"675","Cameroon_Aghem","Lipson_2020","aghe1239","556642",6.3834,10.0664,675
"676","Cameroon_Aghem","Lipson_2020","aghe1239","589799",6.3888,10.076,676
"677","Cameroon_Aghem","Lipson_2020","aghe1239","589469",6.3834,10.0664,677
"678","Cameroon_Aghem","Lipson_2020","aghe1239","556533",6.3888,10.076,678
"679","Cameroon_Aghem","Lipson_2020","aghe1239","556136",6.3888,10.076,679
"680","Cameroon_Aghem","Lipson_2020","aghe1239","556120",6.3834,10.0664,680
"681","Cameroon_Aghem","Lipson_2020","aghe1239","555699",6.3834,10.0664,681
"682","Cameroon_Aghem","Lipson_2020","aghe1239","556231",6.3834,10.0664,682
"683","Cameroon_Aghem","Lipson_2020","aghe1239","556703",6.3834,10.0664,683
"684","Cameroon_Aghem","Lipson_2020","aghe1239","556965",6.3834,10.0664,684
"685","Cameroon_Aghem","Lipson_2020","aghe1239","590249",6.3888,10.076,685
"686","Cameroon_Aghem","Lipson_2020","aghe1239","555869",6.3834,10.0664,686
"687","Cameroon_Aghem","Lipson_2020","aghe1239","556541",6.3888,10.076,687
"688","Cameroon_Bafut","Lipson_2020","bafu1246","556776",6.0861,10.1314,688
"689","Cameroon_Bafut","Lipson_2020","bafu1246","553362",6.0861,10.1314,689
"690","Cameroon_Bafut","Lipson_2020","bafu1246","556326",6.0861,10.1314,690
"691","Cameroon_Bafut","Lipson_2020","bafu1246","556180",6.0861,10.1314,691
"692","Cameroon_Bafut","Lipson_2020","bafu1246","556468",6.0861,10.1314,692
"693","Cameroon_Bafut","Lipson_2020","bafu1246","556140",6.0861,10.1314,693
"694","Cameroon_Bafut","Lipson_2020","bafu1246","556551",6.0861,10.1314,694
"695","Cameroon_Bafut","Lipson_2020","bafu1246","556081",6.0861,10.1314,695
"696","Cameroon_Bafut","Lipson_2020","bafu1246","555451",6.0861,10.1314,696
"697","Cameroon_Bafut","Lipson_2020","bafu1246","554751",6.0861,10.1314,697
"698","Cameroon_Bafut","Lipson_2020","bafu1246","556950",6.0861,10.1314,698
"699","Cameroon_Bakoko","Lipson_2020","bako1249","555977",4.4853,9.5716,699
"700","Cameroon_Bangwa","Lipson_2020","ndan1241","554921",5.3993,9.8151,700
"701","Cameroon_Bangwa","Lipson_2020","ndan1241","556827",5.3622,9.392,701
"702","Cameroon_Mbo","Lipson_2020","mboc1235","552482",5.3495,9.8345,702
"703","Cameroon_Mbo","Lipson_2020","mboc1235","555618",5.3495,9.8345,703
"704","Cameroon_Mbo","Lipson_2020","mboc1235","556046",5.3495,9.8345,704
"705","Cameroon_Mbo","Lipson_2020","mboc1235","556703",5.3495,9.8345,705
"706","Cameroon_Mbo","Lipson_2020","mboc1235","554933",5.3495,9.8345,706
"707","Cameroon_Mbo","Lipson_2020","mboc1235","549554",5.3495,9.8345,707
"708","Cameroon_Mbo","Lipson_2020","mboc1235","556804",5.3495,9.8345,708
"709","Cameroon_Mbo","Lipson_2020","mboc1235","556382",5.3495,9.8345,709
"710","Cameroon_Mbo","Lipson_2020","mboc1235","556504",5.3495,9.8345,710
"711","Cameroon_Mbo","Lipson_2020","mboc1235","555434",5.3495,9.8345,711
"712","Cameroon_Mbo","Lipson_2020","mboc1235","554167",5.3495,9.8345,712
"713","Cameroon_Mbo","Lipson_2020","mboc1235","554929",5.3495,9.8345,713
"714","Cameroon_Mbo","Lipson_2020","mboc1235","556623",5.3495,9.8345,714
"715","Cameroon_Mbo","Lipson_2020","mboc1235","554916",5.3495,9.8345,715
"716","Cameroon_Mbo","Lipson_2020","mboc1235","556420",5.3495,9.8345,716
"717","Cameroon_Mbo","Lipson_2020","mboc1235","553347",5.2992,9.910836,717
"718","Cameroon_Mbo","Lipson_2020","mboc1235","556161",5.2992,9.910836,718
"719","Cameroon_Mbo","Lipson_2020","mboc1235","544160",5.2992,9.910836,719
"720","Cameroon_Mbo","Lipson_2020","mboc1235","550642",5.3495,9.8345,720
"721","Cameroon_Mbo","Lipson_2020","mboc1235","556771",5.3495,9.8345,721
"722","Canary_Islander","LazaridisNature2014","cana1258","596924",28.1,-15.4,722
"723","Canary_Islander","LazaridisNature2014","cana1258","596277",28.1,-15.4,723
"724","Cao","Barbieri_2018","ND","590908",-7.880239,-79.303181,724
"725","Cao","Barbieri_2018","ND","595992",-7.880239,-79.303181,725
"726","Cao","Barbieri_2018","ND","594786",-7.880239,-79.303181,726
"727","Cao","Barbieri_2018","ND","594485",-7.880239,-79.303181,727
"728","Cao","Barbieri_2018","ND","595645",-7.880239,-79.303181,728
"729","Cao","Barbieri_2018","ND","594956",-7.880239,-79.303181,729
"730","Cao","Barbieri_2018","ND","594564",-7.880239,-79.303181,730
"731","Cao","Barbieri_2018","ND","592584",-7.880239,-79.303181,731
"732","Cao","Barbieri_2018","ND","595623",-7.880239,-79.303181,732
"733","Cao","Barbieri_2018","ND","595754",-7.880239,-79.303181,733
"734","Chane","LazaridisNature2014","chan1322","595530",-25,-60,734
"735","Chechen","LazaridisNature2014","chec1245","593861",43.333333,45.65,735
"736","Chechen","LazaridisNature2014","chec1245","596958",43.333333,45.65,736
"737","Chechen","LazaridisNature2014","chec1245","594683",43.333333,45.65,737
"738","Chechen","LazaridisNature2014","chec1245","596955",43.333333,45.65,738
"739","Chechen","LazaridisNature2014","chec1245","596637",43.333333,45.65,739
"740","Chechen","LazaridisNature2014","chec1245","596269",43.333333,45.65,740
"741","Chechen","LazaridisNature2014","chec1245","596062",43.333333,45.65,741
"742","Chechen","LazaridisNature2014","chec1245","594632",43.333333,45.65,742
"743","Chechen","LazaridisNature2014","chec1245","597081",43.333333,45.65,743
"744","Chilote","LazaridisNature2014","huil1244","596507",-42.5,-73.9,744
"745","Chilote","LazaridisNature2014","huil1244","593053",-42.5,-73.9,745
"746","Chilote","LazaridisNature2014","huil1244","594562",-42.5,-73.9,746
"747","Chilote","LazaridisNature2014","huil1244","595512",-42.5,-73.9,747
"748","Chipewyan","LazaridisNature2014","chip1261","596790",59.6,-107.3,748
"749","Chipewyan","LazaridisNature2014","chip1261","596284",59.6,-107.3,749
"750","Chipewyan","LazaridisNature2014","chip1261","596712",59.6,-107.3,750
"751","Chipewyan","LazaridisNature2014","chip1261","596801",59.6,-107.3,751
"752","Chipewyan","LazaridisNature2014","chip1261","596606",59.6,-107.3,752
"753","Chipewyan","LazaridisNature2014","chip1261","596748",59.6,-107.3,753
"754","Chipewyan","LazaridisNature2014","chip1261","596444",59.6,-107.3,754
"755","Chipewyan","LazaridisNature2014","chip1261","595785",59.6,-107.3,755
"756","Chipewyan","LazaridisNature2014","chip1261","584322",59.6,-107.3,756
"757","Chipewyan","LazaridisNature2014","chip1261","596226",59.6,-107.3,757
"758","Chipewyan","LazaridisNature2014","chip1261","596619",59.6,-107.3,758
"759","Chipewyan","LazaridisNature2014","chip1261","595008",59.6,-107.3,759
"760","Chipewyan","LazaridisNature2014","chip1261","595745",59.6,-107.3,760
"761","Chipewyan","LazaridisNature2014","chip1261","595034",59.6,-107.3,761
"762","Chipewyan","LazaridisNature2014","chip1261","596266",59.6,-107.3,762
"763","Chipewyan","LazaridisNature2014","chip1261","596950",59.6,-107.3,763
"764","Chipewyan","LazaridisNature2014","chip1261","596352",59.6,-107.3,764
"765","Chipewyan","LazaridisNature2014","chip1261","569641",59.6,-107.3,765
"766","Chipewyan","LazaridisNature2014","chip1261","595369",59.6,-107.3,766
"767","Chipewyan","LazaridisNature2014","chip1261","596794",59.6,-107.3,767
"768","Chipewyan","LazaridisNature2014","chip1261","596749",59.6,-107.3,768
"769","Chipewyan","LazaridisNature2014","chip1261","596426",59.6,-107.3,769
"770","Chipewyan","LazaridisNature2014","chip1261","596817",59.6,-107.3,770
"771","Chipewyan","LazaridisNature2014","chip1261","595729",59.6,-107.3,771
"772","Chipewyan","LazaridisNature2014","chip1261","580991",59.6,-107.3,772
"773","Chipewyan","LazaridisNature2014","chip1261","596036",59.6,-107.3,773
"774","Choiseul","QinStonekingMBE2015","ND","591002",-8.025334,156.580628,774
"775","Choiseul","QinStonekingMBE2015","ND","596448",-8.025334,156.580628,775
"776","Choiseul","QinStonekingMBE2015","ND","596590",-8.025334,156.580628,776
"777","Choiseul","QinStonekingMBE2015","ND","596984",-8.025334,156.580628,777
"778","Choiseul","QinStonekingMBE2015","ND","596298",-8.025334,156.580628,778
"779","Choiseul","QinStonekingMBE2015","ND","595537",-8.025334,156.580628,779
"780","Choiseul","QinStonekingMBE2015","ND","596863",-8.025334,156.580628,780
"781","Chotuna","Barbieri_2018","ND","595352",-6.720019,-79.952168,781
"782","Chotuna","Barbieri_2018","ND","595996",-6.720019,-79.952168,782
"783","Chotuna","Barbieri_2018","ND","593211",-6.720019,-79.952168,783
"784","Chotuna","Barbieri_2018","ND","596326",-6.720019,-79.952168,784
"785","Chukchi","LazaridisNature2014","chuk1273","596538",69,169,785
"786","Chukchi","LazaridisNature2014","chuk1273","595647",69,169,786
"787","Chukchi","LazaridisNature2014","chuk1273","596651",69,169,787
"788","Chukchi","LazaridisNature2014","chuk1273","596170",69,169,788
"789","Chukchi","LazaridisNature2014","chuk1273","596437",69,169,789
"790","Chukchi","LazaridisNature2014","chuk1273","595023",69,169,790
"791","Chukchi","LazaridisNature2014","chuk1273","594799",69,169,791
"792","Chukchi","LazaridisNature2014","chuk1273","594653",69,169,792
"793","Chukchi","LazaridisNature2014","chuk1273","596158",69,169,793
"794","Chukchi","LazaridisNature2014","chuk1273","596554",69,169,794
"795","Chukchi","LazaridisNature2014","chuk1273","596706",69,169,795
"796","Chukchi","LazaridisNature2014","chuk1273","597001",69,169,796
"797","Chukchi","LazaridisNature2014","chuk1273","596861",69,169,797
"798","Chukchi","LazaridisNature2014","chuk1273","595048",69,169,798
"799","Chukchi","LazaridisNature2014","chuk1273","588430",69,169,799
"800","Chukchi_Ayon","LazaridisNature2014","chuk1273","597199",69.9,168,800
"801","Chukchi_Ayon","LazaridisNature2014","chuk1273","596492",69.9,168,801
"802","Chukchi_Ayon","LazaridisNature2014","chuk1273","596425",69.9,168,802
"803","Chukchi_Ayon","LazaridisNature2014","chuk1273","597126",69.9,168,803
"804","Chukchi_Ayon","LazaridisNature2014","chuk1273","597260",69.9,168,804
"805","Chukchi_Ayon","LazaridisNature2014","chuk1273","596528",69.9,168,805
"806","Chukchi_Ayon","LazaridisNature2014","chuk1273","596956",69.9,168,806
"807","Chukchi_Ayon","LazaridisNature2014","chuk1273","597198",69.9,168,807
"808","Chukchi_Ayon","LazaridisNature2014","chuk1273","597052",69.9,168,808
"809","Chukchi_Ayon","LazaridisNature2014","chuk1273","597239",69.9,168,809
"810","Chulucanas","Barbieri_2018","ND","596250",-6.693314,-79.919126,810
"811","Chulucanas","Barbieri_2018","ND","596515",-6.693314,-79.919126,811
"812","Chulucanas","Barbieri_2018","ND","596443",-6.693314,-79.919126,812
"813","Chulucanas","Barbieri_2018","ND","596249",-6.693314,-79.919126,813
"814","Chulucanas","Barbieri_2018","ND","593730",-6.693314,-79.919126,814
"815","Chulucanas","Barbieri_2018","ND","596479",-6.693314,-79.919126,815
"816","Chulucanas","Barbieri_2018","ND","596296",-6.693314,-79.919126,816
"817","Chulucanas","Barbieri_2018","ND","596332",-6.693314,-79.919126,817
"818","Chuvash","LazaridisNature2014","chuv1255","596392",56.110278,47.251111,818
"819","Chuvash","LazaridisNature2014","chuv1255","595917",56.110278,47.251111,819
"820","Chuvash","LazaridisNature2014","chuv1255","595377",56.110278,47.251111,820
"821","Chuvash","LazaridisNature2014","chuv1255","596203",56.110278,47.251111,821
"822","Chuvash","LazaridisNature2014","chuv1255","596516",56.110278,47.251111,822
"823","Chuvash","LazaridisNature2014","chuv1255","596721",56.110278,47.251111,823
"824","Chuvash","LazaridisNature2014","chuv1255","596517",56.110278,47.251111,824
"825","Chuvash","LazaridisNature2014","chuv1255","597053",56.110278,47.251111,825
"826","Chuvash","LazaridisNature2014","chuv1255","596529",56.110278,47.251111,826
"827","Chuvash","LazaridisNature2014","chuv1255","596307",56.110278,47.251111,827
"828","Chuvash_Tatarstan","Jeong_2019","chuv1255","588721",54.75,47.78,828
"829","Chuvash_Tatarstan","Jeong_2019","chuv1255","588942",54.75,47.78,829
"830","Chuvash_Tatarstan","Jeong_2019","chuv1255","589527",54.75,47.78,830
"831","Chuvash_Tatarstan","Jeong_2019","chuv1255","589500",54.75,47.78,831
"832","Chuvash_Tatarstan","Jeong_2019","chuv1255","589483",54.75,47.78,832
"833","Chuvash_Tatarstan","Jeong_2019","chuv1255","589318",54.75,47.78,833
"834","Circassian","Jeong_2019","circ1239","587795",44.2,41.83,834
"835","Circassian","Jeong_2019","circ1239","589432",44.2,41.83,835
"836","Circassian","Jeong_2019","circ1239","589365",44.2,41.83,836
"837","Circassian","Jeong_2019","circ1239","586666",44.2,41.83,837
"838","Circassian","Jeong_2019","circ1239","588791",44.2,41.83,838
"839","Circassian","Jeong_2019","circ1239","588743",44.2,41.83,839
"840","Circassian","Jeong_2019","circ1239","588603",44.2,41.83,840
"841","Circassian","Jeong_2019","circ1239","589173",44.2,41.83,841
"842","Circassian","Jeong_2019","circ1239","589187",44.2,41.83,842
"843","Cocama","Barbieri_2018","coca1260","595376",-4.133543763,-69.98190491,843
"844","Cocama","Barbieri_2018","coca1260","596215",-4.133543763,-69.98190491,844
"845","Cocama","Barbieri_2018","coca1260","596691",-4.133543763,-69.98190491,845
"846","Cocama","Barbieri_2018","coca1260","596550",-4.133543763,-69.98190491,846
"847","Cocama","Barbieri_2018","coca1260","596431",-4.133543763,-69.98190491,847
"848","Cocama","Barbieri_2018","coca1260","596317",-4.133543763,-69.98190491,848
"849","Cocama","Barbieri_2018","coca1260","596410",-4.133543763,-69.98190491,849
"850","Cofan","Barbieri_2018","cofa1242","585307",0.42335,-76.90486,850
"851","Cofan","Barbieri_2018","cofa1242","596365",0.42335,-76.90486,851
"852","Cofan","Barbieri_2018","cofa1242","596538",0.42335,-76.90486,852
"853","Cofan","Barbieri_2018","cofa1242","596465",0.42335,-76.90486,853
"854","Cree","LazaridisNature2014","cree1272","596266",50.3,-102.5,854
"855","Cree","LazaridisNature2014","cree1272","594545",50.3,-102.5,855
"856","Cree","LazaridisNature2014","cree1272","596694",50.3,-102.5,856
"857","Cree","LazaridisNature2014","cree1272","596196",50.3,-102.5,857
"858","Cree","LazaridisNature2014","cree1272","596766",50.3,-102.5,858
"859","Cree","LazaridisNature2014","cree1272","596229",50.3,-102.5,859
"860","Cree","LazaridisNature2014","cree1272","596857",50.3,-102.5,860
"861","Cree","LazaridisNature2014","cree1272","596197",50.3,-102.5,861
"862","Cree","LazaridisNature2014","cree1272","596105",50.3,-102.5,862
"863","Cree","LazaridisNature2014","cree1272","596588",50.3,-102.5,863
"864","Cree","LazaridisNature2014","cree1272","596556",50.3,-102.5,864
"865","Cree","LazaridisNature2014","cree1272","577729",50.3,-102.5,865
"866","Croatian","LazaridisNature2014","croa1245","596167",43.513,16.446,866
"867","Croatian","LazaridisNature2014","croa1245","595368",43.513,16.446,867
"868","Croatian","LazaridisNature2014","croa1245","595161",43.513,16.446,868
"869","Croatian","LazaridisNature2014","croa1245","596431",43.513,16.446,869
"870","Croatian","LazaridisNature2014","croa1245","592242",43.513,16.446,870
"871","Croatian","LazaridisNature2014","croa1245","595709",43.513,16.446,871
"872","Croatian","LazaridisNature2014","croa1245","596131",43.513,16.446,872
"873","Croatian","LazaridisNature2014","croa1245","594131",43.513,16.446,873
"874","Croatian","LazaridisNature2014","croa1245","594133",43.513,16.446,874
"875","Croatian","LazaridisNature2014","croa1245","596046",43.513,16.446,875
"876","Cusco","Barbieri_2018","cusc1236","596535",-13.557018,-71.977261,876
"877","Cusco","Barbieri_2018","cusc1236","595572",-13.557018,-71.977261,877
"878","Cusco","Barbieri_2018","cusc1236","596300",-13.557018,-71.977261,878
"879","Cusco2","Barbieri_2018","cusc1236","596296",-13.5237,-71.9724,879
"880","Cusco2","Barbieri_2018","cusc1236","596540",-13.5237,-71.9724,880
"881","Cusco2","Barbieri_2018","cusc1236","596068",-13.5237,-71.9724,881
"882","Cusco2","Barbieri_2018","cusc1236","596425",-13.5237,-71.9724,882
"883","Cusco2","Barbieri_2018","cusc1236","596499",-13.5237,-71.9724,883
"884","Cusco2","Barbieri_2018","cusc1236","596444",-13.5237,-71.9724,884
"885","Cusco2","Barbieri_2018","cusc1236","596372",-13.5237,-71.9724,885
"886","Cypriot","LazaridisNature2014","cypr1248","596577",35.13,33.43,886
"887","Cypriot","LazaridisNature2014","cypr1248","596179",35.13,33.43,887
"888","Cypriot","LazaridisNature2014","cypr1248","595662",35.13,33.43,888
"889","Cypriot","LazaridisNature2014","cypr1248","596624",35.13,33.43,889
"890","Cypriot","LazaridisNature2014","cypr1248","596385",35.13,33.43,890
"891","Cypriot","LazaridisNature2014","cypr1248","596755",35.13,33.43,891
"892","Cypriot","LazaridisNature2014","cypr1248","596140",35.13,33.43,892
"893","Cypriot","LazaridisNature2014","cypr1248","596396",35.13,33.43,893
"894","Czech","LazaridisNature2014","czec1258","596318",50.1,14.4,894
"895","Czech","LazaridisNature2014","czec1258","596416",50.1,14.4,895
"896","Czech","LazaridisNature2014","czec1258","596189",50.1,14.4,896
"897","Czech","LazaridisNature2014","czec1258","596370",50.1,14.4,897
"898","Czech","LazaridisNature2014","czec1258","595877",50.1,14.4,898
"899","Czech","LazaridisNature2014","czec1258","596285",50.1,14.4,899
"900","Czech","LazaridisNature2014","czec1258","596131",50.1,14.4,900
"901","Czech","LazaridisNature2014","czec1258","595936",50.1,14.4,901
"902","Czech","LazaridisNature2014","czec1258","595993",50.1,14.4,902
"903","Czech","LazaridisNature2014","czec1258","595732",50.1,14.4,903
"904","Dai","PattersonGenetics2012","luuu1242","593101",21,100,904
"905","Dai","PattersonGenetics2012","luuu1242","596945",21,100,905
"906","Dai","PattersonGenetics2012","luuu1242","596535",21,100,906
"907","Dai","PattersonGenetics2012","luuu1242","596977",21,100,907
"908","Dai","PattersonGenetics2012","luuu1242","596607",21,100,908
"909","Dai","PattersonGenetics2012","luuu1242","596981",21,100,909
"910","Dai","PattersonGenetics2012","luuu1242","595538",21,100,910
"911","Dai","PattersonGenetics2012","luuu1242","596073",21,100,911
"912","Dai","PattersonGenetics2012","luuu1242","596005",21,100,912
"913","Dai","PattersonGenetics2012","luuu1242","594179",21,100,913
"914","Damara","PickrellNatureCommunications2012","nama1264","596001",-19.83018382,16.22573915,914
"915","Damara","PickrellNatureCommunications2012","nama1264","595462",-19.83018382,16.22573915,915
"916","Damara","PickrellNatureCommunications2012","nama1264","593840",-19.83018382,16.22573915,916
"917","Damara","PickrellNatureCommunications2012","nama1264","595353",-19.83018382,16.22573915,917
"918","Damara","PickrellNatureCommunications2012","nama1264","593953",-19.83018382,16.22573915,918
"919","Damara","PickrellNatureCommunications2012","nama1264","593624",-19.83018382,16.22573915,919
"920","Damara","PickrellNatureCommunications2012","nama1264","595400",-19.83018382,16.22573915,920
"921","Damara","PickrellNatureCommunications2012","nama1264","595964",-19.83018382,16.22573915,921
"922","Damara","PickrellNatureCommunications2012","nama1264","594021",-19.83018382,16.22573915,922
"923","Damara","PickrellNatureCommunications2012","nama1264","595042",-19.83018382,16.22573915,923
"924","Damara","PickrellNatureCommunications2012","nama1264","591148",-19.83018382,16.22573915,924
"925","Damara","PickrellNatureCommunications2012","nama1264","595265",-19.83018382,16.22573915,925
"926","Damara","PickrellNatureCommunications2012","nama1264","595145",-19.83018382,16.22573915,926
"927","Darginian","Jeong_2019","darg1241","589034",42.18,47.22,927
"928","Darginian","Jeong_2019","darg1241","589132",42.18,47.22,928
"929","Darginian","Jeong_2019","darg1241","589012",42.18,47.22,929
"930","Darginian","Jeong_2019","darg1241","589526",42.18,47.22,930
"931","Darginian","Jeong_2019","darg1241","589573",42.18,47.22,931
"932","Darginian","Jeong_2019","darg1241","585065",42.18,47.22,932
"933","Darginian","Jeong_2019","darg1241","588724",42.18,47.22,933
"934","Darginian","Jeong_2019","darg1241","589187",42.18,47.22,934
"935","Datog","LazaridisNature2014","dato1239","594831",-3.33,35.67,935
"936","Datog","LazaridisNature2014","dato1239","586834",-3.33,35.67,936
"937","Datog","LazaridisNature2014","dato1239","593820",-3.33,35.67,937
"938","Daur","PattersonGenetics2012","daur1238","596539",48.49753416,124,938
"939","Daur","PattersonGenetics2012","daur1238","596037",48.49753416,124,939
"940","Daur","PattersonGenetics2012","daur1238","593552",48.49753416,124,940
"941","Daur","PattersonGenetics2012","daur1238","595156",48.49753416,124,941
"942","Daur","PattersonGenetics2012","daur1238","594771",48.49753416,124,942
"943","Daur","PattersonGenetics2012","daur1238","594702",48.49753416,124,943
"944","Daur","PattersonGenetics2012","daur1238","596604",48.49753416,124,944
"945","Daur","PattersonGenetics2012","daur1238","595916",48.49753416,124,945
"946","Daur","PattersonGenetics2012","daur1238","593874",48.49753416,124,946
"947","Dinka","LazaridisNature2014","dink1262","593076",8.783333333,27.4,947
"948","Dinka","LazaridisNature2014","dink1262","594747",8.783333333,27.4,948
"949","Dinka","LazaridisNature2014","dink1262","592784",8.783333333,27.4,949
"950","Dinka","LazaridisNature2014","dink1262","596360",8.783333333,27.4,950
"951","Dinka","LazaridisNature2014","dink1262","594659",8.783333333,27.4,951
"952","Dinka","LazaridisNature2014","dink1262","589521",8.783333333,27.4,952
"953","Dinka","LazaridisNature2014","dink1262","593756",8.783333333,27.4,953
"954","Dinka","LazaridisNature2014","dink1262","594948",8.783333333,27.4,954
"955","Dinka","LazaridisNature2014","dink1262","588888",8.783333333,27.4,955
"956","Dinka","LazaridisNature2014","dink1262","594565",8.783333333,27.4,956
"957","Dolgan","LazaridisNature2014","dolg1241","596296",72.971189,115.444336,957
"958","Dolgan","LazaridisNature2014","dolg1241","596061",72.971189,115.444336,958
"959","Dolgan","LazaridisNature2014","dolg1241","581157",72.971189,115.444336,959
"960","Dolgan","LazaridisNature2014","dolg1241","582785",72.971189,115.444336,960
"961","Druze","PattersonGenetics2012","sout3123","595319",32,35,961
"962","Druze","PattersonGenetics2012","sout3123","595915",32,35,962
"963","Druze","PattersonGenetics2012","sout3123","595058",32,35,963
"964","Druze","PattersonGenetics2012","sout3123","596332",32,35,964
"965","Druze","PattersonGenetics2012","sout3123","591690",32,35,965
"966","Druze","PattersonGenetics2012","sout3123","596876",32,35,966
"967","Druze","PattersonGenetics2012","sout3123","595103",32,35,967
"968","Druze","PattersonGenetics2012","sout3123","592737",32,35,968
"969","Druze","PattersonGenetics2012","sout3123","596126",32,35,969
"970","Druze","PattersonGenetics2012","sout3123","592717",32,35,970
"971","Druze","PattersonGenetics2012","sout3123","595285",32,35,971
"972","Druze","PattersonGenetics2012","sout3123","595730",32,35,972
"973","Druze","PattersonGenetics2012","sout3123","595573",32,35,973
"974","Druze","PattersonGenetics2012","sout3123","595535",32,35,974
"975","Druze","PattersonGenetics2012","sout3123","595255",32,35,975
"976","Druze","PattersonGenetics2012","sout3123","595136",32,35,976
"977","Druze","PattersonGenetics2012","sout3123","593349",32,35,977
"978","Druze","PattersonGenetics2012","sout3123","594646",32,35,978
"979","Druze","PattersonGenetics2012","sout3123","596511",32,35,979
"980","Druze","PattersonGenetics2012","sout3123","589926",32,35,980
"981","Druze","PattersonGenetics2012","sout3123","595557",32,35,981
"982","Druze","PattersonGenetics2012","sout3123","594721",32,35,982
"983","Druze","PattersonGenetics2012","sout3123","596090",32,35,983
"984","Druze","PattersonGenetics2012","sout3123","587659",32,35,984
"985","Druze","PattersonGenetics2012","sout3123","596432",32,35,985
"986","Druze","PattersonGenetics2012","sout3123","596187",32,35,986
"987","Druze","PattersonGenetics2012","sout3123","592574",32,35,987
"988","Druze","PattersonGenetics2012","sout3123","595355",32,35,988
"989","Druze","PattersonGenetics2012","sout3123","595890",32,35,989
"990","Druze","PattersonGenetics2012","sout3123","588774",32,35,990
"991","Druze","PattersonGenetics2012","sout3123","595908",32,35,991
"992","Druze","PattersonGenetics2012","sout3123","596481",32,35,992
"993","Druze","PattersonGenetics2012","sout3123","595769",32,35,993
"994","Druze","PattersonGenetics2012","sout3123","594961",32,35,994
"995","Druze","PattersonGenetics2012","sout3123","596141",32,35,995
"996","Druze","PattersonGenetics2012","sout3123","597224",32,35,996
"997","Druze","PattersonGenetics2012","sout3123","595537",32,35,997
"998","Druze","PattersonGenetics2012","sout3123","590451",32,35,998
"999","Druze","PattersonGenetics2012","sout3123","595908",32,35,999
"1000","Druze","PattersonGenetics2012","sout3123","592702",32,35,1000
"1001","Druze","PattersonGenetics2012","sout3123","596133",32,35,1001
"1002","Druze","PattersonGenetics2012","sout3123","596601",32,35,1002
"1003","Dungan","Jeong_2019","dung1253","589183",41.3,69.27,1003
"1004","Dungan","Jeong_2019","dung1253","588784",41.3,69.27,1004
"1005","Dungan","Jeong_2019","dung1253","589226",41.3,69.27,1005
"1006","Dungan","Jeong_2019","dung1253","588824",41.3,69.27,1006
"1007","Dungan","Jeong_2019","dung1253","588879",41.3,69.27,1007
"1008","Dungan","Jeong_2019","dung1253","589077",41.3,69.27,1008
"1009","Dungan","Jeong_2019","dung1253","589175",41.3,69.27,1009
"1010","Dungan","Jeong_2019","dung1253","589338",41.3,69.27,1010
"1011","Dungan","Jeong_2019","dung1253","588917",41.3,69.27,1011
"1012","Dungan","Jeong_2019","dung1253","589448",41.3,69.27,1012
"1013","Dungan","Jeong_2019","dung1253","589472",41.3,69.27,1013
"1014","Dungan","Jeong_2019","dung1253","589050",41.3,69.27,1014
"1015","Dungan","Jeong_2019","dung1253","589054",41.3,69.27,1015
"1016","Dusun","SkoglundNature2016","dusu1277","590449",4.71,114.67,1016
"1017","Dusun","SkoglundNature2016","dusu1277","590480",4.71,114.67,1017
"1018","Dusun","SkoglundNature2016","dusu1277","590493",4.71,114.67,1018
"1019","Dusun","SkoglundNature2016","dusu1277","590480",4.71,114.67,1019
"1020","Dusun","SkoglundNature2016","dusu1277","590294",4.71,114.67,1020
"1021","Dusun","SkoglundNature2016","dusu1277","590313",4.71,114.67,1021
"1022","Dusun","SkoglundNature2016","dusu1277","590401",4.71,114.67,1022
"1023","Dusun","SkoglundNature2016","dusu1277","590328",4.71,114.67,1023
"1024","Dusun","SkoglundNature2016","dusu1277","590497",4.71,114.67,1024
"1025","Dusun","SkoglundNature2016","dusu1277","590534",4.71,114.67,1025
"1026","Egyptian","LazaridisNature2014","egyp1253","596727",31.2,29.92,1026
"1027","Egyptian","LazaridisNature2014","egyp1253","595246",31.2,29.92,1027
"1028","Egyptian","LazaridisNature2014","egyp1253","595098",31.2,29.92,1028
"1029","Egyptian","LazaridisNature2014","egyp1253","595891",31.2,29.92,1029
"1030","Egyptian1","LazaridisNature2014","egyp1253","596227",31.12,30.96,1030
"1031","Egyptian1","LazaridisNature2014","egyp1253","595963",31.12,30.96,1031
"1032","Egyptian1","LazaridisNature2014","egyp1253","596573",31.12,30.96,1032
"1033","Egyptian1","LazaridisNature2014","egyp1253","596803",31.12,30.96,1033
"1034","Egyptian1","LazaridisNature2014","egyp1253","596759",31.12,30.96,1034
"1035","Egyptian1","LazaridisNature2014","egyp1253","596829",31.12,30.96,1035
"1036","Egyptian1","LazaridisNature2014","egyp1253","596888",31.12,30.96,1036
"1037","Egyptian1","LazaridisNature2014","egyp1253","596723",31.12,30.96,1037
"1038","Egyptian1","LazaridisNature2014","egyp1253","595999",31.12,30.96,1038
"1039","Egyptian1","LazaridisNature2014","egyp1253","594882",31.12,30.96,1039
"1040","Egyptian1","LazaridisNature2014","egyp1253","597251",31.12,30.96,1040
"1041","Egyptian2","LazaridisNature2014","egyp1253","596317",30.173625,31.234131,1041
"1042","Egyptian2","LazaridisNature2014","egyp1253","596843",30.173625,31.234131,1042
"1043","Egyptian2","LazaridisNature2014","egyp1253","596798",30.173625,31.234131,1043
"1044","Egyptian2","LazaridisNature2014","egyp1253","596398",30.173625,31.234131,1044
"1045","Egyptian2","LazaridisNature2014","egyp1253","596500",30.173625,31.234131,1045
"1046","Egyptian2","LazaridisNature2014","egyp1253","591206",30.173625,31.234131,1046
"1047","Egyptian2","LazaridisNature2014","egyp1253","596731",30.173625,31.234131,1047
"1048","Enets","Flegontov_2019","tund1254","587338",69.408004,86.178971,1048
"1049","Enets","Flegontov_2019","tund1254","590476",68.683287,86.273882,1049
"1050","Enets","Flegontov_2019","tund1254","589624",68.683287,86.273882,1050
"1051","English_Cornwall","LazaridisNature2014","stan1293","596954",50.03,-4.9,1051
"1052","English_Cornwall","LazaridisNature2014","stan1293","596301",50.03,-4.9,1052
"1053","English_Cornwall","LazaridisNature2014","stan1293","596149",50.03,-4.9,1053
"1054","English_Cornwall","LazaridisNature2014","stan1293","596298",50.03,-4.9,1054
"1055","English_Cornwall","LazaridisNature2014","stan1293","596523",50.03,-4.9,1055
"1056","English_Kent","LazaridisNature2014","stan1293","596963",51.19,0.73,1056
"1057","English_Kent","LazaridisNature2014","stan1293","596182",51.19,0.73,1057
"1058","English_Kent","LazaridisNature2014","stan1293","596087",51.19,0.73,1058
"1059","English_Kent","LazaridisNature2014","stan1293","596277",51.19,0.73,1059
"1060","English_Kent","LazaridisNature2014","stan1293","596367",51.19,0.73,1060
"1061","Eritrea","VyasAJPA2017","ND","540334",15,39,1061
"1062","Eritrea","VyasAJPA2017","ND","540617",15,39,1062
"1063","Eritrea","VyasAJPA2017","ND","540464",15,39,1063
"1064","Esan","LazaridisNature2014","esan1238","595810",6.5,6,1064
"1065","Esan","LazaridisNature2014","esan1238","596247",6.5,6,1065
"1066","Eskimo_ChaplinSireniki","LazaridisNature2014","cent2128","596939",64.48,172.86,1066
"1067","Eskimo_ChaplinSireniki","LazaridisNature2014","cent2128","594987",64.48,172.86,1067
"1068","Eskimo_ChaplinSireniki","LazaridisNature2014","cent2128","596989",64.48,172.86,1068
"1069","Eskimo_ChaplinSireniki","LazaridisNature2014","cent2128","596481",64.48,172.86,1069
"1070","Eskimo_ChaplinSireniki","LazaridisNature2014","cent2128","596117",64.48,172.86,1070
"1071","Eskimo_Naukan","LazaridisNature2014","nauk1242","596156",66.02,169.71,1071
"1072","Eskimo_Naukan","LazaridisNature2014","nauk1242","596624",66.02,169.71,1072
"1073","Eskimo_Naukan","LazaridisNature2014","nauk1242","596623",66.02,169.71,1073
"1074","Eskimo_Naukan","LazaridisNature2014","nauk1242","596683",66.02,169.71,1074
"1075","Eskimo_Naukan","LazaridisNature2014","nauk1242","596400",66.02,169.71,1075
"1076","Eskimo_Naukan","LazaridisNature2014","nauk1242","594775",66.02,169.71,1076
"1077","Eskimo_Naukan","LazaridisNature2014","nauk1242","595902",66.02,169.71,1077
"1078","Eskimo_Naukan","LazaridisNature2014","nauk1242","594700",66.02,169.71,1078
"1079","Eskimo_Naukan","LazaridisNature2014","nauk1242","596250",66.02,169.71,1079
"1080","Eskimo_Naukan","LazaridisNature2014","nauk1242","596480",66.02,169.71,1080
"1081","Eskimo_Naukan","LazaridisNature2014","nauk1242","596675",66.02,169.71,1081
"1082","Eskimo_Naukan","LazaridisNature2014","nauk1242","596525",66.02,169.71,1082
"1083","Eskimo_Naukan","LazaridisNature2014","nauk1242","596874",66.02,169.71,1083
"1084","Eskimo_Naukan","LazaridisNature2014","nauk1242","596077",66.02,169.71,1084
"1085","Eskimo_Naukan","LazaridisNature2014","nauk1242","596559",66.02,169.71,1085
"1086","Eskimo_Sireniki","LazaridisNature2014","sire1246","594124",64.4,173.9,1086
"1087","Eskimo_Sireniki","LazaridisNature2014","sire1246","597179",64.4,173.9,1087
"1088","Eskimo_Sireniki","LazaridisNature2014","sire1246","594839",64.4,173.9,1088
"1089","Eskimo_Sireniki","LazaridisNature2014","sire1246","596510",64.4,173.9,1089
"1090","Eskimo_Sireniki","LazaridisNature2014","sire1246","596450",64.4,173.9,1090
"1091","Eskimo_Sireniki","LazaridisNature2014","sire1246","588442",64.4,173.9,1091
"1092","Estonian","LazaridisNature2014","esto1258","596619",58.5390393,24.8892515,1092
"1093","Estonian","LazaridisNature2014","esto1258","596805",58.5390393,24.8892515,1093
"1094","Estonian","LazaridisNature2014","esto1258","596508",58.5390393,24.8892515,1094
"1095","Estonian","LazaridisNature2014","esto1258","596844",58.5390393,24.8892515,1095
"1096","Estonian","LazaridisNature2014","esto1258","596982",58.5390393,24.8892515,1096
"1097","Estonian","LazaridisNature2014","esto1258","596394",58.5390393,24.8892515,1097
"1098","Estonian","LazaridisNature2014","esto1258","596534",58.5390393,24.8892515,1098
"1099","Estonian","LazaridisNature2014","esto1258","596742",58.5390393,24.8892515,1099
"1100","Estonian","LazaridisNature2014","esto1258","596920",58.5390393,24.8892515,1100
"1101","Estonian","LazaridisNature2014","esto1258","596411",58.5390393,24.8892515,1101
"1102","Eten","Barbieri_2018","ND","594665",-6.920947,-79.851797,1102
"1103","Eten","Barbieri_2018","ND","595277",-6.920947,-79.851797,1103
"1104","Eten","Barbieri_2018","ND","594015",-6.920947,-79.851797,1104
"1105","Eten","Barbieri_2018","ND","595907",-6.920947,-79.851797,1105
"1106","Eten","Barbieri_2018","ND","596124",-6.920947,-79.851797,1106
"1107","Even","LazaridisNature2014","even1260","596617",57.53,135.88,1107
"1108","Even","LazaridisNature2014","even1260","596472",57.53,135.88,1108
"1109","Even","LazaridisNature2014","even1260","596105",57.53,135.88,1109
"1110","Even","LazaridisNature2014","even1260","596478",57.53,135.88,1110
"1111","Even","LazaridisNature2014","even1260","596696",57.53,135.88,1111
"1112","Even","LazaridisNature2014","even1260","597082",57.53,135.88,1112
"1113","Even","LazaridisNature2014","even1260","596555",57.53,135.88,1113
"1114","Even","LazaridisNature2014","even1260","596955",57.53,135.88,1114
"1115","Even","LazaridisNature2014","even1260","597066",57.53,135.88,1115
"1116","Evenk_FarEast","Jeong_2019","even1259","588630",54.7,135.3,1116
"1117","Evenk_FarEast","Jeong_2019","even1259","588786",54.7,135.3,1117
"1118","Evenk_FarEast","Jeong_2019","even1259","588869",54.7,135.3,1118
"1119","Evenk_FarEast","Jeong_2019","even1259","589328",54.7,135.3,1119
"1120","Evenk_FarEast","Jeong_2019","even1259","588913",54.7,135.3,1120
"1121","Evenk_Transbaikal","Jeong_2019","even1259","584488",56.9,118.2,1121
"1122","Evenk_Transbaikal","Jeong_2019","even1259","582183",56.9,118.2,1122
"1123","Evenk_Transbaikal","Jeong_2019","even1259","589495",56.9,118.2,1123
"1124","Evenk_Transbaikal","Jeong_2019","even1259","586078",56.9,118.2,1124
"1125","Evenk_Transbaikal","Jeong_2019","even1259","589274",56.9,118.2,1125
"1126","Evenk_Transbaikal","Jeong_2019","even1259","584764",56.9,118.2,1126
"1127","Evenk_Transbaikal","Jeong_2019","even1259","586339",56.9,118.2,1127
"1128","Evenk_Transbaikal","Jeong_2019","even1259","586049",56.9,118.2,1128
"1129","Evenk_Transbaikal","Jeong_2019","even1259","586604",56.9,118.2,1129
"1130","Evenk_Transbaikal","Jeong_2019","even1259","584229",56.9,118.2,1130
"1131","Evenk_Transbaikal","Jeong_2019","even1259","588859",56.9,118.2,1131
"1132","Ezid","Jeong_2019","nort2641","584464",36.9,46.6,1132
"1133","Ezid","Jeong_2019","nort2641","580614",36.9,46.6,1133
"1134","Ezid","Jeong_2019","nort2641","582530",36.9,46.6,1134
"1135","Ezid","Jeong_2019","nort2641","585827",36.9,46.6,1135
"1136","Ezid","Jeong_2019","nort2641","585956",36.9,46.6,1136
"1137","Ezid","Jeong_2019","nort2641","585598",36.9,46.6,1137
"1138","Ezid","Jeong_2019","nort2641","585272",36.9,46.6,1138
"1139","Finnish","LazaridisNature2014","finn1318","595661",60.2,24.9,1139
"1140","Finnish","LazaridisNature2014","finn1318","596222",60.2,24.9,1140
"1141","Finnish","LazaridisNature2014","finn1318","596216",60.2,24.9,1141
"1142","Finnish","LazaridisNature2014","finn1318","596691",60.2,24.9,1142
"1143","Finnish","LazaridisNature2014","finn1318","596781",60.2,24.9,1143
"1144","Finnish","LazaridisNature2014","finn1318","596669",60.2,24.9,1144
"1145","Finnish","LazaridisNature2014","finn1318","597003",60.2,24.9,1145
"1146","Finnish","LazaridisNature2014","finn1318","596327",60.2,24.9,1146
"1147","French_Central","PattersonGenetics2012","stan1290","597073",46,2,1147
"1148","French_Central","PattersonGenetics2012","stan1290","596305",46,2,1148
"1149","French_Central","PattersonGenetics2012","stan1290","596038",46,2,1149
"1150","French_Central","PattersonGenetics2012","stan1290","594129",46,2,1150
"1151","French_Central","PattersonGenetics2012","stan1290","596937",46,2,1151
"1152","French_Central","PattersonGenetics2012","stan1290","595671",46,2,1152
"1153","French_Central","PattersonGenetics2012","stan1290","595436",46,2,1153
"1154","French_Central","PattersonGenetics2012","stan1290","596697",46,2,1154
"1155","French_Central","PattersonGenetics2012","stan1290","596991",46,2,1155
"1156","French_Central","PattersonGenetics2012","stan1290","594072",46,2,1156
"1157","French_Central","PattersonGenetics2012","stan1290","596554",46,2,1157
"1158","French_Central","PattersonGenetics2012","stan1290","594694",46,2,1158
"1159","French_Central","PattersonGenetics2012","stan1290","594449",46,2,1159
"1160","French_Central","PattersonGenetics2012","stan1290","596659",46,2,1160
"1161","French_Central","PattersonGenetics2012","stan1290","596315",46,2,1161
"1162","French_Central","PattersonGenetics2012","stan1290","595217",46,2,1162
"1163","French_Central","PattersonGenetics2012","stan1290","594091",46,2,1163
"1164","French_Central","PattersonGenetics2012","stan1290","591055",46,2,1164
"1165","French_Central","PattersonGenetics2012","stan1290","592259",46,2,1165
"1166","French_Central","PattersonGenetics2012","stan1290","597069",46,2,1166
"1167","French_Central","PattersonGenetics2012","stan1290","589314",46,2,1167
"1168","French_Central","PattersonGenetics2012","stan1290","595616",46,2,1168
"1169","French_Central","PattersonGenetics2012","stan1290","588758",46,2,1169
"1170","French_Central","PattersonGenetics2012","stan1290","595150",46,2,1170
"1171","French_Central","PattersonGenetics2012","stan1290","597202",46,2,1171
"1172","French_Central","PattersonGenetics2012","stan1290","591099",46,2,1172
"1173","French_East","LazaridisNature2014","stan1290","586723",49.0469805,6.61545411,1173
"1174","French_East","LazaridisNature2014","stan1290","587847",49.0469805,6.61545411,1174
"1175","French_East","LazaridisNature2014","stan1290","589108",49.0469805,6.61545411,1175
"1176","French_East","LazaridisNature2014","stan1290","588991",49.0469805,6.61545411,1176
"1177","French_East","LazaridisNature2014","stan1290","587160",49.0469805,6.61545411,1177
"1178","French_East","LazaridisNature2014","stan1290","589895",49.0469805,6.61545411,1178
"1179","French_East","LazaridisNature2014","stan1290","585729",49.0469805,6.61545411,1179
"1180","French_East","LazaridisNature2014","stan1290","585102",49.0469805,6.61545411,1180
"1181","French_East","LazaridisNature2014","stan1290","589981",49.0469805,6.61545411,1181
"1182","French_East","LazaridisNature2014","stan1290","589903",49.0469805,6.61545411,1182
"1183","French_Northwest","LazaridisNature2014","stan1290","590230",50.46199264,2.332995724,1183
"1184","French_Northwest","LazaridisNature2014","stan1290","589517",50.46199264,2.332995724,1184
"1185","French_Northwest","LazaridisNature2014","stan1290","588149",50.46199264,2.332995724,1185
"1186","French_Northwest","LazaridisNature2014","stan1290","588052",50.46199264,2.332995724,1186
"1187","French_Northwest","LazaridisNature2014","stan1290","587455",50.46199264,2.332995724,1187
"1188","French_Northwest","LazaridisNature2014","stan1290","579360",50.46199264,2.332995724,1188
"1189","French_Northwest","LazaridisNature2014","stan1290","588704",50.46199264,2.332995724,1189
"1190","French_Northwest","LazaridisNature2014","stan1290","588880",50.46199264,2.332995724,1190
"1191","French_Northwest","LazaridisNature2014","stan1290","580533",50.46199264,2.332995724,1191
"1192","French_Northwest","LazaridisNature2014","stan1290","589871",50.46199264,2.332995724,1192
"1193","French_South","LazaridisNature2014","stan1290","596665",43.09,-0.05,1193
"1194","French_South","LazaridisNature2014","stan1290","595720",43.09,-0.05,1194
"1195","French_South","LazaridisNature2014","stan1290","596361",43.09,-0.05,1195
"1196","French_South","LazaridisNature2014","stan1290","595578",43.09,-0.05,1196
"1197","French_South","LazaridisNature2014","stan1290","595960",43.09,-0.05,1197
"1198","French_South","LazaridisNature2014","stan1290","596028",43.09,-0.05,1198
"1199","French_South","LazaridisNature2014","stan1290","596772",43.09,-0.05,1199
"1200","French_West","LazaridisNature2014","stan1290","585962",48.29879354,-4.123009966,1200
"1201","French_West","LazaridisNature2014","stan1290","589436",48.29879354,-4.123009966,1201
"1202","French_West","LazaridisNature2014","stan1290","589247",48.29879354,-4.123009966,1202
"1203","French_West","LazaridisNature2014","stan1290","585061",48.29879354,-4.123009966,1203
"1204","French_West","LazaridisNature2014","stan1290","589810",48.29879354,-4.123009966,1204
"1205","French_West","LazaridisNature2014","stan1290","590357",48.29879354,-4.123009966,1205
"1206","French_West","LazaridisNature2014","stan1290","588121",48.29879354,-4.123009966,1206
"1207","French_West","LazaridisNature2014","stan1290","588893",48.29879354,-4.123009966,1207
"1208","French_West","LazaridisNature2014","stan1290","589261",48.29879354,-4.123009966,1208
"1209","French_West","LazaridisNature2014","stan1290","589198",48.29879354,-4.123009966,1209
"1210","Gagauz","Jeong_2019","gaga1249","587809",45.54,28.38,1210
"1211","Gagauz","Jeong_2019","gaga1249","588094",45.54,28.38,1211
"1212","Gagauz","Jeong_2019","gaga1249","588436",45.54,28.38,1212
"1213","Gagauz","Jeong_2019","gaga1249","586296",45.54,28.38,1213
"1214","Gagauz","Jeong_2019","gaga1249","588106",45.54,28.38,1214
"1215","Gagauz","Jeong_2019","gaga1249","578565",45.54,28.38,1215
"1216","Gagauz","Jeong_2019","gaga1249","578976",45.54,28.38,1216
"1217","Gagauz","Jeong_2019","gaga1249","588278",45.54,28.38,1217
"1218","Gagauz","Jeong_2019","gaga1249","577891",45.54,28.38,1218
"1219","Gambian","LazaridisNature2014","mand1436","596508",13.4,16.7,1219
"1220","Gambian","LazaridisNature2014","mand1436","595101",13.4,16.7,1220
"1221","Gambian","LazaridisNature2014","mand1436","595853",13.4,16.7,1221
"1222","Gambian","LazaridisNature2014","mand1436","596041",13.4,16.7,1222
"1223","Gambian","LazaridisNature2014","mand1436","595058",13.4,16.7,1223
"1224","Gambian","LazaridisNature2014","mand1436","595787",13.4,16.7,1224
"1225","Gana","PickrellNatureCommunications2012","gana1274","595952",-21.6523,23.3889,1225
"1226","Gana","PickrellNatureCommunications2012","gana1274","596588",-21.6523,23.3889,1226
"1227","Gana","PickrellNatureCommunications2012","gana1274","596223",-21.6523,23.3889,1227
"1228","Gana","PickrellNatureCommunications2012","gana1274","595988",-21.6523,23.3889,1228
"1229","Gana","PickrellNatureCommunications2012","gana1274","591493",-21.6523,23.3889,1229
"1230","Gana","PickrellNatureCommunications2012","gana1274","595686",-21.6523,23.3889,1230
"1231","Gana","PickrellNatureCommunications2012","gana1274","596239",-21.6523,23.3889,1231
"1232","Gana","PickrellNatureCommunications2012","gana1274","596190",-21.6523,23.3889,1232
"1233","Georgian","LazaridisNature2014","nucl1302","591096",42.5,41.85,1233
"1234","Georgian","LazaridisNature2014","nucl1302","583624",42.5,41.85,1234
"1235","Georgian","LazaridisNature2014","nucl1302","596712",42.5,41.85,1235
"1236","Georgian","LazaridisNature2014","nucl1302","597116",42.5,41.85,1236
"1237","Georgian","LazaridisNature2014","nucl1302","596016",42.5,41.85,1237
"1238","Georgian","LazaridisNature2014","nucl1302","595786",42.5,41.85,1238
"1239","Georgian","LazaridisNature2014","nucl1302","597165",42.5,41.85,1239
"1240","Georgian","LazaridisNature2014","nucl1302","595730",42.5,41.85,1240
"1241","Georgian","LazaridisNature2014","nucl1302","596002",42.5,41.85,1241
"1242","Georgian","LazaridisNature2014","nucl1302","597002",42.5,41.85,1242
"1243","Georgian","LazaridisNature2014","nucl1302","596386",42.5,41.85,1243
"1244","Georgian","LazaridisNature2014","nucl1302","596276",42.5,41.85,1244
"1245","Georgian_Imeretins","Jeong_2019","imer1248","589363",42.25,42.7,1245
"1246","Georgian_Imeretins","Jeong_2019","imer1248","588606",42.25,42.7,1246
"1247","Georgian_Imeretins","Jeong_2019","imer1248","588830",42.25,42.7,1247
"1248","Georgian_Imeretins","Jeong_2019","imer1248","589402",42.25,42.7,1248
"1249","Georgian_Imeretins","Jeong_2019","imer1248","588654",42.25,42.7,1249
"1250","Georgian_Imeretins","Jeong_2019","imer1248","588541",42.25,42.7,1250
"1251","Georgian_Laz","Jeong_2019","lazz1240","589254",40.93,40.84,1251
"1252","Georgian_Laz","Jeong_2019","lazz1240","589028",40.93,40.84,1252
"1253","Georgian_Laz","Jeong_2019","lazz1240","587426",40.93,40.84,1253
"1254","Georgian_Laz","Jeong_2019","lazz1240","587304",40.93,40.84,1254
"1255","Georgian_Laz","Jeong_2019","lazz1240","587228",40.93,40.84,1255
"1256","Georgian_Laz","Jeong_2019","lazz1240","583661",40.93,40.84,1256
"1257","German_Lipsian","LazaridisNature2016","stan1295","590317",51.34,12.373,1257
"1258","German_Lipsian","LazaridisNature2016","stan1295","587558",51.34,12.373,1258
"1259","German_Lipsian","LazaridisNature2016","stan1295","589463",51.34,12.373,1259
"1260","German_Lipsian","LazaridisNature2016","stan1295","589888",51.34,12.373,1260
"1261","German_Lipsian","LazaridisNature2016","stan1295","590012",51.34,12.373,1261
"1262","German_Lipsian","LazaridisNature2016","stan1295","586900",51.34,12.373,1262
"1263","German_Lipsian","LazaridisNature2016","stan1295","589954",51.34,12.373,1263
"1264","German_Lipsian","LazaridisNature2016","stan1295","589405",51.34,12.373,1264
"1265","German_Lipsian","LazaridisNature2016","stan1295","589904",51.34,12.373,1265
"1266","German_Lipsian","LazaridisNature2016","stan1295","590252",51.34,12.373,1266
"1267","German_Sorb","LazaridisNature2016","sorb1249","589016",51.275,14.102,1267
"1268","German_Sorb","LazaridisNature2016","sorb1249","589798",51.275,14.102,1268
"1269","German_Sorb","LazaridisNature2016","sorb1249","589996",51.275,14.102,1269
"1270","German_Sorb","LazaridisNature2016","sorb1249","590005",51.275,14.102,1270
"1271","German_Sorb","LazaridisNature2016","sorb1249","590365",51.275,14.102,1271
"1272","German_Sorb","LazaridisNature2016","sorb1249","589224",51.275,14.102,1272
"1273","German_Sorb","LazaridisNature2016","sorb1249","588697",51.275,14.102,1273
"1274","German_Sorb","LazaridisNature2016","sorb1249","589752",51.275,14.102,1274
"1275","German_Sorb","LazaridisNature2016","sorb1249","589585",51.275,14.102,1275
"1276","Greek_Athens","LazaridisNature2014","gree1276","596076",37.96666667,23.71666667,1276
"1277","Greek_Athens","LazaridisNature2014","gree1276","595916",37.96666667,23.71666667,1277
"1278","Greek_Athens","LazaridisNature2014","gree1276","596187",37.96666667,23.71666667,1278
"1279","Greek_Athens","LazaridisNature2014","gree1276","595093",37.96666667,23.71666667,1279
"1280","Greek_Athens","LazaridisNature2014","gree1276","596574",37.96666667,23.71666667,1280
"1281","Greek_Athens","LazaridisNature2014","gree1276","595929",37.96666667,23.71666667,1281
"1282","Greek_Athens","LazaridisNature2014","gree1276","596346",37.96666667,23.71666667,1282
"1283","Greek_Athens","LazaridisNature2014","gree1276","596802",37.96666667,23.71666667,1283
"1284","Greek_Thessaloniki","LazaridisNature2014","gree1276","596292",40.64,22.94,1284
"1285","Greek_Thessaloniki","LazaridisNature2014","gree1276","595839",40.64,22.94,1285
"1286","Greek_Thessaloniki","LazaridisNature2014","gree1276","595521",40.64,22.94,1286
"1287","Greek_Thessaloniki","LazaridisNature2014","gree1276","596291",40.64,22.94,1287
"1288","Greek_Thessaloniki","LazaridisNature2014","gree1276","595650",40.64,22.94,1288
"1289","Greek_Thessaloniki","LazaridisNature2014","gree1276","596001",40.64,22.94,1289
"1290","Greek_Thessaloniki","LazaridisNature2014","gree1276","595935",40.64,22.94,1290
"1291","Greek_Thessaloniki","LazaridisNature2014","gree1276","596645",40.64,22.94,1291
"1292","Greek_Thessaloniki","LazaridisNature2014","gree1276","595484",40.64,22.94,1292
"1293","Greek_Thessaloniki","LazaridisNature2014","gree1276","596649",40.64,22.94,1293
"1294","Greek_Thessaloniki","LazaridisNature2014","gree1276","595409",40.64,22.94,1294
"1295","Greek_Thessaloniki","LazaridisNature2014","gree1276","596095",40.64,22.94,1295
"1296","Greek_Thessaloniki","LazaridisNature2014","gree1276","596067",40.64,22.94,1296
"1297","Greek_Thessaloniki","LazaridisNature2014","gree1276","593808",40.64,22.94,1297
"1298","Greek_WGA","LazaridisNature2014","gree1276","592615",37.9,23.7,1298
"1299","Greek_WGA","LazaridisNature2014","gree1276","594358",37.9,23.7,1299
"1300","Greek_WGA","LazaridisNature2014","gree1276","589026",37.9,23.7,1300
"1301","Greek_WGA","LazaridisNature2014","gree1276","592403",37.9,23.7,1301
"1302","Greek_WGA","LazaridisNature2014","gree1276","583859",37.9,23.7,1302
"1303","Greek_WGA","LazaridisNature2014","gree1276","589539",37.9,23.7,1303
"1304","Greek_WGA","LazaridisNature2014","gree1276","588535",37.9,23.7,1304
"1305","Greek_WGA","LazaridisNature2014","gree1276","591667",37.9,23.7,1305
"1306","Greek_WGA","LazaridisNature2014","gree1276","592218",37.9,23.7,1306
"1307","Greek_WGA","LazaridisNature2014","gree1276","591914",37.9,23.7,1307
"1308","Greek_WGA","LazaridisNature2014","gree1276","590959",37.9,23.7,1308
"1309","Greek_WGA","LazaridisNature2014","gree1276","588888",37.9,23.7,1309
"1310","Greek_WGA","LazaridisNature2014","gree1276","588957",37.9,23.7,1310
"1311","Greek_WGA","LazaridisNature2014","gree1276","590335",37.9,23.7,1311
"1312","Greek_WGA","LazaridisNature2014","gree1276","590492",37.9,23.7,1312
"1313","Greek_WGA","LazaridisNature2014","gree1276","587971",37.9,23.7,1313
"1314","Greek_WGA","LazaridisNature2014","gree1276","591646",37.9,23.7,1314
"1315","Greek_WGA","LazaridisNature2014","gree1276","591911",37.9,23.7,1315
"1316","Guarani","LazaridisNature2014","mbya1239","595582",-27.5,-59,1316
"1317","Guarani","LazaridisNature2014","mbya1239","595166",-27.5,-59,1317
"1318","Guarani","LazaridisNature2014","mbya1239","595882",-27.5,-59,1318
"1319","Guarani","LazaridisNature2014","mbya1239","596952",-27.5,-59,1319
"1320","Guarani","LazaridisNature2014","mbya1239","596798",-27.5,-59,1320
"1321","Guarani_GN","SkoglundNature2015","mbya1239","590396",-23.33333333,-54.5,1321
"1322","Guarani_GN","SkoglundNature2015","mbya1239","590436",-23.33333333,-54.5,1322
"1323","Guarani_GN","SkoglundNature2015","mbya1239","588596",-23.33333333,-54.5,1323
"1324","Guarani_GN","SkoglundNature2015","mbya1239","590118",-23.33333333,-54.5,1324
"1325","Guarani_GN","SkoglundNature2015","mbya1239","589686",-23.33333333,-54.5,1325
"1326","Guarani_GN","SkoglundNature2015","mbya1239","590305",-23.33333333,-54.5,1326
"1327","Guarani_GN","SkoglundNature2015","mbya1239","590307",-23.33333333,-54.5,1327
"1328","Guarani_KW","SkoglundNature2015","mbya1239","589400",-23.33333333,-55.2,1328
"1329","Guarani_KW","SkoglundNature2015","mbya1239","590162",-23.33333333,-55.2,1329
"1330","Guarani_KW","SkoglundNature2015","mbya1239","590124",-23.33333333,-55.2,1330
"1331","Guarani_KW","SkoglundNature2015","mbya1239","590122",-23.33333333,-55.2,1331
"1332","Guarani_KW","SkoglundNature2015","mbya1239","589545",-23.33333333,-55.2,1332
"1333","Guarani_KW","SkoglundNature2015","mbya1239","589784",-23.33333333,-55.2,1333
"1334","Guarani_KW","SkoglundNature2015","mbya1239","590400",-23.33333333,-55.2,1334
"1335","Guarani_KW","SkoglundNature2015","mbya1239","590470",-23.33333333,-55.2,1335
"1336","Guarani_KW","SkoglundNature2015","mbya1239","590300",-23.33333333,-55.2,1336
"1337","Gui","PickrellNatureCommunications2012","gwii1239","595939",-21.48658402,23.29466982,1337
"1338","Gui","PickrellNatureCommunications2012","gwii1239","596450",-21.48658402,23.29466982,1338
"1339","Gui","PickrellNatureCommunications2012","gwii1239","594924",-21.48658402,23.29466982,1339
"1340","Gui","PickrellNatureCommunications2012","gwii1239","594238",-21.48658402,23.29466982,1340
"1341","Gui","PickrellNatureCommunications2012","gwii1239","596809",-21.48658402,23.29466982,1341
"1342","Gui","PickrellNatureCommunications2012","gwii1239","591596",-21.48658402,23.29466982,1342
"1343","Gui","PickrellNatureCommunications2012","gwii1239","596091",-21.48658402,23.29466982,1343
"1344","Gui","PickrellNatureCommunications2012","gwii1239","596042",-21.48658402,23.29466982,1344
"1345","Gui","PickrellNatureCommunications2012","gwii1239","596062",-21.48658402,23.29466982,1345
"1346","Gui","PickrellNatureCommunications2012","gwii1239","596847",-21.48658402,23.29466982,1346
"1347","Gui","PickrellNatureCommunications2012","gwii1239","594160",-21.48658402,23.29466982,1347
"1348","GujaratiA","LazaridisNature2014","guja1252","596833",23.2,72.7,1348
"1349","GujaratiA","LazaridisNature2014","guja1252","596383",23.2,72.7,1349
"1350","GujaratiA","LazaridisNature2014","guja1252","596482",23.2,72.7,1350
"1351","GujaratiA","LazaridisNature2014","guja1252","596850",23.2,72.7,1351
"1352","GujaratiA","LazaridisNature2014","guja1252","596328",23.2,72.7,1352
"1353","GujaratiB","LazaridisNature2014","guja1252","596315",23.2,72.7,1353
"1354","GujaratiB","LazaridisNature2014","guja1252","596934",23.2,72.7,1354
"1355","GujaratiB","LazaridisNature2014","guja1252","596107",23.2,72.7,1355
"1356","GujaratiB","LazaridisNature2014","guja1252","596943",23.2,72.7,1356
"1357","GujaratiB","LazaridisNature2014","guja1252","597055",23.2,72.7,1357
"1358","GujaratiC","LazaridisNature2014","guja1252","596691",23.2,72.7,1358
"1359","GujaratiC","LazaridisNature2014","guja1252","596966",23.2,72.7,1359
"1360","GujaratiC","LazaridisNature2014","guja1252","596972",23.2,72.7,1360
"1361","GujaratiC","LazaridisNature2014","guja1252","596273",23.2,72.7,1361
"1362","GujaratiC","LazaridisNature2014","guja1252","596912",23.2,72.7,1362
"1363","GujaratiD","LazaridisNature2014","guja1252","596267",23.2,72.7,1363
"1364","GujaratiD","LazaridisNature2014","guja1252","596378",23.2,72.7,1364
"1365","GujaratiD","LazaridisNature2014","guja1252","596917",23.2,72.7,1365
"1366","GujaratiD","LazaridisNature2014","guja1252","597055",23.2,72.7,1366
"1367","Hadza","LazaridisNature2014","hadz1240","595627",-3.8,35.3,1367
"1368","Hadza","LazaridisNature2014","hadz1240","597007",-3.8,35.3,1368
"1369","Hadza","LazaridisNature2014","hadz1240","596114",-3.8,35.3,1369
"1370","Hadza","LazaridisNature2014","hadz1240","596014",-3.8,35.3,1370
"1371","Hadza","LazaridisNature2014","hadz1240","596593",-3.8,35.3,1371
"1372","Hadza","LazaridisNature2014","hadz1240","596361",-3.8,35.3,1372
"1373","Hadza","LazaridisNature2014","hadz1240","596537",-3.8,35.3,1373
"1374","Hadza","LazaridisNature2014","hadz1240","596318",-3.8,35.3,1374
"1375","Hadza","LazaridisNature2014","hadz1240","595899",-3.8,35.3,1375
"1376","Hadza","LazaridisNature2014","hadz1240","596314",-3.8,35.3,1376
"1377","Hadza","LazaridisNature2014","hadz1240","596627",-3.8,35.3,1377
"1378","Hadza","LazaridisNature2014","hadz1240","596920",-3.8,35.3,1378
"1379","Hadza","LazaridisNature2014","hadz1240","596596",-3.8,35.3,1379
"1380","Hadza","LazaridisNature2014","hadz1240","596992",-3.8,35.3,1380
"1381","Hadza","LazaridisNature2014","hadz1240","596527",-3.8,35.3,1381
"1382","Hadza","LazaridisNature2014","hadz1240","596548",-3.8,35.3,1382
"1383","Hadza","LazaridisNature2014","hadz1240","596045",-3.8,35.3,1383
"1384","Hadza","LazaridisNature2014","hadz1240","596957",-3.8,35.3,1384
"1385","Hadza","LazaridisNature2014","hadz1240","596846",-3.8,35.3,1385
"1386","Hadza","LazaridisNature2014","hadz1240","596251",-3.8,35.3,1386
"1387","Hadza1","PickrellNatureCommunications2012","hadz1240","585475",-3.6,35.1,1387
"1388","Hadza1","PickrellNatureCommunications2012","hadz1240","584315",-3.6,35.1,1388
"1389","Hadza1","PickrellNatureCommunications2012","hadz1240","582835",-3.6,35.1,1389
"1390","Hadza1","PickrellNatureCommunications2012","hadz1240","584438",-3.6,35.1,1390
"1391","Hadza1","PickrellNatureCommunications2012","hadz1240","581738",-3.6,35.1,1391
"1392","Haiom","PickrellNatureCommunications2012","haio1238","593474",-19.34507677,16.96949437,1392
"1393","Haiom","PickrellNatureCommunications2012","haio1238","584373",-19.34507677,16.96949437,1393
"1394","Haiom","PickrellNatureCommunications2012","haio1238","591530",-19.34507677,16.96949437,1394
"1395","Haiom","PickrellNatureCommunications2012","haio1238","591016",-19.34507677,16.96949437,1395
"1396","Haiom","PickrellNatureCommunications2012","haio1238","596173",-19.34507677,16.96949437,1396
"1397","Haiom","PickrellNatureCommunications2012","haio1238","595377",-19.34507677,16.96949437,1397
"1398","Haiom","PickrellNatureCommunications2012","haio1238","595437",-19.34507677,16.96949437,1398
"1399","Haiom","PickrellNatureCommunications2012","haio1238","595248",-19.34507677,16.96949437,1399
"1400","Haiom","PickrellNatureCommunications2012","haio1238","594349",-19.34507677,16.96949437,1400
"1401","Hakka_Taiwan","SkoglundNature2016","taoy1234","546245",25.033333,121.633333,1401
"1402","Hakka_Taiwan","SkoglundNature2016","taoy1234","547204",25.033333,121.633333,1402
"1403","Hakka_Taiwan","SkoglundNature2016","taoy1234","548040",25.033333,121.633333,1403
"1404","Hakka_Taiwan","SkoglundNature2016","taoy1234","545943",25.033333,121.633333,1404
"1405","Hakka_Taiwan","SkoglundNature2016","taoy1234","546122",25.033333,121.633333,1405
"1406","Hakka_Taiwan","SkoglundNature2016","taoy1234","547827",25.033333,121.633333,1406
"1407","Hakka_Taiwan","SkoglundNature2016","taoy1234","541943",25.033333,121.633333,1407
"1408","Hakka_Taiwan","SkoglundNature2016","taoy1234","546082",25.033333,121.633333,1408
"1409","Han-NChina","PattersonGenetics2012","mand1415","595935",32.26566812,114,1409
"1410","Han-NChina","PattersonGenetics2012","mand1415","596282",32.26566812,114,1410
"1411","Han-NChina","PattersonGenetics2012","mand1415","596460",32.26566812,114,1411
"1412","Han-NChina","PattersonGenetics2012","mand1415","597133",32.26566812,114,1412
"1413","Han-NChina","PattersonGenetics2012","mand1415","595514",32.26566812,114,1413
"1414","Han-NChina","PattersonGenetics2012","mand1415","597132",32.26566812,114,1414
"1415","Han-NChina","PattersonGenetics2012","mand1415","596887",32.26566812,114,1415
"1416","Han-NChina","PattersonGenetics2012","mand1415","596520",32.26566812,114,1416
"1417","Han-NChina","PattersonGenetics2012","mand1415","596742",32.26566812,114,1417
"1418","Han-NChina","PattersonGenetics2012","mand1415","595117",32.26566812,114,1418
"1419","Han_HGDP","PattersonGenetics2012","mand1415","596467",32.26566812,114,1419
"1420","Han_HGDP","PattersonGenetics2012","mand1415","596115",32.26566812,114,1420
"1421","Han_HGDP","PattersonGenetics2012","mand1415","596300",32.26566812,114,1421
"1422","Han_HGDP","PattersonGenetics2012","mand1415","597011",32.26566812,114,1422
"1423","Han_HGDP","PattersonGenetics2012","mand1415","595912",32.26566812,114,1423
"1424","Han_HGDP","PattersonGenetics2012","mand1415","597021",32.26566812,114,1424
"1425","Han_HGDP","PattersonGenetics2012","mand1415","596257",32.26566812,114,1425
"1426","Han_HGDP","PattersonGenetics2012","mand1415","595974",32.26566812,114,1426
"1427","Han_HGDP","PattersonGenetics2012","mand1415","596367",32.26566812,114,1427
"1428","Han_HGDP","PattersonGenetics2012","mand1415","596120",32.26566812,114,1428
"1429","Han_HGDP","PattersonGenetics2012","mand1415","596886",32.26566812,114,1429
"1430","Han_HGDP","PattersonGenetics2012","mand1415","597121",32.26566812,114,1430
"1431","Han_HGDP","PattersonGenetics2012","mand1415","596189",32.26566812,114,1431
"1432","Han_HGDP","PattersonGenetics2012","mand1415","595903",32.26566812,114,1432
"1433","Han_HGDP","PattersonGenetics2012","mand1415","595484",32.26566812,114,1433
"1434","Han_HGDP","PattersonGenetics2012","mand1415","596388",32.26566812,114,1434
"1435","Han_HGDP","PattersonGenetics2012","mand1415","596654",32.26566812,114,1435
"1436","Han_HGDP","PattersonGenetics2012","mand1415","595219",32.26566812,114,1436
"1437","Han_HGDP","PattersonGenetics2012","mand1415","596417",32.26566812,114,1437
"1438","Han_HGDP","PattersonGenetics2012","mand1415","597092",32.26566812,114,1438
"1439","Han_HGDP","PattersonGenetics2012","mand1415","594521",32.26566812,114,1439
"1440","Han_HGDP","PattersonGenetics2012","mand1415","596563",32.26566812,114,1440
"1441","Han_HGDP","PattersonGenetics2012","mand1415","596744",32.26566812,114,1441
"1442","Han_HGDP","PattersonGenetics2012","mand1415","596479",32.26566812,114,1442
"1443","Han_HGDP","PattersonGenetics2012","mand1415","595522",32.26566812,114,1443
"1444","Han_HGDP","PattersonGenetics2012","mand1415","596345",32.26566812,114,1444
"1445","Han_HGDP","PattersonGenetics2012","mand1415","596396",32.26566812,114,1445
"1446","Han_HGDP","PattersonGenetics2012","mand1415","595689",32.26566812,114,1446
"1447","Han_HGDP","PattersonGenetics2012","mand1415","595916",32.26566812,114,1447
"1448","Han_HGDP","PattersonGenetics2012","mand1415","595069",32.26566812,114,1448
"1449","Han_HGDP","PattersonGenetics2012","mand1415","595116",32.26566812,114,1449
"1450","Han_HGDP","PattersonGenetics2012","mand1415","596562",32.26566812,114,1450
"1451","Han_HGDP","PattersonGenetics2012","mand1415","593957",32.26566812,114,1451
"1452","Hazara","PattersonGenetics2012","haza1239","596704",33.49855601,70,1452
"1453","Hazara","PattersonGenetics2012","haza1239","596473",33.49855601,70,1453
"1454","Hazara","PattersonGenetics2012","haza1239","591092",33.49855601,70,1454
"1455","Hazara","PattersonGenetics2012","haza1239","594457",33.49855601,70,1455
"1456","Hazara","PattersonGenetics2012","haza1239","595261",33.49855601,70,1456
"1457","Hazara","PattersonGenetics2012","haza1239","593194",33.49855601,70,1457
"1458","Hazara","PattersonGenetics2012","haza1239","595359",33.49855601,70,1458
"1459","Hazara","PattersonGenetics2012","haza1239","596142",33.49855601,70,1459
"1460","Hazara","PattersonGenetics2012","haza1239","595001",33.49855601,70,1460
"1461","Hazara","PattersonGenetics2012","haza1239","593503",33.49855601,70,1461
"1462","Hazara","PattersonGenetics2012","haza1239","596477",33.49855601,70,1462
"1463","Hazara","PattersonGenetics2012","haza1239","596154",33.49855601,70,1463
"1464","Hazara","PattersonGenetics2012","haza1239","591541",33.49855601,70,1464
"1465","Hazara","PattersonGenetics2012","haza1239","596308",33.49855601,70,1465
"1466","Hazara","PattersonGenetics2012","haza1239","590391",33.49855601,70,1466
"1467","Hazara","PattersonGenetics2012","haza1239","594364",33.49855601,70,1467
"1468","Hazara","PattersonGenetics2012","haza1239","596420",33.49855601,70,1468
"1469","Hazara","PattersonGenetics2012","haza1239","595373",33.49855601,70,1469
"1470","Hazara","PattersonGenetics2012","haza1239","595700",33.49855601,70,1470
"1471","Hazara","PattersonGenetics2012","haza1239","594558",33.49855601,70,1471
"1472","Hazara","PattersonGenetics2012","haza1239","593412",33.49855601,70,1472
"1473","Hazara","PattersonGenetics2012","haza1239","591593",33.49855601,70,1473
"1474","Hezhen","PattersonGenetics2012","nana1257","597065",47.4976192,133.5,1474
"1475","Hezhen","PattersonGenetics2012","nana1257","593765",47.4976192,133.5,1475
"1476","Hezhen","PattersonGenetics2012","nana1257","597142",47.4976192,133.5,1476
"1477","Hezhen","PattersonGenetics2012","nana1257","596704",47.4976192,133.5,1477
"1478","Hezhen","PattersonGenetics2012","nana1257","594779",47.4976192,133.5,1478
"1479","Hezhen","PattersonGenetics2012","nana1257","596449",47.4976192,133.5,1479
"1480","Hezhen","PattersonGenetics2012","nana1257","595826",47.4976192,133.5,1480
"1481","Hezhen","PattersonGenetics2012","nana1257","597118",47.4976192,133.5,1481
"1482","Hezhen","PattersonGenetics2012","nana1257","595355",47.4976192,133.5,1482
"1483","Himba","PickrellNatureCommunications2012","here1253","595379",-19.10067605,14.12350126,1483
"1484","Himba","PickrellNatureCommunications2012","here1253","595369",-19.10067605,14.12350126,1484
"1485","Himba","PickrellNatureCommunications2012","here1253","593403",-19.10067605,14.12350126,1485
"1486","Himba","PickrellNatureCommunications2012","here1253","592904",-19.10067605,14.12350126,1486
"1487","Himba","PickrellNatureCommunications2012","here1253","594569",-19.10067605,14.12350126,1487
"1488","Hoan","PickrellNatureCommunications2012","hoaa1235","594355",-23.99891755,23.43511675,1488
"1489","Hoan","PickrellNatureCommunications2012","hoaa1235","596166",-23.99891755,23.43511675,1489
"1490","Hoan","PickrellNatureCommunications2012","hoaa1235","593853",-23.99891755,23.43511675,1490
"1491","Hoan","PickrellNatureCommunications2012","hoaa1235","594970",-23.99891755,23.43511675,1491
"1492","Hoan","PickrellNatureCommunications2012","hoaa1235","594674",-23.99891755,23.43511675,1492
"1493","Hoan","PickrellNatureCommunications2012","hoaa1235","595199",-23.99891755,23.43511675,1493
"1494","Huancas","Barbieri_2018","chac1250","595608",-6.17391,-77.864453,1494
"1495","Huancas","Barbieri_2018","chac1250","595667",-6.17391,-77.864453,1495
"1496","Huancas","Barbieri_2018","chac1250","596534",-6.17391,-77.864453,1496
"1497","Huancas","Barbieri_2018","chac1250","596562",-6.17391,-77.864453,1497
"1498","Huancas","Barbieri_2018","chac1250","596613",-6.17391,-77.864453,1498
"1499","Hungarian1","LazaridisNature2014","hung1274","595248",47.5,19.1,1499
"1500","Hungarian1","LazaridisNature2014","hung1274","595980",47.5,19.1,1500
"1501","Hungarian1","LazaridisNature2014","hung1274","595449",47.5,19.1,1501
"1502","Hungarian1","LazaridisNature2014","hung1274","596544",47.5,19.1,1502
"1503","Hungarian1","LazaridisNature2014","hung1274","596258",47.5,19.1,1503
"1504","Hungarian1","LazaridisNature2014","hung1274","596198",47.5,19.1,1504
"1505","Hungarian1","LazaridisNature2014","hung1274","596474",47.5,19.1,1505
"1506","Hungarian1","LazaridisNature2014","hung1274","596409",47.5,19.1,1506
"1507","Hungarian1","LazaridisNature2014","hung1274","596006",47.5,19.1,1507
"1508","Hungarian1","LazaridisNature2014","hung1274","596643",47.5,19.1,1508
"1509","Hungarian2","LazaridisNature2014","hung1274","596676",47.487513,19.050293,1509
"1510","Hungarian2","LazaridisNature2014","hung1274","596724",47.487513,19.050293,1510
"1511","Hungarian2","LazaridisNature2014","hung1274","596968",47.487513,19.050293,1511
"1512","Hungarian2","LazaridisNature2014","hung1274","596477",47.487513,19.050293,1512
"1513","Hungarian2","LazaridisNature2014","hung1274","597031",47.487513,19.050293,1513
"1514","Hungarian2","LazaridisNature2014","hung1274","596970",47.487513,19.050293,1514
"1515","Hungarian2","LazaridisNature2014","hung1274","596805",47.487513,19.050293,1515
"1516","Hungarian2","LazaridisNature2014","hung1274","595519",47.487513,19.050293,1516
"1517","Hungarian2","LazaridisNature2014","hung1274","596865",47.487513,19.050293,1517
"1518","Hungarian2","LazaridisNature2014","hung1274","596971",47.487513,19.050293,1518
"1519","Icelandic","LazaridisNature2014","icel1247","596729",64.13333333,-21.93333333,1519
"1520","Icelandic","LazaridisNature2014","icel1247","596420",64.13333333,-21.93333333,1520
"1521","Icelandic","LazaridisNature2014","icel1247","596592",64.13333333,-21.93333333,1521
"1522","Icelandic","LazaridisNature2014","icel1247","596772",64.13333333,-21.93333333,1522
"1523","Icelandic","LazaridisNature2014","icel1247","596831",64.13333333,-21.93333333,1523
"1524","Icelandic","LazaridisNature2014","icel1247","596174",64.13333333,-21.93333333,1524
"1525","Icelandic","LazaridisNature2014","icel1247","596076",64.13333333,-21.93333333,1525
"1526","Icelandic","LazaridisNature2014","icel1247","595236",64.13333333,-21.93333333,1526
"1527","Icelandic","LazaridisNature2014","icel1247","595352",64.13333333,-21.93333333,1527
"1528","Icelandic","LazaridisNature2014","icel1247","595525",64.13333333,-21.93333333,1528
"1529","Icelandic","LazaridisNature2014","icel1247","595485",64.13333333,-21.93333333,1529
"1530","Icelandic","LazaridisNature2014","icel1247","595885",64.13333333,-21.93333333,1530
"1531","Ilocano","SkoglundNature2016","ilok1237","590379",14.6,120.98,1531
"1532","Ilocano","SkoglundNature2016","ilok1237","590368",14.6,120.98,1532
"1533","India_Non-Zoroastrian_Hindu","Broushaki2016","ND","589405",NA,NA,1533
"1534","India_Non-Zoroastrian_Hindu","Broushaki2016","ND","589869",NA,NA,1534
"1535","India_Non-Zoroastrian_Hindu","Broushaki2016","ND","590229",NA,NA,1535
"1536","India_Non-Zoroastrian_Hindu","Broushaki2016","ND","588197",NA,NA,1536
"1537","India_Non-Zoroastrian_Hindu","Broushaki2016","ND","590181",NA,NA,1537
"1538","India_Non-Zoroastrian_Hindu","Broushaki2016","ND","589995",NA,NA,1538
"1539","India_Non-Zoroastrian_Hindu","Broushaki2016","ND","590260",NA,NA,1539
"1540","India_Non-Zoroastrian_Hindu","Broushaki2016","ND","589883",NA,NA,1540
"1541","India_Non-Zoroastrian_Hindu","Broushaki2016","ND","590141",NA,NA,1541
"1542","India_Non-Zoroastrian_Hindu","Broushaki2016","ND","588586",NA,NA,1542
"1543","India_Non-Zoroastrian_Hindu","Broushaki2016","ND","590181",NA,NA,1543
"1544","India_Non-Zoroastrian_Hindu","Broushaki2016","ND","582974",NA,NA,1544
"1545","India_Zoroastrian","Broushaki2016","ND","589549",19.0013,72.8341,1545
"1546","India_Zoroastrian","Broushaki2016","ND","590243",19.0013,72.8341,1546
"1547","India_Zoroastrian","Broushaki2016","ND","588122",19.0013,72.8341,1547
"1548","India_Zoroastrian","Broushaki2016","ND","588382",19.0013,72.8341,1548
"1549","India_Zoroastrian","Broushaki2016","ND","590242",19.0013,72.8341,1549
"1550","India_Zoroastrian","Broushaki2016","ND","590317",19.0013,72.8341,1550
"1551","India_Zoroastrian","Broushaki2016","ND","589692",19.0013,72.8341,1551
"1552","India_Zoroastrian","Broushaki2016","ND","587962",19.0013,72.8341,1552
"1553","India_Zoroastrian","Broushaki2016","ND","589924",19.0013,72.8341,1553
"1554","India_Zoroastrian","Broushaki2016","ND","589790",19.0013,72.8341,1554
"1555","India_Zoroastrian","Broushaki2016","ND","590197",19.0013,72.8341,1555
"1556","India_Zoroastrian","Broushaki2016","ND","588445",19.0013,72.8341,1556
"1557","India_Zoroastrian","Broushaki2016","ND","590225",19.0013,72.8341,1557
"1558","Inga","Barbieri_2018&LazaridisNature2014","inga1252","596482",1.368313842,-76.58011914,1558
"1559","Inga","Barbieri_2018&LazaridisNature2014","inga1252","596825",1.368313842,-76.58011914,1559
"1560","Inga","Barbieri_2018&LazaridisNature2014","inga1252","596389",1.368313842,-76.58011914,1560
"1561","Inga","Barbieri_2018_&_LazaridisNature2014","inga1252","596231",1.368313842,-76.58011914,1561
"1562","Inga","Barbieri_2018&LazaridisNature2014","inga1252","596223",1.368313842,-76.58011914,1562
"1563","Inga","Barbieri_2018&LazaridisNature2014","inga1252","596109",1.368313842,-76.58011914,1563
"1564","Inga","Barbieri_2018&LazaridisNature2014","inga1252","596368",1.368313842,-76.58011914,1564
"1565","Inga","Barbieri_2018&LazaridisNature2014","inga1252","596412",1.368313842,-76.58011914,1565
"1566","Inga","Barbieri_2018&LazaridisNature2014","inga1252","596628",1.368313842,-76.58011914,1566
"1567","Inga","Barbieri_2018&LazaridisNature2014","inga1252","595986",1.368313842,-76.58011914,1567
"1568","Inga","Barbieri_2018&LazaridisNature2014","inga1252","594530",1.368313842,-76.58011914,1568
"1569","Inga","Barbieri_2018&LazaridisNature2014","inga1252","596465",1.368313842,-76.58011914,1569
"1570","Inga","Barbieri_2018&LazaridisNature2014","inga1252","596518",1.368313842,-76.58011914,1570
"1571","Inga","Barbieri_2018&LazaridisNature2014","inga1252","596257",1.368313842,-76.58011914,1571
"1572","Inga","Barbieri_2018&LazaridisNature2014","inga1252","596073",1.368313842,-76.58011914,1572
"1573","Ingushian","Jeong_2019","ingu1240","583814",43.52,44.58,1573
"1574","Ingushian","Jeong_2019","ingu1240","589164",43.52,44.58,1574
"1575","Ingushian","Jeong_2019","ingu1240","589180",43.52,44.58,1575
"1576","Ingushian","Jeong_2019","ingu1240","588914",43.52,44.58,1576
"1577","Ingushian","Jeong_2019","ingu1240","589303",43.52,44.58,1577
"1578","Ingushian","Jeong_2019","ingu1240","588783",43.52,44.58,1578
"1579","Ingushian","Jeong_2019","ingu1240","589185",43.52,44.58,1579
"1580","Ingushian","Jeong_2019","ingu1240","588740",43.52,44.58,1580
"1581","Ingushian","Jeong_2019","ingu1240","588944",43.52,44.58,1581
"1582","Ingushian","Jeong_2019","ingu1240","582208",43.52,44.58,1582
"1583","Iranian","LazaridisNature2014","ND","596808",35.585852,51.459961,1583
"1584","Iranian","LazaridisNature2014","ND","596453",35.585852,51.459961,1584
"1585","Iranian","LazaridisNature2014","ND","597034",35.585852,51.459961,1585
"1586","Iranian","LazaridisNature2014","ND","596236",35.585852,51.459961,1586
"1587","Iranian","LazaridisNature2014","ND","596954",35.585852,51.459961,1587
"1588","Iranian","LazaridisNature2014","ND","594821",35.585852,51.459961,1588
"1589","Iranian","LazaridisNature2014","ND","594473",35.585852,51.459961,1589
"1590","Iranian","LazaridisNature2014","ND","596342",35.585852,51.459961,1590
"1591","Iranian","LazaridisNature2014","ND","596341",35.585852,51.459961,1591
"1592","Iranian_Bandari","LazaridisNature2016","fars1254","590256",27.183,56.267,1592
"1593","Iranian_Bandari","LazaridisNature2016","fars1254","588481",27.183,56.267,1593
"1594","Iranian_Bandari","LazaridisNature2016","fars1254","589841",27.183,56.267,1594
"1595","Iranian_Bandari","LazaridisNature2016","fars1254","590446",27.183,56.267,1595
"1596","Iranian_Bandari","LazaridisNature2016","fars1254","590525",27.183,56.267,1596
"1597","Iranian_Bandari","LazaridisNature2016","fars1254","590509",27.183,56.267,1597
"1598","Iranian_Bandari","LazaridisNature2016","fars1254","590563",27.183,56.267,1598
"1599","Iranian_Bandari","LazaridisNature2016","fars1254","589718",27.183,56.267,1599
"1600","Iranian_Lor","LazaridisNature2016","luri1252","588967",33.465,48.339,1600
"1601","Iranian_Lor","LazaridisNature2016","luri1252","569339",33.465,48.339,1601
"1602","Iranian_Lor","LazaridisNature2016","luri1252","589992",33.465,48.339,1602
"1603","Iranian_Lor","LazaridisNature2016","luri1252","590486",33.465,48.339,1603
"1604","Iranian_Lor","LazaridisNature2016","luri1252","590004",33.465,48.339,1604
"1605","Iranian_Lor","LazaridisNature2016","luri1252","589805",33.465,48.339,1605
"1606","Iranian_Lor","LazaridisNature2016","luri1252","589477",33.465,48.339,1606
"1607","Iranian_Lor","LazaridisNature2016","luri1252","590085",33.465,48.339,1607
"1608","Iranian_Lor","LazaridisNature2016","luri1252","590121",33.465,48.339,1608
"1609","Iranian_Lor","LazaridisNature2016","luri1252","589218",33.465,48.339,1609
"1610","Iranian_Mazandarani","LazaridisNature2016","maza1291","590021",36.529,52.671,1610
"1611","Iranian_Mazandarani","LazaridisNature2016","maza1291","588292",36.529,52.671,1611
"1612","Iranian_Mazandarani","LazaridisNature2016","maza1291","588583",36.529,52.671,1612
"1613","Iranian_Mazandarani","LazaridisNature2016","maza1291","590438",36.529,52.671,1613
"1614","Iranian_Mazandarani","LazaridisNature2016","maza1291","590098",36.529,52.671,1614
"1615","Iranian_Mazandarani","LazaridisNature2016","maza1291","590507",36.529,52.671,1615
"1616","Iranian_Mazandarani","LazaridisNature2016","maza1291","589642",36.529,52.671,1616
"1617","Iranian_Mazandarani","LazaridisNature2016","maza1291","588443",36.529,52.671,1617
"1618","Iranian_Mazandarani","LazaridisNature2016","maza1291","588363",36.529,52.671,1618
"1619","Iranian_Mazandarani","LazaridisNature2016","maza1291","590253",36.529,52.671,1619
"1620","Iranian_Persian","LazaridisNature2016","fars1254","589642",29.591,52.584,1620
"1621","Iranian_Persian","LazaridisNature2016","fars1254","589594",29.591,52.584,1621
"1622","Iranian_Persian","LazaridisNature2016","fars1254","588249",29.591,52.584,1622
"1623","Iranian_Persian","LazaridisNature2016","fars1254","588243",29.591,52.584,1623
"1624","Iranian_Persian","LazaridisNature2016","fars1254","589541",29.591,52.584,1624
"1625","Iranian_Persian","LazaridisNature2016","fars1254","589555",29.591,52.584,1625
"1626","Iranian_Persian","LazaridisNature2016","fars1254","587152",29.591,52.584,1626
"1627","Iranian_Persian","LazaridisNature2016","fars1254","587700",29.591,52.584,1627
"1628","Iranian_Persian","LazaridisNature2016","fars1254","589898",29.591,52.584,1628
"1629","Iranian_Persian","LazaridisNature2016","fars1254","585832",29.591,52.584,1629
"1630","Iran_Non-Zoroastrian_Fars","Broushaki2016","west2369","588321",29.616667,52.533333,1630
"1631","Iran_Non-Zoroastrian_Fars","Broushaki2016","west2369","589419",29.616667,52.533333,1631
"1632","Iran_Non-Zoroastrian_Fars","Broushaki2016","west2369","590138",29.616667,52.533333,1632
"1633","Iran_Non-Zoroastrian_Fars","Broushaki2016","west2369","589946",29.616667,52.533333,1633
"1634","Iran_Non-Zoroastrian_Fars","Broushaki2016","west2369","590201",29.616667,52.533333,1634
"1635","Iran_Non-Zoroastrian_Fars","Broushaki2016","west2369","589730",29.616667,52.533333,1635
"1636","Iran_Non-Zoroastrian_Fars","Broushaki2016","west2369","588942",29.616667,52.533333,1636
"1637","Iran_Non-Zoroastrian_Fars","Broushaki2016","west2369","589583",29.616667,52.533333,1637
"1638","Iran_Non-Zoroastrian_Fars","Broushaki2016","west2369","590089",29.616667,52.533333,1638
"1639","Iran_Non-Zoroastrian_Fars","Broushaki2016","west2369","587347",29.616667,52.533333,1639
"1640","Iran_Non-Zoroastrian_Fars","Broushaki2016","west2369","582562",29.616667,52.533333,1640
"1641","Iran_Non-Zoroastrian_Fars","Broushaki2016","west2369","589058",29.616667,52.533333,1641
"1642","Iran_Non-Zoroastrian_Fars","Broushaki2016","west2369","580376",29.616667,52.533333,1642
"1643","Iran_Non-Zoroastrian_Fars","Broushaki2016","west2369","590144",29.616667,52.533333,1643
"1644","Iran_Non-Zoroastrian_Fars","Broushaki2016","west2369","589631",29.616667,52.533333,1644
"1645","Iran_Non-Zoroastrian_Fars","Broushaki2016","west2369","590135",29.616667,52.533333,1645
"1646","Iran_Non-Zoroastrian_Fars","Broushaki2016","west2369","589618",29.616667,52.533333,1646
"1647","Iran_Zoroastrian","Broushaki2016","zoro1242","589396",29.628576,52.502117,1647
"1648","Iran_Zoroastrian","Broushaki2016","zoro1242","589780",29.628576,52.502117,1648
"1649","Iran_Zoroastrian","Broushaki2016","zoro1242","589392",29.628576,52.502117,1649
"1650","Iran_Zoroastrian","Broushaki2016","zoro1242","588277",29.628576,52.502117,1650
"1651","Iran_Zoroastrian","Broushaki2016","zoro1242","587534",29.628576,52.502117,1651
"1652","Iran_Zoroastrian","Broushaki2016","zoro1242","585046",29.628576,52.502117,1652
"1653","Iran_Zoroastrian","Broushaki2016","zoro1242","588544",29.628576,52.502117,1653
"1654","Iran_Zoroastrian","Broushaki2016","zoro1242","589788",29.628576,52.502117,1654
"1655","Iran_Zoroastrian","Broushaki2016","zoro1242","586041",29.628576,52.502117,1655
"1656","Iran_Zoroastrian","Broushaki2016","zoro1242","590265",29.628576,52.502117,1656
"1657","Iran_Zoroastrian","Broushaki2016","zoro1242","587939",29.628576,52.502117,1657
"1658","Iran_Zoroastrian","Broushaki2016","zoro1242","588600",29.628576,52.502117,1658
"1659","Iran_Zoroastrian","Broushaki2016","zoro1242","588756",29.628576,52.502117,1659
"1660","Iran_Zoroastrian","Broushaki2016","zoro1242","589609",29.628576,52.502117,1660
"1661","Iran_Zoroastrian","Broushaki2016","zoro1242","588491",29.628576,52.502117,1661
"1662","Iran_Zoroastrian","Broushaki2016","zoro1242","588343",29.628576,52.502117,1662
"1663","Iran_Zoroastrian","Broushaki2016","zoro1242","571197",29.628576,52.502117,1663
"1664","Iran_Zoroastrian","Broushaki2016","zoro1242","590127",29.628576,52.502117,1664
"1665","Iran_Zoroastrian","Broushaki2016","zoro1242","589761",29.628576,52.502117,1665
"1666","Iran_Zoroastrian","Broushaki2016","zoro1242","587331",29.628576,52.502117,1666
"1667","Iran_Zoroastrian","Broushaki2016","zoro1242","589629",29.628576,52.502117,1667
"1668","Iran_Zoroastrian","Broushaki2016","zoro1242","589778",29.628576,52.502117,1668
"1669","Iran_Zoroastrian","Broushaki2016","zoro1242","587933",29.628576,52.502117,1669
"1670","Iran_Zoroastrian","Broushaki2016","zoro1242","587512",29.628576,52.502117,1670
"1671","Iran_Zoroastrian","Broushaki2016","zoro1242","589338",29.628576,52.502117,1671
"1672","Iran_Zoroastrian","Broushaki2016","zoro1242","589238",29.628576,52.502117,1672
"1673","Iran_Zoroastrian","Broushaki2016","zoro1242","590091",29.628576,52.502117,1673
"1674","Iran_Zoroastrian","Broushaki2016","zoro1242","590206",29.628576,52.502117,1674
"1675","Irish_Connacht","LazaridisNature2016","conn1243","589980",53.72,-8.49,1675
"1676","Irish_Connacht","LazaridisNature2016","conn1243","590654",53.72,-8.49,1676
"1677","Irish_Connacht","LazaridisNature2016","conn1243","590573",53.72,-8.49,1677
"1678","Irish_Connacht","LazaridisNature2016","conn1243","590709",53.72,-8.49,1678
"1679","Irish_Connacht","LazaridisNature2016","conn1243","590666",53.72,-8.49,1679
"1680","Irish_Connacht","LazaridisNature2016","conn1243","590246",53.72,-8.49,1680
"1681","Irish_Cork_Kerry","LazaridisNature2016","iris1253","590215",51.84,-9.2,1681
"1682","Irish_Cork_Kerry","LazaridisNature2016","iris1253","589987",51.84,-9.2,1682
"1683","Irish_Cork_Kerry","LazaridisNature2016","iris1253","589946",51.84,-9.2,1683
"1684","Irish_Cork_Kerry","LazaridisNature2016","iris1253","588819",51.84,-9.2,1684
"1685","Irish_Cork_Kerry","LazaridisNature2016","iris1253","590580",51.84,-9.2,1685
"1686","Irish_Cork_Kerry","LazaridisNature2016","iris1253","590680",51.84,-9.2,1686
"1687","Irish_Leinster","LazaridisNature2016","iris1253","588678",53.09,-6.88,1687
"1688","Irish_Leinster","LazaridisNature2016","iris1253","589465",53.09,-6.88,1688
"1689","Irish_Leinster","LazaridisNature2016","iris1253","588487",53.09,-6.88,1689
"1690","Irish_Leinster","LazaridisNature2016","iris1253","590634",53.09,-6.88,1690
"1691","Irish_Leinster","LazaridisNature2016","iris1253","590504",53.09,-6.88,1691
"1692","Irish_Leinster","LazaridisNature2016","iris1253","590484",53.09,-6.88,1692
"1693","Irish_Munster","LazaridisNature2016","muns1250","590630",52.36,-8.49,1693
"1694","Irish_Munster","LazaridisNature2016","muns1250","590549",52.36,-8.49,1694
"1695","Irish_Munster","LazaridisNature2016","muns1250","590511",52.36,-8.49,1695
"1696","Irish_Munster","LazaridisNature2016","muns1250","590229",52.36,-8.49,1696
"1697","Irish_Munster","LazaridisNature2016","muns1250","590149",52.36,-8.49,1697
"1698","Irish_Munster","LazaridisNature2016","muns1250","590083",52.36,-8.49,1698
"1699","Irish_Ulster","LazaridisNature2016","done1238","585334",54.71,-6.95,1699
"1700","Irish_Ulster","LazaridisNature2016","done1238","590383",54.71,-6.95,1700
"1701","Irish_Ulster","LazaridisNature2016","done1238","588819",54.71,-6.95,1701
"1702","Irish_Ulster","LazaridisNature2016","done1238","590459",54.71,-6.95,1702
"1703","Irish_Ulster","LazaridisNature2016","done1238","589966",54.71,-6.95,1703
"1704","Irish_Ulster","LazaridisNature2016","done1238","590307",54.71,-6.95,1704
"1705","Italian_Calabria","LazaridisNature2014","neap1235","594730",39.37,15.52,1705
"1706","Italian_South","LazaridisNature2016","napo1241","590184",40.68,14.77,1706
"1707","Italian_South","LazaridisNature2016","napo1241","589870",40.68,14.77,1707
"1708","Italian_South","LazaridisNature2016","napo1241","587049",40.68,14.77,1708
"1709","Itelmen","LazaridisNature2014","itel1242","597145",57.2,156.9,1709
"1710","Itelmen","LazaridisNature2014","itel1242","595392",57.2,156.9,1710
"1711","Itelmen","LazaridisNature2014","itel1242","594892",57.2,156.9,1711
"1712","Itelmen","LazaridisNature2014","itel1242","596297",57.2,156.9,1712
"1713","Itelmen","LazaridisNature2014","itel1242","595141",57.2,156.9,1713
"1714","Itelmen","LazaridisNature2014","itel1242","595702",57.2,156.9,1714
"1715","Itelmen","LazaridisNature2014","itel1242","596532",57.2,156.9,1715
"1716","Japanese","PattersonGenetics2012","japa1256","593275",38,138,1716
"1717","Japanese","PattersonGenetics2012","japa1256","595958",38,138,1717
"1718","Japanese","PattersonGenetics2012","japa1256","596068",38,138,1718
"1719","Japanese","PattersonGenetics2012","japa1256","596170",38,138,1719
"1720","Japanese","PattersonGenetics2012","japa1256","595769",38,138,1720
"1721","Japanese","PattersonGenetics2012","japa1256","596095",38,138,1721
"1722","Japanese","PattersonGenetics2012","japa1256","594367",38,138,1722
"1723","Japanese","PattersonGenetics2012","japa1256","595200",38,138,1723
"1724","Japanese","PattersonGenetics2012","japa1256","596378",38,138,1724
"1725","Japanese","PattersonGenetics2012","japa1256","594599",38,138,1725
"1726","Japanese","PattersonGenetics2012","japa1256","596131",38,138,1726
"1727","Japanese","PattersonGenetics2012","japa1256","596653",38,138,1727
"1728","Japanese","PattersonGenetics2012","japa1256","596501",38,138,1728
"1729","Japanese","PattersonGenetics2012","japa1256","594739",38,138,1729
"1730","Japanese","PattersonGenetics2012","japa1256","589421",38,138,1730
"1731","Japanese","PattersonGenetics2012","japa1256","596645",38,138,1731
"1732","Japanese","PattersonGenetics2012","japa1256","596034",38,138,1732
"1733","Japanese","PattersonGenetics2012","japa1256","596352",38,138,1733
"1734","Japanese","PattersonGenetics2012","japa1256","593226",38,138,1734
"1735","Japanese","PattersonGenetics2012","japa1256","596687",38,138,1735
"1736","Japanese","PattersonGenetics2012","japa1256","594070",38,138,1736
"1737","Japanese","PattersonGenetics2012","japa1256","596573",38,138,1737
"1738","Japanese","PattersonGenetics2012","japa1256","595952",38,138,1738
"1739","Japanese","PattersonGenetics2012","japa1256","595806",38,138,1739
"1740","Japanese","PattersonGenetics2012","japa1256","594844",38,138,1740
"1741","Japanese","PattersonGenetics2012","japa1256","595458",38,138,1741
"1742","Japanese","PattersonGenetics2012","japa1256","594406",38,138,1742
"1743","Japanese","PattersonGenetics2012","japa1256","596524",38,138,1743
"1744","Japanese","PattersonGenetics2012","japa1256","595365",38,138,1744
"1745","Japanese","PattersonGenetics2012","japa1256","588163",38,138,1745
"1746","Jew_Cochin","LazaridisNature2014","jewi1241","595684",9.97,76.28,1746
"1747","Jew_Cochin","LazaridisNature2014","jewi1241","595560",9.97,76.28,1747
"1748","Jew_Cochin","LazaridisNature2014","jewi1241","597101",9.97,76.28,1748
"1749","Jew_Cochin","LazaridisNature2014","jewi1241","595887",9.97,76.28,1749
"1750","Jew_Cochin","LazaridisNature2014","jewi1241","595574",9.97,76.28,1750
"1751","Jew_Ethiopian","LazaridisNature2014","amha1245","596211",9.033333333,38.73333333,1751
"1752","Jew_Ethiopian","LazaridisNature2014","amha1245","595202",9.033333333,38.73333333,1752
"1753","Jew_Ethiopian","LazaridisNature2014","amha1245","595469",9.033333333,38.73333333,1753
"1754","Jew_Ethiopian","LazaridisNature2014","amha1245","594103",9.033333333,38.73333333,1754
"1755","Jew_Ethiopian","LazaridisNature2014","amha1245","594867",9.033333333,38.73333333,1755
"1756","Jew_Ethiopian","LazaridisNature2014","amha1245","596364",9.033333333,38.73333333,1756
"1757","Jew_Ethiopian","LazaridisNature2014","amha1245","595346",9.033333333,38.73333333,1757
"1758","Jew_Georgian","LazaridisNature2014","jude1258","596759",41.71666667,44.78333333,1758
"1759","Jew_Georgian","LazaridisNature2014","jude1258","596914",41.71666667,44.78333333,1759
"1760","Jew_Georgian","LazaridisNature2014","jude1258","596260",41.71666667,44.78333333,1760
"1761","Jew_Georgian","LazaridisNature2014","jude1258","596515",41.71666667,44.78333333,1761
"1762","Jew_Georgian","LazaridisNature2014","jude1258","596867",41.71666667,44.78333333,1762
"1763","Jew_Georgian","LazaridisNature2014","jude1258","597109",41.71666667,44.78333333,1763
"1764","Jew_Georgian","LazaridisNature2014","jude1258","596928",41.71666667,44.78333333,1764
"1765","Jew_Georgian","LazaridisNature2014","jude1258","596347",41.71666667,44.78333333,1765
"1766","Jew_Georgian","LazaridisNature2014","jude1258","596456",41.71666667,44.78333333,1766
"1767","Jew_Iranian","LazaridisNature2014","ND","595899",35.7,51.41666667,1767
"1768","Jew_Iranian","LazaridisNature2014","ND","597017",35.7,51.41666667,1768
"1769","Jew_Iranian","LazaridisNature2014","ND","596713",35.7,51.41666667,1769
"1770","Jew_Iranian","LazaridisNature2014","ND","594991",35.7,51.41666667,1770
"1771","Jew_Iranian","LazaridisNature2014","ND","596110",35.7,51.41666667,1771
"1772","Jew_Iranian","LazaridisNature2014","ND","596280",35.7,51.41666667,1772
"1773","Jew_Iranian","LazaridisNature2014","ND","596353",35.7,51.41666667,1773
"1774","Jew_Iranian","LazaridisNature2014","ND","574856",35.7,51.41666667,1774
"1775","Jew_Iranian","LazaridisNature2014","ND","597040",35.7,51.41666667,1775
"1776","Jew_Iranian","LazaridisNature2014","ND","597270",35.7,51.41666667,1776
"1777","Jew_Iraqi","LazaridisNature2014","jude1266","596920",33.325,44.422,1777
"1778","Jew_Iraqi","LazaridisNature2014","jude1266","595989",33.325,44.422,1778
"1779","Jew_Iraqi","LazaridisNature2014","jude1266","596580",33.325,44.422,1779
"1780","Jew_Iraqi","LazaridisNature2014","jude1266","595791",33.325,44.422,1780
"1781","Jew_Iraqi","LazaridisNature2014","jude1266","596315",33.325,44.422,1781
"1782","Jew_Iraqi","LazaridisNature2014","jude1266","596287",33.325,44.422,1782
"1783","Jew_Iraqi","LazaridisNature2014","jude1266","595151",33.325,44.422,1783
"1784","Jew_Iraqi","LazaridisNature2014","jude1266","596719",33.325,44.422,1784
"1785","Jew_Iraqi","LazaridisNature2014","jude1266","597004",33.325,44.422,1785
"1786","Jew_Libyan","LazaridisNature2014","jude1264","595614",32.91666667,13.18333333,1786
"1787","Jew_Libyan","LazaridisNature2014","jude1264","596007",32.91666667,13.18333333,1787
"1788","Jew_Libyan","LazaridisNature2014","jude1264","583858",32.91666667,13.18333333,1788
"1789","Jew_Libyan","LazaridisNature2014","jude1264","595911",32.91666667,13.18333333,1789
"1790","Jew_Libyan","LazaridisNature2014","jude1264","596083",32.91666667,13.18333333,1790
"1791","Jew_Libyan","LazaridisNature2014","jude1264","596957",32.91666667,13.18333333,1791
"1792","Jew_Libyan","LazaridisNature2014","jude1264","596893",32.91666667,13.18333333,1792
"1793","Jew_Libyan","LazaridisNature2014","jude1264","597084",32.91666667,13.18333333,1793
"1794","Jew_Libyan","LazaridisNature2014","jude1264","597138",32.91666667,13.18333333,1794
"1795","Jew_Moroccan","LazaridisNature2014","jude1265","596655",34.02,-6.84,1795
"1796","Jew_Moroccan","LazaridisNature2014","jude1265","596487",34.02,-6.84,1796
"1797","Jew_Moroccan","LazaridisNature2014","jude1265","596342",34.02,-6.84,1797
"1798","Jew_Moroccan","LazaridisNature2014","jude1265","596106",34.02,-6.84,1798
"1799","Jew_Moroccan","LazaridisNature2014","jude1265","596502",34.02,-6.84,1799
"1800","Jew_Moroccan","LazaridisNature2014","jude1265","594750",34.02,-6.84,1800
"1801","Jew_Moroccan","LazaridisNature2014","jude1265","596739",34.02,-6.84,1801
"1802","Jew_Tunisian","LazaridisNature2014","jude1263","596958",36.8,10.18333333,1802
"1803","Jew_Tunisian","LazaridisNature2014","jude1263","593385",36.8,10.18333333,1803
"1804","Jew_Tunisian","LazaridisNature2014","jude1263","596693",36.8,10.18333333,1804
"1805","Jew_Tunisian","LazaridisNature2014","jude1263","596392",36.8,10.18333333,1805
"1806","Jew_Tunisian","LazaridisNature2014","jude1263","596192",36.8,10.18333333,1806
"1807","Jew_Tunisian","LazaridisNature2014","jude1263","596216",36.8,10.18333333,1807
"1808","Jew_Tunisian","LazaridisNature2014","jude1263","596639",36.8,10.18333333,1808
"1809","Jew_Turkish","LazaridisNature2014","ladi1251","595909",41.01666667,28.95,1809
"1810","Jew_Turkish","LazaridisNature2014","ladi1251","595390",41.01666667,28.95,1810
"1811","Jew_Turkish","LazaridisNature2014","ladi1251","592756",41.01666667,28.95,1811
"1812","Jew_Turkish","LazaridisNature2014","ladi1251","595978",41.01666667,28.95,1812
"1813","Jew_Turkish","LazaridisNature2014","ladi1251","595732",41.01666667,28.95,1813
"1814","Jew_Turkish","LazaridisNature2014","ladi1251","594701",41.01666667,28.95,1814
"1815","Jew_Turkish","LazaridisNature2014","ladi1251","593680",41.01666667,28.95,1815
"1816","Jew_Turkish","LazaridisNature2014","ladi1251","592013",41.01666667,28.95,1816
"1817","Jew_Turkish","LazaridisNature2014","ladi1251","594502",41.01666667,28.95,1817
"1818","Jew_Yemenite","LazaridisNature2014","jude1267","596054",15.35,44.2,1818
"1819","Jew_Yemenite","LazaridisNature2014","jude1267","595376",15.35,44.2,1819
"1820","Jew_Yemenite","LazaridisNature2014","jude1267","594758",15.35,44.2,1820
"1821","Jew_Yemenite","LazaridisNature2014","jude1267","594873",15.35,44.2,1821
"1822","Jew_Yemenite","LazaridisNature2014","jude1267","596896",15.35,44.2,1822
"1823","Jew_Yemenite","LazaridisNature2014","jude1267","595654",15.35,44.2,1823
"1824","Jew_Yemenite","LazaridisNature2014","jude1267","596679",15.35,44.2,1824
"1825","Jew_Yemenite","LazaridisNature2014","jude1267","596930",15.35,44.2,1825
"1826","Jordanian","LazaridisNature2014","sout3123","596677",32.054645,35.914307,1826
"1827","Jordanian","LazaridisNature2014","sout3123","597010",32.054645,35.914307,1827
"1828","Jordanian","LazaridisNature2014","sout3123","594646",32.054645,35.914307,1828
"1829","Jordanian","LazaridisNature2014","sout3123","594995",32.054645,35.914307,1829
"1830","Jordanian","LazaridisNature2014","sout3123","596752",32.054645,35.914307,1830
"1831","Jordanian","LazaridisNature2014","sout3123","596980",32.054645,35.914307,1831
"1832","Jordanian","LazaridisNature2014","sout3123","596748",32.054645,35.914307,1832
"1833","Jordanian","LazaridisNature2014","sout3123","595318",32.054645,35.914307,1833
"1834","Jordanian","LazaridisNature2014","sout3123","596349",32.054645,35.914307,1834
"1835","Jordanian","LazaridisNature2014","sout3123","592608",32.054645,35.914307,1835
"1836","Ju_hoan_North","PickrellNatureCommunications2012","juho1239","594681",-18.93725689,21.45244764,1836
"1837","Ju_hoan_North","PickrellNatureCommunications2012","juho1239","594673",-18.93725689,21.45244764,1837
"1838","Ju_hoan_North","PickrellNatureCommunications2012","juho1239","596387",-18.93725689,21.45244764,1838
"1839","Ju_hoan_North","PickrellNatureCommunications2012","juho1239","596090",-18.93725689,21.45244764,1839
"1840","Ju_hoan_North","PickrellNatureCommunications2012","juho1239","594618",-18.93725689,21.45244764,1840
"1841","Ju_hoan_North","PickrellNatureCommunications2012","juho1239","592165",-18.93725689,21.45244764,1841
"1842","Ju_hoan_North","PickrellNatureCommunications2012","juho1239","584679",-18.93725689,21.45244764,1842
"1843","Ju_hoan_North","PickrellNatureCommunications2012","juho1239","594858",-18.93725689,21.45244764,1843
"1844","Ju_hoan_North","PickrellNatureCommunications2012","juho1239","595420",-18.93725689,21.45244764,1844
"1845","Ju_hoan_North","PickrellNatureCommunications2012","juho1239","595525",-18.93725689,21.45244764,1845
"1846","Ju_hoan_North","PickrellNatureCommunications2012","juho1239","593471",-18.93725689,21.45244764,1846
"1847","Ju_hoan_North","PickrellNatureCommunications2012","juho1239","582620",-18.93725689,21.45244764,1847
"1848","Ju_hoan_North","PickrellNatureCommunications2012","juho1239","595333",-18.93725689,21.45244764,1848
"1849","Ju_hoan_North","PickrellNatureCommunications2012","juho1239","596283",-18.93725689,21.45244764,1849
"1850","Ju_hoan_North","PickrellNatureCommunications2012","juho1239","595979",-18.93725689,21.45244764,1850
"1851","Ju_hoan_North","PickrellNatureCommunications2012","juho1239","595148",-18.93725689,21.45244764,1851
"1852","Ju_hoan_South","PickrellNatureCommunications2012","juho1239","596745",-21.15191802,20.68153923,1852
"1853","Ju_hoan_South","PickrellNatureCommunications2012","juho1239","590497",-21.15191802,20.68153923,1853
"1854","Ju_hoan_South","PickrellNatureCommunications2012","juho1239","591587",-21.15191802,20.68153923,1854
"1855","Ju_hoan_South","PickrellNatureCommunications2012","juho1239","595897",-21.15191802,20.68153923,1855
"1856","Ju_hoan_South","PickrellNatureCommunications2012","juho1239","593585",-21.15191802,20.68153923,1856
"1857","Ju_hoan_South","PickrellNatureCommunications2012","juho1239","596738",-21.15191802,20.68153923,1857
"1858","Ju_hoan_South","PickrellNatureCommunications2012","juho1239","596395",-21.15191802,20.68153923,1858
"1859","Ju_hoan_South","PickrellNatureCommunications2012","juho1239","595167",-21.15191802,20.68153923,1859
"1860","Ju_hoan_South","PickrellNatureCommunications2012","juho1239","592649",-21.15191802,20.68153923,1860
"1861","Kabardinian","Jeong_2019","kaba1278","589186",43.41,43.32,1861
"1862","Kabardinian","Jeong_2019","kaba1278","587506",43.41,43.32,1862
"1863","Kabardinian","Jeong_2019","kaba1278","589073",43.41,43.32,1863
"1864","Kabardinian","Jeong_2019","kaba1278","588094",43.41,43.32,1864
"1865","Kabardinian","Jeong_2019","kaba1278","588336",43.41,43.32,1865
"1866","Kabardinian","Jeong_2019","kaba1278","588045",43.41,43.32,1866
"1867","Kabardinian","Jeong_2019","kaba1278","588356",43.41,43.32,1867
"1868","Kabardinian","Jeong_2019","kaba1278","584391",43.41,43.32,1868
"1869","Kabardinian","Jeong_2019","kaba1278","588961",43.41,43.32,1869
"1870","Kabardinian","Jeong_2019","kaba1278","588770",43.41,43.32,1870
"1871","Kaitag","Jeong_2019","darg1241","589199",42.15,47.63,1871
"1872","Kaitag","Jeong_2019","darg1241","589216",42.15,47.63,1872
"1873","Kaitag","Jeong_2019","darg1241","588779",42.15,47.63,1873
"1874","Kaitag","Jeong_2019","darg1241","589281",42.15,47.63,1874
"1875","Kaitag","Jeong_2019","darg1241","589155",42.15,47.63,1875
"1876","Kaitag","Jeong_2019","darg1241","588980",42.15,47.63,1876
"1877","Kaitag","Jeong_2019","darg1241","589124",42.15,47.63,1877
"1878","Kaitag","Jeong_2019","darg1241","589093",42.15,47.63,1878
"1879","Kalash","PattersonGenetics2012","kala1372","595654",35.99366014,71.5,1879
"1880","Kalash","PattersonGenetics2012","kala1372","594088",35.99366014,71.5,1880
"1881","Kalash","PattersonGenetics2012","kala1372","594328",35.99366014,71.5,1881
"1882","Kalash","PattersonGenetics2012","kala1372","588642",35.99366014,71.5,1882
"1883","Kalash","PattersonGenetics2012","kala1372","594784",35.99366014,71.5,1883
"1884","Kalash","PattersonGenetics2012","kala1372","594781",35.99366014,71.5,1884
"1885","Kalash","PattersonGenetics2012","kala1372","594703",35.99366014,71.5,1885
"1886","Kalash","PattersonGenetics2012","kala1372","593535",35.99366014,71.5,1886
"1887","Kalash","PattersonGenetics2012","kala1372","595602",35.99366014,71.5,1887
"1888","Kalash","PattersonGenetics2012","kala1372","595202",35.99366014,71.5,1888
"1889","Kalash","PattersonGenetics2012","kala1372","595709",35.99366014,71.5,1889
"1890","Kalash","PattersonGenetics2012","kala1372","594065",35.99366014,71.5,1890
"1891","Kalash","PattersonGenetics2012","kala1372","591487",35.99366014,71.5,1891
"1892","Kalash","PattersonGenetics2012","kala1372","596961",35.99366014,71.5,1892
"1893","Kalash","PattersonGenetics2012","kala1372","596870",35.99366014,71.5,1893
"1894","Kalash","PattersonGenetics2012","kala1372","594401",35.99366014,71.5,1894
"1895","Kalash","PattersonGenetics2012","kala1372","594120",35.99366014,71.5,1895
"1896","Kalash","PattersonGenetics2012","kala1372","595415",35.99366014,71.5,1896
"1897","Kalash","PattersonGenetics2012","kala1372","591047",35.99366014,71.5,1897
"1898","Kalmyk","LazaridisNature2014","kalm1243","594639",46.169444,45.342778,1898
"1899","Kalmyk","LazaridisNature2014","kalm1243","594398",46.169444,45.342778,1899
"1900","Kalmyk","LazaridisNature2014","kalm1243","596539",46.169444,45.342778,1900
"1901","Kalmyk","LazaridisNature2014","kalm1243","596727",46.169444,45.342778,1901
"1902","Kalmyk","LazaridisNature2014","kalm1243","596188",46.169444,45.342778,1902
"1903","Kalmyk","LazaridisNature2014","kalm1243","596416",46.169444,45.342778,1903
"1904","Kalmyk","LazaridisNature2014","kalm1243","596712",46.169444,45.342778,1904
"1905","Kalmyk","LazaridisNature2014","kalm1243","596607",46.169444,45.342778,1905
"1906","Kalmyk","LazaridisNature2014","kalm1243","596620",46.169444,45.342778,1906
"1907","Kalmyk","LazaridisNature2014","kalm1243","597030",46.169444,45.342778,1907
"1908","Kamentsa","Barbieri_2018","cams1241","596392",1.14961,-76.64746,1908
"1909","Kamentsa","Barbieri_2018","cams1241","596542",1.14961,-76.64746,1909
"1910","Kamentsa","Barbieri_2018","cams1241","596382",1.14961,-76.64746,1910
"1911","Kamentsa","Barbieri_2018","cams1241","596063",1.14961,-76.64746,1911
"1912","Kankanaey","SkoglundNature2016","kank1243","589922",17.07,121.03,1912
"1913","Kankanaey","SkoglundNature2016","kank1243","590298",17.07,121.03,1913
"1914","Kankanaey","SkoglundNature2016","kank1243","590022",17.07,121.03,1914
"1915","Kankanaey","SkoglundNature2016","kank1243","590396",17.07,121.03,1915
"1916","Kankanaey","SkoglundNature2016","kank1243","590090",17.07,121.03,1916
"1917","Kankanaey","SkoglundNature2016","kank1243","590625",17.07,121.03,1917
"1918","Kankanaey","SkoglundNature2016","kank1243","590360",17.07,121.03,1918
"1919","Kankanaey","SkoglundNature2016","kank1243","589990",17.07,121.03,1919
"1920","Kankanaey","SkoglundNature2016","kank1243","590618",17.07,121.03,1920
"1921","Kankanaey","SkoglundNature2016","kank1243","590505",17.07,121.03,1921
"1922","Kaqchikel","LazaridisNature2014","kaqc1270","586282",15,-91,1922
"1923","Kaqchikel","LazaridisNature2014","kaqc1270","596295",15,-91,1923
"1924","Kaqchikel","LazaridisNature2014","kaqc1270","596149",15,-91,1924
"1925","Kaqchikel","LazaridisNature2014","kaqc1270","596924",15,-91,1925
"1926","Kaqchikel","LazaridisNature2014","kaqc1270","595823",15,-91,1926
"1927","Karachai","Jeong_2019","kara1466","588215",43.94,42.52,1927
"1928","Karachai","Jeong_2019","kara1466","588483",43.94,42.52,1928
"1929","Karachai","Jeong_2019","kara1466","588745",43.94,42.52,1929
"1930","Karachai","Jeong_2019","kara1466","588121",43.94,42.52,1930
"1931","Karachai","Jeong_2019","kara1466","589261",43.94,42.52,1931
"1932","Karachai","Jeong_2019","kara1466","589399",43.94,42.52,1932
"1933","Karachai","Jeong_2019","kara1466","589413",43.94,42.52,1933
"1934","Karachai","Jeong_2019","kara1466","588710",43.94,42.52,1934
"1935","Karachai","Jeong_2019","kara1466","589383",43.94,42.52,1935
"1936","Karachai","Jeong_2019","kara1466","588819",43.94,42.52,1936
"1937","Karachai","Jeong_2019","kara1466","589299",43.94,42.52,1937
"1938","Karakalpak","Jeong_2019","kara1467","580289",43,59,1938
"1939","Karakalpak","Jeong_2019","kara1467","584494",43,59,1939
"1940","Karakalpak","Jeong_2019","kara1467","584688",43,59,1940
"1941","Karakalpak","Jeong_2019","kara1467","584853",43,59,1941
"1942","Karakalpak","Jeong_2019","kara1467","584580",43,59,1942
"1943","Karakalpak","Jeong_2019","kara1467","583006",43,59,1943
"1944","Karakalpak","Jeong_2019","kara1467","584293",43,59,1944
"1945","Karakalpak","Jeong_2019","kara1467","583037",43,59,1945
"1946","Karakalpak","Jeong_2019","kara1467","586199",43,59,1946
"1947","Karakalpak","Jeong_2019","kara1467","583729",43,59,1947
"1948","Karakalpak","Jeong_2019","kara1467","586091",43,59,1948
"1949","Karakalpak","Jeong_2019","kara1467","580183",43,59,1949
"1950","Karakalpak","Jeong_2019","kara1467","588961",43,59,1950
"1951","Karakalpak","Jeong_2019","kara1467","584897",43,59,1951
"1952","Karelian_Northern","Jeong_2019","nort2673","589395",60.12,31.1,1952
"1953","Karelian_Northern","Jeong_2019","nort2673","589315",60.12,31.1,1953
"1954","Karelian_Northern","Jeong_2019","nort2673","589239",60.12,31.1,1954
"1955","Karelian_Northern","Jeong_2019","nort2673","588885",60.12,31.1,1955
"1956","Karelian_Northern","Jeong_2019","nort2673","589350",60.12,31.1,1956
"1957","Karelian_Northern","Jeong_2019","nort2673","589055",60.12,31.1,1957
"1958","Karelian_Southern","Jeong_2019","sout2676","589460",60.59,32.58,1958
"1959","Karelian_Southern","Jeong_2019","sout2676","589210",60.59,32.58,1959
"1960","Karelian_Southern","Jeong_2019","sout2676","588943",60.59,32.58,1960
"1961","Karelian_Southern","Jeong_2019","sout2676","589359",60.59,32.58,1961
"1962","Karelian_Southern","Jeong_2019","sout2676","589187",60.59,32.58,1962
"1963","Karelian_Southern","Jeong_2019","sout2676","583561",60.59,32.58,1963
"1964","Karelian_Southern","Jeong_2019","sout2676","589150",60.59,32.58,1964
"1965","Karelian_Southern","Jeong_2019","sout2676","589347",60.59,32.58,1965
"1966","Karelian_Southern","Jeong_2019","sout2676","589393",60.59,32.58,1966
"1967","Karitiana","PattersonGenetics2012","kari1311","593106",-10,-63,1967
"1968","Karitiana","PattersonGenetics2012","kari1311","592439",-10,-63,1968
"1969","Karitiana","PattersonGenetics2012","kari1311","592264",-10,-63,1969
"1970","Karitiana","PattersonGenetics2012","kari1311","590878",-10,-63,1970
"1971","Karitiana","PattersonGenetics2012","kari1311","595414",-10,-63,1971
"1972","Karitiana","PattersonGenetics2012","kari1311","594451",-10,-63,1972
"1973","Karitiana","PattersonGenetics2012","kari1311","592667",-10,-63,1973
"1974","Karitiana","PattersonGenetics2012","kari1311","595537",-10,-63,1974
"1975","Karitiana","PattersonGenetics2012","kari1311","592957",-10,-63,1975
"1976","Karitiana","PattersonGenetics2012","kari1311","594459",-10,-63,1976
"1977","Karitiana","PattersonGenetics2012","kari1311","595889",-10,-63,1977
"1978","Karitiana","PattersonGenetics2012","kari1311","595236",-10,-63,1978
"1979","Karitiana","PattersonGenetics2012","kari1311","594752",-10,-63,1979
"1980","Karitiana_Rondonia","SkoglundNature2015","kari1311","586158",-9.333333333,-64.25,1980
"1981","Karitiana_Rondonia","SkoglundNature2015","kari1311","585819",-9.333333333,-64.25,1981
"1982","Karitiana_Rondonia","SkoglundNature2015","kari1311","588415",-9.333333333,-64.25,1982
"1983","Karitiana_Rondonia","SkoglundNature2015","kari1311","586038",-9.333333333,-64.25,1983
"1984","Kazakhs_Akmola_Argyn","Jeong_2019","kaza1248","589233",52,69,1984
"1985","Kazakhs_Akmola_Argyn","Jeong_2019","kaza1248","588816",52,69,1985
"1986","Kazakhs_Akmola_Argyn","Jeong_2019","kaza1248","582754",52,69,1986
"1987","Kazakhs_Aktyubinsk","Jeong_2019","kaza1248","589481",50.17,57.1,1987
"1988","Kazakhs_Aktyubinsk","Jeong_2019","kaza1248","574524",50.17,57.1,1988
"1989","Kazakhs_East_Kazakhstan_Naiman","Jeong_2019","kaza1248","589031",49.57,82.37,1989
"1990","Kazakhs_East_Kazakhstan_Naiman","Jeong_2019","kaza1248","586856",49.57,82.37,1990
"1991","Kazakhs_East_Kazakhstan_Naiman","Jeong_2019","kaza1248","589123",49.57,82.37,1991
"1992","Kazakhs_East_Kazakhstan_Naiman","Jeong_2019","kaza1248","589119",49.57,82.37,1992
"1993","Kazakhs_East_Kazakhstan_Naiman","Jeong_2019","kaza1248","581322",49.57,82.37,1993
"1994","Kazakhs_East_Kazakhstan_Naiman","Jeong_2019","kaza1248","589381",49.57,82.37,1994
"1995","Kazakhs_Omsk_Kypchak","Jeong_2019","kaza1248","588904",53.46,73.52,1995
"1996","Kazakhs_Omsk_Kypchak","Jeong_2019","kaza1248","588978",53.46,73.52,1996
"1997","Kazakhs_Omsk_Kypchak","Jeong_2019","kaza1248","588804",53.46,73.52,1997
"1998","Kazakhs_Omsk_Kypchak","Jeong_2019","kaza1248","588616",53.46,73.52,1998
"1999","Kazakhs_Omsk_Kypchak","Jeong_2019","kaza1248","589333",53.46,73.52,1999
"2000","Kazakhs_West_Kazakhstan_Bayuli","Jeong_2019","kaza1248","589535",51.14,51.22,2000
"2001","Ket","Flegontov_2019","kett1243","588657",64.443527,87.546972,2001
"2002","Ket","Flegontov_2019","kett1243","589869",62.486173,86.274729,2002
"2003","Ket","Flegontov_2019","kett1243","589695",67.464213,86.562745,2003
"2004","Ket","Flegontov_2019","kett1243","589542",62.486173,86.274729,2004
"2005","Ket","Flegontov_2019","kett1243","589187",62.486173,86.274729,2005
"2006","Ket","Flegontov_2019","kett1243","590123",62.486173,86.274729,2006
"2007","Ket","Flegontov_2019","kett1243","586038",64.374346,87.553862,2007
"2008","Ket","Flegontov_2019","kett1243","586154",63.848789,87.339789,2008
"2009","Ket","Flegontov_2019","kett1243","589505",65.796083,87.952268,2009
"2010","Ket_Southeast","Flegontov_2019","kett1243","590556",62.462346,89.00493,2010
"2011","Ket_Southeast","Flegontov_2019","kett1243","589153",61.593836,90.033743,2011
"2012","Ket_Southeast","Flegontov_2019","kett1243","589647",61.613208,91.181184,2012
"2013","Ket_Southeast","Flegontov_2019","kett1243","588484",61.613208,91.181184,2013
"2014","Ket_Southeast","Flegontov_2019","kett1243","590299",61.613208,91.181184,2014
"2015","Ket_Southeast","Flegontov_2019","kett1243","587140",61.613208,91.181184,2015
"2016","Ket_Southeast","Flegontov_2019","kett1243","590175",61.613208,91.181184,2016
"2017","Ket_Southeast","Flegontov_2019","kett1243","584870",61.613208,91.181184,2017
"2018","Ket_Southeast","Flegontov_2019","kett1243","588568",61.613208,91.181184,2018
"2019","Ket_Southeast","Flegontov_2019","kett1243","586368",61.657588,89.751556,2019
"2020","Kgalagadi","PickrellNatureCommunications2012","kgal1244","595538",-24.796708,21.751098,2020
"2021","Kgalagadi","PickrellNatureCommunications2012","kgal1244","596037",-24.796708,21.751098,2021
"2022","Kgalagadi","PickrellNatureCommunications2012","kgal1244","594805",-24.796708,21.751098,2022
"2023","Kgalagadi","PickrellNatureCommunications2012","kgal1244","595204",-24.796708,21.751098,2023
"2024","Kgalagadi","PickrellNatureCommunications2012","kgal1244","596203",-24.796708,21.751098,2024
"2025","Khakass_Kachins","Jeong_2019","kach1278","588859",55,89,2025
"2026","Khakass_Kachins","Jeong_2019","kach1278","584565",55,89,2026
"2027","Khakass_Kachins","Jeong_2019","kach1278","589012",55,89,2027
"2028","Khakass_Kachins","Jeong_2019","kach1278","583633",55,89,2028
"2029","Khakass_Kachins","Jeong_2019","kach1278","588739",55,89,2029
"2030","Khakass_Kachins","Jeong_2019","kach1278","589305",55,89,2030
"2031","Khakass_Kachins","Jeong_2019","kach1278","585056",55,89,2031
"2032","Khakass_Koibals","Jeong_2019","khak1248","589018",53,90,2032
"2033","Khakass_Koibals","Jeong_2019","khak1248","589130",53,90,2033
"2034","Khakass_Koibals","Jeong_2019","khak1248","583621",53,90,2034
"2035","Khakass_Koibals","Jeong_2019","khak1248","589127",53,90,2035
"2036","Khakass_Koibals","Jeong_2019","khak1248","588834",53,90,2036
"2037","Khakass_Koibals","Jeong_2019","khak1248","588764",53,90,2037
"2038","Khakass_Kyzils","Jeong_2019","kyzy1244","584253",53,90,2038
"2039","Khakass_Kyzils","Jeong_2019","kyzy1244","584432",53,90,2039
"2040","Khakass_Kyzils","Jeong_2019","kyzy1244","584009",53,90,2040
"2041","Khakass_Kyzils","Jeong_2019","kyzy1244","584889",53,90,2041
"2042","Khakass_Sagai","Jeong_2019","saga1260","583693",55,89,2042
"2043","Khakass_Sagai","Jeong_2019","saga1260","580817",55,89,2043
"2044","Khakass_Sagai","Jeong_2019","saga1260","582388",55,89,2044
"2045","Khakass_Sagai","Jeong_2019","saga1260","582141",55,89,2045
"2046","Khakass_Sagai","Jeong_2019","saga1260","582207",55,89,2046
"2047","Khakass_Sagai","Jeong_2019","saga1260","584119",55,89,2047
"2048","Khamnegan","Jeong_2019","kham1281","588802",50.68,114.6,2048
"2049","Khamnegan","Jeong_2019","kham1281","589396",50.68,114.6,2049
"2050","Khamnegan","Jeong_2019","kham1281","584103",50.68,114.6,2050
"2051","Khamnegan","Jeong_2019","kham1281","586309",50.68,114.6,2051
"2052","Khamnegan","Jeong_2019","kham1281","586914",50.68,114.6,2052
"2053","Khamnegan","Jeong_2019","kham1281","585270",50.68,114.6,2053
"2054","Khamnegan","Jeong_2019","kham1281","581967",50.68,114.6,2054
"2055","Khamnegan","Jeong_2019","kham1281","586336",50.68,114.6,2055
"2056","Khamnegan","Jeong_2019","kham1281","588673",50.68,114.6,2056
"2057","Khamnegan","Jeong_2019","kham1281","589085",50.68,114.6,2057
"2058","Kharia","LazaridisNature2014","khar1283","595967",25.77,82.73,2058
"2059","Kharia","LazaridisNature2014","khar1283","595866",25.77,82.73,2059
"2060","Kharia","LazaridisNature2014","khar1283","595938",25.77,82.73,2060
"2061","Kharia","LazaridisNature2014","khar1283","596032",25.77,82.73,2061
"2062","Kharia","LazaridisNature2014","khar1283","596361",25.77,82.73,2062
"2063","Kharia","LazaridisNature2014","khar1283","596014",25.77,82.73,2063
"2064","Kharia","LazaridisNature2014","khar1283","595639",25.77,82.73,2064
"2065","Kharia","LazaridisNature2014","khar1283","595552",25.77,82.73,2065
"2066","Kharia","LazaridisNature2014","khar1283","591760",25.77,82.73,2066
"2067","Kharia","LazaridisNature2014","khar1283","595839",25.77,82.73,2067
"2068","Kharia","LazaridisNature2014","khar1283","595965",25.77,82.73,2068
"2069","Kharia","LazaridisNature2014","khar1283","596150",25.77,82.73,2069
"2070","Khomani","LazaridisNature2014","nuuu1241","596208",-28.25,21.15,2070
"2071","Khomani","LazaridisNature2014","nuuu1241","593217",-28.25,21.15,2071
"2072","Khomani","LazaridisNature2014","nuuu1241","593579",-28.25,21.15,2072
"2073","Khomani","LazaridisNature2014","nuuu1241","591894",-28.25,21.15,2073
"2074","Khomani","LazaridisNature2014","nuuu1241","596750",-28.25,21.15,2074
"2075","Khomani","LazaridisNature2014","nuuu1241","595841",-28.25,21.15,2075
"2076","Khomani","LazaridisNature2014","nuuu1241","596884",-28.25,21.15,2076
"2077","Khomani","LazaridisNature2014","nuuu1241","596303",-28.25,21.15,2077
"2078","Khomani","LazaridisNature2014","nuuu1241","595868",-28.25,21.15,2078
"2079","Khomani","LazaridisNature2014","nuuu1241","596130",-28.25,21.15,2079
"2080","Khomani","LazaridisNature2014","nuuu1241","596068",-28.25,21.15,2080
"2081","Khwe","PickrellNatureCommunications2012","kxoe1243","595913",-18.37345214,21.88509542,2081
"2082","Khwe","PickrellNatureCommunications2012","kxoe1243","596298",-18.37345214,21.88509542,2082
"2083","Khwe","PickrellNatureCommunications2012","kxoe1243","590403",-18.37345214,21.88509542,2083
"2084","Khwe","PickrellNatureCommunications2012","kxoe1243","592061",-18.37345214,21.88509542,2084
"2085","Khwe","PickrellNatureCommunications2012","kxoe1243","595495",-18.37345214,21.88509542,2085
"2086","Khwe","PickrellNatureCommunications2012","kxoe1243","595211",-18.37345214,21.88509542,2086
"2087","Khwe","PickrellNatureCommunications2012","kxoe1243","594396",-18.37345214,21.88509542,2087
"2088","Khwe","PickrellNatureCommunications2012","kxoe1243","596457",-18.37345214,21.88509542,2088
"2089","Khwe","PickrellNatureCommunications2012","kxoe1243","594874",-18.37345214,21.88509542,2089
"2090","Khwe","PickrellNatureCommunications2012","kxoe1243","594081",-18.37345214,21.88509542,2090
"2091","KichwaOrellana","Barbieri_2018","tena1240","596083",-0.183278,-77.174667,2091
"2092","KichwaOrellana","Barbieri_2018","tena1240","596215",-0.183278,-77.174667,2092
"2093","KichwaOrellana","Barbieri_2018","tena1240","596427",-0.183278,-77.174667,2093
"2094","KichwaOrellana","Barbieri_2018","tena1240","596552",-0.183278,-77.174667,2094
"2095","KichwaOrellana","Barbieri_2018","tena1240","596623",-0.183278,-77.174667,2095
"2096","KichwaOrellana","Barbieri_2018","tena1240","596429",-0.183278,-77.174667,2096
"2097","KichwaOrellana","Barbieri_2018","tena1240","596506",-0.183278,-77.174667,2097
"2098","KichwaOrellana","Barbieri_2018","tena1240","596359",-0.183278,-77.174667,2098
"2099","KichwaOrellana","Barbieri_2018","tena1240","596545",-0.183278,-77.174667,2099
"2100","KichwaOrellana","Barbieri_2018","tena1240","596506",-0.183278,-77.174667,2100
"2101","KichwaOrellana","Barbieri_2018","tena1240","596501",-0.183278,-77.174667,2101
"2102","KichwaOrellana","Barbieri_2018","tena1240","596183",-0.183278,-77.174667,2102
"2103","KichwaOrellana","Barbieri_2018","tena1240","596491",-0.183278,-77.174667,2103
"2104","KichwaOrellana","Barbieri_2018","tena1240","596622",-0.183278,-77.174667,2104
"2105","KichwaOrellana","Barbieri_2018","tena1240","596278",-0.183278,-77.174667,2105
"2106","KichwaOrellana","Barbieri_2018","tena1240","596511",-0.183278,-77.174667,2106
"2107","KichwaOrellana","Barbieri_2018","tena1240","596485",-0.183278,-77.174667,2107
"2108","Kikuyu","LazaridisNature2014","kiku1240","596943",-0.4,36.9,2108
"2109","Kikuyu","LazaridisNature2014","kiku1240","595455",-0.4,36.9,2109
"2110","Kikuyu","LazaridisNature2014","kiku1240","594885",-0.4,36.9,2110
"2111","Kikuyu","LazaridisNature2014","kiku1240","589392",-0.4,36.9,2111
"2112","Kinh","LazaridisNature2014","viet1252","576678",21,105.9,2112
"2113","Kinh","LazaridisNature2014","viet1252","596915",21,105.9,2113
"2114","Kinh","LazaridisNature2014","viet1252","596258",21,105.9,2114
"2115","Kinh","LazaridisNature2014","viet1252","596279",21,105.9,2115
"2116","Kinh","LazaridisNature2014","viet1252","596264",21,105.9,2116
"2117","Kinh","LazaridisNature2014","viet1252","597060",21,105.9,2117
"2118","Kinh","LazaridisNature2014","viet1252","597040",21,105.9,2118
"2119","Kinh","LazaridisNature2014","viet1252","596898",21,105.9,2119
"2120","Kirghiz_Pamir","Jeong_2019","kirg1245","589120",38.15,73.95,2120
"2121","Kirghiz_Pamir","Jeong_2019","kirg1245","589494",38.15,73.95,2121
"2122","Kirghiz_Pamir","Jeong_2019","kirg1245","589069",38.15,73.95,2122
"2123","Kirghiz_Pamir","Jeong_2019","kirg1245","589433",38.15,73.95,2123
"2124","Kolombangara","QinStonekingMBE2015","duke1237","595975",-8.1,157.1,2124
"2125","Kolombangara","QinStonekingMBE2015","duke1237","596564",-8.1,157.1,2125
"2126","Kolombangara","QinStonekingMBE2015","duke1237","596143",-8.1,157.1,2126
"2127","Kolombangara","QinStonekingMBE2015","duke1237","596148",-8.1,157.1,2127
"2128","Kolombangara","QinStonekingMBE2015","duke1237","595663",-8.1,157.1,2128
"2129","Kol_New_Britain","SkoglundNature2016","kolp1236","588715",-5.383,151.633,2129
"2130","Kol_New_Britain","SkoglundNature2016","kolp1236","589301",-5.383,151.633,2130
"2131","Korean","LazaridisNature2014","kore1280","595641",37.6,127,2131
"2132","Korean","LazaridisNature2014","kore1280","595474",37.6,127,2132
"2133","Korean","LazaridisNature2014","kore1280","595768",37.6,127,2133
"2134","Korean","LazaridisNature2014","kore1280","595956",37.6,127,2134
"2135","Korean","LazaridisNature2014","kore1280","596094",37.6,127,2135
"2136","Korean","LazaridisNature2014","kore1280","596633",37.6,127,2136
"2137","Koryak","LazaridisNature2014","kory1246","594508",58.3,159.38,2137
"2138","Koryak","LazaridisNature2014","kory1246","596287",58.3,159.38,2138
"2139","Koryak","LazaridisNature2014","kory1246","595117",58.3,159.38,2139
"2140","Koryak","LazaridisNature2014","kory1246","597026",58.3,159.38,2140
"2141","Koryak","LazaridisNature2014","kory1246","595504",58.3,159.38,2141
"2142","Koryak","LazaridisNature2014","kory1246","596179",58.3,159.38,2142
"2143","Koryak","LazaridisNature2014","kory1246","596371",58.3,159.38,2143
"2144","Koryak","LazaridisNature2014","kory1246","595901",58.3,159.38,2144
"2145","Koryak","LazaridisNature2014","kory1246","596080",58.3,159.38,2145
"2146","Kove","SkoglundNature2016","kove1237","590447",-5.4667,148.95,2146
"2147","Kove","SkoglundNature2016","kove1237","590565",-5.4667,148.95,2147
"2148","Kove","SkoglundNature2016","kove1237","590711",-5.4667,148.95,2148
"2149","Kove","SkoglundNature2016","kove1237","590511",-5.4667,148.95,2149
"2150","Kove","SkoglundNature2016","kove1237","589089",-5.4667,148.95,2150
"2151","Kove","SkoglundNature2016","kove1237","584376",-5.4667,148.95,2151
"2152","Kove","SkoglundNature2016","kove1237","586498",-5.4667,148.95,2152
"2153","Kove_Tamuniai","SkoglundNature2016","kove1237","590421",-5.4667,148.95,2153
"2154","Kove_Tamuniai","SkoglundNature2016","kove1237","590504",-5.4667,148.95,2154
"2155","Kove_Tamuniai","SkoglundNature2016","kove1237","590453",-5.4667,148.95,2155
"2156","Kove_Tamuniai","SkoglundNature2016","kove1237","590642",-5.4667,148.95,2156
"2157","Kove_Tamuniai","SkoglundNature2016","kove1237","590661",-5.4667,148.95,2157
"2158","Kove_Tamuniai","SkoglundNature2016","kove1237","590314",-5.4667,148.95,2158
"2159","Kove_Tamuniai","SkoglundNature2016","kove1237","590574",-5.4667,148.95,2159
"2160","Kove_Tamuniai","SkoglundNature2016","kove1237","590669",-5.4667,148.95,2160
"2161","Kove_Tamuniai","SkoglundNature2016","kove1237","587908",-5.4667,148.95,2161
"2162","Kove_Tamuniai","SkoglundNature2016","kove1237","589340",-5.4667,148.95,2162
"2163","Kubachinian","Jeong_2019","kuba1248","589389",42.08,47.58,2163
"2164","Kubachinian","Jeong_2019","kuba1248","589343",42.08,47.58,2164
"2165","Kubachinian","Jeong_2019","kuba1248","589015",42.08,47.58,2165
"2166","Kubachinian","Jeong_2019","kuba1248","589482",42.08,47.58,2166
"2167","Kubachinian","Jeong_2019","kuba1248","589104",42.08,47.58,2167
"2168","Kubachinian","Jeong_2019","kuba1248","589408",42.08,47.58,2168
"2169","Kumyk","LazaridisNature2014","kumy1244","596136",43.25,46.583333,2169
"2170","Kumyk","LazaridisNature2014","kumy1244","594835",43.25,46.583333,2170
"2171","Kumyk","LazaridisNature2014","kumy1244","595611",43.25,46.583333,2171
"2172","Kumyk","LazaridisNature2014","kumy1244","595271",43.25,46.583333,2172
"2173","Kumyk","LazaridisNature2014","kumy1244","596446",43.25,46.583333,2173
"2174","Kumyk","LazaridisNature2014","kumy1244","595927",43.25,46.583333,2174
"2175","Kumyk","LazaridisNature2014","kumy1244","596200",43.25,46.583333,2175
"2176","Kumyk","LazaridisNature2014","kumy1244","590544",43.25,46.583333,2176
"2177","Kuot_Kabil","SkoglundNature2016","kuot1243","589206",-3.067,151.7,2177
"2178","Kuot_Kabil","SkoglundNature2016","kuot1243","589379",-3.067,151.7,2178
"2179","Kuot_Kabil","SkoglundNature2016","kuot1243","590602",-3.067,151.7,2179
"2180","Kuot_Kabil","SkoglundNature2016","kuot1243","590727",-3.067,151.7,2180
"2181","Kuot_Kabil","SkoglundNature2016","kuot1243","584799",-3.067,151.7,2181
"2182","Kuot_Kabil","SkoglundNature2016","kuot1243","588295",-3.067,151.7,2182
"2183","Kuot_Kabil","SkoglundNature2016","kuot1243","589440",-3.067,151.7,2183
"2184","Kuot_Kabil","SkoglundNature2016","kuot1243","589282",-3.067,151.7,2184
"2185","Kuot_Kabil","SkoglundNature2016","kuot1243","590663",-3.067,151.7,2185
"2186","Kuot_Kabil","SkoglundNature2016","kuot1243","589122",-3.067,151.7,2186
"2187","Kuot_Lamalaua","SkoglundNature2016","kuot1243","590715",-3,151.5,2187
"2188","Kuot_Lamalaua","SkoglundNature2016","kuot1243","585973",-3,151.5,2188
"2189","Kuot_Lamalaua","SkoglundNature2016","kuot1243","589332",-3,151.5,2189
"2190","Kuot_Lamalaua","SkoglundNature2016","kuot1243","589252",-3,151.5,2190
"2191","Kuot_Lamalaua","SkoglundNature2016","kuot1243","590677",-3,151.5,2191
"2192","Kuot_Lamalaua","SkoglundNature2016","kuot1243","589349",-3,151.5,2192
"2193","Kuot_Lamalaua","SkoglundNature2016","kuot1243","590663",-3,151.5,2193
"2194","Kuot_Lamalaua","SkoglundNature2016","kuot1243","589805",-3,151.5,2194
"2195","Kurd","Jeong_2019","nort2641","588746",44.58,39.42,2195
"2196","Kurd","Jeong_2019","nort2641","588672",44.58,39.42,2196
"2197","Kurd","Jeong_2019","nort2641","588763",44.58,39.42,2197
"2198","Kurd","Jeong_2019","nort2641","589171",44.58,39.42,2198
"2199","Kurd","Jeong_2019","nort2641","588764",44.58,39.42,2199
"2200","Kurd","Jeong_2019","nort2641","588370",44.58,39.42,2200
"2201","Kurd","Jeong_2019","nort2641","588399",44.58,39.42,2201
"2202","Kurd","Jeong_2019","nort2641","589177",44.58,39.42,2202
"2203","Kurd","Jeong_2019","nort2641","589319",44.58,39.42,2203
"2204","Kurd_WGA","LazaridisNature2014","nort2641","592234",40.7,44.3,2204
"2205","Kurd_WGA","LazaridisNature2014","nort2641","593381",40.7,44.3,2205
"2206","Kusunda","LazaridisNature2014","kusu1250","594403",28.07245287,82.54299147,2206
"2207","Kusunda","LazaridisNature2014","kusu1250","594767",28.07245287,82.54299147,2207
"2208","Kusunda","LazaridisNature2014","kusu1250","594883",28.07245287,82.54299147,2208
"2209","Kusunda","LazaridisNature2014","kusu1250","590931",28.07245287,82.54299147,2209
"2210","Kusunda","LazaridisNature2014","kusu1250","595672",28.07245287,82.54299147,2210
"2211","Kyrgyz","LazaridisNature2014","kirg1245","596955",42.86666667,74.61666667,2211
"2212","Kyrgyz","LazaridisNature2014","kirg1245","596500",42.86666667,74.61666667,2212
"2213","Kyrgyz","LazaridisNature2014","kirg1245","596615",42.86666667,74.61666667,2213
"2214","Kyrgyz","LazaridisNature2014","kirg1245","597118",42.86666667,74.61666667,2214
"2215","Kyrgyz","LazaridisNature2014","kirg1245","596675",42.86666667,74.61666667,2215
"2216","Kyrgyz","LazaridisNature2014","kirg1245","596562",42.86666667,74.61666667,2216
"2217","Kyrgyz","LazaridisNature2014","kirg1245","596586",42.86666667,74.61666667,2217
"2218","Kyrgyz","LazaridisNature2014","kirg1245","596219",42.86666667,74.61666667,2218
"2219","Kyrgyz","LazaridisNature2014","kirg1245","597328",42.86666667,74.61666667,2219
"2220","Kyrgyz","LazaridisNature2014","kirg1245","597249",42.86666667,74.61666667,2220
"2221","Lahu","PattersonGenetics2012","lahu1253","596918",22,100,2221
"2222","Lahu","PattersonGenetics2012","lahu1253","596679",22,100,2222
"2223","Lahu","PattersonGenetics2012","lahu1253","596158",22,100,2223
"2224","Lahu","PattersonGenetics2012","lahu1253","596932",22,100,2224
"2225","Lahu","PattersonGenetics2012","lahu1253","596755",22,100,2225
"2226","Lahu","PattersonGenetics2012","lahu1253","595315",22,100,2226
"2227","Lahu","PattersonGenetics2012","lahu1253","596466",22,100,2227
"2228","Lahu","PattersonGenetics2012","lahu1253","597093",22,100,2228
"2229","LaJalca","Barbieri_2018","chac1250","596178",-6.485608,-77.816172,2229
"2230","LaJalca","Barbieri_2018","chac1250","596602",-6.485608,-77.816172,2230
"2231","LaJalca","Barbieri_2018","chac1250","595494",-6.485608,-77.816172,2231
"2232","LaJalca","Barbieri_2018","chac1250","596516",-6.485608,-77.816172,2232
"2233","LaJalca","Barbieri_2018","chac1250","596053",-6.485608,-77.816172,2233
"2234","LaJalca","Barbieri_2018","chac1250","596187",-6.485608,-77.816172,2234
"2235","LaJalca","Barbieri_2018","chac1250","593618",-6.485608,-77.816172,2235
"2236","LaJalca","Barbieri_2018","chac1250","588518",-6.485608,-77.816172,2236
"2237","LaJalca","Barbieri_2018","chac1250","596556",-6.485608,-77.816172,2237
"2238","LaJalca","Barbieri_2018","chac1250","596253",-6.485608,-77.816172,2238
"2239","LaJalca","Barbieri_2018","chac1250","595639",-6.485608,-77.816172,2239
"2240","Lak","Jeong_2019","lakk1252","589124",42.17,47.12,2240
"2241","Lak","Jeong_2019","lakk1252","589256",42.17,47.12,2241
"2242","Lak","Jeong_2019","lakk1252","588982",42.17,47.12,2242
"2243","Lak","Jeong_2019","lakk1252","589471",42.17,47.12,2243
"2244","Lak","Jeong_2019","lakk1252","589397",42.17,47.12,2244
"2245","Lak","Jeong_2019","lakk1252","589106",42.17,47.12,2245
"2246","Lak","Jeong_2019","lakk1252","589243",42.17,47.12,2246
"2247","Lak","Jeong_2019","lakk1252","589533",42.17,47.12,2247
"2248","Lak","Jeong_2019","lakk1252","589494",42.17,47.12,2248
"2249","Lak","Jeong_2019","lakk1252","588665",42.17,47.12,2249
"2250","Lebanese","LazaridisNature2014","nort3139","596927",33.815666,35.57373,2250
"2251","Lebanese","LazaridisNature2014","nort3139","596395",33.815666,35.57373,2251
"2252","Lebanese","LazaridisNature2014","nort3139","594441",33.815666,35.57373,2252
"2253","Lebanese","LazaridisNature2014","nort3139","594972",33.815666,35.57373,2253
"2254","Lebanese","LazaridisNature2014","nort3139","596400",33.815666,35.57373,2254
"2255","Lebanese","LazaridisNature2014","nort3139","595133",33.815666,35.57373,2255
"2256","Lebanese","LazaridisNature2014","nort3139","596559",33.815666,35.57373,2256
"2257","Lebanese","LazaridisNature2014","nort3139","597103",33.815666,35.57373,2257
"2258","Lebanese_Christian","LazaridisNature2016","stan1323","589230",33.89,35.5,2258
"2259","Lebanese_Christian","LazaridisNature2016","stan1323","588676",33.89,35.5,2259
"2260","Lebanese_Christian","LazaridisNature2016","stan1323","589485",33.89,35.5,2260
"2261","Lebanese_Christian","LazaridisNature2016","stan1323","586735",33.89,35.5,2261
"2262","Lebanese_Christian","LazaridisNature2016","stan1323","584532",33.89,35.5,2262
"2263","Lebanese_Christian","LazaridisNature2016","stan1323","589479",33.89,35.5,2263
"2264","Lebanese_Christian","LazaridisNature2016","stan1323","590183",33.89,35.5,2264
"2265","Lebanese_Christian","LazaridisNature2016","stan1323","571360",33.89,35.5,2265
"2266","Lebanese_Christian","LazaridisNature2016","stan1323","589639",33.89,35.5,2266
"2267","Lebanese_Muslim","LazaridisNature2016","stan1323","590021",33.89,35.5,2267
"2268","Lebanese_Muslim","LazaridisNature2016","stan1323","578981",33.89,35.5,2268
"2269","Lebanese_Muslim","LazaridisNature2016","stan1323","590188",33.89,35.5,2269
"2270","Lebanese_Muslim","LazaridisNature2016","stan1323","586893",33.89,35.5,2270
"2271","Lebanese_Muslim","LazaridisNature2016","stan1323","590238",33.89,35.5,2271
"2272","Lebanese_Muslim","LazaridisNature2016","stan1323","590160",33.89,35.5,2272
"2273","Lebanese_Muslim","LazaridisNature2016","stan1323","590287",33.89,35.5,2273
"2274","Lebanese_Muslim","LazaridisNature2016","stan1323","590104",33.89,35.5,2274
"2275","Lebanese_Muslim","LazaridisNature2016","stan1323","589553",33.89,35.5,2275
"2276","Lebanese_Muslim","LazaridisNature2016","stan1323","589482",33.89,35.5,2276
"2277","Lebanese_Muslim","LazaridisNature2016","stan1323","583642",33.89,35.5,2277
"2278","Lebbo","SkoglundNature2016","waha1238","589568",1.655308333,117.1572417,2278
"2279","Lebbo","SkoglundNature2016","waha1238","588612",1.655308333,117.1572417,2279
"2280","Lebbo","SkoglundNature2016","waha1238","588344",1.655308333,117.1572417,2280
"2281","Lebbo","SkoglundNature2016","waha1238","589277",1.655308333,117.1572417,2281
"2282","Lebbo","SkoglundNature2016","waha1238","586800",1.655308333,117.1572417,2282
"2283","Lebbo","SkoglundNature2016","waha1238","588566",1.655308333,117.1572417,2283
"2284","Lebbo","SkoglundNature2016","waha1238","582786",1.655308333,117.1572417,2284
"2285","Lebbo","SkoglundNature2016","waha1238","588198",1.655308333,117.1572417,2285
"2286","Lezgin","LazaridisNature2014","lezg1247","596098",42.116667,48.183333,2286
"2287","Lezgin","LazaridisNature2014","lezg1247","594882",42.116667,48.183333,2287
"2288","Lezgin","LazaridisNature2014","lezg1247","596795",42.116667,48.183333,2288
"2289","Lezgin","LazaridisNature2014","lezg1247","596732",42.116667,48.183333,2289
"2290","Lezgin","LazaridisNature2014","lezg1247","589815",42.116667,48.183333,2290
"2291","Lezgin","LazaridisNature2014","lezg1247","596846",42.116667,48.183333,2291
"2292","Lezgin","LazaridisNature2014","lezg1247","580699",42.116667,48.183333,2292
"2293","Lezgin","LazaridisNature2014","lezg1247","596192",42.116667,48.183333,2293
"2294","Lezgin","LazaridisNature2014","lezg1247","596693",42.116667,48.183333,2294
"2295","Lezgin","LazaridisNature2014","lezg1247","588415",42.116667,48.183333,2295
"2296","Libyan","LazaridisNature2016","liby1240","590354",32.88,13.19,2296
"2297","Libyan","LazaridisNature2016","liby1240","579233",32.88,13.19,2297
"2298","Libyan","LazaridisNature2016","liby1240","590452",32.88,13.19,2298
"2299","Libyan","LazaridisNature2016","liby1240","590104",32.88,13.19,2299
"2300","Libyan","LazaridisNature2016","liby1240","589446",32.88,13.19,2300
"2301","Lithuanian","LazaridisNature2014","lith1251","596599",54.901882,23.917236,2301
"2302","Lithuanian","LazaridisNature2014","lith1251","596475",54.901882,23.917236,2302
"2303","Lithuanian","LazaridisNature2014","lith1251","594809",54.901882,23.917236,2303
"2304","Lithuanian","LazaridisNature2014","lith1251","592086",54.901882,23.917236,2304
"2305","Lithuanian","LazaridisNature2014","lith1251","597013",54.901882,23.917236,2305
"2306","Lithuanian","LazaridisNature2014","lith1251","596712",54.901882,23.917236,2306
"2307","Lithuanian","LazaridisNature2014","lith1251","596120",54.901882,23.917236,2307
"2308","Lithuanian","LazaridisNature2014","lith1251","596462",54.901882,23.917236,2308
"2309","Lithuanian","LazaridisNature2014","lith1251","594200",54.901882,23.917236,2309
"2310","Lithuanian","LazaridisNature2014","lith1251","596531",54.901882,23.917236,2310
"2311","Lodhi","LazaridisNature2014","bund1253","596404",25.45,78.62,2311
"2312","Lodhi","LazaridisNature2014","bund1253","595708",25.45,78.62,2312
"2313","Lodhi","LazaridisNature2014","bund1253","596197",25.45,78.62,2313
"2314","Lodhi","LazaridisNature2014","bund1253","587365",25.45,78.62,2314
"2315","Lodhi","LazaridisNature2014","bund1253","596058",25.45,78.62,2315
"2316","Lodhi","LazaridisNature2014","bund1253","592621",25.45,78.62,2316
"2317","Lodhi","LazaridisNature2014","bund1253","595221",25.45,78.62,2317
"2318","Lodhi","LazaridisNature2014","bund1253","594441",25.45,78.62,2318
"2319","Lodhi","LazaridisNature2014","bund1253","594590",25.45,78.62,2319
"2320","Lodhi","LazaridisNature2014","bund1253","595475",25.45,78.62,2320
"2321","Lodhi","LazaridisNature2014","bund1253","595337",25.45,78.62,2321
"2322","Lodhi","LazaridisNature2014","bund1253","595499",25.45,78.62,2322
"2323","Lodhi","LazaridisNature2014","bund1253","595368",25.45,78.62,2323
"2324","LoretoMix","Barbieri_2018","ND","596354",-5.4998625,-76.463425,2324
"2325","LoretoMix","Barbieri_2018","ND","595727",-5.4998625,-76.463425,2325
"2326","LoretoMix","Barbieri_2018","ND","593047",-5.4998625,-76.463425,2326
"2327","LoretoMix","Barbieri_2018","ND","593673",-5.4998625,-76.463425,2327
"2328","LoretoMix","Barbieri_2018","ND","596378",-5.4998625,-76.463425,2328
"2329","LoretoMix","Barbieri_2018","ND","594613",-5.4998625,-76.463425,2329
"2330","LoretoMix","Barbieri_2018","ND","596294",-5.4998625,-76.463425,2330
"2331","Luhya","LazaridisNature2014","cent2288","594314",1.3,36.8,2331
"2332","Luhya","LazaridisNature2014","cent2288","595463",1.3,36.8,2332
"2333","Luhya","LazaridisNature2014","cent2288","596212",1.3,36.8,2333
"2334","Luhya","LazaridisNature2014","cent2288","592914",1.3,36.8,2334
"2335","Luhya","LazaridisNature2014","cent2288","594955",1.3,36.8,2335
"2336","Luhya","LazaridisNature2014","cent2288","596505",1.3,36.8,2336
"2337","Luhya","LazaridisNature2014","cent2288","596760",1.3,36.8,2337
"2338","Luhya","LazaridisNature2014","cent2288","596552",1.3,36.8,2338
"2339","Luo","LazaridisNature2014","luok1236","596587",-0.1,34.3,2339
"2340","Luo","LazaridisNature2014","luok1236","596461",-0.1,34.3,2340
"2341","Luo","LazaridisNature2014","luok1236","595735",-0.1,34.3,2341
"2342","Luo","LazaridisNature2014","luok1236","596173",-0.1,34.3,2342
"2343","Luo","LazaridisNature2014","luok1236","594642",-0.1,34.3,2343
"2344","Luo","LazaridisNature2014","luok1236","593004",-0.1,34.3,2344
"2345","Luo","LazaridisNature2014","luok1236","594675",-0.1,34.3,2345
"2346","Luo","LazaridisNature2014","luok1236","593993",-0.1,34.3,2346
"2347","Luya","Barbieri_2018","chac1250","595446",-6.191162,-77.968099,2347
"2348","Luya","Barbieri_2018","chac1250","595471",-6.191162,-77.968099,2348
"2349","Luya","Barbieri_2018","chac1250","596442",-6.191162,-77.968099,2349
"2350","Luya","Barbieri_2018","chac1250","596086",-6.191162,-77.968099,2350
"2351","Luya","Barbieri_2018","chac1250","596692",-6.191162,-77.968099,2351
"2352","Luya","Barbieri_2018","chac1250","596260",-6.191162,-77.968099,2352
"2353","Luya","Barbieri_2018","chac1250","596314",-6.191162,-77.968099,2353
"2354","Luya","Barbieri_2018","chac1250","587149",-6.191162,-77.968099,2354
"2355","Luya","Barbieri_2018","chac1250","595527",-6.191162,-77.968099,2355
"2356","Luya","Barbieri_2018","chac1250","595429",-6.191162,-77.968099,2356
"2357","Luya","Barbieri_2018","chac1250","596517",-6.191162,-77.968099,2357
"2358","Madak","SkoglundNature2016","mada1285","590692",-3.1,151.7,2358
"2359","Madak","SkoglundNature2016","mada1285","590600",-3.1,151.7,2359
"2360","Madak","SkoglundNature2016","mada1285","582963",-3.1,151.7,2360
"2361","Madak","SkoglundNature2016","mada1285","590678",-3.1,151.7,2361
"2362","Madak","SkoglundNature2016","mada1285","588919",-3.1,151.7,2362
"2363","Madak","SkoglundNature2016","mada1285","588788",-3.1,151.7,2363
"2364","Madak","SkoglundNature2016","mada1285","590634",-3.1,151.7,2364
"2365","Madak","SkoglundNature2016","mada1285","590656",-3.1,151.7,2365
"2366","Madak","SkoglundNature2016","mada1285","590229",-3.1,151.7,2366
"2367","Madak","SkoglundNature2016","mada1285","590481",-3.1,151.7,2367
"2368","Makira","QinStonekingMBE2015","ND","596487",-10.5,161.9,2368
"2369","Makira","QinStonekingMBE2015","ND","595074",-10.5,161.9,2369
"2370","Makira","QinStonekingMBE2015","ND","596458",-10.5,161.9,2370
"2371","Makira","QinStonekingMBE2015","ND","596682",-10.5,161.9,2371
"2372","Makira","QinStonekingMBE2015","ND","596719",-10.5,161.9,2372
"2373","Makira","QinStonekingMBE2015","ND","596163",-10.5,161.9,2373
"2374","Makira","QinStonekingMBE2015","ND","595273",-10.5,161.9,2374
"2375","Makrani","PattersonGenetics2012","makr1243","595745",26,64,2375
"2376","Makrani","PattersonGenetics2012","makr1243","596307",26,64,2376
"2377","Makrani","PattersonGenetics2012","makr1243","595450",26,64,2377
"2378","Makrani","PattersonGenetics2012","makr1243","595644",26,64,2378
"2379","Makrani","PattersonGenetics2012","makr1243","596603",26,64,2379
"2380","Makrani","PattersonGenetics2012","makr1243","595859",26,64,2380
"2381","Makrani","PattersonGenetics2012","makr1243","596460",26,64,2381
"2382","Makrani","PattersonGenetics2012","makr1243","596583",26,64,2382
"2383","Makrani","PattersonGenetics2012","makr1243","595535",26,64,2383
"2384","Makrani","PattersonGenetics2012","makr1243","595088",26,64,2384
"2385","Makrani","PattersonGenetics2012","makr1243","596895",26,64,2385
"2386","Makrani","PattersonGenetics2012","makr1243","596974",26,64,2386
"2387","Makrani","PattersonGenetics2012","makr1243","596675",26,64,2387
"2388","Makrani","PattersonGenetics2012","makr1243","595709",26,64,2388
"2389","Makrani","PattersonGenetics2012","makr1243","596336",26,64,2389
"2390","Makrani","PattersonGenetics2012","makr1243","595454",26,64,2390
"2391","Makrani","PattersonGenetics2012","makr1243","596561",26,64,2391
"2392","Makrani","PattersonGenetics2012","makr1243","595146",26,64,2392
"2393","Makrani","PattersonGenetics2012","makr1243","596262",26,64,2393
"2394","Makrani","PattersonGenetics2012","makr1243","595332",26,64,2394
"2395","Makrani","PattersonGenetics2012","makr1243","595563",26,64,2395
"2396","Makrani","PattersonGenetics2012","makr1243","595320",26,64,2396
"2397","Makrani","PattersonGenetics2012","makr1243","596554",26,64,2397
"2398","Makrani","PattersonGenetics2012","makr1243","596614",26,64,2398
"2399","Makrani","PattersonGenetics2012","makr1243","596736",26,64,2399
"2400","Mala","LazaridisNature2014","mala1466","579261",18.67,78.17,2400
"2401","Mala","LazaridisNature2014","mala1466","596479",18.67,78.17,2401
"2402","Mala","LazaridisNature2014","mala1466","595865",18.67,78.17,2402
"2403","Mala","LazaridisNature2014","mala1466","594378",18.67,78.17,2403
"2404","Mala","LazaridisNature2014","mala1466","595982",18.67,78.17,2404
"2405","Mala","LazaridisNature2014","mala1466","595702",18.67,78.17,2405
"2406","Mala","LazaridisNature2014","mala1466","592065",18.67,78.17,2406
"2407","Mala","LazaridisNature2014","mala1466","596077",18.67,78.17,2407
"2408","Mala","LazaridisNature2014","mala1466","596521",18.67,78.17,2408
"2409","Mala","LazaridisNature2014","mala1466","596287",18.67,78.17,2409
"2410","Mala","LazaridisNature2014","mala1466","596133",18.67,78.17,2410
"2411","Mala","LazaridisNature2014","mala1466","595939",18.67,78.17,2411
"2412","Mala","LazaridisNature2014","mala1466","596269",18.67,78.17,2412
"2413","Mala","LazaridisNature2014","mala1466","596219",18.67,78.17,2413
"2414","Mala","LazaridisNature2014","mala1466","588301",18.67,78.17,2414
"2415","Mala","LazaridisNature2014","mala1466","588381",18.67,78.17,2415
"2416","Malaita","QinStonekingMBE2015","ND","596840",-9.1,161.1,2416
"2417","Malaita","QinStonekingMBE2015","ND","596586",-9.1,161.1,2417
"2418","Malaita","QinStonekingMBE2015","ND","596285",-9.1,161.1,2418
"2419","Malaita","QinStonekingMBE2015","ND","596687",-9.1,161.1,2419
"2420","Malaita","QinStonekingMBE2015","ND","597029",-9.1,161.1,2420
"2421","Malaita","QinStonekingMBE2015","ND","596484",-9.1,161.1,2421
"2422","Malawi_Chewa","SkoglundCell2017","nyan1308","583672",-13.703473,33.597743,2422
"2423","Malawi_Chewa","SkoglundCell2017","nyan1308","589044",-13.703473,33.597743,2423
"2424","Malawi_Chewa","SkoglundCell2017","nyan1308","588250",-13.703473,33.597743,2424
"2425","Malawi_Chewa","SkoglundCell2017","nyan1308","588558",-13.703473,33.597743,2425
"2426","Malawi_Chewa","SkoglundCell2017","nyan1308","588791",-13.703473,33.597743,2426
"2427","Malawi_Chewa","SkoglundCell2017","nyan1308","583250",-13.703473,33.597743,2427
"2428","Malawi_Chewa","SkoglundCell2017","nyan1308","588653",-13.703473,33.597743,2428
"2429","Malawi_Chewa","SkoglundCell2017","nyan1308","588303",-13.703473,33.597743,2429
"2430","Malawi_Chewa","SkoglundCell2017","nyan1308","588219",-13.703473,33.597743,2430
"2431","Malawi_Chewa","SkoglundCell2017","nyan1308","588482",-13.703473,33.597743,2431
"2432","Malawi_Chewa","SkoglundCell2017","nyan1308","587379",-13.703473,33.597743,2432
"2433","Malawi_Ngoni","SkoglundCell2017","ngon1269","588739",-14.75,34.75,2433
"2434","Malawi_Ngoni","SkoglundCell2017","ngon1269","588992",-14.75,34.75,2434
"2435","Malawi_Ngoni","SkoglundCell2017","ngon1269","588341",-14.75,34.75,2435
"2436","Malawi_Ngoni","SkoglundCell2017","ngon1269","588038",-14.75,34.75,2436
"2437","Malawi_Tumbuka","SkoglundCell2017","tumb1250","588538",-11.900632,33.598959,2437
"2438","Malawi_Tumbuka","SkoglundCell2017","tumb1250","589131",-11.900632,33.598959,2438
"2439","Malawi_Tumbuka","SkoglundCell2017","tumb1250","587315",-11.900632,33.598959,2439
"2440","Malawi_Tumbuka","SkoglundCell2017","tumb1250","583990",-11.900632,33.598959,2440
"2441","Malawi_Tumbuka","SkoglundCell2017","tumb1250","589305",-11.900632,33.598959,2441
"2442","Malawi_Tumbuka","SkoglundCell2017","tumb1250","584641",-11.900632,33.598959,2442
"2443","Malawi_Tumbuka","SkoglundCell2017","tumb1250","589643",-11.900632,33.598959,2443
"2444","Malawi_Tumbuka","SkoglundCell2017","tumb1250","588907",-11.900632,33.598959,2444
"2445","Malawi_Tumbuka","SkoglundCell2017","tumb1250","584854",-11.900632,33.598959,2445
"2446","Malawi_Tumbuka","SkoglundCell2017","tumb1250","586915",-11.900632,33.598959,2446
"2447","Malawi_Yao","SkoglundCell2017","yaoo1241","589484",-15.785624,35.008278,2447
"2448","Malawi_Yao","SkoglundCell2017","yaoo1241","586027",-15.785624,35.008278,2448
"2449","Malawi_Yao","SkoglundCell2017","yaoo1241","587189",-15.785624,35.008278,2449
"2450","Malawi_Yao","SkoglundCell2017","yaoo1241","587828",-15.785624,35.008278,2450
"2451","Malawi_Yao","SkoglundCell2017","yaoo1241","585114",-15.785624,35.008278,2451
"2452","Malawi_Yao","SkoglundCell2017","yaoo1241","588796",-15.785624,35.008278,2452
"2453","Malawi_Yao","SkoglundCell2017","yaoo1241","589217",-15.785624,35.008278,2453
"2454","Malawi_Yao","SkoglundCell2017","yaoo1241","589152",-15.785624,35.008278,2454
"2455","Malawi_Yao","SkoglundCell2017","yaoo1241","586777",-15.785624,35.008278,2455
"2456","Malay","SkoglundNature2016","sing1270","590653",1.35,103.82,2456
"2457","Malay","SkoglundNature2016","sing1270","590321",1.35,103.82,2457
"2458","Malay","SkoglundNature2016","sing1270","590535",1.35,103.82,2458
"2459","Malay","SkoglundNature2016","sing1270","590398",1.35,103.82,2459
"2460","Malay","SkoglundNature2016","sing1270","590528",1.35,103.82,2460
"2461","Malay","SkoglundNature2016","sing1270","590581",1.35,103.82,2461
"2462","Malay","SkoglundNature2016","sing1270","590244",1.35,103.82,2462
"2463","Malay","SkoglundNature2016","sing1270","590378",1.35,103.82,2463
"2464","Malay","SkoglundNature2016","sing1270","590299",1.35,103.82,2464
"2465","Maltese","LazaridisNature2014","malt1254","596117",35.94,14.38,2465
"2466","Maltese","LazaridisNature2014","malt1254","583279",35.94,14.38,2466
"2467","Maltese","LazaridisNature2014","malt1254","594334",35.94,14.38,2467
"2468","Maltese","LazaridisNature2014","malt1254","585257",35.94,14.38,2468
"2469","Maltese","LazaridisNature2014","malt1254","596814",35.94,14.38,2469
"2470","Maltese","LazaridisNature2014","malt1254","596451",35.94,14.38,2470
"2471","Maltese","LazaridisNature2014","malt1254","596275",35.94,14.38,2471
"2472","Maltese","LazaridisNature2014","malt1254","595426",35.94,14.38,2472
"2473","Mamanwa","QinStonekingMBE2015","mama1275","595092",9.76,125.51,2473
"2474","Mamanwa","QinStonekingMBE2015","mama1275","590722",9.76,125.51,2474
"2475","Mamanwa","QinStonekingMBE2015","mama1275","594790",9.76,125.51,2475
"2476","Mamanwa","QinStonekingMBE2015","mama1275","592911",9.76,125.51,2476
"2477","Mamanwa","QinStonekingMBE2015","mama1275","595762",9.76,125.51,2477
"2478","Mamanwa","QinStonekingMBE2015","mama1275","595909",9.76,125.51,2478
"2479","Mamanwa","QinStonekingMBE2015","mama1275","596609",9.76,125.51,2479
"2480","Mamanwa","QinStonekingMBE2015","mama1275","589217",9.76,125.51,2480
"2481","Mamanwa","QinStonekingMBE2015","mama1275","595918",9.76,125.51,2481
"2482","Mamanwa","QinStonekingMBE2015","mama1275","596470",9.76,125.51,2482
"2483","Mamanwa","QinStonekingMBE2015","mama1275","595288",9.76,125.51,2483
"2484","Mamanwa","QinStonekingMBE2015","mama1275","596079",9.76,125.51,2484
"2485","Mamanwa","QinStonekingMBE2015","mama1275","596807",9.76,125.51,2485
"2486","Mamanwa1","QinStonekingMBE2015","mama1275","595121",9.76,125.51,2486
"2487","Mamanwa1","QinStonekingMBE2015","mama1275","592720",9.76,125.51,2487
"2488","Mamanwa1","QinStonekingMBE2015","mama1275","596260",9.76,125.51,2488
"2489","Mamanwa1","QinStonekingMBE2015","mama1275","596646",9.76,125.51,2489
"2490","Mamanwa1","QinStonekingMBE2015","mama1275","596435",9.76,125.51,2490
"2491","Mamusi_Kisiluvi","SkoglundNature2016","mamu1254","590487",-5.7333,151.0833,2491
"2492","Mamusi_Kisiluvi","SkoglundNature2016","mamu1254","590582",-5.7333,151.0833,2492
"2493","Mamusi_Kisiluvi","SkoglundNature2016","mamu1254","590580",-5.7333,151.0833,2493
"2494","Mamusi_Kisiluvi","SkoglundNature2016","mamu1254","590592",-5.7333,151.0833,2494
"2495","Mamusi_Kisiluvi","SkoglundNature2016","mamu1254","590495",-5.7333,151.0833,2495
"2496","Mamusi_Kisiluvi","SkoglundNature2016","mamu1254","590669",-5.7333,151.0833,2496
"2497","Mamusi_Kisiluvi","SkoglundNature2016","mamu1254","590638",-5.7333,151.0833,2497
"2498","Mamusi_Kisiluvi","SkoglundNature2016","mamu1254","590416",-5.7333,151.0833,2498
"2499","Mamusi_Kisiluvi","SkoglundNature2016","mamu1254","590664",-5.7333,151.0833,2499
"2500","Mamusi_Kisiluvi","SkoglundNature2016","mamu1254","590298",-5.7333,151.0833,2500
"2501","Mamusi_Lingite","SkoglundNature2016","mamu1254","589269",-5.867,151.1,2501
"2502","Mamusi_Lingite","SkoglundNature2016","mamu1254","590616",-5.867,151.1,2502
"2503","Mamusi_Lingite","SkoglundNature2016","mamu1254","590538",-5.867,151.1,2503
"2504","Mamusi_Lingite","SkoglundNature2016","mamu1254","590607",-5.867,151.1,2504
"2505","Mamusi_Lingite","SkoglundNature2016","mamu1254","590680",-5.867,151.1,2505
"2506","Mamusi_Lingite","SkoglundNature2016","mamu1254","590627",-5.867,151.1,2506
"2507","Mamusi_Lingite","SkoglundNature2016","mamu1254","587003",-5.867,151.1,2507
"2508","Mamusi_Lingite","SkoglundNature2016","mamu1254","590588",-5.867,151.1,2508
"2509","Mamusi_Lingite","SkoglundNature2016","mamu1254","590470",-5.867,151.1,2509
"2510","Mamusi_Lingite","SkoglundNature2016","mamu1254","590450",-5.867,151.1,2510
"2511","Mamusi_Paleabu","SkoglundNature2016","mamu1254","590556",-5.95,150.9,2511
"2512","Mamusi_Paleabu","SkoglundNature2016","mamu1254","584316",-5.95,150.9,2512
"2513","Mamusi_Paleabu","SkoglundNature2016","mamu1254","590677",-5.95,150.9,2513
"2514","Mamusi_Paleabu","SkoglundNature2016","mamu1254","589117",-5.95,150.9,2514
"2515","Mamusi_Paleabu","SkoglundNature2016","mamu1254","589092",-5.95,150.9,2515
"2516","Mamusi_Paleabu","SkoglundNature2016","mamu1254","588904",-5.95,150.9,2516
"2517","Mandenka","PattersonGenetics2012","mand1436","593077",12,-12,2517
"2518","Mandenka","PattersonGenetics2012","mand1436","594926",12,-12,2518
"2519","Mandenka","PattersonGenetics2012","mand1436","594436",12,-12,2519
"2520","Mandenka","PattersonGenetics2012","mand1436","596579",12,-12,2520
"2521","Mandenka","PattersonGenetics2012","mand1436","592037",12,-12,2521
"2522","Mandenka","PattersonGenetics2012","mand1436","594725",12,-12,2522
"2523","Mandenka","PattersonGenetics2012","mand1436","593798",12,-12,2523
"2524","Mandenka","PattersonGenetics2012","mand1436","592999",12,-12,2524
"2525","Mandenka","PattersonGenetics2012","mand1436","594889",12,-12,2525
"2526","Mandenka","PattersonGenetics2012","mand1436","594106",12,-12,2526
"2527","Mandenka","PattersonGenetics2012","mand1436","594619",12,-12,2527
"2528","Mandenka","PattersonGenetics2012","mand1436","595547",12,-12,2528
"2529","Mandenka","PattersonGenetics2012","mand1436","595255",12,-12,2529
"2530","Mandenka","PattersonGenetics2012","mand1436","595374",12,-12,2530
"2531","Mandenka","PattersonGenetics2012","mand1436","596310",12,-12,2531
"2532","Mandenka","PattersonGenetics2012","mand1436","596121",12,-12,2532
"2533","Mandenka","PattersonGenetics2012","mand1436","596029",12,-12,2533
"2534","Mandenka","PattersonGenetics2012","mand1436","596442",12,-12,2534
"2535","Mangseng","SkoglundNature2016","mang1403","590657",-5.933,150.7,2535
"2536","Mangseng","SkoglundNature2016","mang1403","590695",-5.933,150.7,2536
"2537","Mangseng","SkoglundNature2016","mang1403","590695",-5.933,150.7,2537
"2538","Mangseng","SkoglundNature2016","mang1403","582554",-5.933,150.7,2538
"2539","Mangseng","SkoglundNature2016","mang1403","590616",-5.933,150.7,2539
"2540","Mansi","LazaridisNature2014","sout3253","596352",60.2,66.47,2540
"2541","Mansi","LazaridisNature2014","sout3253","595488",60.2,66.47,2541
"2542","Mansi","LazaridisNature2014","sout3253","597275",60.2,66.47,2542
"2543","Mansi","LazaridisNature2014","sout3253","596607",60.2,66.47,2543
"2544","Mansi","LazaridisNature2014","sout3253","597069",60.2,66.47,2544
"2545","Mansi","LazaridisNature2014","sout3253","597196",60.2,66.47,2545
"2546","Mansi","LazaridisNature2014","sout3253","596500",60.2,66.47,2546
"2547","Mansi","LazaridisNature2014","sout3253","596824",60.2,66.47,2547
"2548","Mansi","LazaridisNature2014","sout3253","588414",60.2,66.47,2548
"2549","Manus","SkoglundNature2016","manu1262","590657",-2.083,147,2549
"2550","Manus","SkoglundNature2016","manu1262","590697",-2.083,147,2550
"2551","Masai1","LazaridisNature2014","masa1300","595483",-1.1,35.9,2551
"2552","Masai1","LazaridisNature2014","masa1300","595213",-1.1,35.9,2552
"2553","Masai_Kinyawa_MKK","LazaridisNature2014","masa1300","594662",-1.5,35.2,2553
"2554","Masai_Kinyawa_MKK","LazaridisNature2014","masa1300","595173",-1.5,35.2,2554
"2555","Masai_Kinyawa_MKK","LazaridisNature2014","masa1300","596134",-1.5,35.2,2555
"2556","Masai_Kinyawa_MKK","LazaridisNature2014","masa1300","595527",-1.5,35.2,2556
"2557","Masai_Kinyawa_MKK","LazaridisNature2014","masa1300","596348",-1.5,35.2,2557
"2558","Masai_Kinyawa_MKK","LazaridisNature2014","masa1300","595736",-1.5,35.2,2558
"2559","Masai_Kinyawa_MKK","LazaridisNature2014","masa1300","595779",-1.5,35.2,2559
"2560","Masai_Kinyawa_MKK","LazaridisNature2014","masa1300","595523",-1.5,35.2,2560
"2561","Masai_Kinyawa_MKK","LazaridisNature2014","masa1300","592993",-1.5,35.2,2561
"2562","Masai_Kinyawa_MKK","LazaridisNature2014","masa1300","596355",-1.5,35.2,2562
"2563","Maya","PattersonGenetics2012","yuca1254","595502",19,-91,2563
"2564","Maya","PattersonGenetics2012","yuca1254","595801",19,-91,2564
"2565","Maya","PattersonGenetics2012","yuca1254","596667",19,-91,2565
"2566","Maya","PattersonGenetics2012","yuca1254","595895",19,-91,2566
"2567","Maya","PattersonGenetics2012","yuca1254","595771",19,-91,2567
"2568","Maya","PattersonGenetics2012","yuca1254","595838",19,-91,2568
"2569","Maya","PattersonGenetics2012","yuca1254","595133",19,-91,2569
"2570","Maya","PattersonGenetics2012","yuca1254","596370",19,-91,2570
"2571","Maya","PattersonGenetics2012","yuca1254","596193",19,-91,2571
"2572","Maya","PattersonGenetics2012","yuca1254","591787",19,-91,2572
"2573","Maya","PattersonGenetics2012","yuca1254","594884",19,-91,2573
"2574","Maya","PattersonGenetics2012","yuca1254","596289",19,-91,2574
"2575","Maya","PattersonGenetics2012","yuca1254","593661",19,-91,2575
"2576","Maya","PattersonGenetics2012","yuca1254","596135",19,-91,2576
"2577","Maya","PattersonGenetics2012","yuca1254","596509",19,-91,2577
"2578","Maya","PattersonGenetics2012","yuca1254","596280",19,-91,2578
"2579","Maya","PattersonGenetics2012","yuca1254","595178",19,-91,2579
"2580","Maya","PattersonGenetics2012","yuca1254","596219",19,-91,2580
"2581","Maya","PattersonGenetics2012","yuca1254","595375",19,-91,2581
"2582","Maya","PattersonGenetics2012","yuca1254","596532",19,-91,2582
"2583","Maya","PattersonGenetics2012","yuca1254","597083",19,-91,2583
"2584","Mbukushu","PickrellNatureCommunications2012","mbuk1240","596262",-16.85712,22.795715,2584
"2585","Mbukushu","PickrellNatureCommunications2012","mbuk1240","595694",-16.85712,22.795715,2585
"2586","Mbukushu","PickrellNatureCommunications2012","mbuk1240","596324",-16.85712,22.795715,2586
"2587","Mbukushu","PickrellNatureCommunications2012","mbuk1240","592372",-16.85712,22.795715,2587
"2588","Mbukushu","PickrellNatureCommunications2012","mbuk1240","596982",-16.85712,22.795715,2588
"2589","MbutiPygmy","PattersonGenetics2012","lese1243","593057",1,29,2589
"2590","MbutiPygmy","PattersonGenetics2012","lese1243","592306",1,29,2590
"2591","MbutiPygmy","PattersonGenetics2012","lese1243","593825",1,29,2591
"2592","MbutiPygmy","PattersonGenetics2012","lese1243","593651",1,29,2592
"2593","MbutiPygmy","PattersonGenetics2012","lese1243","593735",1,29,2593
"2594","MbutiPygmy","PattersonGenetics2012","lese1243","593810",1,29,2594
"2595","MbutiPygmy","PattersonGenetics2012","lese1243","593079",1,29,2595
"2596","MbutiPygmy","PattersonGenetics2012","lese1243","594188",1,29,2596
"2597","MbutiPygmy","PattersonGenetics2012","lese1243","593942",1,29,2597
"2598","MbutiPygmy","PattersonGenetics2012","lese1243","593854",1,29,2598
"2599","MbutiPygmy","PattersonGenetics2012","lese1243","593085",1,29,2599
"2600","Melamela","SkoglundNature2016","mera1242","590698",-5,151.25,2600
"2601","Melamela","SkoglundNature2016","mera1242","585255",-5,151.25,2601
"2602","Melamela","SkoglundNature2016","mera1242","590659",-5,151.25,2602
"2603","Melamela","SkoglundNature2016","mera1242","590578",-5,151.25,2603
"2604","Melamela","SkoglundNature2016","mera1242","590658",-5,151.25,2604
"2605","Melamela","SkoglundNature2016","mera1242","589435",-5,151.25,2605
"2606","Melamela","SkoglundNature2016","mera1242","590641",-5,151.25,2606
"2607","Melamela","SkoglundNature2016","mera1242","590687",-5,151.25,2607
"2608","Melamela","SkoglundNature2016","mera1242","590531",-5,151.25,2608
"2609","Melamela","SkoglundNature2016","mera1242","590595",-5,151.25,2609
"2610","Mende","LazaridisNature2014","mend1266","594756",8.5,-13.2,2610
"2611","Mende","LazaridisNature2014","mend1266","596050",8.5,-13.2,2611
"2612","Mende","LazaridisNature2014","mend1266","596026",8.5,-13.2,2612
"2613","Mende","LazaridisNature2014","mend1266","595709",8.5,-13.2,2613
"2614","Mende","LazaridisNature2014","mend1266","593854",8.5,-13.2,2614
"2615","Mende","LazaridisNature2014","mend1266","595285",8.5,-13.2,2615
"2616","Mende","LazaridisNature2014","mend1266","595761",8.5,-13.2,2616
"2617","Mende","LazaridisNature2014","mend1266","595181",8.5,-13.2,2617
"2618","Mengen","SkoglundNature2016","meng1267","590697",-5.1,151.4,2618
"2619","Mengen","SkoglundNature2016","meng1267","590710",-5.1,151.4,2619
"2620","Mengen","SkoglundNature2016","meng1267","590630",-5.1,151.4,2620
"2621","Mengen","SkoglundNature2016","meng1267","590577",-5.1,151.4,2621
"2622","Mengen","SkoglundNature2016","meng1267","589378",-5.1,151.4,2622
"2623","Mengen","SkoglundNature2016","meng1267","590749",-5.1,151.4,2623
"2624","Mengen","SkoglundNature2016","meng1267","585669",-5.1,151.4,2624
"2625","Mengen","SkoglundNature2016","meng1267","588812",-5.1,151.4,2625
"2626","Mengen","SkoglundNature2016","meng1267","590528",-5.1,151.4,2626
"2627","Mengen","SkoglundNature2016","meng1267","590617",-5.1,151.4,2627
"2628","Miao","PattersonGenetics2012","hmon1333","596401",28,109,2628
"2629","Miao","PattersonGenetics2012","hmon1333","596254",28,109,2629
"2630","Miao","PattersonGenetics2012","hmon1333","596400",28,109,2630
"2631","Miao","PattersonGenetics2012","hmon1333","596657",28,109,2631
"2632","Miao","PattersonGenetics2012","hmon1333","596593",28,109,2632
"2633","Miao","PattersonGenetics2012","hmon1333","596887",28,109,2633
"2634","Miao","PattersonGenetics2012","hmon1333","596546",28,109,2634
"2635","Miao","PattersonGenetics2012","hmon1333","595783",28,109,2635
"2636","Miao","PattersonGenetics2012","hmon1333","595672",28,109,2636
"2637","Miao","PattersonGenetics2012","hmon1333","594539",28,109,2637
"2638","Mixe","LazaridisNature2014","mixe1286","595266",16.95,-96.58333333,2638
"2639","Mixe","LazaridisNature2014","mixe1286","594983",16.95,-96.58333333,2639
"2640","Mixe","LazaridisNature2014","mixe1286","596592",16.95,-96.58333333,2640
"2641","Mixe","LazaridisNature2014","mixe1286","596525",16.95,-96.58333333,2641
"2642","Mixe","LazaridisNature2014","mixe1286","594762",16.95,-96.58333333,2642
"2643","Mixe","LazaridisNature2014","mixe1286","595892",16.95,-96.58333333,2643
"2644","Mixe","LazaridisNature2014","mixe1286","595334",16.95,-96.58333333,2644
"2645","Mixe","LazaridisNature2014","mixe1286","595755",16.95,-96.58333333,2645
"2646","Mixe","LazaridisNature2014","mixe1286","596038",16.95,-96.58333333,2646
"2647","Mixe","LazaridisNature2014","mixe1286","596344",16.95,-96.58333333,2647
"2648","Mixtec","LazaridisNature2014","mixt1427","596804",15.95,-97.36666667,2648
"2649","Mixtec","LazaridisNature2014","mixt1427","595932",15.95,-97.36666667,2649
"2650","Mixtec","LazaridisNature2014","mixt1427","596564",15.95,-97.36666667,2650
"2651","Mixtec","LazaridisNature2014","mixt1427","596697",15.95,-97.36666667,2651
"2652","Mixtec","LazaridisNature2014","mixt1427","596826",15.95,-97.36666667,2652
"2653","Mixtec","LazaridisNature2014","mixt1427","595373",15.95,-97.36666667,2653
"2654","Mixtec","LazaridisNature2014","mixt1427","596170",15.95,-97.36666667,2654
"2655","Mixtec","LazaridisNature2014","mixt1427","596729",15.95,-97.36666667,2655
"2656","Mixtec","LazaridisNature2014","mixt1427","596273",15.95,-97.36666667,2656
"2657","Mixtec","LazaridisNature2014","mixt1427","596062",15.95,-97.36666667,2657
"2658","Mixtec","LazaridisNature2014","mixt1427","587272",15.95,-97.36666667,2658
"2659","Mixtec","LazaridisNature2014","mixt1427","587598",15.95,-97.36666667,2659
"2660","Moldavian","Jeong_2019","mold1248","583767",46.38,29.87,2660
"2661","Moldavian","Jeong_2019","mold1248","588331",46.38,29.87,2661
"2662","Moldavian","Jeong_2019","mold1248","585112",46.38,29.87,2662
"2663","Moldavian","Jeong_2019","mold1248","588527",46.38,29.87,2663
"2664","Moldavian","Jeong_2019","mold1248","588890",46.38,29.87,2664
"2665","Moldavian","Jeong_2019","mold1248","588000",46.38,29.87,2665
"2666","Moldavian","Jeong_2019","mold1248","588562",46.38,29.87,2666
"2667","Moldavian","Jeong_2019","mold1248","588533",46.38,29.87,2667
"2668","Moldavian","Jeong_2019","mold1248","587642",46.38,29.87,2668
"2669","Moldavian","Jeong_2019","mold1248","583702",46.38,29.87,2669
"2670","Mongola","PattersonGenetics2012","mong1331","595562",45,111,2670
"2671","Mongola","PattersonGenetics2012","mong1331","596067",45,111,2671
"2672","Mongola","PattersonGenetics2012","mong1331","597075",45,111,2672
"2673","Mongola","PattersonGenetics2012","mong1331","596387",45,111,2673
"2674","Mongola","PattersonGenetics2012","mong1331","597147",45,111,2674
"2675","Mongola","PattersonGenetics2012","mong1331","594278",45,111,2675
"2676","Mongola","PattersonGenetics2012","mong1331","595192",45,111,2676
"2677","Mongola","PattersonGenetics2012","mong1331","596343",45,111,2677
"2678","Mongola","PattersonGenetics2012","mong1331","594966",45,111,2678
"2679","Mongola","PattersonGenetics2012","mong1331","595196",45,111,2679
"2680","Mongol_Khalkh_Sainnoyon","Jeong_2019","mong1331","588837",47,101,2680
"2681","Mongol_Khalkh_Sainnoyon","Jeong_2019","mong1331","588688",47,101,2681
"2682","Mongol_Khalkh_Sainnoyon","Jeong_2019","mong1331","586111",47,101,2682
"2683","Mongol_Khalkh_Sainnoyon","Jeong_2019","mong1331","588455",47,101,2683
"2684","Mongol_Khalkh_Sainnoyon","Jeong_2019","mong1331","588201",47,101,2684
"2685","Mongol_Khalkh_Sainnoyon","Jeong_2019","mong1331","584119",47,101,2685
"2686","Mongol_Khalkh_Sainnoyon","Jeong_2019","mong1331","586229",47,101,2686
"2687","Mongol_Khalkh_Sainnoyon","Jeong_2019","mong1331","586685",47,101,2687
"2688","Mongol_Khalkh_Zasagt","Jeong_2019","mong1331","585744",48,96,2688
"2689","Mongol_Khalkh_Zasagt","Jeong_2019","mong1331","589044",48,96,2689
"2690","Mongol_Khalkh_Zasagt","Jeong_2019","mong1331","585999",48,96,2690
"2691","Mongol_Khalkh_Zasagt","Jeong_2019","mong1331","588146",48,96,2691
"2692","Mongol_Khalkh_Zasagt","Jeong_2019","mong1331","584604",48,96,2692
"2693","Mongol_Khalkh_Zasagt","Jeong_2019","mong1331","583701",48,96,2693
"2694","Mongol_Khalkh_Zasagt","Jeong_2019","mong1331","583554",48,96,2694
"2695","Mongol_Minorities","Jeong_2019","mong1331","587835",NA,NA,2695
"2696","Mongol_Minorities","Jeong_2019","mong1331","584653",NA,NA,2696
"2697","Mongol_Minorities","Jeong_2019","mong1331","582334",NA,NA,2697
"2698","Mongol_Minorities","Jeong_2019","mong1331","584185",NA,NA,2698
"2699","Mongol_Minorities","Jeong_2019","mong1331","586831",NA,NA,2699
"2700","Mongol_Minorities","Jeong_2019","mong1331","583740",NA,NA,2700
"2701","Mongol_Minorities","Jeong_2019","mong1331","573723",NA,NA,2701
"2702","Mongol_Minorities","Jeong_2019","mong1331","584625",NA,NA,2702
"2703","Mongol_Minorities","Jeong_2019","mong1331","586065",NA,NA,2703
"2704","Mongol_Uuld","Jeong_2019","mong1331","584658",48.95,91.16,2704
"2705","Mongol_Uuld","Jeong_2019","mong1331","583700",48.95,91.16,2705
"2706","Mongol_Uuld","Jeong_2019","mong1331","588718",48.95,91.16,2706
"2707","Mongol_Uuld","Jeong_2019","mong1331","585572",48.95,91.16,2707
"2708","Mongol_Uuld","Jeong_2019","mong1331","584241",48.95,91.16,2708
"2709","Mongol_Uuld","Jeong_2019","mong1331","587623",48.95,91.16,2709
"2710","Mongol_Uuld","Jeong_2019","mong1331","586708",48.95,91.16,2710
"2711","Mongol_Uuld","Jeong_2019","mong1331","586671",48.95,91.16,2711
"2712","Mongol_Uuld","Jeong_2019","mong1331","588639",48.95,91.16,2712
"2713","Mongol_Uuld","Jeong_2019","mong1331","587309",48.95,91.16,2713
"2714","Mordovian","LazaridisNature2014","erzy1239","596594",54.183333,45.183333,2714
"2715","Mordovian","LazaridisNature2014","erzy1239","596773",54.183333,45.183333,2715
"2716","Mordovian","LazaridisNature2014","erzy1239","596086",54.183333,45.183333,2716
"2717","Mordovian","LazaridisNature2014","erzy1239","596697",54.183333,45.183333,2717
"2718","Mordovian","LazaridisNature2014","erzy1239","597044",54.183333,45.183333,2718
"2719","Mordovian","LazaridisNature2014","erzy1239","596291",54.183333,45.183333,2719
"2720","Mordovian","LazaridisNature2014","erzy1239","595952",54.183333,45.183333,2720
"2721","Mordovian","LazaridisNature2014","erzy1239","594966",54.183333,45.183333,2721
"2722","Mordovian","LazaridisNature2014","erzy1239","596190",54.183333,45.183333,2722
"2723","Mordovian","LazaridisNature2014","erzy1239","597085",54.183333,45.183333,2723
"2724","Mordovian_Erzya","Jeong_2019","erzy1239","588983",55.08,44.16,2724
"2725","Mordovian_Erzya","Jeong_2019","erzy1239","589009",55.08,44.16,2725
"2726","Mordovian_Erzya","Jeong_2019","erzy1239","589495",55.08,44.16,2726
"2727","Mordovian_Erzya","Jeong_2019","erzy1239","589505",55.08,44.16,2727
"2728","Mordovian_Erzya","Jeong_2019","erzy1239","589523",55.08,44.16,2728
"2729","Mordovian_Erzya","Jeong_2019","erzy1239","588973",55.08,44.16,2729
"2730","Mordovian_Erzya","Jeong_2019","erzy1239","589107",55.08,44.16,2730
"2731","Mordovian_Erzya","Jeong_2019","erzy1239","589431",55.08,44.16,2731
"2732","Mordovian_Erzya","Jeong_2019","erzy1239","589130",55.08,44.16,2732
"2733","Mordovian_Erzya","Jeong_2019","erzy1239","589303",55.08,44.16,2733
"2734","Mordovian_Erzya","Jeong_2019","erzy1239","589125",55.08,44.16,2734
"2735","Mordovian_Erzya","Jeong_2019","erzy1239","589510",55.08,44.16,2735
"2736","Mordovian_Moksha","Jeong_2019","moks1248","589312",54.08,43.13,2736
"2737","Mordovian_Moksha","Jeong_2019","moks1248","589175",54.08,43.13,2737
"2738","Mordovian_Moksha","Jeong_2019","moks1248","589422",54.08,43.13,2738
"2739","Mordovian_Moksha","Jeong_2019","moks1248","589533",54.08,43.13,2739
"2740","Mordovian_Moksha","Jeong_2019","moks1248","583529",54.08,43.13,2740
"2741","Mordovian_Moksha","Jeong_2019","moks1248","589243",54.08,43.13,2741
"2742","Mordovian_Moksha","Jeong_2019","moks1248","589504",54.08,43.13,2742
"2743","Mordovian_Moksha","Jeong_2019","moks1248","589394",54.08,43.13,2743
"2744","Mordovian_Moksha","Jeong_2019","moks1248","589516",54.08,43.13,2744
"2745","Mordovian_Moksha","Jeong_2019","moks1248","589536",54.08,43.13,2745
"2746","Moroccan","LazaridisNature2016","moro1292","590450",33.53,-7.58,2746
"2747","Moroccan","LazaridisNature2016","moro1292","590206",33.53,-7.58,2747
"2748","Moroccan","LazaridisNature2016","moro1292","587935",33.53,-7.58,2748
"2749","Moroccan","LazaridisNature2016","moro1292","589925",33.53,-7.58,2749
"2750","Moroccan","LazaridisNature2016","moro1292","590020",33.53,-7.58,2750
"2751","Moroccan","LazaridisNature2016","moro1292","587608",33.53,-7.58,2751
"2752","Moroccan","LazaridisNature2016","moro1292","582613",33.53,-7.58,2752
"2753","Moroccan","LazaridisNature2016","moro1292","589725",33.53,-7.58,2753
"2754","Moroccan","LazaridisNature2016","moro1292","589818",33.53,-7.58,2754
"2755","Moroccan","LazaridisNature2016","moro1292","590198",33.53,-7.58,2755
"2756","Mozabite","PattersonGenetics2012","tumz1238","595301",32,3,2756
"2757","Mozabite","PattersonGenetics2012","tumz1238","592642",32,3,2757
"2758","Mozabite","PattersonGenetics2012","tumz1238","594408",32,3,2758
"2759","Mozabite","PattersonGenetics2012","tumz1238","596851",32,3,2759
"2760","Mozabite","PattersonGenetics2012","tumz1238","597167",32,3,2760
"2761","Mozabite","PattersonGenetics2012","tumz1238","597002",32,3,2761
"2762","Mozabite","PattersonGenetics2012","tumz1238","596518",32,3,2762
"2763","Mozabite","PattersonGenetics2012","tumz1238","596068",32,3,2763
"2764","Mozabite","PattersonGenetics2012","tumz1238","596342",32,3,2764
"2765","Mozabite","PattersonGenetics2012","tumz1238","596802",32,3,2765
"2766","Mozabite","PattersonGenetics2012","tumz1238","596867",32,3,2766
"2767","Mozabite","PattersonGenetics2012","tumz1238","597007",32,3,2767
"2768","Mozabite","PattersonGenetics2012","tumz1238","596334",32,3,2768
"2769","Mozabite","PattersonGenetics2012","tumz1238","596613",32,3,2769
"2770","Mozabite","PattersonGenetics2012","tumz1238","596820",32,3,2770
"2771","Mozabite","PattersonGenetics2012","tumz1238","596654",32,3,2771
"2772","Mozabite","PattersonGenetics2012","tumz1238","595854",32,3,2772
"2773","Mozabite","PattersonGenetics2012","tumz1238","595527",32,3,2773
"2774","Mozabite","PattersonGenetics2012","tumz1238","595516",32,3,2774
"2775","Mozabite","PattersonGenetics2012","tumz1238","596495",32,3,2775
"2776","Mozabite","PattersonGenetics2012","tumz1238","596067",32,3,2776
"2777","Mozabite","PattersonGenetics2012","tumz1238","596794",32,3,2777
"2778","Mozabite","PattersonGenetics2012","tumz1238","596705",32,3,2778
"2779","Mozabite","PattersonGenetics2012","tumz1238","595721",32,3,2779
"2780","Mozabite","PattersonGenetics2012","tumz1238","596910",32,3,2780
"2781","Murut","SkoglundNature2016","muru1275","590274",4.62,115.14,2781
"2782","Murut","SkoglundNature2016","muru1275","590476",4.62,115.14,2782
"2783","Murut","SkoglundNature2016","muru1275","589614",4.62,115.14,2783
"2784","Murut","SkoglundNature2016","muru1275","590619",4.62,115.14,2784
"2785","Murut","SkoglundNature2016","muru1275","590631",4.62,115.14,2785
"2786","Murut","SkoglundNature2016","muru1275","590098",4.62,115.14,2786
"2787","Murut","SkoglundNature2016","muru1275","590351",4.62,115.14,2787
"2788","Murut","SkoglundNature2016","muru1275","590521",4.62,115.14,2788
"2789","Murut","SkoglundNature2016","muru1275","590498",4.62,115.14,2789
"2790","Murut","SkoglundNature2016","muru1275","590489",4.62,115.14,2790
"2791","Mussau","SkoglundNature2016","muss1246","590186",-1.583,149.733,2791
"2792","Mussau","SkoglundNature2016","muss1246","590715",-1.583,149.733,2792
"2793","Mussau","SkoglundNature2016","muss1246","590678",-1.583,149.733,2793
"2794","Mussau","SkoglundNature2016","muss1246","590695",-1.583,149.733,2794
"2795","Mussau","SkoglundNature2016","muss1246","590695",-1.583,149.733,2795
"2796","Mussau","SkoglundNature2016","muss1246","590628",-1.583,149.733,2796
"2797","Mussau","SkoglundNature2016","muss1246","590630",-1.583,149.733,2797
"2798","Mussau","SkoglundNature2016","muss1246","590712",-1.583,149.733,2798
"2799","Mussau","SkoglundNature2016","muss1246","588667",-1.583,149.733,2799
"2800","Mussau","SkoglundNature2016","muss1246","588985",-1.583,149.733,2800
"2801","Nailik","SkoglundNature2016","ND","588839",-2.983,151.52,2801
"2802","Nailik","SkoglundNature2016","ND","585386",-2.983,151.52,2802
"2803","Nailik","SkoglundNature2016","ND","590720",-2.983,151.52,2803
"2804","Nailik","SkoglundNature2016","ND","590533",-2.983,151.52,2804
"2805","Nailik","SkoglundNature2016","ND","590383",-2.983,151.52,2805
"2806","Nailik","SkoglundNature2016","ND","589035",-2.983,151.52,2806
"2807","Nailik","SkoglundNature2016","ND","590641",-2.983,151.52,2807
"2808","Nailik","SkoglundNature2016","ND","590695",-2.983,151.52,2808
"2809","Nailik","SkoglundNature2016","ND","589336",-2.983,151.52,2809
"2810","Nakanai_Bileki","SkoglundNature2016","bile1245","590530",-5.75,150.8,2810
"2811","Nakanai_Bileki","SkoglundNature2016","bile1245","589631",-5.75,150.8,2811
"2812","Nakanai_Bileki","SkoglundNature2016","bile1245","590635",-5.75,150.8,2812
"2813","Nakanai_Bileki","SkoglundNature2016","bile1245","589822",-5.75,150.8,2813
"2814","Nakanai_Bileki","SkoglundNature2016","bile1245","589409",-5.75,150.8,2814
"2815","Nakanai_Bileki","SkoglundNature2016","bile1245","590518",-5.75,150.8,2815
"2816","Nakanai_Bileki","SkoglundNature2016","bile1245","581091",-5.75,150.8,2816
"2817","Nakanai_Bileki","SkoglundNature2016","bile1245","590400",-5.75,150.8,2817
"2818","Nakanai_Bileki","SkoglundNature2016","bile1245","590603",-5.75,150.8,2818
"2819","Nakanai_Loso","SkoglundNature2016","losa1236","590520",-5.483,150.8,2819
"2820","Nakanai_Loso","SkoglundNature2016","losa1236","590345",-5.483,150.8,2820
"2821","Nakanai_Loso","SkoglundNature2016","losa1236","590589",-5.483,150.8,2821
"2822","Nakanai_Loso","SkoglundNature2016","losa1236","590375",-5.483,150.8,2822
"2823","Nakanai_Loso","SkoglundNature2016","losa1236","590686",-5.483,150.8,2823
"2824","Nakanai_Loso","SkoglundNature2016","losa1236","590653",-5.483,150.8,2824
"2825","Nakanai_Loso","SkoglundNature2016","losa1236","590638",-5.483,150.8,2825
"2826","Nama","PickrellNatureCommunications2012","nama1264","596031",-24.26609349,17.26088893,2826
"2827","Nama","PickrellNatureCommunications2012","nama1264","594726",-24.26609349,17.26088893,2827
"2828","Nama","PickrellNatureCommunications2012","nama1264","595682",-24.26609349,17.26088893,2828
"2829","Nama","PickrellNatureCommunications2012","nama1264","595750",-24.26609349,17.26088893,2829
"2830","Nama","PickrellNatureCommunications2012","nama1264","596350",-24.26609349,17.26088893,2830
"2831","Nama","PickrellNatureCommunications2012","nama1264","596805",-24.26609349,17.26088893,2831
"2832","Nama","PickrellNatureCommunications2012","nama1264","594653",-24.26609349,17.26088893,2832
"2833","Nama","PickrellNatureCommunications2012","nama1264","592846",-24.26609349,17.26088893,2833
"2834","Nama","PickrellNatureCommunications2012","nama1264","594838",-24.26609349,17.26088893,2834
"2835","Nama","PickrellNatureCommunications2012","nama1264","592594",-24.26609349,17.26088893,2835
"2836","Nama","PickrellNatureCommunications2012","nama1264","595611",-24.26609349,17.26088893,2836
"2837","Nama","PickrellNatureCommunications2012","nama1264","595589",-24.26609349,17.26088893,2837
"2838","Nama","PickrellNatureCommunications2012","nama1264","594137",-24.26609349,17.26088893,2838
"2839","Nama","PickrellNatureCommunications2012","nama1264","588814",-24.26609349,17.26088893,2839
"2840","Nama","PickrellNatureCommunications2012","nama1264","594583",-24.26609349,17.26088893,2840
"2841","Nama","PickrellNatureCommunications2012","nama1264","592101",-24.26609349,17.26088893,2841
"2842","Nama","PickrellNatureCommunications2012","nama1264","594404",-24.26609349,17.26088893,2842
"2843","Nama","PickrellNatureCommunications2012","nama1264","596288",-24.26609349,17.26088893,2843
"2844","Nanai","Jeong_2019","nana1257","589062",49.44,136.51,2844
"2845","Nanai","Jeong_2019","nana1257","588986",49.44,136.51,2845
"2846","Nanai","Jeong_2019","nana1257","588883",49.44,136.51,2846
"2847","Nanai","Jeong_2019","nana1257","588711",49.44,136.51,2847
"2848","Nanai","Jeong_2019","nana1257","588749",49.44,136.51,2848
"2849","Nanai","Jeong_2019","nana1257","589087",49.44,136.51,2849
"2850","Nanai","Jeong_2019","nana1257","588633",49.44,136.51,2850
"2851","Nanai","Jeong_2019","nana1257","588118",49.44,136.51,2851
"2852","Nanai","Jeong_2019","nana1257","588110",49.44,136.51,2852
"2853","Nanai","Jeong_2019","nana1257","588999",49.44,136.51,2853
"2854","Narihuala","Barbieri_2018","ND","596103",-5.301265,-80.69552,2854
"2855","Narihuala","Barbieri_2018","ND","595629",-5.301265,-80.69552,2855
"2856","Narihuala","Barbieri_2018","ND","594428",-5.301265,-80.69552,2856
"2857","Narihuala","Barbieri_2018","ND","596300",-5.301265,-80.69552,2857
"2858","Narihuala","Barbieri_2018","ND","594913",-5.301265,-80.69552,2858
"2859","Naro","PickrellNatureCommunications2012","naro1249","590338",-22.03208172,21.58405408,2859
"2860","Naro","PickrellNatureCommunications2012","naro1249","596589",-22.03208172,21.58405408,2860
"2861","Naro","PickrellNatureCommunications2012","naro1249","594965",-22.03208172,21.58405408,2861
"2862","Naro","PickrellNatureCommunications2012","naro1249","596337",-22.03208172,21.58405408,2862
"2863","Naro","PickrellNatureCommunications2012","naro1249","596510",-22.03208172,21.58405408,2863
"2864","Naro","PickrellNatureCommunications2012","naro1249","595404",-22.03208172,21.58405408,2864
"2865","Naro","PickrellNatureCommunications2012","naro1249","596237",-22.03208172,21.58405408,2865
"2866","Naro","PickrellNatureCommunications2012","naro1249","596420",-22.03208172,21.58405408,2866
"2867","Naro","PickrellNatureCommunications2012","naro1249","588714",-22.03208172,21.58405408,2867
"2868","Nasioi","PattersonGenetics2012","nasi1247","597029",-6.48,155.83,2868
"2869","Nasioi","PattersonGenetics2012","nasi1247","596738",-6.48,155.83,2869
"2870","Nasioi","PattersonGenetics2012","nasi1247","596471",-6.48,155.83,2870
"2871","Nasioi","PattersonGenetics2012","nasi1247","595535",-6.48,155.83,2871
"2872","Nasioi","PattersonGenetics2012","nasi1247","596288",-6.48,155.83,2872
"2873","Nasioi","PattersonGenetics2012","nasi1247","596813",-6.48,155.83,2873
"2874","Nasioi","PattersonGenetics2012","nasi1247","596359",-6.48,155.83,2874
"2875","Nasioi","PattersonGenetics2012","nasi1247","596432",-6.48,155.83,2875
"2876","Nasioi","PattersonGenetics2012","nasi1247","597010",-6.48,155.83,2876
"2877","Nasioi","PattersonGenetics2012","nasi1247","596120",-6.48,155.83,2877
"2878","Naxi","PattersonGenetics2012","naxi1245","594157",26,100,2878
"2879","Naxi","PattersonGenetics2012","naxi1245","596520",26,100,2879
"2880","Naxi","PattersonGenetics2012","naxi1245","597214",26,100,2880
"2881","Naxi","PattersonGenetics2012","naxi1245","597142",26,100,2881
"2882","Naxi","PattersonGenetics2012","naxi1245","596579",26,100,2882
"2883","Naxi","PattersonGenetics2012","naxi1245","594227",26,100,2883
"2884","Naxi","PattersonGenetics2012","naxi1245","593312",26,100,2884
"2885","Naxi","PattersonGenetics2012","naxi1245","596329",26,100,2885
"2886","Negidal_Orochi","Jeong_2019","negi1245","589346",52.47,136.59,2886
"2887","Negidal_Orochi","Jeong_2019","negi1245","589475",52.47,136.59,2887
"2888","Negidal_Orochi","Jeong_2019","negi1245","588787",52.47,136.59,2888
"2889","Negidal_Orochi","Jeong_2019","negi1245","589504",52.47,136.59,2889
"2890","New_Guinea_Highlander","QinStonekingMBE2015","ND","596107",-6.15,143.66,2890
"2891","New_Guinea_Highlander","QinStonekingMBE2015","ND","594342",-6.15,143.66,2891
"2892","New_Guinea_Highlander","QinStonekingMBE2015","ND","596039",-6.15,143.66,2892
"2893","New_Guinea_Highlander","QinStonekingMBE2015","ND","592823",-6.15,143.66,2893
"2894","New_Guinea_Highlander","QinStonekingMBE2015","ND","595427",-6.15,143.66,2894
"2895","New_Guinea_Highlander","QinStonekingMBE2015","ND","590386",-6.15,143.66,2895
"2896","New_Guinea_Highlander","QinStonekingMBE2015","ND","596406",-6.15,143.66,2896
"2897","New_Guinea_Highlander","QinStonekingMBE2015","ND","596288",-6.15,143.66,2897
"2898","New_Guinea_Highlander","QinStonekingMBE2015","ND","595106",-6.15,143.66,2898
"2899","New_Guinea_Highlander","QinStonekingMBE2015","ND","596246",-6.15,143.66,2899
"2900","New_Guinea_Highlander","QinStonekingMBE2015","ND","596228",-6.15,143.66,2900
"2901","New_Guinea_Highlander","QinStonekingMBE2015","ND","592964",-6.15,143.66,2901
"2902","New_Guinea_Highlander","QinStonekingMBE2015","ND","587741",-6.15,143.66,2902
"2903","New_Guinea_Highlander","QinStonekingMBE2015","ND","591033",-6.15,143.66,2903
"2904","New_Guinea_Highlander","QinStonekingMBE2015","ND","588224",-6.15,143.66,2904
"2905","New_Guinea_Highlander","QinStonekingMBE2015","ND","596279",-6.15,143.66,2905
"2906","New_Guinea_Highlander","QinStonekingMBE2015","ND","589601",-6.15,143.66,2906
"2907","New_Guinea_Highlander","QinStonekingMBE2015","ND","596626",-6.15,143.66,2907
"2908","New_Guinea_Highlander","QinStonekingMBE2015","ND","594790",-6.15,143.66,2908
"2909","New_Guinea_Highlander","QinStonekingMBE2015","ND","596206",-6.15,143.66,2909
"2910","Nganasan","LazaridisNature2014","ngan1291","595902",71,95,2910
"2911","Nganasan","LazaridisNature2014","ngan1291","594129",71,95,2911
"2912","Nganasan","LazaridisNature2014","ngan1291","596028",71,95,2912
"2913","Nganasan","LazaridisNature2014","ngan1291","593650",71,95,2913
"2914","Nganasan","LazaridisNature2014","ngan1291","596729",71,95,2914
"2915","Nganasan","LazaridisNature2014","ngan1291","596507",71,95,2915
"2916","Nganasan","LazaridisNature2014","ngan1291","596338",71,95,2916
"2917","Nganasan","LazaridisNature2014","ngan1291","596047",71,95,2917
"2918","Nganasan","LazaridisNature2014","ngan1291","595496",71,95,2918
"2919","Nganasan","LazaridisNature2014","ngan1291","596700",71,95,2919
"2920","Nganasan","LazaridisNature2014","ngan1291","596500",71,95,2920
"2921","Nganasan","LazaridisNature2014","ngan1291","597174",71,95,2921
"2922","Nganasan_Dudinka","Flegontov_2019","ngan1291","587286",69.408004,86.178971,2922
"2923","Nganasan_Dudinka","Flegontov_2019","ngan1291","590497",69.408004,86.178971,2923
"2924","Nganasan_UstAvam","Flegontov_2019","ngan1291","590017",71.113181,92.822343,2924
"2925","Nganasan_UstAvam","Flegontov_2019","ngan1291","589883",71.113181,92.822343,2925
"2926","Nganasan_UstAvam","Flegontov_2019","ngan1291","590247",71.113181,92.822343,2926
"2927","Nganasan_UstAvam","Flegontov_2019","ngan1291","589807",71.113181,92.822343,2927
"2928","Nganasan_UstAvam","Flegontov_2019","ngan1291","581934",71.113181,92.822343,2928
"2929","Nganasan_UstAvam","Flegontov_2019","ngan1291","587174",71.113181,92.822343,2929
"2930","Nganasan_Volochanka","Flegontov_2019","ngan1291","586259",70.976289,94.535318,2930
"2931","Nganasan_Volochanka","Flegontov_2019","ngan1291","589041",70.976289,94.535318,2931
"2932","Nganasan_Volochanka","Flegontov_2019","ngan1291","589911",70.976289,94.535318,2932
"2933","Nganasan_Volochanka","Flegontov_2019","ngan1291","590091",70.976289,94.535318,2933
"2934","Nganasan_Volochanka","Flegontov_2019","ngan1291","589624",70.976289,94.535318,2934
"2935","Nganasan_Volochanka","Flegontov_2019","ngan1291","590280",70.976289,94.535318,2935
"2936","Nganasan_Volochanka","Flegontov_2019","ngan1291","587901",70.976289,94.535318,2936
"2937","Nganasan_Volochanka","Flegontov_2019","ngan1291","589997",70.976289,94.535318,2937
"2938","Nganasan_Volochanka","Flegontov_2019","ngan1291","590148",70.976289,94.535318,2938
"2939","Nganasan_Volochanka","Flegontov_2019","ngan1291","589112",70.976289,94.535318,2939
"2940","Nganasan_Volochanka","Flegontov_2019","ngan1291","586091",70.976289,94.535318,2940
"2941","Nggela","QinStonekingMBE2015","gela1263","596692",-9.101583,160.147069,2941
"2942","Nggela","QinStonekingMBE2015","gela1263","595652",-9.101583,160.147069,2942
"2943","Nggela","QinStonekingMBE2015","gela1263","596222",-9.101583,160.147069,2943
"2944","Nggela","QinStonekingMBE2015","gela1263","596259",-9.101583,160.147069,2944
"2945","Nggela","QinStonekingMBE2015","gela1263","593004",-9.101583,160.147069,2945
"2946","Nggela","QinStonekingMBE2015","gela1263","596483",-9.101583,160.147069,2946
"2947","Nivh","Jeong_2019","gily1242","589162",52.85,141.25,2947
"2948","Nivh","Jeong_2019","gily1242","588930",52.85,141.25,2948
"2949","Nivh","Jeong_2019","gily1242","588992",52.85,141.25,2949
"2950","Nivh","Jeong_2019","gily1242","588947",52.85,141.25,2950
"2951","Nivh","Jeong_2019","gily1242","588914",52.85,141.25,2951
"2952","Nivh","Jeong_2019","gily1242","589033",52.85,141.25,2952
"2953","Nivh","Jeong_2019","gily1242","588920",52.85,141.25,2953
"2954","Nivh","Jeong_2019","gily1242","589475",52.85,141.25,2954
"2955","Nogai","LazaridisNature2014","noga1249","591870",44.37252,41.93765,2955
"2956","Nogai","LazaridisNature2014","noga1249","596894",44.37252,41.93765,2956
"2957","Nogai","LazaridisNature2014","noga1249","596664",44.37252,41.93765,2957
"2958","Nogai","LazaridisNature2014","noga1249","596472",44.37252,41.93765,2958
"2959","Nogai","LazaridisNature2014","noga1249","595956",44.37252,41.93765,2959
"2960","Nogai","LazaridisNature2014","noga1249","596603",44.37252,41.93765,2960
"2961","Nogai","LazaridisNature2014","noga1249","595061",44.37252,41.93765,2961
"2962","Nogai","LazaridisNature2014","noga1249","595964",44.37252,41.93765,2962
"2963","Nogai","LazaridisNature2014","noga1249","595227",44.37252,41.93765,2963
"2964","Nogai_Astrakhan","Jeong_2019","noga1249","588322",46.2,48.01,2964
"2965","Nogai_Astrakhan","Jeong_2019","noga1249","588914",46.2,48.01,2965
"2966","Nogai_Astrakhan","Jeong_2019","noga1249","588133",46.2,48.01,2966
"2967","Nogai_Astrakhan","Jeong_2019","noga1249","589223",46.2,48.01,2967
"2968","Nogai_Astrakhan","Jeong_2019","noga1249","588739",46.2,48.01,2968
"2969","Nogai_Astrakhan","Jeong_2019","noga1249","587719",46.2,48.01,2969
"2970","Nogai_Stavropol","Jeong_2019","noga1249","588641",44.4,41.5,2970
"2971","Nogai_Stavropol","Jeong_2019","noga1249","589221",44.4,41.5,2971
"2972","Nogai_Stavropol","Jeong_2019","noga1249","588595",44.4,41.5,2972
"2973","Nogai_Stavropol","Jeong_2019","noga1249","588863",44.4,41.5,2973
"2974","Nogai_Stavropol","Jeong_2019","noga1249","589115",44.4,41.5,2974
"2975","Nogai_Stavropol","Jeong_2019","noga1249","588864",44.4,41.5,2975
"2976","Nogai_Stavropol","Jeong_2019","noga1249","588781",44.4,41.5,2976
"2977","Nogai_Stavropol","Jeong_2019","noga1249","589076",44.4,41.5,2977
"2978","Nogai_Stavropol","Jeong_2019","noga1249","586720",44.4,41.5,2978
"2979","Nogai_Stavropol","Jeong_2019","noga1249","588978",44.4,41.5,2979
"2980","Norwegian","LazaridisNature2014","norw1258","595335",60.359,5.358,2980
"2981","Norwegian","LazaridisNature2014","norw1258","595233",60.359,5.358,2981
"2982","Norwegian","LazaridisNature2014","norw1258","595937",60.359,5.358,2982
"2983","Norwegian","LazaridisNature2014","norw1258","595762",60.359,5.358,2983
"2984","Norwegian","LazaridisNature2014","norw1258","595970",60.359,5.358,2984
"2985","Norwegian","LazaridisNature2014","norw1258","596513",60.359,5.358,2985
"2986","Norwegian","LazaridisNature2014","norw1258","593654",60.359,5.358,2986
"2987","Norwegian","LazaridisNature2014","norw1258","593843",60.359,5.358,2987
"2988","Norwegian","LazaridisNature2014","norw1258","595709",60.359,5.358,2988
"2989","Norwegian","LazaridisNature2014","norw1258","595560",60.359,5.358,2989
"2990","Norwegian","LazaridisNature2014","norw1258","596259",60.359,5.358,2990
"2991","Notsi","SkoglundNature2016","nots1237","590605",-3.05,151.65,2991
"2992","Notsi","SkoglundNature2016","nots1237","590665",-3.05,151.65,2992
"2993","Notsi","SkoglundNature2016","nots1237","589296",-3.05,151.65,2993
"2994","Notsi","SkoglundNature2016","nots1237","589319",-3.05,151.65,2994
"2995","Notsi","SkoglundNature2016","nots1237","590629",-3.05,151.65,2995
"2996","Notsi","SkoglundNature2016","nots1237","590681",-3.05,151.65,2996
"2997","Notsi","SkoglundNature2016","nots1237","588768",-3.05,151.65,2997
"2998","Notsi","SkoglundNature2016","nots1237","589414",-3.05,151.65,2998
"2999","Notsi","SkoglundNature2016","nots1237","590646",-3.05,151.65,2999
"3000","Ojibwa","LazaridisNature2014","ojib1241","596566",46.5,-81,3000
"3001","Ojibwa","LazaridisNature2014","ojib1241","596487",46.5,-81,3001
"3002","Ojibwa","LazaridisNature2014","ojib1241","595804",46.5,-81,3002
"3003","Ojibwa","LazaridisNature2014","ojib1241","596676",46.5,-81,3003
"3004","Ojibwa","LazaridisNature2014","ojib1241","596782",46.5,-81,3004
"3005","Ojibwa","LazaridisNature2014","ojib1241","596477",46.5,-81,3005
"3006","Ojibwa","LazaridisNature2014","ojib1241","595208",46.5,-81,3006
"3007","Ojibwa","LazaridisNature2014","ojib1241","592870",46.5,-81,3007
"3008","Ojibwa","LazaridisNature2014","ojib1241","594972",46.5,-81,3008
"3009","Ojibwa","LazaridisNature2014","ojib1241","596458",46.5,-81,3009
"3010","Ojibwa","LazaridisNature2014","ojib1241","596375",46.5,-81,3010
"3011","Ojibwa","LazaridisNature2014","ojib1241","595824",46.5,-81,3011
"3012","Ojibwa","LazaridisNature2014","ojib1241","595617",46.5,-81,3012
"3013","Ojibwa","LazaridisNature2014","ojib1241","595314",46.5,-81,3013
"3014","Ojibwa","LazaridisNature2014","ojib1241","596022",46.5,-81,3014
"3015","Ojibwa","LazaridisNature2014","ojib1241","594233",46.5,-81,3015
"3016","Olmos","Barbieri_2018","ND","595963",-5.988639,-79.748917,3016
"3017","Olmos","Barbieri_2018","ND","595047",-5.988639,-79.748917,3017
"3018","Olmos","Barbieri_2018","ND","596005",-5.988639,-79.748917,3018
"3019","Olmos","Barbieri_2018","ND","592753",-5.988639,-79.748917,3019
"3020","Onge","LazaridisNature2014","onge1236","590121",10.75,92.5,3020
"3021","Onge","LazaridisNature2014","onge1236","595679",10.75,92.5,3021
"3022","Onge","LazaridisNature2014","onge1236","594059",10.75,92.5,3022
"3023","Onge","LazaridisNature2014","onge1236","595439",10.75,92.5,3023
"3024","Onge","LazaridisNature2014","onge1236","595065",10.75,92.5,3024
"3025","Onge","LazaridisNature2014","onge1236","595962",10.75,92.5,3025
"3026","Onge","LazaridisNature2014","onge1236","589577",10.75,92.5,3026
"3027","Onge","LazaridisNature2014","onge1236","595628",10.75,92.5,3027
"3028","Onge","LazaridisNature2014","onge1236","595535",10.75,92.5,3028
"3029","Onge","LazaridisNature2014","onge1236","596007",10.75,92.5,3029
"3030","Ontong_Java","QinStonekingMBE2015","onto1237","596231",-5.3,159.4,3030
"3031","Ontong_Java","QinStonekingMBE2015","onto1237","595830",-5.3,159.4,3031
"3032","Ontong_Java","QinStonekingMBE2015","onto1237","595677",-5.3,159.4,3032
"3033","Ontong_Java","QinStonekingMBE2015","onto1237","596864",-5.3,159.4,3033
"3034","Ontong_Java","QinStonekingMBE2015","onto1237","596253",-5.3,159.4,3034
"3035","Ontong_Java","QinStonekingMBE2015","onto1237","595851",-5.3,159.4,3035
"3036","Ontong_Java","QinStonekingMBE2015","onto1237","596812",-5.3,159.4,3036
"3037","Ontong_Java","QinStonekingMBE2015","onto1237","596040",-5.3,159.4,3037
"3038","Orcadian","PattersonGenetics2012","scot1243","595447",59,-3,3038
"3039","Orcadian","PattersonGenetics2012","scot1243","593058",59,-3,3039
"3040","Orcadian","PattersonGenetics2012","scot1243","595692",59,-3,3040
"3041","Orcadian","PattersonGenetics2012","scot1243","596325",59,-3,3041
"3042","Orcadian","PattersonGenetics2012","scot1243","593384",59,-3,3042
"3043","Orcadian","PattersonGenetics2012","scot1243","595597",59,-3,3043
"3044","Orcadian","PattersonGenetics2012","scot1243","594655",59,-3,3044
"3045","Orcadian","PattersonGenetics2012","scot1243","594881",59,-3,3045
"3046","Orcadian","PattersonGenetics2012","scot1243","595883",59,-3,3046
"3047","Orcadian","PattersonGenetics2012","scot1243","596322",59,-3,3047
"3048","Orcadian","PattersonGenetics2012","scot1243","597076",59,-3,3048
"3049","Orcadian","PattersonGenetics2012","scot1243","596886",59,-3,3049
"3050","Orcadian","PattersonGenetics2012","scot1243","595755",59,-3,3050
"3051","Oromo","LazaridisNature2014","west2721","596160",9,36.5,3051
"3052","Oromo","LazaridisNature2014","west2721","595743",9,36.5,3052
"3053","Oromo","LazaridisNature2014","west2721","595903",9,36.5,3053
"3054","Oromo","LazaridisNature2014","west2721","596174",9,36.5,3054
"3055","Oromo","LazaridisNature2014","west2721","595908",9,36.5,3055
"3056","Oroqen","PattersonGenetics2012","oroq1238","596601",50.43389257,126.5,3056
"3057","Oroqen","PattersonGenetics2012","oroq1238","596341",50.43389257,126.5,3057
"3058","Oroqen","PattersonGenetics2012","oroq1238","593499",50.43389257,126.5,3058
"3059","Oroqen","PattersonGenetics2012","oroq1238","596613",50.43389257,126.5,3059
"3060","Oroqen","PattersonGenetics2012","oroq1238","593149",50.43389257,126.5,3060
"3061","Oroqen","PattersonGenetics2012","oroq1238","595401",50.43389257,126.5,3061
"3062","Oroqen","PattersonGenetics2012","oroq1238","596505",50.43389257,126.5,3062
"3063","Oroqen","PattersonGenetics2012","oroq1238","594854",50.43389257,126.5,3063
"3064","Oroqen","PattersonGenetics2012","oroq1238","595512",50.43389257,126.5,3064
"3065","Ossetian","LazaridisNature2014","osse1243","596931",43.016667,44.65,3065
"3066","Ossetian","LazaridisNature2014","osse1243","596185",43.016667,44.65,3066
"3067","Ossetian","LazaridisNature2014","osse1243","596541",43.016667,44.65,3067
"3068","Ossetian","LazaridisNature2014","osse1243","597021",43.016667,44.65,3068
"3069","Ossetian","LazaridisNature2014","osse1243","596463",43.016667,44.65,3069
"3070","Ossetian","LazaridisNature2014","osse1243","596830",43.016667,44.65,3070
"3071","Ossetian","LazaridisNature2014","osse1243","596522",43.016667,44.65,3071
"3072","Ossetian","LazaridisNature2014","osse1243","596603",43.016667,44.65,3072
"3073","Ossetian","LazaridisNature2014","osse1243","596453",43.016667,44.65,3073
"3074","Ossetian","LazaridisNature2014","osse1243","596617",43.016667,44.65,3074
"3075","Ossetian_Southern","Jeong_2019","iron1242","588803",43.12,43.55,3075
"3076","Ossetian_Southern","Jeong_2019","iron1242","589425",43.12,43.55,3076
"3077","Ossetian_Southern","Jeong_2019","iron1242","588985",43.12,43.55,3077
"3078","Ossetian_Southern","Jeong_2019","iron1242","588975",43.12,43.55,3078
"3079","Ossetian_Southern","Jeong_2019","iron1242","589391",43.12,43.55,3079
"3080","Ossetian_Southern","Jeong_2019","iron1242","584679",43.12,43.55,3080
"3081","Palestinian","PattersonGenetics2012","sout3123","595991",32,35,3081
"3082","Palestinian","PattersonGenetics2012","sout3123","593350",32,35,3082
"3083","Palestinian","PattersonGenetics2012","sout3123","595268",32,35,3083
"3084","Palestinian","PattersonGenetics2012","sout3123","595779",32,35,3084
"3085","Palestinian","PattersonGenetics2012","sout3123","593884",32,35,3085
"3086","Palestinian","PattersonGenetics2012","sout3123","596082",32,35,3086
"3087","Palestinian","PattersonGenetics2012","sout3123","596218",32,35,3087
"3088","Palestinian","PattersonGenetics2012","sout3123","595871",32,35,3088
"3089","Palestinian","PattersonGenetics2012","sout3123","596098",32,35,3089
"3090","Palestinian","PattersonGenetics2012","sout3123","595928",32,35,3090
"3091","Palestinian","PattersonGenetics2012","sout3123","596410",32,35,3091
"3092","Palestinian","PattersonGenetics2012","sout3123","596240",32,35,3092
"3093","Palestinian","PattersonGenetics2012","sout3123","595861",32,35,3093
"3094","Palestinian","PattersonGenetics2012","sout3123","596063",32,35,3094
"3095","Palestinian","PattersonGenetics2012","sout3123","596207",32,35,3095
"3096","Palestinian","PattersonGenetics2012","sout3123","595983",32,35,3096
"3097","Palestinian","PattersonGenetics2012","sout3123","596099",32,35,3097
"3098","Palestinian","PattersonGenetics2012","sout3123","595645",32,35,3098
"3099","Palestinian","PattersonGenetics2012","sout3123","596262",32,35,3099
"3100","Palestinian","PattersonGenetics2012","sout3123","596590",32,35,3100
"3101","Palestinian","PattersonGenetics2012","sout3123","594807",32,35,3101
"3102","Palestinian","PattersonGenetics2012","sout3123","596735",32,35,3102
"3103","Palestinian","PattersonGenetics2012","sout3123","596828",32,35,3103
"3104","Palestinian","PattersonGenetics2012","sout3123","596457",32,35,3104
"3105","Palestinian","PattersonGenetics2012","sout3123","596932",32,35,3105
"3106","Palestinian","PattersonGenetics2012","sout3123","596579",32,35,3106
"3107","Palestinian","PattersonGenetics2012","sout3123","597026",32,35,3107
"3108","Palestinian","PattersonGenetics2012","sout3123","596551",32,35,3108
"3109","Palestinian","PattersonGenetics2012","sout3123","597077",32,35,3109
"3110","Palestinian","PattersonGenetics2012","sout3123","596731",32,35,3110
"3111","Palestinian","PattersonGenetics2012","sout3123","596836",32,35,3111
"3112","Palestinian","PattersonGenetics2012","sout3123","596694",32,35,3112
"3113","Palestinian","PattersonGenetics2012","sout3123","596214",32,35,3113
"3114","Palestinian","PattersonGenetics2012","sout3123","596036",32,35,3114
"3115","Palestinian","PattersonGenetics2012","sout3123","596071",32,35,3115
"3116","Palestinian","PattersonGenetics2012","sout3123","596100",32,35,3116
"3117","Palestinian","PattersonGenetics2012","sout3123","596440",32,35,3117
"3118","Palestinian","PattersonGenetics2012","sout3123","596130",32,35,3118
"3119","Palestinian","PattersonGenetics2012","sout3123","596097",32,35,3119
"3120","Palestinian","PattersonGenetics2012","sout3123","595946",32,35,3120
"3121","Palestinian","PattersonGenetics2012","sout3123","596099",32,35,3121
"3122","Papuan","PattersonGenetics2012","ND","596055",-4,143,3122
"3123","Papuan","PattersonGenetics2012","ND","596506",-4,143,3123
"3124","Papuan","PattersonGenetics2012","ND","596949",-4,143,3124
"3125","Papuan","PattersonGenetics2012","ND","596102",-4,143,3125
"3126","Papuan","PattersonGenetics2012","ND","597089",-4,143,3126
"3127","Papuan","PattersonGenetics2012","ND","596791",-4,143,3127
"3128","Papuan","PattersonGenetics2012","ND","596738",-4,143,3128
"3129","Papuan","PattersonGenetics2012","ND","596869",-4,143,3129
"3130","Papuan","PattersonGenetics2012","ND","596674",-4,143,3130
"3131","Papuan","PattersonGenetics2012","ND","596315",-4,143,3131
"3132","Papuan","PattersonGenetics2012","ND","596350",-4,143,3132
"3133","Papuan","PattersonGenetics2012","ND","596298",-4,143,3133
"3134","Papuan","PattersonGenetics2012","ND","596956",-4,143,3134
"3135","Papuan","PattersonGenetics2012","ND","595918",-4,143,3135
"3136","Papuan","PattersonGenetics2012","ND","596235",-4,143,3136
"3137","Papuan","PattersonGenetics2012","ND","596212",-4,143,3137
"3138","Papuan_Central_Province","QinStonekingMBE2015","ND","595099",-9.48,147.2,3138
"3139","Papuan_Central_Province","QinStonekingMBE2015","ND","596752",-9.48,147.2,3139
"3140","Papuan_Central_Province","QinStonekingMBE2015","ND","595820",-9.48,147.2,3140
"3141","Papuan_Central_Province","QinStonekingMBE2015","ND","595514",-9.48,147.2,3141
"3142","Papuan_Central_Province","QinStonekingMBE2015","ND","595953",-9.48,147.2,3142
"3143","Papuan_Eastern_Highlands","QinStonekingMBE2015","ND","593674",-6.1,145.4,3143
"3144","Papuan_Eastern_Highlands","QinStonekingMBE2015","ND","593360",-6.1,145.4,3144
"3145","Papuan_Eastern_Highlands","QinStonekingMBE2015","ND","587462",-6.1,145.4,3145
"3146","Papuan_Eastern_Highlands","QinStonekingMBE2015","ND","595856",-6.1,145.4,3146
"3147","Papuan_Gulf_Province","QinStonekingMBE2015","ND","596152",-7.882427,145.693588,3147
"3148","Papuan_Gulf_Province","QinStonekingMBE2015","ND","596182",-7.882427,145.693588,3148
"3149","Papuan_Gulf_Province","QinStonekingMBE2015","ND","585931",-7.882427,145.693588,3149
"3150","Paran","Barbieri_2018","ND","595908",-11.05593,-77.37875,3150
"3151","Paran","Barbieri_2018","ND","596621",-11.05593,-77.37875,3151
"3152","Paran","Barbieri_2018","ND","596599",-11.05593,-77.37875,3152
"3153","Pathan","PattersonGenetics2012","pash1269","593542",33.48700562,70.5,3153
"3154","Pathan","PattersonGenetics2012","pash1269","595869",33.48700562,70.5,3154
"3155","Pathan","PattersonGenetics2012","pash1269","592793",33.48700562,70.5,3155
"3156","Pathan","PattersonGenetics2012","pash1269","595048",33.48700562,70.5,3156
"3157","Pathan","PattersonGenetics2012","pash1269","595638",33.48700562,70.5,3157
"3158","Pathan","PattersonGenetics2012","pash1269","594688",33.48700562,70.5,3158
"3159","Pathan","PattersonGenetics2012","pash1269","594523",33.48700562,70.5,3159
"3160","Pathan","PattersonGenetics2012","pash1269","594999",33.48700562,70.5,3160
"3161","Pathan","PattersonGenetics2012","pash1269","595820",33.48700562,70.5,3161
"3162","Pathan","PattersonGenetics2012","pash1269","594667",33.48700562,70.5,3162
"3163","Pathan","PattersonGenetics2012","pash1269","595575",33.48700562,70.5,3163
"3164","Pathan","PattersonGenetics2012","pash1269","594005",33.48700562,70.5,3164
"3165","Pathan","PattersonGenetics2012","pash1269","595616",33.48700562,70.5,3165
"3166","Pathan","PattersonGenetics2012","pash1269","594042",33.48700562,70.5,3166
"3167","Pathan","PattersonGenetics2012","pash1269","595320",33.48700562,70.5,3167
"3168","Pathan","PattersonGenetics2012","pash1269","595157",33.48700562,70.5,3168
"3169","Pathan","PattersonGenetics2012","pash1269","594425",33.48700562,70.5,3169
"3170","Pathan","PattersonGenetics2012","pash1269","595471",33.48700562,70.5,3170
"3171","Pathan","PattersonGenetics2012","pash1269","595107",33.48700562,70.5,3171
"3172","Pathan","PattersonGenetics2012","pash1269","594625",33.48700562,70.5,3172
"3173","Pathan","PattersonGenetics2012","pash1269","595529",33.48700562,70.5,3173
"3174","Pathan","PattersonGenetics2012","pash1269","593981",33.48700562,70.5,3174
"3175","Pathan","PattersonGenetics2012","pash1269","594440",33.48700562,70.5,3175
"3176","Pathan","PattersonGenetics2012","pash1269","595527",33.48700562,70.5,3176
"3177","Peru_Quechua","LazaridisNature2014","cusc1236","595538",-13.5,-72,3177
"3178","Peru_Quechua","LazaridisNature2014","cusc1236","595971",-13.5,-72,3178
"3179","Peru_Quechua","LazaridisNature2014","cusc1236","594483",-13.5,-72,3179
"3180","Peru_Quechua","LazaridisNature2014","cusc1236","596499",-13.5,-72,3180
"3181","Peru_Quechua","LazaridisNature2014","cusc1236","593154",-13.5,-72,3181
"3182","Piapoco","PattersonGenetics2012","piap1246","595260",3,-68,3182
"3183","Piapoco","PattersonGenetics2012","piap1246","595888",3,-68,3183
"3184","Piapoco","PattersonGenetics2012","piap1246","595330",3,-68,3184
"3185","Piapoco","PattersonGenetics2012","piap1246","594263",3,-68,3185
"3186","Piapoco","PattersonGenetics2012","piap1246","596448",3,-68,3186
"3187","Pima","PattersonGenetics2012","pima1248","597109",29,-108,3187
"3188","Pima","PattersonGenetics2012","pima1248","594858",29,-108,3188
"3189","Pima","PattersonGenetics2012","pima1248","596556",29,-108,3189
"3190","Pima","PattersonGenetics2012","pima1248","596315",29,-108,3190
"3191","Pima","PattersonGenetics2012","pima1248","595546",29,-108,3191
"3192","Pima","PattersonGenetics2012","pima1248","597078",29,-108,3192
"3193","Pima","PattersonGenetics2012","pima1248","595651",29,-108,3193
"3194","Pima","PattersonGenetics2012","pima1248","596147",29,-108,3194
"3195","Pima","PattersonGenetics2012","pima1248","596512",29,-108,3195
"3196","Pima","PattersonGenetics2012","pima1248","595994",29,-108,3196
"3197","Pima","PattersonGenetics2012","pima1248","597088",29,-108,3197
"3198","Pima","PattersonGenetics2012","pima1248","595693",29,-108,3198
"3199","Pima","PattersonGenetics2012","pima1248","597187",29,-108,3199
"3200","Pima","PattersonGenetics2012","pima1248","596657",29,-108,3200
"3201","Polish_Lublin","LazaridisNature2016","poli1260","590422",51.25,22.56666667,3201
"3202","Polish_Lublin","LazaridisNature2016","poli1260","590563",51.25,22.56666667,3202
"3203","Polish_Lublin","LazaridisNature2016","poli1260","590387",51.25,22.56666667,3203
"3204","Polish_Lublin","LazaridisNature2016","poli1260","590022",51.25,22.56666667,3204
"3205","Polish_Lublin","LazaridisNature2016","poli1260","590598",51.25,22.56666667,3205
"3206","Polish_Lublin","LazaridisNature2016","poli1260","588320",51.25,22.56666667,3206
"3207","Polish_Lublin","LazaridisNature2016","poli1260","590132",51.25,22.56666667,3207
"3208","Polish_Lublin","LazaridisNature2016","poli1260","589780",51.25,22.56666667,3208
"3209","Polish_Poznan","LazaridisNature2016","poli1260","590036",52.24,16.92,3209
"3210","Polish_Poznan","LazaridisNature2016","poli1260","589791",52.24,16.92,3210
"3211","Polish_Poznan","LazaridisNature2016","poli1260","588713",52.24,16.92,3211
"3212","Polish_Poznan","LazaridisNature2016","poli1260","589675",52.24,16.92,3212
"3213","Polish_Poznan","LazaridisNature2016","poli1260","590295",52.24,16.92,3213
"3214","Polish_Poznan","LazaridisNature2016","poli1260","590621",52.24,16.92,3214
"3215","Polish_Poznan","LazaridisNature2016","poli1260","590196",52.24,16.92,3215
"3216","Polish_Poznan","LazaridisNature2016","poli1260","589827",52.24,16.92,3216
"3217","Polish_Poznan","LazaridisNature2016","poli1260","590641",52.24,16.92,3217
"3218","Polish_Poznan","LazaridisNature2016","poli1260","590181",52.24,16.92,3218
"3219","Polish_Poznan","LazaridisNature2016","poli1260","590558",52.24,16.92,3219
"3220","Polish_Poznan","LazaridisNature2016","poli1260","590595",52.24,16.92,3220
"3221","Polish_Poznan","LazaridisNature2016","poli1260","590181",52.24,16.92,3221
"3222","Polish_Poznan","LazaridisNature2016","poli1260","590343",52.24,16.92,3222
"3223","Polish_Poznan","LazaridisNature2016","poli1260","590509",52.24,16.92,3223
"3224","Punjabi","LazaridisNature2014","panj1256","596354",31.5,74.3,3224
"3225","Punjabi","LazaridisNature2014","panj1256","596322",31.5,74.3,3225
"3226","Punjabi","LazaridisNature2014","panj1256","595802",31.5,74.3,3226
"3227","Punjabi","LazaridisNature2014","panj1256","596983",31.5,74.3,3227
"3228","Punjabi","LazaridisNature2014","panj1256","595674",31.5,74.3,3228
"3229","Punjabi","LazaridisNature2014","panj1256","596939",31.5,74.3,3229
"3230","Punjabi","LazaridisNature2014","panj1256","597059",31.5,74.3,3230
"3231","Punjabi","LazaridisNature2014","panj1256","596241",31.5,74.3,3231
"3232","Puno","Barbieri_2018","puno1238","596280",-15.7662,-69.683,3232
"3233","Puno","Barbieri_2018","puno1238","596219",-15.7662,-69.683,3233
"3234","Puno","Barbieri_2018","puno1238","594777",-15.7662,-69.683,3234
"3235","Puno","Barbieri_2018","puno1238","596283",-15.7662,-69.683,3235
"3236","Puno","Barbieri_2018","puno1238","596500",-15.7662,-69.683,3236
"3237","Puno","Barbieri_2018","puno1238","595548",-15.7662,-69.683,3237
"3238","Puno","Barbieri_2018","puno1238","594907",-15.7662,-69.683,3238
"3239","Ranongga","QinStonekingMBE2015","ghan1242","595900",-8,156.6,3239
"3240","Ranongga","QinStonekingMBE2015","ghan1242","596078",-8,156.6,3240
"3241","Ranongga","QinStonekingMBE2015","ghan1242","596086",-8,156.6,3241
"3242","Ranongga","QinStonekingMBE2015","ghan1242","596922",-8,156.6,3242
"3243","Ranongga","QinStonekingMBE2015","ghan1242","593804",-8,156.6,3243
"3244","Ranongga","QinStonekingMBE2015","ghan1242","596328",-8,156.6,3244
"3245","Rennell_and_Bellona","QinStonekingMBE2015","renn1242","596422",-11.4,159.9,3245
"3246","Rennell_and_Bellona","QinStonekingMBE2015","renn1242","596399",-11.4,159.9,3246
"3247","Rennell_and_Bellona","QinStonekingMBE2015","renn1242","596378",-11.4,159.9,3247
"3248","Rennell_and_Bellona","QinStonekingMBE2015","renn1242","596328",-11.4,159.9,3248
"3249","Rennell_and_Bellona","QinStonekingMBE2015","renn1242","595454",-11.4,159.9,3249
"3250","Rennell_and_Bellona","QinStonekingMBE2015","renn1242","594647",-11.4,159.9,3250
"3251","Rennell_and_Bellona","QinStonekingMBE2015","renn1242","592852",-11.4,159.9,3251
"3252","Romanian","LazaridisNature2016","roma1327","590501",46.502222,22.950277,3252
"3253","Romanian","LazaridisNature2016","roma1327","588424",46.502222,22.950277,3253
"3254","Romanian","LazaridisNature2016","roma1327","590335",46.502222,22.950277,3254
"3255","Romanian","LazaridisNature2016","roma1327","590443",46.502222,22.950277,3255
"3256","Romanian","LazaridisNature2016","roma1327","590152",46.502222,22.950277,3256
"3257","Romanian","LazaridisNature2016","roma1327","590183",46.502222,22.950277,3257
"3258","Romanian","LazaridisNature2016","roma1327","590410",46.502222,22.950277,3258
"3259","Romanian","LazaridisNature2016","roma1327","589809",46.502222,22.950277,3259
"3260","Romanian","LazaridisNature2016","roma1327","589322",46.502222,22.950277,3260
"3261","Romanian","LazaridisNature2016","roma1327","590207",46.502222,22.950277,3261
"3262","Russell","QinStonekingMBE2015","lavu1241","596625",-9,159.1,3262
"3263","Russell","QinStonekingMBE2015","lavu1241","595868",-9,159.1,3263
"3264","Russell","QinStonekingMBE2015","lavu1241","595982",-9,159.1,3264
"3265","Russell","QinStonekingMBE2015","lavu1241","592837",-9,159.1,3265
"3266","Russian","PattersonGenetics2012","russ1263","597065",61,40,3266
"3267","Russian","PattersonGenetics2012","russ1263","597177",61,40,3267
"3268","Russian","PattersonGenetics2012","russ1263","596384",61,40,3268
"3269","Russian","PattersonGenetics2012","russ1263","595565",61,40,3269
"3270","Russian","PattersonGenetics2012","russ1263","597025",61,40,3270
"3271","Russian","PattersonGenetics2012","russ1263","595792",61,40,3271
"3272","Russian","PattersonGenetics2012","russ1263","587385",61,40,3272
"3273","Russian","PattersonGenetics2012","russ1263","595716",61,40,3273
"3274","Russian","PattersonGenetics2012","russ1263","595917",61,40,3274
"3275","Russian","PattersonGenetics2012","russ1263","595738",61,40,3275
"3276","Russian","PattersonGenetics2012","russ1263","596801",61,40,3276
"3277","Russian","PattersonGenetics2012","russ1263","597002",61,40,3277
"3278","Russian","PattersonGenetics2012","russ1263","596903",61,40,3278
"3279","Russian","PattersonGenetics2012","russ1263","595637",61,40,3279
"3280","Russian","PattersonGenetics2012","russ1263","589204",61,40,3280
"3281","Russian","PattersonGenetics2012","russ1263","597097",61,40,3281
"3282","Russian","PattersonGenetics2012","russ1263","596511",61,40,3282
"3283","Russian","PattersonGenetics2012","russ1263","596632",61,40,3283
"3284","Russian","PattersonGenetics2012","russ1263","595965",61,40,3284
"3285","Russian","PattersonGenetics2012","russ1263","595811",61,40,3285
"3286","Russian","PattersonGenetics2012","russ1263","596589",61,40,3286
"3287","Russian","PattersonGenetics2012","russ1263","596334",61,40,3287
"3288","Russian","PattersonGenetics2012","russ1263","595524",61,40,3288
"3289","Russian_Archangelsk_Krasnoborsky","Jeong_2019","russ1263","587268",61.56,45.94,3289
"3290","Russian_Archangelsk_Krasnoborsky","Jeong_2019","russ1263","588146",61.56,45.94,3290
"3291","Russian_Archangelsk_Krasnoborsky","Jeong_2019","russ1263","588350",61.56,45.94,3291
"3292","Russian_Archangelsk_Krasnoborsky","Jeong_2019","russ1263","585719",61.56,45.94,3292
"3293","Russian_Archangelsk_Krasnoborsky","Jeong_2019","russ1263","589212",61.56,45.94,3293
"3294","Russian_Archangelsk_Krasnoborsky","Jeong_2019","russ1263","589187",61.56,45.94,3294
"3295","Russian_Archangelsk_Leshukonsky","Jeong_2019","russ1263","588557",64.9,45.74,3295
"3296","Russian_Archangelsk_Leshukonsky","Jeong_2019","russ1263","588033",64.9,45.74,3296
"3297","Russian_Archangelsk_Leshukonsky","Jeong_2019","russ1263","583747",64.9,45.74,3297
"3298","Russian_Archangelsk_Leshukonsky","Jeong_2019","russ1263","588254",64.9,45.74,3298
"3299","Russian_Archangelsk_Leshukonsky","Jeong_2019","russ1263","588425",64.9,45.74,3299
"3300","Russian_Archangelsk_Pinezhsky","Jeong_2019","russ1263","584366",64,44.26,3300
"3301","Russian_Archangelsk_Pinezhsky","Jeong_2019","russ1263","587590",64,44.26,3301
"3302","Russian_Archangelsk_Pinezhsky","Jeong_2019","russ1263","588141",64,44.26,3302
"3303","Russian_Archangelsk_Pinezhsky","Jeong_2019","russ1263","575948",64,44.26,3303
"3304","Russian_Archangelsk_Pinezhsky","Jeong_2019","russ1263","586828",64,44.26,3304
"3305","Russian_Belgorod","Jeong_2019","russ1263","588587",50.78,36.48,3305
"3306","Russian_Belgorod","Jeong_2019","russ1263","587158",50.78,36.48,3306
"3307","Russian_Belgorod","Jeong_2019","russ1263","588372",50.78,36.48,3307
"3308","Russian_Belgorod","Jeong_2019","russ1263","587770",50.78,36.48,3308
"3309","Russian_Kaluga","Jeong_2019","russ1263","571437",54.31,34.53,3309
"3310","Russian_Kaluga","Jeong_2019","russ1263","588218",54.31,34.53,3310
"3311","Russian_Kaluga","Jeong_2019","russ1263","589139",54.31,34.53,3311
"3312","Russian_Kaluga","Jeong_2019","russ1263","588621",54.31,34.53,3312
"3313","Russian_Kaluga","Jeong_2019","russ1263","587620",54.31,34.53,3313
"3314","Russian_Kursk","Jeong_2019","russ1263","588382",51.89,37.25,3314
"3315","Russian_Kursk","Jeong_2019","russ1263","588246",51.89,37.25,3315
"3316","Russian_Kursk","Jeong_2019","russ1263","585836",51.89,37.25,3316
"3317","Russian_Kursk","Jeong_2019","russ1263","588656",51.89,37.25,3317
"3318","Russian_Oryol","Jeong_2019","russ1263","586765",53.45,36,3318
"3319","Russian_Oryol","Jeong_2019","russ1263","585159",53.45,36,3319
"3320","Russian_Oryol","Jeong_2019","russ1263","588075",53.45,36,3320
"3321","Russian_Oryol","Jeong_2019","russ1263","586664",53.45,36,3321
"3322","Russian_Pskov_Ostrov","Jeong_2019","russ1263","586220",57.35,28.32,3322
"3323","Russian_Pskov_Ostrov","Jeong_2019","russ1263","587032",57.35,28.32,3323
"3324","Russian_Pskov_Ostrov","Jeong_2019","russ1263","585358",57.35,28.32,3324
"3325","Russian_Pskov_Ostrov","Jeong_2019","russ1263","589022",57.35,28.32,3325
"3326","Russian_Pskov_Porkhov","Jeong_2019","russ1263","580593",57.77,29.56,3326
"3327","Russian_Pskov_Porkhov","Jeong_2019","russ1263","587915",57.77,29.56,3327
"3328","Russian_Pskov_Porkhov","Jeong_2019","russ1263","588885",57.77,29.56,3328
"3329","Russian_Ryazan_Mihailovsky","Jeong_2019","russ1263","587157",54.23,39.03,3329
"3330","Russian_Ryazan_Mihailovsky","Jeong_2019","russ1263","575506",54.23,39.03,3330
"3331","Russian_Ryazan_Mihailovsky","Jeong_2019","russ1263","588578",54.23,39.03,3331
"3332","Russian_Ryazan_Mihailovsky","Jeong_2019","russ1263","582425",54.23,39.03,3332
"3333","Russian_Ryazan_Mihailovsky","Jeong_2019","russ1263","588749",54.23,39.03,3333
"3334","Russian_Ryazan_Spassk_Ryazansky","Jeong_2019","russ1263","585897",54.4,40.53,3334
"3335","Russian_Ryazan_Spassk_Ryazansky","Jeong_2019","russ1263","588235",54.4,40.53,3335
"3336","Russian_Ryazan_Spassk_Ryazansky","Jeong_2019","russ1263","588669",54.4,40.53,3336
"3337","Russian_Ryazan_Spassk_Ryazansky","Jeong_2019","russ1263","580120",54.4,40.53,3337
"3338","Russian_Ryazan_Spassk_Ryazansky","Jeong_2019","russ1263","588208",54.4,40.53,3338
"3339","Russian_Ryazan_Spassk_Ryazansky","Jeong_2019","russ1263","588867",54.4,40.53,3339
"3340","Russian_Ryazan_Spassk_Ryazansky","Jeong_2019","russ1263","587639",54.4,40.53,3340
"3341","Russian_Ryazan_Spassk_Ryazansky","Jeong_2019","russ1263","587777",54.4,40.53,3341
"3342","Russian_Smolensk","Jeong_2019","russ1263","585810",53.95,32.87,3342
"3343","Russian_Smolensk","Jeong_2019","russ1263","588509",53.95,32.87,3343
"3344","Russian_Smolensk","Jeong_2019","russ1263","588210",53.95,32.87,3344
"3345","Russian_Smolensk","Jeong_2019","russ1263","588057",53.95,32.87,3345
"3346","Russian_Smolensk","Jeong_2019","russ1263","586907",53.95,32.87,3346
"3347","Russian_Smolensk","Jeong_2019","russ1263","583015",53.95,32.87,3347
"3348","Russian_Smolensk","Jeong_2019","russ1263","588852",53.95,32.87,3348
"3349","Russian_Tver","Jeong_2019","russ1263","585758",57.36,37.61,3349
"3350","Russian_Tver","Jeong_2019","russ1263","579257",57.36,37.61,3350
"3351","Russian_Tver","Jeong_2019","russ1263","572422",57.36,37.61,3351
"3352","Russian_Tver","Jeong_2019","russ1263","586706",57.36,37.61,3352
"3353","Russian_Yaroslavl","Jeong_2019","russ1263","585527",58.03,38.5,3353
"3354","Russian_Yaroslavl","Jeong_2019","russ1263","588555",58.03,38.5,3354
"3355","Russian_Yaroslavl","Jeong_2019","russ1263","586498",58.03,38.5,3355
"3356","Saami","LazaridisNature2014","inar1241","592433",68.383893,23.632454,3356
"3357","Saami","LazaridisNature2014","inar1241","588190",68.383893,23.632454,3357
"3358","Saami","LazaridisNature2014","inar1241","588506",68.383893,23.632454,3358
"3359","Saharawi","LazaridisNature2014","hass1238","596125",27.3,-8.9,3359
"3360","Saharawi","LazaridisNature2014","hass1238","596050",27.3,-8.9,3360
"3361","Saharawi","LazaridisNature2014","hass1238","596777",27.3,-8.9,3361
"3362","Saharawi","LazaridisNature2014","hass1238","595767",27.3,-8.9,3362
"3363","Saharawi","LazaridisNature2014","hass1238","595851",27.3,-8.9,3363
"3364","Saharawi","LazaridisNature2014","hass1238","595430",27.3,-8.9,3364
"3365","Saharawi","LazaridisNature2014","hass1238","595873",27.3,-8.9,3365
"3366","Saharawi","LazaridisNature2014","hass1238","588412",27.3,-8.9,3366
"3367","Saharawi","LazaridisNature2014","hass1238","588348",27.3,-8.9,3367
"3368","San","PattersonGenetics2012","juho1239","593235",-18.93725689,21.45244764,3368
"3369","San","PattersonGenetics2012","juho1239","593953",-18.93725689,21.45244764,3369
"3370","San","PattersonGenetics2012","juho1239","593791",-18.93725689,21.45244764,3370
"3371","San","PattersonGenetics2012","juho1239","592734",-18.93725689,21.45244764,3371
"3372","San","PattersonGenetics2012","juho1239","592069",-18.93725689,21.45244764,3372
"3373","Sandawe","LazaridisNature2014","sand1273","596366",-5.5,35.5,3373
"3374","Sandawe","LazaridisNature2014","sand1273","596231",-5.5,35.5,3374
"3375","Sandawe","LazaridisNature2014","sand1273","596271",-5.5,35.5,3375
"3376","Sandawe","LazaridisNature2014","sand1273","596881",-5.5,35.5,3376
"3377","Sandawe","LazaridisNature2014","sand1273","596394",-5.5,35.5,3377
"3378","Sandawe","LazaridisNature2014","sand1273","596392",-5.5,35.5,3378
"3379","Sandawe","LazaridisNature2014","sand1273","596893",-5.5,35.5,3379
"3380","Sandawe","LazaridisNature2014","sand1273","596040",-5.5,35.5,3380
"3381","Sandawe","LazaridisNature2014","sand1273","596318",-5.5,35.5,3381
"3382","Sandawe","LazaridisNature2014","sand1273","595926",-5.5,35.5,3382
"3383","Sandawe","LazaridisNature2014","sand1273","596973",-5.5,35.5,3383
"3384","Sandawe","LazaridisNature2014","sand1273","596281",-5.5,35.5,3384
"3385","Sandawe","LazaridisNature2014","sand1273","596373",-5.5,35.5,3385
"3386","Sandawe","LazaridisNature2014","sand1273","595206",-5.5,35.5,3386
"3387","Sandawe","LazaridisNature2014","sand1273","596423",-5.5,35.5,3387
"3388","Sandawe","LazaridisNature2014","sand1273","596803",-5.5,35.5,3388
"3389","Sandawe","LazaridisNature2014","sand1273","596691",-5.5,35.5,3389
"3390","Sandawe","LazaridisNature2014","sand1273","597136",-5.5,35.5,3390
"3391","Sandawe","LazaridisNature2014","sand1273","596273",-5.5,35.5,3391
"3392","Sandawe","LazaridisNature2014","sand1273","597008",-5.5,35.5,3392
"3393","Sandawe","LazaridisNature2014","sand1273","594006",-5.5,35.5,3393
"3394","Sandawe","LazaridisNature2014","sand1273","596373",-5.5,35.5,3394
"3395","Sandawe","LazaridisNature2014","sand1273","596971",-5.5,35.5,3395
"3396","Santa_Cruz","QinStonekingMBE2015","natu1250","596564",-11.610733,166.85925,3396
"3397","Santa_Cruz","QinStonekingMBE2015","natu1250","595436",-11.610733,166.85925,3397
"3398","Santa_Cruz","QinStonekingMBE2015","natu1250","596564",-11.610733,166.85925,3398
"3399","Santa_Cruz","QinStonekingMBE2015","natu1250","596547",-11.610733,166.85925,3399
"3400","Santa_Cruz","QinStonekingMBE2015","natu1250","596557",-11.610733,166.85925,3400
"3401","Santa_Cruz","QinStonekingMBE2015","natu1250","596456",-11.610733,166.85925,3401
"3402","Santa_Cruz","QinStonekingMBE2015","natu1250","596386",-11.610733,166.85925,3402
"3403","Santa_Cruz","QinStonekingMBE2015","natu1250","596720",-11.610733,166.85925,3403
"3404","Santa_Isabel","QinStonekingMBE2015","ND","596490",-8.2,159.1,3404
"3405","Santa_Isabel","QinStonekingMBE2015","ND","596573",-8.2,159.1,3405
"3406","Santa_Isabel","QinStonekingMBE2015","ND","596167",-8.2,159.1,3406
"3407","Santa_Isabel","QinStonekingMBE2015","ND","596085",-8.2,159.1,3407
"3408","Santa_Isabel","QinStonekingMBE2015","ND","592908",-8.2,159.1,3408
"3409","Santa_Isabel","QinStonekingMBE2015","ND","596770",-8.2,159.1,3409
"3410","Santa_Isabel","QinStonekingMBE2015","ND","596568",-8.2,159.1,3410
"3411","Santa_Isabel","QinStonekingMBE2015","ND","596952",-8.2,159.1,3411
"3412","Saposa","SkoglundNature2016","sapo1253","584978",-5.5833,154.67,3412
"3413","Saposa","SkoglundNature2016","sapo1253","588783",-5.5833,154.67,3413
"3414","Saposa","SkoglundNature2016","sapo1253","585183",-5.5833,154.67,3414
"3415","Saposa","SkoglundNature2016","sapo1253","587015",-5.5833,154.67,3415
"3416","Saposa","SkoglundNature2016","sapo1253","588196",-5.5833,154.67,3416
"3417","Saposa","SkoglundNature2016","sapo1253","589363",-5.5833,154.67,3417
"3418","Saposa","SkoglundNature2016","sapo1253","589138",-5.5833,154.67,3418
"3419","Saposa","SkoglundNature2016","sapo1253","589312",-5.5833,154.67,3419
"3420","Saposa","SkoglundNature2016","sapo1253","588159",-5.5833,154.67,3420
"3421","Saposa","SkoglundNature2016","sapo1253","587360",-5.5833,154.67,3421
"3422","Sardinian","PattersonGenetics2012","sard1257","593109",40,9,3422
"3423","Sardinian","PattersonGenetics2012","sard1257","595593",40,9,3423
"3424","Sardinian","PattersonGenetics2012","sard1257","595816",40,9,3424
"3425","Sardinian","PattersonGenetics2012","sard1257","596907",40,9,3425
"3426","Sardinian","PattersonGenetics2012","sard1257","596195",40,9,3426
"3427","Sardinian","PattersonGenetics2012","sard1257","596380",40,9,3427
"3428","Sardinian","PattersonGenetics2012","sard1257","597258",40,9,3428
"3429","Sardinian","PattersonGenetics2012","sard1257","595392",40,9,3429
"3430","Sardinian","PattersonGenetics2012","sard1257","595632",40,9,3430
"3431","Sardinian","PattersonGenetics2012","sard1257","595208",40,9,3431
"3432","Sardinian","PattersonGenetics2012","sard1257","596280",40,9,3432
"3433","Sardinian","PattersonGenetics2012","sard1257","596957",40,9,3433
"3434","Sardinian","PattersonGenetics2012","sard1257","595264",40,9,3434
"3435","Sardinian","PattersonGenetics2012","sard1257","596550",40,9,3435
"3436","Sardinian","PattersonGenetics2012","sard1257","597251",40,9,3436
"3437","Sardinian","PattersonGenetics2012","sard1257","594463",40,9,3437
"3438","Sardinian","PattersonGenetics2012","sard1257","595324",40,9,3438
"3439","Sardinian","PattersonGenetics2012","sard1257","596478",40,9,3439
"3440","Sardinian","PattersonGenetics2012","sard1257","595580",40,9,3440
"3441","Sardinian","PattersonGenetics2012","sard1257","594279",40,9,3441
"3442","Sardinian","PattersonGenetics2012","sard1257","595222",40,9,3442
"3443","Sardinian","PattersonGenetics2012","sard1257","597151",40,9,3443
"3444","Sardinian","PattersonGenetics2012","sard1257","595061",40,9,3444
"3445","Sardinian","PattersonGenetics2012","sard1257","596670",40,9,3445
"3446","Sardinian","PattersonGenetics2012","sard1257","592689",40,9,3446
"3447","Sardinian","PattersonGenetics2012","sard1257","597188",40,9,3447
"3448","Sardinian","PattersonGenetics2012","sard1257","592762",40,9,3448
"3449","Sardinian","PattersonGenetics2012","sard1257","597218",40,9,3449
"3450","Saudi","LazaridisNature2014","hija1235","596747",18.490029,42.51709,3450
"3451","Saudi","LazaridisNature2014","hija1235","596860",18.490029,42.51709,3451
"3452","Saudi","LazaridisNature2014","hija1235","596320",18.490029,42.51709,3452
"3453","Saudi","LazaridisNature2014","hija1235","595726",18.490029,42.51709,3453
"3454","Saudi","LazaridisNature2014","hija1235","596194",18.490029,42.51709,3454
"3455","Saudi","LazaridisNature2014","hija1235","596617",18.490029,42.51709,3455
"3456","Saudi","LazaridisNature2014","hija1235","596065",18.490029,42.51709,3456
"3457","Saudi","LazaridisNature2014","hija1235","596519",18.490029,42.51709,3457
"3458","Saudi","LazaridisNature2014","hija1235","596731",18.490029,42.51709,3458
"3459","Saudi","LazaridisNature2014","hija1235","597039",18.490029,42.51709,3459
"3460","Savo","QinStonekingMBE2015","savo1255","595683",-9.125138,159.800176,3460
"3461","Savo","QinStonekingMBE2015","savo1255","596554",-9.125138,159.800176,3461
"3462","Savo","QinStonekingMBE2015","savo1255","596555",-9.125138,159.800176,3462
"3463","Savo","QinStonekingMBE2015","savo1255","596995",-9.125138,159.800176,3463
"3464","Savo","QinStonekingMBE2015","savo1255","596785",-9.125138,159.800176,3464
"3465","Savo","QinStonekingMBE2015","savo1255","595917",-9.125138,159.800176,3465
"3466","Savo","QinStonekingMBE2015","savo1255","595799",-9.125138,159.800176,3466
"3467","Scottish","LazaridisNature2014","hibe1235","595385",56.04,-5.44,3467
"3468","Scottish","LazaridisNature2014","hibe1235","595871",56.04,-5.44,3468
"3469","Scottish","LazaridisNature2014","hibe1235","596481",56.04,-5.44,3469
"3470","Scottish","LazaridisNature2014","hibe1235","596217",56.04,-5.44,3470
"3471","Scottish_Borders","LazaridisNature2016","scot1245","587986",55.5,-2.5,3471
"3472","Scottish_Borders","LazaridisNature2016","scot1245","589792",55.5,-2.5,3472
"3473","Scottish_Borders","LazaridisNature2016","scot1245","590104",55.5,-2.5,3473
"3474","Scottish_Borders","LazaridisNature2016","scot1245","588846",55.5,-2.5,3474
"3475","Scottish_Borders","LazaridisNature2016","scot1245","590366",55.5,-2.5,3475
"3476","Scottish_Borders","LazaridisNature2016","scot1245","588179",55.5,-2.5,3476
"3477","Scottish_Dumfries_Galloway","LazaridisNature2016","scot1245","589915",55,-4,3477
"3478","Scottish_Dumfries_Galloway","LazaridisNature2016","scot1245","589809",55,-4,3478
"3479","Scottish_Dumfries_Galloway","LazaridisNature2016","scot1245","590296",55,-4,3479
"3480","Scottish_Dumfries_Galloway","LazaridisNature2016","scot1245","589996",55,-4,3480
"3481","Scottish_Dumfries_Galloway","LazaridisNature2016","scot1245","589681",55,-4,3481
"3482","Scottish_Fife","LazaridisNature2016","scot1245","581075",56.25,-3,3482
"3483","Scottish_Fife","LazaridisNature2016","scot1245","589415",56.25,-3,3483
"3484","Scottish_Fife","LazaridisNature2016","scot1245","590202",56.25,-3,3484
"3485","Scottish_Fife","LazaridisNature2016","scot1245","587462",56.25,-3,3485
"3486","Scottish_Fife","LazaridisNature2016","scot1245","588474",56.25,-3,3486
"3487","Scottish_Fife","LazaridisNature2016","scot1245","590384",56.25,-3,3487
"3488","Scottish_Grampian","LazaridisNature2016","scot1245","587494",57.25,-2.25,3488
"3489","Scottish_Grampian","LazaridisNature2016","scot1245","590461",57.25,-2.25,3489
"3490","Scottish_Grampian","LazaridisNature2016","scot1245","588221",57.25,-2.25,3490
"3491","Scottish_Grampian","LazaridisNature2016","scot1245","589691",57.25,-2.25,3491
"3492","Scottish_Grampian","LazaridisNature2016","scot1245","589861",57.25,-2.25,3492
"3493","Scottish_Grampian","LazaridisNature2016","scot1245","589992",57.25,-2.25,3493
"3494","Scottish_Highlands","LazaridisNature2016","scot1245","588918",57.5,-4.25,3494
"3495","Scottish_Highlands","LazaridisNature2016","scot1245","589352",57.5,-4.25,3495
"3496","Scottish_Highlands","LazaridisNature2016","scot1245","590060",57.5,-4.25,3496
"3497","Scottish_Highlands","LazaridisNature2016","scot1245","589875",57.5,-4.25,3497
"3498","Scottish_Highlands","LazaridisNature2016","scot1245","589612",57.5,-4.25,3498
"3499","Scottish_Highlands","LazaridisNature2016","scot1245","589428",57.5,-4.25,3499
"3500","Scottish_Shetlandic","LazaridisNature2016","scot1245","590096",60.15,-1.15,3500
"3501","Scottish_Shetlandic","LazaridisNature2016","scot1245","588430",60.15,-1.15,3501
"3502","Scottish_Shetlandic","LazaridisNature2016","scot1245","589666",60.15,-1.15,3502
"3503","Scottish_Shetlandic","LazaridisNature2016","scot1245","589815",60.15,-1.15,3503
"3504","Scottish_Shetlandic","LazaridisNature2016","scot1245","589908",60.15,-1.15,3504
"3505","Scottish_Shetlandic","LazaridisNature2016","scot1245","587790",60.15,-1.15,3505
"3506","Scottish_Shetlandic","LazaridisNature2016","scot1245","589748",60.15,-1.15,3506
"3507","Scottish_Shetlandic","LazaridisNature2016","scot1245","589931",60.15,-1.15,3507
"3508","Scottish_Shetlandic","LazaridisNature2016","scot1245","589918",60.15,-1.15,3508
"3509","Scottish_Shetlandic","LazaridisNature2016","scot1245","589466",60.15,-1.15,3509
"3510","Sechura","Barbieri_2018","ND","592957",-5.573417,-80.831682,3510
"3511","Sechura","Barbieri_2018","ND","594750",-5.573417,-80.831682,3511
"3512","Sechura","Barbieri_2018","ND","596175",-5.573417,-80.831682,3512
"3513","Selkup","LazaridisNature2014","selk1253","596013",65.53445627,82.29948491,3513
"3514","Selkup","LazaridisNature2014","selk1253","595675",65.53445627,82.29948491,3514
"3515","Selkup","LazaridisNature2014","selk1253","596943",65.53445627,82.29948491,3515
"3516","Selkup","LazaridisNature2014","selk1253","596940",65.53445627,82.29948491,3516
"3517","Selkup","LazaridisNature2014","selk1253","595751",65.53445627,82.29948491,3517
"3518","Selkup","LazaridisNature2014","selk1253","594000",65.53445627,82.29948491,3518
"3519","Selkup","LazaridisNature2014","selk1253","588107",65.53445627,82.29948491,3519
"3520","Selkup","LazaridisNature2014","selk1253","596354",65.53445627,82.29948491,3520
"3521","Selkup","LazaridisNature2014","selk1253","596339",65.53445627,82.29948491,3521
"3522","Selkup","LazaridisNature2014","selk1253","596981",65.53445627,82.29948491,3522
"3523","Selkup_Farkovo","Flegontov_2019","selk1253","589805",65.718073,86.979478,3523
"3524","Selkup_Farkovo","Flegontov_2019","selk1253","589922",65.718073,86.979478,3524
"3525","Selkup_Farkovo","Flegontov_2019","selk1253","589762",65.718073,86.979478,3525
"3526","Selkup_Farkovo","Flegontov_2019","selk1253","590319",65.718073,86.979478,3526
"3527","Selkup_Farkovo","Flegontov_2019","selk1253","589403",65.718073,86.979478,3527
"3528","Selkup_Farkovo","Flegontov_2019","selk1253","588172",65.718073,86.979478,3528
"3529","Selkup_Farkovo","Flegontov_2019","selk1253","590690",65.718073,86.979478,3529
"3530","Selkup_Farkovo","Flegontov_2019","selk1253","588463",65.718073,86.979478,3530
"3531","Selkup_Turukhansk","Flegontov_2019","selk1253","589566",65.796083,87.952268,3531
"3532","Selkup_Turukhansk","Flegontov_2019","selk1253","581646",65.796083,87.952268,3532
"3533","Selkup_Turukhansk","Flegontov_2019","selk1253","583200",65.796083,87.952268,3533
"3534","Selkup_Turukhansk","Flegontov_2019","selk1253","588920",65.796083,87.952268,3534
"3535","Selkup_Turukhansk","Flegontov_2019","selk1253","584498",65.796083,87.952268,3535
"3536","Selkup_Turukhansk","Flegontov_2019","selk1253","588279",65.796083,87.952268,3536
"3537","Semende","QinStonekingMBE2015","cent2053","596056",-4.0782,103.6437,3537
"3538","Semende","QinStonekingMBE2015","cent2053","592498",-4.0782,103.6437,3538
"3539","Semende","QinStonekingMBE2015","cent2053","595940",-4.0782,103.6437,3539
"3540","Semende","QinStonekingMBE2015","cent2053","594977",-4.0782,103.6437,3540
"3541","Semende","QinStonekingMBE2015","cent2053","596273",-4.0782,103.6437,3541
"3542","Semende","QinStonekingMBE2015","cent2053","595568",-4.0782,103.6437,3542
"3543","Semende","QinStonekingMBE2015","cent2053","595179",-4.0782,103.6437,3543
"3544","Semende","QinStonekingMBE2015","cent2053","595447",-4.0782,103.6437,3544
"3545","Semende","QinStonekingMBE2015","cent2053","594655",-4.0782,103.6437,3545
"3546","Semende","QinStonekingMBE2015","cent2053","596371",-4.0782,103.6437,3546
"3547","Shaigi_WGA","LazaridisNature2014","suda1236","584301",15.6,32.5,3547
"3548","Shaigi_WGA","LazaridisNature2014","suda1236","593140",15.6,32.5,3548
"3549","Shaigi_WGA","LazaridisNature2014","suda1236","591442",15.6,32.5,3549
"3550","She","PattersonGenetics2012","shee1238","595870",27,119,3550
"3551","She","PattersonGenetics2012","shee1238","596820",27,119,3551
"3552","She","PattersonGenetics2012","shee1238","597248",27,119,3552
"3553","She","PattersonGenetics2012","shee1238","596290",27,119,3553
"3554","She","PattersonGenetics2012","shee1238","596600",27,119,3554
"3555","She","PattersonGenetics2012","shee1238","596314",27,119,3555
"3556","She","PattersonGenetics2012","shee1238","595964",27,119,3556
"3557","She","PattersonGenetics2012","shee1238","595971",27,119,3557
"3558","She","PattersonGenetics2012","shee1238","595748",27,119,3558
"3559","Shor_Khakassia","Jeong_2019","shor1247","589550",53.3,90,3559
"3560","Shor_Khakassia","Jeong_2019","shor1247","589021",53.3,90,3560
"3561","Shor_Khakassia","Jeong_2019","shor1247","588629",53.3,90,3561
"3562","Shor_Khakassia","Jeong_2019","shor1247","589434",53.3,90,3562
"3563","Shor_Khakassia","Jeong_2019","shor1247","589045",53.3,90,3563
"3564","Shor_Mountain","Jeong_2019","shor1247","589444",52.75,88,3564
"3565","Shor_Mountain","Jeong_2019","shor1247","588934",52.75,88,3565
"3566","Shor_Mountain","Jeong_2019","shor1247","589453",52.75,88,3566
"3567","Shor_Mountain","Jeong_2019","shor1247","583096",52.75,88,3567
"3568","Shor_Mountain","Jeong_2019","shor1247","588735",52.75,88,3568
"3569","Shor_Mountain","Jeong_2019","shor1247","589339",52.75,88,3569
"3570","Shor_Mountain","Jeong_2019","shor1247","588841",52.75,88,3570
"3571","Shua","PickrellNatureCommunications2012","shua1254","591081",-20.55023685,25.33213069,3571
"3572","Shua","PickrellNatureCommunications2012","shua1254","594637",-20.55023685,25.33213069,3572
"3573","Shua","PickrellNatureCommunications2012","shua1254","595247",-20.55023685,25.33213069,3573
"3574","Shua","PickrellNatureCommunications2012","shua1254","595785",-20.55023685,25.33213069,3574
"3575","Shua","PickrellNatureCommunications2012","shua1254","596268",-20.55023685,25.33213069,3575
"3576","Shua","PickrellNatureCommunications2012","shua1254","594733",-20.55023685,25.33213069,3576
"3577","Shua","PickrellNatureCommunications2012","shua1254","589958",-20.55023685,25.33213069,3577
"3578","Shua","PickrellNatureCommunications2012","shua1254","595159",-20.55023685,25.33213069,3578
"3579","Shua","PickrellNatureCommunications2012","shua1254","595170",-20.55023685,25.33213069,3579
"3580","Shua","PickrellNatureCommunications2012","shua1254","590359",-20.55023685,25.33213069,3580
"3581","Sicilian_East","LazaridisNature2014","sici1248","595045",37.067,15.267,3581
"3582","Sicilian_East","LazaridisNature2014","sici1248","596195",37.067,15.267,3582
"3583","Sicilian_East","LazaridisNature2014","sici1248","596263",37.067,15.267,3583
"3584","Sicilian_East","LazaridisNature2014","sici1248","595488",37.067,15.267,3584
"3585","Sicilian_East","LazaridisNature2014","sici1248","596251",37.067,15.267,3585
"3586","Sicilian_West","LazaridisNature2014","sici1248","596096",38.019,12.515,3586
"3587","Sicilian_West","LazaridisNature2014","sici1248","595552",38.019,12.515,3587
"3588","Sicilian_West","LazaridisNature2014","sici1248","595818",38.019,12.515,3588
"3589","Sicilian_West","LazaridisNature2014","sici1248","595880",38.019,12.515,3589
"3590","Sicilian_West","LazaridisNature2014","sici1248","594339",38.019,12.515,3590
"3591","Sicilian_West","LazaridisNature2014","sici1248","596096",38.019,12.515,3591
"3592","Sindhi","PattersonGenetics2012","sind1272","595048",25.49063551,69,3592
"3593","Sindhi","PattersonGenetics2012","sind1272","594878",25.49063551,69,3593
"3594","Sindhi","PattersonGenetics2012","sind1272","593750",25.49063551,69,3594
"3595","Sindhi","PattersonGenetics2012","sind1272","591685",25.49063551,69,3595
"3596","Sindhi","PattersonGenetics2012","sind1272","594028",25.49063551,69,3596
"3597","Sindhi","PattersonGenetics2012","sind1272","595437",25.49063551,69,3597
"3598","Sindhi","PattersonGenetics2012","sind1272","592402",25.49063551,69,3598
"3599","Sindhi","PattersonGenetics2012","sind1272","595539",25.49063551,69,3599
"3600","Sindhi","PattersonGenetics2012","sind1272","592926",25.49063551,69,3600
"3601","Sindhi","PattersonGenetics2012","sind1272","595024",25.49063551,69,3601
"3602","Sindhi","PattersonGenetics2012","sind1272","594401",25.49063551,69,3602
"3603","Sindhi","PattersonGenetics2012","sind1272","595421",25.49063551,69,3603
"3604","Sindhi","PattersonGenetics2012","sind1272","594929",25.49063551,69,3604
"3605","Sindhi","PattersonGenetics2012","sind1272","595174",25.49063551,69,3605
"3606","Sindhi","PattersonGenetics2012","sind1272","593773",25.49063551,69,3606
"3607","Sindhi","PattersonGenetics2012","sind1272","588418",25.49063551,69,3607
"3608","Sindhi","PattersonGenetics2012","sind1272","594772",25.49063551,69,3608
"3609","Sindhi","PattersonGenetics2012","sind1272","595946",25.49063551,69,3609
"3610","Sindhi","PattersonGenetics2012","sind1272","589271",25.49063551,69,3610
"3611","Sindhi","PattersonGenetics2012","sind1272","594003",25.49063551,69,3611
"3612","Sindhi","PattersonGenetics2012","sind1272","593804",25.49063551,69,3612
"3613","Sindhi","PattersonGenetics2012","sind1272","595066",25.49063551,69,3613
"3614","Sindhi","PattersonGenetics2012","sind1272","589661",25.49063551,69,3614
"3615","Sindhi","PattersonGenetics2012","sind1272","595103",25.49063551,69,3615
"3616","Somali","LazaridisNature2014","soma1255","595839",5.6,48.3,3616
"3617","Somali","LazaridisNature2014","soma1255","591982",5.6,48.3,3617
"3618","Somali","LazaridisNature2014","soma1255","595609",5.6,48.3,3618
"3619","Somali","LazaridisNature2014","soma1255","595381",5.6,48.3,3619
"3620","Somali","LazaridisNature2014","soma1255","595908",5.6,48.3,3620
"3621","Somali","LazaridisNature2014","soma1255","595978",5.6,48.3,3621
"3622","Somali","LazaridisNature2014","soma1255","596304",5.6,48.3,3622
"3623","Somali","LazaridisNature2014","soma1255","596156",5.6,48.3,3623
"3624","Somali","LazaridisNature2014","soma1255","595865",5.6,48.3,3624
"3625","Somali","LazaridisNature2014","soma1255","595952",5.6,48.3,3625
"3626","Somali","LazaridisNature2014","soma1255","594057",5.6,48.3,3626
"3627","Somali","LazaridisNature2014","soma1255","595916",5.6,48.3,3627
"3628","Somali","LazaridisNature2014","soma1255","596350",5.6,48.3,3628
"3629","Southwest_Bougainville","SkoglundNature2016","ND","589216",-6.6,155.5,3629
"3630","Southwest_Bougainville","SkoglundNature2016","ND","589238",-6.6,155.5,3630
"3631","Spanish_Andalucia","LazaridisNature2014","anda1279","597083",37.4,-6,3631
"3632","Spanish_Andalucia","LazaridisNature2014","anda1279","596498",37.4,-6,3632
"3633","Spanish_Andalucia","LazaridisNature2014","anda1279","596307",37.4,-6,3633
"3634","Spanish_Andalucia","LazaridisNature2014","anda1279","596822",37.4,-6,3634
"3635","Spanish_Aragon","LazaridisNature2014","arag1245","596360",41,-1,3635
"3636","Spanish_Aragon","LazaridisNature2014","arag1245","596348",41,-1,3636
"3637","Spanish_Aragon","LazaridisNature2014","arag1245","596252",41,-1,3637
"3638","Spanish_Aragon","LazaridisNature2014","arag1245","597029",41,-1,3638
"3639","Spanish_Aragon","LazaridisNature2014","arag1245","597137",41,-1,3639
"3640","Spanish_Aragon","LazaridisNature2014","arag1245","596382",41,-1,3640
"3641","Spanish_Balearic","LazaridisNature2014","stan1288","596209",39.5,3,3641
"3642","Spanish_Balearic","LazaridisNature2014","stan1288","597015",39.5,3,3642
"3643","Spanish_Balearic","LazaridisNature2014","stan1288","596780",39.5,3,3643
"3644","Spanish_Balearic","LazaridisNature2014","stan1288","596071",39.5,3,3644
"3645","Spanish_Basque","LazaridisNature2014","basq1248","595084",43.13,-2.08,3645
"3646","Spanish_Basque","LazaridisNature2014","basq1248","595796",43.13,-2.08,3646
"3647","Spanish_Basque","LazaridisNature2014","basq1248","596853",43.13,-2.08,3647
"3648","Spanish_Basque","LazaridisNature2014","basq1248","596172",43.13,-2.08,3648
"3649","Spanish_Basque","LazaridisNature2014","basq1248","595844",43.13,-2.08,3649
"3650","Spanish_Basque","LazaridisNature2014","basq1248","594907",43.13,-2.08,3650
"3651","Spanish_Basque","LazaridisNature2014","basq1248","596079",43.13,-2.08,3651
"3652","Spanish_Basque","LazaridisNature2014","basq1248","596369",43.13,-2.08,3652
"3653","Spanish_Basque","LazaridisNature2014","basq1248","593686",43.13,-2.08,3653
"3654","Spanish_Cantabria","LazaridisNature2014","astu1245","596881",43.3,-4,3654
"3655","Spanish_Cantabria","LazaridisNature2014","astu1245","595890",43.3,-4,3655
"3656","Spanish_Cantabria","LazaridisNature2014","astu1245","596122",43.3,-4,3656
"3657","Spanish_Cantabria","LazaridisNature2014","astu1245","596959",43.3,-4,3657
"3658","Spanish_Cantabria","LazaridisNature2014","astu1245","596273",43.3,-4,3658
"3659","Spanish_CastillaLaMancha","LazaridisNature2014","cast1244","596273",39.9,-4,3659
"3660","Spanish_CastillaLaMancha","LazaridisNature2014","cast1244","596152",39.9,-4,3660
"3661","Spanish_CastillaLaMancha","LazaridisNature2014","cast1244","596084",39.9,-4,3661
"3662","Spanish_CastillaLaMancha","LazaridisNature2014","cast1244","596602",39.9,-4,3662
"3663","Spanish_CastillaLaMancha","LazaridisNature2014","cast1244","596954",39.9,-4,3663
"3664","Spanish_CastillaLeon","LazaridisNature2014","cast1244","596604",41.4,-4.5,3664
"3665","Spanish_CastillaLeon","LazaridisNature2014","cast1244","595980",41.4,-4.5,3665
"3666","Spanish_CastillaLeon","LazaridisNature2014","cast1244","596790",41.4,-4.5,3666
"3667","Spanish_CastillaLeon","LazaridisNature2014","cast1244","596310",41.4,-4.5,3667
"3668","Spanish_CastillaLeon","LazaridisNature2014","cast1244","595986",41.4,-4.5,3668
"3669","Spanish_Cataluna","LazaridisNature2014","stan1289","596579",41.8,1.5,3669
"3670","Spanish_Cataluna","LazaridisNature2014","stan1289","596348",41.8,1.5,3670
"3671","Spanish_Cataluna","LazaridisNature2014","stan1289","597146",41.8,1.5,3671
"3672","Spanish_Cataluna","LazaridisNature2014","stan1289","596111",41.8,1.5,3672
"3673","Spanish_Cataluna","LazaridisNature2014","stan1289","596046",41.8,1.5,3673
"3674","Spanish_Extremadura","LazaridisNature2014","extr1243","596601",39,-6,3674
"3675","Spanish_Extremadura","LazaridisNature2014","extr1243","595725",39,-6,3675
"3676","Spanish_Extremadura","LazaridisNature2014","extr1243","596194",39,-6,3676
"3677","Spanish_Extremadura","LazaridisNature2014","extr1243","596382",39,-6,3677
"3678","Spanish_Extremadura","LazaridisNature2014","extr1243","596954",39,-6,3678
"3679","Spanish_Galicia","LazaridisNature2014","gali1258","596134",42.5,-8.1,3679
"3680","Spanish_Galicia","LazaridisNature2014","gali1258","596721",42.5,-8.1,3680
"3681","Spanish_Galicia","LazaridisNature2014","gali1258","595752",42.5,-8.1,3681
"3682","Spanish_Galicia","LazaridisNature2014","gali1258","596927",42.5,-8.1,3682
"3683","Spanish_Galicia","LazaridisNature2014","gali1258","596104",42.5,-8.1,3683
"3684","Spanish_Murcia","LazaridisNature2014","murc1238","597066",38,-1.1,3684
"3685","Spanish_Murcia","LazaridisNature2014","murc1238","596264",38,-1.1,3685
"3686","Spanish_Murcia","LazaridisNature2014","murc1238","596496",38,-1.1,3686
"3687","Spanish_Murcia","LazaridisNature2014","murc1238","596358",38,-1.1,3687
"3688","Spanish_Murcia","LazaridisNature2014","murc1238","596998",38,-1.1,3688
"3689","Spanish_PaisVasco","LazaridisNature2014","basq1248","596200",42.8,-2.7,3689
"3690","Spanish_PaisVasco","LazaridisNature2014","basq1248","596079",42.8,-2.7,3690
"3691","Spanish_PaisVasco","LazaridisNature2014","basq1248","596328",42.8,-2.7,3691
"3692","Spanish_PaisVasco","LazaridisNature2014","basq1248","597013",42.8,-2.7,3692
"3693","Spanish_PaisVasco","LazaridisNature2014","basq1248","596323",42.8,-2.7,3693
"3694","Spanish_Valencia","LazaridisNature2014","stan1289","596100",39.5,-0.4,3694
"3695","Spanish_Valencia","LazaridisNature2014","stan1289","596587",39.5,-0.4,3695
"3696","Spanish_Valencia","LazaridisNature2014","stan1289","595581",39.5,-0.4,3696
"3697","Spanish_Valencia","LazaridisNature2014","stan1289","596861",39.5,-0.4,3697
"3698","Spanish_Valencia","LazaridisNature2014","stan1289","596257",39.5,-0.4,3698
"3699","Sulka_Ganai","SkoglundNature2016","sulk1246","590670",-4.5,152.333,3699
"3700","Sulka_Ganai","SkoglundNature2016","sulk1246","590539",-4.5,152.333,3700
"3701","Sulka_Ganai","SkoglundNature2016","sulk1246","590688",-4.5,152.333,3701
"3702","Sulka_Ganai","SkoglundNature2016","sulk1246","590560",-4.5,152.333,3702
"3703","Sulka_Ganai","SkoglundNature2016","sulk1246","590683",-4.5,152.333,3703
"3704","Sulka_Ganai","SkoglundNature2016","sulk1246","588384",-4.5,152.333,3704
"3705","Sulka_Ganai","SkoglundNature2016","sulk1246","588913",-4.5,152.333,3705
"3706","Sulka_Ganai","SkoglundNature2016","sulk1246","588852",-4.5,152.333,3706
"3707","Sulka_Ganai","SkoglundNature2016","sulk1246","590704",-4.5,152.333,3707
"3708","Sulka_Ganai","SkoglundNature2016","sulk1246","585244",-4.5,152.333,3708
"3709","Sulka_Watwat","SkoglundNature2016","sulk1246","584864",-4.483,152.3,3709
"3710","Sulka_Watwat","SkoglundNature2016","sulk1246","585449",-4.483,152.3,3710
"3711","Sulka_Watwat","SkoglundNature2016","sulk1246","590647",-4.483,152.3,3711
"3712","Sulka_Watwat","SkoglundNature2016","sulk1246","589098",-4.483,152.3,3712
"3713","Sulka_Watwat","SkoglundNature2016","sulk1246","590637",-4.483,152.3,3713
"3714","Sulka_Watwat","SkoglundNature2016","sulk1246","590723",-4.483,152.3,3714
"3715","Sulka_Watwat","SkoglundNature2016","sulk1246","590714",-4.483,152.3,3715
"3716","Sulka_Watwat","SkoglundNature2016","sulk1246","590708",-4.483,152.3,3716
"3717","Sulka_Watwat","SkoglundNature2016","sulk1246","589307",-4.483,152.3,3717
"3718","Surui","PattersonGenetics2012","suru1262","595848",-11,-62,3718
"3719","Surui","PattersonGenetics2012","suru1262","586989",-11,-62,3719
"3720","Surui","PattersonGenetics2012","suru1262","591856",-11,-62,3720
"3721","Surui","PattersonGenetics2012","suru1262","589525",-11,-62,3721
"3722","Surui","PattersonGenetics2012","suru1262","590699",-11,-62,3722
"3723","Surui","PattersonGenetics2012","suru1262","592025",-11,-62,3723
"3724","Surui","PattersonGenetics2012","suru1262","592359",-11,-62,3724
"3725","Surui","PattersonGenetics2012","suru1262","591729",-11,-62,3725
"3726","Surui","PattersonGenetics2012","suru1262","587729",-11,-62,3726
"3727","Surui","PattersonGenetics2012","suru1262","586337",-11,-62,3727
"3728","Surui","PattersonGenetics2012","suru1262","590169",-11,-62,3728
"3729","Surui","PattersonGenetics2012","suru1262","589857",-11,-62,3729
"3730","Syrian","LazaridisNature2014","turo1239","596550",35.128894,36.870117,3730
"3731","Syrian","LazaridisNature2014","turo1239","595679",35.128894,36.870117,3731
"3732","Syrian","LazaridisNature2014","turo1239","596264",35.128894,36.870117,3732
"3733","Syrian","LazaridisNature2014","turo1239","596767",35.128894,36.870117,3733
"3734","Syrian","LazaridisNature2014","turo1239","596977",35.128894,36.870117,3734
"3735","Syrian","LazaridisNature2014","turo1239","596517",35.128894,36.870117,3735
"3736","Syrian","LazaridisNature2014","turo1239","596671",35.128894,36.870117,3736
"3737","Syrian","LazaridisNature2014","turo1239","595685",35.128894,36.870117,3737
"3738","Taa_East","PickrellNatureCommunications2012","huaa1248","595061",-24.23651618,22.82065451,3738
"3739","Taa_East","PickrellNatureCommunications2012","huaa1248","595409",-24.23651618,22.82065451,3739
"3740","Taa_East","PickrellNatureCommunications2012","huaa1248","594889",-24.23651618,22.82065451,3740
"3741","Taa_East","PickrellNatureCommunications2012","huaa1248","596542",-24.23651618,22.82065451,3741
"3742","Taa_East","PickrellNatureCommunications2012","huaa1248","593454",-24.23651618,22.82065451,3742
"3743","Taa_East","PickrellNatureCommunications2012","huaa1248","596671",-24.23651618,22.82065451,3743
"3744","Taa_East","PickrellNatureCommunications2012","huaa1248","596185",-24.23651618,22.82065451,3744
"3745","Taa_East","PickrellNatureCommunications2012","huaa1248","593158",-24.23651618,22.82065451,3745
"3746","Taa_North","PickrellNatureCommunications2012","xooo1239","595451",-23.01456474,22.41585793,3746
"3747","Taa_North","PickrellNatureCommunications2012","xooo1239","594270",-23.01456474,22.41585793,3747
"3748","Taa_North","PickrellNatureCommunications2012","xooo1239","596158",-23.01456474,22.41585793,3748
"3749","Taa_North","PickrellNatureCommunications2012","xooo1239","596405",-23.01456474,22.41585793,3749
"3750","Taa_North","PickrellNatureCommunications2012","xooo1239","595691",-23.01456474,22.41585793,3750
"3751","Taa_North","PickrellNatureCommunications2012","xooo1239","587445",-23.01456474,22.41585793,3751
"3752","Taa_North","PickrellNatureCommunications2012","xooo1239","592680",-23.01456474,22.41585793,3752
"3753","Taa_North","PickrellNatureCommunications2012","xooo1239","596055",-23.01456474,22.41585793,3753
"3754","Taa_North","PickrellNatureCommunications2012","xooo1239","596530",-23.01456474,22.41585793,3754
"3755","Taa_North","PickrellNatureCommunications2012","xooo1239","596798",-23.01456474,22.41585793,3755
"3756","Taa_North","PickrellNatureCommunications2012","xooo1239","596659",-23.01456474,22.41585793,3756
"3757","Taa_West","PickrellNatureCommunications2012","xooo1239","592232",-23.63993795,20.27274124,3757
"3758","Taa_West","PickrellNatureCommunications2012","xooo1239","596476",-23.63993795,20.27274124,3758
"3759","Taa_West","PickrellNatureCommunications2012","xooo1239","596107",-23.63993795,20.27274124,3759
"3760","Taa_West","PickrellNatureCommunications2012","xooo1239","594065",-23.63993795,20.27274124,3760
"3761","Taa_West","PickrellNatureCommunications2012","xooo1239","595709",-23.63993795,20.27274124,3761
"3762","Taa_West","PickrellNatureCommunications2012","xooo1239","596281",-23.63993795,20.27274124,3762
"3763","Taa_West","PickrellNatureCommunications2012","xooo1239","594161",-23.63993795,20.27274124,3763
"3764","Taa_West","PickrellNatureCommunications2012","xooo1239","595892",-23.63993795,20.27274124,3764
"3765","Taa_West","PickrellNatureCommunications2012","xooo1239","595840",-23.63993795,20.27274124,3765
"3766","Taa_West","PickrellNatureCommunications2012","xooo1239","596149",-23.63993795,20.27274124,3766
"3767","Taa_West","PickrellNatureCommunications2012","xooo1239","595761",-23.63993795,20.27274124,3767
"3768","Taa_West","PickrellNatureCommunications2012","xooo1239","596481",-23.63993795,20.27274124,3768
"3769","Taa_West","PickrellNatureCommunications2012","xooo1239","595482",-23.63993795,20.27274124,3769
"3770","Taa_West","PickrellNatureCommunications2012","xooo1239","594039",-23.63993795,20.27274124,3770
"3771","Taa_West","PickrellNatureCommunications2012","xooo1239","595715",-23.63993795,20.27274124,3771
"3772","Tabasaran","Jeong_2019","taba1259","588737",41.96,47.82,3772
"3773","Tabasaran","Jeong_2019","taba1259","588881",41.96,47.82,3773
"3774","Tabasaran","Jeong_2019","taba1259","582256",41.96,47.82,3774
"3775","Tabasaran","Jeong_2019","taba1259","588850",41.96,47.82,3775
"3776","Tabasaran","Jeong_2019","taba1259","589121",41.96,47.82,3776
"3777","Tabasaran","Jeong_2019","taba1259","588831",41.96,47.82,3777
"3778","Tabasaran","Jeong_2019","taba1259","589107",41.96,47.82,3778
"3779","Tabasaran","Jeong_2019","taba1259","589074",41.96,47.82,3779
"3780","Tabasaran","Jeong_2019","taba1259","588463",41.96,47.82,3780
"3781","Tabasaran","Jeong_2019","taba1259","586235",41.96,47.82,3781
"3782","Tagalog","SkoglundNature2016","taga1270","590464",14.6,120.98,3782
"3783","Tagalog","SkoglundNature2016","taga1270","590359",14.6,120.98,3783
"3784","Tagalog","SkoglundNature2016","taga1270","590274",14.6,120.98,3784
"3785","Tagalog","SkoglundNature2016","taga1270","590307",14.6,120.98,3785
"3786","Tagalog","SkoglundNature2016","taga1270","590397",14.6,120.98,3786
"3787","Tahiti","SkoglundNature2016","tahi1242","548002",-17.666667,-149.416667,3787
"3788","Tahiti","SkoglundNature2016","tahi1242","548041",-17.666667,-149.416667,3788
"3789","Tahiti","SkoglundNature2016","tahi1242","547514",-17.666667,-149.416667,3789
"3790","Tahiti","SkoglundNature2016","tahi1242","546485",-17.666667,-149.416667,3790
"3791","TaiwanHan","SkoglundNature2016","taib1240","548087",25.033333,121.633333,3791
"3792","TaiwanHan","SkoglundNature2016","taib1240","546261",25.033333,121.633333,3792
"3793","TaiwanHan","SkoglundNature2016","taib1240","546973",25.033333,121.633333,3793
"3794","TaiwanHan","SkoglundNature2016","taib1240","547429",25.033333,121.633333,3794
"3795","TaiwanHan","SkoglundNature2016","taib1240","547574",25.033333,121.633333,3795
"3796","TaiwanHan","SkoglundNature2016","taib1240","547451",25.033333,121.633333,3796
"3797","TaiwanHan","SkoglundNature2016","taib1240","547778",25.033333,121.633333,3797
"3798","TaiwanHan","SkoglundNature2016","taib1240","547783",25.033333,121.633333,3798
"3799","TaiwanHan","SkoglundNature2016","taib1240","545000",25.033333,121.633333,3799
"3800","TaiwanHan","SkoglundNature2016","taib1240","547656",25.033333,121.633333,3800
"3801","Tajik","LazaridisNature2014","taji1245","596536",37.9,72.16666667,3801
"3802","Tajik","LazaridisNature2014","taji1245","597005",37.9,72.16666667,3802
"3803","Tajik","LazaridisNature2014","taji1245","596999",37.9,72.16666667,3803
"3804","Tajik","LazaridisNature2014","taji1245","596537",37.9,72.16666667,3804
"3805","Tajik","LazaridisNature2014","taji1245","595322",37.9,72.16666667,3805
"3806","Tajik","LazaridisNature2014","taji1245","594504",37.9,72.16666667,3806
"3807","Tajik","LazaridisNature2014","taji1245","596297",37.9,72.16666667,3807
"3808","Tajik","LazaridisNature2014","taji1245","596744",37.9,72.16666667,3808
"3809","Tajik_Lowland_Gissar","Jeong_2019","hiss1235","589566",38.52,68.53,3809
"3810","Tajik_Lowland_Gissar","Jeong_2019","hiss1235","588545",38.52,68.53,3810
"3811","Tajik_Lowland_Gissar","Jeong_2019","hiss1235","589069",38.52,68.53,3811
"3812","Tajik_Lowland_Gissar","Jeong_2019","hiss1235","588918",38.52,68.53,3812
"3813","Tajik_Lowland_Kulyab","Jeong_2019","kulj1234","588791",37.9,69.77,3813
"3814","Tajik_Lowland_Kulyab","Jeong_2019","kulj1234","589169",37.9,69.77,3814
"3815","Tajik_Lowland_Kulyab","Jeong_2019","kulj1234","589462",37.9,69.77,3815
"3816","Tajik_Lowland_Kulyab","Jeong_2019","kulj1234","588770",37.9,69.77,3816
"3817","Tajik_Lowland_Kulyab","Jeong_2019","kulj1234","588972",37.9,69.77,3817
"3818","Tajik_Lowland_Kulyab","Jeong_2019","kulj1234","588433",37.9,69.77,3818
"3819","Tajik_Lowland_Kulyab","Jeong_2019","kulj1234","589273",37.9,69.77,3819
"3820","Tajik_Mountain","Jeong_2019","taji1245","589491",39.37,68.52,3820
"3821","Tajik_Mountain","Jeong_2019","taji1245","589028",39.37,68.52,3821
"3822","Tajik_Mountain","Jeong_2019","taji1245","588579",39.37,68.52,3822
"3823","Tajik_Mountain","Jeong_2019","taji1245","588737",39.37,68.52,3823
"3824","Tajik_Mountain","Jeong_2019","taji1245","589000",39.37,68.52,3824
"3825","Tajik_Mountain","Jeong_2019","taji1245","587426",39.37,68.52,3825
"3826","Tajik_Mountain","Jeong_2019","taji1245","588820",39.37,68.52,3826
"3827","Tajik_Mountain","Jeong_2019","taji1245","589484",39.37,68.52,3827
"3828","Tajik_Mountain","Jeong_2019","taji1245","589180",39.37,68.52,3828
"3829","Tajik_Mountain","Jeong_2019","taji1245","589072",39.37,68.52,3829
"3830","Tajik_Mountain","Jeong_2019","taji1245","589421",39.37,68.52,3830
"3831","Tajik_Mountain","Jeong_2019","taji1245","589048",39.37,68.52,3831
"3832","Tallan","Barbieri_2018","ND","596509",-5.413622,-80.676682,3832
"3833","Tallan","Barbieri_2018","ND","596593",-5.413622,-80.676682,3833
"3834","Tallan","Barbieri_2018","ND","595004",-5.413622,-80.676682,3834
"3835","Tallan","Barbieri_2018","ND","596151",-5.413622,-80.676682,3835
"3836","Tallan","Barbieri_2018","ND","593859",-5.413622,-80.676682,3836
"3837","Tallan","Barbieri_2018","ND","596514",-5.413622,-80.676682,3837
"3838","Tallan","Barbieri_2018","ND","596473",-5.413622,-80.676682,3838
"3839","Tallan","Barbieri_2018","ND","596152",-5.413622,-80.676682,3839
"3840","Tatar_Kazan","Jeong_2019","tata1255","589279",55.23,52.58,3840
"3841","Tatar_Kazan","Jeong_2019","tata1255","588862",55.23,52.58,3841
"3842","Tatar_Kazan","Jeong_2019","tata1255","588471",55.23,52.58,3842
"3843","Tatar_Kazan","Jeong_2019","tata1255","587663",55.23,52.58,3843
"3844","Tatar_Kazan","Jeong_2019","tata1255","588511",55.23,52.58,3844
"3845","Tatar_Kazan","Jeong_2019","tata1255","589254",55.23,52.58,3845
"3846","Tatar_Kazan","Jeong_2019","tata1255","587958",55.23,52.58,3846
"3847","Tatar_Kazan","Jeong_2019","tata1255","587988",55.23,52.58,3847
"3848","Tatar_Kazan","Jeong_2019","tata1255","588608",55.23,52.58,3848
"3849","Tatar_Kazan","Jeong_2019","tata1255","588011",55.23,52.58,3849
"3850","Tatar_Kazan","Jeong_2019","tata1255","589146",55.23,52.58,3850
"3851","Tatar_Kazan","Jeong_2019","tata1255","588045",55.23,52.58,3851
"3852","Tatar_Kazan","Jeong_2019","tata1255","588342",55.23,52.58,3852
"3853","Tatar_Mishar","Jeong_2019","tata1255","588868",55,48.5,3853
"3854","Tatar_Mishar","Jeong_2019","tata1255","588423",55,48.5,3854
"3855","Tatar_Mishar","Jeong_2019","tata1255","588708",55,48.5,3855
"3856","Tatar_Mishar","Jeong_2019","tata1255","588859",55,48.5,3856
"3857","Tatar_Mishar","Jeong_2019","tata1255","588962",55,48.5,3857
"3858","Tatar_Mishar","Jeong_2019","tata1255","588492",55,48.5,3858
"3859","Tatar_Mishar","Jeong_2019","tata1255","589012",55,48.5,3859
"3860","Tatar_Mishar","Jeong_2019","tata1255","589287",55,48.5,3860
"3861","Tatar_Mishar","Jeong_2019","tata1255","587797",55,48.5,3861
"3862","Tatar_Siberian_Buhar","Jeong_2019","sibe1250","589485",57.15,65.77,3862
"3863","Tatar_Siberian_Buhar","Jeong_2019","sibe1250","589368",57.15,65.77,3863
"3864","Tatar_Siberian_Buhar","Jeong_2019","sibe1250","589434",57.15,65.77,3864
"3865","Tatar_Siberian_Buhar","Jeong_2019","sibe1250","588925",57.15,65.77,3865
"3866","Tatar_Siberian_Ishtyak_Toguz","Jeong_2019","sibe1250","589301",57.93,69.01,3866
"3867","Tatar_Siberian_Ishtyak_Toguz","Jeong_2019","sibe1250","589280",57.93,69.01,3867
"3868","Tatar_Siberian_Ishtyak_Toguz","Jeong_2019","sibe1250","588703",57.93,69.01,3868
"3869","Tatar_Siberian_Ishtyak_Toguz","Jeong_2019","sibe1250","588805",57.93,69.01,3869
"3870","Tatar_Siberian_Ishtyak_Toguz","Jeong_2019","sibe1250","589163",57.93,69.01,3870
"3871","Tatar_Siberian_Iskero_Tobolsk","Jeong_2019","sibe1250","589522",58.1,68.72,3871
"3872","Tatar_Siberian_Iskero_Tobolsk","Jeong_2019","sibe1250","589288",58.1,68.72,3872
"3873","Tatar_Siberian_Iskero_Tobolsk","Jeong_2019","sibe1250","588736",58.1,68.72,3873
"3874","Tatar_Siberian_Iskero_Tobolsk","Jeong_2019","sibe1250","588778",58.1,68.72,3874
"3875","Tatar_Siberian_Iskero_Tobolsk","Jeong_2019","sibe1250","589448",58.1,68.72,3875
"3876","Tatar_Siberian_Yalutorovsky","Jeong_2019","sibe1250","588996",56.89,66.52,3876
"3877","Tatar_Siberian_Yalutorovsky","Jeong_2019","sibe1250","589436",56.89,66.52,3877
"3878","Tatar_Siberian_Yalutorovsky","Jeong_2019","sibe1250","588908",56.89,66.52,3878
"3879","Tatar_Siberian_Yalutorovsky","Jeong_2019","sibe1250","588278",56.89,66.52,3879
"3880","Tatar_Siberian_Yalutorovsky","Jeong_2019","sibe1250","588647",56.89,66.52,3880
"3881","Tatar_Siberian_Yalutorovsky","Jeong_2019","sibe1250","588921",56.89,66.52,3881
"3882","Tatar_Siberian_Zabolotniye","Jeong_2019","sibe1250","586625",58.41,67.46,3882
"3883","Tatar_Siberian_Zabolotniye","Jeong_2019","sibe1250","588348",58.41,67.46,3883
"3884","Tatar_Siberian_Zabolotniye","Jeong_2019","sibe1250","589337",58.41,67.46,3884
"3885","Tatar_Siberian_Zabolotniye","Jeong_2019","sibe1250","588857",58.41,67.46,3885
"3886","Tatar_Siberian_Zabolotniye","Jeong_2019","sibe1250","589510",58.41,67.46,3886
"3887","Teop","SkoglundNature2016","teop1238","586193",-5.85,155.18,3887
"3888","Teop","SkoglundNature2016","teop1238","588614",-5.85,155.18,3888
"3889","Teop","SkoglundNature2016","teop1238","588939",-5.85,155.18,3889
"3890","Teop","SkoglundNature2016","teop1238","589130",-5.85,155.18,3890
"3891","Teop","SkoglundNature2016","teop1238","588039",-5.85,155.18,3891
"3892","Teop","SkoglundNature2016","teop1238","589443",-5.85,155.18,3892
"3893","Teop","SkoglundNature2016","teop1238","586919",-5.85,155.18,3893
"3894","Teop","SkoglundNature2016","teop1238","588276",-5.85,155.18,3894
"3895","Teop","SkoglundNature2016","teop1238","589150",-5.85,155.18,3895
"3896","Thai","LazaridisNature2014","thai1261","596502",13.8,100.5,3896
"3897","Thai","LazaridisNature2014","thai1261","596117",13.8,100.5,3897
"3898","Thai","LazaridisNature2014","thai1261","595374",13.8,100.5,3898
"3899","Thai","LazaridisNature2014","thai1261","596115",13.8,100.5,3899
"3900","Thai","LazaridisNature2014","thai1261","596735",13.8,100.5,3900
"3901","Thai","LazaridisNature2014","thai1261","596354",13.8,100.5,3901
"3902","Thai","LazaridisNature2014","thai1261","596896",13.8,100.5,3902
"3903","Thai","LazaridisNature2014","thai1261","596727",13.8,100.5,3903
"3904","Ticuna","LazaridisNature2014","ticu1245","595832",-3.8,-70,3904
"3905","Tigak","SkoglundNature2016","tiga1245","589171",-2.567,150.8333,3905
"3906","Tigak","SkoglundNature2016","tiga1245","590598",-2.567,150.8333,3906
"3907","Tigak","SkoglundNature2016","tiga1245","590649",-2.567,150.8333,3907
"3908","Tigak","SkoglundNature2016","tiga1245","590465",-2.567,150.8333,3908
"3909","Tigak","SkoglundNature2016","tiga1245","589921",-2.567,150.8333,3909
"3910","Tigak","SkoglundNature2016","tiga1245","590637",-2.567,150.8333,3910
"3911","Tigak","SkoglundNature2016","tiga1245","590233",-2.567,150.8333,3911
"3912","Tigak","SkoglundNature2016","tiga1245","590580",-2.567,150.8333,3912
"3913","Tigak","SkoglundNature2016","tiga1245","590559",-2.567,150.8333,3913
"3914","Tikopia","QinStonekingMBE2015","tiko1237","596134",-12.296678,168.824107,3914
"3915","Tikopia","QinStonekingMBE2015","tiko1237","596267",-12.296678,168.824107,3915
"3916","Tikopia","QinStonekingMBE2015","tiko1237","595808",-12.296678,168.824107,3916
"3917","Tikopia","QinStonekingMBE2015","tiko1237","596691",-12.296678,168.824107,3917
"3918","Tikopia","QinStonekingMBE2015","tiko1237","594899",-12.296678,168.824107,3918
"3919","Tikopia","QinStonekingMBE2015","tiko1237","596287",-12.296678,168.824107,3919
"3920","Todzin","Jeong_2019","tuba1274","589183",51,94.95,3920
"3921","Todzin","Jeong_2019","tuba1274","589286",51,94.95,3921
"3922","Todzin","Jeong_2019","tuba1274","589392",51,94.95,3922
"3923","Todzin","Jeong_2019","tuba1274","589305",51,94.95,3923
"3924","Tofalar","LazaridisNature2014","kara1462","590262",54.217657,96.976046,3924
"3925","Tofalar","LazaridisNature2014","kara1462","590108",54.217657,96.976046,3925
"3926","Tofalar","LazaridisNature2014","kara1462","590246",54.217657,96.976046,3926
"3927","Tofalar","LazaridisNature2014","kara1462","590423",54.217657,96.976046,3927
"3928","Tofalar","LazaridisNature2014","kara1462","590402",54.217657,96.976046,3928
"3929","Tofalar","LazaridisNature2014","kara1462","589697",54.217657,96.976046,3929
"3930","Tofalar","LazaridisNature2014","kara1462","589997",54.217657,96.976046,3930
"3931","Tofalar","LazaridisNature2014","kara1462","590406",54.217657,96.976046,3931
"3932","Tofalar","LazaridisNature2014","kara1462","589711",54.217657,96.976046,3932
"3933","Tofalar","LazaridisNature2014","kara1462","590391",54.217657,96.976046,3933
"3934","Tolai","SkoglundNature2016","mini1257","590738",-4.311,152.128,3934
"3935","Tolai","SkoglundNature2016","mini1257","590352",-4.311,152.128,3935
"3936","Tolai","SkoglundNature2016","mini1257","590649",-4.311,152.128,3936
"3937","Tolai","SkoglundNature2016","mini1257","590234",-4.311,152.128,3937
"3938","Tolai","SkoglundNature2016","mini1257","590685",-4.311,152.128,3938
"3939","Tolai","SkoglundNature2016","mini1257","588010",-4.311,152.128,3939
"3940","Tolai","SkoglundNature2016","mini1257","590726",-4.311,152.128,3940
"3941","Tolai","SkoglundNature2016","mini1257","588628",-4.311,152.128,3941
"3942","Tolai","SkoglundNature2016","mini1257","589169",-4.311,152.128,3942
"3943","Tolai","SkoglundNature2016","mini1257","590699",-4.311,152.128,3943
"3944","Tolai_Kabakada","SkoglundNature2016","kaba1283","590498",-4.483,152.1,3944
"3945","Tolai_Kabakada","SkoglundNature2016","kaba1283","590731",-4.483,152.1,3945
"3946","Tolai_Kabakada","SkoglundNature2016","kaba1283","589252",-4.483,152.1,3946
"3947","Tolai_Kabakada","SkoglundNature2016","kaba1283","590696",-4.483,152.1,3947
"3948","Tolai_Kabakada","SkoglundNature2016","kaba1283","590533",-4.483,152.1,3948
"3949","Tolai_Kabakada","SkoglundNature2016","kaba1283","589216",-4.483,152.1,3949
"3950","Tolai_Kabakada","SkoglundNature2016","kaba1283","588502",-4.483,152.1,3950
"3951","Tolai_Kabakada","SkoglundNature2016","kaba1283","590377",-4.483,152.1,3951
"3952","Tolai_Kabakada","SkoglundNature2016","kaba1283","590175",-4.483,152.1,3952
"3953","Tolai_Matupit","SkoglundNature2016","matu1260","590736",-4.25,152.183,3953
"3954","Tolai_Matupit","SkoglundNature2016","matu1260","590024",-4.25,152.183,3954
"3955","Tolai_Vunairoto","SkoglundNature2016","mini1257","590449",-4.2,152.1,3955
"3956","Tolai_Vunairoto","SkoglundNature2016","mini1257","590689",-4.2,152.1,3956
"3957","Tongan","QinStonekingMBE2015","tong1325","595376",-21.19,-175.18,3957
"3958","Tongan","QinStonekingMBE2015","tong1325","593349",-21.19,-175.18,3958
"3959","Tongan","QinStonekingMBE2015","tong1325","596030",-21.19,-175.18,3959
"3960","Tongan","QinStonekingMBE2015","tong1325","596626",-21.19,-175.18,3960
"3961","Tongan","QinStonekingMBE2015","tong1325","596038",-21.19,-175.18,3961
"3962","Tongan","QinStonekingMBE2015","tong1325","596092",-21.19,-175.18,3962
"3963","Tongan","QinStonekingMBE2015","tong1325","596145",-21.19,-175.18,3963
"3964","Tongan","QinStonekingMBE2015","tong1325","595180",-21.19,-175.18,3964
"3965","Tongan","QinStonekingMBE2015","tong1325","595612",-21.19,-175.18,3965
"3966","Tongan","QinStonekingMBE2015","tong1325","596276",-21.19,-175.18,3966
"3967","Tshwa","PickrellNatureCommunications2012","tsoa1238","596453",-21.02493467,25.93657567,3967
"3968","Tshwa","PickrellNatureCommunications2012","tsoa1238","588304",-21.02493467,25.93657567,3968
"3969","Tshwa","PickrellNatureCommunications2012","tsoa1238","594881",-21.02493467,25.93657567,3969
"3970","Tshwa","PickrellNatureCommunications2012","tsoa1238","596471",-21.02493467,25.93657567,3970
"3971","Tshwa","PickrellNatureCommunications2012","tsoa1238","596710",-21.02493467,25.93657567,3971
"3972","Tshwa","PickrellNatureCommunications2012","tsoa1238","594318",-21.02493467,25.93657567,3972
"3973","Tshwa","PickrellNatureCommunications2012","tsoa1238","593278",-21.02493467,25.93657567,3973
"3974","Tshwa","PickrellNatureCommunications2012","tsoa1238","593055",-21.02493467,25.93657567,3974
"3975","Tswana","PickrellNatureCommunications2012","tswa1253","596219",-24.066528,25.3656,3975
"3976","Tswana","PickrellNatureCommunications2012","tswa1253","595937",-24.066528,25.3656,3976
"3977","Tswana","PickrellNatureCommunications2012","tswa1253","595339",-24.066528,25.3656,3977
"3978","Tswana","PickrellNatureCommunications2012","tswa1253","588716",-24.066528,25.3656,3978
"3979","Tswana","PickrellNatureCommunications2012","tswa1253","595948",-24.066528,25.3656,3979
"3980","Tu","PattersonGenetics2012","tuuu1240","596832",36,101,3980
"3981","Tu","PattersonGenetics2012","tuuu1240","596044",36,101,3981
"3982","Tu","PattersonGenetics2012","tuuu1240","594920",36,101,3982
"3983","Tu","PattersonGenetics2012","tuuu1240","596417",36,101,3983
"3984","Tu","PattersonGenetics2012","tuuu1240","596721",36,101,3984
"3985","Tu","PattersonGenetics2012","tuuu1240","596225",36,101,3985
"3986","Tu","PattersonGenetics2012","tuuu1240","596295",36,101,3986
"3987","Tu","PattersonGenetics2012","tuuu1240","596136",36,101,3987
"3988","Tu","PattersonGenetics2012","tuuu1240","596233",36,101,3988
"3989","Tu","PattersonGenetics2012","tuuu1240","596469",36,101,3989
"3990","Tubalar","LazaridisNature2014","kara1462","597137",51.13333333,87,3990
"3991","Tubalar","LazaridisNature2014","kara1462","597089",51.13333333,87,3991
"3992","Tubalar","LazaridisNature2014","kara1462","579801",51.13333333,87,3992
"3993","Tubalar","LazaridisNature2014","kara1462","596448",51.13333333,87,3993
"3994","Tubalar","LazaridisNature2014","kara1462","594370",51.13333333,87,3994
"3995","Tubalar","LazaridisNature2014","kara1462","596368",51.13333333,87,3995
"3996","Tubalar","LazaridisNature2014","kara1462","596194",51.13333333,87,3996
"3997","Tubalar","LazaridisNature2014","kara1462","595895",51.13333333,87,3997
"3998","Tubalar","LazaridisNature2014","kara1462","595806",51.13333333,87,3998
"3999","Tubalar","LazaridisNature2014","kara1462","595924",51.13333333,87,3999
"4000","Tubalar","LazaridisNature2014","kara1462","596479",51.13333333,87,4000
"4001","Tubalar","LazaridisNature2014","kara1462","596191",51.13333333,87,4001
"4002","Tubalar","LazaridisNature2014","kara1462","593624",51.13333333,87,4002
"4003","Tubalar","LazaridisNature2014","kara1462","595608",51.13333333,87,4003
"4004","Tubalar","LazaridisNature2014","kara1462","596679",51.13333333,87,4004
"4005","Tubalar","LazaridisNature2014","kara1462","595981",51.13333333,87,4005
"4006","Tubalar","LazaridisNature2014","kara1462","596895",51.13333333,87,4006
"4007","Tubalar","LazaridisNature2014","kara1462","597249",51.13333333,87,4007
"4008","Tubalar","LazaridisNature2014","kara1462","596206",51.13333333,87,4008
"4009","Tubalar","LazaridisNature2014","kara1462","596548",51.13333333,87,4009
"4010","Tubalar","LazaridisNature2014","kara1462","595568",51.13333333,87,4010
"4011","Tubalar","LazaridisNature2014","kara1462","596533",51.13333333,87,4011
"4012","Tubalar","LazaridisNature2014","kara1462","596921",51.13333333,87,4012
"4013","Tubalar","LazaridisNature2014","kara1462","597081",51.13333333,87,4013
"4014","Tubalar","LazaridisNature2014","kara1462","596202",51.13333333,87,4014
"4015","Tubalar","LazaridisNature2014","kara1462","596449",51.13333333,87,4015
"4016","Tubalar","LazaridisNature2014","kara1462","596176",51.13333333,87,4016
"4017","Tubalar","LazaridisNature2014","kara1462","596190",51.13333333,87,4017
"4018","Tubalar","LazaridisNature2014","kara1462","596640",51.13333333,87,4018
"4019","Tubalar","LazaridisNature2014","kara1462","596496",51.13333333,87,4019
"4020","Tubalar_2","Jeong_2019","nort2686","584677",52.2,87.42,4020
"4021","Tubalar_2","Jeong_2019","nort2686","587159",52.2,87.42,4021
"4022","Tubalar_2","Jeong_2019","nort2686","585979",52.2,87.42,4022
"4023","Tubalar_2","Jeong_2019","nort2686","585087",52.2,87.42,4023
"4024","Tubalar_2","Jeong_2019","nort2686","585146",52.2,87.42,4024
"4025","Tujia","PattersonGenetics2012","tuji1244","596534",29,109,4025
"4026","Tujia","PattersonGenetics2012","tuji1244","595955",29,109,4026
"4027","Tujia","PattersonGenetics2012","tuji1244","596938",29,109,4027
"4028","Tujia","PattersonGenetics2012","tuji1244","593117",29,109,4028
"4029","Tujia","PattersonGenetics2012","tuji1244","593477",29,109,4029
"4030","Tujia","PattersonGenetics2012","tuji1244","596702",29,109,4030
"4031","Tujia","PattersonGenetics2012","tuji1244","595209",29,109,4031
"4032","Tujia","PattersonGenetics2012","tuji1244","596280",29,109,4032
"4033","Tujia","PattersonGenetics2012","tuji1244","595648",29,109,4033
"4034","Tujia","PattersonGenetics2012","tuji1244","596732",29,109,4034
"4035","Tumbes","Barbieri_2018","ND","595975",-3.656891,-80.622322,4035
"4036","Tumbes","Barbieri_2018","ND","596516",-3.656891,-80.622322,4036
"4037","Tumbes","Barbieri_2018","ND","596588",-3.656891,-80.622322,4037
"4038","Tumbes","Barbieri_2018","ND","595449",-3.656891,-80.622322,4038
"4039","Tumbes","Barbieri_2018","ND","596416",-3.656891,-80.622322,4039
"4040","Tumbes","Barbieri_2018","ND","595203",-3.656891,-80.622322,4040
"4041","Tumbes","Barbieri_2018","ND","596613",-3.656891,-80.622322,4041
"4042","Tumbes","Barbieri_2018","ND","594331",-3.656891,-80.622322,4042
"4043","Tunisian","LazaridisNature2014","tuni1259","595936",36.82,10.17,4043
"4044","Tunisian","LazaridisNature2014","tuni1259","596851",36.82,10.17,4044
"4045","Tunisian","LazaridisNature2014","tuni1259","595940",36.82,10.17,4045
"4046","Tunisian","LazaridisNature2014","tuni1259","596156",36.82,10.17,4046
"4047","Tunisian","LazaridisNature2014","tuni1259","596218",36.82,10.17,4047
"4048","Tunisian","LazaridisNature2014","tuni1259","595882",36.82,10.17,4048
"4049","Tunisian","LazaridisNature2014","tuni1259","596161",36.82,10.17,4049
"4050","Tunisian","LazaridisNature2014","tuni1259","589432",36.82,10.17,4050
"4051","Turkish_Adana","LazaridisNature2014","nucl1301","596925",37,35.31666667,4051
"4052","Turkish_Adana","LazaridisNature2014","nucl1301","597321",37,35.31666667,4052
"4053","Turkish_Adana","LazaridisNature2014","nucl1301","597146",37,35.31666667,4053
"4054","Turkish_Adana","LazaridisNature2014","nucl1301","596158",37,35.31666667,4054
"4055","Turkish_Adana","LazaridisNature2014","nucl1301","597383",37,35.31666667,4055
"4056","Turkish_Adana","LazaridisNature2014","nucl1301","596609",37,35.31666667,4056
"4057","Turkish_Adana","LazaridisNature2014","nucl1301","597106",37,35.31666667,4057
"4058","Turkish_Adana","LazaridisNature2014","nucl1301","596552",37,35.31666667,4058
"4059","Turkish_Adana","LazaridisNature2014","nucl1301","597259",37,35.31666667,4059
"4060","Turkish_Adana","LazaridisNature2014","nucl1301","597240",37,35.31666667,4060
"4061","Turkish_Aydin","LazaridisNature2014","nucl1301","597018",37.85,27.83333333,4061
"4062","Turkish_Aydin","LazaridisNature2014","nucl1301","596386",37.85,27.83333333,4062
"4063","Turkish_Aydin","LazaridisNature2014","nucl1301","596724",37.85,27.83333333,4063
"4064","Turkish_Aydin","LazaridisNature2014","nucl1301","596727",37.85,27.83333333,4064
"4065","Turkish_Aydin","LazaridisNature2014","nucl1301","596564",37.85,27.83333333,4065
"4066","Turkish_Aydin","LazaridisNature2014","nucl1301","597065",37.85,27.83333333,4066
"4067","Turkish_Aydin","LazaridisNature2014","nucl1301","596574",37.85,27.83333333,4067
"4068","Turkish_Aydin","LazaridisNature2014","nucl1301","596800",37.85,27.83333333,4068
"4069","Turkish_Aydin","LazaridisNature2014","nucl1301","597185",37.85,27.83333333,4069
"4070","Turkish_Aydin","LazaridisNature2014","nucl1301","596616",37.85,27.83333333,4070
"4071","Turkish_Balikesir","LazaridisNature2014","nucl1301","597229",39.385,27.533,4071
"4072","Turkish_Balikesir","LazaridisNature2014","nucl1301","594734",39.385,27.533,4072
"4073","Turkish_Balikesir","LazaridisNature2014","nucl1301","596079",39.385,27.533,4073
"4074","Turkish_Balikesir","LazaridisNature2014","nucl1301","597045",39.385,27.533,4074
"4075","Turkish_Balikesir","LazaridisNature2014","nucl1301","597027",39.385,27.533,4075
"4076","Turkish_Balikesir","LazaridisNature2014","nucl1301","595430",39.385,27.533,4076
"4077","Turkish_Balikesir","LazaridisNature2014","nucl1301","596222",39.385,27.533,4077
"4078","Turkish_Balikesir","LazaridisNature2014","nucl1301","596579",39.385,27.533,4078
"4079","Turkish_Balikesir","LazaridisNature2014","nucl1301","596362",39.385,27.533,4079
"4080","Turkish_Balikesir","LazaridisNature2014","nucl1301","597281",39.385,27.533,4080
"4081","Turkish_Balikesir","LazaridisNature2014","nucl1301","596324",39.385,27.533,4081
"4082","Turkish_Istanbul","LazaridisNature2014","nucl1301","597102",41.016666,28.95,4082
"4083","Turkish_Istanbul","LazaridisNature2014","nucl1301","597008",41.016666,28.95,4083
"4084","Turkish_Istanbul","LazaridisNature2014","nucl1301","597230",41.016666,28.95,4084
"4085","Turkish_Istanbul","LazaridisNature2014","nucl1301","596719",41.016666,28.95,4085
"4086","Turkish_Istanbul","LazaridisNature2014","nucl1301","596179",41.016666,28.95,4086
"4087","Turkish_Istanbul","LazaridisNature2014","nucl1301","596544",41.016666,28.95,4087
"4088","Turkish_Istanbul","LazaridisNature2014","nucl1301","596576",41.016666,28.95,4088
"4089","Turkish_Istanbul","LazaridisNature2014","nucl1301","597085",41.016666,28.95,4089
"4090","Turkish_Istanbul","LazaridisNature2014","nucl1301","597047",41.016666,28.95,4090
"4091","Turkish_Istanbul","LazaridisNature2014","nucl1301","597226",41.016666,28.95,4091
"4092","Turkish_Istanbul","LazaridisNature2014","nucl1301","596029",41.016666,28.95,4092
"4093","Turkish_Kayseri","LazaridisNature2014","nucl1301","596649",38.733333,35.483333,4093
"4094","Turkish_Kayseri","LazaridisNature2014","nucl1301","597213",38.733333,35.483333,4094
"4095","Turkish_Kayseri","LazaridisNature2014","nucl1301","597211",38.733333,35.483333,4095
"4096","Turkish_Kayseri","LazaridisNature2014","nucl1301","597161",38.733333,35.483333,4096
"4097","Turkish_Kayseri","LazaridisNature2014","nucl1301","597204",38.733333,35.483333,4097
"4098","Turkish_Kayseri","LazaridisNature2014","nucl1301","596878",38.733333,35.483333,4098
"4099","Turkish_Kayseri","LazaridisNature2014","nucl1301","596418",38.733333,35.483333,4099
"4100","Turkish_Kayseri","LazaridisNature2014","nucl1301","596692",38.733333,35.483333,4100
"4101","Turkish_Kayseri","LazaridisNature2014","nucl1301","595311",38.733333,35.483333,4101
"4102","Turkish_Kayseri","LazaridisNature2014","nucl1301","596460",38.733333,35.483333,4102
"4103","Turkish_Trabzon","LazaridisNature2014","nucl1301","596024",41,39.73333333,4103
"4104","Turkish_Trabzon","LazaridisNature2014","nucl1301","597173",41,39.73333333,4104
"4105","Turkish_Trabzon","LazaridisNature2014","nucl1301","595355",41,39.73333333,4105
"4106","Turkish_Trabzon","LazaridisNature2014","nucl1301","597201",41,39.73333333,4106
"4107","Turkish_Trabzon","LazaridisNature2014","nucl1301","596640",41,39.73333333,4107
"4108","Turkish_Trabzon","LazaridisNature2014","nucl1301","596883",41,39.73333333,4108
"4109","Turkish_Trabzon","LazaridisNature2014","nucl1301","597251",41,39.73333333,4109
"4110","Turkish_Trabzon","LazaridisNature2014","nucl1301","596814",41,39.73333333,4110
"4111","Turkish_Trabzon","LazaridisNature2014","nucl1301","597131",41,39.73333333,4111
"4112","Turkish_Trabzon","LazaridisNature2014","nucl1301","597247",41,39.73333333,4112
"4113","Turkmen","LazaridisNature2014","turk1304","596520",42.463993,59.611816,4113
"4114","Turkmen","LazaridisNature2014","turk1304","596788",42.463993,59.611816,4114
"4115","Turkmen","LazaridisNature2014","turk1304","596146",42.463993,59.611816,4115
"4116","Turkmen","LazaridisNature2014","turk1304","596095",42.463993,59.611816,4116
"4117","Turkmen","LazaridisNature2014","turk1304","596248",42.463993,59.611816,4117
"4118","Turkmen","LazaridisNature2014","turk1304","595204",42.463993,59.611816,4118
"4119","Turkmen","LazaridisNature2014","turk1304","596807",42.463993,59.611816,4119
"4120","Bergamo","PattersonGenetics2012",NA,"Indo-European",45.69513077,NA,4120
"4121","Bergamo","PattersonGenetics2012",NA,"Indo-European",45.69513077,NA,4121
"4122","Bergamo","PattersonGenetics2012",NA,"Indo-European",45.69513077,NA,4122
"4123","Bergamo","PattersonGenetics2012",NA,"Indo-European",45.69513077,NA,4123
"4124","Bergamo","PattersonGenetics2012",NA,"Indo-European",45.69513077,NA,4124
"4125","Bergamo","PattersonGenetics2012",NA,"Indo-European",45.69513077,NA,4125
"4126","Bergamo","PattersonGenetics2012",NA,"Indo-European",45.69513077,NA,4126
"4127","Bergamo","PattersonGenetics2012",NA,"Indo-European",45.69513077,NA,4127
"4128","Tuscan","PattersonGenetics2012","ital1282","596516",43,11,4128
"4129","Tuscan","PattersonGenetics2012","ital1282","597069",43,11,4129
"4130","Tuscan","PattersonGenetics2012","ital1282","596829",43,11,4130
"4131","Tuscan","PattersonGenetics2012","ital1282","596252",43,11,4131
"4132","Tuscan","PattersonGenetics2012","ital1282","596712",43,11,4132
"4133","Tuscan","PattersonGenetics2012","ital1282","597140",43,11,4133
"4134","Tuscan","PattersonGenetics2012","ital1282","596494",43,11,4134
"4135","Tuscan","PattersonGenetics2012","ital1282","595780",43,11,4135
"4136","Bergamo","PattersonGenetics2012",NA,"Indo-European",45.69513077,NA,4136
"4137","Bergamo","PattersonGenetics2012",NA,"Indo-European",45.69513077,NA,4137
"4138","Bergamo","PattersonGenetics2012",NA,"Indo-European",45.69513077,NA,4138
"4139","Bergamo","PattersonGenetics2012",NA,"Indo-European",45.69513077,NA,4139
"4140","Bergamo","PattersonGenetics2012",NA,"Indo-European",45.69513077,NA,4140
"4141","BedouinA","PattersonGenetics2012","east2690","596557",31,35,4141
"4142","Tuvinian","LazaridisNature2014","tuvi1240","595041",50.259608,95.160313,4142
"4143","Tuvinian","LazaridisNature2014","tuvi1240","596124",50.259608,95.160313,4143
"4144","Tuvinian","LazaridisNature2014","tuvi1240","595682",50.259608,95.160313,4144
"4145","Tuvinian","LazaridisNature2014","tuvi1240","591800",50.259608,95.160313,4145
"4146","Tuvinian","LazaridisNature2014","tuvi1240","596297",50.259608,95.160313,4146
"4147","Tuvinian","LazaridisNature2014","tuvi1240","596293",50.259608,95.160313,4147
"4148","Tuvinian","LazaridisNature2014","tuvi1240","594173",50.259608,95.160313,4148
"4149","Tuvinian","LazaridisNature2014","tuvi1240","594274",50.259608,95.160313,4149
"4150","Tuvinian","LazaridisNature2014","tuvi1240","595754",50.259608,95.160313,4150
"4151","Tuvinian","LazaridisNature2014","tuvi1240","595942",50.259608,95.160313,4151
"4152","Tuvinian_2","Jeong_2019","tuvi1240","589239",51.16,94.47,4152
"4153","Tuvinian_2","Jeong_2019","tuvi1240","588884",51.16,94.47,4153
"4154","Tuvinian_2","Jeong_2019","tuvi1240","588666",51.16,94.47,4154
"4155","Tuvinian_2","Jeong_2019","tuvi1240","589179",51.16,94.47,4155
"4156","Tuvinian_2","Jeong_2019","tuvi1240","589254",51.16,94.47,4156
"4157","Tuvinian_2","Jeong_2019","tuvi1240","589529",51.16,94.47,4157
"4158","Tuvinian_2","Jeong_2019","tuvi1240","588748",51.16,94.47,4158
"4159","Tuvinian_2","Jeong_2019","tuvi1240","588787",51.16,94.47,4159
"4160","Tuvinian_2","Jeong_2019","tuvi1240","589036",51.16,94.47,4160
"4161","Tuvinian_2","Jeong_2019","tuvi1240","587968",51.16,94.47,4161
"4162","Udmurt_Northern","Jeong_2019","nort2676","588984",56.09,52.37,4162
"4163","Udmurt_Northern","Jeong_2019","nort2676","589086",56.09,52.37,4163
"4164","Udmurt_Northern","Jeong_2019","nort2676","589193",56.09,52.37,4164
"4165","Udmurt_Northern","Jeong_2019","nort2676","589364",56.09,52.37,4165
"4166","Udmurt_Northern","Jeong_2019","nort2676","589400",56.09,52.37,4166
"4167","Udmurt_Southern","Jeong_2019","sout2681","588975",56.09,52.37,4167
"4168","Udmurt_Southern","Jeong_2019","sout2681","588789",56.09,52.37,4168
"4169","Udmurt_Southern","Jeong_2019","sout2681","588973",56.09,52.37,4169
"4170","Udmurt_Southern","Jeong_2019","sout2681","589130",56.09,52.37,4170
"4171","Udmurt_Southern","Jeong_2019","sout2681","589420",56.09,52.37,4171
"4172","Ukrainian_East","LazaridisNature2014","ukra1253","595033",50.2870922,31.5574036,4172
"4173","Ukrainian_East","LazaridisNature2014","ukra1253","596026",50.2870922,31.5574036,4173
"4174","Ukrainian_East","LazaridisNature2014","ukra1253","596658",50.2870922,31.5574036,4174
"4175","Ukrainian_East","LazaridisNature2014","ukra1253","596914",50.2870922,31.5574036,4175
"4176","Ukrainian_East","LazaridisNature2014","ukra1253","595973",50.2870922,31.5574036,4176
"4177","Ukrainian_East","LazaridisNature2014","ukra1253","596212",50.2870922,31.5574036,4177
"4178","Ukrainian_Rovenskaya","Jeong_2019","ukra1253","589228",51.32,26.58,4178
"4179","Ukrainian_Rovenskaya","Jeong_2019","ukra1253","586903",51.32,26.58,4179
"4180","Ukrainian_Rovenskaya","Jeong_2019","ukra1253","588966",51.32,26.58,4180
"4181","Ukrainian_Sumskaya","Jeong_2019","ukra1253","588833",50.82,33.87,4181
"4182","Ukrainian_Sumskaya","Jeong_2019","ukra1253","589136",50.82,33.87,4182
"4183","Ukrainian_Sumskaya","Jeong_2019","ukra1253","588694",50.82,33.87,4183
"4184","Ukrainian_Sumskaya","Jeong_2019","ukra1253","589444",50.82,33.87,4184
"4185","Ukrainian_Sumskaya","Jeong_2019","ukra1253","588697",50.82,33.87,4185
"4186","Ukrainian_West","LazaridisNature2014","ukra1253","596185",49.85,24.01666667,4186
"4187","Ukrainian_West","LazaridisNature2014","ukra1253","596507",49.85,24.01666667,4187
"4188","Ukrainian_West","LazaridisNature2014","ukra1253","589262",49.85,24.01666667,4188
"4189","Ukrainian_Zhitomirskaya","Jeong_2019","ukra1253","588732",50.52,28.55,4189
"4190","Ukrainian_Zhitomirskaya","Jeong_2019","ukra1253","588669",50.52,28.55,4190
"4191","Ukrainian_Zhitomirskaya","Jeong_2019","ukra1253","588768",50.52,28.55,4191
"4192","Ulchi","LazaridisNature2014","ulch1241","594471",51.93,140.41,4192
"4193","Ulchi","LazaridisNature2014","ulch1241","596385",51.93,140.41,4193
"4194","Ulchi","LazaridisNature2014","ulch1241","595380",51.93,140.41,4194
"4195","Ulchi","LazaridisNature2014","ulch1241","595621",51.93,140.41,4195
"4196","Ulchi","LazaridisNature2014","ulch1241","596406",51.93,140.41,4196
"4197","Ulchi","LazaridisNature2014","ulch1241","594128",51.93,140.41,4197
"4198","Ulchi","LazaridisNature2014","ulch1241","596557",51.93,140.41,4198
"4199","Ulchi","LazaridisNature2014","ulch1241","595611",51.93,140.41,4199
"4200","Ulchi","LazaridisNature2014","ulch1241","595281",51.93,140.41,4200
"4201","Ulchi","LazaridisNature2014","ulch1241","595504",51.93,140.41,4201
"4202","Ulchi","LazaridisNature2014","ulch1241","596463",51.93,140.41,4202
"4203","Ulchi","LazaridisNature2014","ulch1241","595590",51.93,140.41,4203
"4204","Ulchi","LazaridisNature2014","ulch1241","596638",51.93,140.41,4204
"4205","Ulchi","LazaridisNature2014","ulch1241","596632",51.93,140.41,4205
"4206","Ulchi","LazaridisNature2014","ulch1241","596652",51.93,140.41,4206
"4207","Ulchi","LazaridisNature2014","ulch1241","596285",51.93,140.41,4207
"4208","Ulchi","LazaridisNature2014","ulch1241","596510",51.93,140.41,4208
"4209","Ulchi","LazaridisNature2014","ulch1241","596180",51.93,140.41,4209
"4210","Ulchi","LazaridisNature2014","ulch1241","596648",51.93,140.41,4210
"4211","Ulchi","LazaridisNature2014","ulch1241","593357",51.93,140.41,4211
"4212","Ulchi","LazaridisNature2014","ulch1241","589564",51.93,140.41,4212
"4213","Ulchi","LazaridisNature2014","ulch1241","594356",51.93,140.41,4213
"4214","Ulchi","LazaridisNature2014","ulch1241","595439",51.93,140.41,4214
"4215","Ulchi","LazaridisNature2014","ulch1241","595908",51.93,140.41,4215
"4216","Ulchi","LazaridisNature2014","ulch1241","596552",51.93,140.41,4216
"4217","Ulchi","LazaridisNature2014","ulch1241","596558",51.93,140.41,4217
"4218","Ulchi","LazaridisNature2014","ulch1241","596672",51.93,140.41,4218
"4219","Ulchi","LazaridisNature2014","ulch1241","594317",51.93,140.41,4219
"4220","Ulchi","LazaridisNature2014","ulch1241","595642",51.93,140.41,4220
"4221","Ulchi","LazaridisNature2014","ulch1241","596403",51.93,140.41,4221
"4222","Ulchi","LazaridisNature2014","ulch1241","594558",51.93,140.41,4222
"4223","Ulchi","LazaridisNature2014","ulch1241","596554",51.93,140.41,4223
"4224","UrubuKaapor","SkoglundNature2015","urub1250","588210",-2.333333333,-45.21666667,4224
"4225","UrubuKaapor","SkoglundNature2015","urub1250","590477",-2.333333333,-45.21666667,4225
"4226","UrubuKaapor","SkoglundNature2015","urub1250","589205",-2.333333333,-45.21666667,4226
"4227","UtcubambaSouth","Barbieri_2018","chac1250","594421",-6.390647,-77.896948,4227
"4228","UtcubambaSouth","Barbieri_2018","chac1250","594488",-6.390647,-77.896948,4228
"4229","UtcubambaSouth","Barbieri_2018","chac1250","592635",-6.390647,-77.896948,4229
"4230","UtcubambaSouth","Barbieri_2018","chac1250","593911",-6.390647,-77.896948,4230
"4231","Uygur","PattersonGenetics2012","uigh1240","595734",44,81,4231
"4232","Uygur","PattersonGenetics2012","uigh1240","596971",44,81,4232
"4233","Uygur","PattersonGenetics2012","uigh1240","594804",44,81,4233
"4234","Uygur","PattersonGenetics2012","uigh1240","597145",44,81,4234
"4235","Uygur","PattersonGenetics2012","uigh1240","596690",44,81,4235
"4236","Uygur","PattersonGenetics2012","uigh1240","593453",44,81,4236
"4237","Uygur","PattersonGenetics2012","uigh1240","595852",44,81,4237
"4238","Uygur","PattersonGenetics2012","uigh1240","595935",44,81,4238
"4239","Uygur","PattersonGenetics2012","uigh1240","594700",44,81,4239
"4240","Uygur","PattersonGenetics2012","uigh1240","593871",44,81,4240
"4241","Uzbek","LazaridisNature2014","nort2690","595554",41.266667,69.216667,4241
"4242","Uzbek","LazaridisNature2014","nort2690","590023",41.266667,69.216667,4242
"4243","Uzbek","LazaridisNature2014","nort2690","595881",41.266667,69.216667,4243
"4244","Uzbek","LazaridisNature2014","nort2690","596212",41.266667,69.216667,4244
"4245","Uzbek","LazaridisNature2014","nort2690","589354",41.266667,69.216667,4245
"4246","Uzbek","LazaridisNature2014","nort2690","592894",41.266667,69.216667,4246
"4247","Uzbek","LazaridisNature2014","nort2690","596430",41.266667,69.216667,4247
"4248","Uzbek","LazaridisNature2014","nort2690","593917",41.266667,69.216667,4248
"4249","Uzbek","LazaridisNature2014","nort2690","588923",41.266667,69.216667,4249
"4250","Uzbek","LazaridisNature2014","nort2690","596729",41.266667,69.216667,4250
"4251","Uzbek_Khorezm","Jeong_2019","nort2690","589263",41.55,60.63,4251
"4252","Uzbek_Khorezm","Jeong_2019","nort2690","588525",41.55,60.63,4252
"4253","Uzbek_Khorezm","Jeong_2019","nort2690","588734",41.55,60.63,4253
"4254","Uzbek_Khorezm","Jeong_2019","nort2690","588244",41.55,60.63,4254
"4255","Uzbek_Khorezm","Jeong_2019","nort2690","588702",41.55,60.63,4255
"4256","Uzbek_Khorezm","Jeong_2019","nort2690","588290",41.55,60.63,4256
"4257","Uzbek_Khorezm","Jeong_2019","nort2690","589081",41.55,60.63,4257
"4258","Uzbek_Khorezm","Jeong_2019","nort2690","589018",41.55,60.63,4258
"4259","Uzbek_Tashkent","Jeong_2019","nort2690","588532",41.3,69.27,4259
"4260","Uzbek_Tashkent","Jeong_2019","nort2690","589097",41.3,69.27,4260
"4261","Uzbek_Tashkent","Jeong_2019","nort2690","589201",41.3,69.27,4261
"4262","Uzbek_Tashkent","Jeong_2019","nort2690","588555",41.3,69.27,4262
"4263","Uzbek_Tashkent","Jeong_2019","nort2690","589493",41.3,69.27,4263
"4264","Uzbek_Tashkent","Jeong_2019","nort2690","588769",41.3,69.27,4264
"4265","Uzbek_Tashkent","Jeong_2019","nort2690","589369",41.3,69.27,4265
"4266","Uzbek_Tashkent","Jeong_2019","nort2690","588012",41.3,69.27,4266
"4267","Uzbek_Tashkent","Jeong_2019","nort2690","589020",41.3,69.27,4267
"4268","Vanuatu_Aoba","Lipson_2018","east2443","553203",-15.4,167.83,4268
"4269","Vanuatu_Aoba","Lipson_2018","east2443","553871",-15.4,167.83,4269
"4270","Vanuatu_Aoba","Lipson_2018","east2443","553074",-15.4,167.83,4270
"4271","Vanuatu_Aoba","Lipson_2018","east2443","550520",-15.4,167.83,4271
"4272","Vanuatu_Aoba","Lipson_2018","east2443","554061",-15.4,167.83,4272
"4273","Vanuatu_Ambrym","Lipson_2018","ambr1240","551970",-16.25,168.12,4273
"4274","Vanuatu_Ambrym","Lipson_2018","ambr1240","554573",-16.25,168.12,4274
"4275","Vanuatu_Ambrym","Lipson_2018","ambr1240","552369",-16.25,168.12,4275
"4276","Vanuatu_Ambrym","Lipson_2018","ambr1240","553304",-16.25,168.12,4276
"4277","Vanuatu_Ambrym","Lipson_2018","ambr1240","554267",-16.25,168.12,4277
"4278","Vanuatu_Ambrym","Lipson_2018","ambr1240","554678",-16.25,168.12,4278
"4279","Vanuatu_Aneityum","Lipson_2018","anei1239","553257",-20.2,169.82,4279
"4280","Vanuatu_Aneityum","Lipson_2018","anei1239","552111",-20.2,169.82,4280
"4281","Vanuatu_Aneityum","Lipson_2018","anei1239","554429",-20.2,169.82,4281
"4282","Vanuatu_Aneityum","Lipson_2018","anei1239","553633",-20.2,169.82,4282
"4283","Vanuatu_Aneityum","Lipson_2018","anei1239","554892",-20.2,169.82,4283
"4284","Vanuatu_Aneityum","Lipson_2018","anei1239","553846",-20.2,169.82,4284
"4285","Vanuatu_Banks","Lipson_2018","torr1262","552893",-13.5,167.6,4285
"4286","Vanuatu_Banks","Lipson_2018","torr1262","553605",-13.5,167.6,4286
"4287","Vanuatu_Banks","Lipson_2018","torr1262","553756",-13.5,167.6,4287
"4288","Vanuatu_Banks","Lipson_2018","torr1262","553841",-13.5,167.6,4288
"4289","Vanuatu_Banks","Lipson_2018","torr1262","552443",-13.5,167.6,4289
"4290","Vanuatu_Banks","Lipson_2018","torr1262","553049",-13.5,167.6,4290
"4291","Vanuatu_Banks","Lipson_2018","torr1262","554430",-13.5,167.6,4291
"4292","Vanuatu_Efate","Lipson_2018","efat1236","554380",-17.73,168.25,4292
"4293","Vanuatu_Efate","Lipson_2018","efat1236","554306",-17.73,168.25,4293
"4294","Vanuatu_Efate","Lipson_2018","efat1236","554439",-17.73,168.25,4294
"4295","Vanuatu_Efate","Lipson_2018","efat1236","547961",-17.73,168.25,4295
"4296","Vanuatu_Efate","Lipson_2018","efat1236","554477",-17.73,168.25,4296
"4297","Vanuatu_Efate","Lipson_2018","efat1236","554185",-17.73,168.25,4297
"4298","Vanuatu_Efate_Mele","Lipson_2018","mele1250","553916",-17.7,168.25,4298
"4299","Vanuatu_Efate_Mele","Lipson_2018","mele1250","553572",-17.7,168.25,4299
"4300","Vanuatu_Efate_Mele","Lipson_2018","mele1250","551792",-17.7,168.25,4300
"4301","Vanuatu_Efate_Mele","Lipson_2018","mele1250","554342",-17.7,168.25,4301
"4302","Vanuatu_Efate_Mele","Lipson_2018","mele1250","553203",-17.7,168.25,4302
"4303","Vanuatu_Efate_Mele","Lipson_2018","mele1250","553464",-17.7,168.25,4303
"4304","Vanuatu_Efate_Mele","Lipson_2018","mele1250","553619",-17.7,168.25,4304
"4305","Vanuatu_Efate_Mele","Lipson_2018","mele1250","548998",-17.7,168.25,4305
"4306","Vanuatu_Efate_Mele","Lipson_2018","mele1250","554769",-17.7,168.25,4306
"4307","Vanuatu_Emae","Lipson_2018","emae1237","554888",-17.07,168.4,4307
"4308","Vanuatu_Emae","Lipson_2018","emae1237","554509",-17.07,168.4,4308
"4309","Vanuatu_Emae","Lipson_2018","emae1237","553945",-17.07,168.4,4309
"4310","Vanuatu_Emae","Lipson_2018","emae1237","547072",-17.07,168.4,4310
"4311","Vanuatu_Emae","Lipson_2018","emae1237","554285",-17.07,168.4,4311
"4312","Vanuatu_Emae","Lipson_2018","emae1237","554197",-17.07,168.4,4312
"4313","Vanuatu_Emae","Lipson_2018","emae1237","554101",-17.07,168.4,4313
"4314","Vanuatu_Emae","Lipson_2018","emae1237","554200",-17.07,168.4,4314
"4315","Vanuatu_Erromango","Lipson_2018","siee1239","554601",-18.81,169.12,4315
"4316","Vanuatu_Erromango","Lipson_2018","siee1239","538114",-18.81,169.12,4316
"4317","Vanuatu_Futuna","Lipson_2018","futu1245","551348",-19.53,170.22,4317
"4318","Vanuatu_Futuna","Lipson_2018","futu1245","551967",-19.53,170.22,4318
"4319","Vanuatu_Futuna","Lipson_2018","futu1245","553536",-19.53,170.22,4319
"4320","Vanuatu_Ifira","Lipson_2018","fila1237","554553",-17.75,168.28,4320
"4321","Vanuatu_Maewo","Lipson_2018","cent2058","553069",-15.17,168.17,4321
"4322","Vanuatu_Maewo","Lipson_2018","cent2058","551330",-15.17,168.17,4322
"4323","Vanuatu_Maewo","Lipson_2018","cent2058","553044",-15.17,168.17,4323
"4324","Vanuatu_Maewo","Lipson_2018","cent2058","552793",-15.17,168.17,4324
"4325","Vanuatu_Maewo","Lipson_2018","cent2058","553545",-15.17,168.17,4325
"4326","Vanuatu_Maewo","Lipson_2018","cent2058","554584",-15.17,168.17,4326
"4327","Vanuatu_Maewo","Lipson_2018","cent2058","553208",-15.17,168.17,4327
"4328","Vanuatu_Maewo","Lipson_2018","cent2058","552553",-15.17,168.17,4328
"4329","Vanuatu_Maewo","Lipson_2018","cent2058","553539",-15.17,168.17,4329
"4330","Vanuatu_Maewo","Lipson_2018","cent2058","553641",-15.17,168.17,4330
"4331","Vanuatu_Makura","Lipson_2018","maku1276","554802",-16.87,168.43,4331
"4332","Vanuatu_Makura","Lipson_2018","maku1276","553717",-16.87,168.43,4332
"4333","Vanuatu_Makura","Lipson_2018","maku1276","553622",-16.87,168.43,4333
"4334","Vanuatu_Makura","Lipson_2018","maku1276","554139",-16.87,168.43,4334
"4335","Vanuatu_Makura","Lipson_2018","maku1276","553020",-16.87,168.43,4335
"4336","Vanuatu_Malekula","Lipson_2018","sout3240","553282",-16.25,167.5,4336
"4337","Vanuatu_Malekula","Lipson_2018","sout3240","553065",-16.25,167.5,4337
"4338","Vanuatu_Malekula","Lipson_2018","sout3240","553393",-16.25,167.5,4338
"4339","Vanuatu_Malekula","Lipson_2018","sout3240","551708",-16.25,167.5,4339
"4340","Vanuatu_Malekula","Lipson_2018","sout3240","554335",-16.25,167.5,4340
"4341","Vanuatu_Malekula","Lipson_2018","sout3240","553509",-16.25,167.5,4341
"4342","Vanuatu_Malekula","Lipson_2018","sout3240","553544",-16.25,167.5,4342
"4343","Vanuatu_Malekula","Lipson_2018","sout3240","553853",-16.25,167.5,4343
"4344","Vanuatu_Nguna","Lipson_2018","ngun1274","554044",-17.43,168.33,4344
"4345","Vanuatu_Nguna","Lipson_2018","ngun1274","543019",-17.43,168.33,4345
"4346","Vanuatu_Nguna","Lipson_2018","ngun1274","554848",-17.43,168.33,4346
"4347","Vanuatu_Paama","Lipson_2018","paam1238","554083",-16.43,168.24,4347
"4348","Vanuatu_Paama","Lipson_2018","paam1238","553023",-16.43,168.24,4348
"4349","Vanuatu_Paama","Lipson_2018","paam1238","553589",-16.43,168.24,4349
"4350","Vanuatu_Paama","Lipson_2018","paam1238","553796",-16.43,168.24,4350
"4351","Vanuatu_Paama","Lipson_2018","paam1238","553852",-16.43,168.24,4351
"4352","Vanuatu_Paama","Lipson_2018","paam1238","554484",-16.43,168.24,4352
"4353","Vanuatu_Paama","Lipson_2018","paam1238","554699",-16.43,168.24,4353
"4354","Vanuatu_Pentecost_Baie","Lipson_2018","saaa1241","553099",-15.93,168.27,4354
"4355","Vanuatu_Pentecost_Baie","Lipson_2018","saaa1241","553080",-15.93,168.27,4355
"4356","Vanuatu_Pentecost_Baie","Lipson_2018","saaa1241","552776",-15.93,168.27,4356
"4357","Vanuatu_Pentecost_Baie","Lipson_2018","saaa1241","554550",-15.93,168.27,4357
"4358","Vanuatu_Pentecost_Baie","Lipson_2018","saaa1241","553194",-15.93,168.27,4358
"4359","Vanuatu_Pentecost_Baie","Lipson_2018","saaa1241","549123",-15.93,168.27,4359
"4360","Vanuatu_Pentecost_Baie","Lipson_2018","saaa1241","553504",-15.93,168.27,4360
"4361","Vanuatu_Pentecost_Baie","Lipson_2018","saaa1241","551890",-15.93,168.27,4361
"4362","Vanuatu_Pentecost_Baie","Lipson_2018","saaa1241","551737",-15.93,168.27,4362
"4363","Vanuatu_Pentecost_Bwatnapni","Lipson_2018","suru1259","552384",-15.67,168.12,4363
"4364","Vanuatu_Pentecost_Bwatnapni","Lipson_2018","suru1259","554076",-15.67,168.12,4364
"4365","Vanuatu_Pentecost_Bwatnapni","Lipson_2018","suru1259","553080",-15.67,168.12,4365
"4366","Vanuatu_Pentecost_Maram","Lipson_2018","suru1259","553880",-15.63,168.12,4366
"4367","Vanuatu_Pentecost_Maram","Lipson_2018","suru1259","554529",-15.63,168.12,4367
"4368","Vanuatu_Pentecost_Maram","Lipson_2018","suru1259","553699",-15.63,168.12,4368
"4369","Vanuatu_Pentecost_Maram","Lipson_2018","suru1259","552212",-15.63,168.12,4369
"4370","Vanuatu_Pentecost_Maram","Lipson_2018","suru1259","553796",-15.63,168.12,4370
"4371","Vanuatu_Pentecost_Maram","Lipson_2018","suru1259","553817",-15.63,168.12,4371
"4372","Vanuatu_Pentecost_Maram","Lipson_2018","suru1259","553377",-15.63,168.12,4372
"4373","Vanuatu_Pentecost_Ranmawat","Lipson_2018","sowa1244","553774",-15.8,168.17,4373
"4374","Vanuatu_Pentecost_Ranmawat","Lipson_2018","sowa1244","553064",-15.8,168.17,4374
"4375","Vanuatu_Pentecost_Ranmawat","Lipson_2018","sowa1244","554285",-15.8,168.17,4375
"4376","Vanuatu_Pentecost_Ranmawat","Lipson_2018","sowa1244","554124",-15.8,168.17,4376
"4377","Vanuatu_Pentecost_Ranmawat","Lipson_2018","sowa1244","554350",-15.8,168.17,4377
"4378","Vanuatu_Pentecost_Wugunmel","Lipson_2018","ND","554329",-15.72,168.17,4378
"4379","Vanuatu_Pentecost_Wugunmel","Lipson_2018","ND","551676",-15.72,168.17,4379
"4380","Vanuatu_Pentecost_Wugunmel","Lipson_2018","ND","551408",-15.72,168.17,4380
"4381","Vanuatu_Pentecost_Wugunmel","Lipson_2018","ND","552953",-15.72,168.17,4381
"4382","Vanuatu_Pentecost_Wugunmel","Lipson_2018","ND","552652",-15.72,168.17,4382
"4383","Vanuatu_Santo_Mbauk","Lipson_2018","polo1242","553579",-15.52,166.93,4383
"4384","Vanuatu_Santo_Malau","Lipson_2018","ND","553612",-15.17,166.85,4384
"4385","Vanuatu_Santo_Malau","Lipson_2018","ND","553947",-15.17,166.85,4385
"4386","Vanuatu_Santo_Mbauk","Lipson_2018","polo1242","553333",-15.52,166.93,4386
"4387","Vanuatu_Santo_Mbauk","Lipson_2018","polo1242","553974",-15.52,166.93,4387
"4388","Vanuatu_Santo_Mbauk","Lipson_2018","polo1242","551862",-15.52,166.93,4388
"4389","Vanuatu_Santo_Mbauk","Lipson_2018","polo1242","553069",-15.52,166.93,4389
"4390","Vanuatu_Santo_Morou","Lipson_2018","moro1286","554155",-15.43,166.77,4390
"4391","Vanuatu_Santo_Morou","Lipson_2018","moro1286","554415",-15.43,166.77,4391
"4392","Vanuatu_Santo_Morou","Lipson_2018","moro1286","551106",-15.43,166.77,4392
"4393","Vanuatu_Santo_Okoro","Lipson_2018","ND","553878",-15.23,166.67,4393
"4394","Vanuatu_Santo_Okoro","Lipson_2018","ND","553684",-15.23,166.67,4394
"4395","Vanuatu_Santo_Okoro","Lipson_2018","ND","552096",-15.23,166.67,4395
"4396","Vanuatu_Santo_Okoro","Lipson_2018","ND","553822",-15.23,166.67,4396
"4397","Vanuatu_Santo_Port","Lipson_2018","saka1289","547325",-15.05,167.07,4397
"4398","Vanuatu_Santo_Port","Lipson_2018","saka1289","550883",-15.05,167.07,4398
"4399","Vanuatu_Santo_Port","Lipson_2018","saka1289","552260",-15.05,167.07,4399
"4400","Vanuatu_Santo_Port","Lipson_2018","saka1289","551645",-15.05,167.07,4400
"4401","Vanuatu_Santo_Port","Lipson_2018","saka1289","552921",-15.05,167.07,4401
"4402","Vanuatu_Santo_Rango","Lipson_2018","nara1263","553538",-15.55,166.98,4402
"4403","Vanuatu_Santo_Rango","Lipson_2018","nara1263","552680",-15.55,166.98,4403
"4404","Vanuatu_Santo_Rango","Lipson_2018","nara1263","553870",-15.55,166.98,4404
"4405","Vanuatu_Santo_Rango","Lipson_2018","nara1263","554314",-15.55,166.98,4405
"4406","Vanuatu_Santo_Sara","Lipson_2018","hano1246","552923",-15.2,167.05,4406
"4407","Vanuatu_Santo_Sara","Lipson_2018","hano1246","553640",-15.2,167.05,4407
"4408","Vanuatu_Santo_Sara","Lipson_2018","hano1246","553985",-15.2,167.05,4408
"4409","Vanuatu_Santo_Tasiriki","Lipson_2018","akei1237","553324",-15.6,166.77,4409
"4410","Vanuatu_Santo_Tasiriki","Lipson_2018","akei1237","553389",-15.6,166.77,4410
"4411","Vanuatu_Santo_Tutuba","Lipson_2018","tutu1241","554498",-15.93,167.47,4411
"4412","Vanuatu_Santo_Tutuba","Lipson_2018","tutu1241","553002",-15.93,167.47,4412
"4413","Vanuatu_Santo_Tutuba","Lipson_2018","tutu1241","553984",-15.93,167.47,4413
"4414","Vanuatu_Santo_Tutuba","Lipson_2018","tutu1241","551339",-15.93,167.47,4414
"4415","Vanuatu_Santo_Tutuba","Lipson_2018","tutu1241","553000",-15.93,167.47,4415
"4416","Vanuatu_Tanna","Lipson_2018","tann1242","554728",-19.5,169.33,4416
"4417","Vanuatu_Tanna","Lipson_2018","tann1242","554319",-19.5,169.33,4417
"4418","Vanuatu_Tanna","Lipson_2018","tann1242","554013",-19.5,169.33,4418
"4419","Vanuatu_Tanna","Lipson_2018","tann1242","553426",-19.5,169.33,4419
"4420","Vanuatu_Tanna","Lipson_2018","tann1242","554005",-19.5,169.33,4420
"4421","Vanuatu_Tanna","Lipson_2018","tann1242","553960",-19.5,169.33,4421
"4422","Vanuatu_Tanna","Lipson_2018","tann1242","554628",-19.5,169.33,4422
"4423","Vanuatu_Tanna","Lipson_2018","tann1242","553120",-19.5,169.33,4423
"4424","Vanuatu_Tanna","Lipson_2018","tann1242","553740",-19.5,169.33,4424
"4425","Vanuatu_Tongoa","Lipson_2018","tong1323","547825",-16.89,168.55,4425
"4426","Vanuatu_Tongoa","Lipson_2018","tong1323","554577",-16.89,168.55,4426
"4427","Vanuatu_Tongoa","Lipson_2018","tong1323","553744",-16.89,168.55,4427
"4428","Vanuatu_Tongoa","Lipson_2018","tong1323","553853",-16.89,168.55,4428
"4429","Vella_Lavella","QinStonekingMBE2015","bilu1245","596325",-7.9,156.7,4429
"4430","Vella_Lavella","QinStonekingMBE2015","bilu1245","596794",-7.9,156.7,4430
"4431","Vella_Lavella","QinStonekingMBE2015","bilu1245","596319",-7.9,156.7,4431
"4432","Vella_Lavella","QinStonekingMBE2015","bilu1245","596413",-7.9,156.7,4432
"4433","Vella_Lavella","QinStonekingMBE2015","bilu1245","596655",-7.9,156.7,4433
"4434","Vella_Lavella","QinStonekingMBE2015","bilu1245","595659",-7.9,156.7,4434
"4435","Veps","Jeong_2019","veps1250","589392",61.27,35.02,4435
"4436","Veps","Jeong_2019","veps1250","588961",61.27,35.02,4436
"4437","Veps","Jeong_2019","veps1250","589439",61.27,35.02,4437
"4438","Veps","Jeong_2019","veps1250","589169",61.27,35.02,4438
"4439","Veps","Jeong_2019","veps1250","589224",61.27,35.02,4439
"4440","Veps","Jeong_2019","veps1250","589074",61.27,35.02,4440
"4441","Veps","Jeong_2019","veps1250","589292",61.27,35.02,4441
"4442","Veps","Jeong_2019","veps1250","588987",61.27,35.02,4442
"4443","Veps","Jeong_2019","veps1250","589237",61.27,35.02,4443
"4444","Veps","Jeong_2019","veps1250","589363",61.27,35.02,4444
"4445","Vietnamese_North","SkoglundNature2016","viet1252","590029",21.03,105.85,4445
"4446","Vietnamese_North","SkoglundNature2016","viet1252","590132",21.03,105.85,4446
"4447","Vietnamese_North","SkoglundNature2016","viet1252","590412",21.03,105.85,4447
"4448","Vietnamese_North","SkoglundNature2016","viet1252","590631",21.03,105.85,4448
"4449","Vietnamese_North","SkoglundNature2016","viet1252","590465",21.03,105.85,4449
"4450","Vietnamese_South","SkoglundNature2016","viet1252","590413",10.82,106.64,4450
"4451","Vietnamese_South","SkoglundNature2016","viet1252","590361",10.82,106.64,4451
"4452","Vietnamese_South","SkoglundNature2016","viet1252","590457",10.82,106.64,4452
"4453","Vietnamese_South","SkoglundNature2016","viet1252","590510",10.82,106.64,4453
"4454","Vietnamese_South","SkoglundNature2016","viet1252","590411",10.82,106.64,4454
"4455","Visayan","SkoglundNature2016","mind1257","590079",10.32,123.89,4455
"4456","Visayan","SkoglundNature2016","mind1257","581316",10.32,123.89,4456
"4457","Visayan","SkoglundNature2016","mind1257","590434",10.32,123.89,4457
"4458","Visayan","SkoglundNature2016","mind1257","590458",10.32,123.89,4458
"4459","Vishwabrahmin","LazaridisNature2014","vish1243","596171",16.3,80.48,4459
"4460","Vishwabrahmin","LazaridisNature2014","vish1243","595441",16.3,80.48,4460
"4461","Vishwabrahmin","LazaridisNature2014","vish1243","592696",16.3,80.48,4461
"4462","Vishwabrahmin","LazaridisNature2014","vish1243","586829",16.3,80.48,4462
"4463","Vishwabrahmin","LazaridisNature2014","vish1243","593919",16.3,80.48,4463
"4464","Vishwabrahmin","LazaridisNature2014","vish1243","594788",16.3,80.48,4464
"4465","Vishwabrahmin","LazaridisNature2014","vish1243","594426",16.3,80.48,4465
"4466","Vishwabrahmin","LazaridisNature2014","vish1243","595021",16.3,80.48,4466
"4467","Vishwabrahmin","LazaridisNature2014","vish1243","593431",16.3,80.48,4467
"4468","Vishwabrahmin","LazaridisNature2014","vish1243","596061",16.3,80.48,4468
"4469","Vishwabrahmin","LazaridisNature2014","vish1243","591681",16.3,80.48,4469
"4470","Vishwabrahmin","LazaridisNature2014","vish1243","595889",16.3,80.48,4470
"4471","Vishwabrahmin","LazaridisNature2014","vish1243","590875",16.3,80.48,4471
"4472","Vishwabrahmin","LazaridisNature2014","vish1243","595306",16.3,80.48,4472
"4473","Wambo","PickrellNatureCommunications2012","ndon1254","592896",-17.73,18.06,4473
"4474","Wambo","PickrellNatureCommunications2012","ndon1254","595642",-17.73,18.06,4474
"4475","Wambo","PickrellNatureCommunications2012","ndon1254","594376",-17.73,18.06,4475
"4476","Wambo","PickrellNatureCommunications2012","ndon1254","593719",-17.73,18.06,4476
"4477","Wambo","PickrellNatureCommunications2012","ndon1254","594656",-17.73,18.06,4477
"4478","Wayku","Barbieri_2018","sanm1289","596500",-6.422091,-76.51988,4478
"4479","Wayku","Barbieri_2018","sanm1289","596454",-6.422091,-76.51988,4479
"4480","Wayku","Barbieri_2018","sanm1289","596437",-6.422091,-76.51988,4480
"4481","Wayku","Barbieri_2018","sanm1289","596523",-6.422091,-76.51988,4481
"4482","Wayku","Barbieri_2018","sanm1289","596560",-6.422091,-76.51988,4482
"4483","Wayku","Barbieri_2018","sanm1289","596653",-6.422091,-76.51988,4483
"4484","Wayku","Barbieri_2018","sanm1289","596536",-6.422091,-76.51988,4484
"4485","Wayku","Barbieri_2018","sanm1289","596583",-6.422091,-76.51988,4485
"4486","Wayku","Barbieri_2018","sanm1289","595993",-6.422091,-76.51988,4486
"4487","Wayku","Barbieri_2018","sanm1289","594526",-6.422091,-76.51988,4487
"4488","Wayuu","LazaridisNature2014","wayu1243","596111",11,-73,4488
"4489","Xavante","SkoglundNature2015","xava1240","588668",-14.33333333,-52.5,4489
"4490","Xavante","SkoglundNature2015","xava1240","586176",-14.33333333,-52.5,4490
"4491","Xavante","SkoglundNature2015","xava1240","588260",-14.33333333,-52.5,4491
"4492","Xavante","SkoglundNature2015","xava1240","588477",-14.33333333,-52.5,4492
"4493","Xavante","SkoglundNature2015","xava1240","584494",-14.33333333,-52.5,4493
"4494","Xavante","SkoglundNature2015","xava1240","589756",-14.33333333,-52.5,4494
"4495","Xavante","SkoglundNature2015","xava1240","583758",-14.33333333,-52.5,4495
"4496","Xavante","SkoglundNature2015","xava1240","589818",-14.33333333,-52.5,4496
"4497","Xavante","SkoglundNature2015","xava1240","590012",-14.33333333,-52.5,4497
"4498","Xibo","PattersonGenetics2012","xibe1242","596076",43.49792973,81.5,4498
"4499","Xibo","PattersonGenetics2012","xibe1242","595242",43.49792973,81.5,4499
"4500","Xibo","PattersonGenetics2012","xibe1242","596609",43.49792973,81.5,4500
"4501","Xibo","PattersonGenetics2012","xibe1242","595619",43.49792973,81.5,4501
"4502","Xibo","PattersonGenetics2012","xibe1242","597089",43.49792973,81.5,4502
"4503","Xibo","PattersonGenetics2012","xibe1242","596771",43.49792973,81.5,4503
"4504","Xibo","PattersonGenetics2012","xibe1242","597116",43.49792973,81.5,4504
"4505","Xibo","PattersonGenetics2012","xibe1242","596401",43.49792973,81.5,4505
"4506","Xibo","PattersonGenetics2012","xibe1242","594269",43.49792973,81.5,4506
"4507","Xuun","PickrellNatureCommunications2012","kung1261","595791",-18.69072023,19.68263063,4507
"4508","Xuun","PickrellNatureCommunications2012","kung1261","595495",-18.69072023,19.68263063,4508
"4509","Xuun","PickrellNatureCommunications2012","kung1261","595583",-18.69072023,19.68263063,4509
"4510","Xuun","PickrellNatureCommunications2012","kung1261","595956",-18.69072023,19.68263063,4510
"4511","Xuun","PickrellNatureCommunications2012","kung1261","594727",-18.69072023,19.68263063,4511
"4512","Xuun","PickrellNatureCommunications2012","kung1261","594454",-18.69072023,19.68263063,4512
"4513","Xuun","PickrellNatureCommunications2012","kung1261","595639",-18.69072023,19.68263063,4513
"4514","Xuun","PickrellNatureCommunications2012","kung1261","593148",-18.69072023,19.68263063,4514
"4515","Xuun","PickrellNatureCommunications2012","kung1261","596640",-18.69072023,19.68263063,4515
"4516","Xuun","PickrellNatureCommunications2012","kung1261","593531",-18.69072023,19.68263063,4516
"4517","Xuun","PickrellNatureCommunications2012","kung1261","596957",-18.69072023,19.68263063,4517
"4518","Xuun","PickrellNatureCommunications2012","kung1261","594407",-18.69072023,19.68263063,4518
"4519","Xuun","PickrellNatureCommunications2012","kung1261","592240",-18.69072023,19.68263063,4519
"4520","Xuun","PickrellNatureCommunications2012","kung1261","589472",-18.69072023,19.68263063,4520
"4521","Xuun","PickrellNatureCommunications2012","kung1261","594577",-18.69072023,19.68263063,4521
"4522","Yakut","PattersonGenetics2012","yaku1245","595844",62.98287845,129.5,4522
"4523","Yakut","PattersonGenetics2012","yaku1245","596780",62.98287845,129.5,4523
"4524","Yakut","PattersonGenetics2012","yaku1245","596464",62.98287845,129.5,4524
"4525","Yakut","PattersonGenetics2012","yaku1245","595976",62.98287845,129.5,4525
"4526","Yakut","PattersonGenetics2012","yaku1245","596841",62.98287845,129.5,4526
"4527","Yakut","PattersonGenetics2012","yaku1245","596148",62.98287845,129.5,4527
"4528","Yakut","PattersonGenetics2012","yaku1245","596879",62.98287845,129.5,4528
"4529","Yakut","PattersonGenetics2012","yaku1245","596406",62.98287845,129.5,4529
"4530","Yakut","PattersonGenetics2012","yaku1245","595919",62.98287845,129.5,4530
"4531","Yakut","PattersonGenetics2012","yaku1245","594680",62.98287845,129.5,4531
"4532","Yakut","PattersonGenetics2012","yaku1245","595823",62.98287845,129.5,4532
"4533","Yakut","PattersonGenetics2012","yaku1245","595773",62.98287845,129.5,4533
"4534","Yakut","PattersonGenetics2012","yaku1245","595707",62.98287845,129.5,4534
"4535","Yakut","PattersonGenetics2012","yaku1245","596899",62.98287845,129.5,4535
"4536","Yakut","PattersonGenetics2012","yaku1245","595473",62.98287845,129.5,4536
"4537","Yakut","PattersonGenetics2012","yaku1245","597055",62.98287845,129.5,4537
"4538","Yakut","PattersonGenetics2012","yaku1245","595471",62.98287845,129.5,4538
"4539","Yakut","PattersonGenetics2012","yaku1245","596896",62.98287845,129.5,4539
"4540","Yakut","PattersonGenetics2012","yaku1245","595413",62.98287845,129.5,4540
"4541","Yakut","PattersonGenetics2012","yaku1245","595503",62.98287845,129.5,4541
"4542","Yakut","PattersonGenetics2012","yaku1245","596426",62.98287845,129.5,4542
"4543","Yakut","PattersonGenetics2012","yaku1245","594827",62.98287845,129.5,4543
"4544","Yakut","PattersonGenetics2012","yaku1245","596356",62.98287845,129.5,4544
"4545","Yakut","PattersonGenetics2012","yaku1245","596029",62.98287845,129.5,4545
"4546","Yakut","PattersonGenetics2012","yaku1245","596586",62.98287845,129.5,4546
"4547","Yaquis","Barbieri_2018","yaqu1251","596558",27.5767,-109.9598,4547
"4548","Yaquis","Barbieri_2018","yaqu1251","595607",27.5767,-109.9598,4548
"4549","Yaquis","Barbieri_2018","yaqu1251","596443",27.5767,-109.9598,4549
"4550","Yaquis","Barbieri_2018","yaqu1251","596359",27.5767,-109.9598,4550
"4551","Yaquis","Barbieri_2018","yaqu1251","596175",27.5767,-109.9598,4551
"4552","Yaquis","Barbieri_2018","yaqu1251","596033",27.5767,-109.9598,4552
"4553","Yaquis","Barbieri_2018","yaqu1251","596543",27.5767,-109.9598,4553
"4554","Yaquis","Barbieri_2018","yaqu1251","596520",27.5767,-109.9598,4554
"4555","Yemeni","LazaridisNature2014","jude1267","596261",14.040673,44.571533,4555
"4556","Yemeni","LazaridisNature2014","jude1267","596740",14.040673,44.571533,4556
"4557","Yemeni","LazaridisNature2014","jude1267","596478",14.040673,44.571533,4557
"4558","Yemeni","LazaridisNature2014","jude1267","596934",14.040673,44.571533,4558
"4559","Yemeni","LazaridisNature2014","jude1267","596979",14.040673,44.571533,4559
"4560","Yemeni","LazaridisNature2014","jude1267","584689",14.040673,44.571533,4560
"4561","Yemen_Ad_Dali","VyasAJPA2017","sana1295","540503",13.696667,44.730833,4561
"4562","Yemen_Ad_Dali","VyasAJPA2017","sana1295","540833",13.696667,44.730833,4562
"4563","Yemen_Ad_Dali","VyasAJPA2017","sana1295","540833",13.696667,44.730833,4563
"4564","Yemen_Ad_Dali","VyasAJPA2017","sana1295","540664",13.696667,44.730833,4564
"4565","Yemen_Ad_Dali","VyasAJPA2017","sana1295","540638",13.696667,44.730833,4565
"4566","Yemen_Al_Bayda","VyasAJPA2017","sana1295","539841",13.976389,45.570833,4566
"4567","Yemen_Al_Bayda","VyasAJPA2017","sana1295","537218",13.976389,45.570833,4567
"4568","Yemen_Al_Bayda","VyasAJPA2017","sana1295","540183",13.976389,45.570833,4568
"4569","Yemen_Al_Bayda","VyasAJPA2017","sana1295","540583",13.976389,45.570833,4569
"4570","Yemen_Al_Bayda","VyasAJPA2017","sana1295","540594",13.976389,45.570833,4570
"4571","Yemen_Al_Bayda","VyasAJPA2017","sana1295","539471",13.976389,45.570833,4571
"4572","Yemen_Al_Bayda","VyasAJPA2017","sana1295","539326",13.976389,45.570833,4572
"4573","Yemen_Al_Jawf","VyasAJPA2017","sana1295","540864",16.783333,45.516667,4573
"4574","Yemen_Al_Jawf","VyasAJPA2017","sana1295","540558",16.783333,45.516667,4574
"4575","Yemen_Al_Jawf","VyasAJPA2017","sana1295","539927",16.783333,45.516667,4575
"4576","Yemen_Al_Jawf","VyasAJPA2017","sana1295","540704",16.783333,45.516667,4576
"4577","Yemen_Amanat_Al_Asimah","VyasAJPA2017","sana1295","540148",15.348333,44.206389,4577
"4578","Yemen_Amanat_Al_Asimah","VyasAJPA2017","sana1295","540487",15.348333,44.206389,4578
"4579","Yemen_Amanat_Al_Asimah","VyasAJPA2017","sana1295","540771",15.348333,44.206389,4579
"4580","Yemen_Amanat_Al_Asimah","VyasAJPA2017","sana1295","538635",15.348333,44.206389,4580
"4581","Yemen_Amran","VyasAJPA2017","sana1295","540402",15.666667,43.95,4581
"4582","Yemen_Amran","VyasAJPA2017","sana1295","540155",15.666667,43.95,4582
"4583","Yemen_Amran","VyasAJPA2017","sana1295","540721",15.666667,43.95,4583
"4584","Yemen_Amran","VyasAJPA2017","sana1295","540670",15.666667,43.95,4584
"4585","Yemen_Amran","VyasAJPA2017","sana1295","539831",15.666667,43.95,4585
"4586","Yemen_Amran","VyasAJPA2017","sana1295","535361",15.666667,43.95,4586
"4587","Yemen_Amran","VyasAJPA2017","sana1295","540584",15.666667,43.95,4587
"4588","Yemen_Amran","VyasAJPA2017","sana1295","540371",15.666667,43.95,4588
"4589","Yemen_Amran","VyasAJPA2017","sana1295","540049",15.666667,43.95,4589
"4590","Yemen_Amran","VyasAJPA2017","sana1295","540830",15.666667,43.95,4590
"4591","Yemen_Amran","VyasAJPA2017","sana1295","538342",15.666667,43.95,4591
"4592","Yemen_Amran","VyasAJPA2017","sana1295","537873",15.666667,43.95,4592
"4593","Yemen_Amran","VyasAJPA2017","sana1295","539724",15.666667,43.95,4593
"4594","Yemen_Amran","VyasAJPA2017","sana1295","540760",15.666667,43.95,4594
"4595","Yemen_Amran","VyasAJPA2017","sana1295","540915",15.666667,43.95,4595
"4596","Yemen_Amran","VyasAJPA2017","sana1295","540900",15.666667,43.95,4596
"4597","Yemen_Amran","VyasAJPA2017","sana1295","540272",15.666667,43.95,4597
"4598","Yemen_Dhamar","VyasAJPA2017","sana1295","540485",14.55,44.401667,4598
"4599","Yemen_Dhamar","VyasAJPA2017","sana1295","540188",14.55,44.401667,4599
"4600","Yemen_Dhamar","VyasAJPA2017","sana1295","540658",14.55,44.401667,4600
"4601","Yemen_Dhamar","VyasAJPA2017","sana1295","540864",14.55,44.401667,4601
"4602","Yemen_Dhamar","VyasAJPA2017","sana1295","540841",14.55,44.401667,4602
"4603","Yemen_Dhamar","VyasAJPA2017","sana1295","540516",14.55,44.401667,4603
"4604","Yemen_Dhamar","VyasAJPA2017","sana1295","538568",14.55,44.401667,4604
"4605","Yemen_Dhamar","VyasAJPA2017","sana1295","540806",14.55,44.401667,4605
"4606","Yemen_Dhamar","VyasAJPA2017","sana1295","540805",14.55,44.401667,4606
"4607","Yemen_Dhamar","VyasAJPA2017","sana1295","539642",14.55,44.401667,4607
"4608","Yemen_Hadramout","VyasAJPA2017","hadr1236","540147",16.666667,49.5,4608
"4609","Yemen_Hadramout","VyasAJPA2017","hadr1236","539893",16.666667,49.5,4609
"4610","Yemen_Hadramout","VyasAJPA2017","hadr1236","540728",16.666667,49.5,4610
"4611","Yemen_Hadramout","VyasAJPA2017","hadr1236","540647",16.666667,49.5,4611
"4612","Yemen_Hadramout","VyasAJPA2017","hadr1236","540197",16.666667,49.5,4612
"4613","Yemen_Hadramout","VyasAJPA2017","hadr1236","540270",16.666667,49.5,4613
"4614","Yemen_Hadramout","VyasAJPA2017","hadr1236","540475",16.666667,49.5,4614
"4615","Yemen_Hadramout","VyasAJPA2017","hadr1236","540802",16.666667,49.5,4615
"4616","Yemen_Hadramout","VyasAJPA2017","hadr1236","540647",16.666667,49.5,4616
"4617","Yemen_Hadramout","VyasAJPA2017","hadr1236","539179",16.666667,49.5,4617
"4618","Yemen_Hadramout","VyasAJPA2017","hadr1236","540825",16.666667,49.5,4618
"4619","Yemen_Hadramout","VyasAJPA2017","hadr1236","540641",16.666667,49.5,4619
"4620","Yemen_Hadramout","VyasAJPA2017","hadr1236","540481",16.666667,49.5,4620
"4621","Yemen_Ibb","VyasAJPA2017","sana1295","537986",13.966667,44.166667,4621
"4622","Yemen_Ibb","VyasAJPA2017","sana1295","540855",13.966667,44.166667,4622
"4623","Yemen_Mahra","VyasAJPA2017","mehr1241","540372",16.356838,51.458506,4623
"4624","Yemen_Mahra","VyasAJPA2017","mehr1241","540656",16.356838,51.458506,4624
"4625","Yemen_Mahra","VyasAJPA2017","mehr1241","536518",16.356838,51.458506,4625
"4626","Yemen_Mahra","VyasAJPA2017","mehr1241","540816",16.356838,51.458506,4626
"4627","Yemen_Mahra","VyasAJPA2017","mehr1241","540587",16.356838,51.458506,4627
"4628","Yemen_Mahra","VyasAJPA2017","mehr1241","540045",16.356838,51.458506,4628
"4629","Yemen_Mahra","VyasAJPA2017","mehr1241","535859",16.356838,51.458506,4629
"4630","Yemen_Mahra","VyasAJPA2017","mehr1241","540735",16.356838,51.458506,4630
"4631","Yemen_Mahra","VyasAJPA2017","mehr1241","540673",16.356838,51.458506,4631
"4632","Yemen_Mahra","VyasAJPA2017","mehr1241","540053",16.356838,51.458506,4632
"4633","Yemen_Mahra","VyasAJPA2017","mehr1241","540639",16.356838,51.458506,4633
"4634","Yemen_Mahra","VyasAJPA2017","mehr1241","540052",16.356838,51.458506,4634
"4635","Yemen_Mahra","VyasAJPA2017","mehr1241","540526",16.356838,51.458506,4635
"4636","Yemen_Mahra","VyasAJPA2017","mehr1241","540696",16.356838,51.458506,4636
"4637","Yemen_Marib","VyasAJPA2017","sana1295","540184",15.416667,45.35,4637
"4638","Yemen_Marib","VyasAJPA2017","sana1295","540454",15.416667,45.35,4638
"4639","Yemen_Marib","VyasAJPA2017","sana1295","540463",15.416667,45.35,4639
"4640","Yemen_Marib","VyasAJPA2017","sana1295","538940",15.416667,45.35,4640
"4641","Yemen_Marib","VyasAJPA2017","sana1295","539735",15.416667,45.35,4641
"4642","Yemen_Marib","VyasAJPA2017","sana1295","539566",15.416667,45.35,4642
"4643","Yemen_Marib","VyasAJPA2017","sana1295","540725",15.416667,45.35,4643
"4644","Yemen_Shabwah","VyasAJPA2017","hadr1236","539955",14.55,46.833333,4644
"4645","Yemen_Shabwah","VyasAJPA2017","hadr1236","540521",14.55,46.833333,4645
"4646","Yemen_Shabwah","VyasAJPA2017","hadr1236","540757",14.55,46.833333,4646
"4647","Yi","PattersonGenetics2012","lolo1267","593828",28,103,4647
"4648","Yi","PattersonGenetics2012","lolo1267","596916",28,103,4648
"4649","Yi","PattersonGenetics2012","lolo1267","596872",28,103,4649
"4650","Yi","PattersonGenetics2012","lolo1267","595734",28,103,4650
"4651","Yi","PattersonGenetics2012","lolo1267","596745",28,103,4651
"4652","Yi","PattersonGenetics2012","lolo1267","596995",28,103,4652
"4653","Yi","PattersonGenetics2012","lolo1267","596923",28,103,4653
"4654","Yi","PattersonGenetics2012","lolo1267","596623",28,103,4654
"4655","Yi","PattersonGenetics2012","lolo1267","596263",28,103,4655
"4656","Yi","PattersonGenetics2012","lolo1267","594734",28,103,4656
"4657","Yoruba","PattersonGenetics2012","yoru1245","593735",7.4,3.9,4657
"4658","Yoruba","PattersonGenetics2012","yoru1245","594449",7.4,3.9,4658
"4659","Yoruba","PattersonGenetics2012","yoru1245","592527",7.4,3.9,4659
"4660","Yoruba","PattersonGenetics2012","yoru1245","594662",7.4,3.9,4660
"4661","Yoruba","PattersonGenetics2012","yoru1245","593933",7.4,3.9,4661
"4662","Yoruba","PattersonGenetics2012","yoru1245","594998",7.4,3.9,4662
"4663","Yoruba","PattersonGenetics2012","yoru1245","594032",7.4,3.9,4663
"4664","Yoruba","PattersonGenetics2012","yoru1245","589099",7.4,3.9,4664
"4665","Yoruba","PattersonGenetics2012","yoru1245","595571",7.4,3.9,4665
"4666","Yoruba","PattersonGenetics2012","yoru1245","594413",7.4,3.9,4666
"4667","Yoruba","PattersonGenetics2012","yoru1245","594357",7.4,3.9,4667
"4668","Yoruba","PattersonGenetics2012","yoru1245","594073",7.4,3.9,4668
"4669","Yoruba","PattersonGenetics2012","yoru1245","594468",7.4,3.9,4669
"4670","Yoruba","PattersonGenetics2012","yoru1245","594513",7.4,3.9,4670
"4671","Yoruba","PattersonGenetics2012","yoru1245","594046",7.4,3.9,4671
"4672","Yoruba","PattersonGenetics2012","yoru1245","593993",7.4,3.9,4672
"4673","Yoruba","PattersonGenetics2012","yoru1245","594890",7.4,3.9,4673
"4674","Yoruba","PattersonGenetics2012","yoru1245","595048",7.4,3.9,4674
"4675","Yoruba","PattersonGenetics2012","yoru1245","595519",7.4,3.9,4675
"4676","Yoruba","PattersonGenetics2012","yoru1245","595153",7.4,3.9,4676
"4677","Yoruba","PattersonGenetics2012","yoru1245","594751",7.4,3.9,4677
"4678","Yoruba","PattersonGenetics2012","yoru1245","595308",7.4,3.9,4678
"4679","Yoruba","PattersonGenetics2012","yoru1245","594250",7.4,3.9,4679
"4680","Yoruba","PattersonGenetics2012","yoru1245","593598",7.4,3.9,4680
"4681","Yoruba","PattersonGenetics2012","yoru1245","594957",7.4,3.9,4681
"4682","Yoruba","PattersonGenetics2012","yoru1245","595261",7.4,3.9,4682
"4683","Yoruba","PattersonGenetics2012","yoru1245","593262",7.4,3.9,4683
"4684","Yoruba","PattersonGenetics2012","yoru1245","593394",7.4,3.9,4684
"4685","Yoruba","PattersonGenetics2012","yoru1245","594867",7.4,3.9,4685
"4686","Yoruba","PattersonGenetics2012","yoru1245","588415",7.4,3.9,4686
"4687","Yoruba","PattersonGenetics2012","yoru1245","594120",7.4,3.9,4687
"4688","Yoruba","PattersonGenetics2012","yoru1245","593913",7.4,3.9,4688
"4689","Yoruba","PattersonGenetics2012","yoru1245","591727",7.4,3.9,4689
"4690","Yoruba","PattersonGenetics2012","yoru1245","594546",7.4,3.9,4690
"4691","Yoruba","PattersonGenetics2012","yoru1245","593420",7.4,3.9,4691
"4692","Yoruba","PattersonGenetics2012","yoru1245","596366",7.4,3.9,4692
"4693","Yoruba","PattersonGenetics2012","yoru1245","592555",7.4,3.9,4693
"4694","Yoruba","PattersonGenetics2012","yoru1245","593812",7.4,3.9,4694
"4695","Yoruba","PattersonGenetics2012","yoru1245","595229",7.4,3.9,4695
"4696","Yoruba","PattersonGenetics2012","yoru1245","596441",7.4,3.9,4696
"4697","Yoruba","PattersonGenetics2012","yoru1245","590267",7.4,3.9,4697
"4698","Yoruba","PattersonGenetics2012","yoru1245","591817",7.4,3.9,4698
"4699","Yoruba","PattersonGenetics2012","yoru1245","593472",7.4,3.9,4699
"4700","Yoruba","PattersonGenetics2012","yoru1245","594513",7.4,3.9,4700
"4701","Yoruba","PattersonGenetics2012","yoru1245","593863",7.4,3.9,4701
"4702","Yoruba","PattersonGenetics2012","yoru1245","593487",7.4,3.9,4702
"4703","Yoruba","PattersonGenetics2012","yoru1245","594503",7.4,3.9,4703
"4704","Yoruba","PattersonGenetics2012","yoru1245","594393",7.4,3.9,4704
"4705","Yoruba","PattersonGenetics2012","yoru1245","596169",7.4,3.9,4705
"4706","Yoruba","PattersonGenetics2012","yoru1245","594042",7.4,3.9,4706
"4707","Yoruba","PattersonGenetics2012","yoru1245","596492",7.4,3.9,4707
"4708","Yoruba","PattersonGenetics2012","yoru1245","596147",7.4,3.9,4708
"4709","Yoruba","PattersonGenetics2012","yoru1245","595101",7.4,3.9,4709
"4710","Yoruba","PattersonGenetics2012","yoru1245","594824",7.4,3.9,4710
"4711","Yoruba","PattersonGenetics2012","yoru1245","595317",7.4,3.9,4711
"4712","Yoruba","PattersonGenetics2012","yoru1245","592558",7.4,3.9,4712
"4713","Yoruba","PattersonGenetics2012","yoru1245","594798",7.4,3.9,4713
"4714","Yoruba","PattersonGenetics2012","yoru1245","594859",7.4,3.9,4714
"4715","Yoruba","PattersonGenetics2012","yoru1245","595568",7.4,3.9,4715
"4716","Yoruba","PattersonGenetics2012","yoru1245","595694",7.4,3.9,4716
"4717","Yoruba","PattersonGenetics2012","yoru1245","593330",7.4,3.9,4717
"4718","Yoruba","PattersonGenetics2012","yoru1245","593861",7.4,3.9,4718
"4719","Yoruba","PattersonGenetics2012","yoru1245","585867",7.4,3.9,4719
"4720","Yoruba","PattersonGenetics2012","yoru1245","593410",7.4,3.9,4720
"4721","Yoruba","PattersonGenetics2012","yoru1245","591872",7.4,3.9,4721
"4722","Yoruba","PattersonGenetics2012","yoru1245","593907",7.4,3.9,4722
"4723","Yoruba","PattersonGenetics2012","yoru1245","593940",7.4,3.9,4723
"4724","Yoruba","PattersonGenetics2012","yoru1245","595118",7.4,3.9,4724
"4725","Yoruba","PattersonGenetics2012","yoru1245","592489",7.4,3.9,4725
"4726","Yoruba","PattersonGenetics2012","yoru1245","594155",7.4,3.9,4726
"4727","Yoruba","PattersonGenetics2012","yoru1245","596604",7.4,3.9,4727
"4728","Yoruba","PattersonGenetics2012","yoru1245","595895",7.4,3.9,4728
"4729","Yoruba","PattersonGenetics2012","yoru1245","595370",7.4,3.9,4729
"4730","Yoruba","PattersonGenetics2012","yoru1245","596273",7.4,3.9,4730
"4731","Yoruba","PattersonGenetics2012","yoru1245","596025",7.4,3.9,4731
"4732","Yukagir_Forest","LazaridisNature2014","nort2745","597266",65.48,151,4732
"4733","Yukagir_Forest","LazaridisNature2014","nort2745","572439",65.48,151,4733
"4734","Yukagir_Forest","LazaridisNature2014","nort2745","596476",65.48,151,4734
"4735","Yukagir_Forest","LazaridisNature2014","nort2745","596963",65.48,151,4735
"4736","Yukagir_Forest","LazaridisNature2014","nort2745","596997",65.48,151,4736
"4737","Yukagir_Tundra","LazaridisNature2014","sout2750","594735",70.6,147.9,4737
"4738","Yukagir_Tundra","LazaridisNature2014","sout2750","596796",70.6,147.9,4738
"4739","Yukagir_Tundra","LazaridisNature2014","sout2750","596451",70.6,147.9,4739
"4740","Yukagir_Tundra","LazaridisNature2014","sout2750","593655",70.6,147.9,4740
"4741","Yukagir_Tundra","LazaridisNature2014","sout2750","593755",70.6,147.9,4741
"4742","Yukagir_Tundra","LazaridisNature2014","sout2750","595699",70.6,147.9,4742
"4743","Yukagir_Tundra","LazaridisNature2014","sout2750","597138",70.6,147.9,4743
"4744","Yukagir_Tundra","LazaridisNature2014","sout2750","596913",70.6,147.9,4744
"4745","Yukagir_Tundra","LazaridisNature2014","sout2750","596097",70.6,147.9,4745
"4746","Yukagir_Tundra","LazaridisNature2014","sout2750","597211",70.6,147.9,4746
"4747","Yukagir_Tundra","LazaridisNature2014","sout2750","597025",70.6,147.9,4747
"4748","Yukagir_Tundra","LazaridisNature2014","sout2750","596619",70.6,147.9,4748
"4749","Yukagir_Tundra","LazaridisNature2014","sout2750","595444",70.6,147.9,4749
"4750","Yukagir_Tundra","LazaridisNature2014","sout2750","596426",70.6,147.9,4750
"4751","Yukagir_Tundra","LazaridisNature2014","sout2750","597160",70.6,147.9,4751
"4752","Yukagir_Tundra","LazaridisNature2014","sout2750","596673",70.6,147.9,4752
"4753","Yukagir_Tundra","LazaridisNature2014","sout2750","596570",70.6,147.9,4753
"4754","Yukagir_Tundra","LazaridisNature2014","sout2750","595975",70.6,147.9,4754
"4755","Yukagir_Tundra","LazaridisNature2014","sout2750","596065",70.6,147.9,4755
"4756","Zapotec","LazaridisNature2014","zapo1437","587465",17.01666667,-96.51666667,4756
"4757","Zapotec","LazaridisNature2014","zapo1437","587592",17.01666667,-96.51666667,4757
"4758","Zapotec","LazaridisNature2014","zapo1437","595457",17.01666667,-96.51666667,4758
"4759","Zapotec","LazaridisNature2014","zapo1437","594629",17.01666667,-96.51666667,4759
"4760","Zapotec","LazaridisNature2014","zapo1437","595996",17.01666667,-96.51666667,4760
"4761","Zapotec","LazaridisNature2014","zapo1437","596803",17.01666667,-96.51666667,4761
"4762","Zapotec","LazaridisNature2014","zapo1437","588746",17.01666667,-96.51666667,4762
"4763","Zapotec","LazaridisNature2014","zapo1437","595954",17.01666667,-96.51666667,4763
"4764","Zapotec","LazaridisNature2014","zapo1437","595771",17.01666667,-96.51666667,4764
"4765","Zapotec","LazaridisNature2014","zapo1437","596262",17.01666667,-96.51666667,4765
"4766","Zapotec","LazaridisNature2014","zapo1437","596678",17.01666667,-96.51666667,4766
"4767","Zapotec","LazaridisNature2014","zapo1437","596044",17.01666667,-96.51666667,4767
"4768","Zoro","SkoglundNature2015","gavi1246","586857",-10.33333333,-60.33333333,4768
