population,curated_glottocode,n_individuals,q1,q2,q3,q4,q5,q6,q7,q8,q9,q10,q11,q12,q13,q14,q15,q16,q17,q18,q19,q20,q21,q22,q23
Abazin,abaz1241,10,0.18062250000000002,0.0025449,0.015611700000000001,0.0006110999999999996,0.014855000000000002,0.001534,0.0006421999999999997,0.004176600000000001,0.0008018999999999998,0.43170349999999996,6.330000000000002e-05,0.0042852,1e-05,0.0421625,1e-05,0.0004166999999999996,0.2890107,0.0024586,1e-05,1e-05,0.004983500000000001,0.0034662000000000004,1e-05
Abkhasian,abkh1244,9,0.24930077777777773,0.0011747777777777774,0.006808666666666667,1e-05,0.003608333333333333,1.0333333333333333e-05,1e-05,0.0020377777777777777,0.0014803333333333329,0.6791444444444444,0.00019122222222222224,0.0023103333333333326,0.0003466666666666667,0.007355555555555555,0.0020426666666666666,5.811111111111113e-05,0.035278666666666667,0.002267,0.00026011111111111113,0.0004113333333333333,0.003226888888888889,0.002281,0.00038477777777777783
Adygei,adyg1241,18,0.1889068333333333,0.0019135,0.013533666666666668,0.0002567777777777777,0.005033444444444445,0.0009736666666666665,1e-05,0.004515944444444444,0.0018158333333333344,0.5531873333333334,3.72777777777778e-05,0.005446444444444445,1e-05,0.03355011111111111,1e-05,0.0003814999999999996,0.1826447777777778,0.0008911666666666664,1e-05,1e-05,0.004008277777777777,0.002611555555555556,0.00024194444444444431
Adygei_Abadzhekh,abad1240,3,0.208059,1e-05,0.012582000000000001,1e-05,0.013265666666666667,1e-05,1e-05,0.008522333333333333,1e-05,0.560203,1e-05,0.0031179999999999997,1e-05,0.027864666666666663,1e-05,1e-05,0.16336033333333333,9.100000000000003e-05,1e-05,1e-05,0.0028039999999999996,1e-05,1e-05
Adygei_Bzhedug,bezh1247,4,0.20442,0.00057025,0.00659975,1e-05,0.011227250000000001,0.0011652499999999998,1e-05,0.0070957500000000005,1e-05,0.57794,1e-05,0.004422499999999999,1e-05,0.027122,1e-05,1e-05,0.1496585,0.00463875,1e-05,1e-05,0.0034827499999999997,0.0014405,0.00012625
Adygei_Mamkheg,adyg1241,4,0.187894,0.00215375,0.0028302500000000003,0.00089175,0.00924925,0.00096175,1e-05,0.00171625,1.125e-05,0.569163,0.0006375,0.00661725,1e-05,0.0388355,1e-05,1e-05,0.16898075,0.0015894999999999998,1e-05,1e-05,0.004645,0.00375275,1e-05
Adygei_Shapsug_Black_Sea,shap1240,3,0.196778,0.002243,0.0014349999999999999,1e-05,0.00024333333333333336,0.0002446666666666667,1e-05,0.003679,1e-05,0.5881919999999999,1e-05,0.0021173333333333335,1e-05,0.031849666666666665,1e-05,0.0036869999999999997,0.16476966666666668,1e-05,1e-05,1e-05,0.00126,0.003402,1e-05
Adygei_Shapsug_Kuban,shap1240,1,0.20333,1e-05,1e-05,1e-05,0.007826,1e-05,1e-05,1e-05,1e-05,0.549646,1e-05,0.023111,1e-05,0.049315,1e-05,1e-05,0.158273,0.008339,1e-05,1e-05,1e-05,1e-05,1e-05
Afar_WGA,afar1241,5,0.0222882,0.0019335999999999995,0.0003608,0.00022660000000000003,0.0030176,1e-05,1e-05,0.0022069999999999998,0.0120714,0.0344142,0.0005386,0.0009643999999999996,0.010519200000000001,0.0015892,0.2640132,0.5029674,0.008038400000000001,0.0008543999999999996,1e-05,0.1303726,0.0032413999999999998,3.62e-05,0.00031560000000000003
AfroAmericans_Denver,NA,10,0.0523652,0.003918700000000001,5.970000000000003e-05,0.00041059999999999995,0.000123,1e-05,4.48e-05,0.0034717999999999997,0.0017879999999999997,0.0096472,0.0001951,0.0012174,0.0255218,0.0011821999999999996,0.7861855999999999,0.003869200000000001,0.1024081,0.0013317999999999997,1e-05,0.0027842999999999995,0.0018727999999999998,0.0013390999999999998,0.0002436
Ain_Touta_WGA,tach1249,3,0.09007866666666665,1e-05,0.001723333333333333,0.00045466666666666664,1e-05,1e-05,0.0026320000000000002,0.0022803333333333334,0.03394266666666667,0.3792603333333333,0.0013153333333333333,0.0006366666666666667,0.0028349999999999994,1e-05,0.09681333333333335,0.3030636666666667,0.05128966666666667,0.006290333333333333,0.0025616666666666665,0.023594666666666663,0.001168,1e-05,1e-05
Albanian,alba1267,6,0.39036049999999994,0.00014366666666666667,0.0005198333333333334,0.0003845,2.3166666666666666e-05,0.0008963333333333332,1e-05,0.0004228333333333334,1e-05,0.23506816666666666,1e-05,0.0016848333333333333,3.333333333333333e-05,0.0008706666666666663,0.001609,0.029952999999999997,0.33081316666666666,0.00043883333333333334,1e-05,1e-05,0.0045865,0.0021321666666666663,1e-05
Aleut,aleu1260,6,0.030492000000000002,0.063936,0.011219666666666668,0.00025583333333333334,0.018493333333333337,0.004530833333333334,1e-05,0.08202733333333333,0.0009264999999999997,0.021390500000000003,0.00026133333333333336,0.20486766666666667,1e-05,0.020373166666666668,1e-05,1e-05,0.5185363333333334,0.013357500000000001,1e-05,1e-05,0.002933333333333333,0.006327500000000002,1.1166666666666668e-05
Aleut_Tlingit,aleu1260,4,0.0151275,0.0890165,0.007620249999999999,1e-05,0.04244825,1e-05,1e-05,0.0961125,1e-05,0.03320475,1e-05,0.26417725,1e-05,0.019951999999999998,1e-05,1e-05,0.40805199999999997,0.02034975,1e-05,1e-05,0.001068,0.00276075,1e-05
Algerian,alge1239,5,0.39727819999999997,0.0023662,0.00042640000000000006,0.0003596,0.0074810000000000015,0.0008839999999999997,1e-05,0.0006394,0.0034586,0.040295000000000004,1e-05,0.0017897999999999998,1.1e-05,1e-05,0.1808322,0.2995482,0.0534868,0.0011886000000000002,1e-05,0.005668200000000001,0.0036958,0.0005408,1e-05
Algonquin,algo1255,9,0.06097044444444445,0.15037111111111112,0.00027733333333333337,1e-05,1.1000000000000001e-05,0.0004778888888888888,1e-05,0.6380023333333332,1e-05,0.0023478888888888885,1e-05,1e-05,1e-05,1e-05,1e-05,1e-05,0.14067566666666667,0.006726666666666668,1e-05,1e-05,1e-05,1e-05,1e-05
Altaian,sout2694,7,0.01585685714285714,0.0038964285714285715,0.16070128571428574,1e-05,0.21241142857142856,0.006318571428571429,1e-05,0.011097571428571427,0.004148,0.08329314285714286,1e-05,0.01551,1.0428571428571428e-05,0.38082999999999995,1e-05,0.001028142857142857,0.07520885714285715,0.0021811428571428568,1e-05,1.0714285714285716e-05,0.002262142857142857,0.02517528571428571,1e-05
Altaian_Chelkans,chel1242,7,0.007004285714285717,0.001404285714285714,0.0036072857142857148,1e-05,0.5070927142857143,0.0022381428571428565,1e-05,0.009661857142857142,0.003570285714285714,0.07171057142857143,1e-05,0.002462428571428571,1e-05,0.2504304285714286,1e-05,1e-05,0.13365471428571427,0.004716714285714287,1e-05,1e-05,0.0022971428571428574,5.928571428571431e-05,1e-05
Altaian_Kizhi,tuba1280,12,0.023931583333333336,0.005560583333333333,0.15887749999999998,0.0007514166666666664,0.24929091666666667,0.004733083333333334,1.0666666666666669e-05,0.005367583333333333,0.003956333333333333,0.09214908333333333,1e-05,0.007866,1.025e-05,0.34689,1e-05,0.0029291666666666685,0.06631775000000001,0.0033199166666666668,1.1083333333333335e-05,1.0166666666666667e-05,0.0017668333333333331,0.026184500000000003,4.5916666666666674e-05
Altaian_Telengit,tala1279,6,0.021327666666666665,0.0011268333333333332,0.14748533333333333,0.00011100000000000003,0.2453423333333333,0.006945333333333334,1e-05,0.004917166666666666,0.006197500000000001,0.08151916666666668,0.0012018333333333332,0.012037833333333333,0.00024683333333333333,0.38547900000000007,0.000845333333333333,0.0019186666666666664,0.06754333333333333,0.0024645,0.0005743333333333334,1e-05,0.0015461666666666664,0.011139833333333333,1e-05
Ami,amis1246,10,1e-05,1e-05,0.0027385999999999995,1e-05,1e-05,0.0872068,1e-05,1e-05,1e-05,1e-05,1e-05,1e-05,1e-05,0.0304637,1e-05,1e-05,1e-05,1e-05,1e-05,1e-05,1e-05,0.8794010999999999,1e-05
Apalai,apal1257,4,1e-05,0.7549294999999999,1e-05,1e-05,1e-05,1e-05,1e-05,1e-05,1e-05,1e-05,1e-05,1e-05,1e-05,1e-05,1e-05,1e-05,1e-05,0.2448605,1e-05,1e-05,1e-05,1e-05,1e-05
Arara,para1310,4,1e-05,0.68813575,1e-05,1e-05,1e-05,1e-05,1e-05,1e-05,1e-05,1.025e-05,1e-05,1e-05,1e-05,1e-05,1e-05,1e-05,1e-05,0.31165200000000004,1e-05,1e-05,1e-05,1.1750000000000001e-05,1e-05
Armenian,nucl1235,11,0.29715690909090914,0.00024254545454545451,0.0010481818181818181,0.0012104545454545452,0.0013737272727272728,0.0005411818181818178,0.0003078181818181818,0.0014409999999999998,0.006250727272727272,0.5826952727272726,0.0003621818181818181,0.002002272727272727,1e-05,0.0012600909090909088,1e-05,0.09060672727272726,0.010684090909090909,0.0010797272727272728,1.0090909090909092e-05,1e-05,0.0014719999999999998,0.00021472727272727276,1e-05
Armenian_Hemsheni,hams1240,8,0.2985725,0.0008816249999999998,0.002317625,0.0001405,1e-05,0.0008454999999999998,0.00034325,1e-05,0.0012315,0.597341625,2.3e-05,0.0012168749999999996,1.025e-05,0.0012463749999999997,1e-05,0.03980025,0.05367425000000001,0.0005852499999999997,1e-05,1e-05,0.00041900000000000005,0.001290125,1e-05
Armenian_WGA,nucl1235,3,0.21346600000000002,0.0008876666666666667,0.0007276666666666667,0.002460333333333333,1e-05,1e-05,0.003736333333333333,0.00018633333333333335,1e-05,0.5377243333333334,1e-05,0.0004256666666666667,1e-05,0.002689333333333333,1e-05,0.202797,0.032482000000000004,0.001259,0.0010580000000000001,1.0666666666666666e-05,1e-05,1e-05,1e-05
Ashkenazi_Jew,east2295,8,0.35488000000000003,0.00133775,0.0024158749999999996,0.0002595,0.002419375,0.0019409999999999998,1e-05,0.0012862499999999999,0.00303575,0.24927775,0.000137625,0.004760750000000001,0.00019537500000000002,0.005292625,0.0023683750000000003,0.12813562499999998,0.23844100000000001,0.00040775,1e-05,0.00040550000000000004,0.0015607499999999996,0.0012719999999999997,0.00014912500000000003
Assyrian,assy1241,11,0.27696618181818183,3.972727272727273e-05,0.001686909090909091,0.0005990909090909091,0.0004240909090909089,0.00023099999999999998,0.0006904545454545451,0.001408090909090909,0.009257272727272727,0.567494909090909,1e-05,0.0003732727272727269,1e-05,0.0014078181818181817,1e-05,0.13307990909090908,0.0007111818181818182,0.0008869090909090907,1e-05,1e-05,0.0032204545454545454,0.0011070000000000001,0.000366090909090909
Assyrian_WGA,assy1241,5,0.22092299999999998,1e-05,0.0010523999999999998,1e-05,0.0042504,1e-05,0.0014680000000000001,0.0002902,0.0011211999999999997,0.5208536,0.000196,0.00045599999999999997,1e-05,0.0007554,1e-05,0.24080680000000002,0.004892199999999999,0.0012835999999999998,0.0009093999999999998,1e-05,0.0004718,1e-05,0.0002
Atayal,atay1247,10,1e-05,1e-05,0.0078956,1e-05,1e-05,0.0320737,1e-05,0.00022960000000000002,1e-05,1e-05,1e-05,0.00019040000000000002,1e-05,0.022026200000000006,1e-05,1e-05,1e-05,1e-05,1e-05,1e-05,1e-05,0.9374144999999998,1e-05
Ata_Bili,pele1245,1,1e-05,1e-05,1e-05,0.003708,1e-05,0.039499,0.005605,1e-05,1e-05,1e-05,0.804886,1e-05,1e-05,1e-05,1e-05,1e-05,1e-05,1e-05,1e-05,1e-05,1e-05,1e-05,0.146122
Ata_Luge,pele1245,2,1e-05,1e-05,1e-05,0.0038369999999999997,1e-05,0.049894,0.0167405,1e-05,1e-05,1e-05,0.7687865,1e-05,1e-05,1e-05,1e-05,1e-05,1e-05,1e-05,1e-05,1e-05,1e-05,1e-05,0.1605615
Ata_Uassilau,pele1245,5,1e-05,1e-05,1e-05,0.0076132000000000005,1e-05,0.020651799999999998,0.0033426,1e-05,1e-05,1e-05,0.8411616000000001,1e-05,1e-05,1e-05,1e-05,1e-05,1e-05,1e-05,1e-05,1e-05,1e-05,1e-05,0.1270504
Australian_WGA,NA,7,0.0012934285714285715,1e-05,0.0012125714285714285,0.26750942857142856,0.0026754285714285712,1e-05,0.4470834285714285,1e-05,0.05325242857142857,1e-05,0.00042185714285714293,0.000465,0.0004905714285714286,0.0003525714285714286,0.0006229999999999996,0.05242371428571428,0.025974857142857143,0.002853142857142857,0.0071860000000000005,0.0010009999999999997,0.020539571428571428,1e-05,0.11459185714285715
Avar_Gunibsky,avar1256,5,0.07494160000000001,0.0033881999999999996,2.54e-05,0.0007923999999999997,0.0185386,0.0017285999999999998,1e-05,0.0039212000000000006,0.0049408,0.5969165999999999,1e-05,0.010945200000000002,1e-05,0.0023905999999999997,1e-05,0.0017896,0.2713568,0.0030118,1e-05,1e-05,0.0052326,1e-05,1e-05
Avar_Unchukulsky,avar1256,5,0.0912802,0.0024952,0.0002636,1e-05,0.0214542,0.0018524,1e-05,0.005693800000000001,0.0026292,0.6072215999999999,0.000595,0.0079114,1e-05,0.007306400000000002,1e-05,0.0057334,0.2405078,0.0022595999999999996,1e-05,1e-05,0.0012778,0.0010965999999999997,0.0003622
Aymara,sout2996,5,0.012580599999999997,0.9577674,0.0010911999999999996,1e-05,0.000576,1e-05,1e-05,0.0098758,1e-05,0.0013979999999999995,1e-05,0.002092,1e-05,1e-05,0.00017720000000000002,1e-05,0.009018400000000003,0.0052932,1e-05,1e-05,1e-05,1e-05,1e-05
Azeri_Azerbajan,nort2697,9,0.2225247777777778,0.003041,0.004042555555555555,1e-05,0.014046888888888887,0.0008722222222222219,2.8333333333333335e-05,0.0020563333333333336,0.03431133333333333,0.5343857777777777,0.0010758888888888888,0.003327444444444444,0.000105,0.03986644444444445,0.0009877777777777775,0.07627144444444445,0.052754333333333334,0.0011636666666666666,1e-05,1e-05,0.002934,0.005513000000000001,0.0006614444444444444
Azeri_Dagestan,nort2697,7,0.190001,0.0026669999999999997,0.005484999999999999,0.0001032857142857143,0.011240714285714286,0.001655285714285714,1e-05,0.0008148571428571427,0.025822571428571427,0.5519502857142857,0.0001355714285714286,0.0020738571428571425,1.0285714285714286e-05,0.027815857142857146,6.057142857142859e-05,0.037514142857142864,0.12798828571428572,0.0037528571428571424,1e-05,1e-05,0.0032337142857142855,0.007628571428571429,1.6142857142857145e-05
Azeri_WGA,nort2697,2,0.128986,0.007032,0.00109,1e-05,0.0105345,1e-05,0.005293,1e-05,0.050914,0.5421185,1e-05,0.000241,1e-05,1e-05,1e-05,0.204016,0.047407500000000005,0.0010325,0.00014700000000000002,1e-05,1e-05,0.0010895,1e-05
Baining_Malasait,bain1263,4,1e-05,1e-05,1e-05,1e-05,1e-05,1e-05,1e-05,1e-05,1e-05,1e-05,1e-05,1e-05,1e-05,1e-05,1e-05,1e-05,1e-05,1e-05,1e-05,1e-05,1e-05,1e-05,0.99978
Baining_Marabu,bain1263,10,1e-05,1e-05,1.0399999999999999e-05,1.11e-05,1e-05,1e-05,1e-05,1.01e-05,1.02e-05,1e-05,1e-05,1e-05,1e-05,1e-05,1e-05,1e-05,1e-05,1e-05,1e-05,1e-05,1e-05,1e-05,0.9997782
Bajo,indo1317,10,2.6000000000000002e-05,1e-05,0.010095400000000001,0.0099922,1e-05,0.025677300000000004,0.027824499999999995,0.0006516999999999998,0.0283995,1e-05,0.008288900000000002,0.0037610000000000013,1.06e-05,1e-05,0.0015581999999999996,0.0006778999999999999,1e-05,0.00031590000000000003,1e-05,0.0002727,0.026860000000000002,0.8455412000000001,0.0099867
Balkar,kara1465,10,0.19717629999999997,0.0024587999999999997,0.016842000000000003,0.0001529,0.0085139,0.00044459999999999986,0.0001729,0.004219900000000001,0.0014729999999999997,0.543362,1e-05,0.0061364,1e-05,0.04062040000000001,1e-05,0.0005468999999999999,0.16181620000000002,0.0025277,1e-05,1e-05,0.0026723999999999997,0.0100756,0.0007380999999999999
Balochi,east2304,24,0.017564625000000004,0.0008424999999999996,0.0016429166666666673,0.00021304166666666664,0.001917416666666667,3.437500000000003e-05,1.6125000000000016e-05,0.0038318750000000006,0.2972722083333333,0.5468563750000001,0.00027754166666666644,0.0026499583333333336,0.0013986666666666672,0.0018653333333333345,0.01927541666666667,0.033200041666666666,0.06441374999999999,0.0030956249999999994,1.0083333333333334e-05,0.0009591249999999998,0.0016951249999999998,0.0009576249999999997,1e-05
BantuKenya,NA,9,1e-05,0.0010598888888888886,0.0011378888888888888,1.0555555555555555e-05,0.0003906666666666667,0.0005786666666666665,1e-05,0.0002512222222222223,0.001684,0.00032711111111111114,1e-05,0.0009982222222222222,0.06730933333333332,1e-05,0.8082752222222223,0.05349577777777778,0.00027933333333333336,0.0002698888888888889,0.0006516666666666664,0.061795555555555555,0.0012424444444444445,0.00019244444444444447,1e-05
BantuSA_Herero,here1253,2,1e-05,1e-05,1e-05,1.35e-05,1e-05,1e-05,1e-05,1e-05,1e-05,0.0039655,1e-05,1e-05,0.067835,1e-05,0.871602,0.0009660000000000001,1e-05,1e-05,0.048659,0.0054485,0.0013615,1e-05,1e-05
BantuSA_Ovambo,ndon1254,1,1e-05,1e-05,0.000761,1e-05,1e-05,1e-05,1e-05,0.005261,1e-05,1e-05,1e-05,1e-05,0.082315,1e-05,0.898602,1e-05,1e-05,1e-05,0.011128,0.001764,1e-05,1e-05,1e-05
BantuSA_Pedi,pedi1238,1,1e-05,1e-05,1e-05,1e-05,1e-05,1e-05,1e-05,1e-05,1e-05,1e-05,1e-05,1e-05,0.051144,1e-05,0.725748,1e-05,1e-05,1e-05,0.216985,0.005933,1e-05,1e-05,1e-05
BantuSA_S_Sotho,sout2807,1,1e-05,1e-05,1.6e-05,1e-05,1e-05,1e-05,1e-05,1e-05,1e-05,1e-05,1e-05,1e-05,0.056729,1e-05,0.739993,1e-05,1e-05,1e-05,0.196897,0.006185,1e-05,1e-05,1e-05
BantuSA_Tswana,tswa1253,2,1e-05,1e-05,1.0500000000000001e-05,1e-05,1e-05,1e-05,1e-05,6.05e-05,1e-05,0.000793,1e-05,1.3000000000000001e-05,0.04122,1e-05,0.713882,1e-05,1e-05,1e-05,0.24267499999999997,0.001196,1e-05,1e-05,1e-05
BantuSA_Zulu,zulu1248,1,1e-05,1e-05,1e-05,1.5e-05,1e-05,1e-05,1e-05,1.5e-05,1e-05,0.002118,1e-05,1e-05,0.052247,1e-05,0.814923,1e-05,1e-05,1e-05,0.124751,0.005771,1e-05,1e-05,1e-05
Barito,NA,9,0.0005025555555555551,0.0003964444444444445,0.0036230000000000004,0.009020444444444444,1e-05,0.005193888888888889,0.008042222222222221,0.0004271111111111111,0.05504155555555555,1e-05,0.0028914444444444447,0.005306000000000001,1e-05,0.03407011111111111,1e-05,8.244444444444445e-05,0.00019244444444444444,0.001258,1e-05,1e-05,0.042562555555555555,0.8245641111111113,0.0067657777777777785
Bashkir_Burzjan_Baimaksky,burz1239,8,0.015797,0.0036111249999999998,0.09663250000000001,0.00034987500000000003,0.204609875,0.0016726249999999996,0.00036087500000000003,0.007149000000000001,0.014671375,0.12937125,0.000684875,0.019081500000000005,1.0375e-05,0.15709412500000003,1.0625e-05,0.0011446249999999998,0.323795875,0.0013205,1.0125e-05,1e-05,0.0037493749999999992,0.018852375000000005,1e-05
Bashkir_IkskoBelsky_Kyrgyz,bash1264,6,0.05068316666666667,0.004106166666666666,0.08994466666666667,0.0007136666666666666,0.0909585,0.0006045,1e-05,0.004980166666666667,0.0081045,0.12648116666666667,1e-05,0.014386666666666666,1e-05,0.0774605,1e-05,0.006373666666666666,0.5167945,0.0017603333333333332,1e-05,1e-05,0.0009453333333333332,0.0054465,0.00019550000000000004
Bashkir_IkskoBelsky_Uran,bash1264,8,0.044157625,0.00019025000000000002,0.07635612500000001,6.2375e-05,0.137222125,1e-05,0.000677875,0.0005602499999999998,0.013401875,0.108567625,0.0014031249999999999,0.020929,9.737500000000002e-05,0.059092875,0.0005067499999999997,0.006378375,0.518762375,0.0016973749999999999,1e-05,0.00010375000000000003,0.0025385000000000004,0.007264625,1e-05
Bashkir_Ming_Miyakinsky,bash1264,9,0.04184444444444445,0.0033094444444444443,0.084375,0.00039033333333333335,0.14748822222222224,0.0002281111111111111,1e-05,0.0014333333333333331,0.00820622222222222,0.13022755555555554,1e-05,0.009261555555555556,0.00019544444444444443,0.09104688888888889,0.0002226666666666667,0.011867555555555555,0.44735499999999995,0.002493222222222222,1.0888888888888888e-05,1.0111111111111111e-05,0.0018198888888888887,0.016522,0.0016721111111111112
Bashkir_North_Tabyn_Balysky,bash1264,7,0.026654428571428572,0.0048301428571428575,0.10017942857142857,0.00045242857142857145,0.12625899999999998,0.0015465714285714284,1e-05,0.008899857142857143,0.009649571428571427,0.11563400000000001,0.0014894285714285715,0.012392428571428572,1e-05,0.110168,1e-05,0.0021769999999999997,0.463686,0.0012641428571428571,1e-05,1e-05,0.0035570000000000003,0.011098857142857145,1.2000000000000002e-05
Bashkir_North_Unlar,bash1264,4,0.0261155,0.0005995,0.09350625,1e-05,0.12074025,1e-05,0.0002655,0.00445275,0.006556749999999999,0.1257665,1e-05,0.02378375,1e-05,0.09015025,1e-05,1e-05,0.49828275000000005,1.25e-05,1e-05,1e-05,0.0022512499999999998,0.006243749999999999,0.0011929999999999996
Bashkir_Tamyan_Kypcak,bash1264,7,0.023268857142857143,0.0058824285714285714,0.10546914285714286,0.0012118571428571426,0.1907824285714286,0.0021459999999999995,0.00019000000000000004,0.007217714285714286,0.012645142857142857,0.12399342857142859,0.001140142857142857,0.014636714285714284,1.0857142857142858e-05,0.1593287142857143,1e-05,0.0027892857142857138,0.336392,1e-05,1.0285714285714286e-05,0.00011042857142857145,0.0015495714285714284,0.011194714285714285,1e-05
Bashkir_Yurmaty,yurm1239,4,0.0232195,0.0014819999999999996,0.08923475,0.0012764999999999999,0.18917475000000003,1e-05,1e-05,0.009128,0.008095,0.13006625,1e-05,0.0033584999999999995,1.0250000000000002e-05,0.15338325,0.00079375,0.010431500000000002,0.3589435,0.002855,1.175e-05,1e-05,0.00259175,0.01512225,0.000782
Basque,basq1248,22,0.5423237727272727,0.0006029090909090908,4.26818181818182e-05,1e-05,0.0022051363636363635,1e-05,0.00014586363636363636,0.000509681818181818,0.0006369545454545454,0.0039500454545454535,0.0001238636363636364,0.00023077272727272714,0.00015304545454545456,0.00022427272727272693,1.8772727272727283e-05,0.0004574999999999996,0.44782550000000004,0.00038490909090909076,1e-05,1e-05,0.00010427272727272728,1e-05,1e-05
BedouinA,east2690,24,0.23076341666666667,0.0013283750000000006,0.0015817916666666665,0.0006867499999999999,0.0034566666666666656,0.00022541666666666654,0.0004915416666666665,0.0024957500000000006,0.006302749999999999,0.3178664583333333,0.0002563749999999999,0.0008512916666666664,0.0010835,0.0010756666666666664,0.06314695833333335,0.3470176666666667,0.010640250000000002,0.0007677499999999997,1e-05,0.006926708333333333,0.002218666666666667,0.0004219166666666664,0.000384208333333333
BedouinB,east2690,20,0.01863235,0.0003591499999999998,0.00013145000000000002,4.9300000000000006e-05,1.04e-05,1e-05,1.1050000000000001e-05,0.00035674999999999997,1e-05,0.20711629999999998,4.815000000000001e-05,9.71e-05,0.0002566999999999998,1e-05,0.005625349999999999,0.73300025,0.03364325,0.00035259999999999995,1e-05,0.0002197499999999998,2.9900000000000022e-05,1e-05,1e-05
Belarusian,bela1254,10,0.11529190000000003,0.00026159999999999996,0.0078653,0.0005271999999999999,0.0009823999999999998,0.0010142999999999997,1e-05,0.0011315999999999995,0.0024831,0.054346399999999996,1.28e-05,0.0005665999999999999,1e-05,0.0018845999999999997,1e-05,0.0042515999999999995,0.8025452,0.0019200999999999999,1e-05,1e-05,0.0020186999999999996,0.0028363999999999998,1e-05
Bengali,beng1280,7,0.011334857142857143,0.001820857142857143,0.002098142857142857,1e-05,0.002175,0.0028588571428571426,1e-05,0.004606428571428573,0.6383431428571429,0.1822292857142857,0.002218142857142857,0.0025087142857142856,1e-05,0.037333142857142856,1e-05,1e-05,0.028320285714285715,0.0037855714285714285,1e-05,1e-05,0.022619,0.057352428571428575,0.0003261428571428572
Besermyan,bese1243,6,0.017863666666666663,0.011245333333333335,0.09886983333333334,0.00026366666666666666,0.14517566666666668,0.0007829999999999998,1e-05,0.0019221666666666664,0.015600500000000002,0.11572500000000001,1e-05,0.011693666666666666,1e-05,0.020410666666666667,1e-05,1e-05,0.5548316666666666,0.0024646666666666662,1.0833333333333335e-05,1e-05,0.0018541666666666665,0.0012151666666666667,1e-05
BiakaPygmy,yaka1272,23,1e-05,1e-05,1.0043478260869566e-05,1e-05,1e-05,1e-05,1e-05,1e-05,1e-05,1e-05,1e-05,1e-05,0.7575175217391305,1e-05,0.24227195652173913,1e-05,1e-05,1e-05,1.0130434782608695e-05,1e-05,1.0347826086956522e-05,1e-05,1e-05
Bolivian,NA,7,0.03292857142857143,0.876602142857143,0.0005421428571428571,1e-05,0.0018029999999999995,0.0007115714285714285,1e-05,0.012413142857142857,1e-05,0.008055,1e-05,0.0017345714285714284,1.0714285714285716e-05,0.0010352857142857143,0.004035857142857143,0.003964285714285714,0.025184857142857144,0.030114,0.00014600000000000003,0.0004722857142857143,0.00018614285714285716,1e-05,1e-05
Bolivia_Quechua,sout2991,2,0.0089805,0.9588945,1e-05,1e-05,1e-05,0.0003265,1e-05,0.0044365,0.0017415,0.0015085,0.000161,1e-05,1e-05,0.0022849999999999997,1e-05,0.004027,0.0067824999999999995,0.0107375,1e-05,1e-05,1e-05,1e-05,1e-05
Brahmin_Tiwari,chha1249,15,0.0026956000000000003,0.008266666666666665,0.001215,0.0004352666666666665,0.015883866666666666,0.002554533333333333,0.00021426666666666665,0.005561333333333333,0.5086358666666667,0.29438413333333335,1e-05,0.0035144666666666663,1e-05,0.0007100666666666667,1e-05,1e-05,0.14641886666666665,0.0019215333333333332,1e-05,1e-05,0.006549466666666667,0.0008060666666666663,0.00017306666666666668
Brahui,brah1256,23,0.011035347826086957,0.0008103478260869563,0.00043930434782608673,0.00030956521739130427,0.0038588260869565224,0.00020047826086956505,1e-05,0.003521956521739131,0.2881246956521739,0.5650412173913044,0.00022313043478260864,0.0021314782608695664,0.001540304347826088,0.0006246086956521737,0.022512956521739128,0.0360714347826087,0.05957339130434782,0.0021496086956521742,0.00010208695652173915,0.0011017391304347823,0.0003346521739130432,2.3173913043478283e-05,0.0002590434782608694
Buka,buka1262,5,1.02e-05,1e-05,1e-05,0.6075678,1e-05,0.22720920000000003,0.029501599999999996,1e-05,1e-05,1e-05,0.018061,1e-05,1e-05,1e-05,1e-05,1e-05,1e-05,0.00037240000000000005,1e-05,1e-05,0.0015857999999999996,0.0066494,0.10890280000000001
Buka_Petats,peta1245,3,1e-05,1e-05,1.1000000000000001e-05,0.5875506666666667,1e-05,0.24082766666666666,0.020945000000000002,1e-05,1e-05,1e-05,0.014735666666666666,1.0666666666666669e-05,1e-05,1e-05,1e-05,1e-05,1e-05,1e-05,1e-05,1e-05,1e-05,0.017123666666666666,0.11864599999999999
Bulgarian,bulg1262,10,0.307732,0.0003509,0.0027716,8.170000000000001e-05,0.0031031999999999995,0.0005907999999999998,4.02e-05,0.0022578999999999998,0.0006404,0.201017,0.00017110000000000004,0.001029,0.0004288999999999996,0.0010350999999999997,1e-05,0.0340262,0.43963349999999995,0.0008424999999999998,1e-05,0.0001737,0.0015319999999999997,0.0024492999999999997,7.32e-05
Burbur_WGA,taga1278,5,0.3918252,0.0006596,0.0013049999999999997,1e-05,0.011101,1e-05,0.00030280000000000004,1e-05,0.0055336,0.0037334,1e-05,1e-05,1e-05,0.0010857999999999998,0.16689739999999997,0.39501339999999996,0.0110042,0.0016922,1.02e-05,0.0089366,2.56e-05,0.0008041999999999997,1e-05
Burmese,nucl1310,10,0.0036801000000000013,0.0021547,0.0054252,0.0039418,0.008583599999999999,1e-05,0.0019348,0.0024996000000000003,0.1763035,0.0244953,0.0015142999999999997,0.0042542,1e-05,0.34601490000000007,0.0002232,1.23e-05,0.0052978999999999995,0.0019784,0.0004210999999999999,9.92e-05,0.019910200000000003,0.3836191,0.007616699999999999
Burusho,buru1296,24,0.0011887916666666663,0.006905291666666667,0.0009565416666666664,1e-05,0.035357999999999994,0.0021653333333333346,0.0002283333333333332,0.009625458333333335,0.35927687499999994,0.3901652500000001,0.00022404166666666636,0.006116333333333332,4.158333333333336e-05,0.064421,0.0001302916666666667,1e-05,0.10963720833333333,0.00191875,1e-05,1.0083333333333334e-05,0.0019587083333333336,0.009272583333333336,0.00036916666666666635
Buryat_Buryatya_Horinsky_Selenginsky,russ1264,5,0.0022092,0.0034168,0.2663208,1e-05,0.0733534,0.0038799999999999993,1e-05,0.006451199999999999,1e-05,0.05465960000000001,0.0009291999999999998,0.019179199999999997,0.0008527999999999999,0.49865639999999994,0.0006334,0.00036280000000000004,0.0392466,0.0013638,1.1e-05,0.0006588,0.0010578,0.026565,0.0001622
Buryat_Buryatya_Zakamensky,russ1264,6,0.0073198333333333344,0.004311,0.28502083333333333,0.0004028333333333334,0.07506716666666667,0.00506,1e-05,0.0010429999999999999,0.0028964999999999998,0.062033,7.766666666666668e-05,0.010835666666666667,1e-05,0.4814045,0.0005561666666666667,0.0007166666666666666,0.03188,0.004280666666666666,0.00024433333333333333,1e-05,0.0026376666666666666,0.024074833333333334,0.00010766666666666668
Buryat_Irkutskaya,russ1264,12,0.015521666666666665,0.0023955,0.25178208333333335,0.0003240833333333334,0.07233341666666666,0.006838916666666667,1.025e-05,0.0056461666666666665,0.0033017499999999996,0.054759,1e-05,0.016092083333333333,1.025e-05,0.48980099999999993,1.1666666666666668e-05,1e-05,0.06261,0.0033091666666666673,1e-05,0.00021508333333333332,0.0032293333333333336,0.011715583333333333,6.325000000000002e-05
Buryat_Zabaikalsky_Aginsky,russ1264,12,0.012034250000000002,0.002230666666666667,0.28811808333333333,0.0006660833333333332,0.06536116666666666,0.005622666666666668,1e-05,0.0035451666666666674,0.0058916666666666674,0.05140541666666667,1e-05,0.01693908333333333,0.0004749999999999998,0.46395408333333327,0.001104083333333333,0.002939083333333333,0.052221416666666666,0.0012574999999999997,0.00015800000000000002,1.0083333333333334e-05,0.00043566666666666645,0.025600416666666667,1e-05
Buryat_Zabaikalsky_Duldurginsky,russ1264,4,0.0088185,1e-05,0.28485525,1e-05,0.049397750000000004,0.00734575,1e-05,0.00802925,0.0013727499999999998,0.055957999999999994,1e-05,0.01208325,1e-05,0.49971425,1.05e-05,0.0016495,0.03457125,0.0012144999999999999,1e-05,1e-05,0.00351025,0.0311005,0.00029825
Cabecar,cabe1245,4,1e-05,0.908043,1e-05,1e-05,1e-05,1e-05,1e-05,0.018613750000000002,1e-05,1e-05,1e-05,1e-05,1e-05,1e-05,1e-05,1e-05,1e-05,0.073143,1e-05,1e-05,1e-05,1e-05,1e-05
Cambodian,cent1989,10,0.0057279,0.00025230000000000006,0.0010300999999999995,0.0034437999999999995,1e-05,1e-05,0.004910100000000001,0.0016649999999999994,0.11214520000000001,0.0071649,0.0013574,0.0009556999999999998,1e-05,0.18080500000000002,0.0007642999999999998,0.0009184999999999998,0.003982500000000002,0.0002636,1e-05,0.0001563,0.0374801,0.6318068,0.005130600000000001
Cameroon_Aghem,aghe1239,28,1.0142857142857146e-05,1.0178571428571433e-05,1.0071428571428573e-05,1.0000000000000003e-05,1.0000000000000003e-05,1.0214285714285719e-05,1.0107142857142862e-05,1.085714285714286e-05,1.0000000000000003e-05,1.0000000000000003e-05,1.0071428571428573e-05,1.0178571428571434e-05,0.03532171428571428,1.0000000000000003e-05,0.9637819642857143,1.0000000000000003e-05,1.0000000000000003e-05,1.0000000000000003e-05,1.0035714285714289e-05,0.000694392857142857,1.0000000000000003e-05,1.0035714285714289e-05,1.0000000000000003e-05
Cameroon_Bafut,bafu1246,11,1.0454545454545455e-05,1e-05,1.0545454545454546e-05,1e-05,1e-05,1e-05,1.0090909090909092e-05,0.00014954545454545453,1e-05,1e-05,1e-05,1e-05,0.041380909090909086,1e-05,0.9545741818181818,1e-05,1e-05,0.0002129090909090909,1e-05,0.003500909090909091,1.0272727272727272e-05,1e-05,1e-05
Cameroon_Bakoko,bako1249,1,1e-05,0.001063,1e-05,1e-05,1e-05,1e-05,1e-05,1e-05,1e-05,1e-05,1e-05,1e-05,0.050785,1e-05,0.942731,1e-05,1e-05,0.000954,1e-05,0.004287,1e-05,1e-05,1e-05
Cameroon_Bangwa,ndan1241,2,1e-05,1e-05,1e-05,1e-05,1e-05,1e-05,1e-05,1e-05,1e-05,1e-05,1e-05,1e-05,0.043179499999999996,1e-05,0.953144,1e-05,1e-05,1e-05,1e-05,0.0031049999999999997,0.00038050000000000003,1e-05,1e-05
Cameroon_Mbo,mboc1235,20,4.135e-05,0.00010845,1e-05,4.155000000000001e-05,0.00022425,1.015e-05,1.045e-05,6.55e-05,4.295e-05,0.00029214999999999997,8.385e-05,1.005e-05,0.048063499999999995,9.894999999999999e-05,0.9474770000000001,2.2250000000000016e-05,1e-05,1e-05,0.00051275,0.0026806500000000006,6.705e-05,1e-05,0.00010715000000000002
Canary_Islander,cana1258,2,0.453912,0.00294,1e-05,1e-05,1e-05,1e-05,1e-05,1e-05,0.0084795,0.0592445,0.0001155,1e-05,1.45e-05,1e-05,0.0349765,0.0840835,0.35092500000000004,0.000493,1e-05,0.0017515,0.0019904999999999996,0.000974,1e-05
Cao,NA,10,0.07346180000000002,0.7738446,1e-05,7.430000000000003e-05,0.0002877,0.0007936999999999998,0.0005774999999999997,0.0018169000000000002,0.0026401999999999997,0.0179669,0.0008601999999999997,0.0005828999999999998,0.0016167999999999998,0.0008807999999999998,0.05406179999999999,0.007519200000000001,0.0507611,0.0081531,0.00030810000000000006,0.00015580000000000002,0.0015918999999999998,0.0016737999999999996,0.00036040000000000003
Chane,chan1322,1,1e-05,0.844677,1e-05,1e-05,1e-05,1e-05,1e-05,0.003338,1e-05,1e-05,1e-05,1e-05,1e-05,1e-05,1e-05,1e-05,1e-05,0.151785,1e-05,1e-05,1e-05,1e-05,1e-05
Chechen,chec1245,9,0.1510581111111111,0.002420333333333333,0.0063950000000000005,0.000682222222222222,0.01709788888888889,0.00014344444444444447,1e-05,0.012400444444444443,0.0042046666666666664,0.5826126666666666,0.0003821111111111111,0.001756444444444444,1e-05,0.011718111111111111,0.00043599999999999997,0.0028837777777777776,0.20044811111111113,0.0006638888888888887,0.0006029999999999999,0.00016444444444444444,0.0009991111111111112,0.0029002222222222224,1e-05
Chilote,huil1244,4,0.17371375,0.58806,0.000255,1e-05,1e-05,1.0500000000000001e-05,1e-05,0.030546999999999998,1.025e-05,0.0189405,0.00112325,0.011267000000000001,1e-05,1e-05,0.00375675,0.024117999999999997,0.11896399999999999,0.02706825,1e-05,0.00017400000000000003,0.0018699999999999997,5.175e-05,1e-05
Chipewyan,chip1261,26,0.024501230769230768,0.020965423076923066,1.3884615384615396e-05,1e-05,1e-05,1e-05,1e-05,0.8867841153846154,1e-05,0.000678730769230769,1.0115384615384618e-05,0.006347538461538468,1.003846153846154e-05,0.0006320384615384612,1e-05,1e-05,0.05499619230769231,0.004577499999999999,1e-05,1.0153846153846154e-05,0.00037307692307692275,1e-05,1e-05
Choiseul,NA,7,1.0142857142857143e-05,1e-05,1.0142857142857143e-05,0.7825952857142856,1e-05,0.20100714285714288,1e-05,1e-05,1e-05,1e-05,0.004002857142857143,1e-05,1e-05,0.00027442857142857146,1e-05,1e-05,1e-05,0.0005065714285714286,1e-05,1e-05,1e-05,0.007073714285714286,0.004379714285714286
Chotuna,NA,4,0.00022575,0.9708367499999999,0.00010800000000000002,1e-05,1e-05,1e-05,1e-05,1e-05,1e-05,1e-05,1e-05,0.0013837499999999998,1e-05,0.0013785,1e-05,1e-05,1e-05,0.0255575,1e-05,1e-05,1e-05,1e-05,0.00035
Chukchi,chuk1273,15,0.004494333333333334,0.025609533333333333,0.022095066666666666,1e-05,0.00031073333333333315,1e-05,1e-05,0.0018703333333333334,1e-05,0.0013558,1e-05,0.8947235333333333,1e-05,0.001408866666666667,1e-05,1e-05,0.042062333333333334,0.005939266666666667,1e-05,1e-05,1e-05,1e-05,1e-05
Chukchi_Ayon,chuk1273,10,0.008866400000000002,0.019109700000000004,0.0166947,1e-05,0.0014385,1e-05,1e-05,0.0021707,1e-05,0.005017500000000003,1e-05,0.8590294,1e-05,0.00021610000000000002,1e-05,1e-05,0.07975329999999999,0.005548900000000001,1e-05,1e-05,1.6100000000000002e-05,0.0020285,1e-05
Chulucanas,NA,8,0.089954625,0.7409436250000001,0.0007011249999999997,0.0005517499999999999,0.0032431249999999995,1e-05,1e-05,0.00039037500000000004,0.00320925,0.01824675,0.00041487500000000004,0.0025729999999999998,0.002292875,0.0007802499999999997,0.062887125,0.007856875000000001,0.052638875,0.011734875,1e-05,0.00038537500000000003,0.00101375,0.000141,1e-05
Chuvash,chuv1255,10,0.024388600000000003,0.0023556999999999996,0.109114,0.000162,0.0934464,0.0021079999999999996,1e-05,0.0021301999999999996,0.0034555000000000002,0.0891179,0.0005608999999999999,0.0182921,1.02e-05,0.0501138,1.02e-05,0.0034062000000000003,0.5921019000000001,0.005918300000000002,1e-05,1e-05,0.0019793,0.0012887999999999997,1e-05
Chuvash_Tatarstan,chuv1255,6,0.03630183333333334,0.004787166666666666,0.0918045,0.0005245,0.07949633333333334,0.0025194999999999996,1e-05,0.0002425,0.003698499999999999,0.07858766666666667,0.0005686666666666666,0.013711833333333333,1e-05,0.0398585,1e-05,0.0027985,0.6358346666666667,0.0033445,1e-05,1e-05,0.001932333333333333,0.003928500000000001,1e-05
Circassian,circ1239,9,0.191982,0.0019075555555555556,0.012650000000000002,0.0006698888888888886,0.016390666666666668,0.0027272222222222225,0.00025044444444444447,0.008596222222222222,0.000692111111111111,0.5398302222222222,0.00012911111111111112,0.004417000000000001,1e-05,0.042921111111111104,1e-05,0.0003458888888888889,0.16822466666666663,0.001,1e-05,1e-05,0.0032507777777777773,0.0038376666666666667,0.00013800000000000002
Cocama,coca1260,7,0.01143842857142857,0.8170192857142858,0.0007147142857142855,1e-05,1.0857142857142858e-05,0.001143142857142857,1e-05,1e-05,0.0007745714285714283,0.003837142857142857,9.442857142857144e-05,0.0004722857142857143,1.0428571428571428e-05,0.0031479999999999993,0.0018419999999999999,0.0016161428571428572,0.013034142857142857,0.13749185714285714,1e-05,1.0285714285714286e-05,0.0007289999999999999,0.0065631428571428585,1e-05
Cofan,cofa1242,4,0.04707475,0.810681,1e-05,1e-05,1.05e-05,1e-05,1e-05,1e-05,0.0036962500000000003,0.009291,0.00017575000000000002,0.00061125,0.0012824999999999998,1e-05,0.0019489999999999998,0.0075395,0.026618749999999997,0.088899,0.00054675,0.00077925,0.0007645,1e-05,1e-05
Cree,cree1272,12,0.07757166666666666,0.26542233333333326,0.0046565,1e-05,0.019277166666666668,1.0749999999999999e-05,1e-05,0.44737441666666666,0.0006132499999999999,0.008623500000000001,1e-05,0.016745500000000003,1e-05,0.004118500000000001,1e-05,0.0020748333333333335,0.14323541666666664,0.007202166666666667,1e-05,9.583333333333334e-05,0.0006731666666666665,0.002235166666666666,1e-05
Croatian,croa1245,10,0.26126979999999994,0.0005589999999999998,0.0004011999999999997,0.0003903,0.0004662999999999997,0.0002042,1e-05,0.0018195999999999998,0.0010892999999999996,0.12504590000000002,0.0001441,0.001754,1e-05,0.0010605999999999997,1.07e-05,0.0203893,0.5807002,0.0009824,1e-05,1e-05,0.0011514999999999997,0.0023179,0.00020349999999999999
Cusco,cusc1236,3,0.03357533333333333,0.9211226666666666,0.002883,1e-05,1e-05,1e-05,1e-05,0.009467,0.000577,0.006438,1e-05,0.002598333333333333,1e-05,1e-05,1e-05,0.0010823333333333334,0.020997,1e-05,1e-05,1e-05,0.0006706666666666666,1e-05,0.00046833333333333335
Cusco2,cusc1236,7,0.09700685714285714,0.7883597142857145,0.0006879999999999999,0.001038,0.0014634285714285715,4.242857142857144e-05,1e-05,0.003291,0.0009274285714285713,0.026092857142857143,1e-05,0.0008228571428571426,1e-05,0.00048514285714285716,0.004558714285714285,0.006851571428571428,0.06731628571428572,0.0003007142857142857,1e-05,0.0004838571428571429,0.00021128571428571434,1e-05,1e-05
Cypriot,cypr1248,8,0.37471762500000005,0.0005922499999999998,0.0006548749999999999,0.00019337500000000002,1e-05,1e-05,1e-05,0.0006056249999999999,1e-05,0.40256362500000004,8.600000000000002e-05,0.0004993749999999996,1e-05,0.0019279999999999998,0.00046025000000000005,0.16442337499999998,0.05191874999999999,0.00016650000000000004,1e-05,0.000304875,0.000256875,0.0005583749999999997,1e-05
Czech,czec1258,10,0.221467,0.0005411999999999999,0.0013017999999999999,1.6e-05,0.0015282,1e-05,1e-05,0.0028607,0.0022132,0.0762085,0.0005793999999999999,0.0018859999999999999,1e-05,0.0009295999999999998,1e-05,0.0007007999999999999,0.6857791000000001,0.0018055999999999999,1e-05,1e-05,0.0005689999999999998,0.0015438000000000001,1e-05
Dai,luuu1242,10,1e-05,1e-05,1e-05,0.0007413999999999998,1e-05,0.0015538999999999998,0.0008630999999999998,0.0010164,0.0097585,1e-05,0.00013720000000000003,0.0011422,1e-05,0.2561404,1e-05,1e-05,1e-05,0.0007298999999999998,1e-05,1e-05,0.0144956,0.7101898,0.0031215
Damara,nama1264,13,0.001255,0.0002136923076923077,1.0076923076923078e-05,3.3384615384615394e-05,2.3846153846153856e-05,1.0076923076923078e-05,1e-05,1e-05,1e-05,0.0019532307692307687,1e-05,1e-05,0.06406923076923077,1.0461538461538462e-05,0.8827769230769231,0.0009113076923076923,0.0034710000000000014,5.653846153846154e-05,0.0419096923076923,0.0029696153846153848,0.00025607692307692305,1e-05,1e-05
Darginian,darg1241,8,0.038253625,0.006327000000000001,0.00156575,1e-05,0.028816625000000005,0.00046787500000000003,1e-05,0.006103125,0.0004956249999999998,0.620053,1e-05,0.005502625000000001,1e-05,0.00043562500000000003,1e-05,1e-05,0.28664637499999995,0.0032936250000000005,1e-05,1e-05,0.0009091249999999998,0.001040125,1e-05
Datog,dato1239,3,1e-05,1e-05,1e-05,0.00019866666666666668,0.002575333333333333,1e-05,1e-05,0.001699333333333333,0.007378,1e-05,0.0007853333333333333,1e-05,0.03964433333333334,0.004426333333333333,0.3973963333333333,0.3352763333333333,1e-05,0.0010476666666666666,0.013874999999999998,0.19119699999999998,0.0031126666666666664,0.0012976666666666668,1e-05
Daur,daur1238,9,0.003521333333333333,0.0030126666666666665,0.15849044444444446,0.00026333333333333336,0.01458566666666667,0.0011351111111111108,1e-05,0.004620555555555556,1.0444444444444445e-05,0.014046444444444445,0.0006506666666666665,0.019504666666666663,1e-05,0.606462,1e-05,1e-05,0.010369999999999999,0.0017133333333333332,1e-05,1e-05,0.0011795555555555552,0.16007633333333335,0.000297
Dinka,dink1262,10,1e-05,0.00044069999999999987,0.0001808,1.7e-05,1e-05,1.02e-05,1.07e-05,1.38e-05,0.0016935,1e-05,1e-05,4.940000000000002e-05,0.0479498,0.0006187,0.7197077999999999,0.0555941,1e-05,1.01e-05,1.02e-05,0.17087770000000002,0.0011157999999999997,0.0016398999999999997,1e-05
Dolgan,dolg1241,4,0.0123115,1e-05,0.4527245,1e-05,0.08425925,0.00246075,0.00131475,0.00252675,0.0012729999999999998,0.015545,0.0002485,0.020684750000000002,0.0006850000000000001,0.3300785,0.0026215,0.00034300000000000004,0.0657375,0.0019755000000000003,4.675e-05,0.00010375,0.00055475,0.004475,1e-05
Druze,sout3123,42,0.3204677380952381,0.0006544523809523807,0.0010986428571428577,0.0003560714285714284,0.00036673809523809505,0.0009073571428571436,0.0005562380952380951,0.0005815952380952378,0.002175499999999999,0.446915761904762,0.0005897857142857139,0.0009585238095238097,0.0003630476190476187,0.0005600476190476189,0.004848428571428573,0.2091109285714286,0.004548547619047621,0.0008716190476190478,1.0000000000000011e-05,0.0004429285714285712,0.0021036190476190477,0.0007200476190476187,0.0007924047619047621
Dungan,dung1253,13,0.011746,0.0029235384615384614,0.023046230769230767,0.00019815384615384614,0.030310923076923072,1e-05,0.00031984615384615347,0.005195000000000002,0.01823576923076923,0.07062046153846155,0.00036153846153846143,0.002423846153846154,1e-05,0.4955645384615385,1.0076923076923078e-05,0.00013392307692307694,0.03512707692307692,0.0017226923076923075,1e-05,1e-05,0.0031620000000000003,0.2988480769230769,1e-05
Dusun,brun1245,10,1e-05,0.00039579999999999986,0.0063653,2.31e-05,1e-05,0.08263279999999999,0.0010792999999999998,7.280000000000002e-05,0.015202800000000002,1e-05,0.0006892999999999999,0.004265,1e-05,0.028116400000000003,1e-05,1e-05,1e-05,0.0001192,1e-05,1e-05,0.022084100000000002,0.8388542000000001,1e-05
Egyptian,egyp1253,4,0.20765424999999998,0.0027205,0.0025955,1e-05,0.00010425,1e-05,1e-05,1e-05,0.0008067500000000001,0.21801375,1e-05,0.0008825,0.006799250000000001,0.0037912500000000003,0.15663975,0.36108550000000006,0.010126250000000002,2.5500000000000003e-05,1e-05,0.027146749999999997,0.00090125,0.00063725,1e-05
Egyptian1,egyp1253,11,0.26643736363636367,0.00017890909090909093,0.0010280909090909088,0.0011612727272727272,0.001194,0.0004547272727272724,1e-05,0.0016093636363636364,0.0036673636363636366,0.24623454545454546,0.0006639090909090909,0.0017898181818181815,1.0363636363636364e-05,0.0008879090909090906,0.0988530909090909,0.35532427272727274,0.0021356363636363634,0.00022481818181818182,1e-05,0.013895000000000001,0.001974090909090909,0.0021321818181818182,0.00012327272727272727
Egyptian2,egyp1253,7,0.242372,0.002664142857142857,1e-05,1e-05,0.0024675714285714288,0.0013505714285714286,1e-05,0.00022242857142857147,0.0021535714285714287,0.24628814285714284,1e-05,0.0016584285714285715,0.0002415714285714286,0.0016817142857142853,0.11034300000000001,0.3639678571428572,0.0056689999999999996,1e-05,1.0142857142857143e-05,0.017829142857142856,0.00011200000000000001,0.0009091428571428567,1e-05
Enets,tund1254,3,0.0006013333333333334,0.010048666666666668,0.5603133333333333,1e-05,0.24326966666666663,1e-05,1e-05,0.004968666666666666,1e-05,0.0034549999999999997,0.0013430000000000002,0.018441333333333334,1e-05,0.028532000000000002,1e-05,1e-05,0.11951333333333332,0.001796333333333333,1e-05,1e-05,0.0011233333333333334,0.006494,1e-05
English_Cornwall,stan1293,5,0.29894420000000005,1e-05,1e-05,1e-05,0.0018892,1e-05,0.00010759999999999999,0.004899199999999999,1e-05,0.0688952,0.0008416,1e-05,1e-05,1e-05,1e-05,1e-05,0.6225174000000001,0.0017553999999999996,1e-05,1e-05,1e-05,1e-05,1e-05
English_Kent,stan1293,5,0.302312,1e-05,0.00020240000000000001,1e-05,0.0016603999999999998,1e-05,1e-05,0.0027542000000000005,0.0041712,0.061854200000000005,1e-05,1e-05,1e-05,1e-05,1.02e-05,1.04e-05,0.6262892000000001,0.00042180000000000006,1e-05,1.12e-05,1e-05,0.0001928,1e-05
Eritrea,NA,3,0.037608,1e-05,0.0014599999999999997,0.0033920000000000005,0.0011690000000000001,0.0011733333333333333,0.00016233333333333334,0.0005013333333333333,0.0031283333333333332,0.063869,0.00036133333333333335,0.0011563333333333332,0.007940333333333332,0.0008513333333333333,0.23990233333333336,0.5209659999999999,0.0018416666666666666,1e-05,1e-05,0.11047033333333334,0.0026899999999999997,1e-05,0.001317333333333333
Esan,esan1238,2,1e-05,1e-05,1e-05,1e-05,1e-05,1e-05,1e-05,1e-05,1e-05,1e-05,1e-05,1e-05,1e-05,1e-05,0.99978,1e-05,1e-05,1e-05,1e-05,1e-05,1e-05,1e-05,1e-05
Eskimo_ChaplinSireniki,cent2128,5,0.0075428000000000005,0.0782284,0.006363800000000001,1e-05,0.007846000000000002,1e-05,1e-05,0.0482656,1e-05,0.008669600000000001,1e-05,0.7631133999999999,1e-05,0.000781,1e-05,1e-05,0.0672096,0.011850200000000002,1e-05,1e-05,1e-05,1e-05,1e-05
Eskimo_Naukan,nauk1242,15,0.01953226666666667,0.08317173333333333,1e-05,1e-05,1e-05,1.02e-05,1e-05,0.040002,0.00024553333333333336,0.018640933333333335,1e-05,0.7535405333333334,1e-05,1e-05,1e-05,0.004296666666666666,0.06876813333333336,0.011144933333333334,1e-05,1e-05,6.093333333333334e-05,0.00034866666666666656,0.0001376666666666667
Eskimo_Sireniki,sire1246,6,1e-05,0.08707383333333334,0.0014384999999999997,1e-05,1e-05,1e-05,1e-05,0.04018183333333333,1e-05,1e-05,1e-05,0.8642831666666666,1e-05,1e-05,1e-05,1e-05,1e-05,0.006842666666666667,1e-05,1e-05,1e-05,1e-05,1e-05
Estonian,esto1258,10,0.07239209999999999,0.0021713999999999995,0.013518800000000001,0.00027580000000000004,0.005277800000000001,0.0007020999999999998,1e-05,0.0018407,0.0019326999999999997,0.0088619,0.000203,0.0025556,1e-05,0.0012270999999999996,1e-05,0.0016385999999999998,0.8839034,0.0007066999999999999,1e-05,1e-05,0.0010472,0.0014998,0.00019500000000000002
Eten,NA,5,0.0089396,0.9744328,1e-05,1e-05,1e-05,1e-05,1e-05,0.0017506000000000002,0.00020640000000000003,1e-05,1e-05,0.0007446,1e-05,1e-05,1e-05,1e-05,0.004509,0.0092574,1e-05,1e-05,1e-05,1e-05,1e-05
Even,even1260,9,0.029461,0.0039234444444444455,0.40126877777777786,1e-05,0.013035777777777778,0.0007343333333333329,9.855555555555556e-05,0.0019176666666666667,0.0015495555555555553,0.021879444444444444,1e-05,0.042443,1e-05,0.23238244444444447,1e-05,0.0010887777777777777,0.24749799999999997,1e-05,1e-05,1e-05,0.0025659999999999997,1e-05,7.288888888888888e-05
Evenk_FarEast,even1259,5,0.0139512,0.0033952,0.2998278,0.0004122,0.0044624,0.007880000000000002,1e-05,0.0016493999999999999,0.0006820000000000001,0.0104034,1e-05,0.0689822,1e-05,0.4356292,1e-05,1e-05,0.13315919999999998,0.0016667999999999995,1e-05,1e-05,0.0028788,0.014940399999999998,1e-05
Evenk_Transbaikal,even1259,11,0.01001190909090909,0.0008354545454545454,0.6021168181818182,1e-05,0.004066636363636363,0.0003924545454545453,1e-05,0.0014915454545454544,0.0004939999999999998,0.010944,1e-05,0.04092945454545454,1e-05,0.23434418181818178,1e-05,0.0005233636363636359,0.08545445454545454,0.0027709999999999996,1e-05,7.590909090909093e-05,0.0013766363636363633,0.0039937272727272755,0.00011854545454545456
Ezid,nort2641,7,0.1964401428571429,1.0142857142857143e-05,0.029700714285714285,0.00021700000000000002,0.003974714285714285,0.0004981428571428572,1.057142857142857e-05,1e-05,0.048645857142857137,0.5548454285714286,0.001662142857142857,1e-05,0.0013979999999999997,1e-05,0.0016347142857142856,0.09988085714285713,0.05653485714285713,0.00037799999999999997,0.0009044285714285711,0.0003648571428571429,0.0017337142857142857,0.00033385714285714285,0.0008015714285714284
Finnish,finn1318,8,0.07073775,0.0035213749999999998,0.052165625,0.00013212500000000003,0.013854624999999999,0.001584,1e-05,0.0008458749999999998,0.004851375000000001,0.011694874999999999,1e-05,0.00858075,1e-05,0.0017176249999999998,1e-05,0.006249875000000001,0.8216205,0.0008772499999999998,1e-05,1e-05,0.0008707499999999998,0.0006255,1e-05
French_Central,stan1290,26,0.36051826923076924,0.0003632692307692306,0.0008379230769230768,0.00022338461538461528,0.0025526923076923075,2.334615384615387e-05,9.811538461538462e-05,0.0015769230769230778,0.0027342307692307705,0.08572957692307695,0.00025892307692307684,0.0006886923076923074,0.00031838461538461534,0.0006321923076923075,0.0007462692307692307,0.005358961538461536,0.5352012307692309,0.0008915384615384612,1e-05,0.00011992307692307693,0.0003709999999999998,0.0006296923076923075,0.00011511538461538461
French_East,stan1290,10,0.3393146,0.000379,0.0019997999999999995,0.0003811,1.06e-05,1e-05,0.0005805,0.0008734000000000001,0.0038724000000000002,0.0816605,0.00037590000000000003,0.00026450000000000003,0.0012385999999999999,3.9500000000000005e-05,0.0006257999999999999,0.0087153,0.5566854999999999,0.0007716999999999998,0.00027309999999999997,1e-05,0.0005051999999999999,0.0009138999999999999,0.0004991
French_Northwest,stan1290,10,0.3313909,0.0013162,0.00014580000000000002,5.7200000000000015e-05,0.0012112999999999998,0.0015255999999999998,0.0005154999999999999,0.0029027999999999997,0.005515600000000001,0.07822720000000001,0.00063,0.0007828999999999998,0.0019470999999999998,2.9200000000000005e-05,0.0089324,0.006368600000000002,0.5529645,8.890000000000002e-05,0.0008798999999999998,4.100000000000002e-05,0.0022139,0.0020583,0.0002552
French_South,stan1290,7,0.5246017142857143,0.0009981428571428572,0.0007135714285714285,1e-05,0.0006435714285714282,1e-05,1e-05,0.0023398571428571427,0.002896428571428571,0.009685142857142856,1e-05,0.0005842857142857143,1e-05,0.0007898571428571427,1e-05,1e-05,0.45530914285714286,1e-05,1e-05,1e-05,0.0011067142857142857,1e-05,0.0002212857142857143
French_West,stan1290,10,0.29788610000000004,0.0016963,1e-05,1e-05,0.0012038999999999997,1e-05,1e-05,0.0013931,0.007274999999999999,0.0434389,0.0001441,0.0002732,0.0005574999999999997,1e-05,0.00019080000000000003,1e-05,0.6437658,0.0014538999999999997,1e-05,1e-05,0.0006215,1e-05,1e-05
Gagauz,gaga1249,9,0.3102743333333333,0.001135222222222222,0.009427555555555557,0.0008611111111111111,0.0038339999999999993,0.0007717777777777775,0.00010933333333333334,0.0005676666666666664,0.003752666666666667,0.22047744444444448,5.711111111111111e-05,0.0042097777777777776,0.0008946666666666667,0.003382111111111111,0.0010921111111111112,0.036849,0.3989768888888888,0.0008444444444444441,0.0006039999999999999,8.055555555555556e-05,0.001059,0.000452111111111111,0.00028755555555555555
Gambian,mand1436,6,0.014422166666666666,1e-05,5.3000000000000014e-05,0.00022950000000000002,1.0166666666666667e-05,1e-05,1e-05,1e-05,0.0004445,1e-05,0.0002966666666666667,1e-05,0.0033646666666666664,1e-05,0.9592275,0.010192666666666668,0.0008386666666666667,1e-05,1e-05,0.010636666666666668,0.00017400000000000003,1e-05,1e-05
Gana,gana1274,8,1e-05,1e-05,1e-05,1e-05,1e-05,1e-05,1.0125e-05,1.05e-05,1e-05,1e-05,1.0125e-05,1e-05,0.014969375000000002,1e-05,0.32974175,0.008582125,1.0125e-05,0.00017562500000000003,0.6383113750000001,0.00804875,1e-05,1e-05,1e-05
Georgian,nucl1302,12,0.2597631666666667,0.0005564166666666665,0.0009581666666666665,1e-05,1e-05,0.00098475,0.0011529999999999995,0.001014833333333333,0.00028908333333333336,0.6733240833333333,0.00012908333333333334,0.0016933333333333331,1e-05,0.0031207500000000003,2.5333333333333344e-05,0.026986500000000007,0.021292666666666668,0.0008686666666666666,0.0010492499999999996,1e-05,0.003831916666666667,0.0024701666666666665,0.0004486666666666665
Georgian_Imeretins,imer1248,6,0.29671949999999997,0.000559,0.00014366666666666667,0.0006759999999999998,1e-05,1e-05,1e-05,0.001497833333333333,1e-05,0.6587515,1e-05,0.000889333333333333,1e-05,0.0029001666666666668,1e-05,0.014566,0.014662666666666666,0.0010420000000000002,1e-05,1e-05,0.0020241666666666667,0.004941833333333333,0.0005365
Georgian_Laz,lazz1240,6,0.29120566666666664,0.00030766666666666665,0.0007159999999999997,1e-05,0.002803333333333333,0.0006665,1e-05,0.0018904999999999998,0.0018334999999999998,0.6539671666666667,1e-05,0.005542833333333334,1e-05,0.005696000000000002,1e-05,0.018066999999999996,0.012140166666666667,0.0014681666666666662,1e-05,1e-05,0.0015731666666666665,0.0015384999999999997,0.0005136666666666667
German_Lipsian,stan1295,10,0.2429997,0.0014286,0.0002611,0.0002569,0.0006305999999999998,1e-05,2.2899999999999998e-05,0.0014957,0.0025814,0.07176679999999999,1e-05,0.0005321,0.00029590000000000004,0.0005168999999999996,3.410000000000001e-05,9.85e-05,0.6743115,7.970000000000001e-05,1e-05,0.00028050000000000004,0.0016948999999999998,0.0004993999999999999,0.0001829
German_Sorb,sorb1249,9,0.17643155555555556,0.0002245555555555556,0.0011802222222222223,5.366666666666668e-05,0.0009211111111111109,0.00044199999999999996,1e-05,0.0006988888888888888,0.002643777777777778,0.04717,1e-05,0.0005767777777777777,1e-05,0.00028677777777777783,1e-05,0.0003151111111111111,0.7656013333333335,0.002479333333333333,1e-05,1e-05,0.0008947777777777778,1e-05,1e-05
Greek_Athens,gree1276,8,0.371570875,0.0006187499999999997,1e-05,0.000249625,1.0625e-05,0.0005283749999999998,0.00046312500000000005,0.0022545,0.0009003749999999997,0.35193775,0.000760375,0.00043325000000000004,0.00019862500000000002,0.00015275000000000003,0.000416375,0.07102412500000001,0.195744375,0.000234875,1e-05,6.3625e-05,0.00030775,0.0017438749999999998,0.000366
Greek_Thessaloniki,gree1276,14,0.3782995000000001,0.0018514999999999996,0.0018089999999999998,0.00016821428571428573,1.0571428571428572e-05,0.0009471428571428568,8.528571428571428e-05,0.0003896428571428568,0.0013291428571428566,0.23938678571428573,0.00018971428571428573,0.0008753571428571428,1e-05,0.0013425714285714286,0.00010607142857142858,0.0467985,0.3220870714285714,0.0006504999999999998,1e-05,1e-05,0.0024812857142857145,0.0011522142857142855,1e-05
Greek_WGA,gree1276,18,0.32184911111111103,0.00015294444444444445,0.001254333333333333,5.516666666666666e-05,0.0018156666666666668,5.7e-05,0.0019801666666666665,0.0005954999999999998,0.0005258888888888889,0.25854544444444444,1e-05,0.0006944999999999999,1e-05,0.00042083333333333306,0.00013561111111111114,0.174247,0.23439977777777773,0.001751,0.0006658333333333331,1e-05,0.0005267222222222219,0.000232,6.53888888888889e-05
Guarani,mbya1239,5,0.004675,0.8172443999999999,0.0008883999999999998,1e-05,0.0005652,1e-05,1e-05,0.0060228,1e-05,1e-05,1.1e-05,0.0006012,1.02e-05,1e-05,1.16e-05,1e-05,0.00044060000000000003,0.1693738,1.02e-05,1e-05,4.52e-05,1.02e-05,1e-05
Guarani_GN,mbya1239,7,0.02772271428571429,0.6921114285714286,0.0009017142857142853,1e-05,0.0004045714285714286,0.0007902857142857141,1e-05,0.0030542857142857142,0.0029329999999999994,0.002822142857142857,0.0001625714285714286,1e-05,1e-05,1.657142857142857e-05,0.0036872857142857137,0.0023065714285714282,0.020165571428571432,0.2420287142857143,1e-05,1e-05,0.0008125714285714283,1e-05,1e-05
Guarani_KW,mbya1239,9,0.002308111111111111,0.7006917777777778,1e-05,0.0001708888888888889,0.0006747777777777776,1.0222222222222223e-05,1e-05,1e-05,1e-05,0.0010467777777777776,2.1555555555555555e-05,0.00028911111111111113,1.0333333333333333e-05,1e-05,0.004046111111111112,1e-05,0.00027933333333333336,0.28985488888888894,1e-05,1e-05,0.0004958888888888887,1e-05,1e-05
Gui,gwii1239,11,0.0006796363636363633,1.0090909090909092e-05,1e-05,1e-05,1e-05,1e-05,1e-05,1e-05,1e-05,1.0090909090909092e-05,1e-05,1e-05,0.010142363636363637,1e-05,0.16830090909090908,0.016470545454545456,1e-05,1.0181818181818182e-05,0.7935973636363637,0.010370181818181818,0.00027909090909090906,1e-05,1e-05
GujaratiA,guja1252,5,1e-05,0.0048114,1e-05,1e-05,0.018022999999999997,1.08e-05,1e-05,0.005631,0.4673812,0.35211040000000005,1e-05,0.0046922000000000005,1e-05,1e-05,1e-05,1e-05,0.1429146,0.001686,1e-05,1e-05,0.0026092,1e-05,1e-05
GujaratiB,guja1252,5,0.000267,0.001892,1.04e-05,1e-05,0.019848200000000003,0.0052696,1.1400000000000001e-05,0.0008998000000000001,0.526987,0.3202108,0.0005218,0.0038218,1e-05,1e-05,1e-05,1e-05,0.106385,0.004284,1e-05,1e-05,0.0089044,0.000607,1e-05
GujaratiC,guja1252,5,0.000694,0.0015102,0.0032068,1e-05,0.008901400000000002,0.0015898,1e-05,0.004223599999999999,0.6098206,0.28905379999999997,1e-05,1e-05,1e-05,0.0004732,1e-05,1e-05,0.066402,0.0044376,1e-05,1e-05,0.0076584,0.001078,0.0008605999999999999
GujaratiD,guja1252,4,1e-05,0.0020835,0.0035075,0.000891,1e-05,0.000109,1e-05,0.011481749999999999,0.66301925,0.2830975,1e-05,0.0029495,1e-05,0.0014722499999999998,1e-05,1e-05,0.020365,0.00046425000000000004,1e-05,1e-05,0.00771525,0.0017957499999999998,0.0009585
Hadza,hadz1240,20,4.145000000000001e-05,1e-05,1.01e-05,0.0002081499999999999,1e-05,1e-05,1e-05,1e-05,0.00017675,0.00021144999999999983,1e-05,1e-05,0.010849150000000002,1e-05,0.22322154999999994,0.012219550000000003,0.0003133499999999999,1e-05,0.00133505,0.7512934999999998,1e-05,1e-05,1e-05
Hadza1,hadz1240,5,1e-05,1e-05,1e-05,1e-05,1e-05,1e-05,1e-05,1e-05,1e-05,0.0005614,1e-05,1e-05,0.0024559999999999994,1e-05,0.036532800000000004,0.038335400000000006,1e-05,1e-05,1e-05,0.921867,7.740000000000001e-05,1e-05,1e-05
Haiom,haio1238,9,1e-05,1e-05,0.000174,6.233333333333335e-05,1e-05,1e-05,2e-05,1e-05,1e-05,0.0019894444444444443,1e-05,1.0111111111111111e-05,0.035486222222222225,1.1111111111111112e-05,0.3010626666666667,0.049467444444444446,0.0004345555555555556,0.00019344444444444446,0.5794686666666667,0.03051244444444444,0.0005173333333333334,1.0222222222222223e-05,0.0005097777777777775
Hakka_Taiwan,yuet1238,8,0.000249625,0.0013924999999999999,1e-05,0.0005543750000000001,1e-05,0.00194175,1e-05,0.0006588749999999998,1e-05,1e-05,1e-05,1e-05,1e-05,0.44107925000000003,1e-05,1e-05,1e-05,0.000323375,1e-05,1e-05,0.0031561249999999996,0.5496415,0.0008727499999999999
Han-NChina,mand1415,10,0.00036970000000000004,0.0026804000000000003,0.0103208,0.0010760999999999998,0.006130200000000001,1e-05,1e-05,0.0025266,0.0027267,0.008817,0.0004204999999999997,0.0011283999999999997,1e-05,0.5847003,1e-05,1e-05,0.008900600000000002,0.0019327,1e-05,1e-05,0.0010976999999999998,0.36709240000000004,1e-05
Han_HGDP,mand1415,33,6.024242424242425e-05,0.0017597878787878804,0.0018095454545454558,2.4939393939393956e-05,0.000859363636363636,6.718181818181819e-05,0.00010742424242424243,0.0005835454545454543,0.0003993333333333333,0.0003622121212121209,0.00021666666666666647,4.542424242424244e-05,1.0000000000000006e-05,0.4672531818181817,1.0000000000000006e-05,1.0000000000000006e-05,0.00021557575757575728,0.0003108181818181818,1.0000000000000006e-05,1.0000000000000006e-05,0.0011767575757575769,0.524621303030303,7.675757575757577e-05
Hazara,haza1239,22,0.031104954545454547,0.0029972272727272734,0.06997977272727272,0.00018722727272727275,0.04744163636363636,0.0020676818181818188,1.0045454545454545e-05,0.0077989999999999995,0.10298972727272725,0.24876981818181818,0.00021690909090909071,0.006928318181818185,0.00015704545454545455,0.2936586363636363,0.0005064090909090908,0.005053227272727272,0.11722590909090909,0.0025086363636363652,1e-05,6.386363636363637e-05,0.002368590909090909,0.05737754545454545,0.0005778636363636363
Hezhen,nana1257,9,0.000497888888888889,0.002456333333333333,0.17458677777777776,0.00012100000000000001,0.0045723333333333345,0.0014284444444444442,1e-05,0.007671888888888889,0.005198222222222222,0.0031978888888888886,1e-05,0.03471988888888889,1e-05,0.6001665555555555,1e-05,1e-05,0.0025993333333333337,0.0012174444444444442,1e-05,1e-05,0.00011211111111111113,0.16137355555555555,1e-05
Himba,here1253,5,1e-05,1e-05,1.0399999999999999e-05,1e-05,1e-05,1e-05,1e-05,1e-05,1e-05,1e-05,1e-05,1e-05,0.06766799999999999,1e-05,0.8883416000000001,0.0013551999999999998,1.02e-05,1e-05,0.0363188,0.0059628,0.000183,1e-05,1e-05
Hoan,hoaa1235,6,0.0005065,1e-05,1e-05,1e-05,1e-05,1e-05,1e-05,1e-05,1e-05,0.0008836666666666663,1e-05,1e-05,0.00044200000000000006,1e-05,0.1834415,0.00041266666666666665,1e-05,1e-05,0.8127826666666668,0.0012813333333333333,9.983333333333334e-05,1e-05,1e-05
Huancas,chac1250,5,0.06795860000000001,0.8725766,1e-05,1e-05,1e-05,0.0011265999999999997,1e-05,1e-05,0.0022199999999999998,0.0080644,1e-05,0.0016568,1e-05,6.700000000000002e-05,1e-05,0.002683,0.0400482,0.0028521999999999996,1e-05,1e-05,0.00059,1e-05,4.64e-05
Hungarian1,hung1274,10,0.24609579999999998,0.0015296999999999997,0.0046574,5.53e-05,0.0016612999999999999,0.0004400999999999997,1e-05,0.0009249999999999996,0.0009976999999999998,0.0981344,1e-05,0.0007375999999999999,1.0500000000000001e-05,0.0030304999999999998,1e-05,0.007649899999999999,0.6298158,0.0015913,1e-05,1e-05,0.0002952,0.0023092,1.34e-05
Hungarian2,hung1274,10,0.24521129999999997,0.0005708999999999997,0.0039623,1e-05,0.0016124,0.0004992999999999997,0.0001601,0.0016427,0.0021807999999999997,0.11265589999999999,1e-05,0.0025703999999999996,1e-05,0.0028218,1e-05,0.008329,0.6114483,0.0028927,1e-05,1e-05,0.0024853,0.0008862999999999999,1e-05
Icelandic,icel1247,12,0.2330270833333333,0.0014141666666666667,0.0009670833333333331,1e-05,0.0026230000000000003,0.0003722499999999998,1e-05,0.0014688333333333333,0.004068500000000001,0.04298566666666667,1e-05,0.00033141666666666665,1e-05,1e-05,1e-05,1e-05,0.7099184166666666,0.00218525,1e-05,1e-05,0.0005284999999999998,1e-05,1e-05
Ilocano,ilok1237,2,1e-05,1e-05,0.0041175,1e-05,1e-05,0.1421735,1e-05,1e-05,0.0010575,1e-05,1.45e-05,0.011994000000000001,1e-05,0.0392925,1e-05,1e-05,1e-05,1e-05,1e-05,1e-05,0.0095985,0.7916030000000001,1e-05
India_Non-Zoroastrian_Hindu,NA,12,0.0057533333333333325,0.001883,0.0030376666666666664,0.001891833333333333,0.0018405,0.00224675,0.0010386666666666667,0.00551825,0.6356705,0.22522299999999998,0.0010223333333333332,0.0039051666666666675,1e-05,0.007417666666666667,0.0004223333333333333,0.0013399999999999998,0.05802833333333333,0.001921583333333333,1e-05,1e-05,0.016544000000000003,0.0244,0.0008649166666666663
India_Zoroastrian,NA,13,0.10964423076923076,0.0011660769230769227,0.0005426153846153846,1e-05,0.0007491538461538461,0.0013016923076923073,1e-05,0.003544923076923078,0.27143953846153845,0.489755,0.0005394615384615382,0.004220538461538461,1e-05,0.0034724615384615393,1e-05,0.06694307692307692,0.0386576923076923,0.0003939230769230767,1e-05,1e-05,0.004793846153846154,0.002369692307692308,0.0004063076923076922
Inga,inga1252,15,0.07114053333333333,0.7802882666666666,0.0009113999999999999,0.00013533333333333336,0.00035886666666666664,0.000699733333333333,1.8933333333333337e-05,0.0014792,0.001367333333333333,0.017923933333333333,8.013333333333336e-05,0.0018034666666666664,9.786666666666667e-05,0.0006464,0.010404400000000001,0.007980733333333333,0.05507513333333334,0.04796566666666666,1e-05,0.0003688,0.0010093333333333332,0.00022433333333333336,1e-05
Ingushian,ingu1240,10,0.1774426,0.0036905999999999996,0.0050997,0.0016635,0.0159505,0.00047359999999999997,0.0009048999999999998,0.0028339999999999997,0.00032510000000000004,0.5751401999999999,0.0006719999999999997,0.0088018,0.0002719,0.022906799999999998,4.06e-05,1e-05,0.17440859999999997,0.0038664000000000003,0.0003371,1e-05,0.0023133999999999997,0.0028263,1e-05
Iranian,NA,9,0.16753666666666667,0.0018429999999999998,0.005116444444444444,0.0003274444444444445,0.004171777777777778,0.0020566666666666667,0.00020855555555555555,0.005783333333333334,0.09043388888888887,0.540851,4.055555555555558e-05,0.003194444444444444,0.00035544444444444447,0.007391555555555556,0.01757222222222222,0.0979658888888889,0.04600433333333334,0.0023047777777777776,0.0003878888888888889,0.0009052222222222222,0.004077333333333333,0.0011013333333333335,0.00037011111111111115
Iranian_Bandari,fars1254,8,0.058462625000000004,0.0013687499999999997,0.001746,1e-05,0.0012738749999999998,0.00029800000000000003,0.000345625,0.0010138749999999998,0.18631925000000002,0.545187125,0.0003195,0.00011025,0.004328375000000001,1e-05,0.054338000000000004,0.08011312500000001,0.057500875,0.001108875,0.00015000000000000001,0.00377525,0.0015796249999999996,0.00035687500000000004,0.000284
Iranian_Lor,luri1252,10,0.18145899999999998,0.0015019,0.0065705,1e-05,0.0052439,0.0009967999999999997,0.0004454999999999999,0.0018041,0.0671583,0.5838994999999999,3.060000000000002e-05,0.0045758,0.00012390000000000003,0.006726800000000001,0.0007074999999999996,0.10300329999999999,0.0318723,0.0011164999999999997,7.450000000000002e-05,7.770000000000002e-05,0.0013865,0.0009281999999999997,0.0002865
Iranian_Mazandarani,maza1291,10,0.139007,0.0019901,0.0017802999999999999,1e-05,0.0041406,0.0017865999999999997,1e-05,0.0025932,0.093723,0.6652294999999999,0.00015590000000000002,0.0013384999999999998,1e-05,0.0019824999999999995,0.0009461999999999997,0.05704929999999999,0.0221411,0.0023993,1e-05,1e-05,0.0019256,0.0017512999999999997,1e-05
Iranian_Persian,fars1254,10,0.156059,0.0025839,0.0033889999999999997,0.00011780000000000002,0.0093563,0.0010497999999999996,0.0003722,0.0020908,0.09021309999999999,0.5629683999999999,0.00021710000000000002,0.0031141,0.0008102999999999999,0.0094345,0.0074631,0.10441569999999997,0.038394399999999995,0.0019806000000000003,1e-05,0.0008351999999999998,0.0029262,0.0019487,0.0002499
Iran_Non-Zoroastrian_Fars,west2369,17,0.16774594117647057,0.0029231176470588234,0.0027646470588235292,1e-05,0.00804835294117647,0.0010414705882352939,4.2470588235294125e-05,0.004301941176470588,0.08309111764705882,0.5788610000000001,0.0001444705882352941,0.005500529411764704,0.00034399999999999996,0.008740176470588237,0.0016674705882352937,0.08155758823529413,0.047869764705882355,0.0017832352941176467,0.0001512352941176471,3.788235294117649e-05,0.0010969411764705879,0.002130588235294117,0.00014594117647058827
Iran_Zoroastrian,zoro1242,28,0.16674517857142854,0.003012785714285714,0.001176107142857143,0.00032125,0.004308107142857142,0.00027499999999999985,0.0006376071428571427,0.0032344285714285717,0.05667610714285715,0.6599357142857144,0.000670035714285714,0.005609714285714286,0.00014292857142857127,0.001063642857142857,0.0015804642857142864,0.05423435714285715,0.03533889285714285,0.0021262500000000014,0.0005866071428571427,0.0003241785714285712,0.0006961428571428569,0.0009083571428571427,0.00039628571428571414
Irish_Connacht,conn1243,6,0.2684975,0.0015068333333333331,1e-05,1e-05,0.0015371666666666665,1e-05,1e-05,0.0023063333333333334,0.0014204999999999999,0.050872,1e-05,1e-05,1e-05,1e-05,1e-05,1e-05,0.6705168333333332,0.0026715,1e-05,1e-05,0.000531,1e-05,1e-05
Irish_Cork_Kerry,iris1253,6,0.2682655,1e-05,1e-05,1e-05,0.0007708333333333333,1e-05,1e-05,0.0012575,0.0011823333333333332,0.05952966666666667,1e-05,0.0006218333333333333,1e-05,1e-05,1e-05,1e-05,0.66226,0.005194833333333333,1e-05,1.0333333333333333e-05,0.0007769999999999996,1e-05,1e-05
Irish_Leinster,iris1253,6,0.2666513333333333,0.0030971666666666665,0.0005108333333333333,1e-05,0.0011066666666666666,0.00025383333333333334,1e-05,0.0019086666666666664,0.003968666666666666,0.061576,1e-05,0.001122833333333333,1e-05,1e-05,1e-05,1e-05,0.658489,0.0005051666666666667,1e-05,1e-05,0.0007003333333333333,1e-05,1e-05
Irish_Munster,muns1250,6,0.257762,0.0023133333333333335,0.00021783333333333336,1e-05,1e-05,1e-05,1e-05,0.0020364999999999997,0.005939000000000001,0.0645085,1e-05,1e-05,1e-05,1e-05,1e-05,1e-05,0.6657859999999999,0.0012011666666666666,1e-05,1e-05,9.516666666666667e-05,1e-05,1e-05
Irish_Ulster,done1238,6,0.2588988333333333,3.55e-05,0.0008833333333333331,1e-05,0.002966833333333333,0.0003476666666666667,1e-05,0.002192833333333333,0.0015383333333333334,0.055029,4.583333333333335e-05,0.0005211666666666666,0.0004195,1e-05,1e-05,1e-05,0.6751731666666666,0.0011754999999999997,1e-05,1e-05,0.0006819999999999998,1e-05,1e-05
Italian_Calabria,neap1235,1,0.419084,1e-05,1e-05,1e-05,1e-05,1e-05,1e-05,1.3e-05,1e-05,0.285852,1e-05,1.7e-05,1e-05,1e-05,0.005929,0.089709,0.195596,1e-05,1e-05,0.001363,1e-05,0.002297,1e-05
Italian_South,napo1241,3,0.4043023333333333,1e-05,1.7e-05,0.0019990000000000003,0.0019053333333333333,1e-05,0.0005683333333333333,1e-05,1e-05,0.28228400000000003,0.000686,0.0002793333333333333,0.00012033333333333335,1.2e-05,0.002161,0.10624833333333333,0.19737800000000003,0.0012516666666666668,1e-05,1e-05,0.0007073333333333334,1e-05,1e-05
Itelmen,itel1242,7,1e-05,1e-05,0.108589,1e-05,1e-05,1.0714285714285716e-05,1e-05,1e-05,1e-05,1e-05,1e-05,0.821107857142857,1e-05,0.07010242857142858,1e-05,1e-05,1e-05,1e-05,1e-05,1e-05,1e-05,1e-05,1e-05
Japanese,japa1256,30,1.0000000000000004e-05,0.0036638333333333323,0.026415233333333333,0.00037879999999999994,1.0000000000000004e-05,0.005875500000000001,0.00015303333333333325,0.0019455666666666675,0.0005376999999999999,1.0000000000000004e-05,0.00018643333333333309,0.0107707,4.236666666666668e-05,0.6266500666666668,1.0000000000000004e-05,1.0000000000000004e-05,1.0000000000000004e-05,0.0025316,1.0000000000000004e-05,1.0000000000000004e-05,0.0052004,0.3152518000000001,0.0003171666666666665
Jew_Cochin,jewi1241,5,0.1097084,0.0015704,0.007047999999999999,0.0005822,1e-05,0.0055298,1e-05,0.000509,0.4244238,0.3136024,0.0007674,0.002437,1e-05,0.0116332,0.0022233999999999995,0.07150119999999999,0.0257226,0.0028582,1e-05,1e-05,0.0115292,0.008294,1e-05
Jew_Ethiopian,amha1245,7,0.025487285714285716,0.0002005714285714286,1e-05,1e-05,0.0026602857142857144,0.001145285714285714,1e-05,0.0003541428571428571,0.009048857142857141,0.040412000000000003,1.0571428571428572e-05,0.00010942857142857145,0.012430714285714286,0.0009878571428571425,0.2614352857142857,0.5104575714285714,0.004064857142857143,1e-05,1e-05,0.12690228571428572,0.0016419999999999998,0.002591142857142857,1e-05
Jew_Georgian,jude1258,9,0.25720666666666664,0.00033677777777777775,0.0029298888888888886,0.00029933333333333336,0.0011294444444444442,0.00032522222222222224,0.00010211111111111113,0.002869111111111111,0.016245111111111113,0.46136033333333326,0.0004947777777777776,0.0004096666666666667,1e-05,0.0018315555555555555,0.0003707777777777778,0.12219877777777777,0.12762033333333334,0.002140888888888889,1e-05,1e-05,0.000598222222222222,0.0014673333333333333,3.333333333333335e-05
Jew_Iranian,NA,10,0.247382,1e-05,1e-05,1e-05,0.0028513999999999996,0.00011690000000000001,0.0003823,0.0020238,0.0237129,0.5348803,1e-05,0.0008273999999999998,1e-05,0.001199,0.00048519999999999987,0.17879989999999998,0.0026359,0.00033680000000000006,0.001088,0.0001151,0.0028213,8.76e-05,0.0002039
Jew_Iraqi,jude1266,9,0.2846681111111111,0.0003586666666666667,0.00013622222222222226,1e-05,0.0008643333333333333,0.0009427777777777775,1e-05,0.000338,0.008137444444444444,0.48576933333333333,1e-05,0.0011766666666666666,1e-05,0.0002922222222222222,0.003288,0.2032443333333333,0.009048222222222221,1e-05,1e-05,1e-05,0.0008605555555555552,0.0007953333333333333,1e-05
Jew_Libyan,jude1264,9,0.4132086666666667,0.0010452222222222221,0.0012606666666666664,1e-05,0.002097222222222222,0.0020525555555555553,1e-05,1e-05,0.0053481111111111125,0.27553377777777777,1e-05,2.0222222222222222e-05,1e-05,1e-05,0.026651555555555557,0.2186718888888889,0.04831722222222221,0.0008224444444444441,0.00010244444444444446,0.0015117777777777777,0.002874222222222222,6.922222222222223e-05,0.00035277777777777776
Jew_Moroccan,jude1265,7,0.40488285714285716,0.0016168571428571428,1e-05,1e-05,0.0007918571428571429,0.00034800000000000006,1e-05,0.000763285714285714,6.600000000000002e-05,0.2799582857142857,1e-05,0.0020077142857142854,1e-05,0.000116,0.02353457142857143,0.18779742857142856,0.09207528571428572,0.001798285714285714,1e-05,0.00014414285714285717,0.0025479999999999995,0.001481285714285714,1e-05
Jew_Tunisian,jude1263,7,0.41826914285714284,0.0008411428571428568,0.00034,1e-05,0.0006199999999999999,0.00036242857142857143,1e-05,1e-05,0.0041672857142857145,0.285287,1e-05,0.00021228571428571428,1e-05,0.0020864285714285715,0.021163571428571427,0.22212714285714288,0.03997071428571429,0.0002977142857142857,1e-05,0.0011119999999999997,0.0026517142857142855,1e-05,0.0004212857142857143
Jew_Turkish,ladi1251,9,0.37645555555555554,0.0011427777777777777,0.0016765555555555553,0.0008067777777777777,1e-05,0.00019688888888888892,0.00018855555555555558,0.004533222222222223,0.0011336666666666665,0.3008572222222222,0.00013288888888888888,0.002201,0.0005321111111111111,0.00010366666666666667,0.008266666666666667,0.1902521111111111,0.10908122222222223,0.0003975555555555556,1e-05,0.001131222222222222,0.0008544444444444445,2.633333333333333e-05,1e-05
Jew_Yemenite,jude1267,8,0.155266,0.00040712500000000004,0.0006103749999999996,1e-05,1e-05,0.000606875,7.087500000000002e-05,0.0006589999999999999,0.0024878749999999996,0.294438375,8.212499999999999e-05,3.987500000000002e-05,0.0009692499999999997,1.075e-05,0.001483,0.534829,1e-05,7.0625e-05,1e-05,0.00334625,0.0032145,0.0011049999999999999,0.00026325000000000003
Jordanian,sout3123,10,0.24035059999999997,0.0008160000000000001,0.0051576999999999994,1e-05,0.0026931,0.0008211,5.340000000000002e-05,0.0001127,0.011464,0.34405080000000005,0.0010648,0.0029290999999999996,0.0022549999999999996,0.0024010999999999998,0.08250930000000001,0.27039699999999994,0.020508199999999997,0.0009330999999999999,1e-05,0.009287299999999998,0.0017071999999999996,0.0002909,0.0001772
Ju_hoan_North,juho1239,16,3.1625e-05,1e-05,0.000235625,1e-05,1e-05,1e-05,1e-05,1e-05,1.00625e-05,1e-05,1e-05,1e-05,0.00040812499999999996,1e-05,0.00043187499999999997,0.0003835625,0.0002200625,1e-05,0.9955138125000002,0.00262525,1e-05,1e-05,1e-05
Ju_hoan_South,juho1239,9,0.00015766666666666669,1e-05,1e-05,1e-05,1e-05,7.633333333333335e-05,1e-05,1e-05,7.488888888888892e-05,0.0004445555555555552,1e-05,0.00010644444444444446,0.005648111111111113,1e-05,0.039752888888888886,0.0023957777777777775,1e-05,0.000246,0.943503,0.0074742222222222215,1e-05,1e-05,1e-05
Kabardinian,kaba1278,10,0.1814959,0.0021764999999999996,0.0255046,1e-05,0.014092299999999999,0.0015577999999999998,0.0007419999999999998,0.004222200000000001,0.0015669,0.4707413,0.00046139999999999983,0.004328899999999999,1e-05,0.041584699999999995,1e-05,0.0032386999999999997,0.2424053,0.0012457,1.01e-05,1e-05,0.0010845999999999996,0.0031117,0.0003902
Kaitag,darg1241,8,0.05436225,0.0051147499999999995,0.0038594999999999996,0.00029975,0.02352875,0.00025375,1e-05,0.005902375,0.00297125,0.5879424999999999,1.025e-05,0.003657,1e-05,1.4625e-05,1e-05,1e-05,0.30540350000000005,0.0030963749999999997,1e-05,1e-05,0.002035,0.0014781249999999998,1e-05
Kalash,kala1372,19,1.0263157894736843e-05,0.007797315789473683,0.0002446842105263156,1e-05,0.02581984210526316,1.0473684210526314e-05,1e-05,0.004517263157894735,0.31991426315789473,0.5135555789473685,1e-05,0.0022133157894736843,1.0315789473684211e-05,1e-05,1.0421052631578946e-05,1e-05,0.12359168421052631,0.0013934210526315787,1.0368421052631578e-05,1.0105263157894738e-05,1e-05,0.0008204210526315787,1e-05
Kalmyk,kalm1243,10,0.011790399999999998,0.0028210999999999996,0.1762533,0.0006152999999999998,0.08256379999999999,0.0078328,1e-05,0.006942200000000001,0.0005505999999999998,0.06872510000000001,9.220000000000002e-05,0.0178611,1e-05,0.4906415,1e-05,0.0008142999999999998,0.07358520000000002,0.0017339999999999994,1e-05,9.89e-05,0.0011804,0.0558476,1e-05
Kamentsa,cams1241,4,0.04751425,0.83617825,1e-05,1e-05,1.05e-05,1e-05,1e-05,0.002085,5.2e-05,0.0091825,1e-05,1e-05,1e-05,1e-05,0.0020080000000000002,0.011001750000000001,0.03539025,0.054547000000000005,1e-05,1e-05,0.00190975,1e-05,1e-05
Kankanaey,kank1243,10,1e-05,0.00034710000000000003,0.0009217999999999999,1e-05,1e-05,0.10422990000000001,1e-05,1e-05,1e-05,0.0001587,1.01e-05,1e-05,1e-05,0.006337599999999997,1e-05,1e-05,0.00037660000000000005,1e-05,1e-05,1e-05,0.0008353999999999998,0.8866427,1e-05
Kaqchikel,kaqc1270,5,0.0019708,0.8577986000000001,0.0021628,1e-05,0.0018569999999999997,1.02e-05,1e-05,0.064686,1e-05,1e-05,1e-05,0.0016326000000000001,1e-05,0.0016139999999999998,1e-05,0.0006564,0.0005926,0.0657724,1e-05,2.8800000000000002e-05,0.00042640000000000006,0.0006102,0.00010140000000000001
Karachai,kara1466,11,0.17577027272727275,0.001997363636363636,0.014119090909090913,1.0181818181818182e-05,0.012843,0.0012673636363636361,8.400000000000001e-05,0.0030557272727272738,0.006110636363636363,0.5588714545454546,1e-05,0.0070342727272727276,1e-05,0.046544545454545456,1e-05,1e-05,0.16190318181818183,0.0028112727272727274,1e-05,1e-05,0.0019217272727272727,0.004639090909090909,0.0009568181818181816
Karakalpak,kara1467,14,0.05859907142857142,0.0015688571428571427,0.09259157142857143,0.0007392142857142856,0.12469635714285714,0.005205,0.0007852142857142855,0.009152499999999997,0.01782457142857143,0.15797235714285712,0.0008635714285714285,0.011584428571428574,0.00026192857142857143,0.3063411428571428,0.0016192142857142857,0.011232857142857143,0.16222400000000006,0.0010557857142857142,0.000655642857142857,0.0005473571428571427,0.0036580000000000007,0.030733000000000003,8.842857142857144e-05
Karelian_Northern,nort2673,6,0.028030166666666665,0.0005681666666666667,0.061261333333333334,1e-05,0.02109633333333333,1.1000000000000001e-05,1e-05,1e-05,0.0004928333333333333,0.006131666666666667,6.883333333333333e-05,0.007725166666666666,1e-05,0.007278333333333334,1e-05,1e-05,0.8638404999999999,0.0003601666666666667,1e-05,1e-05,0.0016876666666666665,0.0013579999999999998,1e-05
Karelian_Southern,sout2676,9,0.03637155555555556,0.0004274444444444445,0.04893622222222222,0.0003065555555555556,0.025442555555555555,0.0015526666666666664,0.000611111111111111,0.002266222222222222,0.00024,0.006746444444444444,0.0002824444444444445,0.006746666666666667,0.0003698888888888889,0.006847111111111112,1.0111111111111111e-05,0.004301555555555555,0.8541723333333332,0.002319,0.0002938888888888889,1e-05,0.0008225555555555554,0.0009141111111111109,1e-05
Karitiana,kari1311,13,1.0076923076923078e-05,1.0230769230769231e-05,1e-05,1e-05,1e-05,1.0076923076923078e-05,1.0230769230769231e-05,1e-05,1e-05,1e-05,1.0076923076923078e-05,1e-05,1e-05,1e-05,1e-05,1e-05,1e-05,0.9997792307692308,1e-05,1e-05,1e-05,1e-05,1e-05
Karitiana_Rondonia,kari1311,4,1.0250000000000002e-05,0.0068674999999999995,1e-05,1e-05,1e-05,1e-05,1e-05,1e-05,1e-05,1e-05,1e-05,1e-05,1e-05,1e-05,1e-05,1e-05,1e-05,0.9929222500000001,1e-05,1e-05,1e-05,1e-05,1e-05
Kazakhs_Akmola_Argyn,kaza1248,3,0.022610999999999996,0.0005393333333333334,0.14377833333333334,1e-05,0.07757666666666667,0.003330666666666667,1e-05,0.013277333333333334,0.018127666666666667,0.13172966666666666,0.000932,0.013886666666666667,1e-05,0.363518,0.000563,0.001411,0.15207866666666667,0.0005096666666666666,0.0016596666666666667,1e-05,0.0012413333333333332,0.04706866666666667,0.0061200000000000004
Kazakhs_Aktyubinsk,kaza1248,2,0.043843,1e-05,0.113322,1e-05,0.09194150000000001,0.006935,0.00142,0.0069245,0.01096,0.14322649999999998,1e-05,0.020295,1.15e-05,0.328058,0.0039685,0.007488,0.158422,0.007581,0.003505,1e-05,0.0033754999999999996,0.0486725,1e-05
Kazakhs_East_Kazakhstan_Naiman,kaza1248,6,0.033048,0.005694,0.13286,1e-05,0.07919683333333334,0.0028506666666666663,1e-05,0.003482166666666667,0.018747999999999997,0.13206,0.00030783333333333335,0.013617166666666666,0.00014333333333333334,0.3514086666666667,0.0002566666666666667,0.006864000000000001,0.161948,0.002206333333333333,1.0666666666666669e-05,0.0002485,0.005874666666666666,0.048863500000000004,0.00029033333333333336
Kazakhs_Omsk_Kypchak,kaza1248,5,0.0336732,0.0053364,0.12385779999999999,1e-05,0.0722396,0.004432,1e-05,0.0056412,0.014060600000000001,0.13735619999999998,2.8400000000000003e-05,0.0185492,1e-05,0.3882794,1e-05,0.0028087999999999998,0.148227,0.0030448,1e-05,1e-05,0.0040198,0.0383752,1e-05
Kazakhs_West_Kazakhstan_Bayuli,kaza1248,1,0.075983,0.010522,0.123788,1e-05,0.084602,0.01077,1e-05,1e-05,0.005385,0.104242,1e-05,0.005478,1e-05,0.340621,1e-05,1e-05,0.181988,1e-05,1e-05,1e-05,0.005296,0.051216,1e-05
Ket,kett1243,9,1e-05,0.0012411111111111108,0.18924944444444447,1e-05,0.7981814444444444,1e-05,1e-05,1e-05,1e-05,1e-05,1e-05,0.0010937777777777775,1e-05,1e-05,1e-05,1.0333333333333333e-05,0.008126444444444443,0.0019366666666666668,1e-05,1e-05,1.0111111111111111e-05,1.0555555555555555e-05,1e-05
Ket_Southeast,kett1243,10,1e-05,0.0022876,0.19655809999999999,1.02e-05,0.7846667,1.08e-05,1e-05,0.0010489,1e-05,1e-05,1e-05,0.0024719999999999994,1e-05,0.003953400000000001,1.01e-05,1e-05,0.006691599999999999,0.0017223,1e-05,1e-05,0.00018439999999999998,0.0002839,1e-05
Kgalagadi,kgal1244,5,1e-05,1e-05,1e-05,1e-05,1e-05,1e-05,1e-05,1.02e-05,1e-05,1e-05,1e-05,1e-05,0.028356199999999998,1e-05,0.596376,1e-05,1e-05,1e-05,0.3750674,1e-05,1.02e-05,1e-05,1e-05
Khakass_Kachins,kach1278,7,0.001326428571428571,0.004006999999999999,0.20130114285714287,1e-05,0.1948114285714286,0.003352428571428571,1e-05,0.013221857142857143,0.005265428571428573,0.06469171428571428,0.0005347142857142857,0.014377857142857142,1e-05,0.34805314285714284,1e-05,1e-05,0.11314457142857141,0.005673571428571429,1.0142857142857143e-05,1e-05,0.0012684285714285714,0.028890142857142857,1e-05
Khakass_Koibals,khak1248,6,0.003035666666666666,0.007457499999999999,0.16422283333333335,0.00012866666666666666,0.25914516666666665,0.004361166666666667,1e-05,0.012963333333333334,0.005482999999999999,0.06730366666666666,1e-05,0.019593833333333335,1.1333333333333334e-05,0.30204566666666666,1e-05,1.0166666666666667e-05,0.11923100000000002,0.006098333333333333,1e-05,1e-05,0.0017741666666666663,0.027074,1e-05
Khakass_Kyzils,kyzy1244,4,0.019955,0.0008605,0.0910785,0.00138875,0.33564025000000003,0.0027757499999999996,1.1750000000000001e-05,0.0075864999999999995,0.00797075,0.06969049999999999,0.0016142499999999998,0.0126625,1e-05,0.262125,1e-05,1e-05,0.16267975,0.00616725,1e-05,1e-05,0.0028577499999999996,0.0147995,8.525000000000001e-05
Khakass_Sagai,saga1260,6,0.010026166666666668,0.007585000000000001,0.08689899999999999,1.0333333333333333e-05,0.3972635,0.0054540000000000005,1e-05,0.0092425,0.0052176666666666665,0.058951166666666666,1e-05,0.0027921666666666668,1.0666666666666666e-05,0.286703,1e-05,0.000343,0.11285466666666667,0.007352333333333333,1.15e-05,0.000217,0.0056035,0.0028631666666666666,0.0005698333333333333
Khamnegan,kham1281,10,0.006174300000000002,0.0017814999999999997,0.2992072,5.300000000000001e-05,0.06644729999999999,0.0059399,1e-05,0.009187500000000001,0.0024173999999999997,0.041946300000000006,1e-05,0.0164698,0.0002428,0.47346819999999995,1e-05,0.0006209999999999998,0.0352568,0.0006678999999999999,1.04e-05,0.00021430000000000003,0.0011459999999999999,0.03870850000000001,1e-05
Kharia,khar1287,12,1e-05,1e-05,0.0017641666666666665,0.013235749999999998,1e-05,0.0011947499999999998,0.0033096666666666674,1.025e-05,0.6735516666666667,1e-05,0.0012199166666666662,0.00042974999999999985,1e-05,0.024612250000000002,1e-05,1e-05,1e-05,0.00016625000000000003,1e-05,1e-05,0.0560985,0.21823841666666668,0.006068333333333334
Khomani,nuuu1241,11,0.017968454545454548,0.0008175454545454545,0.0006835454545454545,0.00035054545454545457,0.0017379090909090912,0.0014553636363636364,2.5818181818181824e-05,0.0008507272727272727,0.016453454545454545,0.010052454545454545,0.00022700000000000002,0.0003964545454545453,0.012945727272727274,1e-05,0.13640009090909092,0.026854727272727273,0.04494672727272728,0.0003077272727272727,0.7090783636363637,0.014263636363636365,0.0007718181818181818,0.0033919090909090913,1e-05
Khwe,kxoe1243,10,0.0010786999999999997,0.00011169999999999999,0.0002219,1e-05,3.450000000000001e-05,1e-05,1e-05,1.04e-05,0.0004480999999999997,0.00047959999999999984,1e-05,1e-05,0.0543973,1e-05,0.5078719999999999,0.0376078,0.0007446999999999998,0.00022389999999999997,0.36405319999999997,0.0326261,1e-05,1e-05,1e-05
KichwaOrellana,tena1240,17,0.0064199411764705875,0.9095434705882353,1e-05,1e-05,1e-05,1e-05,1e-05,0.0009088823529411764,1e-05,0.0013038823529411762,1e-05,1e-05,1e-05,7.988235294117648e-05,0.0005940588235294117,1.0411764705882353e-05,0.002997882352941177,0.07766911764705882,1e-05,1e-05,0.0001378235294117647,0.00021464705882352943,1e-05
Kikuyu,kiku1240,4,1e-05,1e-05,1e-05,1e-05,0.0011189999999999998,1e-05,0.0010105,1e-05,0.002097,1e-05,0.0009565,0.0007515,0.04560325,1.1000000000000001e-05,0.6425737499999999,0.18921225,1e-05,1e-05,0.0036922500000000002,0.112852,1.1000000000000001e-05,1e-05,1e-05
Kinh,viet1252,8,0.0019852499999999996,0.000974125,1e-05,0.003092375,1e-05,1e-05,8.475000000000003e-05,0.00042475,0.02657425,0.0012115,0.000358625,1.025e-05,1e-05,0.295090625,0.00019825000000000002,2.0125e-05,0.000329375,0.000188375,1e-05,1e-05,0.010558250000000002,0.65727325,0.0015656249999999997
Kirghiz_Pamir,kirg1245,4,0.018146250000000003,0.0011652499999999998,0.125146,1e-05,0.081455,0.00437775,1e-05,0.016313249999999998,0.027818499999999996,0.14911225,0.00038,0.00905225,1e-05,0.37874050000000004,1e-05,1.0250000000000002e-05,0.12791625,0.00013025000000000002,1e-05,1e-05,0.00190325,0.058262499999999995,1e-05
Kolombangara,duke1237,5,1e-05,1e-05,1e-05,0.6746812,1e-05,0.274001,0.0020364,0.0002454,1e-05,1e-05,1e-05,1e-05,1e-05,1e-05,1e-05,1e-05,1e-05,1e-05,1e-05,1e-05,1e-05,0.0414626,0.0074032
Kol_New_Britain,kolp1236,2,1e-05,1e-05,1e-05,0.03283,1e-05,0.057246000000000005,0.054921,1e-05,1e-05,1e-05,0.1967175,2.8499999999999998e-05,1e-05,1e-05,1e-05,1e-05,1e-05,1e-05,1e-05,1e-05,1e-05,1e-05,0.6580870000000001
Korean,kore1280,6,1e-05,0.0025873333333333334,0.0312935,1e-05,1e-05,0.0019399999999999999,1.1666666666666668e-05,1e-05,1e-05,1e-05,1e-05,0.004149666666666667,1e-05,0.6228706666666667,1e-05,1e-05,1e-05,0.0011996666666666666,1e-05,1e-05,1e-05,0.33579733333333334,1e-05
Koryak,kory1246,9,0.0030135555555555558,1e-05,0.05760344444444444,1e-05,0.0009261111111111107,0.0004261111111111111,7.288888888888891e-05,1e-05,0.001887444444444444,0.00426588888888889,1e-05,0.851237,1e-05,0.056341222222222216,1e-05,1e-05,0.023973888888888892,1e-05,1e-05,1e-05,0.0001321111111111111,1e-05,1e-05
Kove,kove1237,7,1e-05,1e-05,1e-05,0.005356142857142857,1e-05,0.3018747142857143,0.33995142857142857,1e-05,1e-05,1.0285714285714286e-05,0.11537314285714284,1e-05,1.0142857142857143e-05,0.001150142857142857,1.0285714285714286e-05,1e-05,1e-05,1e-05,1.0142857142857143e-05,1.1428571428571427e-05,1e-05,0.023173,0.21295871428571428
Kove_Tamuniai,kove1237,10,1e-05,1e-05,1e-05,0.004800700000000001,1e-05,0.3240224,0.33418230000000004,1e-05,1e-05,1e-05,0.10549440000000002,1e-05,1e-05,0.0009965,1e-05,1e-05,1e-05,1e-05,1e-05,1e-05,1e-05,0.0141495,0.21619419999999998
Kubachinian,kuba1248,6,0.043583666666666666,0.0018204999999999999,0.0007568333333333332,1e-05,0.02546733333333334,1e-05,1e-05,0.0090375,0.0021536666666666666,0.6294103333333333,1e-05,0.003922,1e-05,7.75e-05,1e-05,1e-05,0.28166816666666666,0.000678833333333333,1e-05,1e-05,0.0005453333333333333,0.0007785,1e-05
Kumyk,kumy1244,8,0.1752655,0.004243000000000001,0.007788875,1e-05,0.015343875,0.00018500000000000002,0.0005633750000000001,0.002209875,0.00961,0.5401652499999999,0.0005282499999999999,0.007593999999999999,1e-05,0.025977125000000004,1e-05,0.012154125000000002,0.18741737499999997,0.002271875,1e-05,1e-05,0.004341625,0.004144875000000001,0.000145625
Kuot_Kabil,kuot1243,10,1e-05,1.0399999999999999e-05,0.0006517999999999999,0.42882410000000004,1e-05,0.1061682,0.03849400000000001,1e-05,1e-05,1e-05,0.0349592,1e-05,1e-05,0.00011290000000000002,1e-05,1e-05,1e-05,1e-05,1e-05,1e-05,0.00023130000000000004,1e-05,0.3904082
Kuot_Lamalaua,kuot1243,8,1e-05,1e-05,1e-05,0.36121175,1e-05,0.100849875,0.131458125,1e-05,1e-05,1e-05,0.056225624999999994,1e-05,1e-05,1.0875e-05,1e-05,1.0125e-05,1e-05,6.600000000000002e-05,1e-05,1e-05,1e-05,0.0015084999999999999,0.348519
Kurd,nort2641,9,0.18394544444444447,0.0010516666666666665,0.016113555555555555,0.0010711111111111108,0.023946444444444444,0.0004328888888888889,1e-05,0.0024238888888888886,0.04106722222222223,0.5451454444444445,1e-05,0.004488111111111111,1e-05,0.007797444444444444,1e-05,0.07739388888888889,0.09039588888888889,0.0013097777777777775,1e-05,1e-05,0.0033373333333333328,1.0111111111111111e-05,1e-05
Kurd_WGA,nort2641,2,0.4211095,0.0039049999999999996,1e-05,1e-05,0.0095185,1e-05,1e-05,1e-05,0.0127645,0.0331665,1e-05,0.001791,1e-05,1e-05,0.126498,0.33555599999999997,0.043657,0.0003445,1e-05,0.0093185,0.00226,1.1e-05,1e-05
Kusunda,kusu1250,5,0.0049454,0.0038719999999999996,0.0021655999999999997,0.0064732,0.0169794,1e-05,0.0010718,0.0030444,0.3010518,0.038903599999999997,0.0048354,0.0111998,1e-05,0.40459900000000004,1e-05,0.0022046,0.0031422,0.0054734,1e-05,0.0001726,0.0218446,0.1671942,0.0007869999999999998
Kyrgyz,kirg1245,10,0.0336528,0.003486700000000001,0.1314801,0.0005232999999999998,0.0832298,0.0016231,1e-05,0.006087900000000002,0.0152854,0.1336702,1e-05,0.0206769,1e-05,0.3825077,1e-05,1.01e-05,0.12068450000000001,0.0035690999999999995,1e-05,1e-05,0.0034825000000000004,0.059959700000000005,1e-05
Lahu,lahu1253,8,1e-05,0.0009584999999999999,1e-05,0.0012549999999999998,1e-05,1e-05,0.00306,0.0009487499999999997,0.0217725,1e-05,1e-05,0.000467625,1e-05,0.35089412499999995,1e-05,1e-05,1e-05,0.00075375,1e-05,1e-05,0.020756625,0.5966100000000001,0.002403375
LaJalca,chac1250,11,0.050516818181818184,0.894671,1.4818181818181819e-05,0.0001320909090909091,0.0004946363636363633,0.0002783636363636364,1e-05,0.0009242727272727271,0.00012390909090909092,0.010912909090909091,0.0002165454545454546,0.00046099999999999966,0.00024490909090909093,0.0005266363636363636,0.0008293636363636361,0.0013825454545454542,0.030742727272727276,0.005867000000000001,0.0005402727272727271,0.0003515454545454546,0.000607,0.00014190909090909095,1e-05
Lak,lakk1252,10,0.05852179999999999,0.003924800000000001,0.0002693,0.0003569,0.0415256,0.000447,1e-05,0.0042910000000000005,0.0051892,0.5952162999999999,1e-05,0.0011864,1e-05,0.0008490999999999997,1e-05,1e-05,0.28167059999999994,0.0053414000000000005,1e-05,1e-05,0.0011197,1.08e-05,1e-05
Lebanese,nort3139,8,0.27344025,0.000267625,0.002638625,0.000439125,0.00026875,0.0018712499999999996,7.537500000000003e-05,0.0040175,0.005232625,0.41134412499999995,0.00285775,0.00230725,0.000133375,0.005373875,0.02663675,0.22869162499999995,0.026381875000000003,0.0009668749999999997,1e-05,0.004812625000000001,0.0015746249999999999,0.0006484999999999999,1e-05
Lebanese_Christian,stan1323,9,0.3257593333333333,1.0777777777777778e-05,0.0021279999999999997,0.00044388888888888885,0.00024766666666666665,0.0013305555555555555,9.033333333333335e-05,0.00022811111111111111,0.0014892222222222219,0.4310104444444445,1.0555555555555555e-05,0.0002858888888888889,7.022222222222222e-05,1e-05,0.0016476666666666664,0.2238884444444444,0.005805555555555557,0.00013122222222222222,0.0010494444444444444,0.00017488888888888892,0.0011214444444444444,0.002033111111111111,0.001033222222222222
Lebanese_Muslim,stan1323,11,0.2912045454545455,0.00038999999999999994,0.0032772727272727285,0.00033290909090909096,0.0012017272727272727,0.001704272727272727,0.000743,0.0018213636363636368,0.005873636363636364,0.4252552727272727,0.00015381818181818186,9.127272727272729e-05,0.0004293636363636362,0.004103272727272729,0.017448181818181818,0.21343072727272727,0.022488909090909094,0.0005857272727272726,1.0181818181818182e-05,0.003363909090909091,0.0033922727272727273,0.002543090909090909,0.0001553636363636364
Lebbo,waha1238,8,0.0006845,0.0016045,0.0059673750000000005,0.010153875000000001,0.00066875,0.1057015,0.10595625,0.00032787500000000004,0.040682625,0.0012752499999999997,0.009456375,0.00504025,1e-05,0.026298750000000003,0.00110075,0.002277375,0.0013158749999999998,0.0008882499999999997,1e-05,0.00033475000000000003,0.020468375,0.6473431250000001,0.012433749999999997
Lezgin,lezg1247,10,0.11914290000000002,0.0040839,0.0023571,0.00012400000000000003,0.028292099999999997,0.0014934999999999996,1e-05,0.007175999999999999,0.0088902,0.5927551,1e-05,0.0013537999999999998,8.000000000000002e-05,0.0019023999999999996,0.0007837,0.004479700000000001,0.2198769,0.0028797999999999996,0.00057,1e-05,0.0019139,0.0014760999999999997,0.0003389
Libyan,liby1240,5,0.2566036,0.00213,1e-05,1e-05,0.009595000000000003,0.0007740000000000001,1e-05,0.0014376,0.00031160000000000004,0.1355082,1e-05,0.0009845999999999998,1.02e-05,1e-05,0.126731,0.43396540000000006,0.023588000000000005,2.02e-05,1e-05,0.0046802,0.0029974000000000003,1e-05,0.0005928
Lithuanian,lith1251,10,0.07262309999999998,0.00022070000000000002,0.0039623,1e-05,0.0007769999999999997,0.0005344999999999996,1e-05,0.0010664,0.0015176999999999999,0.008607599999999998,0.0002111,0.0017833999999999999,1e-05,1e-05,1e-05,0.0021341999999999997,0.9042221999999999,0.0014793999999999999,1e-05,1e-05,0.00014790000000000002,0.0005751999999999998,6.760000000000002e-05
Lodhi,bund1253,13,0.0024997692307692308,0.003631076923076924,0.0034300000000000003,0.0010056923076923073,0.0012626923076923073,0.0063266923076923075,1e-05,0.00600476923076923,0.7178053076923077,0.1974943846153846,1e-05,0.0013557692307692307,1e-05,0.003109769230769231,0.00019053846153846158,1e-05,0.029876076923076922,0.003397076923076924,1e-05,3.261538461538464e-05,0.01390523076923077,0.00852223076923077,0.00010015384615384618
LoretoMix,NA,7,0.0002444285714285714,0.8518051428571428,1e-05,1e-05,0.0011614285714285715,1e-05,1e-05,1e-05,1e-05,1e-05,1e-05,0.0007905714285714286,1.1285714285714287e-05,1e-05,1e-05,1.0142857142857143e-05,1.0142857142857143e-05,0.1458167142857143,1e-05,1e-05,1e-05,1e-05,1e-05
Luhya,cent2288,8,1e-05,1.0125e-05,0.00033512500000000003,0.00048587500000000003,1.0500000000000001e-05,1e-05,1.0625e-05,0.0005198749999999999,0.0005605,1e-05,0.00018100000000000004,0.0007492499999999997,0.07139799999999999,1e-05,0.8247407500000001,0.037732999999999996,0.0009047499999999997,0.00020062499999999998,1e-05,0.06168337499999999,0.00040675000000000005,1.0125e-05,1e-05
Luo,luok1236,8,1e-05,1e-05,1e-05,9.700000000000003e-05,1e-05,1e-05,1e-05,0.0005719999999999999,0.0010046249999999999,1e-05,1e-05,0.000386875,0.06849999999999999,1.1125e-05,0.833092625,0.030266875,1.0375000000000001e-05,0.0005397499999999996,1e-05,0.064482125,0.00048337499999999997,0.0004535,1e-05
Luya,chac1250,11,0.06140490909090909,0.8661778181818183,7.82727272727273e-05,1e-05,0.0016728181818181816,0.0003100909090909091,1e-05,0.0022578181818181816,0.0005927272727272727,0.01296,5.7363636363636366e-05,1e-05,7.954545454545455e-05,0.0005598181818181817,0.009333272727272725,0.005762,0.027066272727272724,0.01002181818181818,0.0004115454545454544,6.181818181818182e-05,0.0009373636363636361,0.00021490909090909094,1e-05
Madak,mada1285,10,1e-05,0.0003271,1.1e-05,0.37653020000000004,1e-05,0.12584579999999998,0.07765770000000001,0.0006904999999999997,1e-05,1e-05,0.04434659999999999,1e-05,1e-05,0.00063,1e-05,1e-05,1e-05,0.0001831,1e-05,1e-05,0.0005955999999999997,0.0015367,0.3715358
Makira,NA,7,1e-05,1.7285714285714287e-05,0.0009521428571428569,0.22676242857142856,1e-05,0.33186785714285716,0.08720885714285716,7.442857142857144e-05,1.0714285714285716e-05,1e-05,0.06166957142857143,1e-05,1.0142857142857143e-05,0.0010799999999999998,0.0058672857142857155,1e-05,0.00045871428571428577,0.00015285714285714287,1e-05,8.3e-05,1e-05,0.04531985714285714,0.23839485714285716
Makrani,makr1243,25,0.021489760000000004,0.0012086,0.0010682399999999998,1e-05,0.002225880000000001,3.992e-05,1e-05,0.0029091600000000005,0.26026712,0.5575143600000001,4.244000000000002e-05,0.0007415199999999999,0.0028770399999999995,0.00023243999999999988,0.05428232,0.04945772,0.04333104000000001,0.00044019999999999975,1e-05,0.0013933600000000006,0.0003273199999999998,9.556000000000001e-05,2.5840000000000007e-05
Mala,telu1262,16,0.004907937499999999,0.0016807499999999997,0.0037993125000000006,0.003979249999999999,0.0015028124999999996,0.0084958125,0.00047624999999999973,0.0013333124999999999,0.8012586249999999,0.11773531250000001,0.002005375,0.0047363125,1e-05,0.007351749999999998,1e-05,0.00016887500000000003,1e-05,0.0007768124999999997,1e-05,1e-05,0.025967437500000006,0.0123330625,0.0014409374999999997
Malaita,NA,6,1e-05,1e-05,1e-05,0.4398203333333334,1e-05,0.33719716666666666,0.03883866666666667,1e-05,1e-05,1e-05,0.0268965,1e-05,1e-05,1e-05,1e-05,1e-05,1e-05,1e-05,1e-05,1e-05,0.0007213333333333333,0.050236166666666665,0.10612983333333333
Malawi_Chewa,nyan1308,11,8.900000000000001e-05,1e-05,0.0005885454545454543,4.100000000000002e-05,1e-05,0.00015245454545454546,1.0272727272727273e-05,3.554545454545455e-05,1e-05,7.763636363636366e-05,2.1272727272727276e-05,1e-05,0.05442736363636364,2.2818181818181815e-05,0.9277224545454547,0.0007688181818181817,6.590909090909093e-05,1e-05,0.004221727272727273,0.011500636363636362,0.00018272727272727275,1e-05,1.172727272727273e-05
Malawi_Ngoni,ngon1269,4,1e-05,1.025e-05,1.0500000000000001e-05,1.125e-05,1e-05,0.00063375,1e-05,1e-05,1e-05,0.00023175000000000002,1.075e-05,1e-05,0.06134925,1e-05,0.912266,0.0048052500000000005,1e-05,1e-05,0.009302,0.011248999999999999,1e-05,1e-05,1e-05
Malawi_Tumbuka,tumb1250,10,0.0001214,0.0002141,1.05e-05,1e-05,1e-05,0.000141,1.02e-05,1e-05,0.0006926999999999999,0.0011772999999999998,1e-05,1e-05,0.05676679999999999,1e-05,0.9157172000000001,0.004881600000000001,1e-05,2.7700000000000002e-05,0.005808200000000001,0.013795000000000002,0.00029160000000000004,4.030000000000001e-05,0.0002343
Malawi_Yao,yaoo1241,9,0.0003037777777777778,1e-05,1e-05,1e-05,1e-05,1e-05,1e-05,1e-05,0.0005681111111111109,0.0006915555555555556,1e-05,1e-05,0.05897022222222222,1e-05,0.9130424444444443,0.001319222222222222,1e-05,1e-05,0.009164222222222221,0.01462811111111111,0.001099888888888889,1e-05,8.255555555555556e-05
Malay,sing1270,9,0.004994888888888889,0.00026733333333333334,0.004168666666666667,0.007048333333333333,1e-05,0.028926777777777784,0.014617666666666664,0.0016712222222222224,0.11989555555555557,0.013589333333333335,0.006874,0.004613333333333334,1e-05,0.07102644444444445,1e-05,1e-05,0.008217777777777777,0.0005126666666666663,1e-05,1e-05,0.03723244444444444,0.6713341111111111,0.004948777777777778
Maltese,malt1254,8,0.40097137499999996,0.00012250000000000002,0.0016595,0.0007692499999999998,0.00020100000000000003,0.0010454999999999998,1e-05,0.0006072499999999999,0.003707,0.24758249999999998,0.0006995,0.00029775,0.00047325000000000004,0.0007344999999999999,0.018626,0.12561699999999998,0.192360875,0.0014132499999999998,1e-05,0.001017,0.0013722500000000002,0.0005508749999999999,0.000151625
Mamanwa,mama1275,13,0.0015406153846153846,0.0004148461538461537,0.004335769230769232,0.05220153846153845,0.003091923076923078,0.04341146153846153,0.07391138461538461,0.00019238461538461537,0.0446856923076923,0.0001750769230769231,0.02304730769230769,0.005377999999999999,0.000516230769230769,1e-05,0.00025338461538461544,0.00024307692307692311,1e-05,0.000446,1e-05,3.23846153846154e-05,0.08776492307692309,0.6542129230769231,0.004115384615384615
Mamanwa1,mama1275,5,0.008972800000000001,0.00028900000000000003,0.012256000000000001,0.015117,0.0055352,0.1490078,0.010655000000000001,0.0024752,0.013137,1e-05,0.002257,0.0073224,1e-05,0.0417182,1e-05,1e-05,0.0047262,0.0006036,1e-05,1e-05,0.0169284,0.708912,2.76e-05
Mamusi_Kisiluvi,mamu1254,10,1e-05,1e-05,1e-05,1e-05,1e-05,1e-05,1e-05,1e-05,1e-05,1e-05,0.99978,1e-05,1e-05,1e-05,1e-05,1e-05,1e-05,1e-05,1e-05,1e-05,1e-05,1e-05,1e-05
Mamusi_Lingite,mamu1254,10,1e-05,1e-05,1e-05,1e-05,1e-05,1e-05,0.0008968999999999997,1e-05,1e-05,1e-05,0.9978110000000001,1e-05,1e-05,1e-05,1e-05,1e-05,1e-05,1e-05,1e-05,1e-05,1e-05,1e-05,0.0010920999999999997
Mamusi_Paleabu,mamu1254,6,1e-05,1e-05,1e-05,0.0143155,1e-05,0.04255133333333333,0.041862666666666666,1.0333333333333333e-05,1e-05,1.0166666666666667e-05,0.6850878333333333,1.0666666666666669e-05,1e-05,1e-05,1e-05,1e-05,1e-05,1e-05,1e-05,1e-05,0.0004871666666666667,0.0033594999999999996,0.2121748333333333
Mandenka,mand1436,18,0.01528266666666667,4.138888888888889e-05,0.00012844444444444443,3.4500000000000005e-05,0.00014422222222222226,0.00020855555555555558,1e-05,5.1888888888888915e-05,1e-05,1.0111111111111111e-05,1.7500000000000005e-05,8.644444444444445e-05,0.0008220555555555553,0.0003139444444444443,0.9690019444444443,0.009508833333333334,1e-05,0.0002000555555555556,1.0055555555555557e-05,0.003402444444444444,0.0005830555555555554,0.00011222222222222223,1e-05
Mangseng,mang1403,5,1e-05,1e-05,0.0004038,0.037185800000000005,0.0005836,0.19260800000000003,0.14034300000000002,1e-05,1e-05,1e-05,0.23536159999999998,0.0003102,1.02e-05,0.0005346,1e-05,1e-05,1e-05,1e-05,1e-05,1e-05,0.0004188,0.05287839999999999,0.3392522
Mansi,sout3253,9,1e-05,0.008776333333333334,0.21716066666666667,0.00044633333333333303,0.38516955555555554,1.0888888888888888e-05,1e-05,0.006026666666666669,0.0026018888888888884,0.011292999999999997,1e-05,0.038393555555555556,1e-05,0.013613111111111112,1e-05,1e-05,0.31030711111111114,0.0015818888888888885,1e-05,1.0111111111111111e-05,0.0023684444444444443,0.0021596666666666665,1e-05
Manus,manu1262,2,1e-05,1e-05,1e-05,0.047234,1e-05,0.2599355,0.5379695,1e-05,1e-05,1e-05,0.0229715,1e-05,1e-05,8.95e-05,1e-05,1e-05,1e-05,1e-05,1e-05,1e-05,1e-05,0.056181,0.07546
Masai1,masa1300,2,1e-05,1e-05,1e-05,1e-05,1e-05,0.0006000000000000001,1e-05,1e-05,0.0041185,1e-05,1e-05,1e-05,0.048334,0.003493,0.536816,0.243126,1e-05,1e-05,0.001408,0.160907,0.0010575,1e-05,1e-05
Masai_Kinyawa_MKK,masa1300,10,1e-05,1e-05,0.0013681000000000001,1e-05,0.0005540999999999996,0.0007524999999999996,1e-05,0.0001834,0.0085776,1e-05,1e-05,0.0006108000000000001,0.040071999999999997,0.0015795999999999998,0.4966304,0.274209,0.0017315999999999994,0.00021190000000000003,0.0012074999999999998,0.16976489999999997,0.0019365,0.0003481,0.00020240000000000001
Maya,yuca1254,21,0.042024428571428574,0.7659024285714285,0.002217714285714286,1e-05,0.0034414285714285714,9.638095238095239e-05,1e-05,0.06165390476190475,0.0010137619047619045,0.009506380952380952,0.00017438095238095242,0.002123619047619047,0.00014519047619047622,0.0009017142857142854,0.013620190476190477,0.006166619047619049,0.02939047619047619,0.05778742857142856,1e-05,0.00030542857142857135,0.0014219047619047614,0.0018219523809523807,0.00025471428571428563
Mbukushu,mbuk1240,5,0.0007126000000000001,1e-05,1e-05,1.06e-05,1e-05,1e-05,1e-05,1e-05,0.00025800000000000004,1e-05,1e-05,1e-05,0.0655616,1e-05,0.8720986,0.0004994,0.00022820000000000002,1e-05,0.0494062,0.0107198,0.00037519999999999996,1e-05,1e-05
MbutiPygmy,lese1243,11,1e-05,1e-05,1e-05,1e-05,1e-05,1e-05,1e-05,1e-05,1.0090909090909092e-05,1.0090909090909092e-05,1e-05,1e-05,0.9997689090909091,1e-05,1e-05,1e-05,1e-05,1e-05,1e-05,2.090909090909091e-05,1e-05,1e-05,1e-05
Melamela,mera1242,10,1e-05,0.000315,1e-05,0.055965600000000004,1e-05,0.2592006,0.07670199999999999,1e-05,1.0399999999999999e-05,1e-05,0.14654540000000002,0.0004349999999999999,3.960000000000003e-05,0.0019782999999999997,1e-05,1e-05,1e-05,1e-05,1e-05,1e-05,1.0500000000000001e-05,0.019794300000000004,0.43889359999999994
Mende,mend1266,8,0.0009023749999999999,0.000221625,0.00036525,8.400000000000001e-05,0.00013425,0.00045162500000000004,1.0125e-05,1.0625e-05,0.000337125,0.0006811249999999999,0.00010725,1e-05,0.035630125,1e-05,0.9555716249999999,0.0007063749999999999,1e-05,0.000234875,1e-05,0.004183500000000001,0.000308,1e-05,1e-05
Mengen,meng1267,10,1e-05,1e-05,0.0004331999999999998,0.0160971,1e-05,0.1227403,0.08249480000000001,1e-05,1e-05,1e-05,0.20736749999999998,1e-05,1e-05,1e-05,1e-05,1e-05,1e-05,0.0005204999999999999,1e-05,1e-05,0.0002258,0.020475200000000002,0.5495058
Miao,hmon1333,10,1e-05,0.00022990000000000003,1e-05,0.0016040999999999996,1e-05,0.0002516,9.440000000000002e-05,0.0009583999999999999,0.0010789999999999997,1e-05,0.0003375,1e-05,1e-05,0.45263469999999995,1e-05,1e-05,1e-05,0.0011878,1e-05,1e-05,0.0019736,0.5392454,0.00029350000000000003
Mixe,mixe1286,10,1e-05,0.8807992,1.02e-05,1e-05,1e-05,1e-05,1e-05,0.0993395,1e-05,1e-05,1e-05,1e-05,1e-05,1e-05,1e-05,1.01e-05,1e-05,0.019661099999999997,1e-05,1e-05,1e-05,1e-05,1e-05
Mixtec,mixt1427,12,0.013700083333333335,0.8132388333333331,0.001328083333333333,5.716666666666668e-05,5.133333333333336e-05,0.0007856666666666663,1e-05,0.11085841666666668,0.0035879166666666663,0.00164775,4.1833333333333345e-05,0.0014579166666666666,0.00037191666666666645,0.0010691666666666664,0.010137916666666667,0.004633083333333333,0.018083666666666668,0.015595250000000003,1e-05,0.00034333333333333313,0.0024304166666666667,0.0005149999999999999,4.566666666666668e-05
Moldavian,mold1248,10,0.31063450000000004,1e-05,0.0095047,1e-05,0.0010520999999999998,1.01e-05,5.520000000000002e-05,0.0015730999999999998,1e-05,0.1980229,1e-05,0.0021488999999999996,0.00014700000000000002,0.0017976,0.00014580000000000002,0.0383648,0.43353929999999996,0.0003671,1e-05,1e-05,0.0013710999999999997,0.0011243999999999998,8.080000000000003e-05
Mongola,mong1331,10,0.0051361,0.0044092,0.1280157,1e-05,0.0308105,0.0017161,0.00017140000000000002,0.004353000000000001,0.0018584,0.029001199999999998,0.00023269999999999996,0.0135051,1e-05,0.5558765999999999,1e-05,1e-05,0.018682400000000005,0.0029959,1e-05,1e-05,0.0005329999999999998,0.20263220000000004,1e-05
Mongol_Khalkh_Sainnoyon,mong1331,8,0.013959000000000001,0.0030277499999999996,0.194182625,1e-05,0.06575225,0.0012913749999999996,1e-05,0.007905875000000001,0.0005982499999999998,0.0556105,1e-05,0.015126625,1e-05,0.5106531249999999,1e-05,0.0023639999999999998,0.035950750000000004,0.00375875,1e-05,1e-05,0.0009826249999999998,0.088757,1e-05
Mongol_Khalkh_Zasagt,mong1331,7,0.007028571428571428,0.0021217142857142854,0.18940314285714285,2.4714285714285714e-05,0.06408714285714286,0.004708285714285714,0.00015714285714285713,0.007916142857142858,0.00018671428571428571,0.053838285714285714,0.00011942857142857144,0.012323285714285714,1.0142857142857143e-05,0.5104681428571428,1e-05,1.1285714285714285e-05,0.048643285714285715,0.0040854285714285715,1e-05,1e-05,0.0019098571428571426,0.09291757142857142,1e-05
Mongol_Minorities,mong1331,9,0.008327999999999999,0.004198000000000001,0.19833533333333334,1.1111111111111112e-05,0.07466666666666666,0.005720555555555555,0.00010600000000000003,0.004294666666666667,0.002233555555555555,0.06218577777777777,0.0003647777777777778,0.007872111111111111,0.0009458888888888889,0.48906555555555564,0.0009092222222222222,0.0006877777777777774,0.04468233333333334,0.004437444444444444,0.0004783333333333333,1e-05,0.0011285555555555554,0.08897455555555554,0.00036433333333333337
Mongol_Uuld,mong1331,10,0.009152799999999999,0.0025789999999999997,0.19154890000000002,1e-05,0.0790008,0.0014656999999999997,0.0003186,0.0057427,0.005976799999999999,0.0728536,0.00021720000000000002,0.013605299999999997,0.00013520000000000003,0.4958747,1e-05,0.0004054999999999996,0.0457806,0.0037801000000000006,1e-05,1e-05,0.0007213999999999999,0.0705666,0.0002343
Mordovian,erzy1239,10,0.0713501,0.0022401999999999995,0.0324396,0.0003222,0.0224358,0.0013339999999999997,1e-05,0.0029027000000000002,0.0015804999999999997,0.08075700000000001,0.0009933999999999998,0.012612000000000002,1e-05,0.012157399999999999,1e-05,0.0010223999999999997,0.7505276000000001,0.0022354,1e-05,1e-05,0.0024675,0.0025621999999999997,1e-05
Mordovian_Erzya,erzy1239,12,0.062301416666666665,0.0032870833333333333,0.031640416666666664,1e-05,0.025152666666666667,0.00246,0.0002061666666666667,0.0036846666666666677,0.00529475,0.06527725,0.0007183333333333331,0.006651999999999999,1e-05,0.016834333333333337,1e-05,0.0023069166666666668,0.7681030000000001,0.0004746666666666667,1e-05,1e-05,0.0010234166666666666,0.004502583333333333,3.025000000000002e-05
Mordovian_Moksha,moks1248,10,0.07652719999999999,0.0005417,0.0317157,0.00024409999999999997,0.017280200000000003,0.0002098,0.0001764,0.005129600000000001,0.0020342,0.07696520000000001,0.0005507999999999999,0.0068856,1e-05,0.0159971,0.00037600000000000003,0.0044404,0.7519513,0.0011710999999999998,0.00016230000000000004,0.00014340000000000002,0.0033009999999999997,0.0038800000000000006,0.00030680000000000003
Moroccan,moro1292,10,0.3647398,0.0023445,0.00019930000000000005,1e-05,0.006844,1e-05,1e-05,0.0009238,0.0058767,0.030118699999999998,0.00043939999999999984,0.0012488999999999998,1e-05,0.0004832999999999997,0.20813059999999997,0.3347025,0.032909100000000004,0.00033880000000000005,1.06e-05,0.0071392999999999995,0.0034909999999999997,1e-05,1e-05
Mozabite,tumz1238,25,0.47066404,0.00045271999999999993,1.0240000000000002e-05,1e-05,0.010548600000000003,1e-05,1.0360000000000002e-05,0.0004612399999999999,0.010830600000000001,0.0027929199999999987,1.0240000000000002e-05,0.0010498799999999998,1.0760000000000004e-05,0.0002991599999999997,0.19238716000000003,0.29322176,0.013328800000000005,0.00036671999999999985,1.0240000000000002e-05,0.003426880000000001,1.2440000000000008e-05,1.0120000000000001e-05,7.508000000000002e-05
Murut,muru1275,10,1e-05,0.0006531999999999998,0.007268999999999999,0.00035170000000000004,1e-05,0.07065410000000001,0.0001163,0.00015800000000000002,0.0008969999999999997,1e-05,1e-05,0.0082334,1e-05,0.0099472,1e-05,1e-05,1e-05,5.830000000000002e-05,1e-05,1e-05,0.0166752,0.8848765999999999,1e-05
Mussau,muss1246,10,1e-05,1e-05,0.00033790000000000003,0.15249189999999996,1e-05,0.2949181,0.24389480000000002,1e-05,1e-05,1e-05,0.041046299999999994,0.0004085999999999997,1e-05,0.0019576,1e-05,1e-05,1e-05,0.0001246,1e-05,1e-05,3.830000000000002e-05,0.029029,0.2356329
Nailik,NA,9,1e-05,1.1000000000000001e-05,1e-05,0.39869044444444446,1e-05,0.1468521111111111,0.051512333333333334,1e-05,1e-05,1e-05,0.04251677777777778,1e-05,1e-05,0.0003888888888888889,1e-05,1e-05,0.00015700000000000002,1e-05,1e-05,1e-05,0.0007711111111111109,0.003717222222222223,0.355253
Nakanai_Bileki,bile1245,9,1e-05,4.666666666666667e-05,0.00020777777777777776,0.04841877777777778,0.0002536666666666667,0.25139677777777775,0.078244,1e-05,1e-05,5.744444444444446e-05,0.17491866666666667,0.00033922222222222226,1e-05,0.001679222222222222,1e-05,1e-05,1e-05,2.3333333333333332e-05,1e-05,1e-05,0.00034433333333333337,0.03227622222222222,0.41170411111111116
Nakanai_Loso,losa1236,7,1e-05,1e-05,1e-05,0.009923857142857142,1e-05,0.04743657142857143,0.003068,1e-05,1e-05,1e-05,0.8034162857142858,1e-05,1e-05,1e-05,1e-05,1e-05,1e-05,1e-05,1e-05,1e-05,1e-05,0.0016172857142857141,0.13436828571428572
Nama,nama1264,18,0.013702722222222224,1e-05,0.00030716666666666663,0.0015383333333333332,0.00047922222222222214,1e-05,7.744444444444448e-05,0.0009767777777777776,0.008453,0.005986222222222221,0.00027638888888888857,0.0004854444444444443,0.014772555555555554,0.0001338888888888889,0.15208983333333337,0.0772115,0.04687755555555556,0.00011044444444444445,0.6370501666666666,0.038157111111111114,0.0010593888888888886,5.255555555555558e-05,0.00018250000000000002
Nanai,nana1257,10,1e-05,0.0002321,0.2823155,1e-05,1.17e-05,0.00043900000000000005,1e-05,1e-05,1e-05,1e-05,1.08e-05,0.0903814,1e-05,0.5981325,1e-05,1e-05,1e-05,0.0002288,1e-05,1e-05,1e-05,0.0281082,1e-05
Narihuala,NA,5,0.0017871999999999996,0.9841621999999999,1.02e-05,1e-05,0.00014300000000000003,0.0002926,1e-05,1e-05,1e-05,1e-05,1e-05,1e-05,1e-05,1e-05,1e-05,1e-05,1e-05,0.012721,1e-05,1e-05,0.0007238,1e-05,1e-05
Naro,naro1249,9,0.004458888888888891,0.0002771111111111111,0.00014622222222222223,1e-05,1e-05,0.0003617777777777778,1e-05,1e-05,2.1555555555555555e-05,0.0006993333333333333,1e-05,0.0001557777777777778,0.007601333333333333,1e-05,0.014474666666666667,0.01177811111111111,0.006647444444444446,1e-05,0.9400239999999999,0.013253444444444443,1e-05,1e-05,1e-05
Nasioi,nasi1247,10,1e-05,1e-05,1e-05,0.9308311,1e-05,0.0008644999999999998,0.0115451,1e-05,1e-05,1e-05,0.0075620999999999996,1e-05,1e-05,1.0500000000000001e-05,1e-05,1e-05,1e-05,1e-05,1e-05,1e-05,1e-05,1e-05,0.04901670000000001
Naxi,naxi1245,8,1e-05,0.002530625,0.007775499999999999,0.0007929999999999998,0.0042780000000000006,1e-05,0.0007348749999999996,0.003111375,0.027583625,1e-05,0.000674375,0.003645875,1e-05,0.580875,1e-05,1e-05,1e-05,1e-05,1e-05,1e-05,0.011026125,0.3541842499999999,0.0026871249999999994
Negidal_Orochi,negi1245,4,0.00607525,1e-05,0.294194,1e-05,1e-05,0.00051325,1e-05,1e-05,1e-05,0.010638,1e-05,0.0944245,1e-05,0.48541724999999997,1e-05,1e-05,0.097887,1e-05,1e-05,1e-05,0.00086375,0.009847000000000002,1e-05
New_Guinea_Highlander,NA,20,1e-05,1e-05,3.240000000000002e-05,0.021228800000000006,1e-05,0.0019187500000000025,0.96344535,1e-05,1e-05,1e-05,0.0009509999999999996,1e-05,1e-05,1e-05,1e-05,1e-05,1e-05,1e-05,1e-05,1e-05,1e-05,1e-05,0.0122537
Nganasan,ngan1291,12,1e-05,0.00126775,0.9462859166666666,1e-05,0.03310933333333334,1e-05,1e-05,0.0014685833333333332,1e-05,1e-05,1e-05,0.0034977500000000004,1e-05,0.0026581666666666668,1e-05,1e-05,0.011228250000000002,0.0002306666666666667,1e-05,1e-05,1e-05,0.00011366666666666666,1e-05
Nganasan_Dudinka,ngan1291,2,1e-05,0.0057335,0.938827,1e-05,0.030113499999999998,1e-05,1e-05,1e-05,1e-05,0.006887,1e-05,0.0053454999999999996,1e-05,1e-05,1e-05,1e-05,0.0075895,0.005344,1e-05,1e-05,1e-05,1e-05,1e-05
Nganasan_UstAvam,ngan1291,6,1e-05,0.007990833333333334,0.9822133333333335,1e-05,0.007550500000000002,1e-05,1e-05,1e-05,1e-05,1.15e-05,1e-05,1e-05,1e-05,1e-05,1e-05,1e-05,0.002038833333333333,1e-05,1e-05,1e-05,2.5e-05,1e-05,1e-05
Nganasan_Volochanka,ngan1291,11,1e-05,0.0015836363636363637,0.9904103636363637,1e-05,0.006662272727272725,1e-05,1e-05,0.00037127272727272703,1e-05,1e-05,1e-05,1.0090909090909092e-05,1e-05,1e-05,1e-05,1e-05,0.0007919999999999997,1.0454545454545455e-05,1e-05,1e-05,1e-05,1e-05,1e-05
Nggela,gela1263,6,1e-05,1e-05,1e-05,0.45067666666666667,1e-05,0.3114051666666667,0.04255133333333334,1e-05,1e-05,1e-05,0.026018166666666665,1e-05,1e-05,0.000829833333333333,1e-05,1e-05,1e-05,1e-05,1e-05,1e-05,0.0009034999999999999,0.04286416666666667,0.12460133333333334
Nivh,gily1242,8,1e-05,1e-05,0.15664012500000002,1e-05,1e-05,0.005590375,1.075e-05,1e-05,1e-05,1e-05,1e-05,0.170193,1e-05,0.6669286249999998,1e-05,1e-05,1e-05,0.00038225000000000005,1e-05,1e-05,9.487500000000002e-05,1e-05,1e-05
Nogai,noga1249,9,0.13418788888888888,0.0007363333333333333,0.04893499999999999,0.0015378888888888886,0.036908444444444445,0.0031631111111111113,1e-05,0.005461888888888889,0.0035300000000000006,0.37835844444444444,1e-05,0.00816088888888889,0.00033722222222222226,0.13735711111111112,2.322222222222222e-05,0.0040791111111111115,0.20776466666666665,0.0023587777777777773,0.00022100000000000003,6.255555555555557e-05,0.003179777777777778,0.023392,0.00022466666666666666
Nogai_Astrakhan,noga1249,6,0.06406383333333333,0.002773333333333334,0.1096005,1e-05,0.06733633333333332,0.000435,0.00015233333333333334,0.008419833333333335,0.007982166666666667,0.14417149999999998,1e-05,0.014495666666666665,1e-05,0.31035266666666667,1e-05,0.0006776666666666666,0.22344766666666668,0.002078,1e-05,1e-05,0.001212333333333333,0.042731500000000006,1e-05
Nogai_Stavropol,noga1249,10,0.07074829999999999,0.0037897,0.09781340000000001,0.0009595,0.058348599999999994,0.0030646999999999996,1e-05,0.0058733,0.0112527,0.1981325,1e-05,0.014197699999999999,1e-05,0.2753004,0.0003524,9.530000000000003e-05,0.22049779999999997,0.0019508999999999998,1e-05,6.610000000000002e-05,0.0014577999999999998,0.0358624,0.0001967
Norwegian,norw1258,11,0.24079963636363635,0.0023997272727272726,0.002423454545454545,0.0002648181818181818,0.0032868181818181824,1e-05,3.2636363636363646e-05,0.0020618181818181816,0.004064090909090909,0.04281381818181818,0.00019154545454545458,0.0014522727272727272,1.0181818181818182e-05,0.00022600000000000005,1.0181818181818182e-05,1e-05,0.697233,0.0020955454545454545,1e-05,1e-05,0.0005743636363636363,1e-05,1e-05
Notsi,nots1237,9,1e-05,1e-05,1e-05,0.3995764444444445,1e-05,0.1518952222222222,0.047596,1e-05,1e-05,1e-05,0.04419955555555556,1e-05,1e-05,1.1333333333333334e-05,1e-05,1e-05,1e-05,1e-05,1e-05,1e-05,0.00048688888888888886,0.0038655555555555557,0.35221922222222224
Ojibwa,ojib1241,16,0.07510943750000001,0.30225337500000005,0.0047076875,1e-05,0.013434375000000002,0.00012900000000000002,1e-05,0.40370687499999997,0.0004525,0.0149859375,1e-05,0.006733062499999999,1e-05,0.0024643749999999996,1e-05,1e-05,0.165054,0.0077175625,1e-05,1e-05,9.281250000000003e-05,0.0030688749999999996,1e-05
Olmos,NA,4,0.026723000000000004,0.846446,1e-05,1e-05,1e-05,0.00346825,1e-05,1e-05,0.0020514999999999995,0.01040525,0.00036625000000000004,0.00043375,1e-05,0.027190000000000002,0.01036,1e-05,0.0252885,0.008216750000000002,1e-05,1e-05,0.00070925,0.03824125,1e-05
Onge,onge1236,10,1.02e-05,1.02e-05,1.03e-05,1.06e-05,1.01e-05,1.01e-05,1.0500000000000001e-05,1e-05,1e-05,1e-05,1.02e-05,1.09e-05,1e-05,1e-05,1.0399999999999999e-05,1e-05,1e-05,1e-05,1e-05,1.0399999999999999e-05,0.999776,1e-05,1e-05
Ontong_Java,onto1237,8,1e-05,1e-05,1e-05,0.07729175,1e-05,0.757133375,0.056807,1e-05,1e-05,1e-05,0.01618625,1e-05,1e-05,1e-05,1e-05,1e-05,1e-05,5.2375000000000006e-05,1e-05,1e-05,1e-05,0.04047025,0.051898875000000004
Orcadian,scot1243,13,0.2635628461538462,0.0010625384615384611,1e-05,0.00011107692307692309,0.0025578461538461553,0.0006778461538461537,1e-05,0.002954615384615385,0.0025310769230769232,0.06007984615384616,1e-05,2.4846153846153863e-05,1e-05,0.00021238461538461542,1.0153846153846154e-05,1e-05,0.6642377692307692,0.0010719230769230766,1e-05,1e-05,0.0006116923076923077,1e-05,0.00021346153846153843
Oromo,west2721,5,0.0019694,1e-05,0.00023920000000000001,1e-05,0.0024078,0.0020461999999999998,1e-05,0.0032974,0.010898999999999999,0.010392799999999999,0.000639,0.0016668000000000002,0.026840600000000003,0.00034720000000000004,0.32117640000000003,0.44962660000000004,0.0022511999999999996,1e-05,0.0028766,0.1616074,0.0009938,0.0006714000000000001,1e-05
Oroqen,oroq1238,9,0.004847,0.001306222222222222,0.30885344444444446,0.0001856666666666667,0.006668555555555556,0.002466222222222222,1e-05,0.0027056666666666665,0.002767333333333333,0.0031255555555555555,0.00040822222222222225,0.039269111111111116,1e-05,0.5069825555555556,1.0444444444444445e-05,1e-05,0.0025757777777777775,0.0010717777777777776,1e-05,1e-05,0.0001408888888888889,0.11655577777777777,1e-05
Ossetian,osse1243,10,0.19228300000000004,1.02e-05,0.0111429,0.00013940000000000003,0.0151429,0.003994800000000001,1e-05,0.004408500000000001,0.0020894999999999998,0.5523634,1e-05,0.0093152,1e-05,0.0449052,1e-05,0.001789,0.15322799999999998,0.0027529999999999994,1e-05,1e-05,0.0021786,0.004186199999999999,1e-05
Ossetian_Southern,iron1242,6,0.20431599999999997,1e-05,0.009030666666666668,0.0011566666666666667,0.0055383333333333335,0.0015956666666666665,1e-05,0.0010609999999999999,0.0019098333333333335,0.6095269999999999,1e-05,0.009872666666666668,1e-05,0.02867533333333333,0.0003235,0.00026300000000000005,0.11331533333333334,0.0017360000000000003,1e-05,1e-05,0.0010163333333333333,0.0105925,1e-05
Palestinian,sout3123,41,0.2664728536585366,0.0012479024390243906,0.000983658536585367,0.0010378048780487821,0.0018612439024390235,0.00024139024390243885,0.0004003170731707315,0.0009334634146341462,0.007019268292682928,0.3564262926829267,0.000588463414634146,0.0009295121951219517,0.00036656097560975584,0.001104512195121951,0.047188902439024405,0.2979184634146341,0.008042634146341465,0.000517780487804878,1.0000000000000011e-05,0.003566146341463415,0.0016235121951219513,0.0008486585365853656,0.0006706341463414633
Papuan,NA,16,1e-05,1e-05,1e-05,0.0017371874999999996,1e-05,0.012110750000000007,0.9502864374999997,1e-05,1e-05,1e-05,0.0005954999999999997,1e-05,1e-05,1e-05,1e-05,1e-05,1e-05,1e-05,1e-05,1e-05,1e-05,0.0034336875000000023,0.03166643749999997
Papuan_Central_Province,NA,5,1e-05,1e-05,0.0004996,0.032562999999999995,1e-05,0.351515,0.43668300000000004,1e-05,8.360000000000001e-05,1e-05,0.009031,0.00016900000000000004,1e-05,0.0016783999999999996,1e-05,1e-05,1e-05,1e-05,1e-05,1e-05,0.0003972,0.16053060000000002,0.006730000000000002
Papuan_Eastern_Highlands,NA,4,1e-05,1e-05,1e-05,1e-05,1e-05,1e-05,0.99978,1e-05,1e-05,1e-05,1e-05,1e-05,1e-05,1e-05,1e-05,1e-05,1e-05,1e-05,1e-05,1e-05,1e-05,1e-05,1e-05
Papuan_Gulf_Province,NA,3,1e-05,1e-05,0.0007056666666666666,0.026758666666666667,1e-05,0.19109466666666666,0.6619753333333334,1e-05,1.1666666666666668e-05,1e-05,0.014649999999999998,1e-05,1e-05,0.00224,1e-05,1e-05,1e-05,0.0009813333333333334,1e-05,1e-05,1e-05,0.07881166666666667,0.022641333333333333
Paran,NA,3,0.04776666666666666,0.9059983333333333,1e-05,1e-05,1e-05,0.00017033333333333334,1e-05,0.006375666666666666,1e-05,0.009719,0.00023700000000000001,0.001501,1e-05,0.00036133333333333335,1e-05,0.002591,0.022685333333333335,1e-05,1e-05,0.00022433333333333336,0.00101,0.0004986666666666667,0.000771
Pathan,pash1269,24,0.013975291666666669,0.004932666666666666,0.0037676249999999997,1e-05,0.019526666666666668,0.0003796249999999997,1e-05,0.00588975,0.35046116666666666,0.4436344166666666,0.0002278749999999999,0.0054632916666666675,1e-05,0.0063756666666666675,1e-05,0.0012461666666666663,0.138424375,0.001236333333333333,1e-05,1e-05,0.0032824166666666666,0.0011067083333333332,1e-05
Peru_Quechua,cusc1236,5,0.0493158,0.8908752,4.44e-05,1e-05,1e-05,0.0009515999999999998,1e-05,0.006145599999999999,1e-05,0.0081556,1e-05,0.0017567999999999998,1e-05,0.0013013999999999999,0.0032226,0.004443,0.0290898,0.002829,1e-05,1e-05,0.00048520000000000003,0.0010817999999999995,0.00022200000000000003
Piapoco,piap1246,5,0.0059286,0.8081256,1.0800000000000002e-05,1e-05,1e-05,1e-05,1.02e-05,0.0015055999999999997,1e-05,0.0037279999999999995,1e-05,1e-05,1e-05,1.0800000000000002e-05,0.010819800000000003,1.02e-05,0.0059521999999999995,0.1637784,1e-05,1e-05,1e-05,1e-05,1e-05
Pima,pima1248,14,0.005801000000000001,0.7554184285714286,0.0005722142857142855,1e-05,1e-05,0.00036857142857142855,1e-05,0.23546678571428573,0.0004282142857142857,1e-05,5.635714285714286e-05,4.5857142857142855e-05,1e-05,9.064285714285714e-05,1.0071428571428572e-05,1e-05,0.0006904285714285711,0.0007203571428571427,1e-05,1e-05,1.0071428571428572e-05,0.00023078571428571432,1e-05
Polish_Lublin,poli1260,8,0.18023599999999998,0.001861125,0.0013084999999999998,0.0007313749999999996,0.0013039999999999998,0.00044362500000000006,1e-05,0.0017245000000000001,0.0008227499999999997,0.07115262500000001,6.975000000000001e-05,0.0014492499999999996,1e-05,0.00032775,1e-05,0.002552875,0.733710875,1.025e-05,1e-05,1e-05,0.0011652499999999996,0.0010694999999999997,1e-05
Polish_Poznan,poli1260,15,0.1624464,0.0014714666666666666,0.002791266666666667,0.0002956,0.0003939999999999996,0.0009410666666666665,5.553333333333336e-05,0.0022186666666666674,0.0010065999999999996,0.0559108,8.340000000000001e-05,0.001748733333333333,1e-05,0.0009393333333333331,1e-05,0.0036387999999999993,0.7637608,0.00030039999999999966,1e-05,1e-05,0.0012412666666666667,0.0007055999999999997,1e-05
Punjabi,panj1256,8,0.00600975,0.002543,0.003304125,0.0016341249999999997,0.006931375,0.007601999999999999,0.000119125,0.0020862499999999996,0.647970875,0.23437275,1e-05,0.0016849999999999999,1e-05,0.0019418749999999998,1e-05,1e-05,0.06284337499999999,0.0005292499999999998,1e-05,1e-05,0.0113855,0.008857249999999999,0.000124875
Puno,puno1238,7,0.00024085714285714286,0.9845815714285714,1e-05,1e-05,1e-05,1e-05,1e-05,0.0043302857142857145,1e-05,0.00041857142857142863,1e-05,1e-05,1e-05,1e-05,1e-05,1e-05,0.0021932857142857145,0.008065142857142858,1e-05,1e-05,1e-05,1e-05,1e-05
Ranongga,ghan1242,6,1e-05,1e-05,1e-05,0.7138676666666667,1e-05,0.26887116666666666,1e-05,1e-05,1e-05,1e-05,1e-05,1e-05,1e-05,1e-05,1e-05,1e-05,1e-05,0.00015583333333333334,1e-05,1e-05,1e-05,0.016915333333333334,1e-05
Rennell_and_Bellona,renn1242,7,1e-05,1e-05,1e-05,1e-05,1e-05,0.9979884285714287,1e-05,1e-05,1e-05,1e-05,0.0018015714285714286,1e-05,1e-05,1e-05,1e-05,1e-05,1e-05,1e-05,1e-05,1e-05,1e-05,1e-05,1e-05
Romanian,roma1327,10,0.31415899999999997,0.0016116000000000001,0.0032538,3.9300000000000007e-05,0.0007668999999999996,0.0007639999999999998,1e-05,0.0027111,0.0022338,0.16158180000000003,0.0006876999999999997,0.0013802999999999997,1e-05,0.006234,6.190000000000001e-05,0.0177484,0.4824343,0.0008914999999999999,1e-05,1e-05,0.0014186999999999997,0.0016941999999999999,0.0002875
Russell,lavu1241,4,0.0018972499999999998,0.0032092499999999994,1.1e-05,0.57310475,0.0031060000000000003,0.27880724999999995,0.021791,1e-05,0.0010512499999999999,1e-05,0.01322725,1e-05,1e-05,1e-05,1e-05,1e-05,0.0193255,1e-05,1e-05,1e-05,1e-05,0.0266875,0.05767125
Russian,russ1263,23,0.062217608695652175,0.002137782608695653,0.045434608695652176,0.0003156956521739127,0.024166260869565217,0.0013755652173913044,0.00013743478260869565,0.004375086956521738,0.002450652173913044,0.04532860869565218,7.230434782608697e-05,0.010656652173913045,1e-05,0.0069455652173913045,1e-05,0.0012724347826086953,0.7884826956521739,0.0008000434782608693,1e-05,1e-05,0.0013264782608695652,0.002454391304347827,1e-05
Russian_Archangelsk_Krasnoborsky,russ1263,6,0.05819099999999999,0.0005171666666666668,0.05253683333333333,1e-05,0.023704333333333327,0.0009343333333333333,1e-05,0.0008228333333333331,0.005360333333333334,0.015785333333333332,0.000647,0.0039531666666666665,1e-05,0.012450166666666667,1e-05,0.003722833333333333,0.8127985,0.002311333333333333,1e-05,1e-05,0.0045845,0.0016106666666666665,1e-05
Russian_Archangelsk_Leshukonsky,russ1263,5,0.014342200000000003,0.0039768,0.090259,0.0015286,0.0616646,0.0009693999999999999,0.00032500000000000004,0.0007451999999999999,0.0022937999999999995,0.014362000000000003,1e-05,0.0033535999999999996,0.00020440000000000004,0.0069674,1e-05,0.0019055999999999997,0.7930467999999999,0.000611,1e-05,1e-05,0.0033848000000000003,1e-05,1e-05
Russian_Archangelsk_Pinezhsky,russ1263,5,0.0129048,0.0019788,0.0783166,0.0005736,0.0302834,0.0048402,0.0001242,0.000733,0.0018446,0.008475400000000001,0.0003266,0.0044424,0.0007034000000000001,0.005382199999999999,0.0014685999999999998,0.0076488,0.8349757999999999,0.0028342,0.0004424,1e-05,1e-05,0.0010333999999999999,0.0006472
Russian_Belgorod,russ1263,4,0.14744525,0.0011414999999999997,0.01636725,1e-05,0.0017737499999999997,0.0005455,1e-05,0.00441825,0.00048,0.06932250000000001,1e-05,1e-05,1e-05,0.00102175,1e-05,0.0033515,0.7508549999999999,0.001009,1e-05,1e-05,0.0018540000000000002,0.00032500000000000004,1e-05
Russian_Kaluga,russ1263,5,0.0947974,0.000352,0.0178666,4.4200000000000004e-05,0.0076256000000000015,0.0013843999999999996,0.0002808,0.0006154000000000001,0.0021292,0.0463852,1e-05,0.006954600000000001,0.00020600000000000002,1.06e-05,0.00015980000000000004,0.007685000000000003,0.8046118000000002,0.004261599999999999,0.0006219999999999999,0.0006284000000000001,0.0017345999999999998,0.0009621999999999999,0.0006718
Russian_Kursk,russ1263,4,0.12200974999999999,0.00075025,0.0143185,1e-05,0.0045235,0.0017972499999999998,1e-05,0.00207375,0.00228025,0.0582605,1e-05,0.0003375,1e-05,0.00604825,1e-05,0.008722,0.77576475,0.0008532500000000001,1e-05,1e-05,0.002066,0.00011525000000000001,1e-05
Russian_Oryol,russ1263,4,0.11742525,1e-05,0.029088749999999997,4.7e-05,0.0007545000000000001,0.0010194999999999998,1e-05,1e-05,0.000351,0.06640599999999999,1e-05,1e-05,1e-05,0.00356875,1e-05,0.00782975,0.76863975,0.00012675000000000002,1e-05,1e-05,0.0016584999999999996,0.0029842499999999995,1e-05
Russian_Pskov_Ostrov,russ1263,4,0.06995125,0.0027935,0.010101249999999999,1e-05,0.0020104999999999997,1e-05,1e-05,0.0015519999999999998,0.0025789999999999997,0.021786749999999997,1e-05,1e-05,1e-05,1e-05,1e-05,0.0084715,0.8775200000000001,1e-05,1e-05,1e-05,0.0011459999999999999,0.00196825,1e-05
Russian_Pskov_Porkhov,russ1263,3,0.07816266666666666,0.0026279999999999997,0.016728666666666666,1e-05,0.007248666666666667,0.001895333333333333,1e-05,1e-05,0.0010963333333333335,0.026462666666666673,1e-05,0.0036433333333333335,0.0005493333333333334,0.002396,0.0010213333333333333,0.018463666666666666,0.835118,1e-05,1e-05,1e-05,0.0016726666666666667,0.00047200000000000003,0.0023703333333333332
Russian_Ryazan_Mihailovsky,russ1263,5,0.1071796,0.0027833999999999997,0.017159800000000003,0.0011876,0.014270399999999999,0.0008895999999999997,1e-05,0.0012619999999999999,0.0027596,0.06733059999999999,0.0011698,0.0011023999999999997,0.0005006,0.0011855999999999998,0.0011547999999999997,0.009680000000000001,0.7608528,0.0016898,0.0004064,1e-05,0.0029264,0.0039092,0.0005796
Russian_Ryazan_Spassk_Ryazansky,russ1263,8,0.088105,0.001981625,0.025384125,1e-05,0.010827125,0.00016237500000000003,1e-05,0.002020125,0.0023684999999999995,0.06674287500000001,0.00016012500000000003,0.006375750000000001,1e-05,0.0076568750000000005,1e-05,0.0061191249999999996,0.776281625,0.0014982499999999998,1e-05,1e-05,0.002311625,0.0012488749999999998,0.000696
Russian_Smolensk,russ1263,7,0.11146271428571429,0.0008818571428571429,0.010416857142857144,0.0006209999999999999,0.0015318571428571425,0.0007424285714285715,1e-05,1e-05,0.00042128571428571426,0.059114571428571426,1e-05,0.0020938571428571425,0.0001985714285714286,0.0006628571428571429,0.00035842857142857144,0.0065192857142857144,0.8009681428571429,0.0018981428571428571,1e-05,1e-05,0.00188,0.00016871428571428574,1e-05
Russian_Tver,russ1263,4,0.090752,0.0026,0.026069250000000002,1e-05,0.01494175,1.125e-05,1e-05,0.001691,1e-05,0.0522535,1e-05,0.0047564999999999994,0.0013104999999999998,0.00292525,0.00379275,0.013691249999999999,0.7781405,0.0016322499999999996,0.0019167499999999998,8.650000000000002e-05,0.0015272499999999997,0.00142975,0.0004325
Russian_Yaroslavl,russ1263,3,0.09663466666666666,0.001134,0.025899666666666665,1e-05,0.0014443333333333333,1e-05,1e-05,0.006894666666666667,0.0035286666666666665,0.030316333333333334,1e-05,0.004086333333333333,1e-05,0.0065446666666666665,1e-05,0.0019146666666666663,0.815591,0.004493666666666667,1e-05,1e-05,0.001417333333333333,1e-05,1e-05
Saami,nort2671,3,1.1666666666666668e-05,0.007757666666666666,0.14704933333333334,0.00019800000000000002,0.072606,1e-05,0.00019033333333333334,0.005893,1e-05,1e-05,1e-05,0.018846666666666668,1e-05,0.017263999999999998,1e-05,1e-05,0.727398,0.0013946666666666665,1e-05,1e-05,0.0009976666666666667,0.000293,1e-05
Saharawi,hass1238,9,0.39169322222222225,0.00017866666666666668,1e-05,1e-05,0.0037674444444444444,1e-05,1e-05,0.0004571111111111109,0.009427,1e-05,1e-05,0.0021734444444444444,1e-05,0.00021155555555555557,0.20371011111111115,0.37519199999999997,0.0034127777777777776,0.0018106666666666664,1e-05,0.006838888888888888,0.0010271111111111112,1e-05,1e-05
San,juho1239,5,1e-05,1e-05,1e-05,1e-05,1e-05,1e-05,1e-05,1e-05,1e-05,1e-05,1e-05,1e-05,1e-05,1e-05,1e-05,1e-05,1e-05,1.02e-05,0.9995004,0.00028940000000000004,1e-05,1e-05,1e-05
Sandawe,sand1273,23,1e-05,0.0003986956521739127,0.0002443043478260868,0.0003704782608695652,0.00012360869565217393,1.0130434782608695e-05,1e-05,0.0008288695652173911,0.0018284782608695652,1e-05,0.0003211739130434782,0.0002482173913043478,0.0796388695652174,1e-05,0.45945934782608694,0.20888986956521743,1e-05,0.0001545217391304348,0.05848695652173913,0.18529065217391305,0.001597695652173913,0.0016601739130434783,0.0003978260869565215
Santa_Cruz,natu1250,8,1e-05,3.3125000000000006e-05,1.1125e-05,0.18047600000000003,1.025e-05,0.090351,0.18249524999999997,1e-05,1e-05,1e-05,0.103699625,1e-05,1e-05,1e-05,1e-05,1e-05,1e-05,1e-05,1e-05,1e-05,0.00039112500000000003,0.00036787500000000004,0.442035
Santa_Isabel,NA,8,1e-05,0.000203125,0.00024225000000000003,0.489266375,1e-05,0.41964049999999997,0.0012307499999999999,1e-05,1e-05,1e-05,0.0009799999999999998,1e-05,1e-05,1e-05,1e-05,1.0125e-05,1e-05,1.075e-05,1e-05,1e-05,1e-05,0.084671125,0.0036147499999999995
Saposa,sapo1253,10,1e-05,1e-05,3.520000000000003e-05,0.6285969,1e-05,0.22110499999999997,0.0337417,0.0001421,1e-05,1e-05,0.021604099999999998,1e-05,1e-05,0.0009205,1e-05,1e-05,1e-05,0.00023640000000000003,1e-05,1e-05,1e-05,0.007776100000000001,0.0857121
Sardinian,sard1257,28,0.7435524642857143,0.00019749999999999976,0.0002484642857142856,0.0002260357142857142,1.0000000000000003e-05,0.0002536785714285713,1.0000000000000003e-05,3.914285714285715e-05,1.0000000000000003e-05,0.05064475,0.00021414285714285703,0.00011535714285714288,1.0000000000000003e-05,1.5107142857142868e-05,5.90357142857143e-05,0.02523753571428572,0.17820550000000002,0.0003542499999999999,1.0000000000000003e-05,1.0821428571428575e-05,0.000550285714285714,1.5678571428571448e-05,1.0000000000000003e-05
Saudi,hija1235,10,0.1278202,0.0013528,0.0007240999999999998,2.0700000000000002e-05,0.00039229999999999994,0.0003705,0.0007686999999999999,0.00042879999999999974,0.0163518,0.3010228,1e-05,1e-05,0.0024803000000000004,0.003908700000000001,0.0411653,0.48584139999999987,0.0099525,0.0003907,0.0002567,0.004896400000000001,0.0008711,0.0009540999999999997,1e-05
Savo,savo1255,7,1e-05,1e-05,1e-05,0.456313,1e-05,0.2844264285714286,0.05321528571428572,1e-05,1e-05,1e-05,0.04155714285714286,1e-05,1e-05,1.0857142857142858e-05,1e-05,1e-05,1e-05,1e-05,1e-05,1e-05,1e-05,0.031359,0.13295857142857143
Scottish,scot1245,4,0.25808675000000003,0.0014897499999999998,0.00011200000000000003,1e-05,0.0018342500000000002,1e-05,1e-05,0.0032839999999999996,0.0006347500000000001,0.06408275,1e-05,0.0020745,1e-05,1e-05,1.075e-05,1e-05,0.6658145000000001,0.00048,1e-05,1e-05,0.00198625,1e-05,1e-05
Scottish_Borders,scot1245,6,0.27677266666666667,1e-05,1e-05,0.00016583333333333334,0.005098,0.0004285,1e-05,0.0065903333333333335,0.0010961666666666665,0.060282166666666664,1e-05,1e-05,1e-05,1e-05,0.0004818333333333333,1e-05,0.6466496666666667,0.00022133333333333336,1e-05,1.0333333333333333e-05,0.0011789999999999997,1e-05,0.0009241666666666666
Scottish_Dumfries_Galloway,scot1245,5,0.26979499999999995,1e-05,1e-05,1e-05,0.0036185999999999996,1e-05,1e-05,0.0027278,0.0010639999999999998,0.055353999999999993,1e-05,0.000558,1e-05,1e-05,1e-05,1e-05,0.6651776,0.00030639999999999997,1e-05,1e-05,1e-05,0.0012586,1e-05
Scottish_Fife,scot1245,6,0.2625041666666666,0.0003726666666666667,0.00041933333333333335,1e-05,0.0031048333333333327,1e-05,1e-05,0.0009591666666666667,0.0017941666666666668,0.06459950000000002,0.0005436666666666667,1e-05,0.000846833333333333,1e-05,0.000714333333333333,1e-05,0.6605501666666665,0.0005846666666666667,0.0004290000000000001,1.0833333333333335e-05,1e-05,0.0018599999999999997,0.0006368333333333333
Scottish_Grampian,scot1245,6,0.2720571666666666,0.0007386666666666666,0.0004213333333333334,1e-05,0.0041003333333333334,1e-05,1e-05,0.0022624999999999998,0.0037263333333333332,0.060464333333333335,1e-05,0.0008426666666666664,1e-05,1e-05,1.15e-05,1e-05,0.6544065,0.0008476666666666664,1e-05,1.0833333333333335e-05,1e-05,1e-05,1e-05
Scottish_Highlands,scot1245,6,0.2720405,0.0013425,0.0002461666666666667,1e-05,0.0022663333333333333,0.0004515,1e-05,0.0017536666666666666,1e-05,0.04362683333333334,1e-05,1e-05,1e-05,1e-05,1e-05,1e-05,0.6742031666666666,0.0029124999999999997,1e-05,1e-05,0.0010275,1e-05,1e-05
Scottish_Shetlandic,scot1245,10,0.2578376,1e-05,1e-05,1e-05,0.0023013999999999995,0.0003152,0.0001862,0.0025888999999999994,0.0036169000000000015,0.0519416,0.00015410000000000003,0.0021160999999999997,1e-05,1e-05,1e-05,1e-05,0.677454,0.0007161999999999998,1e-05,1e-05,0.0006620999999999999,1e-05,1e-05
Sechura,NA,3,0.042072333333333344,0.9049353333333333,1e-05,1e-05,1.1000000000000001e-05,0.00023700000000000001,0.0005706666666666667,0.001981333333333333,1e-05,0.012814333333333336,1e-05,1e-05,0.00020800000000000004,0.004731999999999999,0.007816333333333333,1e-05,0.016875,0.007377999999999999,1e-05,4.9e-05,1e-05,0.00022966666666666667,1e-05
Selkup,selk1253,10,0.0123653,0.0023939,0.2818142,0.0003458,0.5477945,1.03e-05,1e-05,0.0037451000000000003,0.0019795999999999998,0.0011021,1e-05,0.0166449,1.08e-05,0.0370889,1e-05,1e-05,0.09240770000000001,0.0020913,1e-05,1.02e-05,0.0001253,1e-05,1e-05
Selkup_Farkovo,selk1253,8,0.004587250000000002,0.00014162500000000001,0.16190025000000002,1e-05,0.82609575,1e-05,1.075e-05,0.0015379999999999997,1e-05,1e-05,1.0375e-05,0.0019189999999999997,1e-05,1e-05,1e-05,1e-05,0.0026664999999999996,0.00020050000000000002,1e-05,1e-05,1e-05,0.0008099999999999996,1e-05
Selkup_Turukhansk,selk1253,6,0.0029816666666666668,0.0018928333333333332,0.14265516666666667,1e-05,0.8118786666666665,1.0333333333333333e-05,1.55e-05,0.0018618333333333332,1e-05,1e-05,0.00032183333333333337,0.002810333333333333,1e-05,0.0016026666666666665,1e-05,1e-05,0.03309166666666667,0.0005390000000000001,1e-05,1e-05,0.00010933333333333335,1.5333333333333334e-05,0.00013400000000000003
Semende,cent2053,10,0.0005275999999999996,0.0014081,0.0052499,1.7100000000000002e-05,0.0018686999999999998,0.0940249,0.0001684,0.0015523,0.026018799999999998,1e-05,1e-05,0.0013181999999999998,1e-05,0.0302786,1e-05,1e-05,1e-05,0.00023130000000000004,1e-05,1e-05,0.0199252,0.8173208000000001,1e-05
Shaigi_WGA,suda1236,3,0.3731623333333333,1e-05,0.002065333333333333,1e-05,0.009067666666666667,1e-05,0.0004313333333333333,0.002181666666666667,0.004696,0.04836766666666667,1e-05,1e-05,1e-05,1e-05,0.12798966666666667,0.36440266666666665,0.054942,0.0029863333333333335,0.0008866666666666667,0.008720666666666666,1e-05,1e-05,1e-05
She,shee1238,9,1e-05,1e-05,1e-05,3.3e-05,1e-05,0.0003533333333333333,1e-05,0.0010504444444444446,1e-05,1e-05,1e-05,1e-05,1e-05,0.44457944444444436,1e-05,1e-05,1e-05,0.0008056666666666667,1e-05,1e-05,0.00043900000000000005,0.5525791111111111,1e-05
Shor_Khakassia,shor1247,5,1e-05,0.0055298,0.032077800000000004,0.0016338000000000001,0.49969339999999995,0.0029528,1e-05,0.007264,0.003484,0.064167,1e-05,0.0101026,1e-05,0.2484304,1e-05,1e-05,0.1043002,0.014252400000000002,1e-05,1e-05,0.0060124,1e-05,1e-05
Shor_Mountain,shor1247,7,0.0037864285714285712,0.006504857142857143,0.026006285714285714,1e-05,0.48759185714285713,0.0012669999999999997,1e-05,0.006856428571428573,0.004246,0.07679557142857142,1e-05,0.007385571428571428,1e-05,0.26085342857142857,1e-05,0.0009845714285714284,0.09781271428571428,0.014575428571428573,1.0428571428571428e-05,1.0714285714285716e-05,0.003908714285714285,0.001253,0.00010057142857142859
Shua,shua1254,10,1e-05,1e-05,0.0002885,1e-05,0.00010180000000000001,1.06e-05,1e-05,1e-05,0.0009614999999999999,0.0007340999999999999,1e-05,0.00021620000000000002,0.040871500000000005,1e-05,0.47576169999999995,0.0443087,0.0008710999999999997,8.65e-05,0.4039561,0.0309993,0.0007421999999999999,1e-05,1e-05
Sicilian_East,sici1248,5,0.399237,1e-05,0.00016999999999999999,2.1799999999999998e-05,1e-05,0.0013258,1e-05,0.004361800000000001,0.0021815999999999997,0.2573776,1e-05,0.0007434,0.0001786,1e-05,0.0082526,0.10942179999999999,0.21119500000000002,0.000314,1e-05,3.78e-05,0.0021415999999999996,0.0024985999999999997,0.000481
Sicilian_West,sici1248,6,0.4145364999999999,9.566666666666668e-05,0.0007971666666666665,1e-05,1e-05,0.00023866666666666668,1e-05,7.500000000000001e-05,0.0026139999999999996,0.24597583333333337,0.0016368333333333332,0.0021936666666666662,4.266666666666666e-05,0.000153,0.010726,0.09815833333333333,0.21911100000000003,1e-05,1e-05,0.0006541666666666667,0.0007113333333333333,0.0022196666666666667,1e-05
Sindhi,sind1272,24,0.009439416666666669,0.0023897916666666664,0.0011794583333333334,0.00014720833333333337,0.009011375,0.000822083333333333,5.1500000000000005e-05,0.003896208333333333,0.42121887499999994,0.4280766666666667,0.00021516666666666667,0.002420750000000001,0.001587375000000002,0.00154375,0.02682170833333331,0.003347375000000001,0.08020720833333335,0.0029015833333333337,4.2750000000000016e-05,0.001253083333333333,0.002543875000000001,0.0008731666666666666,1e-05
Somali,soma1255,13,1e-05,0.0008946153846153844,0.00037984615384615384,0.000643230769230769,0.0005699230769230766,0.0003549999999999998,1e-05,0.001002230769230769,0.008099923076923077,1e-05,0.000527230769230769,0.000532153846153846,0.010719692307692309,0.0005100769230769231,0.36189815384615387,0.4596568461538461,0.001576307692307692,0.0002881538461538462,1e-05,0.14794546153846155,0.002981,0.0013598461538461535,2.0384615384615394e-05
Southwest_Bougainville,NA,2,1e-05,1e-05,1e-05,0.901578,1e-05,0.003413,0.016876,1e-05,1e-05,1e-05,0.0292095,1e-05,1e-05,1e-05,1e-05,1e-05,1e-05,1e-05,1e-05,1e-05,1e-05,1e-05,0.048743499999999995
Spanish_Andalucia,anda1279,4,0.4775525,0.00250825,0.00018549999999999998,0.001343,0.0020765,0.00100775,1e-05,0.00031850000000000004,1e-05,0.07524075,1e-05,1e-05,1e-05,0.00040425000000000004,0.0113555,0.04415725,0.3796175,0.000191,1e-05,0.00091075,0.0025952500000000003,0.000466,1e-05
Spanish_Aragon,arag1245,6,0.49175183333333344,1e-05,1e-05,1e-05,1e-05,0.0008568333333333333,1e-05,0.0032201666666666668,0.006435000000000001,0.039409,1e-05,1e-05,1e-05,1e-05,0.0012634999999999996,0.0266755,0.4282885,1e-05,1e-05,0.0004673333333333333,0.0014183333333333333,9.433333333333333e-05,1e-05
Spanish_Balearic,stan1288,4,0.45292325,1e-05,1e-05,0.00024725,0.00277475,1e-05,1e-05,0.0026945000000000003,0.0027792499999999996,0.11099125,1e-05,1e-05,0.00090975,0.0014935,0.0056025,0.027555999999999997,0.38895075,0.0001115,1e-05,0.0008382499999999999,0.00127625,0.0007707500000000001,1e-05
Spanish_Basque,basq1248,9,0.5569823333333334,0.00011455555555555556,5.900000000000001e-05,1e-05,1e-05,1e-05,1e-05,0.0003152222222222222,1e-05,1e-05,1e-05,1e-05,1e-05,9.144444444444445e-05,1e-05,1e-05,0.4421285555555555,0.00014688888888888892,1e-05,1e-05,1.1888888888888888e-05,1e-05,1e-05
Spanish_Cantabria,astu1245,5,0.49144360000000004,2.72e-05,1e-05,0.000199,0.0004862,1e-05,1e-05,0.0050906,0.0013031999999999996,0.0430934,1e-05,1e-05,4.64e-05,1e-05,0.005952000000000001,0.0193302,0.4292256,0.0003474,1e-05,0.0007782,0.0025866,1e-05,1e-05
Spanish_CastillaLaMancha,cast1244,5,0.4782398,1e-05,1e-05,1e-05,0.0009573999999999997,1e-05,1e-05,0.0020574,0.0023044,0.0552474,1e-05,1e-05,1e-05,1e-05,0.0066634,0.0391444,0.41089640000000005,0.0010791999999999998,1e-05,8.319999999999999e-05,0.0017571999999999998,0.0014597999999999996,1e-05
Spanish_CastillaLeon,cast1244,5,0.45788460000000003,0.0009427999999999997,0.0010275999999999996,1e-05,1.06e-05,0.0003712,1e-05,0.0036682,0.008335400000000001,0.055288399999999994,0.00039519999999999996,0.00014260000000000002,1.02e-05,1e-05,0.0095356,0.054689,0.406337,1e-05,1e-05,0.0003178,0.0004622,0.000522,1e-05
Spanish_Cataluna,stan1289,5,0.4588444,0.00017720000000000002,1e-05,1e-05,0.00024500000000000005,1e-05,1e-05,0.0023737999999999997,0.0044978,0.063667,1e-05,0.0005756,1.36e-05,1e-05,0.0062808000000000004,0.0204112,0.4414222,1e-05,1e-05,1.1799999999999999e-05,0.0013802,1e-05,1e-05
Spanish_Extremadura,extr1243,5,0.4520424,0.0005182,1e-05,1e-05,0.0019525999999999999,1e-05,0.00017380000000000002,0.0016982,0.004841999999999999,0.06220540000000001,0.0003774,1e-05,0.00010759999999999999,1e-05,0.013928399999999999,0.05198699999999999,0.4087744,1e-05,1e-05,0.00026920000000000004,0.0010327999999999997,1e-05,1e-05
Spanish_Galicia,gali1258,5,0.45056899999999994,0.0003122,7.580000000000001e-05,1e-05,1.1400000000000001e-05,1.1400000000000001e-05,1e-05,0.0022955999999999996,0.0048406,0.0589426,1e-05,0.0002524,1e-05,0.0015727999999999998,0.0143824,0.0477232,0.41391,0.0010146,1e-05,0.0011057999999999999,0.0009056,0.0020147999999999998,1e-05
Spanish_Murcia,murc1238,5,0.46905600000000003,0.0026758,0.0007748000000000001,4.08e-05,0.0023817999999999995,0.0015469999999999998,0.0006531999999999999,0.0026986,0.0038756,0.0773008,1e-05,1e-05,5.12e-05,1e-05,0.015095800000000001,0.0470708,0.3716364,0.0025274,1e-05,0.00017399999999999997,0.0005858,0.0017408,7.32e-05
Spanish_PaisVasco,basq1248,5,0.514367,0.00033180000000000004,5.1000000000000006e-05,1e-05,1e-05,1e-05,1e-05,0.00028020000000000003,0.0046976,0.0043348,1e-05,1e-05,1e-05,1e-05,1e-05,1.02e-05,0.47493099999999994,0.0008565999999999999,1e-05,1e-05,1.02e-05,1e-05,1e-05
Spanish_Valencia,stan1289,5,0.48298520000000006,0.0008367999999999998,0.0008168,1e-05,0.0004158,1e-05,1e-05,0.0034311999999999997,0.0063498,0.06155039999999999,8.380000000000002e-05,0.001839,1e-05,1e-05,0.0062144,0.023372200000000003,0.4096162,0.000598,1e-05,0.0007366,0.0008923999999999998,0.0001794,2.16e-05
Sulka_Ganai,sulk1246,10,1e-05,1e-05,3.41e-05,0.0220433,1e-05,0.11942139999999998,0.08340639999999999,1e-05,1e-05,1e-05,0.1807624,1e-05,1e-05,0.00044229999999999975,1e-05,1e-05,1e-05,1e-05,1e-05,1e-05,0.0006121999999999997,0.0148808,0.5782570999999999
Sulka_Watwat,sulk1246,9,1e-05,1e-05,0.0004088888888888889,0.016758222222222223,1e-05,0.12130533333333332,0.05665666666666666,1e-05,1e-05,1e-05,0.1724388888888889,1e-05,1e-05,5.566666666666668e-05,1e-05,1e-05,1e-05,0.0005191111111111107,1e-05,1e-05,1e-05,0.005901555555555556,0.6258157777777779
Surui,suru1262,12,1.0166666666666667e-05,0.08277250000000001,1.0166666666666667e-05,1e-05,1e-05,1.0083333333333334e-05,1e-05,1e-05,1e-05,1e-05,1.0166666666666667e-05,1e-05,1e-05,1e-05,1e-05,1e-05,1e-05,0.9170168333333333,1e-05,1e-05,1.0083333333333334e-05,1e-05,1e-05
Syrian,turo1239,8,0.23003587499999997,1e-05,0.0012411249999999998,1e-05,0.0026019999999999997,0.0019509999999999998,1e-05,0.0006909999999999999,0.016865375000000002,0.41917974999999996,1e-05,0.0013113749999999996,0.0011294999999999999,0.0048727499999999995,0.03844525,0.25069062499999994,0.022053375,0.001281875,1e-05,0.00427675,0.0016705000000000001,0.0015109999999999998,0.00014075000000000003
Taa_East,huaa1248,8,1e-05,1.0125e-05,1e-05,1e-05,1e-05,1.0250000000000002e-05,1e-05,1.0125e-05,1e-05,1e-05,1.0125e-05,1e-05,0.00080525,1e-05,0.1485995,1e-05,1e-05,1e-05,0.850394375,1e-05,1.025e-05,1e-05,1e-05
Taa_North,xooo1239,11,1e-05,8.845454545454547e-05,1e-05,1e-05,1.0181818181818182e-05,1e-05,1e-05,1e-05,1e-05,1.0727272727272727e-05,1e-05,1e-05,0.000852,1e-05,0.05979654545454546,0.006109363636363638,1e-05,1e-05,0.9293170909090911,0.0036655454545454547,1e-05,1e-05,1e-05
Taa_West,xooo1239,15,1e-05,1e-05,1e-05,1e-05,1.0066666666666668e-05,1e-05,1e-05,1e-05,1e-05,1e-05,1.0133333333333333e-05,1e-05,0.003743000000000002,1e-05,0.1160850666666667,0.0004323999999999998,1e-05,1e-05,0.8791426,0.0004157999999999998,1.08e-05,1e-05,1e-05
Tabasaran,taba1259,10,0.09173079999999999,0.007197700000000001,0.0021279999999999997,0.0008095999999999997,0.027026,0.0009140999999999996,0.0007655999999999996,0.0019908,0.0144893,0.589215,6.090000000000003e-05,0.0029419,0.00040179999999999974,0.004825800000000002,4.430000000000002e-05,0.0015553999999999998,0.24845940000000005,0.0031293000000000002,0.0002881,1e-05,0.0012234,0.0007828999999999998,1e-05
Tagalog,taga1270,5,0.014357199999999997,0.0018762000000000002,0.0005030000000000001,0.004132800000000001,0.001702,0.09103580000000001,0.0012933999999999997,0.0016078,0.0265716,0.0094658,0.0030596,0.0024477999999999995,1e-05,0.13918499999999998,0.0010323999999999997,0.004753,0.0125622,0.0019006000000000001,1e-05,1e-05,0.0123604,0.6701126000000001,1e-05
Tahiti,tahi1242,4,0.02725575,0.042703500000000005,0.00021050000000000002,0.00077275,0.0021255,0.8417345,1e-05,0.0003865,1e-05,0.00927825,0.0011362499999999999,1e-05,1e-05,0.006503750000000001,1e-05,1e-05,0.057763249999999995,0.00264625,1e-05,1e-05,1e-05,1e-05,0.007383
TaiwanHan,taib1240,10,0.00034690000000000003,0.00020349999999999999,0.0019969999999999996,1e-05,0.0005483999999999999,0.0009508999999999996,2.3100000000000002e-05,0.0011650999999999999,1e-05,0.0004722999999999998,1e-05,1e-05,1e-05,0.4894049,1e-05,1e-05,1.01e-05,0.0013179999999999997,1.0800000000000002e-05,1e-05,0.0009862,0.5020743,0.00040879999999999996
Tajik,taji1245,8,0.015865749999999998,0.008685875000000001,0.00021087500000000002,1e-05,0.054435625,0.000275,8.025000000000003e-05,0.0067805,0.17252062499999998,0.42851637499999995,0.00010774999999999999,0.005565,1.0125e-05,0.020325000000000003,1e-05,1e-05,0.27836399999999994,0.0034244999999999996,1e-05,1e-05,0.0023004999999999996,0.0024722499999999996,1e-05
Tajik_Lowland_Gissar,hiss1235,4,0.07372125,0.0086195,0.00810275,1e-05,0.0663025,0.0010352499999999997,1e-05,0.0060297499999999995,0.12406824999999999,0.40585499999999997,1e-05,0.00633375,1e-05,0.07390524999999999,1e-05,0.0033179999999999998,0.20823824999999999,0.0017187499999999998,1e-05,1e-05,0.0013499999999999996,0.011321250000000001,1e-05
Tajik_Lowland_Kulyab,kulj1234,7,0.06191685714285714,0.013061142857142856,0.006668571428571428,1e-05,0.04574771428571428,0.002400142857142857,3.042857142857143e-05,0.002782142857142857,0.136348,0.44645642857142853,1e-05,0.007054142857142859,1e-05,0.05588614285714286,1e-05,0.0009734285714285713,0.21205414285714283,0.0027188571428571422,1e-05,1e-05,0.0003008571428571429,0.005530571428571429,1e-05
Tajik_Mountain,taji1245,12,0.0724005,0.00557475,0.022880166666666663,0.000427333333333333,0.032079833333333335,0.006614416666666667,1e-05,0.009177833333333335,0.11055558333333332,0.42971258333333334,0.0001711666666666667,0.007832166666666666,7.050000000000002e-05,0.07629158333333334,1e-05,0.0047072500000000005,0.2034349166666667,0.003421666666666667,0.00016075,1e-05,0.0008635833333333334,0.013582749999999998,1e-05
Tallan,NA,8,0.00222675,0.972595375,1e-05,1e-05,1e-05,1e-05,1.0125e-05,0.0013013749999999998,1e-05,1e-05,1e-05,1e-05,1e-05,1e-05,0.001037625,1e-05,1e-05,0.022658875000000002,1e-05,1e-05,1e-05,1e-05,1e-05
Tatar_Kazan,tata1255,13,0.07551530769230769,0.004459384615384616,0.0666610769230769,1e-05,0.066257,0.0010831538461538459,0.000464076923076923,0.006608230769230768,0.007545692307692308,0.12893753846153846,1e-05,0.01352053846153846,1e-05,0.06514407692307692,1e-05,0.0033556153846153853,0.5461513076923078,0.003293615384615385,1e-05,1e-05,0.003024846153846155,0.0078119230769230765,0.00010653846153846154
Tatar_Mishar,tata1255,9,0.09682400000000001,0.0017961111111111105,0.052402444444444446,1e-05,0.03336211111111112,0.002647777777777778,1e-05,0.002662777777777778,0.008382999999999998,0.10384244444444445,1e-05,0.003889111111111111,1e-05,0.06771111111111111,1e-05,0.001845111111111111,0.6150178888888889,0.0025729999999999998,1e-05,1e-05,0.002241222222222222,0.004721888888888888,1e-05
Tatar_Siberian_Buhar,sibe1250,4,0.02125575,0.006093,0.11932300000000001,1e-05,0.1494625,0.0032544999999999996,1e-05,0.008643,0.0199555,0.14821,0.0019189999999999997,0.01351925,1e-05,0.172902,1e-05,0.0067937499999999994,0.2987665,0.006252,1e-05,1.2500000000000002e-05,0.00216375,0.021414000000000002,1e-05
Tatar_Siberian_Ishtyak_Toguz,sibe1250,5,0.0224256,0.0080658,0.113646,1e-05,0.1753806,0.0018964,1e-05,0.008634600000000001,0.017885400000000003,0.12850759999999997,1e-05,0.0278798,1e-05,0.1939968,1e-05,0.00018600000000000002,0.27647279999999996,0.0020565999999999996,1e-05,1.02e-05,0.0012468,0.0216388,1e-05
Tatar_Siberian_Iskero_Tobolsk,sibe1250,5,0.018830599999999996,0.010324999999999999,0.1286112,1e-05,0.1692532,0.0028476,1e-05,0.0070782000000000015,0.006987,0.12326999999999999,0.0009292,0.029130800000000002,1e-05,0.1980174,1e-05,1e-05,0.2872788,0.0009187999999999997,1e-05,1e-05,0.0008330000000000001,0.0156084,1e-05
Tatar_Siberian_Yalutorovsky,sibe1250,6,0.014634833333333333,0.0020515,0.113921,0.0007271666666666667,0.15030933333333332,0.004267833333333333,1e-05,0.011046666666666665,0.016040333333333334,0.12218866666666667,0.0005018333333333334,0.020908333333333334,1e-05,0.16931366666666667,1e-05,0.0021628333333333334,0.35900400000000005,0.0016498333333333332,1e-05,1e-05,0.0013293333333333332,0.009883166666666667,1e-05
Tatar_Siberian_Zabolotniye,sibe1250,5,1e-05,0.005743,0.16714220000000002,7.780000000000002e-05,0.30252099999999993,1e-05,1e-05,0.0039804,0.0106264,0.0640814,0.0005510000000000001,0.042676000000000006,1e-05,0.09929479999999999,1.0399999999999999e-05,1e-05,0.29257720000000004,1e-05,1e-05,1e-05,0.0021971999999999994,0.008431600000000001,1e-05
Teop,teop1238,9,1e-05,1e-05,0.0004964444444444444,0.7582467777777777,1e-05,0.12955577777777777,0.01901411111111111,1e-05,1e-05,1e-05,0.021336777777777777,1e-05,1e-05,1.0111111111111111e-05,1e-05,1e-05,1e-05,1e-05,1e-05,1e-05,1e-05,0.0009562222222222221,0.070234
Thai,thai1261,8,0.005502625000000001,0.0014863749999999998,7.4875e-05,0.0018657500000000002,0.0007141249999999997,1e-05,0.0052206250000000004,0.0027834999999999995,0.12219612499999999,0.029530625,0.006148125,0.000232875,0.000298625,0.221547875,1e-05,1e-05,0.003494375,0.001604375,1e-05,1e-05,0.022509374999999998,0.57227225,0.002468
Ticuna,ticu1245,1,1e-05,0.882375,1e-05,1e-05,1e-05,1e-05,1e-05,1e-05,1e-05,1e-05,1e-05,1e-05,1e-05,1e-05,1e-05,1e-05,1e-05,0.117415,1e-05,1e-05,1e-05,1e-05,1e-05
Tigak,tiga1245,9,1e-05,3.966666666666669e-05,0.000523333333333333,0.38595511111111114,1e-05,0.21432922222222225,0.07394966666666666,1e-05,1e-05,1e-05,0.036533777777777776,1.0222222222222223e-05,1e-05,3.5666666666666675e-05,1e-05,1e-05,1e-05,1e-05,1e-05,1e-05,1.7444444444444444e-05,0.009809,0.27867677777777783
Tikopia,tiko1237,6,1e-05,1e-05,1e-05,0.0016078333333333333,1e-05,0.9022085,0.026900999999999998,1e-05,1e-05,1e-05,0.011640166666666667,1e-05,1e-05,1e-05,1e-05,1e-05,1e-05,1e-05,1e-05,1.0333333333333333e-05,1e-05,0.0007133333333333331,0.05675866666666666
Todzin,tuvi1240,4,0.012578250000000001,0.0011349999999999997,0.382544,0.0025359999999999996,0.23375600000000002,0.0009660000000000001,1e-05,0.01413675,0.008088,0.01728475,1e-05,0.00074125,1e-05,0.26930950000000003,1e-05,1e-05,0.055246750000000004,0.0012942499999999998,1e-05,1e-05,1e-05,1e-05,0.00029325
Tofalar,kara1462,10,0.011095499999999998,0.0053595000000000005,0.4172831,1e-05,0.25183030000000006,0.00036209999999999997,1e-05,0.005094,0.0007159999999999998,0.003661,0.00011850000000000003,0.0036154000000000004,1e-05,0.2448194,1e-05,1e-05,0.05302129999999998,0.0006429999999999998,1e-05,1e-05,0.0006687999999999996,0.0016321999999999997,1e-05
Tolai,mini1257,10,1e-05,1e-05,8.300000000000003e-05,0.26021790000000006,1e-05,0.0895731,0.10876890000000002,1e-05,1e-05,1e-05,0.0663489,1.07e-05,1.02e-05,1.03e-05,1e-05,1e-05,1e-05,0.00014,1e-05,1e-05,0.0003585,1e-05,0.4743586000000001
Tolai_Kabakada,kaba1283,9,0.0012197777777777775,1e-05,1e-05,0.26795077777777776,1.1111111111111112e-05,0.11080422222222223,0.08765133333333332,0.0003205555555555556,0.0007312222222222221,0.00014355555555555554,0.06364711111111111,0.00039933333333333335,1e-05,8.48888888888889e-05,0.0014483333333333332,1e-05,1e-05,1.1111111111111112e-05,1e-05,1e-05,0.0006353333333333331,0.00927422222222222,0.45559700000000003
Tolai_Matupit,matu1260,2,1e-05,1e-05,0.0022589999999999997,0.276208,1e-05,0.0835255,0.05579,1e-05,1e-05,1e-05,0.0747245,1e-05,1e-05,1e-05,1e-05,1e-05,1e-05,1e-05,1e-05,1e-05,1e-05,1e-05,0.507323
Tolai_Vunairoto,mini1257,2,0.0019095,1e-05,1e-05,0.195125,1e-05,0.1207,0.2190855,1e-05,0.0016965,0.0028559999999999996,0.0468035,0.0012655,1e-05,0.009578,1e-05,1e-05,1e-05,1e-05,1e-05,1e-05,0.0005705,0.0277265,0.3725735
Tongan,tong1325,10,0.006089700000000003,0.0006049999999999997,1e-05,0.0094171,1e-05,0.8683466000000001,0.0019314999999999998,9.32e-05,0.0013146,0.0012012,0.012076499999999999,1e-05,1e-05,0.0030831999999999995,1e-05,1e-05,0.0179225,1e-05,1e-05,1e-05,0.0010298999999999998,0.0212915,0.055507600000000004
Tshwa,tsoa1238,8,0.00028750000000000005,2.6875e-05,1.0125e-05,1e-05,0.00041675,0.00025837500000000003,1e-05,1e-05,0.00014712499999999998,1e-05,0.0006203749999999997,0.00018,0.03336975,1e-05,0.41825199999999996,0.01822975,1e-05,0.00034412500000000003,0.50793825,0.019696375,9.625000000000001e-05,1e-05,5.6500000000000025e-05
Tswana,tswa1253,5,1.06e-05,1.1400000000000001e-05,1.1e-05,1.08e-05,1e-05,1e-05,1e-05,1e-05,1e-05,1.08e-05,1e-05,1.14e-05,0.0423708,1e-05,0.724143,1e-05,1.1799999999999999e-05,1e-05,0.2297076,0.0035802,1.08e-05,1e-05,1e-05
Tu,tuuu1240,10,0.0058365000000000005,0.0074307,0.0204558,0.0010386999999999996,0.0344468,0.00013300000000000003,8.83e-05,0.002447,0.0232605,0.028288200000000003,0.0008424000000000001,0.0040096,1e-05,0.5611043,1e-05,0.0002506,0.0124667,0.0015601999999999999,1e-05,1e-05,0.0033855000000000005,0.2921081,0.0008078999999999997
Tubalar,kara1462,30,0.020097000000000007,0.0026850999999999997,0.011041933333333333,0.00013186666666666666,0.4367405,0.0020097666666666677,0.00039763333333333293,0.006583300000000001,0.0024699333333333333,0.0956084,3.52e-05,0.004933133333333333,1.0000000000000004e-05,0.2518736666666666,0.0006234666666666662,0.0006638999999999996,0.15505113333333334,0.005023733333333336,0.0008704666666666663,1.0000000000000004e-05,0.0016550999999999998,0.0014746666666666667,1.0000000000000004e-05
Tubalar_2,nort2686,5,0.011698999999999998,0.001294,1.16e-05,3.3799999999999995e-05,0.510288,0.0027023999999999998,1e-05,0.0015197999999999995,0.004978399999999999,0.09649440000000001,1e-05,0.0023362,1e-05,0.2675752,1e-05,1e-05,0.0941048,0.0052388,1e-05,1e-05,0.0016329999999999997,1e-05,1e-05
Tujia,tuji1244,10,1e-05,0.0004993,0.0005317999999999997,0.0003003,0.0012962999999999998,0.0007603999999999998,0.00022810000000000001,0.00041309999999999974,1e-05,1e-05,1e-05,0.0017228999999999999,1e-05,0.49278830000000007,1e-05,1e-05,1e-05,0.0014727999999999998,1e-05,1e-05,0.0029874999999999997,0.4968846,1.45e-05
Tumbes,NA,8,0.08241849999999999,0.69380375,0.0007384999999999999,0.00033675,0.00042825000000000003,0.002453125,0.00040950000000000003,0.000353875,0.0017407500000000001,0.034723250000000004,8.975e-05,0.0007698749999999999,0.0011177499999999998,0.008706749999999997,0.089543625,0.004537625,0.042108625000000004,0.009224625,1.0375000000000001e-05,0.0016372499999999996,0.0017283749999999999,0.022535625000000004,0.0005839999999999998
Tunisian,tuni1259,8,0.35973774999999997,0.002125125,0.00028675,1e-05,0.0026887499999999997,0.000463375,1e-05,0.0038416249999999996,0.008303874999999999,0.08911975000000001,1e-05,0.00032075,1e-05,1e-05,0.15847775,0.324788375,0.033056,8.775e-05,1e-05,0.012482749999999999,0.0017756249999999999,0.0023734999999999997,1e-05
Turkish_Adana,nucl1301,10,0.2704006,0.0003245,0.0127026,0.00043859999999999993,0.0047855,0.0013934,0.00013240000000000002,0.0019633000000000003,0.019368500000000004,0.4486435999999999,0.0004303999999999999,0.007075600000000001,0.0010830999999999998,0.031556,0.0034778000000000005,0.11441400000000002,0.0753081,0.0030711000000000002,1e-05,0.00026370000000000007,0.0028812,0.000266,1e-05
Turkish_Aydin,nucl1301,10,0.2620434,0.0034802,0.028224900000000004,0.0014167,0.008689800000000001,0.0001931,1e-05,0.0022922999999999997,0.0048762,0.37568260000000003,0.0001396,0.008078499999999999,0.0002359,0.0614556,0.004722500000000001,0.06806690000000001,0.16030779999999997,0.0024967,1e-05,0.0008315999999999998,0.003391000000000001,0.0033451,1e-05
Turkish_Balikesir,nucl1301,11,0.2808994545454545,0.0029707272727272733,0.025174545454545453,0.00037872727272727244,0.007383909090909091,0.002151090909090909,7.081818181818183e-05,0.0011870909090909087,0.008294363636363636,0.35403463636363636,0.0004099999999999997,0.005065727272727273,1.0272727272727272e-05,0.05446045454545454,0.012121454545454552,0.06900336363636363,0.16829518181818184,0.0008043636363636362,1e-05,0.0007979090909090906,0.0016809090909090908,0.004782454545454547,1.2181818181818182e-05
Turkish_Istanbul,nucl1301,11,0.2744922727272728,0.0009801818181818182,0.015789636363636363,0.0017753636363636361,0.006582636363636363,0.0015079999999999998,0.00014781818181818185,0.002332454545454545,0.017868181818181818,0.3983636363636363,1e-05,0.007499181818181818,6.809090909090911e-05,0.03133245454545455,0.0010518181818181815,0.05083572727272727,0.17600463636363636,0.001691181818181818,1e-05,1e-05,0.003104363636363636,0.008413181818181818,0.00012863636363636365
Turkish_Kayseri,nucl1301,10,0.2873775,0.0013272999999999998,0.017348199999999998,0.0004957999999999997,0.005244900000000001,0.0014164999999999998,0.00021970000000000003,0.0029921999999999995,0.0133928,0.4780286,0.0006223999999999997,0.0035568,1e-05,0.031224099999999998,1e-05,0.0772987,0.0680237,0.0017607999999999994,1e-05,1e-05,0.0038830999999999996,0.005665500000000002,8.12e-05
Turkish_Trabzon,nucl1301,10,0.3473033,0.0004097999999999998,0.0044552,0.0003531,0.0023188999999999996,0.0027204,1e-05,0.0033831,1e-05,0.5723884000000001,0.0006691,0.0019451999999999998,1e-05,0.0050555,1e-05,0.044293,0.011657999999999998,0.0005723999999999996,1e-05,1e-05,0.0021561999999999996,0.00021760000000000003,4.110000000000001e-05
Turkmen,turk1304,7,0.10314628571428572,0.0022789999999999998,0.05927242857142857,0.0019434285714285714,0.06141114285714285,0.006143999999999999,1.1e-05,0.004621428571428572,0.06607199999999999,0.3250992857142857,1e-05,0.011351142857142857,0.00020142857142857142,0.16622842857142855,1e-05,0.029659999999999995,0.1391312857142857,0.002404285714285714,1e-05,0.00034100000000000005,0.003255,0.01738685714285714,1e-05
Bergamo,ital1282,13,0.45728899999999995,9.230769230769232e-05,0.0004559999999999997,0.00012853846153846156,0.000812153846153846,0.0005976923076923075,4.976923076923079e-05,0.001093,0.0012417692307692305,0.15366484615384615,1e-05,0.00024015384615384616,0.0002903846153846154,1e-05,7.400000000000001e-05,0.01609892307692308,0.36470676923076933,0.0008215384615384613,1e-05,1e-05,0.0016874615384615383,0.0006058461538461538,1e-05
Tuscan,ital1282,8,0.433990625,0.0014568749999999998,0.00037162500000000005,1e-05,1e-05,1.0125e-05,1e-05,0.00044100000000000004,0.0006139999999999997,0.21004225,1.0125e-05,0.000168375,1e-05,0.0015566249999999998,1e-05,0.04603237500000001,0.30470412500000005,1.0125e-05,1e-05,1e-05,0.0005014999999999998,1e-05,1e-05
Tuvinian,tuvi1240,10,0.0037238000000000006,0.0028645999999999997,0.2952207,0.0002758,0.20132509999999998,0.005922100000000001,1e-05,0.006965400000000001,0.0021817,0.04378220000000001,0.0002255,0.004669600000000001,1e-05,0.36059349999999996,1e-05,1e-05,0.045335999999999994,0.0038816000000000002,1e-05,1e-05,0.0036316,0.019330599999999996,1e-05
Tuvinian_2,tuvi1240,10,0.004261,0.0033203000000000004,0.261816,0.0003396,0.1734278,0.0039255,1e-05,0.003813700000000002,0.005929200000000002,0.04684859999999999,6.670000000000002e-05,0.0119185,0.00016350000000000002,0.4098376,0.0002356,0.0017575999999999998,0.039763599999999996,0.0009107999999999996,1e-05,1e-05,0.0020854,0.0287709,0.0007780999999999998
Udmurt_Northern,nort2676,5,1e-05,0.0041566,0.10739119999999999,1e-05,0.1928512,1e-05,0.000426,0.0001928,0.0025712,0.0954336,1e-05,0.0248878,1e-05,0.0190986,1e-05,1e-05,0.5494467999999999,0.0011674,1e-05,1e-05,0.0011144,0.0011623999999999996,1e-05
Udmurt_Southern,sout2681,5,1e-05,0.006973399999999999,0.1062956,1e-05,0.16973739999999998,1e-05,0.00021100000000000003,0.0024036,0.010799600000000001,0.10027559999999999,9.400000000000001e-05,0.023702,1e-05,0.0165332,1e-05,1e-05,0.556848,0.0040456,1e-05,1e-05,0.0005716,0.0014193999999999997,1e-05
Ukrainian_East,ukra1253,6,0.12326083333333333,0.0009539999999999997,0.010738666666666665,0.00016316666666666668,1.05e-05,0.002068666666666667,0.00024500000000000005,0.0009356666666666667,0.000835833333333333,0.08334283333333332,0.00013266666666666667,0.003210666666666667,1e-05,0.0016556666666666664,1e-05,0.00040783333333333334,0.7683369999999999,0.0010546666666666666,1e-05,1e-05,0.0019441666666666667,0.0006521666666666667,1e-05
Ukrainian_Rovenskaya,ukra1253,3,0.14213699999999999,1e-05,0.005315,1e-05,0.002238,1e-05,1e-05,0.0006433333333333333,1e-05,0.06686866666666667,1e-05,0.002748,1e-05,0.002114333333333333,1e-05,0.007333999999999999,0.7680303333333334,0.00041900000000000005,1e-05,1e-05,0.0020319999999999995,1e-05,1e-05
Ukrainian_Sumskaya,ukra1253,5,0.1535032,0.001571,0.008125799999999999,1e-05,0.00016620000000000003,0.0021241999999999997,1e-05,0.0009397999999999999,0.0010081999999999997,0.0657904,0.00013220000000000001,0.000346,1e-05,0.0022244,1e-05,0.0011415999999999998,0.7595681999999999,0.000983,1e-05,1e-05,0.00045699999999999994,0.0018486,1e-05
Ukrainian_West,ukra1253,3,0.1749333333333333,1.0666666666666666e-05,0.008156,1e-05,0.007870333333333333,0.0003446666666666667,0.0016616666666666665,0.0008870000000000001,3.566666666666667e-05,0.08751966666666666,0.0005633333333333333,0.0012873333333333333,0.0010043333333333334,1e-05,0.0009573333333333334,0.008842666666666667,0.6954916666666667,0.003071666666666667,0.0021116666666666666,1e-05,0.005149999999999999,6.133333333333334e-05,1e-05
Ukrainian_Zhitomirskaya,ukra1253,3,0.13619299999999998,0.000229,0.007666333333333333,1e-05,1e-05,6.7e-05,1e-05,0.0010136666666666666,0.0008953333333333334,0.07482366666666666,1e-05,0.0034436666666666665,1e-05,0.004669666666666667,1e-05,0.007759333333333333,0.7580573333333334,0.002618,1e-05,1e-05,1e-05,0.0024646666666666667,1e-05
Ulchi,ulch1241,32,0.004603218750000003,0.0002023749999999998,0.248772,1.0312500000000007e-05,0.000996000000000001,0.003623249999999998,1.0000000000000006e-05,0.0005088749999999998,0.00011503125000000001,0.002004281249999999,1.0250000000000005e-05,0.12249453124999998,1.0000000000000006e-05,0.5580753125000002,1.743750000000001e-05,0.00034756249999999984,0.04079721875000002,0.0008310624999999998,0.00022840624999999985,1.0000000000000006e-05,0.00028193749999999985,0.016041031249999994,1.0000000000000006e-05
UrubuKaapor,urub1250,3,1e-05,0.725126,1e-05,1e-05,1e-05,1e-05,1e-05,1e-05,1e-05,1.0333333333333333e-05,1e-05,1e-05,1e-05,1e-05,1e-05,1e-05,1e-05,0.274664,1e-05,1e-05,1e-05,1e-05,1e-05
UtcubambaSouth,chac1250,4,0.11180899999999999,0.7264385,0.0006675,0.00021575,0.0012374999999999997,1e-05,1e-05,0.00074425,0.0010355,0.021976,1e-05,0.000705,1e-05,0.00104825,0.00628075,0.014565,0.09857350000000001,0.010173999999999999,0.00014775,0.0017139999999999998,0.0014707499999999998,1e-05,0.0011474999999999999
Uygur,uigh1240,10,0.0350992,0.006366300000000001,0.05621469999999999,0.0004947999999999998,0.0586707,0.004017400000000001,0.00018800000000000002,0.0073290000000000004,0.07797420000000001,0.2250015,0.000101,0.0107644,1e-05,0.29381880000000005,1.01e-05,0.0036171000000000003,0.1330617,0.0037881,1e-05,1e-05,0.0014808999999999998,0.08196210000000001,1e-05
Uzbek,nort2690,10,0.0597279,0.0033110000000000006,0.0697115,0.0011887,0.0738479,0.0052793,1.03e-05,0.0059317,0.0770411,0.2649731,1e-05,0.005633600000000001,6.390000000000001e-05,0.2173903,0.0009954,0.016541800000000002,0.16108139999999999,0.0025326999999999997,0.0007237999999999999,0.0001367,0.004405900000000001,0.029159400000000002,0.000302
Uzbek_Khorezm,nort2690,8,0.085996375,0.00497375,0.059005875,1e-05,0.051560875000000006,0.00267475,0.00071975,0.0071205,0.0649015,0.30437224999999996,0.0015558749999999997,0.0082965,1e-05,0.170858625,1e-05,0.010925875,0.1931695,0.0017877499999999998,1e-05,8.1625e-05,0.0015819999999999999,0.030037125000000005,0.00033937500000000005
Uzbek_Tashkent,nort2690,9,0.06441077777777776,0.0030566666666666667,0.044353666666666666,0.00041722222222222226,0.05727311111111112,0.0043648888888888895,0.00032300000000000004,0.012305555555555554,0.08124733333333332,0.2925274444444444,0.00042322222222222224,0.007068444444444447,1e-05,0.19832133333333335,1e-05,0.012219444444444442,0.1791901111111111,0.002111222222222222,1e-05,1e-05,0.001385111111111111,0.03895177777777778,1e-05
Vanuatu_Aoba,east2443,5,1e-05,0.00088,0.0011149999999999999,0.1273418,1e-05,0.183009,0.14161740000000003,1e-05,1e-05,0.0018664,0.08668440000000001,1e-05,0.0001874,0.0021051999999999998,0.0072476,1e-05,1e-05,0.000261,1e-05,1e-05,1e-05,0.012570800000000002,0.43501400000000007
Vanuatu_Ambrym,ambr1240,6,1.0166666666666667e-05,1e-05,7.700000000000001e-05,0.14934433333333333,1e-05,0.08614983333333333,0.17036249999999997,1e-05,1e-05,1e-05,0.09052899999999998,0.0009313333333333332,1e-05,4.933333333333335e-05,1e-05,1e-05,1e-05,1e-05,1e-05,1e-05,2.816666666666667e-05,0.0010081666666666665,0.5013905
Vanuatu_Aneityum,anei1239,6,0.003312666666666667,1e-05,0.0008846666666666665,0.10959483333333332,1e-05,0.2728621666666667,0.14664,0.0007423333333333332,6.650000000000003e-05,1e-05,0.08307616666666666,0.0018949999999999998,1e-05,0.0026841666666666663,1e-05,1e-05,0.0026739999999999997,1e-05,1.0833333333333335e-05,1e-05,0.00046049999999999997,0.0044015,0.3706145
Vanuatu_Banks,torr1262,7,1e-05,0.0002814285714285714,0.0010217142857142853,0.1279512857142857,1.0714285714285716e-05,0.2259947142857143,0.14015385714285714,1e-05,0.0004887142857142857,1e-05,0.07813214285714286,0.0008014285714285711,1e-05,0.00016642857142857144,1e-05,1e-05,1e-05,0.00017242857142857145,1e-05,1.0142857142857143e-05,0.00038671428571428575,0.01047614285714286,0.413872
Vanuatu_Efate,efat1236,6,1.0166666666666667e-05,0.0005501666666666667,1e-05,0.1328903333333333,0.0003961666666666667,0.1478425,0.16472183333333332,1e-05,0.0019173333333333327,1e-05,0.08631716666666667,1e-05,0.00022716666666666667,1e-05,0.0009184999999999997,1e-05,0.006904333333333336,1e-05,0.0005543333333333333,1e-05,1e-05,0.0001366666666666667,0.45652316666666665
Vanuatu_Efate_Mele,mele1250,9,0.00016255555555555557,0.0003348888888888889,0.0006732222222222222,0.13208277777777777,1e-05,0.13841044444444445,0.16921077777777777,1e-05,1e-05,1e-05,0.09090455555555554,1.0777777777777778e-05,1e-05,1e-05,1e-05,1e-05,1e-05,0.00011777777777777779,1e-05,1e-05,0.0012687777777777777,0.00019422222222222226,0.4665191111111111
Vanuatu_Emae,emae1237,8,0.006121750000000001,1e-05,0.00022275000000000002,0.13277224999999998,0.0006811249999999999,0.17682012500000005,0.141765875,0.00024650000000000003,1e-05,0.0009369999999999997,0.08887374999999999,1.1e-05,1e-05,1e-05,1e-05,1e-05,0.012050125,0.0008769999999999998,1e-05,1e-05,0.00032275,1e-05,0.43820774999999995
Vanuatu_Erromango,siee1239,2,1e-05,1e-05,0.001863,0.135179,1e-05,0.1170925,0.24953899999999998,1e-05,1e-05,1e-05,0.0794405,1.45e-05,1e-05,1e-05,1e-05,1e-05,1e-05,1e-05,1e-05,1e-05,1e-05,0.035761999999999995,0.38095900000000005
Vanuatu_Futuna,futu1245,3,0.006134999999999999,1e-05,5.6e-05,0.06937399999999999,0.0004086666666666667,0.41319900000000004,0.11166266666666669,1.1666666666666668e-05,1e-05,0.013060666666666667,0.04945133333333334,1e-05,1e-05,0.002034666666666667,1e-05,1e-05,0.030973,0.0006810000000000001,1e-05,1e-05,1e-05,0.001976,0.30088633333333337
Vanuatu_Ifira,fila1237,1,1e-05,1e-05,1e-05,0.13225,1e-05,0.154825,0.200165,1e-05,1e-05,1e-05,0.078645,1e-05,1e-05,1e-05,1e-05,1e-05,1e-05,1e-05,1e-05,1e-05,1e-05,1e-05,0.433935
Vanuatu_Maewo,cent2058,10,1e-05,1.1e-05,1e-05,0.1482403,1e-05,0.1732555,0.12870620000000002,0.0005271999999999998,1e-05,1e-05,0.083733,0.0021187,1e-05,0.0013973,1e-05,1e-05,1e-05,1e-05,1e-05,1e-05,0.0006005999999999996,0.0078929,0.4533969
Vanuatu_Makura,maku1276,5,1e-05,1.1400000000000001e-05,1e-05,0.12869760000000002,1e-05,0.19370820000000002,0.1447276,1e-05,1e-05,1e-05,0.09307040000000001,1e-05,1e-05,1e-05,1e-05,1e-05,1e-05,1e-05,1e-05,1e-05,1e-05,1e-05,0.43961459999999997
Vanuatu_Malekula,sout3240,8,1e-05,1e-05,0.000473125,0.138893125,5.375000000000002e-05,0.07415525,0.18442100000000003,1e-05,1e-05,1e-05,0.10680912499999999,1e-05,1e-05,0.000482875,1e-05,1e-05,1e-05,1e-05,1e-05,1.0625e-05,1e-05,0.005144875000000002,0.489426375
Vanuatu_Nguna,ngun1274,3,1e-05,1e-05,1e-05,0.13451333333333335,1e-05,0.07329066666666667,0.18606,1e-05,1e-05,1e-05,0.09605433333333334,1e-05,1e-05,1e-05,1e-05,1e-05,1.1333333333333334e-05,8.900000000000001e-05,1e-05,1e-05,4.9e-05,1e-05,0.5097826666666666
Vanuatu_Paama,paam1238,7,1e-05,1e-05,0.00011671428571428573,0.13159114285714288,1e-05,0.084946,0.17856914285714284,1e-05,1.1e-05,1e-05,0.07753642857142858,0.00027,1e-05,1e-05,1e-05,1e-05,1e-05,1.0714285714285716e-05,1e-05,1e-05,0.00024614285714285715,1e-05,0.526573
Vanuatu_Pentecost_Baie,saaa1241,9,1e-05,1e-05,1e-05,0.13926866666666665,1e-05,0.08662733333333333,0.16483077777777774,1e-05,1e-05,1e-05,0.07720999999999999,1e-05,1e-05,1e-05,1e-05,1e-05,1e-05,0.00029255555555555556,1e-05,1e-05,0.00034077777777777774,0.002909888888888889,0.5283697777777778
Vanuatu_Pentecost_Bwatnapni,suru1259,3,1e-05,1e-05,1e-05,0.12792766666666666,1e-05,0.10481366666666665,0.14460066666666668,1e-05,1e-05,1e-05,0.09144566666666666,1e-05,1e-05,1e-05,1e-05,1e-05,1e-05,1e-05,1e-05,1e-05,1.1666666666666668e-05,1e-05,0.5310306666666667
Vanuatu_Pentecost_Maram,suru1259,7,1e-05,1e-05,1e-05,0.13655257142857144,1e-05,0.1421008571428571,0.13842900000000002,1e-05,1e-05,1e-05,0.08543128571428571,0.00047,1e-05,1e-05,1e-05,1e-05,1e-05,0.0002671428571428572,1e-05,1.1285714285714285e-05,1e-05,0.0061010000000000005,0.4904971428571429
Vanuatu_Pentecost_Ranmawat,sowa1244,5,1e-05,1e-05,1e-05,0.139649,1e-05,0.1052452,0.162951,1e-05,1e-05,1e-05,0.08423859999999998,0.0010608,1e-05,1e-05,1e-05,1e-05,1e-05,0.00019020000000000002,1e-05,1e-05,1e-05,0.0006546000000000001,0.5058608
Vanuatu_Pentecost_Wugunmel,NA,5,1e-05,1e-05,1e-05,0.14267,1e-05,0.11457300000000001,0.1415162,1e-05,1e-05,1e-05,0.07985819999999999,0.0007226000000000001,1e-05,1e-05,1e-05,1e-05,1e-05,1e-05,1e-05,1e-05,6.380000000000002e-05,0.0022943999999999994,0.5181522000000001
Vanuatu_Santo_Mbauk,polo1242,5,1e-05,1e-05,1e-05,0.126083,1e-05,0.0536998,0.1960898,1e-05,1e-05,1e-05,0.0821504,1e-05,1e-05,1e-05,1e-05,1e-05,1e-05,1e-05,1e-05,1e-05,1e-05,1e-05,0.5417974
Vanuatu_Santo_Malau,NA,2,1e-05,1e-05,1e-05,0.123961,1e-05,0.1318955,0.16927799999999998,1e-05,1e-05,1e-05,0.08424100000000001,1e-05,1e-05,1e-05,1e-05,1e-05,1e-05,1e-05,1e-05,1e-05,1e-05,0.0149395,0.47551449999999995
Vanuatu_Santo_Morou,moro1286,3,1e-05,7.4e-05,1e-05,0.12820600000000001,1e-05,0.08762066666666667,0.16474166666666668,1e-05,1e-05,1e-05,0.09608133333333334,1e-05,1.3333333333333335e-05,1e-05,1e-05,1e-05,1e-05,1e-05,1e-05,1e-05,0.0004443333333333333,0.0002986666666666667,0.5223803333333333
Vanuatu_Santo_Okoro,NA,4,1e-05,1e-05,1e-05,0.14676625000000001,1e-05,0.07906374999999999,0.17171075000000002,1e-05,1e-05,1e-05,0.09154975,1.125e-05,1e-05,4.15e-05,1e-05,1e-05,1e-05,1e-05,1e-05,1e-05,1.025e-05,0.00056175,0.5101445
Vanuatu_Santo_Port,saka1289,5,1e-05,0.00017720000000000002,1e-05,0.128595,1e-05,0.09044840000000001,0.189077,1e-05,1e-05,1e-05,0.0788868,1e-05,1e-05,1e-05,1e-05,1e-05,1e-05,1e-05,1e-05,1e-05,0.0008688,0.0015263999999999996,0.5102708
Vanuatu_Santo_Rango,nara1263,4,1e-05,1e-05,1e-05,0.142061,1e-05,0.055019,0.19025075,1e-05,1e-05,1e-05,0.06876800000000001,1e-05,1e-05,1e-05,1e-05,1e-05,1e-05,1e-05,1e-05,1e-05,1e-05,1e-05,0.54372125
Vanuatu_Santo_Sara,hano1246,3,1e-05,1e-05,1e-05,0.144863,1e-05,0.052741,0.21011466666666667,1e-05,1e-05,1e-05,0.07787066666666666,1e-05,1e-05,0.00047400000000000003,1e-05,1e-05,1e-05,1e-05,1e-05,1e-05,1e-05,0.0023906666666666664,0.5113856666666666
Vanuatu_Santo_Tasiriki,akei1237,2,1e-05,1e-05,1e-05,0.1535575,1e-05,0.146782,0.156214,1e-05,1e-05,1e-05,0.074401,1e-05,1e-05,1e-05,1e-05,1e-05,1e-05,1e-05,1e-05,1e-05,1.35e-05,0.00069,0.46818150000000003
Vanuatu_Santo_Tutuba,tutu1241,5,1e-05,0.0001082,0.0010841999999999998,0.2258776,1e-05,0.1877604,0.105401,7.060000000000001e-05,1e-05,1e-05,0.06083620000000001,1e-05,1e-05,0.000777,1e-05,1e-05,1e-05,0.0006752,1e-05,1e-05,0.0006452000000000001,0.011201800000000001,0.4054526000000001
Vanuatu_Tanna,tann1242,9,1e-05,1e-05,1e-05,0.14985133333333334,1e-05,0.06834277777777778,0.20189077777777778,0.00036433333333333337,1e-05,1e-05,0.10046977777777778,1e-05,1e-05,1.0777777777777778e-05,1e-05,1e-05,1e-05,1e-05,1e-05,1e-05,1e-05,1e-05,0.4789101111111111
Vanuatu_Tongoa,tong1323,4,1e-05,1e-05,1e-05,0.12880624999999998,1e-05,0.12949,0.17441125000000002,1e-05,1e-05,1e-05,0.08466175,1.05e-05,1.0500000000000001e-05,1e-05,1e-05,1e-05,1e-05,1e-05,0.0001555,1e-05,0.0006450000000000001,1e-05,0.4816695
Vella_Lavella,bilu1245,6,1e-05,1e-05,1e-05,0.7326480000000001,1e-05,0.23429149999999999,0.0016211666666666664,1e-05,1e-05,1e-05,0.0026288333333333333,1.1000000000000001e-05,1e-05,0.0013136666666666668,1e-05,1e-05,1e-05,1e-05,1e-05,1e-05,1.0333333333333333e-05,0.015475666666666667,0.011859833333333333
Veps,veps1250,10,0.017992600000000004,0.0010656999999999997,0.06507759999999999,0.0005734999999999998,0.0264193,0.000449,1e-05,0.0030825999999999996,0.00046170000000000006,0.0043971,0.0003691,0.0066549999999999995,1e-05,0.0065658999999999995,1e-05,0.0020358999999999998,0.8601274,0.0010452999999999997,1e-05,1e-05,0.0034473000000000004,0.000175,1e-05
Vietnamese_North,viet1252,5,1e-05,0.0007326,1e-05,1e-05,1e-05,0.0005894,0.0010009999999999997,0.0012028,0.017687,1e-05,0.0015212,0.001676,1e-05,0.2834992,1e-05,1e-05,0.000441,1e-05,1e-05,1e-05,0.010176000000000001,0.6792282000000001,0.0021358
Vietnamese_South,viet1252,5,0.0005986,0.0008897999999999999,1e-05,0.0019946,1e-05,0.0021682,0.0018442,1e-05,0.0215504,1e-05,1e-05,0.001207,1e-05,0.29650800000000005,1e-05,1e-05,1e-05,0.0005888,1e-05,1e-05,0.0087074,0.6624478,0.0013853999999999997
Visayan,mind1257,4,0.00223325,0.003014,0.007723249999999999,0.00801575,0.0021384999999999998,0.14155125,0.01678075,0.0025295,0.013568750000000001,0.0043064999999999996,0.00210275,0.01021775,1e-05,0.042979500000000004,0.00042225000000000005,0.0030155,1e-05,0.00271225,1e-05,0.00033525000000000004,0.01877575,0.7175372499999999,1e-05
Vishwabrahmin,vish1243,14,0.004139500000000002,0.0011272142857142854,0.0040425,0.004073785714285714,0.0005004285714285712,0.010634714285714286,0.0007810714285714285,0.0028466428571428588,0.749155,0.16703350000000003,0.0021682857142857137,0.001388642857142857,1e-05,0.0070723571428571415,1e-05,0.0011532142857142856,0.0007004999999999997,0.0014284999999999996,1e-05,1e-05,0.023594928571428576,0.017258357142857148,0.0008607142857142853
Wambo,ndon1254,5,1e-05,1.14e-05,1e-05,1e-05,1e-05,1e-05,1e-05,1e-05,1e-05,1e-05,1e-05,1.1e-05,0.0752922,1e-05,0.9100994,0.00028940000000000004,1e-05,1e-05,0.0117678,0.0021065999999999997,0.00027180000000000005,1.08e-05,1e-05
Wayku,sanm1289,10,0.007106899999999999,0.8607199,0.00024310000000000005,0.0002118,0.0005070999999999999,0.0002607,1e-05,0.0022808000000000004,1e-05,0.0024216,0.00012150000000000001,1.0800000000000002e-05,1e-05,1e-05,1e-05,1e-05,0.004289,0.1214264,1e-05,1e-05,0.00030040000000000004,1e-05,1e-05
Wayuu,wayu1243,1,1e-05,0.869758,1e-05,1.8e-05,1e-05,1.1e-05,1e-05,1e-05,1e-05,1e-05,1e-05,1e-05,1e-05,1e-05,1e-05,1e-05,1e-05,0.130021,1e-05,1.3e-05,1e-05,1e-05,1e-05
Xavante,xava1240,9,1e-05,0.7530881111111111,1e-05,1e-05,1e-05,1e-05,1.0111111111111111e-05,1e-05,1e-05,1e-05,1e-05,1e-05,1e-05,1e-05,1e-05,1e-05,1e-05,0.24670177777777777,1e-05,1e-05,1e-05,1e-05,1e-05
Xibo,xibe1242,9,0.0044406666666666665,0.0055598888888888885,0.09057111111111112,1e-05,0.019252666666666668,0.0039234444444444455,1e-05,0.0039022222222222236,0.00045955555555555555,0.024909888888888888,0.0007008888888888885,0.01033988888888889,1e-05,0.5801472222222223,1e-05,1e-05,0.029500111111111116,1e-05,1e-05,1e-05,0.001131,0.22507133333333332,1e-05
Xuun,kung1261,15,0.00016080000000000003,1.0466666666666666e-05,1e-05,1.0333333333333333e-05,1e-05,8.460000000000002e-05,1e-05,4.960000000000002e-05,1e-05,0.00018560000000000004,1e-05,0.00019726666666666667,0.024040733333333338,1e-05,0.15201813333333333,0.008807666666666665,1e-05,2.3533333333333344e-05,0.8004873333333333,0.013772,6.206666666666668e-05,1e-05,1e-05
Yakut,yaku1245,25,0.0076012799999999985,0.0026232000000000004,0.4029513600000001,6.000000000000002e-05,0.08020580000000001,0.003720119999999999,1e-05,0.007672,0.001726840000000001,0.03461156,0.00016427999999999983,0.012925680000000002,1e-05,0.3885628,1e-05,1e-05,0.04943732,0.00486652,1e-05,1e-05,0.0021380400000000008,0.0006629999999999999,1e-05
Yaquis,yaqu1251,8,0.08968912500000001,0.612932625,0.0025078749999999997,0.00032987500000000004,0.008578875,0.0010102499999999999,1.0625e-05,0.16868425,0.003064375,0.0168615,1.0875e-05,0.001751375,0.0005042499999999997,0.0065465,0.012490249999999998,0.00846175,0.05438375,0.010651,1e-05,0.00034662500000000004,0.000255,0.0009097499999999999,1e-05
Yemeni,jude1267,6,0.13156233333333334,1e-05,0.0001826666666666667,0.0006206666666666667,0.004165833333333333,0.000739333333333333,0.000549,0.0043026666666666664,0.02813883333333333,0.28779116666666665,1e-05,0.0020515,0.004491833333333333,0.0015603333333333335,0.10330450000000001,0.40289133333333343,0.004753833333333333,0.000213,0.0026601666666666666,0.013730333333333332,0.004849999999999999,0.0014109999999999997,1e-05
Yemen_Ad_Dali,sana1295,5,0.1288412,1e-05,0.00037400000000000004,0.0017562,1e-05,0.00033640000000000005,1e-05,1e-05,0.0029792,0.23744039999999997,0.00027180000000000005,0.0012111999999999995,0.0020913999999999998,1e-05,0.031032800000000006,0.578848,0.0033128,1e-05,1e-05,0.008248599999999998,0.0024422000000000003,0.0005110000000000001,0.00023280000000000002
Yemen_Al_Bayda,sana1295,7,0.10710299999999999,0.0001692857142857143,0.0006538571428571428,0.00013457142857142859,1.1142857142857143e-05,0.00032800000000000006,0.0009378571428571428,0.001438142857142857,0.006187,0.2538327142857143,0.0008212857142857142,0.00048042857142857143,0.001967285714285714,0.002123142857142857,0.01760442857142857,0.5924351428571429,0.0024201428571428573,0.0008107142857142856,0.00037742857142857147,0.007774714285714288,0.002057142857142857,0.000323,1e-05
Yemen_Al_Jawf,sana1295,4,0.08654575,1e-05,6.675000000000001e-05,1e-05,1e-05,0.00024775000000000003,1e-05,1e-05,0.0005030000000000001,0.2194325,1e-05,0.0009192499999999999,1e-05,0.000333,0.003132,0.66390825,0.02062275,0.0008712500000000001,1e-05,0.001821,0.0014965,1e-05,1e-05
Yemen_Amanat_Al_Asimah,sana1295,4,0.11072950000000001,0.00067175,1e-05,0.0011597499999999998,1.0500000000000001e-05,0.0009040000000000001,1e-05,1e-05,0.0015019999999999999,0.27512,0.00027225000000000003,0.0009137500000000001,0.001328,0.0011424999999999999,0.044717,0.54060875,1e-05,0.0015977499999999998,1e-05,0.01013375,0.0011607499999999997,0.0055035,0.00247375
Yemen_Amran,sana1295,17,0.13548470588235292,0.0008465882352941172,0.0009667647058823526,0.00035370588235294104,0.0009831176470588236,0.00116,0.0006927647058823527,0.0008652941176470587,0.013252235294117648,0.2848115882352942,0.0009222352941176467,0.000265941176470588,0.002875941176470589,0.0004052941176470588,0.009895823529411764,0.5338678823529412,0.0018506470588235287,0.000961235294117647,0.0002447647058823527,0.0068858823529411774,0.0019268823529411765,1e-05,0.00047052941176470563
Yemen_Dhamar,sana1295,10,0.1184077,0.0008164999999999998,0.00020219999999999998,0.0014383999999999998,1e-05,0.0005360999999999997,0.0008990999999999999,0.0005031999999999999,0.0015172999999999996,0.2692260999999999,0.0005951999999999999,0.0011120999999999998,0.0020261999999999997,1e-05,0.013891299999999999,0.5769721999999999,0.0019771,0.0014909999999999997,1e-05,0.0064949,0.0011141,0.0005408999999999996,0.00020800000000000001
Yemen_Hadramout,hadr1236,13,0.07893830769230768,0.001454538461538461,0.001317153846153846,0.0005839999999999998,0.0005709230769230767,0.0007373846153846154,0.0011929999999999998,0.0025488461538461537,0.037883384615384624,0.21773369230769232,0.0004622307692307689,0.0007500769230769228,0.00945753846153846,0.0008696923076923074,0.14099215384615385,0.4672590769230769,0.008761000000000001,0.0009205384615384612,0.0006924615384615382,0.017567,0.004958,0.003956615384615386,0.0003920769230769229
Yemen_Ibb,sana1295,2,0.145979,0.0012485,0.0013975,0.0001865,0.0039125,1.3000000000000001e-05,1e-05,0.0004435,0.009668,0.2340085,1e-05,1.15e-05,0.0014010000000000001,1e-05,0.035378,0.5506679999999999,0.001514,0.00146,0.000664,0.009883,0.002114,1e-05,1e-05
Yemen_Mahra,mehr1241,14,0.03380671428571429,0.00016342857142857147,0.0006927142857142858,0.0006844999999999999,1.0071428571428572e-05,1.0071428571428572e-05,0.0009368571428571428,0.00042050000000000003,0.011270357142857141,0.1948474285714286,0.0009552142857142857,3.3214285714285724e-05,0.003962357142857143,0.0009172857142857141,0.059244142857142856,0.6665594285714286,0.014260642857142859,0.000573642857142857,0.0007322142857142856,0.0037557142857142863,0.0019355714285714284,0.0031831428571428575,0.0010445
Yemen_Marib,sana1295,7,0.09507714285714286,1.0142857142857143e-05,1.1e-05,0.001276142857142857,8.371428571428573e-05,0.0027034285714285715,1e-05,0.0002092857142857143,0.001562857142857143,0.2400045714285714,0.0006065714285714282,1e-05,0.002184428571428571,0.0006302857142857142,0.016542714285714282,0.6263014285714286,0.005895285714285715,0.0012615714285714283,1e-05,0.002535428571428571,0.0030542857142857142,1e-05,1e-05
Yemen_Shabwah,hadr1236,3,0.07751999999999999,0.0006923333333333333,0.0036450000000000002,0.001746,1e-05,0.0016713333333333335,0.004049333333333333,1.1333333333333334e-05,0.011912666666666669,0.23169333333333333,1e-05,0.0020186666666666664,0.011844,0.002610333333333333,0.10433966666666666,0.5273026666666667,5.1666666666666664e-05,1e-05,0.0027456666666666667,0.013032666666666666,1e-05,0.0015416666666666662,0.0015313333333333331
Yi,lolo1267,10,1e-05,0.003417,0.013160999999999997,0.0016625999999999998,0.0016431999999999998,1e-05,0.0011863,0.0007760999999999998,0.023907,1e-05,0.0008709999999999999,0.004997400000000001,1e-05,0.5544397999999999,0.00012190000000000002,1e-05,1e-05,0.0028829999999999993,1e-05,1e-05,0.0098479,0.37924810000000003,0.0017576999999999996
Yoruba,yoru1245,75,0.00021523999999999968,0.00010359999999999966,0.00011249333333333315,5.3906666666666616e-05,1.0013333333333352e-05,1.0013333333333352e-05,2.4320000000000014e-05,1.0013333333333352e-05,1.0120000000000018e-05,1.6400000000000026e-05,1.4466666666666685e-05,1.0000000000000018e-05,0.0007288666666666671,1.8240000000000022e-05,0.9979688000000004,0.0001483199999999998,4.757333333333335e-05,4.4893333333333346e-05,0.00010974666666666663,0.00017086666666666655,7.686666666666647e-05,1.7746666666666688e-05,7.743999999999983e-05
Yukagir_Forest,nort2745,5,0.058123999999999995,0.0005622,0.2782804,1e-05,0.0048938,1e-05,1e-05,0.0011215999999999997,0.0017009999999999998,0.019727,0.00021780000000000004,0.0908808,1e-05,0.10784560000000001,1e-05,0.0009985999999999999,0.4321494,0.00010640000000000001,1e-05,1e-05,0.0005328,0.0027787999999999997,1e-05
Yukagir_Tundra,sout2750,19,0.009874421052631581,0.001748526315789474,0.36282157894736844,1e-05,0.007450105263157899,0.0001532631578947369,1e-05,0.0015669473684210525,0.0003326315789473682,0.008150315789473688,1e-05,0.3459401052631578,1e-05,0.1551188421052632,1e-05,0.0005629473684210525,0.10370215789473686,0.0007769473684210523,1e-05,1e-05,0.0012301578947368416,0.0004911578947368418,1e-05
Zapotec,zapo1437,12,0.011163916666666667,0.8191836666666666,0.0016081666666666666,0.00017549999999999998,0.003426416666666666,0.0004809166666666666,1e-05,0.1136795,0.0024878333333333328,0.004935583333333334,8.658333333333333e-05,0.0031485000000000003,1e-05,0.0030643333333333334,0.0013986666666666663,0.0011234166666666664,0.006013333333333333,0.026923833333333338,1e-05,0.0003553333333333333,0.00018983333333333333,0.0004697499999999997,5.483333333333335e-05
Zoro,gavi1246,1,1e-05,0.586356,1e-05,1e-05,1e-05,1e-05,1e-05,1e-05,1e-05,1e-05,1e-05,1e-05,1e-05,1e-05,1e-05,1e-05,1e-05,0.413434,1e-05,1e-05,1e-05,1e-05,1e-05
