population,glottocode,n_individuals,K,largest_component_id,largest_share,second_component_id,second_share,two_largest_sum,ancestry_heterogeneity,mean_individual_ancestry_heterogeneity,two_component_screen_only
Adygei,adyg1241,18,12,9,0.38944444444444454,7,0.35212333333333334,0.7415677777777778,0.6768424231275401,0.6722515823168334,True
Adygei_Mamkheg,adyg1241,4,12,9,0.3738895,7,0.36492824999999995,0.7388177499999999,0.6769932876558126,0.67483488740575,True
Armenian,nucl1235,11,12,7,0.5663556363636364,9,0.22431245454545448,0.7906680909090908,0.5857996899330331,0.5842507157562727,True
Armenian_WGA,nucl1235,3,12,7,0.5442423333333334,9,0.232115,0.7763573333333333,0.6141642696627777,0.6134764354176666,True
Ashkenazi_Jew,east2295,8,12,7,0.46169487499999995,9,0.441825,0.903519875,0.586912754365297,0.5768207057756249,True
Azeri_Azerbajan,nort2697,9,12,7,0.46142677777777785,9,0.24203611111111112,0.703462888888889,0.6696910530762963,0.6687675628286667,True
Azeri_Dagestan,nort2697,7,12,7,0.40273,9,0.3152405714285714,0.7179705714285713,0.6789490179461225,0.6769103748759999,True
Azeri_WGA,nort2697,2,12,7,0.4562695,10,0.2695825,0.7258519999999999,0.6674836867835,0.667301383719,True
BantuSA_Zulu,zulu1248,1,12,2,0.860618,1,0.136,0.996618,0.24082982649500007,0.24082982649500007,True
Bashkir_IkskoBelsky_Kyrgyz,bash1264,6,12,9,0.6001846666666667,5,0.18968233333333331,0.789867,0.5914772405070555,0.5899344711233333,True
Bashkir_IkskoBelsky_Uran,bash1264,8,12,9,0.6161265,5,0.19716225,0.81328875,0.5713790176547031,0.5699549552351251,True
Bashkir_Ming_Miyakinsky,bash1264,9,12,9,0.5483603333333333,5,0.22756244444444443,0.7759227777777777,0.6336044033348642,0.6285399004237777,True
Bashkir_North_Tabyn_Balysky,bash1264,7,12,9,0.5476608571428572,5,0.2386352857142857,0.7862961428571429,0.6314265177285714,0.6280801156968572,True
Bashkir_North_Unlar,bash1264,4,12,9,0.5857559999999999,5,0.21912749999999998,0.8048834999999999,0.5983360030151876,0.59769806585925,True
Bashkir_Tamyan_Kypcak,bash1264,7,12,9,0.4424347142857143,5,0.30907814285714286,0.7515128571428571,0.6922365922460001,0.6913197858877143,True
Belarusian,bela1254,10,12,9,0.8754839999999999,7,0.0767536,0.9522375999999999,0.22687085375898008,0.22565946686859997,True
Bulgarian,bulg1262,10,12,9,0.6300463999999999,7,0.3078522,0.9378985999999999,0.5057773231731001,0.5037613836575999,True
Czech,czec1258,10,12,9,0.8194217000000001,7,0.1460517,0.9654734000000001,0.3067219781659898,0.3059520491642999,True
English_Cornwall,stan1293,5,12,9,0.8121778000000001,7,0.16818560000000002,0.9803634000000001,0.3118979418710398,0.31152743158519997,True
English_Kent,stan1293,5,12,9,0.8134286,7,0.1661486,0.9795771999999999,0.31045286757776,0.3099706873368,True
Estonian,esto1258,10,12,9,0.9313775999999999,5,0.0220543,0.9534318999999999,0.13139435371700015,0.1303736242834,False
Ezid,nort2641,7,12,7,0.4719218571428571,10,0.2666664285714286,0.7385882857142857,0.6516453198326531,0.6510320558568573,True
Finnish,finn1318,8,12,9,0.864372625,5,0.069358125,0.93373075,0.24649447566057814,0.24220148172612493,True
French_Central,stan1290,26,12,9,0.745818653846154,7,0.2305154230769231,0.976334076923077,0.3903889300214539,0.3873637757691154,True
French_East,stan1290,10,12,9,0.7506929999999999,7,0.2234527,0.9741457,0.38630288083188014,0.3845081799248,True
French_Northwest,stan1290,10,12,9,0.7467103,7,0.20995690000000003,0.9566672,0.3978398293743899,0.39415016499569994,True
French_South,stan1290,7,12,9,0.722308142857143,7,0.27295642857142854,0.9952645714285715,0.40375952815902016,0.40324820005428563,True
French_West,stan1290,10,12,9,0.8251464000000001,7,0.1519053,0.9770517000000001,0.2957864378414399,0.2946376328994001,True
Georgian,nucl1302,12,12,7,0.4886743333333334,9,0.27370866666666666,0.762383,0.6336112254144652,0.6327599734594167,True
German_Lipsian,stan1295,10,12,9,0.8238628,7,0.14929830000000002,0.9731611,0.2985848413465899,0.29726922516369997,True
Hungarian1,hung1274,10,12,9,0.7777016000000001,7,0.18327290000000002,0.9609745000000001,0.36104094210578974,0.36022064351509997,True
Hungarian2,hung1274,10,12,9,0.7588143999999999,7,0.1906637,0.9494780999999999,0.3867225589929303,0.38495917937409996,True
Icelandic,icel1247,12,12,9,0.8612814166666666,7,0.11207449999999998,0.9733559166666665,0.24532092010407658,0.24462060107491665,True
Iran_Non-Zoroastrian_Fars,west2369,17,12,7,0.4446588235294118,10,0.31358235294117653,0.7582411764705883,0.6581149870780554,0.6558120492019999,True
Irish_Cork_Kerry,iris1253,6,12,9,0.8380195,7,0.13738183333333334,0.9754013333333333,0.2784872838224165,0.27772883995183323,True
Irish_Leinster,iris1253,6,12,9,0.8373471666666665,7,0.13123583333333336,0.9685829999999999,0.28107011861555586,0.2804059973019999,True
Kabardinian,kaba1278,10,12,9,0.4274806,7,0.3204784,0.747959,0.67867667739377,0.6498730398237,True
Kurd,nort2641,9,12,7,0.43811700000000003,9,0.2659485555555556,0.7040655555555556,0.669462491218716,0.6186230797102222,True
Kurd_WGA,nort2641,2,12,7,0.5784365,9,0.219671,0.7981075,0.5983051422357499,0.5982518406515,True
Lithuanian,lith1251,10,12,9,0.9482366000000001,7,0.024826200000000003,0.9730628000000001,0.10002060230589982,0.09923373977479996,False
Mala,telu1262,16,12,10,0.7535656875000001,6,0.16953143750000002,0.9230971250000001,0.4003626229823124,0.39979940569149996,True
Norwegian,norw1258,11,12,9,0.8517727272727273,7,0.11675100000000001,0.9685237272727274,0.2604862602601734,0.25988400591572736,True
Polish_Lublin,poli1260,8,12,9,0.84862175,7,0.117974125,0.966595875,0.26545248729214077,0.263354962471125,True
Polish_Poznan,poli1260,15,12,9,0.8639474666666668,7,0.10427919999999997,0.9682266666666668,0.24239400440067105,0.2414814500203333,True
Romanian,roma1327,10,12,9,0.6684343,7,0.27273040000000004,0.9411647000000001,0.4770939778253399,0.475586329195,True
Russian,russ1263,23,12,9,0.8419767826086957,5,0.07046104347826086,0.9124378260869566,0.2837620933561983,0.2828251558679565,True
Russian_Archangelsk_Krasnoborsky,russ1263,6,12,9,0.8497410000000002,5,0.083928,0.9336690000000002,0.2694957652381387,0.2683494796285,True
Russian_Archangelsk_Leshukonsky,russ1263,5,12,9,0.8162944,5,0.13780019999999998,0.9540945999999999,0.3139110486213601,0.31331397421679996,True
Russian_Archangelsk_Pinezhsky,russ1263,5,12,9,0.8486461999999999,5,0.1073172,0.9559633999999999,0.2678014151068002,0.267493535732,True
Russian_Belgorod,russ1263,4,12,9,0.84767875,7,0.10682324999999998,0.954502,0.2692711356656874,0.2684124544567499,True
Russian_Kaluga,russ1263,5,12,9,0.8701933999999998,7,0.063008,0.9332013999999997,0.23757794787648034,0.23622568646720002,True
Russian_Kursk,russ1263,4,12,9,0.85296975,7,0.08914275,0.9421125,0.2632366856408126,0.26171433053474996,True
Russian_Oryol,russ1263,4,12,9,0.84562575,7,0.09053225,0.9361579999999999,0.2749348346995001,0.2741917292275,True
Russian_Pskov_Ostrov,russ1263,4,12,9,0.91673125,7,0.03907025,0.9558015,0.15736215172412493,0.15645589779449992,False
Russian_Pskov_Porkhov,russ1263,3,12,9,0.8804213333333334,7,0.059393,0.9398143333333334,0.22019016239944433,0.21912008482700004,True
Russian_Ryazan_Mihailovsky,russ1263,5,12,9,0.8399574,7,0.0785026,0.9184599999999999,0.28616994815656005,0.28577014140120005,True
Russian_Ryazan_Spassk_Ryazansky,russ1263,8,12,9,0.8401877499999999,7,0.06771587500000001,0.9079036249999999,0.2864384283685001,0.28395861816375007,True
Russian_Smolensk,russ1263,7,12,9,0.8724407142857143,7,0.08031685714285715,0.9527575714285715,0.2315586101355509,0.23092728359657144,True
Russian_Tver,russ1263,4,12,9,0.8466545,7,0.068735,0.9153895,0.2762985884724375,0.27511339951174996,True
Russian_Yaroslavl,russ1263,3,12,9,0.8763359999999999,7,0.048750666666666664,0.9250866666666666,0.2276428119142223,0.2271493522966667,False
Saami,nort2671,3,12,9,0.7434543333333333,5,0.21108399999999997,0.9545383333333333,0.4017348992476667,0.4002040615556666,True
Spanish_Balearic,stan1288,4,12,9,0.64053225,7,0.33566775,0.9762,0.47689476007175,0.474015992888,True
Spanish_Cataluna,stan1289,5,12,9,0.6814696,7,0.3026012,0.9840708,0.44393424297492,0.4434114322438,True
Spanish_Galicia,gali1258,5,12,9,0.643247,7,0.327156,0.970403,0.4787965099661601,0.4781669389344,True
Spanish_Valencia,stan1289,5,12,9,0.6602324,7,0.31760439999999995,0.9778368,0.46309694383384004,0.4621906589504,True
Tatar_Kazan,tata1255,13,12,9,0.6346586153846153,5,0.14635369230769232,0.7810123076923077,0.5619846893957456,0.5609402116622308,True
Tatar_Mishar,tata1255,9,12,9,0.6967973333333333,5,0.11514955555555556,0.8119468888888888,0.48950037724764206,0.4880622368981111,True
Turkish_Adana,nucl1301,10,12,7,0.4975811,9,0.26189209999999996,0.7594732,0.6500267585536801,0.6396804895141999,True
Turkish_Aydin,nucl1301,10,12,7,0.4082393000000001,9,0.34465809999999997,0.7528974,0.6911559637986799,0.6787610980866,True
Turkish_Balikesir,nucl1301,11,12,7,0.40796263636363633,9,0.3589577272727273,0.7669203636363636,0.6843868427033057,0.6780545935923636,True
Turkish_Istanbul,nucl1301,11,12,7,0.40424245454545454,9,0.3718334545454546,0.7760759090909091,0.6716489153592726,0.648782363768,True
Turkish_Kayseri,nucl1301,10,12,7,0.4851014,9,0.2751019,0.7602033,0.6532446720558199,0.651895400764,True
Turkish_Trabzon,nucl1301,10,12,7,0.5538516,9,0.2563503,0.8102019,0.59508118512387,0.5932535089373,True
Bergamo,ital1282,13,12,9,0.6191583076923077,7,0.35803061538461545,0.9771889230769232,0.48811517379541414,0.48714646821407687,True
Tuscan,ital1282,8,12,9,0.5529208750000001,7,0.40656225,0.9594831250000001,0.5276817818018437,0.527138045424,True
Ukrainian_East,ukra1253,6,12,9,0.8505775,7,0.09291866666666666,0.9434961666666667,0.26664375950672226,0.2656723192136666,True
Ukrainian_Rovenskaya,ukra1253,3,12,9,0.8583706666666666,7,0.10409433333333333,0.9624649999999999,0.2518033150195558,0.25125272393866666,True
Ukrainian_Sumskaya,ukra1253,5,12,9,0.8597618,7,0.09861860000000001,0.9583804,0.25048209855756,0.24986198925780007,True
Ukrainian_West,ukra1253,3,12,9,0.8058283333333334,7,0.13681733333333332,0.9426456666666667,0.33088899480666656,0.3302807556753333,True
Ukrainian_Zhitomirskaya,ukra1253,3,12,9,0.8460869999999999,7,0.10211266666666667,0.9481996666666666,0.2727699440946668,0.27127625881733325,True
Adygei,adyg1241,18,13,6,0.44538,11,0.28867899999999996,0.734059,0.6743044328128209,0.6681734800701111,True
Adygei_Mamkheg,adyg1241,4,13,6,0.4562325,11,0.27141000000000004,0.7276425,0.6707830124103125,0.66795714095425,True
Armenian,nucl1235,11,13,6,0.45350154545454546,7,0.4023594545454545,0.855861,0.6137308156483636,0.6122262688205453,True
Armenian_WGA,nucl1235,3,13,6,0.43691566666666665,7,0.433443,0.8703586666666667,0.6074956671487777,0.6070803922223332,True
Ashkenazi_Jew,east2295,8,13,11,0.40943225,7,0.37211862500000004,0.781550875,0.6571845170396093,0.6476228706566249,True
Azeri_Azerbajan,nort2697,9,13,6,0.44231722222222225,7,0.3166498888888889,0.7589671111111111,0.6780391951556913,0.6769107974316666,True
Azeri_Dagestan,nort2697,7,13,6,0.45581471428571435,7,0.2578327142857143,0.7136474285714287,0.6761418297041631,0.6742751956008571,True
Azeri_WGA,nort2697,2,13,6,0.488245,7,0.3714735,0.8597185,0.61497986314475,0.6147758251685,True
BantuSA_Zulu,zulu1248,1,13,9,0.852781,10,0.133671,0.986452,0.25477285467599997,0.25477285467599997,True
Bashkir_IkskoBelsky_Kyrgyz,bash1264,6,13,11,0.562598,8,0.19047083333333334,0.7530688333333334,0.6253641201273055,0.6239136320938333,True
Bashkir_IkskoBelsky_Uran,bash1264,8,13,11,0.577559375,8,0.19764462500000002,0.775204,0.6078914918706876,0.60628558599375,True
Bashkir_Ming_Miyakinsky,bash1264,9,13,11,0.5078195555555555,8,0.22770188888888887,0.7355214444444443,0.6651585278086667,0.6596383732104444,True
Bashkir_North_Tabyn_Balysky,bash1264,7,13,11,0.5086415714285714,8,0.23849014285714285,0.7471317142857142,0.6624078743922859,0.6592413582140001,True
Bashkir_North_Unlar,bash1264,4,13,11,0.5409379999999999,8,0.219338,0.760276,0.6361350393592501,0.6355251053455,True
Bashkir_Tamyan_Kypcak,bash1264,7,13,11,0.40194757142857146,8,0.30857799999999996,0.7105255714285714,0.7147024429293265,0.7136806918975713,True
Belarusian,bela1254,10,13,11,0.8547739,6,0.0719252,0.9266991,0.2619371015339901,0.26070683478010004,True
Bulgarian,bulg1262,10,13,11,0.5970545,7,0.23140719999999998,0.8284617000000001,0.5644822104992699,0.5623600002397,True
Czech,czec1258,10,13,11,0.8005156000000001,7,0.10415909999999999,0.9046747,0.3417691091645598,0.34098103142459996,True
English_Cornwall,stan1293,5,13,11,0.7957284,7,0.12302600000000001,0.9187544,0.34585544123215994,0.3453676053736,True
English_Kent,stan1293,5,13,11,0.7989894,7,0.1249714,0.9239607999999999,0.34093741296136004,0.34018244303879996,True
Estonian,esto1258,10,13,11,0.9115265000000001,6,0.0412064,0.9527329000000001,0.1667587815176298,0.16600682600030003,False
Ezid,nort2641,7,13,6,0.4680987142857143,7,0.3258525714285714,0.7939512857142856,0.6529172302006325,0.6521939971621428,True
Finnish,finn1318,8,13,11,0.8495520000000001,8,0.06965875,0.9192107500000001,0.27149087974801545,0.267599695781375,True
French_Central,stan1290,26,13,11,0.7336916538461539,7,0.18254996153846148,0.9162416153846153,0.422455734782361,0.41931500724723075,True
French_East,stan1290,10,13,11,0.7390776000000001,7,0.17766359999999998,0.9167412000000001,0.41668690323448987,0.4149701796695,True
French_Northwest,stan1290,10,13,11,0.7348991,7,0.16627660000000002,0.9011757,0.42666073394519,0.4230849742465,True
French_South,stan1290,7,13,11,0.7468482857142856,7,0.24313042857142858,0.9899787142857142,0.38303115966220413,0.38253147818199995,True
French_West,stan1290,10,13,11,0.8132092,7,0.11500000000000002,0.9282092,0.3214547877162601,0.320340744447,True
Georgian,nucl1302,12,13,6,0.5226523333333333,7,0.3171003333333333,0.8397526666666666,0.6026323326800627,0.60126058303875,True
German_Lipsian,stan1295,10,13,11,0.8064026999999999,7,0.10813700000000001,0.9145397,0.33216302835440004,0.3309032345988,True
Hungarian1,hung1274,10,13,11,0.7577428,7,0.1346487,0.8923915,0.3994111082318299,0.3982287869187,True
Hungarian2,hung1274,10,13,11,0.737095,7,0.1401214,0.8772164,0.42642850212252004,0.424758739003,True
Icelandic,icel1247,12,13,11,0.8448794999999999,7,0.07649233333333334,0.9213718333333333,0.2758520545171391,0.274896863106,True
Iran_Non-Zoroastrian_Fars,west2369,17,13,6,0.5090487058823528,7,0.29373570588235287,0.8027844117647057,0.6384403646346715,0.6354134794107058,True
Irish_Cork_Kerry,iris1253,6,13,11,0.8193615000000002,7,0.09690183333333334,0.9162633333333335,0.31326174629752745,0.31241964590183335,True
Irish_Leinster,iris1253,6,13,11,0.8163376666666667,7,0.08984033333333334,0.906178,0.3184000588337499,0.3175442144774999,True
Kabardinian,kaba1278,10,13,6,0.38148649999999995,11,0.3398875,0.721374,0.69838088700647,0.6590558546119001,True
Kurd,nort2641,9,13,6,0.46132622222222225,7,0.2985972222222222,0.7599234444444445,0.6668938354337159,0.619466723491,True
Kurd_WGA,nort2641,2,13,7,0.5655844999999999,11,0.231632,0.7972165,0.6058817075435,0.6056475347129999,True
Lithuanian,lith1251,10,13,11,0.9289122000000001,6,0.041653300000000004,0.9705655000000001,0.13516980481401975,0.13456011185440003,False
Mala,telu1262,16,13,12,0.5877829375,6,0.39892225000000003,0.9867051875,0.49531636086189057,0.4947699432935,True
Norwegian,norw1258,11,13,11,0.8362090909090909,7,0.08150536363636364,0.9177144545454545,0.28966089362808256,0.2889943812889091,True
Polish_Lublin,poli1260,8,13,11,0.82684125,6,0.082339375,0.909180625,0.3035304139313594,0.30148468257587496,True
Polish_Poznan,poli1260,15,13,11,0.8447221333333335,6,0.0697616,0.9144837333333334,0.2767308747099332,0.2757472468526,True
Romanian,roma1327,10,13,11,0.6439407,7,0.2079552,0.8518959,0.5253139881070199,0.5239003511328,True
Russian,russ1263,23,13,11,0.8165789565217392,8,0.07111647826086956,0.8876954347826087,0.3226385538015859,0.32183745026447824,True
Russian_Archangelsk_Krasnoborsky,russ1263,6,13,11,0.8318586666666667,8,0.08433216666666667,0.9161908333333334,0.2983670791928331,0.2975225386810001,True
Russian_Archangelsk_Leshukonsky,russ1263,5,13,11,0.7874468,8,0.1389304,0.9263772,0.35805688456820006,0.3570678709330001,True
Russian_Archangelsk_Pinezhsky,russ1263,5,13,11,0.8228530000000001,8,0.1079682,0.9308212,0.3093371070701598,0.30894308222320005,True
Russian_Belgorod,russ1263,4,13,11,0.8261965,6,0.07547675000000001,0.90167325,0.30672888023300005,0.305931459039,True
Russian_Kaluga,russ1263,5,13,11,0.847058,6,0.0670096,0.9140676,0.2759250392725201,0.27452253165939994,True
Russian_Kursk,russ1263,4,13,11,0.8317012500000001,6,0.0743265,0.90602775,0.2989842754821248,0.29767828373249994,True
Russian_Oryol,russ1263,4,13,11,0.822035,6,0.07868499999999999,0.90072,0.31366599179462507,0.31311215951500004,True
Russian_Pskov_Ostrov,russ1263,4,13,11,0.89893,6,0.052272250000000006,0.95120225,0.1884568443499376,0.18748169357874997,True
Russian_Pskov_Porkhov,russ1263,3,13,11,0.8626679999999999,6,0.05516566666666667,0.9178336666666665,0.2506335553906669,0.24967477016266673,True
Russian_Ryazan_Mihailovsky,russ1263,5,13,11,0.8155151999999999,6,0.08487960000000001,0.9003947999999999,0.32452192105520017,0.32386406975199994,True
Russian_Ryazan_Spassk_Ryazansky,russ1263,8,13,11,0.8154738749999999,6,0.08251199999999999,0.8979858749999999,0.3247418530835158,0.32186366450512505,True
Russian_Smolensk,russ1263,7,13,11,0.8505104285714287,6,0.07430057142857142,0.924811,0.26842670164081617,0.26775705687285717,True
Russian_Tver,russ1263,4,13,11,0.823288,6,0.07150100000000001,0.8947890000000001,0.313785157330875,0.3125621959885,True
Russian_Yaroslavl,russ1263,3,13,11,0.8562896666666666,6,0.060192,0.9164816666666666,0.26083266682388895,0.2601530823183334,True
Saami,nort2671,3,13,11,0.7281789999999999,8,0.21118433333333334,0.9393633333333332,0.42382438654155563,0.42232793722733325,True
Spanish_Balearic,stan1288,4,13,11,0.6321337499999999,7,0.27796975,0.9101035,0.5167279753188125,0.51395782181475,True
Spanish_Cataluna,stan1289,5,13,11,0.6858105999999999,7,0.2604076,0.9462181999999999,0.45977674663604007,0.45888165605780007,True
Spanish_Galicia,gali1258,5,13,11,0.6488454,7,0.2859314,0.9347768000000001,0.49518021724860006,0.494199952629,True
Spanish_Valencia,stan1289,5,13,11,0.6669707999999999,7,0.2764896,0.9434603999999999,0.47684054871804016,0.4754772232614,True
Tatar_Kazan,tata1255,13,13,11,0.5985445384615384,8,0.147264,0.7458085384615385,0.5980456726666686,0.5967333884968462,True
Tatar_Mishar,tata1255,9,13,11,0.6664916666666667,8,0.1159727777777778,0.7824644444444445,0.5255370746568024,0.5239266469707777,True
Turkish_Adana,nucl1301,10,13,7,0.3676902,6,0.36123269999999996,0.7289228999999999,0.694771547899,0.6833876947152,True
Turkish_Aydin,nucl1301,10,13,7,0.29751310000000003,6,0.29464940000000006,0.5921625000000001,0.73711257737565,0.7214728816110999,False
Turkish_Balikesir,nucl1301,11,13,11,0.30352590909090904,7,0.3013255454545455,0.6048514545454545,0.7340428916484711,0.7270184454168181,False
Turkish_Istanbul,nucl1301,11,13,6,0.31964600000000004,11,0.3100850909090909,0.629731090909091,0.7164893359756777,0.6860582488404545,False
Turkish_Kayseri,nucl1301,10,13,6,0.3764317,7,0.3494319,0.7258636,0.6931429968984499,0.6915302155167,True
Turkish_Trabzon,nucl1301,10,13,6,0.4321003,7,0.38639,0.8184903,0.63578640529384,0.6337707273056,True
Bergamo,ital1282,13,13,11,0.6049861538461538,7,0.28795453846153846,0.8929406923076924,0.5400747564756332,0.5389633127764616,True
Tuscan,ital1282,8,13,11,0.525703125,7,0.3216108750000001,0.8473140000000001,0.597467292312953,0.596556296477375,True
Ukrainian_East,ukra1253,6,13,11,0.8241418333333335,6,0.09221683333333335,0.9163586666666668,0.30902978058097197,0.30813434170616677,True
Ukrainian_Rovenskaya,ukra1253,3,13,11,0.8382016666666666,6,0.075268,0.9134696666666666,0.2871144331290001,0.28621698756633335,True
Ukrainian_Sumskaya,ukra1253,5,13,11,0.8366165999999999,6,0.0792752,0.9158917999999999,0.28978916741652017,0.2892097705386,True
Ukrainian_West,ukra1253,3,13,11,0.7839193333333333,7,0.09441033333333333,0.8783296666666667,0.36818981867122225,0.3674934968803334,True
Ukrainian_Zhitomirskaya,ukra1253,3,13,11,0.8225163333333333,6,0.08663900000000001,0.9091553333333333,0.3116768722994445,0.31016951263699993,True
Adygei,adyg1241,18,14,12,0.445166388888889,11,0.28803461111111106,0.733201,0.6745714233853796,0.6684393785926112,True
Adygei_Mamkheg,adyg1241,4,14,12,0.455974,11,0.27072775000000004,0.72670175,0.6711104004068125,0.66827561188625,True
Armenian,nucl1235,11,14,12,0.4531998181818182,4,0.40306254545454545,0.8562623636363637,0.6135821982704959,0.6120778468805453,True
Armenian_WGA,nucl1235,3,14,12,0.4363786666666667,4,0.4326173333333334,0.8689960000000001,0.6087413926214443,0.608294308229,True
Ashkenazi_Jew,east2295,8,14,11,0.40899175,4,0.37256025000000004,0.781552,0.6572800320269844,0.647721100753125,True
Azeri_Azerbajan,nort2697,9,14,12,0.44192244444444445,4,0.31725733333333334,0.7591797777777778,0.678171834003963,0.6770402360358889,True
Azeri_Dagestan,nort2697,7,14,12,0.4554937142857143,4,0.25851285714285716,0.7140065714285715,0.6763458613617144,0.6744782403082857,True
Azeri_WGA,nort2697,2,14,12,0.48806550000000004,4,0.37035700000000005,0.8584225000000001,0.6159530986692499,0.6157626368525,True
BantuSA_Zulu,zulu1248,1,14,2,0.852745,5,0.133696,0.986441,0.2548275809899999,0.2548275809899999,True
Bashkir_IkskoBelsky_Kyrgyz,bash1264,6,14,11,0.5620904999999999,14,0.190508,0.7525985,0.6258773758315557,0.6244289231456667,True
Bashkir_IkskoBelsky_Uran,bash1264,8,14,11,0.577168375,14,0.19759725,0.7747656249999999,0.608361789467375,0.60674960101275,True
Bashkir_Ming_Miyakinsky,bash1264,9,14,11,0.5073734444444445,14,0.22762433333333332,0.7349977777777779,0.6656011596183826,0.6600743808230001,True
Bashkir_North_Tabyn_Balysky,bash1264,7,14,11,0.5082840000000001,14,0.2383761428571429,0.746660142857143,0.6627697994723265,0.6596059089,True
Bashkir_North_Unlar,bash1264,4,14,11,0.5405295,14,0.2193405,0.75987,0.6365482819061874,0.63593978949575,True
Bashkir_Tamyan_Kypcak,bash1264,7,14,11,0.4015798571428571,14,0.3084478571428571,0.7100277142857142,0.7150086696782654,0.7139896038795713,True
Belarusian,bela1254,10,14,11,0.8541998,12,0.0720861,0.9262859,0.26285794157396003,0.26162763397120004,True
Bulgarian,bulg1262,10,14,11,0.5965448000000001,4,0.23186140000000002,0.8284062000000001,0.5649055520445598,0.5627870582262,True
Czech,czec1258,10,14,11,0.7999641,4,0.1046058,0.9045698999999999,0.3425454717194901,0.34175646028569995,True
English_Cornwall,stan1293,5,14,11,0.7951384,4,0.123478,0.9186164,0.3466647647969999,0.346179753439,True
English_Kent,stan1293,5,14,11,0.7984238,4,0.125393,0.9238168,0.3417253615596799,0.340970660906,True
Estonian,esto1258,10,14,11,0.9111172,12,0.04136530000000001,0.9524825,0.16749030728572,0.1667344595646,False
Ezid,nort2641,7,14,12,0.46769542857142854,4,0.32646114285714284,0.7941565714285714,0.6530776931179592,0.6523535378594286,True
Finnish,finn1318,8,14,11,0.849162875,14,0.069700125,0.918863,0.27212589395001574,0.26821755136412506,True
French_Central,stan1290,26,14,11,0.7331688461538464,4,0.18296623076923077,0.9161350769230772,0.4230685761679479,0.4199274285478076,True
French_East,stan1290,10,14,11,0.7385809,4,0.17808,0.9166609,0.41727596972362,0.41555913100939995,True
French_Northwest,stan1290,10,14,11,0.7344009,4,0.1666626,0.9010635,0.4272639475829799,0.4236879511714001,True
French_South,stan1290,7,14,11,0.7463782857142858,4,0.243522,0.9899002857142858,0.38354252789702037,0.38304308571599993,True
French_West,stan1290,10,14,11,0.8126773,4,0.1154373,0.9281146,0.3222157664159899,0.32110165616129993,True
Georgian,nucl1302,12,14,12,0.5222546666666666,4,0.31744100000000003,0.8396956666666666,0.6030206769462778,0.601684293823,True
German_Lipsian,stan1295,10,14,11,0.8058767,4,0.1085264,0.9144031,0.33291898870465,0.33166041931589996,True
Hungarian1,hung1274,10,14,11,0.7571937999999998,4,0.1351034,0.8922971999999998,0.4001111004266502,0.3989279410865,True
Hungarian2,hung1274,10,14,11,0.7365174999999999,4,0.1405556,0.8770730999999999,0.42714137654628015,0.42547189311339995,True
Icelandic,icel1247,12,14,11,0.8443050833333333,4,0.07695933333333332,0.9212644166666666,0.2767409625498056,0.27578582154033326,True
Iran_Non-Zoroastrian_Fars,west2369,17,14,12,0.5086998235294117,4,0.29438764705882353,0.8030874705882352,0.6385385087393426,0.6355122381392942,True
Irish_Cork_Kerry,iris1253,6,14,11,0.8187566666666667,4,0.09733883333333333,0.9160955000000001,0.31414558202744436,0.3133047067423333,True
Irish_Leinster,iris1253,6,14,11,0.8157869999999999,4,0.09028816666666667,0.9060751666666667,0.31920585772863896,0.3183498008218333,True
Kabardinian,kaba1278,10,14,12,0.3813082,11,0.33927090000000004,0.7205791,0.69873070806425,0.6594221579617,True
Kurd,nort2641,9,14,12,0.4610538888888888,4,0.2991881111111112,0.7602420000000001,0.6669812617120741,0.6195173374935555,True
Kurd_WGA,nort2641,2,14,4,0.565546,11,0.2314975,0.7970435,0.60599944059475,0.6057661358655,True
Lithuanian,lith1251,10,14,11,0.92843,12,0.041811100000000004,0.9702411,0.13604765720002998,0.13543638881770007,False
Mala,telu1262,16,14,6,0.5879033749999998,12,0.39854599999999996,0.9864493749999997,0.4954759352739886,0.4949277830769375,True
Norwegian,norw1258,11,14,11,0.8356338181818181,4,0.08193272727272725,0.9175665454545454,0.2905368312469174,0.2898707422593636,True
Polish_Lublin,poli1260,8,14,11,0.82625375,12,0.08244399999999999,0.90869775,0.3044217571654375,0.30237237601199995,True
Polish_Poznan,poli1260,15,14,11,0.8441714666666668,12,0.06984713333333332,0.9140186000000001,0.2775918871045865,0.27660957862053337,True
Romanian,roma1327,10,14,11,0.6434211000000001,4,0.20840799999999998,0.8518291,0.5258111656066299,0.5243983435580999,True
Russian,russ1263,23,14,11,0.8161059999999999,14,0.07112926086956524,0.8872352608695652,0.3233817473813272,0.32257743686756524,True
Russian_Archangelsk_Krasnoborsky,russ1263,6,14,11,0.8314865,14,0.0843045,0.915791,0.29897468876049993,0.29812221524933324,True
Russian_Archangelsk_Leshukonsky,russ1263,5,14,11,0.7870816,14,0.13898300000000002,0.9260646000000001,0.35859860521003994,0.35761212302339995,True
Russian_Archangelsk_Pinezhsky,russ1263,5,14,11,0.8225706,14,0.10803860000000001,0.9306092,0.30976745791452,0.30937332080540003,True
Russian_Belgorod,russ1263,4,14,11,0.8256304999999999,12,0.07557775,0.9012082499999999,0.3075968979035626,0.30680107985975,True
Russian_Kaluga,russ1263,5,14,11,0.8465628000000001,12,0.06714,0.9137028,0.27673308820587983,0.275343178963,True
Russian_Kursk,russ1263,4,14,11,0.83114325,12,0.07443725000000001,0.9055805,0.2998488540379376,0.29854161847625005,True
Russian_Oryol,russ1263,4,14,11,0.82144675,12,0.07885225000000001,0.900299,0.314563422692125,0.3140137260875,True
Russian_Pskov_Ostrov,russ1263,4,14,11,0.8984535,12,0.0524295,0.950883,0.18928537677393742,0.18830529386874997,True
Russian_Pskov_Porkhov,russ1263,3,14,11,0.8621936666666666,12,0.055216999999999995,0.9174106666666666,0.25143073554455564,0.25047182194499995,True
Russian_Ryazan_Mihailovsky,russ1263,5,14,11,0.8149781999999999,12,0.0849796,0.8999577999999999,0.3253542197684003,0.3246956735492,True
Russian_Ryazan_Spassk_Ryazansky,russ1263,8,14,11,0.81492025,12,0.082676125,0.897596375,0.3255949571098281,0.32272250698137506,True
Russian_Smolensk,russ1263,7,14,11,0.8499817142857143,12,0.0743822857142857,0.9243640000000001,0.26927503410342857,0.2686060680354285,True
Russian_Tver,russ1263,4,14,11,0.82275725,12,0.0716735,0.8944307499999999,0.31460230406875,0.3133845958135,True
Russian_Yaroslavl,russ1263,3,14,11,0.8557306666666668,12,0.06037100000000001,0.9161016666666668,0.26175085121644437,0.2610729290393332,True
Saami,nort2671,3,14,11,0.7276883333333334,14,0.21132066666666663,0.939009,0.4244856782948888,0.42298235439533344,True
Spanish_Balearic,stan1288,4,14,11,0.63166875,4,0.278371,0.9100397499999999,0.5170930222905,0.5143182048805,True
Spanish_Cataluna,stan1289,5,14,11,0.6853484,4,0.2608284,0.9461767999999999,0.4601906183051999,0.4592941357443999,True
Spanish_Galicia,gali1258,5,14,11,0.648419,4,0.2863238,0.9347428,0.4955103896510801,0.4945316186714,True
Spanish_Valencia,stan1289,5,14,11,0.6665368,4,0.2768656,0.9434024000000001,0.47721078265576,0.47584601666839993,True
Tatar_Kazan,tata1255,13,14,11,0.5980582307692308,14,0.14721792307692308,0.7452761538461539,0.5986020143518461,0.5972883092255384,True
Tatar_Mishar,tata1255,9,14,11,0.6659951111111111,14,0.11590122222222221,0.7818963333333333,0.5261607768005926,0.5245472189648889,True
Turkish_Adana,nucl1301,10,14,4,0.368251,12,0.3609528,0.7292038000000001,0.6947618884346,0.6833798842344,True
Turkish_Aydin,nucl1301,10,14,4,0.2980141,12,0.2944622,0.5924763,0.73720724959731,0.7215877840597,False
Turkish_Balikesir,nucl1301,11,14,11,0.3030385454545455,4,0.3018334545454546,0.6048720000000001,0.7341483655680908,0.727121209355,False
Turkish_Istanbul,nucl1301,11,14,12,0.31942954545454544,11,0.30957199999999996,0.6290015454545455,0.7166144318184298,0.6861972995998182,False
Turkish_Kayseri,nucl1301,10,14,12,0.37609419999999993,4,0.3499856,0.7260797999999999,0.6932290829941701,0.6916099148948999,True
Turkish_Trabzon,nucl1301,10,14,12,0.431817,4,0.3871194,0.8189364,0.6356557583914999,0.6336381946432,True
Bergamo,ital1282,13,14,11,0.6044766153846154,4,0.2884426923076923,0.8929193076923077,0.5404094598564437,0.5392981874262307,True
Tuscan,ital1282,8,14,11,0.525202,4,0.3221005,0.8473025,0.5976833495585625,0.5967692705302501,True
Ukrainian_East,ukra1253,6,14,11,0.8235813333333333,12,0.09235066666666668,0.915932,0.3098847035709724,0.3089886245898333,True
Ukrainian_Rovenskaya,ukra1253,3,14,11,0.8376389999999999,12,0.07539333333333334,0.9130323333333332,0.287983413849889,0.2870865732316667,True
Ukrainian_Sumskaya,ukra1253,5,14,11,0.83603,12,0.079425,0.915455,0.29069526002059987,0.2901159449234,True
Ukrainian_West,ukra1253,3,14,11,0.7833896666666668,4,0.09486366666666668,0.8782533333333334,0.3689093961763331,0.3682150419916666,True
Ukrainian_Zhitomirskaya,ukra1253,3,14,11,0.8219533333333334,12,0.08674133333333334,0.9086946666666668,0.31252879197355543,0.311021014266,True
Adygei,adyg1241,18,15,14,0.4468818888888889,12,0.28880322222222227,0.7356851111111111,0.6741627861047068,0.6680685005289445,True
Adygei_Mamkheg,adyg1241,4,15,14,0.45735425,12,0.272356,0.72971025,0.670252823879125,0.6674151772679999,True
Armenian,nucl1235,11,15,14,0.45365872727272727,7,0.40194754545454553,0.8556062727272729,0.6140156389253884,0.6124907036170909,True
Armenian_WGA,nucl1235,3,15,14,0.43656266666666665,7,0.43227666666666664,0.8688393333333333,0.6089652201255555,0.6085023160346666,True
Ashkenazi_Jew,east2295,8,15,12,0.41272712500000003,7,0.36712887499999997,0.779856,0.6578567650573437,0.64809861587525,True
Azeri_Azerbajan,nort2697,9,15,14,0.44249588888888897,7,0.3151564444444444,0.7576523333333334,0.6782675631766543,0.6770174383663333,True
Azeri_Dagestan,nort2697,7,15,14,0.45694214285714285,7,0.256081,0.7130231428571429,0.6760685952203469,0.6741508938847142,True
Azeri_WGA,nort2697,2,15,14,0.4895505,7,0.371557,0.8611075,0.6142556925775,0.614047578674,True
BantuSA_Zulu,zulu1248,1,15,4,0.852761,13,0.133694,0.986455,0.25480178914599994,0.25480178914599994,True
Bashkir_IkskoBelsky_Kyrgyz,bash1264,6,15,12,0.5576606666666666,10,0.1598485,0.7175091666666666,0.6373561576170279,0.6358194406688332,True
Bashkir_IkskoBelsky_Uran,bash1264,8,15,12,0.5700738750000001,10,0.17621475,0.746288625,0.6215090881108905,0.6198599569848751,True
Bashkir_Ming_Miyakinsky,bash1264,9,15,12,0.5012708888888888,10,0.1911342222222222,0.692405111111111,0.6814253117857655,0.6757821364105556,False
Bashkir_North_Tabyn_Balysky,bash1264,7,15,12,0.5026385714285715,10,0.19262871428571432,0.6952672857142859,0.6798555378232652,0.6767143202834286,False
Bashkir_North_Unlar,bash1264,4,15,12,0.534776,10,0.18244725,0.71722325,0.6514634726049999,0.650919250606,True
Bashkir_Tamyan_Kypcak,bash1264,7,15,12,0.39562914285714285,10,0.24048628571428576,0.6361154285714286,0.7403593978893878,0.7392026491808571,False
Belarusian,bela1254,10,15,12,0.8566567,14,0.07686910000000001,0.9335258000000001,0.25862985201419986,0.25742085861439995,True
Bulgarian,bulg1262,10,15,12,0.5998938,7,0.2246879,0.8245817,0.5632353577509499,0.5610583016751,True
Czech,czec1258,10,15,12,0.8034713,7,0.0952783,0.8987496,0.3380252042776499,0.33724732864889995,True
English_Cornwall,stan1293,5,15,12,0.799794,7,0.1137022,0.9134962,0.3409154191962799,0.34046040302979996,True
English_Kent,stan1293,5,15,12,0.8029911999999999,7,0.1157572,0.9187483999999999,0.3361041423640001,0.33531129704800006,True
Estonian,esto1258,10,15,12,0.9084108000000001,14,0.0456321,0.9540429,0.17189929744705978,0.17129504990640002,False
Ezid,nort2641,7,15,14,0.4692111428571429,7,0.3284127142857143,0.7976238571428571,0.6519424028319591,0.6512222442028571,True
Finnish,finn1318,8,15,12,0.84488125,10,0.0745725,0.9194537500000001,0.2785344684480624,0.2748334692085,True
French_Central,stan1290,26,15,12,0.7384850384615382,7,0.17363007692307694,0.9121151153846152,0.41811830378375026,0.41490252988234616,True
French_East,stan1290,10,15,12,0.7434677,7,0.16895480000000002,0.9124224999999999,0.41272455463667,0.41099349837870003,True
French_Northwest,stan1290,10,15,12,0.7391114999999999,7,0.157582,0.8966934999999999,0.42273185506091004,0.41915168755089993,True
French_South,stan1290,7,15,12,0.7542280000000001,7,0.23314457142857142,0.9873725714285715,0.3766774596234488,0.3761728746052856,True
French_West,stan1290,10,15,12,0.8173673000000001,7,0.1055673,0.9229346000000002,0.3161866480221798,0.31507902781920005,True
Georgian,nucl1302,12,15,14,0.5226839166666668,7,0.3163930833333333,0.8390770000000001,0.603474640816229,0.6020912028329167,True
German_Lipsian,stan1295,10,15,12,0.810322,7,0.0989452,0.9092671999999999,0.32709607956217,0.3258531843277,True
Hungarian1,hung1274,10,15,12,0.7606992000000001,7,0.1262646,0.8869638000000002,0.39639175953564976,0.3951630572575,True
Hungarian2,hung1274,10,15,12,0.7405161,7,0.1317044,0.8722205000000001,0.42289928436566016,0.42122940392319996,True
Icelandic,icel1247,12,15,12,0.848407,14,0.07134575,0.91975275,0.27060020094479154,0.2696226466479999,True
Iran_Non-Zoroastrian_Fars,west2369,17,15,14,0.5096268823529411,7,0.2939196470588235,0.8035465294117645,0.6381580712544672,0.6350891262837058,True
Irish_Cork_Kerry,iris1253,6,15,12,0.8231021666666668,7,0.08734466666666667,0.9104468333333334,0.30809815379122196,0.30723035451666664,True
Irish_Leinster,iris1253,6,15,12,0.8201931666666665,14,0.08844400000000001,0.9086371666666665,0.3129512116752503,0.3120881983121666,True
Kabardinian,kaba1278,10,15,14,0.38359509999999997,12,0.3395301,0.7231251999999999,0.6989511518876901,0.6596532266969,True
Kurd,nort2641,9,15,14,0.4628684444444444,7,0.2986188888888889,0.7614873333333333,0.6667546544704568,0.620827432461,True
Kurd_WGA,nort2641,2,15,7,0.562046,12,0.2354985,0.7975445000000001,0.6081439217179999,0.607905604706,True
Lithuanian,lith1251,10,15,12,0.9284341999999999,14,0.046324699999999996,0.9747588999999999,0.13569637139834023,0.13519640178360004,False
Mala,telu1262,16,15,2,0.5881526875,14,0.3971705625,0.98532325,0.4962929616569687,0.49574154421487493,True
Norwegian,norw1258,11,15,12,0.8395531818181818,7,0.07212245454545453,0.9116756363636364,0.28486004224721495,0.28414461016209086,True
Polish_Lublin,poli1260,8,15,12,0.8299905,14,0.08696499999999999,0.9169554999999999,0.2988568358964221,0.29682003187962497,True
Polish_Poznan,poli1260,15,15,12,0.8474639333333334,14,0.07463360000000001,0.9220975333333333,0.2725473005865243,0.2715424589937333,True
Romanian,roma1327,10,15,12,0.6482417,7,0.20018470000000002,0.8484264,0.52221682263949,0.5208144440875,True
Russian,russ1263,23,15,12,0.8128160000000001,14,0.07601682608695652,0.8888328260869566,0.32772275257548944,0.3269747275009566,True
Russian_Archangelsk_Krasnoborsky,russ1263,6,15,12,0.8273151666666667,10,0.08539616666666666,0.9127113333333334,0.3053300230550555,0.3046176914183333,True
Russian_Archangelsk_Leshukonsky,russ1263,5,15,12,0.7761884,10,0.14522,0.9214084,0.37322864381216003,0.37214252114959995,True
Russian_Archangelsk_Pinezhsky,russ1263,5,15,12,0.8130702000000001,10,0.1159532,0.9290234,0.3231346506724,0.3227406802168,True
Russian_Belgorod,russ1263,4,15,12,0.8270467499999999,14,0.0806905,0.9077372499999999,0.30540116500043757,0.30464466160674997,True
Russian_Kaluga,russ1263,5,15,12,0.8469668,14,0.0729686,0.9199354,0.27555274627996007,0.2740828435294,True
Russian_Kursk,russ1263,4,15,12,0.8326524999999999,14,0.07900575,0.9116582499999999,0.2974123026986877,0.29606976642825,True
Russian_Oryol,russ1263,4,15,12,0.8212335,14,0.08334075,0.9045742499999999,0.31478862246381256,0.31428029678025,True
Russian_Pskov_Ostrov,russ1263,4,15,12,0.89751425,14,0.05716825,0.9546825,0.19050874966800013,0.18967231689050007,True
Russian_Pskov_Porkhov,russ1263,3,15,12,0.8630059999999999,14,0.05970533333333333,0.9227113333333332,0.24979321315677794,0.24885268690500004,True
Russian_Ryazan_Mihailovsky,russ1263,5,15,12,0.8151657999999999,14,0.089314,0.9044798,0.3246955787161202,0.32402203154860004,True
Russian_Ryazan_Spassk_Ryazansky,russ1263,8,15,12,0.815348375,14,0.087421625,0.9027700000000001,0.32461159506509374,0.3217068693785,True
Russian_Smolensk,russ1263,7,15,12,0.8516448571428571,14,0.07888014285714286,0.9305249999999999,0.26640437470181644,0.2657205373455714,True
Russian_Tver,russ1263,4,15,12,0.822187,14,0.07648474999999999,0.89867175,0.314895485406,0.31358745145749994,True
Russian_Yaroslavl,russ1263,3,15,12,0.8573153333333333,14,0.064871,0.9221863333333333,0.2588452131233333,0.25813042185933327,True
Saami,nort2671,3,15,12,0.7151716666666666,10,0.21433033333333332,0.9295019999999999,0.4411917968083333,0.4390707050283334,True
Spanish_Balearic,stan1288,4,15,12,0.6382205,7,0.26952699999999996,0.9077474999999999,0.5134429213679375,0.5105845588542499,True
Spanish_Cataluna,stan1289,5,15,12,0.6915359999999999,7,0.2516934,0.9432293999999999,0.4561040516261601,0.45523176802360005,True
Spanish_Galicia,gali1258,5,15,12,0.6541602,7,0.27759,0.9317502,0.49273601112936005,0.4917621813848,True
Spanish_Valencia,stan1289,5,15,12,0.6723799999999999,7,0.26788580000000006,0.9402657999999999,0.47405836400412016,0.47261502496779995,True
Tatar_Kazan,tata1255,13,15,12,0.5960581538461539,14,0.1396933846153846,0.7357515384615385,0.605079037026929,0.6036425858116155,True
Tatar_Mishar,tata1255,9,15,12,0.6668937777777777,14,0.1193098888888889,0.7862036666666666,0.5278282811864321,0.5262224525456667,True
Turkish_Adana,nucl1301,10,15,7,0.3653463,14,0.36118799999999995,0.7265343,0.6959390311062401,0.6844244313688,True
Turkish_Aydin,nucl1301,10,15,14,0.2954753,7,0.29345150000000003,0.5889268000000001,0.7379862097062599,0.7223539739596,False
Turkish_Balikesir,nucl1301,11,15,12,0.30616527272727273,7,0.29709609090909095,0.6032613636363637,0.7348870354942892,0.7280517148668181,False
Turkish_Istanbul,nucl1301,11,15,14,0.32094636363636364,12,0.31165245454545454,0.6325988181818182,0.7169797257322562,0.6862564150762727,False
Turkish_Kayseri,nucl1301,10,15,14,0.3768254000000001,7,0.3471104,0.7239358,0.6940733935757499,0.6924092054662999,True
Turkish_Trabzon,nucl1301,10,15,14,0.4323947,7,0.38523959999999996,0.8176342999999999,0.63633913342512,0.6343544818715998,True
Bergamo,ital1282,13,15,12,0.6102655384615384,7,0.2801221538461539,0.8903876923076923,0.5376758474332605,0.5365512339054616,True
Tuscan,ital1282,8,15,12,0.5306968750000001,7,0.31492699999999996,0.845623875,0.5960345753834999,0.59511216307125,True
Ukrainian_East,ukra1253,6,15,12,0.8254011666666666,14,0.097391,0.9227921666666666,0.3067125472528057,0.3057235417258333,True
Ukrainian_Rovenskaya,ukra1253,3,15,12,0.8405276666666667,14,0.07977066666666667,0.9202983333333333,0.28356239920899995,0.28267831760366663,True
Ukrainian_Sumskaya,ukra1253,5,15,12,0.8381772,14,0.0841948,0.922372,0.28727248819072004,0.2867033992428,True
Ukrainian_West,ukra1253,3,15,12,0.7859396666666667,14,0.09485866666666666,0.8807983333333333,0.36560649231877773,0.364899641065,True
Ukrainian_Zhitomirskaya,ukra1253,3,15,12,0.8246626666666667,14,0.09148433333333333,0.916147,0.3082680241112222,0.306726134025,True
Adygei,adyg1241,18,16,15,0.4433706666666667,10,0.2822507777777778,0.7256214444444444,0.6777966430344413,0.6717319606749445,True
Adygei_Mamkheg,adyg1241,4,16,15,0.45393425,10,0.26652,0.72045425,0.673268460310625,0.6704249095174999,True
Armenian,nucl1235,11,16,15,0.44986718181818186,7,0.40809327272727275,0.8579604545454547,0.6134228021563719,0.6119348182637272,True
Armenian_WGA,nucl1235,3,16,15,0.43343133333333334,7,0.3826043333333333,0.8160356666666666,0.6443209613850001,0.6437980098263333,True
Ashkenazi_Jew,east2295,8,16,10,0.40793062500000005,7,0.37177899999999997,0.779709625,0.6589228422879375,0.649435034434,True
Azeri_Azerbajan,nort2697,9,16,15,0.4389037777777778,7,0.3212597777777778,0.7601635555555556,0.6789315113566543,0.6776561940796666,True
Azeri_Dagestan,nort2697,7,16,15,0.4532617142857143,7,0.26301371428571435,0.7162754285714287,0.6780317489540612,0.6761083447718571,True
Azeri_WGA,nort2697,2,16,15,0.48959949999999997,7,0.3075475,0.7971469999999999,0.6482723093895001,0.648033805631,True
BantuSA_Zulu,zulu1248,1,16,5,0.860709,8,0.135117,0.9958259999999999,0.24091601036200017,0.24091601036200017,True
Bashkir_IkskoBelsky_Kyrgyz,bash1264,6,16,10,0.5492925000000001,13,0.1563785,0.705671,0.6475106419824721,0.6459539201188332,True
Bashkir_IkskoBelsky_Uran,bash1264,8,16,10,0.563230125,13,0.17213299999999998,0.735363125,0.6304527642190937,0.62877931013825,True
Bashkir_Ming_Miyakinsky,bash1264,9,16,10,0.4944233333333334,13,0.18824188888888888,0.6826652222222223,0.6892075513637901,0.6836634804638889,False
Bashkir_North_Tabyn_Balysky,bash1264,7,16,10,0.4947287142857143,13,0.1885825714285714,0.6833112857142857,0.6892854112398572,0.6860169838075713,False
Bashkir_North_Unlar,bash1264,4,16,10,0.5271625,13,0.177571,0.7047335,0.6612515847263749,0.660577991369,True
Bashkir_Tamyan_Kypcak,bash1264,7,16,10,0.3885981428571429,13,0.23649914285714285,0.6250972857142858,0.747985052273449,0.746655724630143,False
Belarusian,bela1254,10,16,10,0.8473113,15,0.07761080000000001,0.9249221,0.2738917291513,0.2726674393694,True
Bulgarian,bulg1262,10,16,10,0.5927581,7,0.2310336,0.8237916999999999,0.56904726293744,0.5669145761558,True
Czech,czec1258,10,16,10,0.7937633,7,0.10289720000000002,0.8966605,0.3519315813432601,0.3511307885224,True
English_Cornwall,stan1293,5,16,10,0.7892658,7,0.121648,0.9109138,0.35579594037528006,0.35533258083079994,True
English_Kent,stan1293,5,16,10,0.7930258,7,0.12367499999999998,0.9167008,0.35004124010976,0.3492232507248,True
Estonian,esto1258,10,16,10,0.9017251,15,0.047920300000000006,0.9496454,0.1838560188886701,0.18312836555109996,False
Ezid,nort2641,7,16,15,0.4657752857142857,7,0.3330045714285714,0.7987798571428572,0.652856373615653,0.6521460955304285,True
Finnish,finn1318,8,16,10,0.837865125,13,0.071729375,0.9095945,0.29040669994704693,0.286507498824625,True
French_Central,stan1290,26,16,10,0.7300295769230767,7,0.18058484615384615,0.9106144230769229,0.428031001503842,0.42492493586011537,True
French_East,stan1290,10,16,10,0.7354228999999999,7,0.1756448,0.9110676999999998,0.4222821906382602,0.42059211263100005,True
French_Northwest,stan1290,10,16,10,0.7303341,7,0.1645677,0.8949018,0.43334834315417003,0.42977481265409995,True
French_South,stan1290,7,16,10,0.7460904285714286,7,0.23987557142857144,0.985966,0.38569776103067344,0.3852116395375713,True
French_West,stan1290,10,16,10,0.8082069000000001,7,0.1128687,0.9210756000000001,0.32944104851951994,0.3283518943128,True
Georgian,nucl1302,12,16,15,0.5192885,7,0.31060041666666666,0.8298889166666668,0.6096726385669999,0.6085566440791667,True
German_Lipsian,stan1295,10,16,10,0.8009575,7,0.1066,0.9075575,0.3405149680269699,0.33924238568250004,True
Hungarian1,hung1274,10,16,10,0.7524616,7,0.1333589,0.8858204999999999,0.40698677592548016,0.40577311880839995,True
Hungarian2,hung1274,10,16,10,0.7318953,7,0.13896750000000002,0.8708628,0.4336247342918299,0.43195556740349994,True
Icelandic,icel1247,12,16,10,0.8385348333333332,7,0.07498233333333333,0.9135171666666666,0.28603585102739604,0.2850412842200833,True
Iran_Non-Zoroastrian_Fars,west2369,17,16,15,0.5053627647058824,7,0.300296705882353,0.8056594705882354,0.6397630124686229,0.6367372503915294,True
Irish_Cork_Kerry,iris1253,6,16,10,0.8132188333333333,7,0.09519949999999999,0.9084183333333333,0.32278889784,0.32192969334500005,True
Irish_Leinster,iris1253,6,16,10,0.8105106666666666,15,0.088803,0.8993136666666666,0.3273610352468056,0.3264969418455,True
Kabardinian,kaba1278,10,16,15,0.3808652,10,0.3329343,0.7137995,0.70275771209772,0.663953256015,True
Kurd,nort2641,9,16,15,0.4592563333333334,7,0.30425100000000005,0.7635073333333334,0.6681578094523826,0.622449485291,True
Kurd_WGA,nort2641,2,16,7,0.5368999999999999,10,0.24885649999999998,0.7857565,0.6329615238715001,0.6327376467600001,True
Lithuanian,lith1251,10,16,10,0.920631,15,0.0482402,0.9688711999999999,0.14990854720959013,0.14933288825410002,False
Mala,telu1262,16,16,12,0.5872663125,15,0.396743125,0.9840094375,0.4976704500890038,0.4971055699258125,True
Norwegian,norw1258,11,16,10,0.8299193636363636,7,0.07973436363636364,0.9096537272727273,0.29971673422477685,0.29901652766145453,True
Polish_Lublin,poli1260,8,16,10,0.8199465,15,0.08726924999999999,0.90721575,0.3142268063949063,0.31215214511574996,True
Polish_Poznan,poli1260,15,16,10,0.8377677333333333,15,0.07506066666666666,0.9128284,0.28784934653728,0.2868463275336,True
Romanian,roma1327,10,16,10,0.640324,7,0.20686079999999998,0.8471848,0.52980741215941,0.5284546807917,True
Russian,russ1263,23,16,10,0.8039782608695651,15,0.07701304347826086,0.880991304347826,0.3421952883613556,0.3413453012462174,True
Russian_Archangelsk_Krasnoborsky,russ1263,6,16,10,0.819976,13,0.08233800000000001,0.9023140000000001,0.317629990321861,0.3167649467735,True
Russian_Archangelsk_Leshukonsky,russ1263,5,16,10,0.7713346000000001,13,0.14187679999999997,0.9132114,0.3814031697837599,0.3802599589252,True
Russian_Archangelsk_Pinezhsky,russ1263,5,16,10,0.8087873999999999,13,0.11245480000000001,0.9212421999999999,0.3306216792706802,0.3302082130765999,True
Russian_Belgorod,russ1263,4,16,10,0.8176599999999999,15,0.08116025,0.89882025,0.31985659980668757,0.3191327930107499,True
Russian_Kaluga,russ1263,5,16,10,0.8395720000000001,15,0.07425079999999999,0.9138228,0.2876709379637198,0.2862902177634,True
Russian_Kursk,russ1263,4,16,10,0.82287625,15,0.07962175,0.902498,0.31280802024,0.31152001307149996,True
Russian_Oryol,russ1263,4,16,10,0.8126660000000001,15,0.084208,0.8968740000000002,0.3279306893399373,0.32741853174975,True
Russian_Pskov_Ostrov,russ1263,4,16,10,0.8895744999999999,15,0.058579,0.9481535,0.20440993680487507,0.203425574757,True
Russian_Pskov_Porkhov,russ1263,3,16,10,0.8540179999999999,15,0.06101500000000001,0.915033,0.26472903224122224,0.26374683452099995,True
Russian_Ryazan_Mihailovsky,russ1263,5,16,10,0.8064252,15,0.09009439999999999,0.8965196,0.33825584377420004,0.3375630754418001,True
Russian_Ryazan_Spassk_Ryazansky,russ1263,8,16,10,0.80652975,15,0.08802912500000001,0.8945588750000001,0.3385884700683124,0.33573197642999997,True
Russian_Smolensk,russ1263,7,16,10,0.8431588571428571,15,0.07970314285714286,0.922862,0.28012621753620415,0.27942123833685717,True
Russian_Tver,russ1263,4,16,10,0.81359375,15,0.0772765,0.89087025,0.3285631992615625,0.32724356428824986,True
Russian_Yaroslavl,russ1263,3,16,10,0.8472033333333333,15,0.06557833333333334,0.9127816666666666,0.2759516009858889,0.275160289001,True
Saami,nort2671,3,16,10,0.709908,13,0.20875966666666668,0.9186676666666667,0.4509113493533333,0.448426778588,True
Spanish_Balearic,stan1288,4,16,10,0.6308805,7,0.2755525,0.9064329999999999,0.5194655874541251,0.5165779915625,True
Spanish_Cataluna,stan1289,5,16,10,0.684324,7,0.2575044,0.9418284000000001,0.46304775499551987,0.4621715777276,True
Spanish_Galicia,gali1258,5,16,10,0.6470674,7,0.28295960000000003,0.9300269999999999,0.4989098417151201,0.49793974721999995,True
Spanish_Valencia,stan1289,5,16,10,0.6654318,7,0.27332599999999996,0.9387578,0.48036036126924,0.47894593684619996,True
Tatar_Kazan,tata1255,13,16,10,0.5872396153846153,15,0.13929046153846156,0.7265300769230769,0.6159465957486037,0.6143622340618462,True
Tatar_Mishar,tata1255,9,16,10,0.6581509999999999,15,0.11918011111111111,0.7773311111111111,0.5393142385573951,0.5376665587854443,True
Turkish_Adana,nucl1301,10,16,7,0.37079429999999997,15,0.35795,0.7287443,0.6958312709740601,0.6844982268924,True
Turkish_Aydin,nucl1301,10,16,7,0.29914689999999994,15,0.2929771,0.5921239999999999,0.7391748171424001,0.7236869355826,False
Turkish_Balikesir,nucl1301,11,16,7,0.30265145454545456,10,0.3013808181818182,0.6040322727272728,0.7359326430182479,0.7292012417323637,False
Turkish_Istanbul,nucl1301,11,16,15,0.3183729090909091,10,0.30629209090909093,0.624665,0.7184674205991157,0.6881646125335454,False
Turkish_Kayseri,nucl1301,10,16,15,0.3733587,7,0.35312109999999997,0.7264797999999999,0.69430991995706,0.692611667108,True
Turkish_Trabzon,nucl1301,10,16,15,0.4288882000000001,7,0.39190930000000007,0.8207975000000002,0.6355801403481098,0.6335974766721,True
Bergamo,ital1282,13,16,10,0.603301923076923,7,0.2865727692307692,0.8898746923076921,0.5425107823947398,0.5413843918065384,True
Tuscan,ital1282,8,16,10,0.5247315,7,0.3209955,0.845727,0.5986573791650781,0.597726067719125,True
Ukrainian_East,ukra1253,6,16,10,0.8165073333333335,15,0.09784066666666665,0.9143480000000002,0.320577076425722,0.31952510137133333,True
Ukrainian_Rovenskaya,ukra1253,3,16,10,0.8320256666666667,15,0.08053166666666667,0.9125573333333333,0.29684582345844435,0.2959579700293333,True
Ukrainian_Sumskaya,ukra1253,5,16,10,0.8292512000000001,15,0.08494360000000001,0.9141948000000001,0.3012752575295199,0.3007085176916001,True
Ukrainian_West,ukra1253,3,16,10,0.776869,15,0.09521533333333333,0.8720843333333334,0.37839560252355553,0.3777131995293333,True
Ukrainian_Zhitomirskaya,ukra1253,3,16,10,0.815837,15,0.09197166666666667,0.9078086666666667,0.3218229557207777,0.320336168775,True
Adygei,adyg1241,18,17,15,0.5891205000000002,11,0.22557016666666665,0.8146906666666668,0.587197360352256,0.5787370769221667,True
Adygei_Mamkheg,adyg1241,4,17,15,0.603908,11,0.20779199999999998,0.8117,0.5755578947048126,0.5720741920407499,True
Armenian,nucl1235,11,17,15,0.599636090909091,12,0.3027314545454545,0.9023675454545454,0.5421685872644793,0.540446640924909,True
Armenian_WGA,nucl1235,3,17,15,0.5722670000000001,12,0.28841,0.8606770000000001,0.5795735791252221,0.5790781454336666,True
Ashkenazi_Jew,east2295,8,17,11,0.392378,12,0.3223535,0.7147315000000001,0.6770318327764062,0.667143445422,True
Azeri_Azerbajan,nort2697,9,17,15,0.5550408888888889,12,0.23078011111111113,0.7858210000000001,0.6241038212603087,0.6221542318578889,True
Azeri_Dagestan,nort2697,7,17,15,0.5789442857142857,12,0.17052414285714285,0.7494684285714286,0.607339877456694,0.6053544607062857,True
Azeri_WGA,nort2697,2,17,15,0.6133705,12,0.2259945,0.839365,0.5622780455859999,0.5620827877250001,True
BantuSA_Zulu,zulu1248,1,17,7,0.852627,10,0.133509,0.986136,0.25508029245999986,0.25508029245999986,True
Bashkir_IkskoBelsky_Kyrgyz,bash1264,6,17,11,0.5464345,5,0.160151,0.7065855000000001,0.6472172007127777,0.645542194757,True
Bashkir_IkskoBelsky_Uran,bash1264,8,17,11,0.5617935000000001,5,0.176233,0.7380265,0.6306393816262655,0.629005764033125,True
Bashkir_Ming_Miyakinsky,bash1264,9,17,11,0.4891705555555555,5,0.191839,0.6810095555555555,0.6904974474115927,0.6843413363818889,False
Bashkir_North_Tabyn_Balysky,bash1264,7,17,11,0.4907737142857143,5,0.19321814285714284,0.6839918571428572,0.6904537919930204,0.6871073358868571,False
Bashkir_North_Unlar,bash1264,4,17,11,0.52143075,5,0.18262874999999998,0.7040595000000001,0.6637998881881249,0.6628477465334999,True
Bashkir_Tamyan_Kypcak,bash1264,7,17,11,0.3831328571428572,5,0.24141671428571426,0.6245495714285715,0.748885145072102,0.7477644084941428,False
Belarusian,bela1254,10,17,11,0.8519586,15,0.07909750000000002,0.9310561,0.2664809859408601,0.2651169483526,True
Bulgarian,bulg1262,10,17,11,0.5824784999999999,15,0.2103158,0.7927943,0.5799524504289602,0.5776376641081999,True
Czech,czec1258,10,17,11,0.7989352999999999,15,0.0942471,0.8931823999999999,0.34520465522492016,0.34437516421439995,True
English_Cornwall,stan1293,5,17,11,0.7937451999999999,12,0.1034332,0.8971783999999999,0.3502704798897601,0.3495541853391999,True
English_Kent,stan1293,5,17,11,0.7988484,12,0.10718619999999998,0.9060346,0.34303045680347977,0.341962369785,True
Estonian,esto1258,10,17,11,0.9150492,15,0.031021400000000005,0.9460706,0.16084549474359988,0.15982862347099994,False
Ezid,nort2641,7,17,15,0.5781778571428572,12,0.24080014285714282,0.818978,0.5968823669855305,0.5957325459944285,True
Finnish,finn1318,8,17,11,0.8502303750000001,5,0.074326,0.9245563750000001,0.2702504988668749,0.26641481335999995,True
French_Central,stan1290,26,17,11,0.7331489615384617,12,0.15993819230769235,0.893087153846154,0.42750420780588294,0.42412659465873076,True
French_East,stan1290,10,17,11,0.7393618999999999,12,0.1565163,0.8958781999999998,0.42039512724677996,0.41860039432600005,True
French_Northwest,stan1290,10,17,11,0.7344081,12,0.1453661,0.8797742,0.43094464603276006,0.4272933925208,True
French_South,stan1290,7,17,11,0.7599047142857144,12,0.227387,0.9872917142857144,0.3707294206138163,0.3702138835558571,True
French_West,stan1290,10,17,11,0.8160674,12,0.1007587,0.9168261,0.31909727807190014,0.3175082875961999,True
Georgian,nucl1302,12,17,15,0.7039355,12,0.19105283333333334,0.8949883333333334,0.4610527951762986,0.45887233785524995,True
German_Lipsian,stan1295,10,17,11,0.8044634,15,0.09274980000000002,0.8972132,0.3361918438631799,0.33468534714419995,True
Hungarian1,hung1274,10,17,11,0.7525972000000001,15,0.11364429999999999,0.8662415000000001,0.40793462686496995,0.4062738550771,True
Hungarian2,hung1274,10,17,11,0.7312431,15,0.12737590000000001,0.858619,0.43552111118089987,0.4336644508978,True
Icelandic,icel1247,12,17,11,0.8451669166666668,15,0.07395766666666666,0.9191245833333335,0.27618561067265956,0.2749370562064166,True
Iran_Non-Zoroastrian_Fars,west2369,17,17,15,0.6044274117647059,12,0.20842605882352938,0.8128534705882353,0.5793165616999861,0.5751680036258823,True
Irish_Cork_Kerry,iris1253,6,17,11,0.8178301666666666,15,0.09176816666666666,0.9095983333333333,0.3162977131463611,0.3154075270408333,True
Irish_Leinster,iris1253,6,17,11,0.8148563333333333,15,0.09731633333333332,0.9121726666666666,0.3212126076791112,0.3202339158283333,True
Kabardinian,kaba1278,10,17,15,0.49944740000000004,11,0.28816049999999993,0.7876079,0.6509299614091301,0.5990819649736999,True
Kurd,nort2641,9,17,15,0.5682874444444443,12,0.21542955555555554,0.7837169999999999,0.613308619995852,0.5593093235733334,True
Kurd_WGA,nort2641,2,17,12,0.5247955,11,0.2523715,0.7771669999999999,0.63985853487875,0.6397263163755,True
Lithuanian,lith1251,10,17,11,0.9337036000000001,15,0.0312766,0.9649802000000001,0.12696532881170997,0.1261691893044999,False
Mala,telu1262,16,17,2,0.810068375,15,0.13301618750000002,0.9430845625,0.3255239779776484,0.32415701881424996,True
Norwegian,norw1258,11,17,11,0.8366184545454544,15,0.07294145454545455,0.9095599090909089,0.289970713184174,0.28907961053754544,True
Polish_Lublin,poli1260,8,17,11,0.82356675,15,0.09702549999999999,0.92059225,0.30857214700232805,0.30628872983587496,True
Polish_Poznan,poli1260,15,17,11,0.8430017999999999,15,0.08005686666666668,0.9230586666666666,0.2797758395371823,0.2786667573686667,True
Romanian,roma1327,10,17,11,0.6346293000000001,12,0.1733905,0.8080198000000001,0.5383769470594599,0.5368608386902001,True
Russian,russ1263,23,17,11,0.8108607391304348,5,0.07421930434782609,0.8850800434782609,0.3316521911850133,0.3307663685169565,True
Russian_Archangelsk_Krasnoborsky,russ1263,6,17,11,0.8334625,5,0.08479999999999999,0.9182625,0.2964424344364167,0.29536160586883337,True
Russian_Archangelsk_Leshukonsky,russ1263,5,17,11,0.7870888,5,0.14545599999999997,0.9325448000000001,0.35782794575556,0.3564262216914,True
Russian_Archangelsk_Pinezhsky,russ1263,5,17,11,0.8249422000000001,5,0.1155046,0.9404468,0.30523912482551985,0.30456139345519995,True
Russian_Belgorod,russ1263,4,17,11,0.8195362500000001,15,0.09306775,0.9126040000000001,0.31646621699562494,0.3154324960709999,True
Russian_Kaluga,russ1263,5,17,11,0.8434307999999999,15,0.0734786,0.9169094,0.28162585212972013,0.2799698225986,True
Russian_Kursk,russ1263,4,17,11,0.82829875,15,0.08248849999999999,0.9107872499999999,0.3044118520661251,0.30303445078249996,True
Russian_Oryol,russ1263,4,17,11,0.8162857499999999,15,0.088999,0.9052847499999999,0.3222998215705002,0.32169104465049997,True
Russian_Pskov_Ostrov,russ1263,4,17,11,0.899642,15,0.04521699999999999,0.944859,0.18772715032868725,0.18648064517075,False
Russian_Pskov_Porkhov,russ1263,3,17,11,0.8645453333333334,15,0.050191999999999994,0.9147373333333334,0.24799171760633332,0.24681142646633328,True
Russian_Ryazan_Mihailovsky,russ1263,5,17,11,0.8085694,15,0.0956034,0.9041728,0.33462173205564005,0.3335406707430001,True
Russian_Ryazan_Spassk_Ryazansky,russ1263,8,17,11,0.80931925,15,0.09140287500000001,0.900722125,0.3339623592617498,0.3307769334925,True
Russian_Smolensk,russ1263,7,17,11,0.846545,15,0.083999,0.930544,0.2745764712712041,0.2738578037947143,True
Russian_Tver,russ1263,4,17,11,0.8179485000000001,15,0.07913200000000001,0.8970805000000001,0.3216142794218123,0.32011316240575,True
Russian_Yaroslavl,russ1263,3,17,11,0.8574113333333333,15,0.055683,0.9130943333333333,0.25978256668488897,0.25884259909466667,True
Saami,nort2671,3,17,11,0.7327279999999999,5,0.21420866666666663,0.9469366666666665,0.4164256023018891,0.41413970598566663,True
Spanish_Balearic,stan1288,4,17,11,0.6299927500000001,12,0.24783824999999998,0.877831,0.5293151250746249,0.5260579118205,True
Spanish_Cataluna,stan1289,5,17,11,0.6903644,12,0.23936039999999997,0.9297248,0.46229232229347994,0.46086655200579996,True
Spanish_Galicia,gali1258,5,17,11,0.6549476000000001,12,0.2660944,0.9210420000000001,0.49694810633083986,0.49533588916539995,True
Spanish_Valencia,stan1289,5,17,11,0.6731719999999999,12,0.256256,0.9294279999999999,0.4779674944250002,0.47623491630099996,True
Tatar_Kazan,tata1255,13,17,11,0.5840158461538462,15,0.1531013846153846,0.7371172307692307,0.6160149986314793,0.6140886058736924,True
Tatar_Mishar,tata1255,9,17,11,0.6578353333333333,15,0.12742788888888887,0.7852632222222222,0.5383985568370864,0.5363343078539999,True
Turkish_Adana,nucl1301,10,17,15,0.46190070000000005,12,0.2914439000000001,0.7533446000000001,0.6755868022798199,0.6629268130102,True
Turkish_Aydin,nucl1301,10,17,15,0.38739280000000004,11,0.2515196,0.6389124,0.72773560586917,0.7086884019517,False
Turkish_Balikesir,nucl1301,11,17,15,0.3648369090909091,11,0.27295300000000006,0.6377899090909092,0.7309473382691818,0.722928785227,False
Turkish_Istanbul,nucl1301,11,17,15,0.41122436363636355,11,0.2736867272727273,0.6849110909090909,0.7055132308982397,0.6677657282859091,False
Turkish_Kayseri,nucl1301,10,17,15,0.48992690000000005,12,0.2675631,0.75749,0.6613427844730699,0.6592275052947,True
Turkish_Trabzon,nucl1301,10,17,15,0.5875339,12,0.28457360000000004,0.8721075,0.5616654682208799,0.5591165890359999,True
Bergamo,ital1282,13,17,11,0.5988772307692307,12,0.2506511538461539,0.8495283846153846,0.5569268402831242,0.5557001215946153,True
Tuscan,ital1282,8,17,11,0.514605125,12,0.2762695,0.790874625,0.6162504881039375,0.6150780455164999,True
Ukrainian_East,ukra1253,6,17,11,0.8178031666666667,15,0.10789233333333333,0.9256955000000001,0.3176416928048331,0.3164379028156667,True
Ukrainian_Rovenskaya,ukra1253,3,17,11,0.8331116666666668,15,0.09069933333333334,0.9238110000000002,0.2948763701807775,0.2938696826736666,True
Ukrainian_Sumskaya,ukra1253,5,17,11,0.832864,15,0.0912642,0.9241282000000001,0.29547610111907996,0.2949141681741999,True
Ukrainian_West,ukra1253,3,17,11,0.7774403333333333,15,0.11060166666666667,0.888042,0.37734924124655567,0.37657546097833333,True
Ukrainian_Zhitomirskaya,ukra1253,3,17,11,0.8181926666666667,15,0.10003899999999999,0.9182316666666667,0.3179732522342221,0.31627674540799994,True
Adygei,adyg1241,18,18,14,0.6044939444444444,1,0.2261621111111111,0.8306560555555554,0.5722757886926544,0.5635749911435556,True
Adygei_Mamkheg,adyg1241,4,18,14,0.6189132500000001,1,0.20879599999999998,0.8277092500000001,0.5606979474516248,0.5570818663049999,True
Armenian,nucl1235,11,18,14,0.6141946363636364,16,0.288885,0.9030796363636364,0.5324987902259917,0.5307363732308182,True
Armenian_WGA,nucl1235,3,18,14,0.5808533333333333,16,0.3312896666666667,0.912143,0.5479239296829999,0.5475085427809999,True
Ashkenazi_Jew,east2295,8,18,1,0.39561275,16,0.31361049999999996,0.70922325,0.6766153947228906,0.666716380705625,True
Azeri_Azerbajan,nort2697,9,18,14,0.5676276666666666,16,0.2182631111111111,0.7858907777777777,0.6156494575143951,0.6136325300364445,True
Azeri_Dagestan,nort2697,7,18,14,0.5928370000000001,1,0.16403214285714288,0.7568691428571429,0.5953652798087958,0.5932824467910001,True
Azeri_WGA,nort2697,2,18,14,0.5908785,16,0.28415199999999996,0.8750304999999999,0.5652987426355001,0.565074147107,True
BantuSA_Zulu,zulu1248,1,18,11,0.814494,3,0.124735,0.9392290000000001,0.3182566445539998,0.3182566445539998,True
Bashkir_IkskoBelsky_Kyrgyz,bash1264,6,18,1,0.5477913333333334,13,0.15722783333333332,0.7050191666666668,0.6460197141897499,0.6444131260011666,True
Bashkir_IkskoBelsky_Uran,bash1264,8,18,1,0.563108125,13,0.17313325000000002,0.736241375,0.6299493322415156,0.6283508139881249,True
Bashkir_Ming_Miyakinsky,bash1264,9,18,1,0.49030922222222223,13,0.18945755555555557,0.6797667777777778,0.6898871994860865,0.6837589858445556,False
Bashkir_North_Tabyn_Balysky,bash1264,7,18,1,0.489128,13,0.19003214285714284,0.6791601428571429,0.6934845386819796,0.6900779836804285,False
Bashkir_North_Unlar,bash1264,4,18,1,0.52028375,13,0.1791385,0.69942225,0.6662385051650624,0.66516615295075,False
Bashkir_Tamyan_Kypcak,bash1264,7,18,1,0.38125628571428577,13,0.23822057142857142,0.6194768571428572,0.7523455055295305,0.7511001022581428,False
Belarusian,bela1254,10,18,1,0.8561251000000001,14,0.08286320000000001,0.9389883000000001,0.2593351233335598,0.25797165314799997,True
Bulgarian,bulg1262,10,18,1,0.5866302000000001,14,0.21666819999999998,0.8032984000000001,0.5762226478064798,0.573893093895,True
Czech,czec1258,10,18,1,0.8030856,14,0.09849909999999999,0.9015846999999999,0.33929665074215,0.3384669598612999,True
English_Cornwall,stan1293,5,18,1,0.7976812,14,0.09902380000000001,0.896705,0.34513791114264003,0.3443719703883999,True
English_Kent,stan1293,5,18,1,0.8028864,16,0.0975718,0.9004582,0.3377208080398799,0.3365835577634,True
Estonian,esto1258,10,18,1,0.917001,14,0.030210499999999994,0.9472115,0.15741397817421998,0.15640890627179993,False
Ezid,nort2641,7,18,14,0.5887118571428571,16,0.23014685714285713,0.8188587142857142,0.5892699225975918,0.5880797602274285,True
Finnish,finn1318,8,18,1,0.8526630000000001,13,0.07206,0.9247230000000001,0.2665454638396718,0.26284974987362497,True
French_Central,stan1290,26,18,1,0.7378103846153846,16,0.15069203846153845,0.8885024230769231,0.422648391479463,0.4192305266929615,True
French_East,stan1290,10,18,1,0.7439834999999999,16,0.1478237,0.8918071999999999,0.4154508471260402,0.413631190063,True
French_Northwest,stan1290,10,18,1,0.7381998,16,0.1371067,0.8753065,0.4270340471121701,0.4234390068777,True
French_South,stan1290,7,18,1,0.7660522857142856,16,0.21906128571428574,0.9851135714285714,0.36502885439222454,0.36451989365899984,True
French_West,stan1290,10,18,1,0.8212315,16,0.0913894,0.9126209,0.31198944596746003,0.31035878261059996,True
Georgian,nucl1302,12,18,14,0.7191982500000001,16,0.18722666666666668,0.9064249166666668,0.4413924996215831,0.4389563805754999,True
German_Lipsian,stan1295,10,18,1,0.8085994,14,0.09697510000000001,0.9055745,0.33034597018431,0.32879909422849996,True
Hungarian1,hung1274,10,18,1,0.7578099,14,0.11838469999999998,0.8761946,0.4011149419587,0.39942940779959996,True
Hungarian2,hung1274,10,18,1,0.7358851,14,0.1324747,0.8683597999999999,0.4296740579123901,0.4277571674909,True
Icelandic,icel1247,12,18,1,0.8501734166666667,14,0.07809216666666667,0.9282655833333333,0.268269628802868,0.26693608773374994,True
Iran_Non-Zoroastrian_Fars,west2369,17,18,14,0.6157948823529411,16,0.1962684117647059,0.812063294117647,0.5703825825565848,0.5661020730047648,True
Irish_Cork_Kerry,iris1253,6,18,1,0.8223528333333333,14,0.09606983333333334,0.9184226666666666,0.30961938496283337,0.30872305754499996,True
Irish_Leinster,iris1253,6,18,1,0.8196423333333333,14,0.1013505,0.9209928333333333,0.31395243355280555,0.3129292498961666,True
Kabardinian,kaba1278,10,18,14,0.5123794,1,0.2895204,0.8018998,0.6403530562125699,0.5872567975727,True
Kurd,nort2641,9,18,14,0.5796666666666667,16,0.20348488888888888,0.7831515555555555,0.6053064112011235,0.5510533003629999,True
Kurd_WGA,nort2641,2,18,16,0.5465249999999999,1,0.255447,0.8019719999999999,0.6167826265882501,0.6166695101685,True
Lithuanian,lith1251,10,18,1,0.9367373000000001,14,0.031087200000000002,0.9678245000000001,0.12133169679104971,0.12055579169529991,False
Mala,telu1262,16,18,15,0.7966261875,14,0.1216818125,0.918308,0.3492726738443125,0.34786547250174993,True
Norwegian,norw1258,11,18,1,0.8414864545454546,14,0.07660327272727273,0.9180897272727273,0.28248887615221485,0.28159500195690906,True
Polish_Lublin,poli1260,8,18,1,0.827796,14,0.10105700000000001,0.9288529999999999,0.30191308084306256,0.2995458629312499,True
Polish_Poznan,poli1260,15,18,1,0.8473933999999999,14,0.08349973333333334,0.9308931333333332,0.2727771273575469,0.2716491995073333,True
Romanian,roma1327,10,18,1,0.6386535999999999,14,0.17504270000000002,0.8136962999999999,0.5346823538257001,0.5331733696872,True
Russian,russ1263,23,18,1,0.8123481304347828,13,0.07150373913043477,0.8838518695652176,0.32954007705780675,0.32864460140756513,True
Russian_Archangelsk_Krasnoborsky,russ1263,6,18,1,0.8357713333333333,13,0.08234066666666667,0.918112,0.2931089253551944,0.2920265095284999,True
Russian_Archangelsk_Leshukonsky,russ1263,5,18,1,0.787721,13,0.1426652,0.9303862,0.35781807377224006,0.35637108712559995,True
Russian_Archangelsk_Pinezhsky,russ1263,5,18,1,0.82577,13,0.1129992,0.9387692,0.30449914568868,0.30385826962260004,True
Russian_Belgorod,russ1263,4,18,1,0.8238329999999999,14,0.09718299999999999,0.921016,0.3095444240751877,0.30848262076175,True
Russian_Kaluga,russ1263,5,18,1,0.847702,14,0.07633,0.924032,0.27427848374948016,0.27256613391099993,True
Russian_Kursk,russ1263,4,18,1,0.8316775000000001,14,0.0861305,0.9178080000000001,0.2989421096302498,0.2976185976389999,True
Russian_Oryol,russ1263,4,18,1,0.8209647499999999,14,0.0925955,0.91356025,0.31470791802937503,0.31410320900699995,True
Russian_Pskov_Ostrov,russ1263,4,18,1,0.90332275,14,0.045911749999999994,0.9492345,0.18121909451212503,0.1799479000954999,False
Russian_Pskov_Porkhov,russ1263,3,18,1,0.8685086666666667,14,0.053052999999999996,0.9215616666666667,0.24128662461322214,0.24007583387233325,True
Russian_Ryazan_Mihailovsky,russ1263,5,18,1,0.8125287999999999,14,0.09868379999999999,0.9112125999999999,0.3281438251841602,0.32695929796799994,True
Russian_Ryazan_Spassk_Ryazansky,russ1263,8,18,1,0.812969125,14,0.094565875,0.907535,0.3279119195205157,0.32464102436737496,True
Russian_Smolensk,russ1263,7,18,1,0.8509187142857143,14,0.0874207142857143,0.9383394285714286,0.26716870397446935,0.26641247381071426,True
Russian_Tver,russ1263,4,18,1,0.82062875,14,0.081618,0.90224675,0.3172695523426875,0.31570218134574995,True
Russian_Yaroslavl,russ1263,3,18,1,0.8608056666666667,14,0.057022333333333335,0.917828,0.25412726673211106,0.2530929071083334,True
Saami,nort2671,3,18,1,0.7298326666666667,13,0.21047633333333335,0.9403090000000001,0.42211934147311103,0.419651799948,True
Spanish_Balearic,stan1288,4,18,1,0.63422125,16,0.23949474999999998,0.8737159999999999,0.5270749589050625,0.52373930505925,True
Spanish_Cataluna,stan1289,5,18,1,0.6952696,16,0.2310836,0.9263532000000001,0.45895626571843995,0.45746365495740005,True
Spanish_Galicia,gali1258,5,18,1,0.6596776,16,0.258487,0.9181646,0.49438782758507993,0.4926936965746,True
Spanish_Valencia,stan1289,5,18,1,0.678503,16,0.24825079999999997,0.9267538,0.47444863463924014,0.4726766575298,True
Tatar_Kazan,tata1255,13,18,1,0.5854575384615385,14,0.15660576923076922,0.7420633076923077,0.6143476590064616,0.6123138615695385,True
Tatar_Mishar,tata1255,9,18,1,0.6606960000000001,14,0.13079433333333335,0.7914903333333334,0.5346165562736049,0.5324668013444445,True
Turkish_Adana,nucl1301,10,18,14,0.4729748,16,0.28006759999999997,0.7530424,0.67130331558942,0.6583813612325999,True
Turkish_Aydin,nucl1301,10,18,14,0.3974540999999999,1,0.25373549999999995,0.6511895999999999,0.7242339882851101,0.7047774299279,False
Turkish_Balikesir,nucl1301,11,18,14,0.37424554545454547,1,0.2754937272727273,0.6497392727272728,0.7280730389938099,0.7199934805615454,False
Turkish_Istanbul,nucl1301,11,18,14,0.42171081818181816,1,0.2760790909090909,0.697789909090909,0.7008192323743885,0.6623418928060909,False
Turkish_Kayseri,nucl1301,10,18,14,0.5025001,16,0.2547013,0.7572014,0.65511415637698,0.6529297369872,True
Turkish_Trabzon,nucl1301,10,18,14,0.6022033999999999,16,0.2695236,0.8717269999999999,0.5524192014265501,0.5497955155375001,True
Bergamo,ital1282,13,18,1,0.6035803076923076,16,0.24051453846153847,0.8440948461538461,0.554741740626645,0.5534615800362308,True
Tuscan,ital1282,8,18,1,0.519091375,16,0.26578037499999996,0.78487175,0.6147959360161874,0.6135828449462499,True
Ukrainian_East,ukra1253,6,18,1,0.822018,14,0.11182183333333333,0.9338398333333333,0.3105869892697499,0.30933858462283326,True
Ukrainian_Rovenskaya,ukra1253,3,18,1,0.8379126666666666,14,0.09480733333333334,0.93272,0.2869833332971111,0.2859916965033333,True
Ukrainian_Sumskaya,ukra1253,5,18,1,0.837595,14,0.09497159999999999,0.9325665999999999,0.2877362829463599,0.28717390582139996,True
Ukrainian_West,ukra1253,3,18,1,0.7817953333333333,14,0.11522066666666668,0.8970159999999999,0.3710155254644444,0.37028203790599995,True
Ukrainian_Zhitomirskaya,ukra1253,3,18,1,0.8229353333333332,14,0.104453,0.9273883333333333,0.3101787223243335,0.3084327182869999,True
Adygei,adyg1241,18,19,18,0.6045921111111112,6,0.22607844444444444,0.8306705555555557,0.5723262463116788,0.5636227914027778,True
Adygei_Mamkheg,adyg1241,4,19,18,0.6190255,6,0.20867549999999999,0.827701,0.56075418461875,0.5571282178720001,True
Armenian,nucl1235,11,19,18,0.6145090000000001,16,0.2881541818181818,0.9026631818181818,0.5325173729902148,0.5307522084405454,True
Armenian_WGA,nucl1235,3,19,18,0.5810013333333334,16,0.33071633333333333,0.9117176666666666,0.5481181522823333,0.5477105710210001,True
Ashkenazi_Jew,east2295,8,19,6,0.39572837499999997,16,0.31314362500000004,0.708872,0.6768239169911093,0.6669285303536251,True
Azeri_Azerbajan,nort2697,9,19,18,0.5677343333333335,16,0.2177406666666667,0.7854750000000001,0.6158006272550122,0.6137792997817777,True
Azeri_Dagestan,nort2697,7,19,18,0.5927435714285715,6,0.16369928571428574,0.7564428571428572,0.5957287811461836,0.5936490299930001,True
Azeri_WGA,nort2697,2,19,18,0.5909525,16,0.2836845,0.874637,0.56552718294825,0.5653066863325,True
BantuSA_Zulu,zulu1248,1,19,19,0.814492,11,0.124731,0.939223,0.31826191963100003,0.31826191963100003,True
Bashkir_IkskoBelsky_Kyrgyz,bash1264,6,19,6,0.5477393333333332,14,0.15711783333333332,0.7048571666666665,0.6463075820305557,0.6446566950193334,True
Bashkir_IkskoBelsky_Uran,bash1264,8,19,6,0.563041625,14,0.172927875,0.7359694999999999,0.6302533863185469,0.6286424480661249,True
Bashkir_Ming_Miyakinsky,bash1264,9,19,6,0.4902131111111111,14,0.18921477777777782,0.6794278888888889,0.6902350550927283,0.6840556904005557,False
Bashkir_North_Tabyn_Balysky,bash1264,7,19,6,0.4889325714285714,14,0.18982557142857145,0.6787581428571429,0.6939654886399591,0.6905090958348571,False
Bashkir_North_Unlar,bash1264,4,19,6,0.5201899999999999,14,0.1789465,0.6991364999999999,0.6666494686126251,0.6655599056714999,False
Bashkir_Tamyan_Kypcak,bash1264,7,19,6,0.38113971428571425,14,0.23812828571428568,0.6192679999999999,0.7526582229119593,0.7513748715211428,False
Belarusian,bela1254,10,19,6,0.8561626999999999,18,0.08243139999999999,0.9385941,0.25935763862973005,0.2579904435803,True
Bulgarian,bulg1262,10,19,6,0.5867239,18,0.21654069999999997,0.8032645999999999,0.57632840489332,0.5739883904557999,True
Czech,czec1258,10,19,6,0.8032828000000001,18,0.0981193,0.9014021000000001,0.33910425134976996,0.3382667619505,True
English_Cornwall,stan1293,5,19,6,0.7977483999999999,18,0.098772,0.8965203999999999,0.3451412795071602,0.3443538247049999,True
English_Kent,stan1293,5,19,6,0.8031117999999999,16,0.0971588,0.9002705999999999,0.33744609746936005,0.3363045672112,True
Estonian,esto1258,10,19,6,0.9170534,18,0.029728700000000004,0.9467821000000001,0.15736591756447993,0.15635104874979996,False
Ezid,nort2641,7,19,18,0.5888657142857143,16,0.22950357142857142,0.8183692857142857,0.5893619645895305,0.5881775845627143,True
Finnish,finn1318,8,19,6,0.8527825,14,0.07184800000000001,0.9246305,0.26640586916196884,0.26271830910225,True
French_Central,stan1290,26,19,6,0.7379866923076924,16,0.1502536923076923,0.8882403846153848,0.4225564253529287,0.41914689270823074,True
French_East,stan1290,10,19,6,0.7442016,16,0.1474374,0.8916390000000001,0.4152873840845499,0.41347458070949994,True
French_Northwest,stan1290,10,19,6,0.7383902000000001,16,0.1366184,0.8750086000000001,0.42690500269922993,0.4233038007677,True
French_South,stan1290,7,19,6,0.7663814285714287,16,0.21850228571428573,0.9848837142857144,0.3647670212371019,0.3642560711868571,True
French_West,stan1290,10,19,6,0.8212670000000001,16,0.091057,0.9123240000000001,0.3120512490578998,0.31040851645779993,True
Georgian,nucl1302,12,19,18,0.7193990000000001,16,0.18653575,0.9059347500000001,0.4413563646696873,0.4389027385364166,True
German_Lipsian,stan1295,10,19,6,0.8088213000000002,18,0.09670970000000001,0.9055310000000002,0.33009998275401986,0.3285464397301999,True
Hungarian1,hung1274,10,19,6,0.7579676000000001,18,0.1180118,0.8759794000000001,0.40103073491779984,0.3993372729611999,True
Hungarian2,hung1274,10,19,6,0.7358793000000001,18,0.1321508,0.8680301000000001,0.42981985090194985,0.42791693399029995,True
Icelandic,icel1247,12,19,6,0.8503072500000001,18,0.07780291666666667,0.9281101666666667,0.2681259841114929,0.26680584376624994,True
Iran_Non-Zoroastrian_Fars,west2369,17,19,18,0.6158811176470589,16,0.1957422352941177,0.8116233529411766,0.570524343525294,0.5662393094949411,True
Irish_Cork_Kerry,iris1253,6,19,6,0.8222996666666668,18,0.09552366666666667,0.9178233333333334,0.30982851379666654,0.3089305118743333,True
Irish_Leinster,iris1253,6,19,6,0.8197614999999999,18,0.10106033333333332,0.9208218333333332,0.3138584986670556,0.31283496303533326,True
Kabardinian,kaba1278,10,19,18,0.5123835999999999,6,0.28945370000000004,0.8018373,0.64051454064761,0.5873031714633001,True
Kurd,nort2641,9,19,18,0.5797132222222223,16,0.20300033333333334,0.7827135555555557,0.6054864478980864,0.5512094216176667,True
Kurd_WGA,nort2641,2,19,16,0.5461665,6,0.2555585,0.801725,0.617125231238,0.617014408078,True
Lithuanian,lith1251,10,19,6,0.9367582999999999,18,0.030334000000000007,0.9670922999999999,0.12135409074016013,0.12056906309099993,False
Mala,telu1262,16,19,3,0.7956660624999999,18,0.12122493749999999,0.9168909999999999,0.3509057138387579,0.34948635117425,True
Norwegian,norw1258,11,19,6,0.8415124545454543,18,0.07621672727272727,0.9177291818181816,0.2825397533381243,0.2816383240206363,True
Polish_Lublin,poli1260,8,19,6,0.8279717500000001,18,0.10075374999999999,0.9287255000000001,0.30171998146218726,0.2993510764149999,True
Polish_Poznan,poli1260,15,19,6,0.8476006666666668,18,0.08328786666666664,0.9308885333333334,0.2724962046776488,0.27136474428153334,True
Romanian,roma1327,10,19,6,0.6386993000000001,18,0.17483850000000004,0.8135378000000001,0.53483024277591,0.5333024809199,True
Russian,russ1263,23,19,6,0.8123776956521738,14,0.07134847826086956,0.8837261739130433,0.3295904536411741,0.3286829031734348,True
Russian_Archangelsk_Krasnoborsky,russ1263,6,19,6,0.8357715,14,0.082166,0.9179375,0.29318421372683334,0.2920818250716666,True
Russian_Archangelsk_Leshukonsky,russ1263,5,19,6,0.7876871999999999,14,0.1423532,0.9300404,0.35800615513524003,0.35654628098580005,True
Russian_Archangelsk_Pinezhsky,russ1263,5,19,6,0.8256817999999999,14,0.1128732,0.9385549999999999,0.3047108083036002,0.30410495327519993,True
Russian_Belgorod,russ1263,4,19,6,0.8238085,18,0.096798,0.9206065000000001,0.3097086845685,0.3086635309934999,True
Russian_Kaluga,russ1263,5,19,6,0.847682,18,0.07599500000000001,0.9236770000000001,0.2743841763634398,0.2726111312852,True
Russian_Kursk,russ1263,4,19,6,0.8316807500000001,18,0.085728,0.9174087500000001,0.29902016080906235,0.29769346051574996,True
Russian_Oryol,russ1263,4,19,6,0.8210772500000001,18,0.09225225,0.9133295000000001,0.31461389604187473,0.3140046490165,True
Russian_Pskov_Ostrov,russ1263,4,19,6,0.90357725,18,0.04540225,0.9489795,0.180810972676,0.179525079325,False
Russian_Pskov_Porkhov,russ1263,3,19,6,0.8688199999999999,18,0.052574666666666665,0.9213946666666666,0.24081506887766668,0.23959055669300003,True
Russian_Ryazan_Mihailovsky,russ1263,5,19,6,0.8126704,18,0.0982966,0.910967,0.3280235561722399,0.326820594414,True
Russian_Ryazan_Spassk_Ryazansky,russ1263,8,19,6,0.812883375,18,0.09411199999999999,0.9069953749999999,0.32818032470503145,0.32488184969025,True
Russian_Smolensk,russ1263,7,19,6,0.8510377142857142,18,0.08699157142857142,0.9380292857142856,0.2670600898906941,0.2663051848451428,True
Russian_Tver,russ1263,4,19,6,0.82066725,18,0.081222,0.90188925,0.3173096157716252,0.3157193818985,True
Russian_Yaroslavl,russ1263,3,19,6,0.8605309999999999,18,0.05656933333333333,0.9171003333333333,0.25470178072855565,0.253654028269,True
Saami,nort2671,3,19,6,0.7293966666666667,14,0.21013099999999998,0.9395276666666666,0.4229515991263332,0.4204305376603332,True
Spanish_Balearic,stan1288,4,19,6,0.6345594999999999,16,0.238997,0.8735565,0.5269010325811251,0.5235603514835,True
Spanish_Cataluna,stan1289,5,19,6,0.6955468,16,0.23058260000000003,0.9261294,0.45880080826024006,0.45730415096239996,True
Spanish_Galicia,gali1258,5,19,6,0.6598016,16,0.25810039999999995,0.917902,0.49444706658248005,0.49276319794439993,True
Spanish_Valencia,stan1289,5,19,6,0.678659,16,0.2477496,0.9264086,0.47448380603567997,0.4727043263364,True
Tatar_Kazan,tata1255,13,19,6,0.5853993846153845,18,0.15633669230769234,0.7417360769230769,0.6146015817191539,0.6125462239417693,True
Tatar_Mishar,tata1255,9,19,6,0.6607485555555556,18,0.13051200000000002,0.7912605555555556,0.534701400454284,0.5325394818123333,True
Turkish_Adana,nucl1301,10,19,18,0.4730028,16,0.2797007000000001,0.7527035000000001,0.67155449741647,0.6586484935773,True
Turkish_Aydin,nucl1301,10,19,18,0.3973892,6,0.25369070000000005,0.6510799,0.72453816464002,0.7050476277894,False
Turkish_Balikesir,nucl1301,11,19,18,0.3742398181818183,6,0.2755741818181819,0.6498140000000001,0.7282677024454132,0.7201721037580908,False
Turkish_Istanbul,nucl1301,11,19,18,0.42165127272727276,6,0.2759780909090909,0.6976293636363637,0.7011212224460083,0.6626245965375454,False
Turkish_Kayseri,nucl1301,10,19,18,0.5025284999999999,16,0.25424359999999996,0.7567720999999998,0.65543045945077,0.6532272175693,True
Turkish_Trabzon,nucl1301,10,19,18,0.6024908999999999,16,0.2688054999999999,0.8712963999999999,0.55244379925714,0.5498179057382,True
Bergamo,ital1282,13,19,6,0.6038366923076923,16,0.24007399999999995,0.8439106923076922,0.5546186254801065,0.5533383502332307,True
Tuscan,ital1282,8,19,6,0.51943125,16,0.265226375,0.784657625,0.6147051188147968,0.613492629598375,True
Ukrainian_East,ukra1253,6,19,6,0.8221778333333333,18,0.11144433333333333,0.9336221666666666,0.3104317642592501,0.3091816515055,True
Ukrainian_Rovenskaya,ukra1253,3,19,6,0.838101,18,0.09449466666666667,0.9325956666666666,0.2867518662444444,0.2857553428886667,True
Ukrainian_Sumskaya,ukra1253,5,19,6,0.8377556,18,0.0946812,0.9324368000000001,0.2875493181288,0.28698284253439993,True
Ukrainian_West,ukra1253,3,19,6,0.7818616666666666,18,0.11479066666666667,0.8966523333333333,0.3710408690314445,0.3702894483783332,True
Ukrainian_Zhitomirskaya,ukra1253,3,19,6,0.8231506666666667,18,0.10400133333333333,0.927152,0.30994093976299986,0.308209114235,True
Adygei,adyg1241,18,20,16,0.6072978333333334,20,0.22529322222222226,0.8325910555555557,0.569732051787753,0.5609930913837778,True
Adygei_Mamkheg,adyg1241,4,20,16,0.6217415000000001,20,0.2080325,0.829774,0.5579815450628749,0.5543534839034999,True
Armenian,nucl1235,11,20,16,0.6173187272727273,13,0.2857541818181818,0.9030729090909091,0.5305697722500744,0.5287875118157271,True
Armenian_WGA,nucl1235,3,20,16,0.5835376666666666,13,0.328699,0.9122366666666666,0.5466351378196666,0.5462123317616666,True
Ashkenazi_Jew,east2295,8,20,20,0.39572874999999996,13,0.3116395,0.70736825,0.677135473663375,0.667223325372,True
Azeri_Azerbajan,nort2697,9,20,16,0.5693223333333334,13,0.21585833333333337,0.7851806666666667,0.6149929406547283,0.6130495133045556,True
Azeri_Dagestan,nort2697,7,20,16,0.594715,20,0.16294857142857141,0.7576635714285714,0.594321826915449,0.5922482013675714,True
Azeri_WGA,nort2697,2,20,16,0.5924285,13,0.2821325,0.874561,0.5646645510305,0.564439418132,True
BantuSA_Zulu,zulu1248,1,20,15,0.814499,3,0.124728,0.939227,0.31825301686000007,0.31825301686000007,True
Bashkir_IkskoBelsky_Kyrgyz,bash1264,6,20,20,0.5474866666666668,16,0.15385116666666665,0.7013378333333334,0.6480889630229165,0.6464317625081666,True
Bashkir_IkskoBelsky_Uran,bash1264,8,20,20,0.5618177499999999,5,0.16902949999999997,0.7308472499999998,0.6326197288448127,0.63093917290925,True
Bashkir_Ming_Miyakinsky,bash1264,9,20,20,0.4892165555555555,5,0.18277666666666667,0.6719932222222221,0.6933412644807778,0.6871335571367777,False
Bashkir_North_Tabyn_Balysky,bash1264,7,20,20,0.4882007142857142,5,0.18062557142857144,0.6688262857142857,0.6972528601973267,0.6938840286527143,False
Bashkir_North_Unlar,bash1264,4,20,20,0.51925875,5,0.17127,0.69052875,0.6695289889096875,0.66839509316375,False
Bashkir_Tamyan_Kypcak,bash1264,7,20,20,0.3806437142857143,5,0.2241262857142857,0.60477,0.7574268498272041,0.7561671757432856,False
Belarusian,bela1254,10,20,20,0.8563006,16,0.0827219,0.9390225,0.25911939889596003,0.25777092745900004,True
Bulgarian,bulg1262,10,20,20,0.5866673,16,0.21779599999999996,0.8044633,0.5764107312503499,0.5740564192081001,True
Czech,czec1258,10,20,20,0.8034302999999999,16,0.0987855,0.9022157999999999,0.33891752771047,0.3380760982959,True
English_Cornwall,stan1293,5,20,20,0.7980508,16,0.0994558,0.8975065999999999,0.3447440083312401,0.3439541304482,True
English_Kent,stan1293,5,20,20,0.8033992,13,0.096041,0.8994402,0.33710066273592,0.3359456482084,True
Estonian,esto1258,10,20,20,0.9167105,16,0.0298388,0.9465493,0.15794093810336007,0.15690641621239995,False
Ezid,nort2641,7,20,16,0.590193,13,0.22788757142857144,0.8180805714285714,0.5885938108787143,0.5873943564812857,True
Finnish,finn1318,8,20,20,0.852583875,5,0.071850625,0.9244345,0.2667656394037813,0.26308830561575003,True
French_Central,stan1290,26,20,20,0.7382718461538462,13,0.1490456923076923,0.8873175384615385,0.42235916913618043,0.4189519874806923,True
French_East,stan1290,10,20,20,0.7444921999999999,13,0.1462646,0.8907567999999999,0.41506674334748017,0.4132617245022,True
French_Northwest,stan1290,10,20,20,0.7386831,13,0.1355155,0.8741986,0.42669493405128,0.4230896925633999,True
French_South,stan1290,7,20,20,0.7671855714285715,13,0.21735257142857142,0.9845381428571429,0.3640300984644693,0.3635233054515714,True
French_West,stan1290,10,20,20,0.8216981999999999,13,0.09009590000000002,0.9117940999999999,0.31149124776552006,0.3098278898464,True
Georgian,nucl1302,12,20,16,0.7230754999999999,13,0.18386691666666669,0.9069424166666665,0.4372608971433195,0.4347718643626666,True
German_Lipsian,stan1295,10,20,20,0.8090175000000001,16,0.0971636,0.9061811000000001,0.3298539847136799,0.328288115607,True
Hungarian1,hung1274,10,20,20,0.7580899999999999,16,0.11866199999999998,0.8767519999999999,0.4009282675459701,0.3992363313451,True
Hungarian2,hung1274,10,20,20,0.7360483,16,0.13275430000000002,0.8688026,0.42966293720047,0.42774383113869996,True
Icelandic,icel1247,12,20,20,0.8507219166666665,16,0.07791975,0.9286416666666665,0.2675015411379794,0.2661780147424167,True
Iran_Non-Zoroastrian_Fars,west2369,17,20,16,0.6169648823529412,13,0.1939518823529412,0.8109167647058824,0.5697872519766158,0.5654469883498824,True
Irish_Cork_Kerry,iris1253,6,20,20,0.8227483333333333,16,0.09547683333333334,0.9182251666666666,0.30921914636511116,0.3083016281566667,True
Irish_Leinster,iris1253,6,20,20,0.8203546666666668,16,0.10102783333333333,0.9213825000000001,0.3130056584901387,0.3119397034035,True
Kabardinian,kaba1278,10,20,16,0.5148743,20,0.2886176,0.8034919,0.63892467969901,0.5855040857916999,True
Kurd,nort2641,9,20,16,0.5813605555555557,13,0.20112744444444447,0.7824880000000001,0.6045485033639134,0.550312690985,True
Kurd_WGA,nort2641,2,20,13,0.545515,20,0.2562445,0.8017595,0.6175185513072499,0.6173806974344999,True
Lithuanian,lith1251,10,20,20,0.9368428999999999,16,0.029920099999999995,0.9667629999999999,0.12121202465485015,0.12042416557249998,False
Mala,telu1262,16,20,18,0.8017575625000001,16,0.1121025,0.9138600625000001,0.34327309657720695,0.34177411183631246,True
Norwegian,norw1258,11,20,20,0.8418456363636366,16,0.0763159090909091,0.9181615454545458,0.2820697507054293,0.28115840315918184,True
Polish_Lublin,poli1260,8,20,20,0.828134125,16,0.10110625000000001,0.929240375,0.3014723150513592,0.299098234230625,True
Polish_Poznan,poli1260,15,20,20,0.8477649333333334,16,0.08371446666666667,0.9314794000000001,0.2722438521552222,0.2710970648315333,True
Romanian,roma1327,10,20,20,0.6387629,16,0.17580350000000003,0.8145664,0.53491300292933,0.5333863088267,True
Russian,russ1263,23,20,20,0.8117747391304349,5,0.07186739130434783,0.8836421304347827,0.3305005466216596,0.3295835206240869,True
Russian_Archangelsk_Krasnoborsky,russ1263,6,20,20,0.8356098333333333,5,0.08136533333333333,0.9169751666666666,0.2936189904559724,0.2924963915925,True
Russian_Archangelsk_Leshukonsky,russ1263,5,20,20,0.7870704,5,0.1421168,0.9291871999999999,0.3590919800222,0.3576254297018001,True
Russian_Archangelsk_Pinezhsky,russ1263,5,20,20,0.8247329999999999,5,0.1126596,0.9373925999999999,0.3063425784450001,0.305719909003,True
Russian_Belgorod,russ1263,4,20,20,0.8237865,16,0.09720925,0.92099575,0.3097369278666875,0.30868284149875,True
Russian_Kaluga,russ1263,5,20,20,0.8476632000000001,16,0.0760554,0.9237186000000001,0.2744035248302399,0.2725936444488,True
Russian_Kursk,russ1263,4,20,20,0.83175325,16,0.085876,0.91762925,0.29895066028750006,0.29763631830250004,True
Russian_Oryol,russ1263,4,20,20,0.8207815,16,0.09311,0.9138915000000001,0.3150074179825,0.31441040738049997,True
Russian_Pskov_Ostrov,russ1263,4,20,20,0.9033137499999999,16,0.045575750000000005,0.9488894999999999,0.1812420309146251,0.1799490177505,False
Russian_Pskov_Porkhov,russ1263,3,20,20,0.8689520000000001,16,0.05266866666666666,0.9216206666666668,0.24061584831233318,0.23939894322366664,True
Russian_Ryazan_Mihailovsky,russ1263,5,20,20,0.8125577999999999,16,0.0986148,0.9111725999999999,0.3281638633096803,0.32692776917800004,True
Russian_Ryazan_Spassk_Ryazansky,russ1263,8,20,20,0.812749375,16,0.0943855,0.907134875,0.32838025381070324,0.325090087137625,True
Russian_Smolensk,russ1263,7,20,20,0.8512632857142857,16,0.0870652857142857,0.9383285714285714,0.26671319288038786,0.2659413259952857,True
Russian_Tver,russ1263,4,20,20,0.8201795000000001,16,0.08143524999999999,0.90161475,0.31802107966381243,0.3164390212502499,True
Russian_Yaroslavl,russ1263,3,20,20,0.8605016666666666,16,0.056361666666666664,0.9168633333333333,0.2547732202654446,0.25373165856566665,True
Saami,nort2671,3,20,20,0.7282433333333334,5,0.2092353333333333,0.9374786666666667,0.42497836086499996,0.4222808998236666,True
Spanish_Balearic,stan1288,4,20,20,0.63517175,13,0.23784375000000002,0.8730155,0.5266112075928749,0.523242134409,True
Spanish_Cataluna,stan1289,5,20,20,0.695974,13,0.22939199999999998,0.9253659999999999,0.4586678438184,0.4571719570128,True
Spanish_Galicia,gali1258,5,20,20,0.6602296000000001,13,0.25688960000000005,0.9171192000000001,0.4944584319009999,0.49273713363419996,True
Spanish_Valencia,stan1289,5,20,20,0.6791126000000001,13,0.24656599999999998,0.9256786,0.47436122816359994,0.4725552647472,True
Tatar_Kazan,tata1255,13,20,20,0.5848885384615384,16,0.15682284615384615,0.7417113846153846,0.6160279796722308,0.613960857798231,True
Tatar_Mishar,tata1255,9,20,20,0.6608441111111111,16,0.130384,0.791228111111111,0.535172639401679,0.5329307155064444,True
Turkish_Adana,nucl1301,10,20,16,0.4744106,13,0.27778320000000006,0.7521938000000001,0.6712109984060699,0.6580856653471,True
Turkish_Aydin,nucl1301,10,20,16,0.3991618,20,0.25358900000000006,0.6527508000000001,0.72393228477945,0.7043421971795001,False
Turkish_Balikesir,nucl1301,11,20,16,0.3756488181818182,20,0.2756333636363637,0.651282181818182,0.7279340341666611,0.7196776427849091,False
Turkish_Istanbul,nucl1301,11,20,16,0.4232964545454546,20,0.2757532727272727,0.6990497272727273,0.7007475874600413,0.6620839514755456,False
Turkish_Kayseri,nucl1301,10,20,16,0.5046241,13,0.2521608,0.7567849,0.65456435271838,0.6522369611123999,True
Turkish_Trabzon,nucl1301,10,20,16,0.6053949000000001,13,0.2661522,0.8715471000000001,0.5505212508755,0.5478343116466,True
Bergamo,ital1282,13,20,20,0.6041225384615385,13,0.23853592307692306,0.8426584615384616,0.5546900887158639,0.5534135714354614,True
Tuscan,ital1282,8,20,20,0.5195648749999999,13,0.263635625,0.7832005,0.6148107540289689,0.6135824059875,True
Ukrainian_East,ukra1253,6,20,20,0.8221576666666667,16,0.11173916666666668,0.9338968333333334,0.3104401792530833,0.3091695620598333,True
Ukrainian_Rovenskaya,ukra1253,3,20,20,0.8380380000000001,16,0.09500666666666667,0.9330446666666667,0.28681850335411097,0.28582012511366667,True
Ukrainian_Sumskaya,ukra1253,5,20,20,0.8379618000000001,16,0.09480140000000001,0.9327632000000001,0.28725092723683987,0.2866745127554,True
Ukrainian_West,ukra1253,3,20,20,0.7820260000000001,16,0.115313,0.8973390000000001,0.37080043922077766,0.3700551345443333,True
Ukrainian_Zhitomirskaya,ukra1253,3,20,20,0.8230906666666667,16,0.104576,0.9276666666666668,0.30997795149144436,0.30822528302366664,True
Adygei,adyg1241,18,21,16,0.5921367777777777,21,0.2150501111111111,0.8071868888888889,0.5868023972451081,0.5796120141547222,True
Adygei_Mamkheg,adyg1241,4,21,16,0.6084592499999999,21,0.20086025,0.8093194999999999,0.5724069884215002,0.569551693049,True
Armenian,nucl1235,11,21,16,0.6489954545454546,21,0.19995209090909094,0.8489475454545455,0.524977774406066,0.5235786939370908,True
Armenian_WGA,nucl1235,3,21,16,0.5884156666666667,10,0.21289866666666665,0.8013143333333334,0.5842054111634444,0.5837798255529999,True
Ashkenazi_Jew,east2295,8,21,21,0.41117137499999995,16,0.29411225,0.705283625,0.706456010699875,0.69983998599075,True
Azeri_Azerbajan,nort2697,9,21,16,0.5774416666666666,21,0.16166555555555556,0.7391072222222221,0.6249315562376296,0.6228977659460001,True
Azeri_Dagestan,nort2697,7,21,16,0.5880268571428572,21,0.17695599999999997,0.7649828571428572,0.6084293976807755,0.6063755277851428,True
Azeri_WGA,nort2697,2,21,16,0.5725395,10,0.2074235,0.779963,0.6152927981465,0.6150380815299998,True
BantuSA_Zulu,zulu1248,1,21,13,0.815038,12,0.124704,0.9397420000000001,0.3174245019459999,0.3174245019459999,True
Bashkir_IkskoBelsky_Kyrgyz,bash1264,6,21,19,0.32892716666666666,21,0.30636616666666666,0.6352933333333333,0.76254798396875,0.7609979318088333,False
Bashkir_IkskoBelsky_Uran,bash1264,8,21,19,0.343650625,21,0.30725475,0.650905375,0.7545270142283593,0.7528445186503749,False
Bashkir_Ming_Miyakinsky,bash1264,9,21,19,0.3114562222222222,21,0.2647246666666667,0.5761808888888889,0.7851729290181605,0.7800906276792223,False
Bashkir_North_Tabyn_Balysky,bash1264,7,21,19,0.31984671428571426,21,0.25407599999999997,0.5739227142857142,0.7861473050454082,0.7836347121224286,False
Bashkir_North_Unlar,bash1264,4,21,19,0.33661650000000004,21,0.27196075,0.60857725,0.7711349212126875,0.77021618406325,False
Bashkir_Tamyan_Kypcak,bash1264,7,21,19,0.2821167142857143,9,0.19378671428571428,0.47590342857142853,0.8092900144905919,0.8080321694604287,False
Belarusian,bela1254,10,21,21,0.5516627,19,0.39716589999999996,0.9488285999999999,0.5365776993435901,0.5357066752988999,True
Bulgarian,bulg1262,10,21,21,0.49759169999999997,16,0.23290309999999997,0.7304948,0.65425988110522,0.6523904405636,True
Czech,czec1258,10,21,21,0.5745833,19,0.33043079999999997,0.9050141,0.5538950631742601,0.5533618261862001,True
English_Cornwall,stan1293,5,21,21,0.6132896000000001,19,0.2867992,0.9000888,0.5327677043336798,0.5322298057076,True
English_Kent,stan1293,5,21,21,0.6163382000000001,19,0.289744,0.9060822000000001,0.5288223410416,0.5278931093156001,True
Estonian,esto1258,10,21,21,0.5405872,19,0.4419085,0.9824957000000001,0.51239821669152,0.5117605355892,True
Ezid,nort2641,7,21,16,0.594773,21,0.14100457142857142,0.7357775714285715,0.6064824185181836,0.6053329956812857,True
Finnish,finn1318,8,21,21,0.49993249999999995,19,0.42112600000000006,0.9210585,0.5700569081027657,0.566997414864875,True
French_Central,stan1290,26,21,21,0.6103543846153847,19,0.23708576923076918,0.8474401538461539,0.5568666132291966,0.5543522922056539,True
French_East,stan1290,10,21,21,0.6082658000000001,19,0.2429916,0.8512574,0.5580603968835599,0.556410969718,True
French_Northwest,stan1290,10,21,21,0.6006151,19,0.24227720000000003,0.8428922999999999,0.56843401241868,0.5657539637704,True
French_South,stan1290,7,21,21,0.7329884285714287,19,0.15489371428571427,0.887882142857143,0.43288242893361206,0.432199960419,True
French_West,stan1290,10,21,21,0.6298532,19,0.29121969999999997,0.9210729,0.51421213134251,0.5129942044831,True
Georgian,nucl1302,12,21,16,0.73869825,21,0.18048541666666665,0.9191836666666666,0.4199075396820974,0.4140249424558333,True
German_Lipsian,stan1295,10,21,21,0.5912461000000001,19,0.3172514999999999,0.9084976,0.5429970775239299,0.5420212078111,True
Hungarian1,hung1274,10,21,21,0.5657623,19,0.2971611,0.8629234000000001,0.5790896923715599,0.5773627306825999,True
Hungarian2,hung1274,10,21,21,0.5525127000000001,19,0.28937809999999997,0.8418908,0.5947884367137699,0.5932367576911,True
Icelandic,icel1247,12,21,21,0.6041764166666667,19,0.3397493333333333,0.94392575,0.5171896847096389,0.5162013115806667,True
Iran_Non-Zoroastrian_Fars,west2369,17,21,16,0.6123763529411764,21,0.10466282352941175,0.7170391764705881,0.592966583293256,0.5887446997935882,True
Irish_Cork_Kerry,iris1253,6,21,21,0.6037750000000001,19,0.31565883333333333,0.9194338333333334,0.5302209365474444,0.529641499386,True
Irish_Leinster,iris1253,6,21,21,0.6046063333333334,19,0.3096541666666667,0.9142605,0.5326438829446388,0.5319292445271666,True
Kabardinian,kaba1278,10,21,16,0.5021654000000001,21,0.2468889,0.7490543000000001,0.6608576606922899,0.6225480960131,True
Kurd,nort2641,9,21,16,0.5815117777777777,21,0.144592,0.7261037777777777,0.6215804094595805,0.5754987650913332,True
Kurd_WGA,nort2641,2,21,10,0.4220755,21,0.3458585,0.767934,0.68122423288775,0.6809831513505,True
Lithuanian,lith1251,10,21,21,0.5569845999999999,19,0.4407279,0.9977125,0.4955260797215201,0.49533134008220003,True
Mala,telu1262,16,21,3,0.8101534374999999,16,0.0958460625,0.9059994999999998,0.33321329053837123,0.33159383008743737,True
Norwegian,norw1258,11,21,21,0.6042878181818181,19,0.3320567272727273,0.9363445454545454,0.5219222329929423,0.5212933652087273,True
Polish_Lublin,poli1260,8,21,21,0.5689736249999999,19,0.356276125,0.9252497499999999,0.5445940865501407,0.5414869813656249,True
Polish_Poznan,poli1260,15,21,21,0.5699538000000001,19,0.3736736666666666,0.9436274666666666,0.53325328227436,0.5323141554702,True
Romanian,roma1327,10,21,21,0.5326276,19,0.2182741,0.7509017,0.63089772321275,0.6294858447091,True
Russian,russ1263,23,21,21,0.4837903913043478,19,0.4209255217391305,0.9047159130434783,0.585769407132017,0.5849424555124783,True
Russian_Archangelsk_Krasnoborsky,russ1263,6,21,21,0.48679883333333335,19,0.42635249999999997,0.9131513333333333,0.5777973261734445,0.5773484627286667,True
Russian_Archangelsk_Leshukonsky,russ1263,5,21,19,0.457053,21,0.41257020000000005,0.8696232,0.6085263790905999,0.6070319453806,True
Russian_Archangelsk_Pinezhsky,russ1263,5,21,21,0.4499158,19,0.44594459999999997,0.8958603999999999,0.5914308979580001,0.5909167119516,True
Russian_Belgorod,russ1263,4,21,21,0.551774,19,0.36663425,0.9184082499999999,0.5572629246734375,0.5561244146067499,True
Russian_Kaluga,russ1263,5,21,21,0.5315125999999999,19,0.40614720000000004,0.9376597999999999,0.55164650528192,0.5499499427876,True
Russian_Kursk,russ1263,4,21,21,0.5372592500000001,19,0.39058875,0.927848,0.5565998936929374,0.55585490430525,True
Russian_Oryol,russ1263,4,21,21,0.5306967499999999,19,0.38625875,0.9169554999999999,0.5660278762726251,0.56547033939,True
Russian_Pskov_Ostrov,russ1263,4,21,21,0.5447855,19,0.43900025,0.98378575,0.510403476446625,0.5096479679825,True
Russian_Pskov_Porkhov,russ1263,3,21,21,0.5323483333333333,19,0.42319733333333337,0.9555456666666666,0.5370918893927777,0.536670739133,True
Russian_Ryazan_Mihailovsky,russ1263,5,21,21,0.5144420000000001,19,0.3920818,0.9065238,0.57856504193148,0.577383942485,True
Russian_Ryazan_Spassk_Ryazansky,russ1263,8,21,21,0.504955625,19,0.40002125,0.904976875,0.5821357606136094,0.5797827914863749,True
Russian_Smolensk,russ1263,7,21,21,0.5460677142857143,19,0.3985565714285714,0.9446242857142857,0.5411163703383061,0.5406581302147142,True
Russian_Tver,russ1263,4,21,21,0.51439525,19,0.398964,0.91335925,0.574198126437375,0.5733181432415,True
Russian_Yaroslavl,russ1263,3,21,21,0.533535,19,0.4110403333333334,0.9445753333333333,0.5457376881389999,0.5451813862776667,True
Saami,nort2671,3,21,19,0.4196236666666667,21,0.35830866666666666,0.7779323333333333,0.6641509436838889,0.661874505175,True
Spanish_Balearic,stan1288,4,21,21,0.5974225000000001,16,0.15773725,0.75515975,0.5888459862129999,0.5865809492155001,True
Spanish_Cataluna,stan1289,5,21,21,0.6434706,19,0.16888920000000002,0.8123598000000001,0.5414658919629199,0.5397849851898,True
Spanish_Galicia,gali1258,5,21,21,0.6196048,19,0.15533380000000002,0.7749386,0.5724467132670801,0.5706609142358,True
Spanish_Valencia,stan1289,5,21,21,0.6443312000000001,19,0.1520478,0.7963790000000002,0.5444662358795999,0.5429160243608,True
Tatar_Kazan,tata1255,13,21,21,0.3493168461538461,19,0.3249256153846154,0.6742424615384615,0.7452721728692604,0.7435547724485384,False
Tatar_Mishar,tata1255,9,21,21,0.41538433333333336,19,0.3343683333333333,0.7497526666666667,0.6986276380921852,0.6964075381705555,True
Turkish_Adana,nucl1301,10,21,16,0.496557,21,0.2252322,0.7217892,0.67893728316295,0.6685954327132999,True
Turkish_Aydin,nucl1301,10,21,16,0.41672089999999995,21,0.27528870000000005,0.6920096,0.72955907685402,0.7147813070928,False
Turkish_Balikesir,nucl1301,11,21,16,0.3969000909090909,21,0.30063627272727267,0.6975363636363636,0.7320713413847935,0.7247952967267272,False
Turkish_Istanbul,nucl1301,11,21,16,0.4414610909090909,21,0.29555236363636356,0.7370134545454545,0.7019084928715869,0.6730844429827273,True
Turkish_Kayseri,nucl1301,10,21,16,0.5299342,21,0.2351573,0.7650915,0.64964319741143,0.6474356772489,True
Turkish_Trabzon,nucl1301,10,21,16,0.6440374999999999,21,0.24746080000000004,0.8914983,0.5182823363459002,0.515815475977,True
Bergamo,ital1282,13,21,21,0.5881611538461538,16,0.2053056923076923,0.7934668461538461,0.5890291414367812,0.587716484484,True
Tuscan,ital1282,8,21,21,0.530541875,16,0.26426637499999994,0.79480825,0.6284140262704844,0.627192875727375,True
Ukrainian_East,ukra1253,6,21,21,0.5294568333333335,19,0.3883248333333333,0.9177816666666667,0.5643531106215276,0.5633977171288334,True
Ukrainian_Rovenskaya,ukra1253,3,21,21,0.5558770000000001,19,0.37802033333333335,0.9338973333333334,0.544810081374111,0.5437004889783333,True
Ukrainian_Sumskaya,ukra1253,5,21,21,0.5566842,19,0.3750214,0.9317055999999999,0.5463404616924401,0.5456999153213999,True
Ukrainian_West,ukra1253,3,21,21,0.5393703333333333,19,0.34349566666666664,0.8828659999999999,0.5829860302790001,0.582266971573,True
Ukrainian_Zhitomirskaya,ukra1253,3,21,21,0.540531,19,0.375648,0.916179,0.5627184940963333,0.561734445375,True
Adygei,adyg1241,18,22,16,0.5922186666666668,14,0.2149627777777778,0.8071814444444446,0.5867630127924042,0.5795704588826112,True
Adygei_Mamkheg,adyg1241,4,22,16,0.6085054999999999,14,0.2007815,0.8092869999999999,0.5724112722539375,0.56955247918025,True
Armenian,nucl1235,11,22,16,0.6489831818181817,14,0.19970354545454547,0.8486867272727272,0.5250640853544215,0.5236687541791819,True
Armenian_WGA,nucl1235,3,22,16,0.588581,18,0.21251566666666666,0.8010966666666667,0.5841882474041111,0.5837695637949999,True
Ashkenazi_Jew,east2295,8,22,14,0.410986,16,0.29413224999999993,0.70511825,0.7065482051483906,0.699932146653125,True
Azeri_Azerbajan,nort2697,9,22,16,0.577398,14,0.1614778888888889,0.7388758888888889,0.62502453083,0.6229874922615555,True
Azeri_Dagestan,nort2697,7,22,16,0.5880074285714285,14,0.1768127142857143,0.7648201428571428,0.6085054404839387,0.6064498215755714,True
Azeri_WGA,nort2697,2,22,16,0.57277,18,0.20707399999999998,0.779844,0.61520643816925,0.6149544167184999,True
BantuSA_Zulu,zulu1248,1,22,1,0.81503,19,0.124705,0.939735,0.31743721755099996,0.31743721755099996,True
Bashkir_IkskoBelsky_Kyrgyz,bash1264,6,22,9,0.3287841666666667,14,0.30642383333333334,0.635208,0.7626149693081111,0.761063423701,False
Bashkir_IkskoBelsky_Uran,bash1264,8,22,9,0.343509375,14,0.307357625,0.6508670000000001,0.754582251371375,0.75289788401825,False
Bashkir_Ming_Miyakinsky,bash1264,9,22,9,0.31133600000000006,14,0.26479022222222226,0.5761262222222223,0.7852093585002098,0.7801213075727778,False
Bashkir_North_Tabyn_Balysky,bash1264,7,22,9,0.31971642857142857,14,0.2541304285714286,0.5738468571428572,0.78626681181,0.7837368040071429,False
Bashkir_North_Unlar,bash1264,4,22,9,0.33648749999999994,14,0.272025,0.6085125,0.7712076274566875,0.77029263824875,False
Bashkir_Tamyan_Kypcak,bash1264,7,22,9,0.2820452857142857,20,0.19373485714285715,0.4757801428571429,0.8093121953194897,0.8080570027658572,False
Belarusian,bela1254,10,22,14,0.5518089999999999,9,0.3969202,0.9487291999999998,0.53660583255614,0.5357346682488,True
Bulgarian,bulg1262,10,22,14,0.49749859999999996,16,0.23293840000000002,0.730437,0.6543803159499699,0.6525123467013001,True
Czech,czec1258,10,22,14,0.5746484000000001,9,0.3302599,0.9049083,0.5539111172605999,0.5533783658585999,True
English_Cornwall,stan1293,5,22,14,0.6132934,9,0.286508,0.8998014,0.53291900528816,0.5323795324499999,True
English_Kent,stan1293,5,22,14,0.6163494,9,0.2895532,0.9059026000000001,0.5288960620926,0.5279640621506,True
Estonian,esto1258,10,22,14,0.5408033999999999,9,0.4417112,0.9825146,0.51233916532499,0.5116995487523,True
Ezid,nort2641,7,22,16,0.5946971428571429,14,0.14085857142857144,0.7355557142857143,0.6065817851049795,0.6054369591719999,True
Finnish,finn1318,8,22,14,0.500117,9,0.42090312500000004,0.9210201250000001,0.5700622321560938,0.5670032794005,True
French_Central,stan1290,26,22,14,0.6102803846153846,9,0.23691273076923072,0.8471931153846153,0.5570126288185016,0.5544988504234231,True
French_East,stan1290,10,22,14,0.6082207000000001,9,0.2428122,0.8510329000000001,0.5581834875255899,0.5565328949141,True
French_Northwest,stan1290,10,22,14,0.6005716,9,0.24210159999999997,0.8426731999999999,0.5685497070689501,0.5658684476689,True
French_South,stan1290,7,22,14,0.7328342857142858,9,0.15474642857142856,0.8875807142857144,0.4331332443810816,0.43245343573957135,True
French_West,stan1290,10,22,14,0.6298934999999999,9,0.2910058,0.9208992999999999,0.5142701020368301,0.5130517498627001,True
Georgian,nucl1302,12,22,16,0.7387696666666667,14,0.18031025,0.9190799166666667,0.4198703084672639,0.41403039824699994,True
German_Lipsian,stan1295,10,22,14,0.5912942999999998,9,0.3170386,0.9083328999999998,0.5430561664931401,0.5420791150708,True
Hungarian1,hung1274,10,22,14,0.5657753999999999,9,0.2969675,0.8627429,0.57917184398495,0.5774451499082999,True
Hungarian2,hung1274,10,22,14,0.5525144999999999,9,0.28919649999999997,0.8417109999999999,0.5948721452818,0.5933198245212,True
Icelandic,icel1247,12,22,14,0.6042598333333333,9,0.3395185,0.9437783333333334,0.5172341626224028,0.5162444192161666,True
Iran_Non-Zoroastrian_Fars,west2369,17,22,16,0.6122829999999999,14,0.10449276470588235,0.7167757647058822,0.5930849305337371,0.588864017326353,True
Irish_Cork_Kerry,iris1253,6,22,14,0.603818,9,0.31544649999999996,0.9192644999999999,0.5302821463622223,0.5297037336289999,True
Irish_Leinster,iris1253,6,22,14,0.6046703333333333,9,0.3094283333333333,0.9140986666666666,0.5326855457343889,0.5319710581323333,True
Kabardinian,kaba1278,10,22,16,0.5021926,14,0.2468083,0.7490009,0.66090395224518,0.6225889467781999,True
Kurd,nort2641,9,22,16,0.5814204444444444,14,0.144439,0.7258594444444444,0.6216964168464445,0.5756304057997778,True
Kurd_WGA,nort2641,2,22,18,0.422299,14,0.345632,0.7679309999999999,0.68120913912175,0.6809680024085,True
Lithuanian,lith1251,10,22,14,0.5571888,9,0.4404431,0.9976319,0.4955495107375998,0.4953554479449999,True
Mala,telu1262,16,22,5,0.8098970000000001,16,0.09566124999999998,0.9055582500000001,0.33367716242666,0.33205128404006246,True
Norwegian,norw1258,11,22,14,0.604357909090909,9,0.331837,0.936194909090909,0.5219709002246281,0.5213419006292727,True
Polish_Lublin,poli1260,8,22,14,0.56906575,9,0.356054,0.92511975,0.5446328044909374,0.5415271553569999,True
Polish_Poznan,poli1260,15,22,14,0.5700426000000001,9,0.37343746666666655,0.9434800666666666,0.5333205102011467,0.5323818634825334,True
Romanian,roma1327,10,22,14,0.5325727,9,0.21812939999999997,0.7507021,0.631004976727,0.6295931320422,True
Russian,russ1263,23,22,14,0.4839412173913043,9,0.42070256521739124,0.9046437826086955,0.5858114712700379,0.5849844328581738,True
Russian_Archangelsk_Krasnoborsky,russ1263,6,22,14,0.48694583333333324,9,0.42610700000000007,0.9130528333333333,0.5778662869061667,0.5774188717893333,True
Russian_Archangelsk_Leshukonsky,russ1263,5,22,9,0.4568542,14,0.4127466,0.8696008,0.60857690105856,0.6070849982747999,True
Russian_Archangelsk_Pinezhsky,russ1263,5,22,14,0.4501238000000001,9,0.445718,0.8958418000000001,0.5914513318754799,0.5909381336382,True
Russian_Belgorod,russ1263,4,22,14,0.55187575,9,0.3664115,0.91828725,0.5573037576778124,0.5561648472007499,True
Russian_Kaluga,russ1263,5,22,14,0.5316614,9,0.4059004,0.9375617999999999,0.5516854422796802,0.5499898372911999,True
Russian_Kursk,russ1263,4,22,14,0.53736425,9,0.39035575,0.92772,0.5566638606748124,0.5559195876642501,True
Russian_Oryol,russ1263,4,22,14,0.5308124999999999,9,0.38602375,0.9168362499999999,0.5660778438461875,0.56552035142925,True
Russian_Pskov_Ostrov,russ1263,4,22,14,0.544989,9,0.43873575000000004,0.9837247499999999,0.5104137505333124,0.50965765038825,True
Russian_Pskov_Porkhov,russ1263,3,22,14,0.5324243333333333,9,0.42291833333333334,0.9553426666666667,0.5372439207281112,0.5368184306763333,True
Russian_Ryazan_Mihailovsky,russ1263,5,22,14,0.5145784,9,0.39182819999999996,0.9064066,0.5786250308309601,0.5774411533011999,True
Russian_Ryazan_Spassk_Ryazansky,russ1263,8,22,14,0.50508425,9,0.3997885,0.90487275,0.58218748759875,0.579834664813,True
Russian_Smolensk,russ1263,7,22,14,0.546195,9,0.3983192857142857,0.9445142857142856,0.5411600767375102,0.540701672552,True
Russian_Tver,russ1263,4,22,14,0.51453225,9,0.39868600000000004,0.9132182500000001,0.5742791912088748,0.573400423142,True
Russian_Yaroslavl,russ1263,3,22,14,0.5337106666666667,9,0.41081800000000007,0.9445286666666668,0.545732075655111,0.5451744172753333,True
Saami,nort2671,3,22,9,0.41942199999999996,14,0.3585136666666666,0.7779356666666666,0.6641915849440001,0.6619173101613333,True
Spanish_Balearic,stan1288,4,22,14,0.59727375,16,0.15773874999999998,0.7550125000000001,0.58903694830775,0.5867712540485,True
Spanish_Cataluna,stan1289,5,22,14,0.6433406,9,0.1687422,0.8120828,0.5416478631289199,0.5399662823185999,True
Spanish_Galicia,gali1258,5,22,14,0.6194696,9,0.15520080000000003,0.7746704,0.57261266467676,0.5708260299449999,True
Spanish_Valencia,stan1289,5,22,14,0.6442094,9,0.1518466,0.7960560000000001,0.5446674535734399,0.5431182042052001,True
Tatar_Kazan,tata1255,13,22,14,0.3493940000000001,9,0.3247745384615384,0.6741685384615386,0.7453120198484496,0.7435918437396922,False
Tatar_Mishar,tata1255,9,22,14,0.41546555555555553,9,0.33418688888888887,0.7496524444444443,0.6986690344305926,0.6964493159562222,True
Turkish_Adana,nucl1301,10,22,16,0.496499,14,0.22501120000000002,0.7215102,0.67903765947261,0.6686982751388999,True
Turkish_Aydin,nucl1301,10,22,16,0.4166983,14,0.27513289999999996,0.6918312,0.7296487740053199,0.7148698280257999,False
Turkish_Balikesir,nucl1301,11,22,16,0.39688200000000007,14,0.3004664545454545,0.6973484545454546,0.7321667750231735,0.7248875729779999,False
Turkish_Istanbul,nucl1301,11,22,16,0.4414518181818183,14,0.29538754545454543,0.7368393636363637,0.7019959819853387,0.6731798214121818,True
Turkish_Kayseri,nucl1301,10,22,16,0.5298825,14,0.23494489999999998,0.7648274,0.64977296255718,0.6475597965936,True
Turkish_Trabzon,nucl1301,10,22,16,0.6440216000000001,14,0.24717860000000003,0.8912002000000001,0.5184180781460199,0.5159540870728,True
Bergamo,ital1282,13,22,14,0.5879933846153846,16,0.20534876923076928,0.7933421538461539,0.589217174963923,0.5879039125451538,True
Tuscan,ital1282,8,22,14,0.53035725,16,0.26429400000000003,0.79465125,0.6285791934039844,0.627359183234625,True
Ukrainian_East,ukra1253,6,22,14,0.5295746666666666,9,0.38807966666666666,0.9176543333333333,0.5644050195410834,0.5634510503558333,True
Ukrainian_Rovenskaya,ukra1253,3,22,14,0.555988,9,0.3777646666666667,0.9337526666666667,0.544871356750111,0.5437646456616666,True
Ukrainian_Sumskaya,ukra1253,5,22,14,0.5567808,9,0.37476160000000003,0.9315424,0.5464212395174399,0.5457802711376,True
Ukrainian_West,ukra1253,3,22,14,0.5394606666666667,9,0.343219,0.8826796666666668,0.583075353437222,0.5823584367303333,True
Ukrainian_Zhitomirskaya,ukra1253,3,22,14,0.5406413333333334,9,0.3754226666666667,0.9160640000000001,0.5627583468115553,0.5617745173113333,True
Adygei,adyg1241,18,23,10,0.5531873333333334,1,0.1889068333333333,0.7420941666666667,0.6235228451919969,0.6151269894957222,True
Adygei_Mamkheg,adyg1241,4,23,10,0.569163,1,0.187894,0.757057,0.6105013900911249,0.6060881465929999,True
Armenian,nucl1235,11,23,10,0.5826952727272726,1,0.29715690909090914,0.8798521818181817,0.5637851088472645,0.5626244424899091,True
Armenian_WGA,nucl1235,3,23,10,0.5377243333333334,1,0.21346600000000002,0.7511903333333334,0.6230716198896666,0.6220557089776667,True
Ashkenazi_Jew,east2295,8,23,1,0.35488000000000003,10,0.24927775,0.60415775,0.7385590056536875,0.72533486404825,False
Azeri_Azerbajan,nort2697,9,23,10,0.5343857777777777,1,0.2225247777777778,0.7569105555555555,0.6532657051606792,0.6509720320292223,True
Azeri_Dagestan,nort2697,7,23,10,0.5519502857142857,1,0.190001,0.7419512857142857,0.639767636853,0.6357073877701429,True
Azeri_WGA,nort2697,2,23,10,0.5421185,16,0.204016,0.7461344999999999,0.6428159466337501,0.6424581188034999,True
BantuSA_Zulu,zulu1248,1,23,15,0.814923,19,0.124751,0.9396739999999999,0.3175701506459999,0.3175701506459999,True
Bashkir_IkskoBelsky_Kyrgyz,bash1264,6,23,17,0.5167945,10,0.12648116666666667,0.6432756666666667,0.6916040392798055,0.6899137094604999,False
Bashkir_IkskoBelsky_Uran,bash1264,8,23,17,0.518762375,5,0.137222125,0.6559845,0.6882731595660312,0.68576481803525,False
Bashkir_Ming_Miyakinsky,bash1264,9,23,17,0.44735499999999995,5,0.14748822222222224,0.5948432222222222,0.7434093204994816,0.7381456433155554,False
Bashkir_North_Tabyn_Balysky,bash1264,7,23,17,0.463686,5,0.12625899999999998,0.5899449999999999,0.7323031575384898,0.7279004311791429,False
Bashkir_North_Unlar,bash1264,4,23,17,0.49828275000000005,10,0.1257665,0.6240492500000001,0.7030919835021874,0.7014712257937499,False
Bashkir_Tamyan_Kypcak,bash1264,7,23,17,0.336392,5,0.1907824285714286,0.5271744285714286,0.7974135409714693,0.7948332970859999,False
Belarusian,bela1254,10,23,17,0.8025452,1,0.11529190000000003,0.9178371,0.3395660423037,0.33802107363059997,True
Bulgarian,bulg1262,10,23,17,0.43963349999999995,1,0.307732,0.7473654999999999,0.6704230498364601,0.6677478672852001,True
Czech,czec1258,10,23,17,0.6857791000000001,1,0.221467,0.9072461,0.47482303740332976,0.4735399206901,True
English_Cornwall,stan1293,5,23,17,0.6225174000000001,1,0.29894420000000005,0.9214616000000002,0.5183265293657997,0.5173855299529999,True
English_Kent,stan1293,5,23,17,0.6262892000000001,1,0.302312,0.9286012000000001,0.5125153516159999,0.5116632425592,True
Estonian,esto1258,10,23,17,0.8839034,1,0.07239209999999999,0.9562955,0.21315796237184992,0.21167277723529992,True
Ezid,nort2641,7,23,10,0.5548454285714286,1,0.1964401428571429,0.7512855714285716,0.6371085558700408,0.6360295649151427,True
Finnish,finn1318,8,23,17,0.8216205,1,0.07073775,0.89235825,0.31672921343198457,0.30999193950487497,True
French_Central,stan1290,26,23,17,0.5352012307692309,1,0.36051826923076924,0.8957195000000001,0.5761876121922647,0.571654660407577,True
French_East,stan1290,10,23,17,0.5566854999999999,1,0.3393146,0.8960001,0.5681979306996001,0.5654193236252,True
French_Northwest,stan1290,10,23,17,0.5529645,1,0.3313909,0.8843554,0.57811103726414,0.5744326205829999,True
French_South,stan1290,7,23,1,0.5246017142857143,17,0.45530914285714286,0.9799108571428572,0.5173747997715917,0.5165620551011427,True
French_West,stan1290,10,23,17,0.6437658,1,0.29788610000000004,0.9416519000000001,0.4948803912810299,0.4931746285330999,True
Georgian,nucl1302,12,23,10,0.6733240833333333,1,0.2597631666666667,0.93308725,0.4779360206498613,0.47159584173766667,True
German_Lipsian,stan1295,10,23,17,0.6743115,1,0.2429997,0.9173112,0.48108930958241014,0.4792076472302999,True
Hungarian1,hung1274,10,23,17,0.6298158,1,0.24609579999999998,0.8759116,0.5330335142512299,0.5308700481573,True
Hungarian2,hung1274,10,23,17,0.6114483,1,0.24521129999999997,0.8566596,0.55318541569885,0.5507471392743,True
Icelandic,icel1247,12,23,17,0.7099184166666666,1,0.2330270833333333,0.9429454999999999,0.4398326230248474,0.4385466962363332,True
Iran_Non-Zoroastrian_Fars,west2369,17,23,10,0.5788610000000001,1,0.16774594117647057,0.7466069411764706,0.62071486196164,0.6163339477982352,True
Irish_Cork_Kerry,iris1253,6,23,17,0.66226,1,0.2682655,0.9305254999999999,0.48586998118808333,0.48513504257349993,True
Irish_Leinster,iris1253,6,23,17,0.658489,1,0.2666513333333333,0.9251403333333332,0.4914651561616389,0.4905437271985,True
Kabardinian,kaba1278,10,23,10,0.4707413,17,0.2424053,0.7131466,0.68405317086588,0.6344005749243998,True
Kurd,nort2641,9,23,10,0.5451454444444445,1,0.18394544444444447,0.729090888888889,0.6521975781820494,0.5968786835584443,True
Kurd_WGA,nort2641,2,23,1,0.4211095,16,0.33555599999999997,0.7566655,0.6906972126465001,0.690088757682,True
Lithuanian,lith1251,10,23,17,0.9042221999999999,1,0.07262309999999998,0.9768452999999998,0.17700360251253033,0.17588152365249993,True
Mala,telu1262,16,23,9,0.8012586249999999,10,0.11773531250000001,0.9189939374999999,0.3430797648535041,0.34158558700493746,True
Norwegian,norw1258,11,23,17,0.697233,1,0.24079963636363635,0.9380326363636363,0.45399846281781,0.45273158220299997,True
Polish_Lublin,poli1260,8,23,17,0.733710875,1,0.18023599999999998,0.9139468749999999,0.42409814913715627,0.4152963251462499,True
Polish_Poznan,poli1260,15,23,17,0.7637608,1,0.1624464,0.9262072,0.38711824894804436,0.3851659264365333,True
Romanian,roma1327,10,23,17,0.4824343,1,0.31415899999999997,0.7965933,0.64206388173914,0.6401398207286,True
Russian,russ1263,23,23,17,0.7884826956521739,1,0.062217608695652175,0.8507003043478261,0.3695174317183233,0.3680374226733478,True
Russian_Archangelsk_Krasnoborsky,russ1263,6,23,17,0.8127985,1,0.05819099999999999,0.8709895,0.3321567971016668,0.3296767895983333,True
Russian_Archangelsk_Leshukonsky,russ1263,5,23,17,0.7930467999999999,3,0.090259,0.8833057999999999,0.3586152883532401,0.35684347606260014,True
Russian_Archangelsk_Pinezhsky,russ1263,5,23,17,0.8349757999999999,3,0.0783166,0.9132923999999999,0.2953751647768802,0.29452419523959994,True
Russian_Belgorod,russ1263,4,23,17,0.7508549999999999,1,0.14744525,0.8983002499999999,0.40936183478668753,0.4069875212212499,True
Russian_Kaluga,russ1263,5,23,17,0.8046118000000002,1,0.0947974,0.8994092000000002,0.3409464959676797,0.33850720734839995,True
Russian_Kursk,russ1263,4,23,17,0.77576475,1,0.12200974999999999,0.8977745,0.3795518342534375,0.37794453513924997,True
Russian_Oryol,russ1263,4,23,17,0.76863975,1,0.11742525,0.886065,0.39006088471181255,0.38932335275975005,True
Russian_Pskov_Ostrov,russ1263,4,23,17,0.8775200000000001,1,0.06995125,0.9474712500000001,0.2243909139625,0.22216271765149997,True
Russian_Pskov_Porkhov,russ1263,3,23,17,0.835118,1,0.07816266666666666,0.9132806666666666,0.29505425246499994,0.293853835291,True
Russian_Ryazan_Mihailovsky,russ1263,5,23,17,0.7608528,1,0.1071796,0.8680324,0.40443840188248004,0.4029834063556,True
Russian_Ryazan_Spassk_Ryazansky,russ1263,8,23,17,0.776281625,1,0.088105,0.864386625,0.3842481316391876,0.38103456825249993,True
Russian_Smolensk,russ1263,7,23,17,0.8009681428571429,1,0.11146271428571429,0.9124308571428572,0.34236415638693873,0.341477359228,True
Russian_Tver,russ1263,4,23,17,0.7781405,1,0.090752,0.8688925000000001,0.38237288334137476,0.3807019567319999,True
Russian_Yaroslavl,russ1263,3,23,17,0.815591,1,0.09663466666666666,0.9122256666666666,0.3237344295411112,0.32289993189333327,True
Saami,nort2671,3,23,17,0.727398,3,0.14704933333333334,0.8744473333333334,0.44324575769488894,0.440503205182,True
Spanish_Balearic,stan1288,4,23,1,0.45292325,17,0.38895075,0.841874,0.6304393230818749,0.6275846425985,True
Spanish_Cataluna,stan1289,5,23,1,0.4588444,17,0.4414222,0.9002665999999999,0.590070511365,0.588056794269,True
Spanish_Galicia,gali1258,5,23,1,0.45056899999999994,17,0.41391,0.864479,0.61966902639132,0.6174200525674,True
Spanish_Valencia,stan1289,5,23,1,0.48298520000000006,17,0.4096162,0.8926014,0.5945077829028799,0.5924650688711999,True
Tatar_Kazan,tata1255,13,23,17,0.5461513076923078,10,0.12893753846153846,0.6750888461538462,0.6659168769107395,0.6634793094783846,False
Tatar_Mishar,tata1255,9,23,17,0.6150178888888889,10,0.10384244444444445,0.7188603333333333,0.5930109430152593,0.5896658216648888,True
Turkish_Adana,nucl1301,10,23,10,0.4486435999999999,1,0.2704006,0.7190441999999999,0.7051978830610801,0.6934357157239999,True
Turkish_Aydin,nucl1301,10,23,10,0.37568260000000003,1,0.2620434,0.637726,0.75505475724762,0.7384326073623999,False
Turkish_Balikesir,nucl1301,11,23,10,0.35403463636363636,1,0.2808994545454545,0.6349340909090908,0.7587324721041818,0.751144935048909,False
Turkish_Istanbul,nucl1301,11,23,10,0.3983636363636363,1,0.2744922727272728,0.6728559090909091,0.7306523706381818,0.6989675552394545,False
Turkish_Kayseri,nucl1301,10,23,10,0.4780286,1,0.2873775,0.7654061000000001,0.67674139924246,0.6743178995032,True
Turkish_Trabzon,nucl1301,10,23,10,0.5723884000000001,1,0.3473033,0.9196917000000001,0.5495749778226098,0.5468090708398999,True
Bergamo,ital1282,13,23,1,0.45728899999999995,17,0.36470676923076933,0.8219957692307693,0.6339956562883786,0.6324182639761537,True
Tuscan,ital1282,8,23,1,0.433990625,17,0.30470412500000005,0.7386947500000001,0.6725652710786562,0.67136276259275,True
Ukrainian_East,ukra1253,6,23,17,0.7683369999999999,1,0.12326083333333333,0.8915978333333333,0.3873782727531112,0.385529111951,True
Ukrainian_Rovenskaya,ukra1253,3,23,17,0.7680303333333334,1,0.14213699999999999,0.9101673333333333,0.3853512747318888,0.384440509181,True
Ukrainian_Sumskaya,ukra1253,5,23,17,0.7595681999999999,1,0.1535032,0.9130714,0.3950786226416402,0.3940190750338,True
Ukrainian_West,ukra1253,3,23,17,0.6954916666666667,1,0.1749333333333333,0.870425,0.4777753344318888,0.47679844906766666,True
Ukrainian_Zhitomirskaya,ukra1253,3,23,17,0.7580573333333334,1,0.13619299999999998,0.8942503333333334,0.4010345049119999,0.39904766366933336,True
Adygei,adyg1241,18,24,9,0.5606513888888889,13,0.19258677777777777,0.7532381666666667,0.6168670385021945,0.6081711620969446,True
Adygei_Mamkheg,adyg1241,4,24,9,0.5758599999999999,13,0.19339525000000002,0.76925525,0.6040947447682501,0.5995518833425,True
Armenian,nucl1235,11,24,9,0.5573217272727272,13,0.29465363636363634,0.8519753636363636,0.5878102813098843,0.586327349253091,True
Armenian_WGA,nucl1235,3,24,9,0.4904806666666666,11,0.25876166666666667,0.7492423333333333,0.6497536991736668,0.648693703649,True
Ashkenazi_Jew,east2295,8,24,13,0.35141174999999997,24,0.25078199999999995,0.6021937499999999,0.7426714547272344,0.729490179765625,False
Azeri_Azerbajan,nort2697,9,24,9,0.5178939999999999,13,0.22275677777777775,0.7406507777777775,0.667173190434099,0.6647254161893332,True
Azeri_Dagestan,nort2697,7,24,9,0.5473281428571429,13,0.19293614285714286,0.7402642857142858,0.644820004463408,0.640764817789857,True
Azeri_WGA,nort2697,2,24,9,0.5011075,11,0.255656,0.7567635,0.6637148812812499,0.6633059139074999,True
BantuSA_Zulu,zulu1248,1,24,18,0.799133,1,0.124358,0.923491,0.34281414502099994,0.34281414502099994,True
Bashkir_IkskoBelsky_Kyrgyz,bash1264,6,24,24,0.5175691666666666,9,0.12812666666666667,0.6456958333333334,0.6907608874853611,0.6890293668281666,False
Bashkir_IkskoBelsky_Uran,bash1264,8,24,24,0.520503,23,0.139681875,0.6601848750000001,0.6865118028888281,0.683879184418125,False
Bashkir_Ming_Miyakinsky,bash1264,9,24,24,0.4477044444444444,23,0.14968511111111113,0.5973895555555555,0.7431571568808149,0.737711253138,False
Bashkir_North_Tabyn_Balysky,bash1264,7,24,24,0.46293057142857147,23,0.12907,0.5920005714285714,0.7326156115954694,0.7281772989802856,False
Bashkir_North_Unlar,bash1264,4,24,24,0.498163,9,0.128247,0.62641,0.7025016330096875,0.70086468070775,False
Bashkir_Tamyan_Kypcak,bash1264,7,24,24,0.334669,23,0.19316257142857143,0.5278315714285714,0.7978656073514898,0.7952639908729999,False
Belarusian,bela1254,10,24,24,0.8154476,13,0.09769829999999999,0.9131459000000001,0.32239516508224,0.3207895983232,True
Bulgarian,bulg1262,10,24,24,0.45548779999999994,13,0.29055069999999994,0.7460384999999998,0.6693575958086101,0.6666202607687001,True
Czech,czec1258,10,24,24,0.7033223,13,0.20136199999999999,0.9046843,0.4589067961083301,0.4576789172607,True
English_Cornwall,stan1293,5,24,24,0.6462264,13,0.2731176,0.9193439999999999,0.50268732817168,0.5017316265967999,True
English_Kent,stan1293,5,24,24,0.6502328,13,0.27548680000000003,0.9257196000000001,0.49703986823324,0.4961548454346,True
Estonian,esto1258,10,24,24,0.8960124,13,0.055476000000000004,0.9514884,0.19372639650315993,0.19222112700260002,True
Ezid,nort2641,7,24,9,0.533979,13,0.19765614285714284,0.7316351428571428,0.653993048610694,0.6528105723359999,True
Finnish,finn1318,8,24,24,0.83046875,13,0.0584355,0.88890425,0.3036894616708907,0.29754894228137496,True
French_Central,stan1290,26,24,24,0.5601418846153847,13,0.3358007692307693,0.895942653846154,0.565934112131318,0.561559370430423,True
French_East,stan1290,10,24,24,0.5816576,13,0.31458200000000003,0.8962396,0.5562117942881899,0.5535061660307,True
French_Northwest,stan1290,10,24,24,0.5781402000000001,13,0.3062847,0.8844249000000002,0.5657132366520299,0.5618209128135,True
French_South,stan1290,7,24,24,0.49477514285714286,13,0.486775,0.9815501428571429,0.5181545911237755,0.5174277309841429,True
French_West,stan1290,10,24,24,0.668913,13,0.2701543,0.9390673,0.4773632456221101,0.47564276503130004,True
Georgian,nucl1302,12,24,9,0.6704453333333333,13,0.26416758333333334,0.9346129166666667,0.4792626743980902,0.46984012956908333,True
German_Lipsian,stan1295,10,24,24,0.6944417000000002,13,0.22082969999999996,0.9152714000000002,0.4635847062580998,0.4615914767434,True
Hungarian1,hung1274,10,24,24,0.6476862000000001,13,0.22526960000000001,0.8729558000000002,0.5203437737166199,0.5178452982773999,True
Hungarian2,hung1274,10,24,24,0.6282098,13,0.22665839999999998,0.8548682000000001,0.54145028495685,0.5390211591678999,True
Icelandic,icel1247,12,24,24,0.7308439999999999,13,0.2081821666666667,0.9390261666666666,0.4202880942081947,0.4189543610051667,True
Iran_Non-Zoroastrian_Fars,west2369,17,24,9,0.5639541764705882,13,0.1721844705882353,0.7361386470588235,0.6333053383081004,0.628767689200294,True
Irish_Cork_Kerry,iris1253,6,24,24,0.6851988333333333,13,0.24151216666666664,0.926711,0.4680730573653611,0.4673527040328333,True
Irish_Leinster,iris1253,6,24,24,0.6807458333333334,13,0.23960716666666668,0.9203530000000001,0.4746589554962778,0.47368994232,True
Kabardinian,kaba1278,10,24,9,0.47441110000000003,24,0.23744170000000003,0.7118528000000001,0.68314746361431,0.6298314977001,True
Kurd,nort2641,9,24,9,0.5276225555555555,13,0.18423777777777778,0.7118603333333333,0.6675573842524816,0.6143952561105556,True
Kurd_WGA,nort2641,2,24,13,0.4428975,11,0.29523699999999997,0.7381344999999999,0.6941242636615,0.69343194295,True
Lithuanian,lith1251,10,24,24,0.9181112,13,0.054826699999999985,0.9729379,0.15392785375321005,0.15278840457189996,True
Mala,telu1262,16,24,17,0.8009030625,9,0.12170543749999999,0.9226084999999999,0.34278727038927337,0.34133085449125,True
Norwegian,norw1258,11,24,24,0.719120090909091,13,0.21596254545454546,0.9350826363636364,0.4340780625112395,0.43286654695872734,True
Polish_Lublin,poli1260,8,24,24,0.7499135,13,0.159861,0.9097745,0.40694859214476564,0.398704121371875,True
Polish_Poznan,poli1260,15,24,24,0.7791941999999998,13,0.14368966666666666,0.9228838666666666,0.36899979143561357,0.3670516332083333,True
Romanian,roma1327,10,24,24,0.5004818000000001,13,0.29555610000000004,0.7960379000000002,0.6372891651905098,0.6354622486128999,True
Russian,russ1263,23,24,24,0.7957701304347826,13,0.04904739130434782,0.8448175217391305,0.3592161113553779,0.3577005295748261,False
Russian_Archangelsk_Krasnoborsky,russ1263,6,24,24,0.8211360000000001,3,0.05167966666666667,0.8728156666666668,0.31990012443136107,0.31745776508783335,True
Russian_Archangelsk_Leshukonsky,russ1263,5,24,24,0.7930071999999999,3,0.08847780000000001,0.881485,0.3585053633306402,0.35699834448159995,True
Russian_Archangelsk_Pinezhsky,russ1263,5,24,24,0.8368628000000001,3,0.0771144,0.9139772000000002,0.2922499929099198,0.29150415015439995,True
Russian_Belgorod,russ1263,4,24,24,0.76476525,13,0.13013325,0.8948984999999999,0.39330252463981263,0.39079458252575006,True
Russian_Kaluga,russ1263,5,24,24,0.8178181999999999,13,0.0754872,0.8933053999999999,0.3229678192551202,0.3200863737095999,True
Russian_Kursk,russ1263,4,24,24,0.78879125,13,0.10427550000000001,0.89306675,0.3632559085337499,0.3616145600995,True
Russian_Oryol,russ1263,4,24,24,0.7808487500000001,13,0.10016800000000001,0.8810167500000001,0.37514122248424986,0.3742911953325,True
Russian_Pskov_Ostrov,russ1263,4,24,24,0.8881877499999999,13,0.05154299999999999,0.93973075,0.20763675951725025,0.2054205103575,True
Russian_Pskov_Porkhov,russ1263,3,24,24,0.8431403333333334,13,0.06296766666666667,0.906108,0.2834959301818889,0.28217055562300003,True
Russian_Ryazan_Mihailovsky,russ1263,5,24,24,0.7714948,13,0.0919562,0.8634510000000001,0.39100515611543996,0.38928374832919993,True
Russian_Ryazan_Spassk_Ryazansky,russ1263,8,24,24,0.786817,13,0.071694125,0.8585111249999999,0.3704716914256406,0.366961224343875,True
Russian_Smolensk,russ1263,7,24,24,0.8135927142857141,13,0.0936317142857143,0.9072244285714284,0.32572016971449,0.32464949009142857,True
Russian_Tver,russ1263,4,24,24,0.78861,13,0.07439575,0.86300575,0.3686828664794375,0.3669244460042499,True
Russian_Yaroslavl,russ1263,3,24,24,0.8271316666666667,13,0.08078533333333333,0.9079170000000001,0.3075985976072222,0.3066583151063334,True
Saami,nort2671,3,24,24,0.7243663333333333,3,0.14498533333333333,0.8693516666666666,0.44743462508422216,0.44467890178533326,True
Spanish_Balearic,stan1288,4,24,13,0.4346,24,0.41482775,0.84942775,0.6260568288038125,0.6232884618047501,True
Spanish_Cataluna,stan1289,5,24,24,0.4706612,13,0.43601900000000005,0.9066802,0.5840781749999999,0.5819670495468,True
Spanish_Galicia,gali1258,5,24,24,0.4416787999999999,13,0.432257,0.8739357999999999,0.6133694866625601,0.61096806869,True
Spanish_Valencia,stan1289,5,24,13,0.461932,24,0.43965160000000003,0.9015836,0.5890843541687599,0.5871023154914,True
Tatar_Kazan,tata1255,13,24,24,0.54896,9,0.13063823076923076,0.6795982307692308,0.663372214421071,0.6608039897571539,False
Tatar_Mishar,tata1255,9,24,24,0.6220696666666666,9,0.10470333333333331,0.7267729999999999,0.5860467768248272,0.5825177448096667,True
Turkish_Adana,nucl1301,10,24,9,0.4266961,13,0.27005460000000003,0.6967507000000001,0.7196782082582,0.7070706132314,False
Turkish_Aydin,nucl1301,10,24,9,0.362548,13,0.2586351,0.6211831,0.7637508068611,0.7463422187206001,False
Turkish_Balikesir,nucl1301,11,24,9,0.3416257272727273,13,0.27546163636363635,0.6170873636363636,0.7670585700343389,0.7593333691080908,False
Turkish_Istanbul,nucl1301,11,24,9,0.3863893636363636,13,0.2684281818181819,0.6548175454545455,0.7403907823222149,0.7079133500009092,False
Turkish_Kayseri,nucl1301,10,24,9,0.4577330999999999,13,0.2825719,0.7403049999999999,0.6939160203856501,0.6914138727669,True
Turkish_Trabzon,nucl1301,10,24,9,0.5590515,13,0.34514269999999997,0.9041942000000001,0.56430769522759,0.5614371976057,True
Bergamo,ital1282,13,24,13,0.4352617692307692,24,0.3900186153846154,0.8252803846153847,0.6359232822037396,0.6343745875987691,True
Tuscan,ital1282,8,24,13,0.41512387500000003,24,0.326648875,0.74177275,0.6785905731636719,0.677407441399375,True
Ukrainian_East,ukra1253,6,24,24,0.7794871666666667,13,0.108045,0.8875321666666667,0.37347744226522217,0.3717062520743333,True
Ukrainian_Rovenskaya,ukra1253,3,24,24,0.7815786666666668,13,0.123743,0.9053216666666668,0.3693395720985555,0.3682908501043333,True
Ukrainian_Sumskaya,ukra1253,5,24,24,0.7738882,13,0.1354048,0.909293,0.37820316982608004,0.3772827188211999,True
Ukrainian_West,ukra1253,3,24,24,0.7083683333333334,13,0.15949866666666668,0.867867,0.4649818176796665,0.4639065679303333,True
Ukrainian_Zhitomirskaya,ukra1253,3,24,24,0.7713786666666667,13,0.118392,0.8897706666666667,0.3852921568041111,0.3830560731596666,True
Adygei,adyg1241,18,25,24,0.5526896111111111,3,0.1883246111111111,0.7410142222222222,0.6245102109533271,0.6161020024681112,True
Adygei_Mamkheg,adyg1241,4,25,24,0.5686375,3,0.1873555,0.755993,0.61145127685725,0.6070264441269999,True
Armenian,nucl1235,11,25,24,0.5822330909090909,3,0.29673363636363637,0.8789667272727273,0.5646317786341488,0.5634614548412726,True
Armenian_WGA,nucl1235,3,25,24,0.537302,3,0.21298533333333333,0.7502873333333333,0.6238285189756667,0.6228278429470001,True
Ashkenazi_Jew,east2295,8,25,3,0.35434137499999996,24,0.24913212499999998,0.6034735,0.7390195360850313,0.72578626203375,False
Azeri_Azerbajan,nort2697,9,25,24,0.5339725555555556,3,0.22217244444444445,0.7561450000000001,0.6540081572369258,0.6517065341367778,True
Azeri_Dagestan,nort2697,7,25,24,0.5514874285714286,3,0.189803,0.7412904285714286,0.640638635107796,0.6365770274797143,True
Azeri_WGA,nort2697,2,25,24,0.541577,8,0.20370149999999998,0.7452785,0.643677376187,0.643319418361,True
BantuSA_Zulu,zulu1248,1,25,1,0.814893,19,0.124739,0.939632,0.31762138508400006,0.31762138508400006,True
Bashkir_IkskoBelsky_Kyrgyz,bash1264,6,25,25,0.5161436666666667,24,0.12623316666666665,0.6423768333333333,0.6926690095510555,0.6909455455093333,False
Bashkir_IkskoBelsky_Uran,bash1264,8,25,25,0.5181297500000001,18,0.13669187500000002,0.6548216250000001,0.6892774296407812,0.6867316528277501,False
Bashkir_Ming_Miyakinsky,bash1264,9,25,25,0.44677933333333336,18,0.146918,0.5936973333333333,0.7443663389293333,0.7390987057813333,False
Bashkir_North_Tabyn_Balysky,bash1264,7,25,25,0.4630205714285714,18,0.1257404285714286,0.588761,0.733304547421,0.7289276957321428,False
Bashkir_North_Unlar,bash1264,4,25,25,0.49755775,24,0.12553275,0.6230905,0.7042564042424999,0.7026460761725,False
Bashkir_Tamyan_Kypcak,bash1264,7,25,25,0.3358262857142857,18,0.19022071428571433,0.526047,0.7984170363075307,0.7958488761995713,False
Belarusian,bela1254,10,25,25,0.8018276999999999,3,0.11471709999999999,0.9165447999999999,0.3408854182209001,0.33933617626940005,True
Bulgarian,bulg1262,10,25,25,0.43937269999999995,3,0.30723469999999997,0.7466073999999999,0.6710905893691601,0.6683988067628,True
Czech,czec1258,10,25,25,0.6856616000000001,3,0.2206771,0.9063387,0.4753661591256799,0.4740790010834,True
English_Cornwall,stan1293,5,25,25,0.6225236,3,0.29808819999999997,0.9206117999999999,0.5188727915747201,0.5179242663908001,True
English_Kent,stan1293,5,25,25,0.6266618,3,0.30139520000000003,0.9280570000000001,0.5126251660279999,0.5117631653699999,True
Estonian,esto1258,10,25,25,0.8831887,3,0.07174230000000001,0.9549310000000001,0.21452140186955992,0.21302268323380003,True
Ezid,nort2641,7,25,24,0.5544231428571428,3,0.19600271428571428,0.750425857142857,0.6377989247587961,0.6367228174072856,True
Finnish,finn1318,8,25,25,0.8208782500000001,3,0.07017324999999999,0.8910515000000001,0.31808032610482784,0.311338914766625,True
French_Central,stan1290,26,25,25,0.5351428076923076,3,0.35972042307692315,0.8948632307692308,0.5768842048613536,0.572377443179577,True
French_East,stan1290,10,25,25,0.5563089999999999,3,0.3387465,0.8950555,0.56905467254622,0.5663156230444001,True
French_Northwest,stan1290,10,25,25,0.5530777999999998,3,0.3306747,0.8837524999999998,0.5785072092652301,0.5748359449303,True
French_South,stan1290,7,25,3,0.5237324285714287,25,0.4556342857142857,0.9793667142857143,0.5179939459105714,0.517162148324,True
French_West,stan1290,10,25,25,0.6436619,3,0.2972346,0.9408965,0.4954351079403,0.4937269943094,True
Georgian,nucl1302,12,25,24,0.6727296666666667,3,0.2590370833333333,0.93176675,0.4791195251782777,0.47278464564716666,True
German_Lipsian,stan1295,10,25,25,0.6740638000000001,3,0.24228240000000004,0.9163462000000001,0.4817871106148599,0.4799140086662,True
Hungarian1,hung1274,10,25,25,0.6293116999999999,3,0.24564830000000004,0.87496,0.5339527250149001,0.5317808828006001,True
Hungarian2,hung1274,10,25,25,0.6109199,3,0.2446873,0.8556071999999999,0.5541537979598601,0.5517248382650001,True
Icelandic,icel1247,12,25,25,0.7097679166666667,3,0.23231633333333332,0.9420842500000001,0.44039875778859017,0.43912538014691666,True
Iran_Non-Zoroastrian_Fars,west2369,17,25,24,0.5783419411764706,3,0.1675094117647059,0.7458513529411765,0.6215369366766574,0.6171385061727059,True
Irish_Cork_Kerry,iris1253,6,25,25,0.6621616666666666,3,0.26752400000000004,0.9296856666666666,0.4864511128639445,0.4857213386006667,True
Irish_Leinster,iris1253,6,25,25,0.6582686666666666,3,0.26583783333333333,0.9241064999999999,0.49223834225125007,0.49131566092316675,True
Kabardinian,kaba1278,10,25,24,0.4703648,25,0.2418574,0.7122222,0.68495701084426,0.6353974482962,True
Kurd,nort2641,9,25,24,0.5447185555555555,3,0.18366022222222222,0.7283787777777777,0.6528948598075803,0.5976836754468889,True
Kurd_WGA,nort2641,2,25,3,0.421103,8,0.33493249999999997,0.7560355,0.6911052100795,0.690477523642,True
Lithuanian,lith1251,10,25,25,0.9035876999999999,3,0.07205500000000001,0.9756426999999999,0.17823241688536018,0.17711217522099998,True
Mala,telu1262,16,25,7,0.7987593749999999,24,0.116719875,0.91547925,0.347310743701176,0.34579162256631246,True
Norwegian,norw1258,11,25,25,0.6969235454545455,3,0.24004599999999998,0.9369695454545455,0.4548198081763636,0.4535477386412728,True
Polish_Lublin,poli1260,8,25,25,0.7332665,3,0.17958875000000002,0.91285525,0.42503108903609366,0.4162467728155,True
Polish_Poznan,poli1260,15,25,25,0.7634395333333334,3,0.16179733333333335,0.9252368666666667,0.3878432260510133,0.38588554577493334,True
Romanian,roma1327,10,25,25,0.48203900000000005,3,0.3137191,0.7957581,0.64280507128141,0.6408742810713001,True
Russian,russ1263,23,25,25,0.7876626086956521,3,0.06167965217391304,0.8493422608695651,0.37095339518591885,0.36945873379439126,True
Russian_Archangelsk_Krasnoborsky,russ1263,6,25,25,0.8120046666666667,3,0.05768633333333333,0.869691,0.33356647598141664,0.3310630724581667,True
Russian_Archangelsk_Leshukonsky,russ1263,5,25,25,0.791822,11,0.08954279999999999,0.8813648000000001,0.36079249965988003,0.359022167101,True
Russian_Archangelsk_Pinezhsky,russ1263,5,25,25,0.8340019999999999,11,0.0779934,0.9119953999999999,0.29707936769800014,0.2962142283884,True
Russian_Belgorod,russ1263,4,25,25,0.75061025,3,0.146704,0.89731425,0.409981081607125,0.40763179351699996,True
Russian_Kaluga,russ1263,5,25,25,0.8039417999999999,3,0.09428299999999999,0.8982247999999999,0.3421604407463601,0.33973875966020006,True
Russian_Kursk,russ1263,4,25,25,0.7747065000000001,3,0.1214915,0.896198,0.38136319994412493,0.379753090739,True
Russian_Oryol,russ1263,4,25,25,0.7684300000000001,3,0.11675775,0.88518775,0.3905385602251249,0.3897883933325,True
Russian_Pskov_Ostrov,russ1263,4,25,25,0.8771807500000001,3,0.06915175,0.9463325,0.22510543138356243,0.22284422961574998,True
Russian_Pskov_Porkhov,russ1263,3,25,25,0.8348483333333333,3,0.07743766666666667,0.9122859999999999,0.2956266337907778,0.2944243814156667,True
Russian_Ryazan_Mihailovsky,russ1263,5,25,25,0.7602032000000001,3,0.10661800000000002,0.8668212000000001,0.4055822609783999,0.40411782832599996,True
Russian_Ryazan_Spassk_Ryazansky,russ1263,8,25,25,0.7756728749999999,3,0.08754275,0.8632156249999999,0.3853385193418126,0.38211561654225,True
Russian_Smolensk,russ1263,7,25,25,0.8004482857142856,3,0.11087185714285715,0.9113201428571428,0.3433538179554084,0.3424679542772857,True
Russian_Tver,russ1263,4,25,25,0.77748425,3,0.0901055,0.86758975,0.38355825192393755,0.38186575645025,True
Russian_Yaroslavl,russ1263,3,25,25,0.814815,3,0.09614233333333333,0.9109573333333333,0.32512691252188897,0.32430050802033333,True
Saami,nort2671,3,25,25,0.725905,11,0.146571,0.872476,0.4456533140562221,0.4428888524986667,True
Spanish_Balearic,stan1288,4,25,3,0.452512,25,0.38890099999999994,0.841413,0.6309034094919375,0.62799813419925,True
Spanish_Cataluna,stan1289,5,25,3,0.4582884,25,0.4410292,0.8993176,0.59097687592156,0.5889391852702,True
Spanish_Galicia,gali1258,5,25,3,0.45022399999999996,25,0.413772,0.863996,0.6201478821742,0.6179076040446,True
Spanish_Valencia,stan1289,5,25,3,0.4824306,25,0.40964340000000005,0.892074,0.5950537134245999,0.5929872068594,True
Tatar_Kazan,tata1255,13,25,25,0.545554,24,0.12869823076923076,0.6742522307692307,0.666879864888142,0.6644033549684614,False
Tatar_Mishar,tata1255,9,25,25,0.6141897777777778,24,0.10360100000000001,0.7177907777777779,0.5942881647524444,0.5909590553308889,True
Turkish_Adana,nucl1301,10,25,24,0.44828239999999997,3,0.2700952,0.7183776,0.70581518657214,0.6940633323592,True
Turkish_Aydin,nucl1301,10,25,24,0.3753504,3,0.2617359,0.6370863,0.75564090699708,0.7390375189816,False
Turkish_Balikesir,nucl1301,11,25,24,0.35374181818181816,3,0.28053945454545454,0.6342812727272726,0.7592993272083802,0.7517012638561819,False
Turkish_Istanbul,nucl1301,11,25,24,0.39802463636363633,3,0.2740719090909091,0.6720965454545454,0.7313129778877521,0.6996735947314545,False
Turkish_Kayseri,nucl1301,10,25,24,0.4776129,3,0.28727040000000004,0.7648833,0.6773631670167299,0.6749491464533001,True
Turkish_Trabzon,nucl1301,10,25,24,0.572041,3,0.3468297,0.9188707,0.55033453678736,0.5475968593014,True
Bergamo,ital1282,13,25,3,0.45683599999999996,25,0.3648863076923077,0.8217223076923077,0.6343546585165266,0.6327874625174617,True
Tuscan,ital1282,8,25,3,0.43369075,25,0.3047665,0.73845725,0.6729838289539687,0.671769870394,True
Ukrainian_East,ukra1253,6,25,25,0.7678079999999999,3,0.12263166666666665,0.8904396666666666,0.3883844817224723,0.3865634925998333,True
Ukrainian_Rovenskaya,ukra1253,3,25,25,0.767379,3,0.14160999999999999,0.908989,0.386558300228,0.38564027913933324,True
Ukrainian_Sumskaya,ukra1253,5,25,25,0.7592482,3,0.1526984,0.9119466,0.39582085094139996,0.39473922371059994,True
Ukrainian_West,ukra1253,3,25,25,0.6947766666666667,3,0.174557,0.8693336666666667,0.4789742531234443,0.4780118851516666,True
Ukrainian_Zhitomirskaya,ukra1253,3,25,25,0.7574443333333334,3,0.13559233333333334,0.8930366666666667,0.40216008186133334,0.4001986825673333,True
Adygei,adyg1241,18,26,15,0.5600317222222223,16,0.19212922222222226,0.7521609444444446,0.6179617380293332,0.6092586242301111,True
Adygei_Mamkheg,adyg1241,4,26,15,0.57524475,16,0.1929775,0.76822225,0.6051054273115001,0.6005561852825,True
Armenian,nucl1235,11,26,15,0.5567893636363638,16,0.29421236363636366,0.8510017272727275,0.5887247292886031,0.5872318257291819,True
Armenian_WGA,nucl1235,3,26,15,0.49002799999999996,13,0.258535,0.748563,0.6505291349751112,0.6494834465093334,True
Ashkenazi_Jew,east2295,8,26,16,0.3508987499999999,17,0.2508215,0.6017202499999998,0.7431624615798906,0.729972534245375,False
Azeri_Azerbajan,nort2697,9,26,15,0.5173637777777779,16,0.22236133333333333,0.7397251111111112,0.6680144221034936,0.6655585833076665,True
Azeri_Dagestan,nort2697,7,26,15,0.5467571428571428,16,0.19275485714285714,0.739512,0.6457682400531837,0.6417089225191429,True
Azeri_WGA,nort2697,2,26,15,0.500325,13,0.2554155,0.7557405,0.66477436373125,0.6643649124725,True
BantuSA_Zulu,zulu1248,1,26,11,0.799127,1,0.124345,0.9234720000000001,0.3428283170629999,0.3428283170629999,True
Bashkir_IkskoBelsky_Kyrgyz,bash1264,6,26,17,0.5168665,15,0.1278385,0.644705,0.6918805859375832,0.6901167527771667,False
Bashkir_IkskoBelsky_Uran,bash1264,8,26,17,0.519779125,5,0.13914300000000002,0.658922125,0.6876111189434062,0.684943311766,False
Bashkir_Ming_Miyakinsky,bash1264,9,26,17,0.4470585555555554,5,0.149112,0.5961705555555554,0.7441810914228397,0.7387301316195555,False
Bashkir_North_Tabyn_Balysky,bash1264,7,26,17,0.46215500000000004,5,0.12850314285714287,0.5906581428571429,0.7337171099763673,0.7293117217465716,False
Bashkir_North_Unlar,bash1264,4,26,17,0.49738550000000004,15,0.12796174999999999,0.62534725,0.7037330360106875,0.70210698950125,False
Bashkir_Tamyan_Kypcak,bash1264,7,26,17,0.3340904285714286,5,0.19257942857142857,0.5266698571428572,0.7988786903745306,0.7962898838691428,False
Belarusian,bela1254,10,26,17,0.8145130999999999,16,0.09739070000000001,0.9119037999999999,0.32401759012413023,0.32240712092789997,True
Bulgarian,bulg1262,10,26,17,0.45505490000000004,16,0.29018180000000005,0.7452367000000001,0.6700989493812499,0.6673461000957001,True
Czech,czec1258,10,26,17,0.7029487999999999,16,0.2008731,0.9038219,0.45966108568004005,0.4584303750238,True
English_Cornwall,stan1293,5,26,17,0.6459235999999999,16,0.272598,0.9185215999999999,0.5034098915182801,0.5024463844934,True
English_Kent,stan1293,5,26,17,0.6502818,16,0.2748736,0.9251554,0.4973368067326399,0.4964415962392,True
Estonian,esto1258,10,26,17,0.8950138000000001,16,0.05513,0.9501438000000001,0.19556117642401982,0.1940455260473999,True
Ezid,nort2641,7,26,15,0.533472,16,0.197161,0.730633,0.6547704398669184,0.6535915156195714,True
Finnish,finn1318,8,26,17,0.829473375,16,0.058179625,0.8876529999999999,0.3054286860021407,0.29929692240237493,True
French_Central,stan1290,26,26,17,0.5597953076923077,16,0.33527980769230764,0.8950751153846153,0.5667310069859527,0.5623821357972308,True
French_East,stan1290,10,26,17,0.5810172,16,0.3142712,0.8952884,0.5572024153222699,0.5545307251115,True
French_Northwest,stan1290,10,26,17,0.5779549,16,0.3058747,0.8838296000000001,0.5662208908664699,0.5623419080063,True
French_South,stan1290,7,26,17,0.4946852857142857,16,0.4862377142857142,0.980923,0.5187683738950204,0.5180240199439999,True
French_West,stan1290,10,26,17,0.6684875,16,0.2698108,0.9382983,0.47815355539636994,0.47643124572850004,True
Georgian,nucl1302,12,26,15,0.6697143333333333,16,0.26349466666666665,0.933209,0.48059881537868765,0.47118669519108325,True
German_Lipsian,stan1295,10,26,17,0.6939282,16,0.2203545,0.9142827,0.46452706219385,0.4625429265058999,True
Hungarian1,hung1274,10,26,17,0.6469454,16,0.22505150000000002,0.8719969000000001,0.5214674424066699,0.5189627136356999,True
Hungarian2,hung1274,10,26,17,0.6274648,16,0.2263674,0.8538322,0.54258423256229,0.5401670243857,True
Icelandic,icel1247,12,26,17,0.73037925,16,0.20779475000000003,0.9381740000000001,0.42115371903345133,0.41983279181774985,True
Iran_Non-Zoroastrian_Fars,west2369,17,26,15,0.5632827058823531,16,0.17186876470588236,0.7351514705882354,0.6342853136024116,0.6297423416912351,True
Irish_Cork_Kerry,iris1253,6,26,17,0.684765,16,0.24109683333333334,0.9258618333333333,0.46892916284238884,0.4682119802539999,True
Irish_Leinster,iris1253,6,26,17,0.6800941666666667,16,0.23916216666666668,0.9192563333333333,0.4758174850159167,0.4748464245278334,True
Kabardinian,kaba1278,10,26,15,0.4739245,17,0.23687390000000003,0.7107984,0.6841169613126199,0.6309258069834,True
Kurd,nort2641,9,26,15,0.5270999999999999,16,0.18391300000000002,0.7110129999999999,0.6683408010545926,0.6152926708124444,True
Kurd_WGA,nort2641,2,26,16,0.4428415,13,0.294811,0.7376525,0.69444946230375,0.6937353358164999,True
Lithuanian,lith1251,10,26,17,0.9172111000000001,16,0.0545596,0.9717707000000001,0.15560957972369993,0.15447043953239997,True
Mala,telu1262,16,26,20,0.7984084374999999,15,0.1206245625,0.9190329999999999,0.3470322965409104,0.3455522343406875,True
Norwegian,norw1258,11,26,17,0.7185130909090909,16,0.21552563636363634,0.9340387272727272,0.4351708499665786,0.4339550329618182,True
Polish_Lublin,poli1260,8,26,17,0.7492242499999999,16,0.15947025,0.9086945,0.40815704214054693,0.3999319151286249,True
Polish_Poznan,poli1260,15,26,17,0.7786356,16,0.14330953333333338,0.9219451333333334,0.3700035918282667,0.3680531351073333,True
Romanian,roma1327,10,26,17,0.49990140000000005,16,0.2952796,0.795181,0.63812175076233,0.6362908370817,True
Russian,russ1263,23,26,17,0.7947888260869567,16,0.048760565217391305,0.8435493913043479,0.36088781890155175,0.3593550356884783,False
Russian_Archangelsk_Krasnoborsky,russ1263,6,26,17,0.8201681666666668,25,0.051320333333333336,0.8714885000000001,0.3215777761338886,0.3191109208316666,True
Russian_Archangelsk_Leshukonsky,russ1263,5,26,17,0.7917636,25,0.0878096,0.8795732,0.36071534636556,0.35919946650859996,True
Russian_Archangelsk_Pinezhsky,russ1263,5,26,17,0.8357505999999999,25,0.0767848,0.9125353999999999,0.29418735168588017,0.29342076822539986,True
Russian_Belgorod,russ1263,4,26,17,0.764292,16,0.12964599999999998,0.8939379999999999,0.39418706238425005,0.391701174409,True
Russian_Kaluga,russ1263,5,26,17,0.8169168000000001,16,0.0752458,0.8921626000000001,0.32451872386771974,0.3216560995049999,True
Russian_Kursk,russ1263,4,26,17,0.787582,16,0.10402625,0.89160825,0.36526153484187485,0.363617630297,True
Russian_Oryol,russ1263,4,26,17,0.78032675,16,0.09978075,0.8801074999999999,0.37604353480581254,0.37518113080774995,True
Russian_Pskov_Ostrov,russ1263,4,26,17,0.887668,16,0.050985,0.938653,0.20862612730325003,0.20637865439949993,True
Russian_Pskov_Porkhov,russ1263,3,26,17,0.8426856666666667,16,0.06247466666666666,0.9051603333333333,0.28433581593511104,0.2830103189393333,True
Russian_Ryazan_Mihailovsky,russ1263,5,26,17,0.7706514,16,0.0916234,0.8622748,0.39240590732259994,0.3906765823481999,True
Russian_Ryazan_Spassk_Ryazansky,russ1263,8,26,17,0.786017,16,0.071389625,0.857406625,0.37182770989992187,0.36831092206637495,True
Russian_Smolensk,russ1263,7,26,17,0.812866,16,0.09329542857142858,0.9061614285714286,0.326995846605041,0.325930336435,True
Russian_Tver,russ1263,4,26,17,0.7877615,16,0.07398075,0.86174225,0.370134443363875,0.36835736157849985,True
Russian_Yaroslavl,russ1263,3,26,17,0.8261479999999999,16,0.08052466666666666,0.9066726666666666,0.309301813265889,0.308369617583,True
Saami,nort2671,3,26,17,0.7229096666666667,25,0.14452733333333334,0.867437,0.4497847851905554,0.4470072228296666,True
Spanish_Balearic,stan1288,4,26,16,0.43433750000000004,17,0.41446775,0.8488052500000001,0.6266293830947499,0.6238097297324999,True
Spanish_Cataluna,stan1289,5,26,17,0.46992319999999993,16,0.43565899999999996,0.9055821999999999,0.58513707513412,0.5830139511854,True
Spanish_Galicia,gali1258,5,26,17,0.4412692,16,0.43209220000000004,0.8733614000000001,0.6139147280942799,0.6115188665874,True
Spanish_Valencia,stan1289,5,26,16,0.46161399999999997,17,0.43922360000000005,0.9008376,0.58978703304088,0.5877773924792,True
Tatar_Kazan,tata1255,13,26,17,0.5482673076923077,15,0.1303643076923077,0.6786316153846154,0.6644284867873018,0.6618213140181537,False
Tatar_Mishar,tata1255,9,26,17,0.6211131111111111,15,0.10443288888888887,0.725546,0.5874648173511234,0.5839511095736667,True
Turkish_Adana,nucl1301,10,26,15,0.42627820000000005,16,0.2697261,0.6960043,0.72033175957857,0.7077364649189,False
Turkish_Aydin,nucl1301,10,26,15,0.36214070000000004,16,0.2583577,0.6204984,0.7643722454822,0.7469906797295999,False
Turkish_Balikesir,nucl1301,11,26,15,0.34127390909090916,16,0.27513136363636365,0.6164052727272729,0.7676495007211405,0.7599149791059999,False
Turkish_Istanbul,nucl1301,11,26,15,0.3859849090909091,16,0.2680459090909091,0.6540308181818182,0.7410664036228927,0.7086399403078182,False
Turkish_Kayseri,nucl1301,10,26,15,0.4572678,16,0.28246479999999996,0.7397326,0.6945689931030901,0.6920767126141,True
Turkish_Trabzon,nucl1301,10,26,15,0.5586932,16,0.3446499,0.9033431000000001,0.565081083347,0.5622329419669999,True
Bergamo,ital1282,13,26,16,0.4349935384615385,17,0.3899536153846154,0.8249471538461539,0.6362745929426923,0.6347336030674615,True
Tuscan,ital1282,8,26,16,0.414949125,17,0.32650700000000005,0.741456125,0.6790133648447969,0.677820875718625,True
Ukrainian_East,ukra1253,6,26,17,0.7787655,16,0.10764433333333333,0.8864098333333333,0.3747355257397502,0.3729899157518333,True
Ukrainian_Rovenskaya,ukra1253,3,26,17,0.7807513333333334,16,0.12347800000000002,0.9042293333333333,0.3707577903706666,0.36970215998799993,True
Ukrainian_Sumskaya,ukra1253,5,26,17,0.7733000000000001,16,0.1348896,0.9081896,0.3792663548551598,0.3783265670905999,True
Ukrainian_West,ukra1253,3,26,17,0.707507,16,0.15931199999999998,0.866819,0.4663381392828888,0.465277485866,True
Ukrainian_Zhitomirskaya,ukra1253,3,26,17,0.7705566666666668,16,0.11804033333333334,0.8885970000000001,0.3866788717388888,0.3844787837426666,True
Adygei,adyg1241,18,27,8,0.5595916666666667,22,0.1904381666666667,0.7500298333333334,0.6195518956144567,0.6108225694619999,True
Adygei_Mamkheg,adyg1241,4,27,8,0.5742849999999999,22,0.19118525,0.7654702499999999,0.6078313068474375,0.6032233486082501,True
Armenian,nucl1235,11,27,8,0.5555946363636363,22,0.2930671818181818,0.8486618181818181,0.5908720608335207,0.5892657661238182,True
Armenian_WGA,nucl1235,3,27,8,0.4905003333333333,12,0.2579686666666667,0.748469,0.6509859222751111,0.6499575493753332,True
Ashkenazi_Jew,east2295,8,27,22,0.35041612499999997,19,0.24992749999999997,0.6003436249999999,0.7440664931953593,0.730765429394375,False
Azeri_Azerbajan,nort2697,9,27,8,0.5167372222222223,22,0.22132933333333332,0.7380665555555557,0.6695220555406419,0.6666516129195554,True
Azeri_Dagestan,nort2697,7,27,8,0.5468951428571429,22,0.19136842857142858,0.7382635714285715,0.6463354098993468,0.6420426569565715,True
Azeri_WGA,nort2697,2,27,8,0.5000195000000001,12,0.25451250000000003,0.7545320000000001,0.6659593872454999,0.665466081119,True
BantuSA_Zulu,zulu1248,1,27,1,0.799139,6,0.124349,0.9234880000000001,0.3428087475249998,0.3428087475249998,True
Bashkir_IkskoBelsky_Kyrgyz,bash1264,6,27,19,0.5119555,8,0.12551883333333333,0.6374743333333334,0.7003081699341112,0.6983106225113334,False
Bashkir_IkskoBelsky_Uran,bash1264,8,27,19,0.51350725,10,0.10679224999999999,0.6202995,0.7005614901748437,0.6955898158087499,False
Bashkir_Ming_Miyakinsky,bash1264,9,27,19,0.43939633333333333,27,0.1241361111111111,0.5635324444444444,0.758915367267716,0.7528410944781111,False
Bashkir_North_Tabyn_Balysky,bash1264,7,27,19,0.45779314285714284,10,0.12770371428571428,0.5854968571428572,0.7419873006404287,0.7373811357850001,False
Bashkir_North_Unlar,bash1264,4,27,19,0.49437799999999993,10,0.131309,0.6256869999999999,0.7082225989936876,0.7061574638552499,False
Bashkir_Tamyan_Kypcak,bash1264,7,27,19,0.32455385714285717,10,0.13994185714285715,0.46449571428571435,0.8209179178649387,0.8172527652597144,False
Belarusian,bela1254,10,27,19,0.8142758000000001,22,0.0960535,0.9103293000000001,0.3245887389586597,0.32291640377059994,True
Bulgarian,bulg1262,10,27,19,0.4537884000000001,22,0.28955729999999996,0.7433457000000001,0.67161910413379,0.6688470956429,True
Czech,czec1258,10,27,19,0.7020842999999999,22,0.1997699,0.9018541999999998,0.4612472245054702,0.4599422748273,True
English_Cornwall,stan1293,5,27,19,0.6460682000000001,22,0.27175160000000004,0.9178198000000002,0.5036022860892797,0.5026412083376,True
English_Kent,stan1293,5,27,19,0.6498136,22,0.273935,0.9237485999999999,0.49843971802004006,0.4974985312153999,True
Estonian,esto1258,10,27,19,0.8927483,22,0.054001900000000005,0.9467502000000001,0.19966127085665986,0.19810583359999995,True
Ezid,nort2641,7,27,8,0.5321157142857142,22,0.19610185714285716,0.7282175714285715,0.6570494988726735,0.6558054703067143,True
Finnish,finn1318,8,27,19,0.8264711250000001,22,0.057654624999999994,0.88412575,0.3106886170653279,0.304412921257625,True
French_Central,stan1290,26,27,19,0.5592689615384616,22,0.3345561538461538,0.8938251153846154,0.5677427157237913,0.563361837942423,True
French_East,stan1290,10,27,19,0.5806069999999999,22,0.3134108,0.8940177999999999,0.5582240866045101,0.5555248930633,True
French_Northwest,stan1290,10,27,19,0.5773037,22,0.3048946,0.8821983,0.56750927422112,0.5635765320216,True
French_South,stan1290,7,27,19,0.49416800000000005,22,0.48597414285714285,0.9801421428571429,0.5195259240860611,0.5187643021247142,True
French_West,stan1290,10,27,19,0.6684562,22,0.26865940000000005,0.9371156,0.47873424596120007,0.4770092357764,True
Georgian,nucl1302,12,27,8,0.6705690000000001,22,0.26131258333333335,0.9318815833333334,0.4805888910950553,0.471130032082,True
German_Lipsian,stan1295,10,27,19,0.6933521999999999,22,0.21938199999999997,0.9127341999999998,0.46565252217743014,0.46364021122429994,True
Hungarian1,hung1274,10,27,19,0.645672,22,0.2240732,0.8697452,0.5234359430656301,0.5208950663775,True
Hungarian2,hung1274,10,27,19,0.6269582,22,0.22532579999999997,0.852284,0.54351709177098,0.5410591920582,True
Icelandic,icel1247,12,27,19,0.72949725,22,0.20682883333333338,0.9363260833333333,0.42282607174911124,0.4214563399691666,True
Iran_Non-Zoroastrian_Fars,west2369,17,27,8,0.5634295294117646,22,0.170906,0.7343355294117646,0.6347228707390209,0.6301147070245294,True
Irish_Cork_Kerry,iris1253,6,27,19,0.6843686666666665,22,0.24030766666666661,0.9246763333333331,0.4697853289293892,0.469058204648,True
Irish_Leinster,iris1253,6,27,19,0.6797406666666665,22,0.238113,0.9178536666666666,0.4767737777414446,0.47578091323599997,True
Kabardinian,kaba1278,10,27,8,0.4741346,19,0.23626439999999999,0.710399,0.68485162267479,0.6315595007465,True
Kurd,nort2641,9,27,8,0.5259005555555556,22,0.182978,0.7088785555555556,0.6703353630305431,0.6171510694953333,True
Kurd_WGA,nort2641,2,27,22,0.443372,12,0.294177,0.737549,0.69456217479725,0.6937679522505,True
Lithuanian,lith1251,10,27,19,0.9172358,22,0.05339320000000001,0.9706290000000001,0.15568458083090997,0.15448092450089995,True
Mala,telu1262,16,27,9,0.7967759999999999,8,0.11928956249999999,0.9160655624999999,0.34992812811426577,0.34839140699212495,True
Norwegian,norw1258,11,27,19,0.7178672727272727,22,0.21465154545454546,0.9325188181818181,0.4364321206293472,0.43516645683718186,True
Polish_Lublin,poli1260,8,27,19,0.74904075,22,0.1582555,0.90729625,0.40868023271431253,0.400510379348,True
Polish_Poznan,poli1260,15,27,19,0.7778455333333334,22,0.14223533333333335,0.9200808666666668,0.37144839537341334,0.3694337611254666,True
Romanian,roma1327,10,27,19,0.4989387999999999,22,0.2943214,0.7932602,0.6394248380038301,0.6375844618773,True
Russian,russ1263,23,27,19,0.7909428695652175,22,0.04806539130434783,0.8390082608695654,0.3670821474083835,0.3654424930217826,False
Russian_Archangelsk_Krasnoborsky,russ1263,6,27,19,0.8143916666666667,22,0.04351516666666667,0.8579068333333334,0.3310060048572222,0.328978428334,False
Russian_Archangelsk_Leshukonsky,russ1263,5,27,19,0.7869474000000001,13,0.0739452,0.8608926000000001,0.3696287084515598,0.36782408122300003,True
Russian_Archangelsk_Pinezhsky,russ1263,5,27,19,0.8325096000000001,13,0.0690026,0.9015122000000001,0.30061474648763997,0.29963909417659995,True
Russian_Belgorod,russ1263,4,27,19,0.76388275,22,0.12814124999999998,0.892024,0.3951799800538124,0.39261783395125005,True
Russian_Kaluga,russ1263,5,27,19,0.8161019999999999,22,0.0738252,0.8899271999999999,0.32608240719876025,0.32321777699779997,True
Russian_Kursk,russ1263,4,27,19,0.785351,22,0.103043,0.888394,0.3689622201479372,0.36723955416825005,True
Russian_Oryol,russ1263,4,27,19,0.7780165,22,0.09882624999999999,0.87684275,0.37987479621612497,0.37885265728549994,True
Russian_Pskov_Ostrov,russ1263,4,27,19,0.886489,22,0.04976725,0.93625625,0.2108465414458126,0.20848365890225,False
Russian_Pskov_Porkhov,russ1263,3,27,19,0.8398460000000001,22,0.06139633333333334,0.9012423333333335,0.2892613456015555,0.2877486662533333,True
Russian_Ryazan_Mihailovsky,russ1263,5,27,19,0.7683726,22,0.0902866,0.8586592,0.3962645621505201,0.39443343905780004,True
Russian_Ryazan_Spassk_Ryazansky,russ1263,8,27,19,0.78295825,22,0.070338625,0.853296875,0.37686142730225003,0.37328583375149993,True
Russian_Smolensk,russ1263,7,27,19,0.8109727142857143,22,0.09241128571428571,0.903384,0.3302016907941224,0.32906963576,True
Russian_Tver,russ1263,4,27,19,0.7855715,22,0.0724495,0.8580209999999999,0.37389923968381245,0.3718312593047499,True
Russian_Yaroslavl,russ1263,3,27,19,0.8228839999999998,22,0.07979366666666667,0.9026776666666665,0.314923130768778,0.3139362690923333,True
Saami,nort2671,3,27,19,0.7163343333333333,13,0.12067266666666666,0.837007,0.4597616815368889,0.457172528306,True
Spanish_Balearic,stan1288,4,27,22,0.43405825,19,0.41342625,0.8474845,0.6276425055309376,0.62485629146425,True
Spanish_Cataluna,stan1289,5,27,19,0.46873699999999996,22,0.4353624,0.9040994,0.58649402657004,0.5844250030174,True
Spanish_Galicia,gali1258,5,27,19,0.44050580000000006,22,0.43169420000000003,0.8722000000000001,0.61490934474412,0.6124880875026,True
Spanish_Valencia,stan1289,5,27,22,0.46146940000000003,19,0.4387058,0.9001752000000001,0.5903339574477999,0.5883250320778,True
Tatar_Kazan,tata1255,13,27,19,0.5446841538461539,8,0.12926692307692308,0.673951076923077,0.6698188719053432,0.6669464594257691,False
Tatar_Mishar,tata1255,9,27,19,0.6176875555555555,8,0.10400255555555554,0.7216901111111111,0.592398281443358,0.5887341435928888,True
Turkish_Adana,nucl1301,10,27,8,0.4259837,22,0.2691683,0.695152,0.7214614289674199,0.70897933745,False
Turkish_Aydin,nucl1301,10,27,8,0.36152,22,0.257761,0.619281,0.7661664852997501,0.7485713183459,False
Turkish_Balikesir,nucl1301,11,27,8,0.34119700000000003,22,0.2746549090909091,0.6158519090909091,0.7688322562167107,0.7610584260032727,False
Turkish_Istanbul,nucl1301,11,27,8,0.38574309090909087,22,0.26739481818181815,0.6531379090909091,0.7424149181651488,0.7100154979269999,False
Turkish_Kayseri,nucl1301,10,27,8,0.4570679,22,0.2818383,0.7389062,0.6955624106848899,0.6929289848154999,True
Turkish_Trabzon,nucl1301,10,27,8,0.5596929000000002,22,0.34361769999999997,0.9033106000000002,0.5647870147868098,0.5619372292781,True
Bergamo,ital1282,13,27,22,0.434460923076923,19,0.3895889230769231,0.8240498461538461,0.636900886135787,0.6353327638761539,True
Tuscan,ital1282,8,27,22,0.414253875,19,0.326177875,0.7404317499999999,0.6796340925660624,0.67843430812475,True
Ukrainian_East,ukra1253,6,27,19,0.7749093333333333,22,0.10696416666666668,0.8818735,0.3808872683021113,0.37885401308533345,True
Ukrainian_Rovenskaya,ukra1253,3,27,19,0.7809323333333333,22,0.12201133333333332,0.9029436666666667,0.37072184838522226,0.36965030590033326,True
Ukrainian_Sumskaya,ukra1253,5,27,19,0.772244,22,0.13357520000000003,0.9058192,0.3811791788687199,0.38021189526399995,True
Ukrainian_West,ukra1253,3,27,19,0.7051753333333334,22,0.15850533333333333,0.8636806666666668,0.47084512787455546,0.4692831987396666,True
Ukrainian_Zhitomirskaya,ukra1253,3,27,19,0.7700813333333333,22,0.11693233333333335,0.8870136666666666,0.38759067461411134,0.38541220737700005,True
Adygei,adyg1241,18,28,5,0.591538277777778,22,0.18136977777777777,0.7729080555555558,0.5969929520067189,0.5877818830121666,True
Adygei_Mamkheg,adyg1241,4,28,5,0.59427375,22,0.16310575000000002,0.7573795000000001,0.5989783203321875,0.59415901554575,True
Armenian,nucl1235,11,28,5,0.5797584545454545,13,0.23850227272727273,0.8182607272727273,0.5900983485855456,0.5883159344826363,True
Armenian_WGA,nucl1235,3,28,5,0.5618473333333334,13,0.21221466666666666,0.774062,0.6161831054926666,0.615487169278,True
Ashkenazi_Jew,east2295,8,28,13,0.32276475000000004,22,0.24409725,0.566862,0.756666487368625,0.74336341318925,False
Azeri_Azerbajan,nort2697,9,28,5,0.5166138888888888,13,0.17586166666666667,0.6924755555555555,0.6847930464167284,0.6815139816125555,False
Azeri_Dagestan,nort2697,7,28,5,0.5511284285714286,13,0.14322885714285713,0.6943572857142858,0.6553625250857142,0.6509818374214286,False
Azeri_WGA,nort2697,2,28,5,0.5762005,13,0.1515105,0.727711,0.624513100966,0.624061845005,True
BantuSA_Zulu,zulu1248,1,28,16,0.798908,28,0.12439,0.923298,0.3431647908619999,0.3431647908619999,True
Bashkir_IkskoBelsky_Kyrgyz,bash1264,6,28,22,0.5099351666666666,5,0.12251016666666666,0.6324453333333333,0.705780829507139,0.7035487134301666,False
Bashkir_IkskoBelsky_Uran,bash1264,8,28,22,0.51050875,4,0.10512612499999999,0.6156348749999999,0.705991096953,0.70102995867575,False
Bashkir_Ming_Miyakinsky,bash1264,9,28,22,0.4353657777777778,23,0.12458133333333334,0.5599471111111112,0.7666138567178888,0.7604079207567778,False
Bashkir_North_Tabyn_Balysky,bash1264,7,28,22,0.4536728571428571,4,0.12641985714285714,0.5800927142857142,0.7516865904832245,0.7470484082499999,False
Bashkir_North_Unlar,bash1264,4,28,22,0.48837400000000003,4,0.13082850000000001,0.6192025000000001,0.7199812100809375,0.71719247837125,False
Bashkir_Tamyan_Kypcak,bash1264,7,28,22,0.3200827142857143,4,0.14043714285714287,0.46051985714285715,0.8312372564701224,0.8271419601517144,False
Belarusian,bela1254,10,28,22,0.8096553,13,0.09017,0.8998252999999999,0.33318307765014,0.331310496249,True
Bulgarian,bulg1262,10,28,22,0.4492993000000001,13,0.2678678,0.7171671000000002,0.6822381631907799,0.6793506604496,True
Czech,czec1258,10,28,22,0.6935264,13,0.1929525,0.8864789,0.47552521936230996,0.47406950869069997,True
English_Cornwall,stan1293,5,28,22,0.6326560000000001,13,0.27075079999999996,0.9034068000000001,0.5211810467573198,0.5200484734722,True
English_Kent,stan1293,5,28,22,0.6352483999999999,13,0.27374,0.9089883999999999,0.5171351262546401,0.5162704671196,True
Estonian,esto1258,10,28,22,0.8853774999999999,13,0.0534374,0.9388148999999999,0.21276365120811003,0.2109895556093,True
Ezid,nort2641,7,28,5,0.5372421428571429,13,0.15191057142857142,0.6891527142857143,0.6655786487854489,0.6642623851881428,False
Finnish,finn1318,8,28,22,0.821170375,13,0.05654275,0.877713125,0.31980299046954686,0.31352764508437503,True
French_Central,stan1290,26,28,22,0.5450835769230769,13,0.3297966923076924,0.8748802692307692,0.5857665711532899,0.5812373771573847,True
French_East,stan1290,10,28,22,0.5663712999999999,13,0.3090805,0.8754517999999999,0.5767297813435601,0.5737051119005999,True
French_Northwest,stan1290,10,28,22,0.5633716,13,0.30082329999999996,0.8641949,0.58520846959134,0.5811129367613999,True
French_South,stan1290,7,28,13,0.4897142857142857,22,0.4739725714285714,0.9636868571428572,0.5351429499895102,0.5342492695240001,True
French_West,stan1290,10,28,22,0.6496894,13,0.27359789999999995,0.9232872999999999,0.50089056642054,0.49875162861140004,True
Georgian,nucl1302,12,28,5,0.7268751666666665,13,0.21246275,0.9393379166666666,0.4258352582157432,0.42326764212775,True
German_Lipsian,stan1295,10,28,22,0.6839847,13,0.2147558,0.8987404999999999,0.4795290261369499,0.47724223787109993,True
Hungarian1,hung1274,10,28,22,0.6382103,13,0.2137597,0.85197,0.5363705023625099,0.5337743455126999,True
Hungarian2,hung1274,10,28,22,0.6203158,13,0.2128129,0.8331286999999999,0.55620205160105,0.5534590192372999,True
Icelandic,icel1247,12,28,22,0.7155667499999999,13,0.20981858333333334,0.9253853333333333,0.44185768577502094,0.4404129682484165,True
Iran_Non-Zoroastrian_Fars,west2369,17,28,5,0.5539949411764705,13,0.12496982352941176,0.6789647647058823,0.655524649499007,0.6511128371129998,False
Irish_Cork_Kerry,iris1253,6,28,22,0.6684295000000001,13,0.24349983333333336,0.9119293333333335,0.4902351474071943,0.4894394023758333,True
Irish_Leinster,iris1253,6,28,22,0.6621199999999999,13,0.24248099999999997,0.9046009999999999,0.4988371265987501,0.4974346606761666,True
Kabardinian,kaba1278,10,28,5,0.4936495000000001,22,0.2409543,0.7346038000000001,0.67766822580304,0.6233426775427999,True
Kurd,nort2641,9,28,5,0.5255606666666668,13,0.13926055555555558,0.6648212222222224,0.6820296650140492,0.6281287658857777,False
Kurd_WGA,nort2641,2,28,13,0.4613445,9,0.24826399999999998,0.7096085,0.70276700748875,0.7022473934894999,True
Lithuanian,lith1251,10,28,22,0.9104464,13,0.053441,0.9638874,0.16803312497746004,0.1666780496701999,True
Mala,telu1262,16,28,24,0.7987015,5,0.086184,0.8848855,0.35158471805643365,0.34939660646668746,True
Norwegian,norw1258,11,28,22,0.7030704545454545,13,0.2179014545454545,0.920971909090909,0.45618824176628103,0.45444330362872715,True
Polish_Lublin,poli1260,8,28,22,0.741105375,13,0.152742625,0.893848,0.4225112197516562,0.41333479115925,True
Polish_Poznan,poli1260,15,28,22,0.7709027333333333,13,0.13680333333333333,0.9077060666666665,0.38367799763915555,0.3812882111013332,True
Romanian,roma1327,10,28,22,0.49131610000000003,13,0.2756286,0.7669447,0.65501985196239,0.6529268913939,True
Russian,russ1263,23,28,22,0.788192304347826,5,0.04398121739130434,0.8321735217391303,0.3721289330385956,0.3701766257413478,False
Russian_Archangelsk_Krasnoborsky,russ1263,6,28,22,0.8093421666666666,13,0.041383,0.8507251666666666,0.33961750555177794,0.3376333548706667,False
Russian_Archangelsk_Leshukonsky,russ1263,5,28,22,0.7875508,4,0.0706824,0.8582332,0.3698646268948399,0.3683199688917999,True
Russian_Archangelsk_Pinezhsky,russ1263,5,28,22,0.8289023999999999,8,0.05427839999999999,0.8831807999999999,0.3079468106398001,0.30702622065459995,True
Russian_Belgorod,russ1263,4,28,22,0.75856675,13,0.11943150000000001,0.87799825,0.40506073598643755,0.40157475221825,True
Russian_Kaluga,russ1263,5,28,22,0.8108368,13,0.071604,0.8824408,0.33499578567667987,0.3326950911581999,True
Russian_Kursk,russ1263,4,28,22,0.78194225,13,0.09403825,0.8759804999999999,0.375208993988875,0.3734331895334999,True
Russian_Oryol,russ1263,4,28,22,0.7771180000000001,13,0.08903125,0.8661492500000001,0.3827266388586248,0.38151487184849997,True
Russian_Pskov_Ostrov,russ1263,4,28,22,0.881866,13,0.04562175,0.92748775,0.21925494011643754,0.2169257527597499,False
Russian_Pskov_Porkhov,russ1263,3,28,22,0.8392886666666667,13,0.055704333333333335,0.894993,0.290764226356111,0.28917573765966664,True
Russian_Ryazan_Mihailovsky,russ1263,5,28,22,0.7659656,13,0.0839926,0.8499582,0.40053402885292,0.398796895463,True
Russian_Ryazan_Spassk_Ryazansky,russ1263,8,28,22,0.781152875,5,0.070274875,0.8514277499999999,0.3799206352773281,0.376367309896625,True
Russian_Smolensk,russ1263,7,28,22,0.8081095714285713,13,0.08504714285714285,0.8931567142857142,0.3356341568910204,0.3344423781002857,True
Russian_Tver,russ1263,4,28,22,0.7839765000000001,13,0.06865425,0.8526307500000001,0.3767875098256249,0.3747302991605,True
Russian_Yaroslavl,russ1263,3,28,22,0.8197253333333333,13,0.07525533333333333,0.8949806666666666,0.3206335401432221,0.31935586802366667,True
Saami,nort2671,3,28,22,0.7165676666666667,4,0.10682166666666666,0.8233893333333334,0.46202245043233314,0.45962053637899986,True
Spanish_Balearic,stan1288,4,28,13,0.42256075000000004,22,0.39948849999999997,0.8220492500000001,0.6473826156340625,0.6442902259427501,True
Spanish_Cataluna,stan1289,5,28,22,0.45349780000000006,13,0.4266184,0.8801162,0.6070959088239999,0.604920657416,True
Spanish_Galicia,gali1258,5,28,22,0.42493759999999997,13,0.42243899999999995,0.8473765999999999,0.63449889614804,0.6320183586421999,True
Spanish_Valencia,stan1289,5,28,13,0.4548114,22,0.4200118,0.8748232,0.61214729019076,0.6100603254906,True
Tatar_Kazan,tata1255,13,28,22,0.5418566923076923,5,0.12597746153846157,0.6678341538461539,0.6762940091319822,0.6729695489569999,False
Tatar_Mishar,tata1255,9,28,22,0.6150674444444444,5,0.10475177777777778,0.7198192222222222,0.5986000082498149,0.5947299316145556,True
Turkish_Adana,nucl1301,10,28,5,0.4341164,13,0.22752630000000001,0.6616427,0.73210149488699,0.7190663991289,False
Turkish_Aydin,nucl1301,10,28,5,0.37738710000000003,13,0.2196847,0.5970718,0.7716942070215199,0.7539303483496,False
Turkish_Balikesir,nucl1301,11,28,5,0.35672190909090906,13,0.23829954545454549,0.5950214545454545,0.7759166410359504,0.768286579210909,False
Turkish_Istanbul,nucl1301,11,28,5,0.40073381818181825,13,0.2276230909090909,0.6283569090909091,0.7490632144480165,0.7163930954661818,False
Turkish_Kayseri,nucl1301,10,28,5,0.4673776,13,0.2360872,0.7034648,0.70709992547422,0.7039550591082,True
Turkish_Trabzon,nucl1301,10,28,5,0.6001112000000001,13,0.28289190000000003,0.8830031,0.5544043527908098,0.5511980903306999,True
Bergamo,ital1282,13,28,13,0.4154527692307693,22,0.3791263846153846,0.794579153846154,0.6574108418260473,0.6556180971344615,True
Tuscan,ital1282,8,28,13,0.38878775,22,0.317061625,0.705849375,0.699139011880578,0.698211357673125,True
Ukrainian_East,ukra1253,6,28,22,0.7722921666666668,13,0.09618383333333334,0.8684760000000001,0.385849163435083,0.38374704066583337,True
Ukrainian_Rovenskaya,ukra1253,3,28,22,0.776154,13,0.115153,0.8913070000000001,0.3789056710833334,0.3776796625393333,True
Ukrainian_Sumskaya,ukra1253,5,28,22,0.7679144000000001,13,0.1264316,0.8943460000000001,0.3888599561441598,0.3878158884691999,True
Ukrainian_West,ukra1253,3,28,22,0.701637,13,0.14642433333333335,0.8480613333333333,0.47804197752977784,0.4764548089746666,True
Ukrainian_Zhitomirskaya,ukra1253,3,28,22,0.7658103333333334,13,0.108086,0.8738963333333334,0.3954040127552223,0.39300991176033334,True
Adygei,adyg1241,18,29,24,0.598817,7,0.19265616666666668,0.7914731666666668,0.5886791271435463,0.5791894618568334,True
Adygei_Mamkheg,adyg1241,4,29,24,0.60028525,7,0.17237725,0.7726625,0.5926673501925626,0.58770884255125,True
Armenian,nucl1235,11,29,24,0.5871480000000001,13,0.23338763636363635,0.8205356363636365,0.5845055955375618,0.5826397308162726,True
Armenian_WGA,nucl1235,3,29,24,0.5582243333333333,13,0.292944,0.8511683333333333,0.5907926026794443,0.5905428169649999,True
Ashkenazi_Jew,east2295,8,29,13,0.30727774999999996,7,0.261338625,0.568616375,0.7568908359832188,0.742759065962,False
Azeri_Azerbajan,nort2697,9,29,24,0.5228552222222222,13,0.16714455555555557,0.6899997777777778,0.6810663798020247,0.6777225852793333,False
Azeri_Dagestan,nort2697,7,29,24,0.5580991428571428,13,0.13097571428571428,0.6890748571428571,0.6492899410435102,0.6447911720751428,False
Azeri_WGA,nort2697,2,29,24,0.5514755,13,0.2630245,0.8145,0.6194145394705,0.618890677954,True
BantuSA_Zulu,zulu1248,1,29,3,0.799372,26,0.124342,0.9237139999999999,0.34245943974299997,0.34245943974299997,True
Bashkir_IkskoBelsky_Kyrgyz,bash1264,6,29,7,0.524854,24,0.12520416666666667,0.6500581666666667,0.6905270805583332,0.6883011032733332,False
Bashkir_IkskoBelsky_Uran,bash1264,8,29,7,0.522353,27,0.10779200000000001,0.630145,0.6936574142268126,0.688772909142,False
Bashkir_Ming_Miyakinsky,bash1264,9,29,7,0.44511022222222224,4,0.12463300000000002,0.5697432222222223,0.7580885782342098,0.751519248375,False
Bashkir_North_Tabyn_Balysky,bash1264,7,29,7,0.46059357142857144,27,0.12901928571428573,0.5896128571428572,0.745259520743857,0.7407803723861427,False
Bashkir_North_Unlar,bash1264,4,29,7,0.49561075000000004,27,0.13307775,0.6286885,0.7128994747318749,0.7102907177025,False
Bashkir_Tamyan_Kypcak,bash1264,7,29,7,0.3242481428571429,27,0.14277371428571428,0.46702185714285716,0.8282519166619796,0.8245268823607141,False
Belarusian,bela1254,10,29,7,0.8414197,24,0.0570588,0.8984785,0.28597373413039007,0.28400964651769994,True
Bulgarian,bulg1262,10,29,7,0.47324829999999996,13,0.24260199999999998,0.7158502999999999,0.67185475394923,0.6687846572646999,True
Czech,czec1258,10,29,7,0.7253678,13,0.15567749999999997,0.8810453,0.4428584742635401,0.4413764615082,True
English_Cornwall,stan1293,5,29,7,0.667899,13,0.232518,0.900417,0.4941126762023199,0.49296183097799995,True
English_Kent,stan1293,5,29,7,0.6712478,13,0.2350374,0.9062851999999999,0.4893374151404001,0.48843575626,True
Estonian,esto1258,10,29,7,0.9164045999999999,13,0.0155393,0.9319438999999999,0.15938679099965036,0.15793352558609994,False
Ezid,nort2641,7,29,24,0.5430524285714285,13,0.14864428571428573,0.6916967142857142,0.6606364563770204,0.659264918204,False
Finnish,finn1318,8,29,7,0.8425315,17,0.039272375,0.881803875,0.2865560282855001,0.28149822669649993,False
French_Central,stan1290,26,29,7,0.5776774230769232,13,0.2969495769230769,0.874627,0.569330811066815,0.5646567399411923,True
French_East,stan1290,10,29,7,0.5974386,13,0.27752689999999997,0.8749655000000001,0.55869483448663,0.5556216216603,True
French_Northwest,stan1290,10,29,7,0.5943961999999999,13,0.2689859,0.8633820999999999,0.5670364756153901,0.5627877740561,True
French_South,stan1290,7,29,7,0.5119652857142858,13,0.4552911428571428,0.9672564285714286,0.5302733416903878,0.5294010125141427,True
French_West,stan1290,10,29,7,0.6848122000000001,13,0.23582170000000002,0.9206339000000001,0.47307986408313984,0.4708673314738,True
Georgian,nucl1302,12,29,24,0.7288096666666667,13,0.21916950000000004,0.9479791666666667,0.4202521816606808,0.41723739063933324,True
German_Lipsian,stan1295,10,29,7,0.7162818000000001,13,0.1778401,0.8941219,0.4482897384920397,0.4458660830904,True
Hungarian1,hung1274,10,29,7,0.6692487999999999,13,0.1780608,0.8473095999999999,0.5090663057190702,0.5062970831505,True
Hungarian2,hung1274,10,29,7,0.6494581,13,0.1791245,0.8285826000000001,0.5316153834682399,0.5288070394808001,True
Icelandic,icel1247,12,29,7,0.7516418333333332,13,0.16898883333333337,0.9206306666666666,0.40405096029734056,0.40252126446424996,True
Iran_Non-Zoroastrian_Fars,west2369,17,29,24,0.5611841764705883,13,0.11693476470588236,0.6781189411764706,0.649372532366955,0.6447241046198824,False
Irish_Cork_Kerry,iris1253,6,29,7,0.7043983333333333,13,0.20329433333333333,0.9076926666666667,0.45837280296458316,0.45754973523650005,True
Irish_Leinster,iris1253,6,29,7,0.6977781666666667,13,0.20302966666666666,0.9008078333333334,0.4675027999828054,0.4660571437301666,True
Kabardinian,kaba1278,10,29,24,0.4995126,7,0.2537339,0.7532464999999999,0.67020509981015,0.6132770577603,True
Kurd,nort2641,9,29,24,0.5318805555555556,13,0.1336938888888889,0.6655744444444445,0.6769025602189629,0.6225121954593333,False
Kurd_WGA,nort2641,2,29,13,0.5071845,10,0.2206025,0.7277870000000001,0.6716928000807499,0.6711541394024999,True
Lithuanian,lith1251,10,29,7,0.9426808000000001,13,0.013006,0.9556868000000001,0.11088633649098978,0.10965439199149993,False
Mala,telu1262,16,29,15,0.7868427499999999,24,0.08211756249999999,0.8689603124999999,0.370869127718805,0.36872139505924995,True
Norwegian,norw1258,11,29,7,0.7384370909090908,13,0.17796599999999999,0.9164030909090908,0.4207000759856281,0.41890753690918175,True
Polish_Lublin,poli1260,8,29,7,0.7736651250000001,13,0.1127755,0.8864406250000001,0.3832195735737032,0.373834796903875,True
Polish_Poznan,poli1260,15,29,7,0.8033138,13,0.09659520000000002,0.899909,0.3415681666798668,0.3390304474938666,True
Romanian,roma1327,10,29,7,0.5175366,13,0.2484983,0.7660349,0.64187909935985,0.6396707496520999,True
Russian,russ1263,23,29,7,0.8126873478260872,24,0.046766869565217396,0.8594542173913046,0.33432620072144015,0.3325308463581739,False
Russian_Archangelsk_Krasnoborsky,russ1263,6,29,7,0.8324013333333334,27,0.043250333333333335,0.8756516666666667,0.30317407437061095,0.30141564488333333,False
Russian_Archangelsk_Leshukonsky,russ1263,5,29,7,0.791066,27,0.0756898,0.8667558000000001,0.36398169355272003,0.36276821011679994,True
Russian_Archangelsk_Pinezhsky,russ1263,5,29,7,0.833018,17,0.052173800000000006,0.8851918000000001,0.30104513147935996,0.3001760086068,True
Russian_Belgorod,russ1263,4,29,7,0.7900624999999999,13,0.07983100000000001,0.8698934999999999,0.36364238968950024,0.3599801976055,True
Russian_Kaluga,russ1263,5,29,7,0.8385735999999999,24,0.045231,0.8838045999999999,0.2926865189955602,0.2902859725105999,False
Russian_Kursk,russ1263,4,29,7,0.8118485,24,0.0675505,0.8793989999999999,0.33275106191768744,0.3308610538497499,True
Russian_Oryol,russ1263,4,29,7,0.80706225,24,0.07106375000000001,0.878126,0.3400859447950626,0.33889544545175,True
Russian_Pskov_Ostrov,russ1263,4,29,7,0.9081944999999999,24,0.023559999999999998,0.9317544999999999,0.17390562935812526,0.17218742692149996,False
Russian_Pskov_Porkhov,russ1263,3,29,7,0.8704353333333333,10,0.03384366666666667,0.904279,0.239949068042,0.23830970196999998,False
Russian_Ryazan_Mihailovsky,russ1263,5,29,7,0.7935688000000001,24,0.074769,0.8683378,0.3615435090425998,0.3598292052186,True
Russian_Ryazan_Spassk_Ryazansky,russ1263,8,29,7,0.809278,24,0.073789625,0.883067625,0.3379168539455937,0.33392761150874994,True
Russian_Smolensk,russ1263,7,29,7,0.8384564285714287,24,0.06476857142857143,0.9032250000000001,0.2902723832695917,0.2890370031362856,True
Russian_Tver,russ1263,4,29,7,0.81146575,24,0.055627750000000004,0.8670935,0.336064700195125,0.333670594153,True
Russian_Yaroslavl,russ1263,3,29,7,0.84958,13,0.03630266666666667,0.8858826666666667,0.2748680190332222,0.273549560681,False
Saami,nort2671,3,29,7,0.7111146666666667,27,0.11361466666666668,0.8247293333333333,0.46893338537722207,0.4665221821396665,True
Spanish_Balearic,stan1288,4,29,7,0.428389,13,0.39734424999999995,0.82573325,0.64390141260725,0.6406727384519999,True
Spanish_Cataluna,stan1289,5,29,7,0.48480039999999996,13,0.3991348,0.8839352,0.60030092117876,0.5980773255726,True
Spanish_Galicia,gali1258,5,29,7,0.4542124,13,0.3985942,0.8528066000000001,0.62863449786388,0.6261270347213999,True
Spanish_Valencia,stan1289,5,29,7,0.4506622,13,0.43014359999999996,0.8808058,0.6073066259717199,0.6051240211458,True
Tatar_Kazan,tata1255,13,29,7,0.5604989230769231,24,0.1293053076923077,0.6898042307692307,0.6570700262347988,0.6535663957233078,False
Tatar_Mishar,tata1255,9,29,7,0.6384242222222222,24,0.10797511111111112,0.7463993333333333,0.5723349991087284,0.5682874926987777,True
Turkish_Adana,nucl1301,10,29,24,0.4393904,13,0.21827429999999998,0.6576647,0.73083449696042,0.7173680884633999,False
Turkish_Aydin,nucl1301,10,29,24,0.3816825,13,0.20700879999999997,0.5886912999999999,0.77041685495513,0.7518304225425,False
Turkish_Balikesir,nucl1301,11,29,24,0.361201,13,0.22425690909090906,0.5854579090909091,0.774938627522719,0.7671476382051818,False
Turkish_Istanbul,nucl1301,11,29,24,0.40584372727272733,13,0.21367763636363638,0.6195213636363637,0.7468445336903635,0.7127012257072726,False
Turkish_Kayseri,nucl1301,10,29,24,0.47279579999999993,13,0.22615280000000001,0.6989485999999999,0.70584577779471,0.7027030244373,False
Turkish_Trabzon,nucl1301,10,29,24,0.6072192000000001,13,0.2768641,0.8840833000000001,0.54963810977113,0.5460923294381,True
Bergamo,ital1282,13,29,7,0.40679699999999996,13,0.3918670000000001,0.798664,0.6541951143977455,0.6523796031254615,True
Tuscan,ital1282,8,29,13,0.368539,7,0.34060975000000004,0.70914875,0.6985741630419844,0.697607491037125,True
Ukrainian_East,ukra1253,6,29,7,0.8020335,24,0.09447083333333334,0.8965043333333333,0.34424933341586106,0.3420607596408333,True
Ukrainian_Rovenskaya,ukra1253,3,29,7,0.8070499999999999,13,0.07635166666666666,0.8834016666666666,0.33679942541555574,0.335597562752,True
Ukrainian_Sumskaya,ukra1253,5,29,7,0.7994016,13,0.08721720000000001,0.8866188,0.3472707141871998,0.3462057350747999,True
Ukrainian_West,ukra1253,3,29,7,0.7311683333333333,13,0.10993599999999999,0.8411043333333333,0.4444057201124446,0.4428268622966665,True
Ukrainian_Zhitomirskaya,ukra1253,3,29,7,0.7972333333333332,24,0.08179533333333334,0.8790286666666666,0.3525370646195557,0.350033832864,True
Adygei,adyg1241,18,30,19,0.5707217222222223,12,0.17627672222222224,0.7469984444444445,0.6140362546751049,0.6054705599416667,True
Adygei_Mamkheg,adyg1241,4,30,19,0.57584925,12,0.16301675,0.738866,0.6143031872860625,0.6092098698797499,True
Armenian,nucl1235,11,30,19,0.5524816363636365,15,0.25670281818181817,0.8091844545454546,0.607592470704157,0.6057328288595454,True
Armenian_WGA,nucl1235,3,30,19,0.5423460000000001,15,0.187048,0.7293940000000001,0.6439956819795554,0.6425778054666667,True
Ashkenazi_Jew,east2295,8,30,15,0.34569375,19,0.22451637500000002,0.570210125,0.7632894008067187,0.75034822998025,False
Azeri_Azerbajan,nort2697,9,30,19,0.49497900000000006,15,0.19203688888888887,0.6870158888888889,0.6984367010665925,0.6953353506393333,False
Azeri_Dagestan,nort2697,7,30,19,0.5320645714285714,15,0.157098,0.6891625714285714,0.670456127295,0.6654027378527142,False
Azeri_WGA,nort2697,2,30,19,0.5573905,17,0.16413699999999998,0.7215275,0.64542851757425,0.6449043437724999,True
BantuSA_Zulu,zulu1248,1,30,14,0.796829,4,0.124296,0.921125,0.34642381066399985,0.34642381066399985,True
Bashkir_IkskoBelsky_Kyrgyz,bash1264,6,30,12,0.5004213333333333,19,0.12105083333333333,0.6214721666666666,0.7132258435944167,0.7109226218171666,False
Bashkir_IkskoBelsky_Uran,bash1264,8,30,12,0.501432,29,0.10059850000000001,0.6020305,0.7144284185818124,0.7093904349359998,False
Bashkir_Ming_Miyakinsky,bash1264,9,30,12,0.4278762222222222,10,0.12348433333333333,0.5513605555555555,0.7713025729991234,0.7650710268403333,False
Bashkir_North_Tabyn_Balysky,bash1264,7,30,12,0.4516664285714286,29,0.12213600000000001,0.5738024285714286,0.7503579474098775,0.7458892633357143,False
Bashkir_North_Unlar,bash1264,4,30,12,0.48194075000000003,29,0.1254485,0.60738925,0.724440645268125,0.721808622705,False
Bashkir_Tamyan_Kypcak,bash1264,7,30,12,0.32257171428571424,29,0.13445528571428572,0.45702699999999996,0.8257845029141633,0.8216663516017143,False
Belarusian,bela1254,10,30,12,0.7699403,15,0.1355893,0.9055296,0.38606644147840985,0.38397590763669986,True
Bulgarian,bulg1262,10,30,12,0.40447570000000005,15,0.31742309999999996,0.7218988,0.6965485998895,0.6936154766263999,True
Czech,czec1258,10,30,12,0.6415375,15,0.25062850000000003,0.892166,0.52061605431874,0.5189906548509999,True
English_Cornwall,stan1293,5,30,12,0.5618328,15,0.3505728,0.9124056,0.55756802972572,0.5562945594777999,True
English_Kent,stan1293,5,30,12,0.5598182,15,0.3596774,0.9194956000000001,0.5542969270994399,0.5534763170675999,True
Estonian,esto1258,10,30,12,0.8477507,15,0.09613059999999998,0.9438812999999999,0.2717076856006001,0.2696690978445999,True
Ezid,nort2641,7,30,19,0.5203915714285714,15,0.15912785714285713,0.6795194285714286,0.6795983717458367,0.6780889062237142,False
Finnish,finn1318,8,30,12,0.7907856249999999,15,0.091326375,0.8821119999999999,0.36348484438276574,0.35559332784712494,True
French_Central,stan1290,26,30,12,0.4739279615384614,15,0.4054616153846155,0.8793895769230768,0.6048791637813462,0.5997178478363846,True
French_East,stan1290,10,30,12,0.4943340000000001,15,0.3845348,0.8788688000000001,0.6024225586647898,0.5989672782495001,True
French_Northwest,stan1290,10,30,12,0.49023969999999994,15,0.3798449,0.8700846,0.61015345813423,0.6063874349870998,True
French_South,stan1290,7,30,15,0.6022090000000001,12,0.3691275714285714,0.9713365714285715,0.5009704257573468,0.4996557901925714,True
French_West,stan1290,10,30,12,0.5728447,15,0.3579006,0.9307453,0.54223184631024,0.5401642134379999,True
Georgian,nucl1302,12,30,19,0.6997930833333333,15,0.21860575000000002,0.9183988333333334,0.46104678878743044,0.4538743331858333,True
German_Lipsian,stan1295,10,30,12,0.6239140999999999,15,0.28266620000000003,0.9065802999999999,0.5258296900026902,0.5237853311473,True
Hungarian1,hung1274,10,30,12,0.5864117,15,0.2716718,0.8580835,0.5734820154107699,0.5707313714541,True
Hungarian2,hung1274,10,30,12,0.5708107,15,0.2672049,0.8380156000000001,0.5912256382922401,0.5884915113047999,True
Icelandic,icel1247,12,30,12,0.6492721666666667,15,0.28345558333333337,0.93272775,0.4965993407482431,0.4951563025704167,True
Iran_Non-Zoroastrian_Fars,west2369,17,30,19,0.5356690588235294,15,0.1305340588235294,0.6662031176470589,0.6720057067182975,0.6673012648481177,False
Irish_Cork_Kerry,iris1253,6,30,12,0.5947785,15,0.3267195,0.9214979999999999,0.5370446964661945,0.5363608844551666,True
Irish_Leinster,iris1253,6,30,12,0.591887,15,0.32144750000000005,0.9133345000000002,0.543358437437861,0.5420440018055,True
Kabardinian,kaba1278,10,30,19,0.4757538,12,0.23285729999999996,0.7086110999999999,0.69030474196306,0.6410942926254,True
Kurd,nort2641,9,30,19,0.509037111111111,15,0.14594055555555555,0.6549776666666666,0.6943863367801113,0.6421422137141111,False
Kurd_WGA,nort2641,2,30,17,0.5003715,15,0.2178875,0.718259,0.6768417213909999,0.6762051449940001,True
Lithuanian,lith1251,10,30,12,0.8682676,15,0.0998607,0.9681283,0.23597820870695996,0.23438080123119992,True
Mala,telu1262,16,30,26,0.7911708749999999,19,0.079538625,0.8707094999999999,0.3646108592589571,0.3625007052580625,True
Norwegian,norw1258,11,30,12,0.6347098181818182,15,0.29474609090909093,0.9294559090909091,0.5088682712220909,0.5069609564159091,True
Polish_Lublin,poli1260,8,30,12,0.6897288749999999,15,0.211511375,0.9012402499999999,0.4755578546550001,0.463636933412,True
Polish_Poznan,poli1260,15,30,12,0.7250612000000001,15,0.18832233333333337,0.9133835333333334,0.43604504711756875,0.4333872243856665,True
Romanian,roma1327,10,30,12,0.44109980000000004,15,0.33038270000000003,0.7714825000000001,0.6725763948719898,0.6702051950502999,True
Russian,russ1263,23,30,12,0.7601674782608697,15,0.0774501304347826,0.8376176086956524,0.4117179847165424,0.40977694165647827,True
Russian_Archangelsk_Krasnoborsky,russ1263,6,30,12,0.7817486666666668,15,0.07405216666666667,0.8558008333333335,0.3799541246784719,0.3778761791354999,True
Russian_Archangelsk_Leshukonsky,russ1263,5,30,12,0.7806046,30,0.076218,0.8568226,0.3803159784858001,0.3777314334902,True
Russian_Archangelsk_Pinezhsky,russ1263,5,30,12,0.8165068,30,0.07164839999999999,0.8881551999999999,0.32679470305876,0.32565666764499995,True
Russian_Belgorod,russ1263,4,30,12,0.7176005,15,0.16604875000000002,0.8836492499999999,0.45293050071443763,0.4494298381582499,True
Russian_Kaluga,russ1263,5,30,12,0.7726426,15,0.1152714,0.887914,0.38756812892400005,0.3850710755031999,True
Russian_Kursk,russ1263,4,30,12,0.74233325,15,0.14057675,0.88291,0.425337242947625,0.423741371029,True
Russian_Oryol,russ1263,4,30,12,0.7401885,15,0.13009500000000002,0.8702835,0.42976112386474985,0.4288335078719999,True
Russian_Pskov_Ostrov,russ1263,4,30,12,0.8478215,15,0.08681125,0.93463275,0.27285430166568747,0.27035718116024987,True
Russian_Pskov_Porkhov,russ1263,3,30,12,0.8040080000000001,15,0.09724966666666668,0.9012576666666667,0.34265129484588874,0.34131943652833324,True
Russian_Ryazan_Mihailovsky,russ1263,5,30,12,0.7287950000000001,15,0.1252828,0.8540778000000001,0.4479490064724798,0.4461257320492,True
Russian_Ryazan_Spassk_Ryazansky,russ1263,8,30,12,0.7469467500000001,15,0.1043545,0.8513012500000001,0.4259043014795937,0.42261221770849994,True
Russian_Smolensk,russ1263,7,30,12,0.7695452857142857,15,0.12922485714285714,0.8987701428571429,0.3874824930216735,0.3863557777982856,True
Russian_Tver,russ1263,4,30,12,0.7477695000000001,15,0.10737875,0.85514825,0.4255413365297499,0.4236646633604999,True
Russian_Yaroslavl,russ1263,3,30,12,0.7879286666666667,15,0.110862,0.8987906666666667,0.365222238858111,0.363987193693,True
Saami,nort2671,3,30,12,0.7202829999999999,30,0.12126766666666666,0.8415506666666666,0.4558680299274446,0.453294147783,True
Spanish_Balearic,stan1288,4,30,15,0.4918235,12,0.3261675,0.817991,0.6403726715235625,0.6372404074402499,True
Spanish_Cataluna,stan1289,5,30,15,0.5017646,12,0.37283000000000005,0.8745946,0.60520059315,0.6029663760627999,True
Spanish_Galicia,gali1258,5,30,15,0.4740374,12,0.3510636,0.825101,0.64489744145456,0.6427165216744,True
Spanish_Valencia,stan1289,5,30,15,0.5270474,12,0.337066,0.8641134,0.60480390823776,0.602743072326,True
Tatar_Kazan,tata1255,13,30,12,0.5263063846153846,19,0.12301661538461538,0.649323,0.6897978598792132,0.6867948563999231,False
Tatar_Mishar,tata1255,9,30,12,0.5903902222222221,15,0.10740066666666666,0.6977908888888888,0.6220554444844815,0.6181991308049999,False
Turkish_Adana,nucl1301,10,30,19,0.41224180000000005,15,0.24549870000000001,0.6577405000000001,0.73861307941405,0.7254423242436999,False
Turkish_Aydin,nucl1301,10,30,19,0.35733830000000005,15,0.24432689999999999,0.6016652,0.77644975639161,0.7600448613188999,False
Turkish_Balikesir,nucl1301,11,30,19,0.3358541818181818,15,0.2672778181818182,0.603132,0.7798293911789587,0.7719611264898181,False
Turkish_Istanbul,nucl1301,11,30,19,0.37962899999999994,15,0.25840454545454544,0.6380335454545454,0.7549326646247356,0.7245920462200909,False
Turkish_Kayseri,nucl1301,10,30,19,0.4431274,15,0.26236400000000004,0.7054914000000001,0.7142198051572499,0.7111290412317001,True
Turkish_Trabzon,nucl1301,10,30,19,0.5660157,15,0.30723940000000005,0.8732551000000001,0.5771122724579298,0.5743351267793,True
Bergamo,ital1282,13,30,15,0.4881663846153846,12,0.3095652307692308,0.7977316153846155,0.6447681529971478,0.6428777877729229,True
Tuscan,ital1282,8,30,15,0.45301450000000004,12,0.256760625,0.7097751250000001,0.6864248810701562,0.6853351023215,True
Ukrainian_East,ukra1253,6,30,12,0.737597,15,0.13702583333333332,0.8746228333333332,0.4294788594620832,0.42724363003549987,True
Ukrainian_Rovenskaya,ukra1253,3,30,12,0.7367353333333333,15,0.160313,0.8970483333333333,0.42671352519666683,0.42504727278999993,True
Ukrainian_Sumskaya,ukra1253,5,30,12,0.7265934,15,0.173599,0.9001923999999999,0.43715301488232006,0.4355297260263999,True
Ukrainian_West,ukra1253,3,30,12,0.6611236666666667,15,0.19169566666666668,0.8528193333333334,0.5189735105057778,0.5174766355373334,True
Ukrainian_Zhitomirskaya,ukra1253,3,30,12,0.7273233333333334,15,0.15305666666666665,0.88038,0.4418964212298888,0.439229944311,True
