TargetPop,AlterFamilySourcePop,Thresholds,TargetFamily,FamilySourceWhichDifferentFromTarget,TripletFamily,TargetFreqCount,AlterFamilySourceGivenTargetFreqCount,TargetPopGlottocodeBase,AlterFamilySourceGlottocodeBase,TargetPopGBIstatus,AlterFamilySourceGBIstatus,TargetPopGBIproxy,AlterFamilySourceGBIproxy,TargetPopGBIproxyCoverage,AlterFamilySourceGBIproxyCoverage,TargetPopTLIstatus,AlterFamilySourceTLIstatus,TargetPopTLIproxy,AlterFamilySourceTLIproxy,TargetPopTLIproxyCoverage,AlterFamilySourceTLIproxyCoverage,GBIavailabilityStatus,TLIavailabilityStatus,OverallAvailabilityStatus
BantuSA_Herero,MbutiPygmy,"70%, 80%, 90%",atla1278,cent2225,"atla1278 ~ atla1278 , cent2225",19,13,here1253,lese1243,glottocodeBase,glottocodeBase,here1253,lese1243,0.85222,0.68473,glottocodeBase,glottocodeBase,here1253,lese1243,0.12321,0.16046,GBI available,TLI available,both
BantuSA_Herero,Hoan,"70%, 80%, 90%",atla1278,kxaa1236,"atla1278 ~ atla1278 , kxaa1236",19, 6,here1253,hoaa1235,glottocodeBase,glottocodeBase,here1253,hoaa1235,0.85222,0.76847,glottocodeBase,glottocodeBase,here1253,hoaa1235,0.12321,0.04011,GBI available,TLI available,both
BantuSA_Herero,Ju_hoan_North,"70%, 80%, 90%",atla1278,kxaa1236,"atla1278 ~ atla1278 , kxaa1236",19, 6,here1253,juho1239,glottocodeBase,glottocodeBase,here1253,juho1239,0.85222,0.22660,glottocodeBase,glottocodeBase,here1253,juho1239,0.12321,0.45272,GBI available,TLI available,both
BantuSA_Herero,Ju_hoan_South,"70%, 80%, 90%",atla1278,kxaa1236,"atla1278 ~ atla1278 , kxaa1236",19, 6,here1253,juho1239,glottocodeBase,glottocodeBase,here1253,juho1239,0.85222,0.22660,glottocodeBase,glottocodeBase,here1253,juho1239,0.12321,0.45272,GBI available,TLI available,both
BantuSA_Herero,Naro,"70%, 80%, 90%",atla1278,khoe1240,"atla1278 ~ atla1278 , khoe1240",19, 6,here1253,naro1249,glottocodeBase,no proxy,here1253,NA,0.85222,0.00000,glottocodeBase,glottocodeBase,here1253,naro1249,0.12321,0.04585,GBI NOT available,TLI available,TLI only
BantuSA_Herero,San,"70%, 80%, 90%",atla1278,kxaa1236,"atla1278 ~ atla1278 , kxaa1236",19, 6,here1253,juho1239,glottocodeBase,glottocodeBase,here1253,juho1239,0.85222,0.22660,glottocodeBase,glottocodeBase,here1253,juho1239,0.12321,0.45272,GBI available,TLI available,both
BantuSA_Herero,Taa_East,"70%, 80%, 90%",atla1278,tuuu1241,"atla1278 ~ atla1278 , tuuu1241",19, 6,here1253,huaa1248,glottocodeBase,glottocodeBase,here1253,huaa1248,0.85222,0.69951,glottocodeBase,glottocodeBase,here1253,huaa1248,0.12321,0.19484,GBI available,TLI available,both
BantuSA_Herero,Taa_North,"70%, 80%, 90%",atla1278,tuuu1241,"atla1278 ~ atla1278 , tuuu1241",19, 6,here1253,xooo1239,glottocodeBase,glottocodeGBIproxy,here1253,huaa1248,0.85222,0.69951,glottocodeBase,glottocodeBase,here1253,xooo1239,0.12321,0.01146,GBI available,TLI available,both
BantuSA_Herero,Taa_West,"70%, 80%, 90%",atla1278,tuuu1241,"atla1278 ~ atla1278 , tuuu1241",19, 6,here1253,xooo1239,glottocodeBase,glottocodeGBIproxy,here1253,huaa1248,0.85222,0.69951,glottocodeBase,glottocodeBase,here1253,xooo1239,0.12321,0.01146,GBI available,TLI available,both
BantuSA_Herero,Xuun,"70%, 80%, 90%",atla1278,kxaa1236,"atla1278 ~ atla1278 , kxaa1236",19, 6,here1253,kung1261,glottocodeBase,no proxy,here1253,NA,0.85222,0.00000,glottocodeBase,glottocodeBase,here1253,kung1261,0.12321,0.22350,GBI NOT available,TLI available,TLI only
BantuSA_Pedi,Hoan,"70%, 80%, 90%",atla1278,kxaa1236,"atla1278 ~ atla1278 , kxaa1236",19,19,pedi1238,hoaa1235,no proxy,glottocodeBase,NA,hoaa1235,0,0.76847,glottocodeBase,glottocodeBase,pedi1238,hoaa1235,0.06877,0.04011,GBI NOT available,TLI available,TLI only
BantuSA_Pedi,Ju_hoan_North,"70%, 80%, 90%",atla1278,kxaa1236,"atla1278 ~ atla1278 , kxaa1236",19,19,pedi1238,juho1239,no proxy,glottocodeBase,NA,juho1239,0,0.22660,glottocodeBase,glottocodeBase,pedi1238,juho1239,0.06877,0.45272,GBI NOT available,TLI available,TLI only
BantuSA_Pedi,Ju_hoan_South,"70%, 80%, 90%",atla1278,kxaa1236,"atla1278 ~ atla1278 , kxaa1236",19,19,pedi1238,juho1239,no proxy,glottocodeBase,NA,juho1239,0,0.22660,glottocodeBase,glottocodeBase,pedi1238,juho1239,0.06877,0.45272,GBI NOT available,TLI available,TLI only
BantuSA_Pedi,Naro,"70%, 80%, 90%",atla1278,khoe1240,"atla1278 ~ atla1278 , khoe1240",19,19,pedi1238,naro1249,no proxy,no proxy,NA,NA,0,0.00000,glottocodeBase,glottocodeBase,pedi1238,naro1249,0.06877,0.04585,GBI NOT available,TLI available,TLI only
BantuSA_Pedi,San,"70%, 80%, 90%",atla1278,kxaa1236,"atla1278 ~ atla1278 , kxaa1236",19,19,pedi1238,juho1239,no proxy,glottocodeBase,NA,juho1239,0,0.22660,glottocodeBase,glottocodeBase,pedi1238,juho1239,0.06877,0.45272,GBI NOT available,TLI available,TLI only
BantuSA_Pedi,Taa_East,"70%, 80%, 90%",atla1278,tuuu1241,"atla1278 ~ atla1278 , tuuu1241",19,19,pedi1238,huaa1248,no proxy,glottocodeBase,NA,huaa1248,0,0.69951,glottocodeBase,glottocodeBase,pedi1238,huaa1248,0.06877,0.19484,GBI NOT available,TLI available,TLI only
BantuSA_Pedi,Taa_North,"70%, 80%, 90%",atla1278,tuuu1241,"atla1278 ~ atla1278 , tuuu1241",19,19,pedi1238,xooo1239,no proxy,glottocodeGBIproxy,NA,huaa1248,0,0.69951,glottocodeBase,glottocodeBase,pedi1238,xooo1239,0.06877,0.01146,GBI NOT available,TLI available,TLI only
BantuSA_Pedi,Taa_West,"70%, 80%, 90%",atla1278,tuuu1241,"atla1278 ~ atla1278 , tuuu1241",19,19,pedi1238,xooo1239,no proxy,glottocodeGBIproxy,NA,huaa1248,0,0.69951,glottocodeBase,glottocodeBase,pedi1238,xooo1239,0.06877,0.01146,GBI NOT available,TLI available,TLI only
BantuSA_Pedi,Xuun,"70%, 80%, 90%",atla1278,kxaa1236,"atla1278 ~ atla1278 , kxaa1236",19,13,pedi1238,kung1261,no proxy,no proxy,NA,NA,0,0.00000,glottocodeBase,glottocodeBase,pedi1238,kung1261,0.06877,0.22350,GBI NOT available,TLI available,TLI only
BantuSA_S_Sotho,Hoan,"70%, 80%, 90%",atla1278,kxaa1236,"atla1278 ~ atla1278 , kxaa1236",19,19,sout2807,hoaa1235,glottocodeBase,glottocodeBase,sout2807,hoaa1235,0.82759,0.76847,glottocodeBase,glottocodeBase,sout2807,hoaa1235,0.21777,0.04011,GBI available,TLI available,both
BantuSA_S_Sotho,Ju_hoan_North,"70%, 80%, 90%",atla1278,kxaa1236,"atla1278 ~ atla1278 , kxaa1236",19,19,sout2807,juho1239,glottocodeBase,glottocodeBase,sout2807,juho1239,0.82759,0.22660,glottocodeBase,glottocodeBase,sout2807,juho1239,0.21777,0.45272,GBI available,TLI available,both
BantuSA_S_Sotho,Ju_hoan_South,"70%, 80%, 90%",atla1278,kxaa1236,"atla1278 ~ atla1278 , kxaa1236",19,19,sout2807,juho1239,glottocodeBase,glottocodeBase,sout2807,juho1239,0.82759,0.22660,glottocodeBase,glottocodeBase,sout2807,juho1239,0.21777,0.45272,GBI available,TLI available,both
BantuSA_S_Sotho,Naro,"70%, 80%, 90%",atla1278,khoe1240,"atla1278 ~ atla1278 , khoe1240",19,19,sout2807,naro1249,glottocodeBase,no proxy,sout2807,NA,0.82759,0.00000,glottocodeBase,glottocodeBase,sout2807,naro1249,0.21777,0.04585,GBI NOT available,TLI available,TLI only
BantuSA_S_Sotho,San,"70%, 80%, 90%",atla1278,kxaa1236,"atla1278 ~ atla1278 , kxaa1236",19,19,sout2807,juho1239,glottocodeBase,glottocodeBase,sout2807,juho1239,0.82759,0.22660,glottocodeBase,glottocodeBase,sout2807,juho1239,0.21777,0.45272,GBI available,TLI available,both
BantuSA_S_Sotho,Taa_East,"70%, 80%, 90%",atla1278,tuuu1241,"atla1278 ~ atla1278 , tuuu1241",19,19,sout2807,huaa1248,glottocodeBase,glottocodeBase,sout2807,huaa1248,0.82759,0.69951,glottocodeBase,glottocodeBase,sout2807,huaa1248,0.21777,0.19484,GBI available,TLI available,both
BantuSA_S_Sotho,Taa_North,"70%, 80%, 90%",atla1278,tuuu1241,"atla1278 ~ atla1278 , tuuu1241",19,19,sout2807,xooo1239,glottocodeBase,glottocodeGBIproxy,sout2807,huaa1248,0.82759,0.69951,glottocodeBase,glottocodeBase,sout2807,xooo1239,0.21777,0.01146,GBI available,TLI available,both
BantuSA_S_Sotho,Taa_West,"70%, 80%, 90%",atla1278,tuuu1241,"atla1278 ~ atla1278 , tuuu1241",19,19,sout2807,xooo1239,glottocodeBase,glottocodeGBIproxy,sout2807,huaa1248,0.82759,0.69951,glottocodeBase,glottocodeBase,sout2807,xooo1239,0.21777,0.01146,GBI available,TLI available,both
BantuSA_S_Sotho,Xuun,"70%, 80%, 90%",atla1278,kxaa1236,"atla1278 ~ atla1278 , kxaa1236",19,13,sout2807,kung1261,glottocodeBase,no proxy,sout2807,NA,0.82759,0.00000,glottocodeBase,glottocodeBase,sout2807,kung1261,0.21777,0.22350,GBI NOT available,TLI available,TLI only
BantuSA_Tswana,Hoan,"70%, 80%, 90%",atla1278,kxaa1236,"atla1278 ~ atla1278 , kxaa1236",19,19,tswa1253,hoaa1235,glottocodeBase,glottocodeBase,tswa1253,hoaa1235,0.77833,0.76847,glottocodeBase,glottocodeBase,tswa1253,hoaa1235,0.05158,0.04011,GBI available,TLI available,both
BantuSA_Tswana,Ju_hoan_North,"70%, 80%, 90%",atla1278,kxaa1236,"atla1278 ~ atla1278 , kxaa1236",19,19,tswa1253,juho1239,glottocodeBase,glottocodeBase,tswa1253,juho1239,0.77833,0.22660,glottocodeBase,glottocodeBase,tswa1253,juho1239,0.05158,0.45272,GBI available,TLI available,both
BantuSA_Tswana,Ju_hoan_South,"70%, 80%, 90%",atla1278,kxaa1236,"atla1278 ~ atla1278 , kxaa1236",19,19,tswa1253,juho1239,glottocodeBase,glottocodeBase,tswa1253,juho1239,0.77833,0.22660,glottocodeBase,glottocodeBase,tswa1253,juho1239,0.05158,0.45272,GBI available,TLI available,both
BantuSA_Tswana,Naro,"70%, 80%, 90%",atla1278,khoe1240,"atla1278 ~ atla1278 , khoe1240",19,19,tswa1253,naro1249,glottocodeBase,no proxy,tswa1253,NA,0.77833,0.00000,glottocodeBase,glottocodeBase,tswa1253,naro1249,0.05158,0.04585,GBI NOT available,TLI available,TLI only
BantuSA_Tswana,San,"70%, 80%, 90%",atla1278,kxaa1236,"atla1278 ~ atla1278 , kxaa1236",19,19,tswa1253,juho1239,glottocodeBase,glottocodeBase,tswa1253,juho1239,0.77833,0.22660,glottocodeBase,glottocodeBase,tswa1253,juho1239,0.05158,0.45272,GBI available,TLI available,both
BantuSA_Tswana,Taa_East,"70%, 80%, 90%",atla1278,tuuu1241,"atla1278 ~ atla1278 , tuuu1241",19,19,tswa1253,huaa1248,glottocodeBase,glottocodeBase,tswa1253,huaa1248,0.77833,0.69951,glottocodeBase,glottocodeBase,tswa1253,huaa1248,0.05158,0.19484,GBI available,TLI available,both
BantuSA_Tswana,Taa_North,"70%, 80%, 90%",atla1278,tuuu1241,"atla1278 ~ atla1278 , tuuu1241",19,19,tswa1253,xooo1239,glottocodeBase,glottocodeGBIproxy,tswa1253,huaa1248,0.77833,0.69951,glottocodeBase,glottocodeBase,tswa1253,xooo1239,0.05158,0.01146,GBI available,TLI available,both
BantuSA_Tswana,Taa_West,"70%, 80%, 90%",atla1278,tuuu1241,"atla1278 ~ atla1278 , tuuu1241",19,19,tswa1253,xooo1239,glottocodeBase,glottocodeGBIproxy,tswa1253,huaa1248,0.77833,0.69951,glottocodeBase,glottocodeBase,tswa1253,xooo1239,0.05158,0.01146,GBI available,TLI available,both
BantuSA_Tswana,Xuun,"70%, 80%, 90%",atla1278,kxaa1236,"atla1278 ~ atla1278 , kxaa1236",19,13,tswa1253,kung1261,glottocodeBase,no proxy,tswa1253,NA,0.77833,0.00000,glottocodeBase,glottocodeBase,tswa1253,kung1261,0.05158,0.22350,GBI NOT available,TLI available,TLI only
BantuSA_Zulu,Hoan,"70%, 80%, 90%",atla1278,kxaa1236,"atla1278 ~ atla1278 , kxaa1236",19,19,zulu1248,hoaa1235,glottocodeBase,glottocodeBase,zulu1248,hoaa1235,0.19704,0.76847,glottocodeBase,glottocodeBase,zulu1248,hoaa1235,0.68768,0.04011,GBI available,TLI available,both
BantuSA_Zulu,Ju_hoan_North,"70%, 80%, 90%",atla1278,kxaa1236,"atla1278 ~ atla1278 , kxaa1236",19,19,zulu1248,juho1239,glottocodeBase,glottocodeBase,zulu1248,juho1239,0.19704,0.22660,glottocodeBase,glottocodeBase,zulu1248,juho1239,0.68768,0.45272,GBI available,TLI available,both
BantuSA_Zulu,Ju_hoan_South,"70%, 80%, 90%",atla1278,kxaa1236,"atla1278 ~ atla1278 , kxaa1236",19,19,zulu1248,juho1239,glottocodeBase,glottocodeBase,zulu1248,juho1239,0.19704,0.22660,glottocodeBase,glottocodeBase,zulu1248,juho1239,0.68768,0.45272,GBI available,TLI available,both
BantuSA_Zulu,Naro,"70%, 80%, 90%",atla1278,khoe1240,"atla1278 ~ atla1278 , khoe1240",19,19,zulu1248,naro1249,glottocodeBase,no proxy,zulu1248,NA,0.19704,0.00000,glottocodeBase,glottocodeBase,zulu1248,naro1249,0.68768,0.04585,GBI NOT available,TLI available,TLI only
BantuSA_Zulu,San,"70%, 80%, 90%",atla1278,kxaa1236,"atla1278 ~ atla1278 , kxaa1236",19,19,zulu1248,juho1239,glottocodeBase,glottocodeBase,zulu1248,juho1239,0.19704,0.22660,glottocodeBase,glottocodeBase,zulu1248,juho1239,0.68768,0.45272,GBI available,TLI available,both
BantuSA_Zulu,Taa_East,"70%, 80%, 90%",atla1278,tuuu1241,"atla1278 ~ atla1278 , tuuu1241",19,19,zulu1248,huaa1248,glottocodeBase,glottocodeBase,zulu1248,huaa1248,0.19704,0.69951,glottocodeBase,glottocodeBase,zulu1248,huaa1248,0.68768,0.19484,GBI available,TLI available,both
BantuSA_Zulu,Taa_North,"70%, 80%, 90%",atla1278,tuuu1241,"atla1278 ~ atla1278 , tuuu1241",19,19,zulu1248,xooo1239,glottocodeBase,glottocodeGBIproxy,zulu1248,huaa1248,0.19704,0.69951,glottocodeBase,glottocodeBase,zulu1248,xooo1239,0.68768,0.01146,GBI available,TLI available,both
BantuSA_Zulu,Taa_West,"70%, 80%, 90%",atla1278,tuuu1241,"atla1278 ~ atla1278 , tuuu1241",19,19,zulu1248,xooo1239,glottocodeBase,glottocodeGBIproxy,zulu1248,huaa1248,0.19704,0.69951,glottocodeBase,glottocodeBase,zulu1248,xooo1239,0.68768,0.01146,GBI available,TLI available,both
BantuSA_Zulu,Xuun,"70%, 80%, 90%",atla1278,kxaa1236,"atla1278 ~ atla1278 , kxaa1236",19,13,zulu1248,kung1261,glottocodeBase,no proxy,zulu1248,NA,0.19704,0.00000,glottocodeBase,glottocodeBase,zulu1248,kung1261,0.68768,0.22350,GBI NOT available,TLI available,TLI only
BiakaPygmy,MbutiPygmy,"70%, 80%, 90%",atla1278,cent2225,"atla1278 ~ atla1278 , cent2225",19,13,yaka1272,lese1243,glottocodeBase,glottocodeBase,yaka1272,lese1243,0.6601,0.68473,glottocodeBase,glottocodeBase,yaka1272,lese1243,0.00287,0.16046,GBI available,TLI available,both
BiakaPygmy,Hoan,"70%, 80%, 90%",atla1278,kxaa1236,"atla1278 ~ atla1278 , kxaa1236",19, 6,yaka1272,hoaa1235,glottocodeBase,glottocodeBase,yaka1272,hoaa1235,0.6601,0.76847,glottocodeBase,glottocodeBase,yaka1272,hoaa1235,0.00287,0.04011,GBI available,TLI available,both
BiakaPygmy,Ju_hoan_North,"70%, 80%, 90%",atla1278,kxaa1236,"atla1278 ~ atla1278 , kxaa1236",19, 6,yaka1272,juho1239,glottocodeBase,glottocodeBase,yaka1272,juho1239,0.6601,0.22660,glottocodeBase,glottocodeBase,yaka1272,juho1239,0.00287,0.45272,GBI available,TLI available,both
BiakaPygmy,Ju_hoan_South,"70%, 80%, 90%",atla1278,kxaa1236,"atla1278 ~ atla1278 , kxaa1236",19, 6,yaka1272,juho1239,glottocodeBase,glottocodeBase,yaka1272,juho1239,0.6601,0.22660,glottocodeBase,glottocodeBase,yaka1272,juho1239,0.00287,0.45272,GBI available,TLI available,both
BiakaPygmy,Naro,"70%, 80%, 90%",atla1278,khoe1240,"atla1278 ~ atla1278 , khoe1240",19, 6,yaka1272,naro1249,glottocodeBase,no proxy,yaka1272,NA,0.6601,0.00000,glottocodeBase,glottocodeBase,yaka1272,naro1249,0.00287,0.04585,GBI NOT available,TLI available,TLI only
BiakaPygmy,San,"70%, 80%, 90%",atla1278,kxaa1236,"atla1278 ~ atla1278 , kxaa1236",19, 6,yaka1272,juho1239,glottocodeBase,glottocodeBase,yaka1272,juho1239,0.6601,0.22660,glottocodeBase,glottocodeBase,yaka1272,juho1239,0.00287,0.45272,GBI available,TLI available,both
BiakaPygmy,Taa_East,"70%, 80%, 90%",atla1278,tuuu1241,"atla1278 ~ atla1278 , tuuu1241",19, 6,yaka1272,huaa1248,glottocodeBase,glottocodeBase,yaka1272,huaa1248,0.6601,0.69951,glottocodeBase,glottocodeBase,yaka1272,huaa1248,0.00287,0.19484,GBI available,TLI available,both
BiakaPygmy,Taa_North,"70%, 80%, 90%",atla1278,tuuu1241,"atla1278 ~ atla1278 , tuuu1241",19, 6,yaka1272,xooo1239,glottocodeBase,glottocodeGBIproxy,yaka1272,huaa1248,0.6601,0.69951,glottocodeBase,glottocodeBase,yaka1272,xooo1239,0.00287,0.01146,GBI available,TLI available,both
BiakaPygmy,Taa_West,"70%, 80%, 90%",atla1278,tuuu1241,"atla1278 ~ atla1278 , tuuu1241",19, 6,yaka1272,xooo1239,glottocodeBase,glottocodeGBIproxy,yaka1272,huaa1248,0.6601,0.69951,glottocodeBase,glottocodeBase,yaka1272,xooo1239,0.00287,0.01146,GBI available,TLI available,both
BiakaPygmy,Xuun,"70%, 80%, 90%",atla1278,kxaa1236,"atla1278 ~ atla1278 , kxaa1236",19, 6,yaka1272,kung1261,glottocodeBase,no proxy,yaka1272,NA,0.6601,0.00000,glottocodeBase,glottocodeBase,yaka1272,kung1261,0.00287,0.22350,GBI NOT available,TLI available,TLI only
Buka_Petats,Nasioi,"70%, 80%",aust1307,sout2948,"aust1307 ~ aust1307 , sout2948",19,19,peta1245,nasi1247,no proxy,glottocodeGBIproxy,NA,naas1242,0,0.28079,glottocodeBase,glottocodeTLIproxy,peta1245,naas1242,0.10029,0.21777,GBI NOT available,TLI available,TLI only
Buka_Petats,Vella_Lavella,"70%, 80%",aust1307,bilu1245,"aust1307 ~ aust1307 , bilu1245",19, 8,peta1245,bilu1245,no proxy,glottocodeBase,NA,bilu1245,0,0.47291,glottocodeBase,glottocodeBase,peta1245,bilu1245,0.10029,0.20057,GBI NOT available,TLI available,TLI only
Buka_Petats,Baining_Malasait,"70%, 80%",aust1307,bain1263,"aust1307 ~ aust1307 , bain1263",19, 3,peta1245,bain1263,no proxy,glottocodeGBIproxy,NA,qaqe1238,0,0.26108,glottocodeBase,glottocodeTLIproxy,peta1245,qaqe1238,0.10029,0.14327,GBI NOT available,TLI available,TLI only
Buka_Petats,Baining_Marabu,"70%, 80%",aust1307,bain1263,"aust1307 ~ aust1307 , bain1263",19, 3,peta1245,bain1263,no proxy,glottocodeGBIproxy,NA,mali1284,0,0.50739,glottocodeBase,glottocodeTLIproxy,peta1245,mali1284,0.10029,0.08309,GBI NOT available,TLI available,TLI only
Buka_Petats,Ata_Bili,"70%, 80%",aust1307,pele1245,"aust1307 ~ aust1307 , pele1245",19, 1,peta1245,pele1245,no proxy,glottocodeBase,NA,pele1245,0,0.23645,glottocodeBase,glottocodeBase,peta1245,pele1245,0.10029,0.00287,GBI NOT available,TLI available,TLI only
Buka_Petats,Ata_Luge,"70%, 80%",aust1307,pele1245,"aust1307 ~ aust1307 , pele1245",19, 1,peta1245,pele1245,no proxy,glottocodeBase,NA,pele1245,0,0.23645,glottocodeBase,glottocodeBase,peta1245,pele1245,0.10029,0.00287,GBI NOT available,TLI available,TLI only
Buka_Petats,Ata_Uassilau,"70%, 80%",aust1307,pele1245,"aust1307 ~ aust1307 , pele1245",19, 1,peta1245,pele1245,no proxy,glottocodeBase,NA,pele1245,0,0.23645,glottocodeBase,glottocodeBase,peta1245,pele1245,0.10029,0.00287,GBI NOT available,TLI available,TLI only
Cambodian,Onge,"70%, 80%",aust1305,jara1244,"aust1305 ~ aust1305 , jara1244",19, 2,cent1989,onge1236,glottocodeBase,glottocodeBase,cent1989,onge1236,0.63054,0.21675,glottocodeBase,glottocodeBase,cent1989,onge1236,0.4298,0.18052,GBI available,TLI available,both
Chukchi_Ayon,Estonian,"70%, 80%, 90%",chuk1271,ural1272,"chuk1271 ~ chuk1271 , ural1272",19,17,chuk1273,esto1258,glottocodeBase,glottocodeBase,chuk1273,esto1258,0.81773,0.86207,glottocodeBase,glottocodeBase,chuk1273,esto1258,0.76791,0.46418,GBI available,TLI available,both
Chukchi_Ayon,Karelian_Northern,"70%, 80%, 90%",chuk1271,ural1272,"chuk1271 ~ chuk1271 , ural1272",19,17,chuk1273,nort2673,glottocodeBase,glottocodeBase,chuk1273,nort2673,0.81773,0.85714,glottocodeBase,glottocodeTLIproxy,chuk1273,kare1335,0.76791,0.20917,GBI available,TLI available,both
Chukchi_Ayon,Karelian_Southern,"70%, 80%, 90%",chuk1271,ural1272,"chuk1271 ~ chuk1271 , ural1272",19,17,chuk1273,sout2676,glottocodeBase,glottocodeGBIproxy,chuk1273,tver1240,0.81773,0.87192,glottocodeBase,glottocodeTLIproxy,chuk1273,kare1335,0.76791,0.20917,GBI available,TLI available,both
Chukchi_Ayon,Lithuanian,"70%, 80%, 90%",chuk1271,indo1319,"chuk1271 ~ chuk1271 , indo1319",19,17,chuk1273,lith1251,glottocodeBase,glottocodeBase,chuk1273,lith1251,0.81773,0.86700,glottocodeBase,glottocodeBase,chuk1273,lith1251,0.76791,0.53868,GBI available,TLI available,both
Chukchi_Ayon,Russian_Archangelsk_Pinezhsky,"70%, 80%, 90%",chuk1271,indo1319,"chuk1271 ~ chuk1271 , indo1319",19,17,chuk1273,russ1263,glottocodeBase,glottocodeBase,chuk1273,russ1263,0.81773,0.92118,glottocodeBase,glottocodeBase,chuk1273,russ1263,0.76791,0.85387,GBI available,TLI available,both
Chukchi_Ayon,Russian_Pskov_Ostrov,"70%, 80%, 90%",chuk1271,indo1319,"chuk1271 ~ chuk1271 , indo1319",19,17,chuk1273,russ1263,glottocodeBase,glottocodeBase,chuk1273,russ1263,0.81773,0.92118,glottocodeBase,glottocodeBase,chuk1273,russ1263,0.76791,0.85387,GBI available,TLI available,both
Chukchi_Ayon,Russian_Pskov_Porkhov,"70%, 80%, 90%",chuk1271,indo1319,"chuk1271 ~ chuk1271 , indo1319",19,17,chuk1273,russ1263,glottocodeBase,glottocodeBase,chuk1273,russ1263,0.81773,0.92118,glottocodeBase,glottocodeBase,chuk1273,russ1263,0.76791,0.85387,GBI available,TLI available,both
Chukchi_Ayon,Veps,"70%, 80%, 90%",chuk1271,ural1272,"chuk1271 ~ chuk1271 , ural1272",19,17,chuk1273,veps1250,glottocodeBase,glottocodeBase,chuk1273,veps1250,0.81773,0.86700,glottocodeBase,glottocodeBase,chuk1273,veps1250,0.76791,0.18052,GBI available,TLI available,both
Chukchi_Ayon,Belarusian,"70%, 80%, 90%",chuk1271,indo1319,"chuk1271 ~ chuk1271 , indo1319",19,16,chuk1273,bela1254,glottocodeBase,glottocodeBase,chuk1273,bela1254,0.81773,0.87685,glottocodeBase,glottocodeBase,chuk1273,bela1254,0.76791,0.14040,GBI available,TLI available,both
Chukchi_Ayon,Finnish,"70%, 80%, 90%",chuk1271,ural1272,"chuk1271 ~ chuk1271 , ural1272",19,16,chuk1273,finn1318,glottocodeBase,glottocodeBase,chuk1273,finn1318,0.81773,0.87192,glottocodeBase,glottocodeBase,chuk1273,finn1318,0.76791,0.84527,GBI available,TLI available,both
Chukchi_Ayon,Russian_Archangelsk_Krasnoborsky,"70%, 80%, 90%",chuk1271,indo1319,"chuk1271 ~ chuk1271 , indo1319",19,16,chuk1273,russ1263,glottocodeBase,glottocodeBase,chuk1273,russ1263,0.81773,0.92118,glottocodeBase,glottocodeBase,chuk1273,russ1263,0.76791,0.85387,GBI available,TLI available,both
Chukchi_Ayon,Russian_Kaluga,"70%, 80%, 90%",chuk1271,indo1319,"chuk1271 ~ chuk1271 , indo1319",19,16,chuk1273,russ1263,glottocodeBase,glottocodeBase,chuk1273,russ1263,0.81773,0.92118,glottocodeBase,glottocodeBase,chuk1273,russ1263,0.76791,0.85387,GBI available,TLI available,both
Chukchi_Ayon,Russian_Smolensk,"70%, 80%, 90%",chuk1271,indo1319,"chuk1271 ~ chuk1271 , indo1319",19,16,chuk1273,russ1263,glottocodeBase,glottocodeBase,chuk1273,russ1263,0.81773,0.92118,glottocodeBase,glottocodeBase,chuk1273,russ1263,0.76791,0.85387,GBI available,TLI available,both
Chukchi_Ayon,Russian_Yaroslavl,"70%, 80%, 90%",chuk1271,indo1319,"chuk1271 ~ chuk1271 , indo1319",19,16,chuk1273,russ1263,glottocodeBase,glottocodeBase,chuk1273,russ1263,0.81773,0.92118,glottocodeBase,glottocodeBase,chuk1273,russ1263,0.76791,0.85387,GBI available,TLI available,both
Chukchi_Ayon,German_Sorb,"70%, 80%, 90%",chuk1271,indo1319,"chuk1271 ~ chuk1271 , indo1319",19,10,chuk1273,sorb1249,glottocodeBase,no proxy,chuk1273,NA,0.81773,0.00000,glottocodeBase,glottocodeTLIproxy,chuk1273,uppe1395,0.76791,0.28367,GBI NOT available,TLI available,TLI only
Chukchi_Ayon,Polish_Poznan,"70%, 80%, 90%",chuk1271,indo1319,"chuk1271 ~ chuk1271 , indo1319",19,10,chuk1273,poli1260,glottocodeBase,glottocodeBase,chuk1273,poli1260,0.81773,0.93596,glottocodeBase,glottocodeBase,chuk1273,poli1260,0.76791,0.56447,GBI available,TLI available,both
Chukchi_Ayon,Russian,"70%, 80%, 90%",chuk1271,indo1319,"chuk1271 ~ chuk1271 , indo1319",19,10,chuk1273,russ1263,glottocodeBase,glottocodeBase,chuk1273,russ1263,0.81773,0.92118,glottocodeBase,glottocodeBase,chuk1273,russ1263,0.76791,0.85387,GBI available,TLI available,both
Chukchi_Ayon,Russian_Kursk,"70%, 80%, 90%",chuk1271,indo1319,"chuk1271 ~ chuk1271 , indo1319",19,10,chuk1273,russ1263,glottocodeBase,glottocodeBase,chuk1273,russ1263,0.81773,0.92118,glottocodeBase,glottocodeBase,chuk1273,russ1263,0.76791,0.85387,GBI available,TLI available,both
Chukchi_Ayon,Russian_Oryol,"70%, 80%, 90%",chuk1271,indo1319,"chuk1271 ~ chuk1271 , indo1319",19,10,chuk1273,russ1263,glottocodeBase,glottocodeBase,chuk1273,russ1263,0.81773,0.92118,glottocodeBase,glottocodeBase,chuk1273,russ1263,0.76791,0.85387,GBI available,TLI available,both
Chukchi_Ayon,Russian_Ryazan_Spassk_Ryazansky,"70%, 80%, 90%",chuk1271,indo1319,"chuk1271 ~ chuk1271 , indo1319",19,10,chuk1273,russ1263,glottocodeBase,glottocodeBase,chuk1273,russ1263,0.81773,0.92118,glottocodeBase,glottocodeBase,chuk1273,russ1263,0.76791,0.85387,GBI available,TLI available,both
Chukchi_Ayon,Russian_Tver,"70%, 80%, 90%",chuk1271,indo1319,"chuk1271 ~ chuk1271 , indo1319",19,10,chuk1273,russ1263,glottocodeBase,glottocodeBase,chuk1273,russ1263,0.81773,0.92118,glottocodeBase,glottocodeBase,chuk1273,russ1263,0.76791,0.85387,GBI available,TLI available,both
Chukchi_Ayon,Ukrainian_East,"70%, 80%, 90%",chuk1271,indo1319,"chuk1271 ~ chuk1271 , indo1319",19,10,chuk1273,ukra1253,glottocodeBase,glottocodeBase,chuk1273,ukra1253,0.81773,0.78325,glottocodeBase,glottocodeBase,chuk1273,ukra1253,0.76791,0.32665,GBI available,TLI available,both
Chukchi_Ayon,Ukrainian_Rovenskaya,"70%, 80%, 90%",chuk1271,indo1319,"chuk1271 ~ chuk1271 , indo1319",19,10,chuk1273,ukra1253,glottocodeBase,glottocodeBase,chuk1273,ukra1253,0.81773,0.78325,glottocodeBase,glottocodeBase,chuk1273,ukra1253,0.76791,0.32665,GBI available,TLI available,both
Chukchi_Ayon,French_West,"70%, 80%, 90%",chuk1271,indo1319,"chuk1271 ~ chuk1271 , indo1319",19, 9,chuk1273,stan1290,glottocodeBase,glottocodeBase,chuk1273,stan1290,0.81773,0.89655,glottocodeBase,glottocodeBase,chuk1273,stan1290,0.76791,0.80802,GBI available,TLI available,both
Chukchi_Ayon,German_Lipsian,"70%, 80%, 90%",chuk1271,indo1319,"chuk1271 ~ chuk1271 , indo1319",19, 9,chuk1273,stan1295,glottocodeBase,no proxy,chuk1273,NA,0.81773,0.00000,glottocodeBase,glottocodeBase,chuk1273,stan1295,0.76791,0.79370,GBI NOT available,TLI available,TLI only
Chukchi_Ayon,Icelandic,"70%, 80%, 90%",chuk1271,indo1319,"chuk1271 ~ chuk1271 , indo1319",19, 9,chuk1273,icel1247,glottocodeBase,glottocodeBase,chuk1273,icel1247,0.81773,0.86700,glottocodeBase,glottocodeBase,chuk1273,icel1247,0.76791,0.59599,GBI available,TLI available,both
Chukchi_Ayon,Irish_Connacht,"70%, 80%, 90%",chuk1271,indo1319,"chuk1271 ~ chuk1271 , indo1319",19, 9,chuk1273,conn1243,glottocodeBase,glottocodeGBIproxy,chuk1273,iris1253,0.81773,0.92118,glottocodeBase,glottocodeTLIproxy,chuk1273,iris1253,0.76791,0.54441,GBI available,TLI available,both
Chukchi_Ayon,Irish_Cork_Kerry,"70%, 80%, 90%",chuk1271,indo1319,"chuk1271 ~ chuk1271 , indo1319",19, 9,chuk1273,iris1253,glottocodeBase,glottocodeBase,chuk1273,iris1253,0.81773,0.92118,glottocodeBase,glottocodeBase,chuk1273,iris1253,0.76791,0.54441,GBI available,TLI available,both
Chukchi_Ayon,Irish_Leinster,"70%, 80%, 90%",chuk1271,indo1319,"chuk1271 ~ chuk1271 , indo1319",19, 9,chuk1273,iris1253,glottocodeBase,glottocodeBase,chuk1273,iris1253,0.81773,0.92118,glottocodeBase,glottocodeBase,chuk1273,iris1253,0.76791,0.54441,GBI available,TLI available,both
Chukchi_Ayon,Irish_Munster,"70%, 80%, 90%",chuk1271,indo1319,"chuk1271 ~ chuk1271 , indo1319",19, 9,chuk1273,muns1250,glottocodeBase,glottocodeGBIproxy,chuk1273,iris1253,0.81773,0.92118,glottocodeBase,glottocodeTLIproxy,chuk1273,iris1253,0.76791,0.54441,GBI available,TLI available,both
Chukchi_Ayon,Irish_Ulster,"70%, 80%, 90%",chuk1271,indo1319,"chuk1271 ~ chuk1271 , indo1319",19, 9,chuk1273,done1238,glottocodeBase,glottocodeGBIproxy,chuk1273,iris1253,0.81773,0.92118,glottocodeBase,glottocodeTLIproxy,chuk1273,iris1253,0.76791,0.54441,GBI available,TLI available,both
Chukchi_Ayon,Norwegian,"70%, 80%, 90%",chuk1271,indo1319,"chuk1271 ~ chuk1271 , indo1319",19, 9,chuk1273,norw1258,glottocodeBase,no proxy,chuk1273,NA,0.81773,0.00000,glottocodeBase,glottocodeBase,chuk1273,norw1258,0.76791,0.34670,GBI NOT available,TLI available,TLI only
Chukchi_Ayon,Orcadian,"70%, 80%, 90%",chuk1271,indo1319,"chuk1271 ~ chuk1271 , indo1319",19, 9,chuk1273,scot1243,glottocodeBase,no proxy,chuk1273,NA,0.81773,0.00000,glottocodeBase,glottocodeBase,chuk1273,scot1243,0.76791,0.10315,GBI NOT available,TLI available,TLI only
Chukchi_Ayon,Polish_Lublin,"70%, 80%, 90%",chuk1271,indo1319,"chuk1271 ~ chuk1271 , indo1319",19, 9,chuk1273,poli1260,glottocodeBase,glottocodeBase,chuk1273,poli1260,0.81773,0.93596,glottocodeBase,glottocodeBase,chuk1273,poli1260,0.76791,0.56447,GBI available,TLI available,both
Chukchi_Ayon,Russian_Belgorod,"70%, 80%, 90%",chuk1271,indo1319,"chuk1271 ~ chuk1271 , indo1319",19, 9,chuk1273,russ1263,glottocodeBase,glottocodeBase,chuk1273,russ1263,0.81773,0.92118,glottocodeBase,glottocodeBase,chuk1273,russ1263,0.76791,0.85387,GBI available,TLI available,both
Chukchi_Ayon,Russian_Ryazan_Mihailovsky,"70%, 80%, 90%",chuk1271,indo1319,"chuk1271 ~ chuk1271 , indo1319",19, 9,chuk1273,russ1263,glottocodeBase,glottocodeBase,chuk1273,russ1263,0.81773,0.92118,glottocodeBase,glottocodeBase,chuk1273,russ1263,0.76791,0.85387,GBI available,TLI available,both
Chukchi_Ayon,Scottish,"70%, 80%, 90%",chuk1271,indo1319,"chuk1271 ~ chuk1271 , indo1319",19, 9,chuk1273,scot1245,glottocodeBase,no proxy,chuk1273,NA,0.81773,0.00000,glottocodeBase,glottocodeBase,chuk1273,scot1245,0.76791,0.26934,GBI NOT available,TLI available,TLI only
Chukchi_Ayon,Scottish_Dumfries_Galloway,"70%, 80%, 90%",chuk1271,indo1319,"chuk1271 ~ chuk1271 , indo1319",19, 9,chuk1273,scot1245,glottocodeBase,no proxy,chuk1273,NA,0.81773,0.00000,glottocodeBase,glottocodeBase,chuk1273,scot1245,0.76791,0.26934,GBI NOT available,TLI available,TLI only
Chukchi_Ayon,Scottish_Fife,"70%, 80%, 90%",chuk1271,indo1319,"chuk1271 ~ chuk1271 , indo1319",19, 9,chuk1273,scot1245,glottocodeBase,no proxy,chuk1273,NA,0.81773,0.00000,glottocodeBase,glottocodeBase,chuk1273,scot1245,0.76791,0.26934,GBI NOT available,TLI available,TLI only
Chukchi_Ayon,Scottish_Grampian,"70%, 80%, 90%",chuk1271,indo1319,"chuk1271 ~ chuk1271 , indo1319",19, 9,chuk1273,scot1245,glottocodeBase,no proxy,chuk1273,NA,0.81773,0.00000,glottocodeBase,glottocodeBase,chuk1273,scot1245,0.76791,0.26934,GBI NOT available,TLI available,TLI only
Chukchi_Ayon,Scottish_Highlands,"70%, 80%, 90%",chuk1271,indo1319,"chuk1271 ~ chuk1271 , indo1319",19, 9,chuk1273,scot1245,glottocodeBase,no proxy,chuk1273,NA,0.81773,0.00000,glottocodeBase,glottocodeBase,chuk1273,scot1245,0.76791,0.26934,GBI NOT available,TLI available,TLI only
Chukchi_Ayon,Scottish_Shetlandic,"70%, 80%, 90%",chuk1271,indo1319,"chuk1271 ~ chuk1271 , indo1319",19, 9,chuk1273,scot1245,glottocodeBase,no proxy,chuk1273,NA,0.81773,0.00000,glottocodeBase,glottocodeBase,chuk1273,scot1245,0.76791,0.26934,GBI NOT available,TLI available,TLI only
Chukchi_Ayon,Ukrainian_Sumskaya,"70%, 80%, 90%",chuk1271,indo1319,"chuk1271 ~ chuk1271 , indo1319",19, 9,chuk1273,ukra1253,glottocodeBase,glottocodeBase,chuk1273,ukra1253,0.81773,0.78325,glottocodeBase,glottocodeBase,chuk1273,ukra1253,0.76791,0.32665,GBI available,TLI available,both
Chukchi_Ayon,Ukrainian_Zhitomirskaya,"70%, 80%, 90%",chuk1271,indo1319,"chuk1271 ~ chuk1271 , indo1319",19, 9,chuk1273,ukra1253,glottocodeBase,glottocodeBase,chuk1273,ukra1253,0.81773,0.78325,glottocodeBase,glottocodeBase,chuk1273,ukra1253,0.76791,0.32665,GBI available,TLI available,both
Chukchi_Ayon,Scottish_Borders,"70%, 80%, 90%",chuk1271,indo1319,"chuk1271 ~ chuk1271 , indo1319",19, 8,chuk1273,scot1245,glottocodeBase,no proxy,chuk1273,NA,0.81773,0.00000,glottocodeBase,glottocodeBase,chuk1273,scot1245,0.76791,0.26934,GBI NOT available,TLI available,TLI only
Chukchi_Ayon,Czech,"70%, 80%, 90%",chuk1271,indo1319,"chuk1271 ~ chuk1271 , indo1319",19, 6,chuk1273,czec1258,glottocodeBase,glottocodeBase,chuk1273,czec1258,0.81773,0.86700,glottocodeBase,glottocodeBase,chuk1273,czec1258,0.76791,0.32951,GBI available,TLI available,both
Chukchi_Ayon,English_Kent,"70%, 80%, 90%",chuk1271,indo1319,"chuk1271 ~ chuk1271 , indo1319",19, 5,chuk1273,stan1293,glottocodeBase,glottocodeBase,chuk1273,stan1293,0.81773,0.85222,glottocodeBase,glottocodeBase,chuk1273,stan1293,0.76791,0.82521,GBI available,TLI available,both
Chukchi_Ayon,English_Cornwall,"70%, 80%, 90%",chuk1271,indo1319,"chuk1271 ~ chuk1271 , indo1319",19, 1,chuk1273,stan1293,glottocodeBase,glottocodeBase,chuk1273,stan1293,0.81773,0.85222,glottocodeBase,glottocodeBase,chuk1273,stan1293,0.76791,0.82521,GBI available,TLI available,both
Chukchi_Ayon,Mordovian,"70%, 80%, 90%",chuk1271,ural1272,"chuk1271 ~ chuk1271 , ural1272",19, 1,chuk1273,erzy1239,glottocodeBase,glottocodeBase,chuk1273,erzy1239,0.81773,0.84729,glottocodeBase,glottocodeBase,chuk1273,erzy1239,0.76791,0.30659,GBI available,TLI available,both
Chukchi_Ayon,Mordovian_Erzya,"70%, 80%, 90%",chuk1271,ural1272,"chuk1271 ~ chuk1271 , ural1272",19, 1,chuk1273,erzy1239,glottocodeBase,glottocodeBase,chuk1273,erzy1239,0.81773,0.84729,glottocodeBase,glottocodeBase,chuk1273,erzy1239,0.76791,0.30659,GBI available,TLI available,both
Chukchi_Ayon,Mordovian_Moksha,"70%, 80%, 90%",chuk1271,ural1272,"chuk1271 ~ chuk1271 , ural1272",19, 1,chuk1273,moks1248,glottocodeBase,glottocodeBase,chuk1273,moks1248,0.81773,0.88177,glottocodeBase,glottocodeBase,chuk1273,moks1248,0.76791,0.19771,GBI available,TLI available,both
Chukchi_Ayon,Russian_Archangelsk_Leshukonsky,"70%, 80%, 90%",chuk1271,indo1319,"chuk1271 ~ chuk1271 , indo1319",19, 1,chuk1273,russ1263,glottocodeBase,glottocodeBase,chuk1273,russ1263,0.81773,0.92118,glottocodeBase,glottocodeBase,chuk1273,russ1263,0.76791,0.85387,GBI available,TLI available,both
Chukchi_Ayon,Ukrainian_West,"70%, 80%, 90%",chuk1271,indo1319,"chuk1271 ~ chuk1271 , indo1319",19, 1,chuk1273,ukra1253,glottocodeBase,glottocodeBase,chuk1273,ukra1253,0.81773,0.78325,glottocodeBase,glottocodeBase,chuk1273,ukra1253,0.76791,0.32665,GBI available,TLI available,both
Cusco2,Belarusian,"70%, 80%, 90%",quec1387,indo1319,"quec1387 ~ quec1387 , indo1319",19, 9,cusc1236,bela1254,glottocodeBase,glottocodeBase,cusc1236,bela1254,0.75369,0.87685,glottocodeBase,glottocodeBase,cusc1236,bela1254,0.15473,0.14040,GBI available,TLI available,both
Cusco2,Estonian,"70%, 80%, 90%",quec1387,ural1272,"quec1387 ~ quec1387 , ural1272",19, 9,cusc1236,esto1258,glottocodeBase,glottocodeBase,cusc1236,esto1258,0.75369,0.86207,glottocodeBase,glottocodeBase,cusc1236,esto1258,0.15473,0.46418,GBI available,TLI available,both
Cusco2,Finnish,"70%, 80%, 90%",quec1387,ural1272,"quec1387 ~ quec1387 , ural1272",19, 9,cusc1236,finn1318,glottocodeBase,glottocodeBase,cusc1236,finn1318,0.75369,0.87192,glottocodeBase,glottocodeBase,cusc1236,finn1318,0.15473,0.84527,GBI available,TLI available,both
Cusco2,French_West,"70%, 80%, 90%",quec1387,indo1319,"quec1387 ~ quec1387 , indo1319",19, 9,cusc1236,stan1290,glottocodeBase,glottocodeBase,cusc1236,stan1290,0.75369,0.89655,glottocodeBase,glottocodeBase,cusc1236,stan1290,0.15473,0.80802,GBI available,TLI available,both
Cusco2,German_Lipsian,"70%, 80%, 90%",quec1387,indo1319,"quec1387 ~ quec1387 , indo1319",19, 9,cusc1236,stan1295,glottocodeBase,no proxy,cusc1236,NA,0.75369,0.00000,glottocodeBase,glottocodeBase,cusc1236,stan1295,0.15473,0.79370,GBI NOT available,TLI available,TLI only
Cusco2,German_Sorb,"70%, 80%, 90%",quec1387,indo1319,"quec1387 ~ quec1387 , indo1319",19, 9,cusc1236,sorb1249,glottocodeBase,no proxy,cusc1236,NA,0.75369,0.00000,glottocodeBase,glottocodeTLIproxy,cusc1236,uppe1395,0.15473,0.28367,GBI NOT available,TLI available,TLI only
Cusco2,Icelandic,"70%, 80%, 90%",quec1387,indo1319,"quec1387 ~ quec1387 , indo1319",19, 9,cusc1236,icel1247,glottocodeBase,glottocodeBase,cusc1236,icel1247,0.75369,0.86700,glottocodeBase,glottocodeBase,cusc1236,icel1247,0.15473,0.59599,GBI available,TLI available,both
Cusco2,Irish_Connacht,"70%, 80%, 90%",quec1387,indo1319,"quec1387 ~ quec1387 , indo1319",19, 9,cusc1236,conn1243,glottocodeBase,glottocodeGBIproxy,cusc1236,iris1253,0.75369,0.92118,glottocodeBase,glottocodeTLIproxy,cusc1236,iris1253,0.15473,0.54441,GBI available,TLI available,both
Cusco2,Irish_Cork_Kerry,"70%, 80%, 90%",quec1387,indo1319,"quec1387 ~ quec1387 , indo1319",19, 9,cusc1236,iris1253,glottocodeBase,glottocodeBase,cusc1236,iris1253,0.75369,0.92118,glottocodeBase,glottocodeBase,cusc1236,iris1253,0.15473,0.54441,GBI available,TLI available,both
Cusco2,Irish_Leinster,"70%, 80%, 90%",quec1387,indo1319,"quec1387 ~ quec1387 , indo1319",19, 9,cusc1236,iris1253,glottocodeBase,glottocodeBase,cusc1236,iris1253,0.75369,0.92118,glottocodeBase,glottocodeBase,cusc1236,iris1253,0.15473,0.54441,GBI available,TLI available,both
Cusco2,Irish_Munster,"70%, 80%, 90%",quec1387,indo1319,"quec1387 ~ quec1387 , indo1319",19, 9,cusc1236,muns1250,glottocodeBase,glottocodeGBIproxy,cusc1236,iris1253,0.75369,0.92118,glottocodeBase,glottocodeTLIproxy,cusc1236,iris1253,0.15473,0.54441,GBI available,TLI available,both
Cusco2,Irish_Ulster,"70%, 80%, 90%",quec1387,indo1319,"quec1387 ~ quec1387 , indo1319",19, 9,cusc1236,done1238,glottocodeBase,glottocodeGBIproxy,cusc1236,iris1253,0.75369,0.92118,glottocodeBase,glottocodeTLIproxy,cusc1236,iris1253,0.15473,0.54441,GBI available,TLI available,both
Cusco2,Karelian_Northern,"70%, 80%, 90%",quec1387,ural1272,"quec1387 ~ quec1387 , ural1272",19, 9,cusc1236,nort2673,glottocodeBase,glottocodeBase,cusc1236,nort2673,0.75369,0.85714,glottocodeBase,glottocodeTLIproxy,cusc1236,kare1335,0.15473,0.20917,GBI available,TLI available,both
Cusco2,Karelian_Southern,"70%, 80%, 90%",quec1387,ural1272,"quec1387 ~ quec1387 , ural1272",19, 9,cusc1236,sout2676,glottocodeBase,glottocodeGBIproxy,cusc1236,tver1240,0.75369,0.87192,glottocodeBase,glottocodeTLIproxy,cusc1236,kare1335,0.15473,0.20917,GBI available,TLI available,both
Cusco2,Lithuanian,"70%, 80%, 90%",quec1387,indo1319,"quec1387 ~ quec1387 , indo1319",19, 9,cusc1236,lith1251,glottocodeBase,glottocodeBase,cusc1236,lith1251,0.75369,0.86700,glottocodeBase,glottocodeBase,cusc1236,lith1251,0.15473,0.53868,GBI available,TLI available,both
Cusco2,Norwegian,"70%, 80%, 90%",quec1387,indo1319,"quec1387 ~ quec1387 , indo1319",19, 9,cusc1236,norw1258,glottocodeBase,no proxy,cusc1236,NA,0.75369,0.00000,glottocodeBase,glottocodeBase,cusc1236,norw1258,0.15473,0.34670,GBI NOT available,TLI available,TLI only
Cusco2,Orcadian,"70%, 80%, 90%",quec1387,indo1319,"quec1387 ~ quec1387 , indo1319",19, 9,cusc1236,scot1243,glottocodeBase,no proxy,cusc1236,NA,0.75369,0.00000,glottocodeBase,glottocodeBase,cusc1236,scot1243,0.15473,0.10315,GBI NOT available,TLI available,TLI only
Cusco2,Polish_Lublin,"70%, 80%, 90%",quec1387,indo1319,"quec1387 ~ quec1387 , indo1319",19, 9,cusc1236,poli1260,glottocodeBase,glottocodeBase,cusc1236,poli1260,0.75369,0.93596,glottocodeBase,glottocodeBase,cusc1236,poli1260,0.15473,0.56447,GBI available,TLI available,both
Cusco2,Polish_Poznan,"70%, 80%, 90%",quec1387,indo1319,"quec1387 ~ quec1387 , indo1319",19, 9,cusc1236,poli1260,glottocodeBase,glottocodeBase,cusc1236,poli1260,0.75369,0.93596,glottocodeBase,glottocodeBase,cusc1236,poli1260,0.15473,0.56447,GBI available,TLI available,both
Cusco2,Russian,"70%, 80%, 90%",quec1387,indo1319,"quec1387 ~ quec1387 , indo1319",19, 9,cusc1236,russ1263,glottocodeBase,glottocodeBase,cusc1236,russ1263,0.75369,0.92118,glottocodeBase,glottocodeBase,cusc1236,russ1263,0.15473,0.85387,GBI available,TLI available,both
Cusco2,Russian_Archangelsk_Krasnoborsky,"70%, 80%, 90%",quec1387,indo1319,"quec1387 ~ quec1387 , indo1319",19, 9,cusc1236,russ1263,glottocodeBase,glottocodeBase,cusc1236,russ1263,0.75369,0.92118,glottocodeBase,glottocodeBase,cusc1236,russ1263,0.15473,0.85387,GBI available,TLI available,both
Cusco2,Russian_Archangelsk_Pinezhsky,"70%, 80%, 90%",quec1387,indo1319,"quec1387 ~ quec1387 , indo1319",19, 9,cusc1236,russ1263,glottocodeBase,glottocodeBase,cusc1236,russ1263,0.75369,0.92118,glottocodeBase,glottocodeBase,cusc1236,russ1263,0.15473,0.85387,GBI available,TLI available,both
Cusco2,Russian_Belgorod,"70%, 80%, 90%",quec1387,indo1319,"quec1387 ~ quec1387 , indo1319",19, 9,cusc1236,russ1263,glottocodeBase,glottocodeBase,cusc1236,russ1263,0.75369,0.92118,glottocodeBase,glottocodeBase,cusc1236,russ1263,0.15473,0.85387,GBI available,TLI available,both
Cusco2,Russian_Kaluga,"70%, 80%, 90%",quec1387,indo1319,"quec1387 ~ quec1387 , indo1319",19, 9,cusc1236,russ1263,glottocodeBase,glottocodeBase,cusc1236,russ1263,0.75369,0.92118,glottocodeBase,glottocodeBase,cusc1236,russ1263,0.15473,0.85387,GBI available,TLI available,both
Cusco2,Russian_Kursk,"70%, 80%, 90%",quec1387,indo1319,"quec1387 ~ quec1387 , indo1319",19, 9,cusc1236,russ1263,glottocodeBase,glottocodeBase,cusc1236,russ1263,0.75369,0.92118,glottocodeBase,glottocodeBase,cusc1236,russ1263,0.15473,0.85387,GBI available,TLI available,both
Cusco2,Russian_Oryol,"70%, 80%, 90%",quec1387,indo1319,"quec1387 ~ quec1387 , indo1319",19, 9,cusc1236,russ1263,glottocodeBase,glottocodeBase,cusc1236,russ1263,0.75369,0.92118,glottocodeBase,glottocodeBase,cusc1236,russ1263,0.15473,0.85387,GBI available,TLI available,both
Cusco2,Russian_Pskov_Ostrov,"70%, 80%, 90%",quec1387,indo1319,"quec1387 ~ quec1387 , indo1319",19, 9,cusc1236,russ1263,glottocodeBase,glottocodeBase,cusc1236,russ1263,0.75369,0.92118,glottocodeBase,glottocodeBase,cusc1236,russ1263,0.15473,0.85387,GBI available,TLI available,both
Cusco2,Russian_Pskov_Porkhov,"70%, 80%, 90%",quec1387,indo1319,"quec1387 ~ quec1387 , indo1319",19, 9,cusc1236,russ1263,glottocodeBase,glottocodeBase,cusc1236,russ1263,0.75369,0.92118,glottocodeBase,glottocodeBase,cusc1236,russ1263,0.15473,0.85387,GBI available,TLI available,both
Cusco2,Russian_Ryazan_Mihailovsky,"70%, 80%, 90%",quec1387,indo1319,"quec1387 ~ quec1387 , indo1319",19, 9,cusc1236,russ1263,glottocodeBase,glottocodeBase,cusc1236,russ1263,0.75369,0.92118,glottocodeBase,glottocodeBase,cusc1236,russ1263,0.15473,0.85387,GBI available,TLI available,both
Cusco2,Russian_Ryazan_Spassk_Ryazansky,"70%, 80%, 90%",quec1387,indo1319,"quec1387 ~ quec1387 , indo1319",19, 9,cusc1236,russ1263,glottocodeBase,glottocodeBase,cusc1236,russ1263,0.75369,0.92118,glottocodeBase,glottocodeBase,cusc1236,russ1263,0.15473,0.85387,GBI available,TLI available,both
Cusco2,Russian_Smolensk,"70%, 80%, 90%",quec1387,indo1319,"quec1387 ~ quec1387 , indo1319",19, 9,cusc1236,russ1263,glottocodeBase,glottocodeBase,cusc1236,russ1263,0.75369,0.92118,glottocodeBase,glottocodeBase,cusc1236,russ1263,0.15473,0.85387,GBI available,TLI available,both
Cusco2,Russian_Tver,"70%, 80%, 90%",quec1387,indo1319,"quec1387 ~ quec1387 , indo1319",19, 9,cusc1236,russ1263,glottocodeBase,glottocodeBase,cusc1236,russ1263,0.75369,0.92118,glottocodeBase,glottocodeBase,cusc1236,russ1263,0.15473,0.85387,GBI available,TLI available,both
Cusco2,Russian_Yaroslavl,"70%, 80%, 90%",quec1387,indo1319,"quec1387 ~ quec1387 , indo1319",19, 9,cusc1236,russ1263,glottocodeBase,glottocodeBase,cusc1236,russ1263,0.75369,0.92118,glottocodeBase,glottocodeBase,cusc1236,russ1263,0.15473,0.85387,GBI available,TLI available,both
Cusco2,Scottish,"70%, 80%, 90%",quec1387,indo1319,"quec1387 ~ quec1387 , indo1319",19, 9,cusc1236,scot1245,glottocodeBase,no proxy,cusc1236,NA,0.75369,0.00000,glottocodeBase,glottocodeBase,cusc1236,scot1245,0.15473,0.26934,GBI NOT available,TLI available,TLI only
Cusco2,Scottish_Dumfries_Galloway,"70%, 80%, 90%",quec1387,indo1319,"quec1387 ~ quec1387 , indo1319",19, 9,cusc1236,scot1245,glottocodeBase,no proxy,cusc1236,NA,0.75369,0.00000,glottocodeBase,glottocodeBase,cusc1236,scot1245,0.15473,0.26934,GBI NOT available,TLI available,TLI only
Cusco2,Scottish_Fife,"70%, 80%, 90%",quec1387,indo1319,"quec1387 ~ quec1387 , indo1319",19, 9,cusc1236,scot1245,glottocodeBase,no proxy,cusc1236,NA,0.75369,0.00000,glottocodeBase,glottocodeBase,cusc1236,scot1245,0.15473,0.26934,GBI NOT available,TLI available,TLI only
Cusco2,Scottish_Grampian,"70%, 80%, 90%",quec1387,indo1319,"quec1387 ~ quec1387 , indo1319",19, 9,cusc1236,scot1245,glottocodeBase,no proxy,cusc1236,NA,0.75369,0.00000,glottocodeBase,glottocodeBase,cusc1236,scot1245,0.15473,0.26934,GBI NOT available,TLI available,TLI only
Cusco2,Scottish_Highlands,"70%, 80%, 90%",quec1387,indo1319,"quec1387 ~ quec1387 , indo1319",19, 9,cusc1236,scot1245,glottocodeBase,no proxy,cusc1236,NA,0.75369,0.00000,glottocodeBase,glottocodeBase,cusc1236,scot1245,0.15473,0.26934,GBI NOT available,TLI available,TLI only
Cusco2,Scottish_Shetlandic,"70%, 80%, 90%",quec1387,indo1319,"quec1387 ~ quec1387 , indo1319",19, 9,cusc1236,scot1245,glottocodeBase,no proxy,cusc1236,NA,0.75369,0.00000,glottocodeBase,glottocodeBase,cusc1236,scot1245,0.15473,0.26934,GBI NOT available,TLI available,TLI only
Cusco2,Ukrainian_East,"70%, 80%, 90%",quec1387,indo1319,"quec1387 ~ quec1387 , indo1319",19, 9,cusc1236,ukra1253,glottocodeBase,glottocodeBase,cusc1236,ukra1253,0.75369,0.78325,glottocodeBase,glottocodeBase,cusc1236,ukra1253,0.15473,0.32665,GBI available,TLI available,both
Cusco2,Ukrainian_Rovenskaya,"70%, 80%, 90%",quec1387,indo1319,"quec1387 ~ quec1387 , indo1319",19, 9,cusc1236,ukra1253,glottocodeBase,glottocodeBase,cusc1236,ukra1253,0.75369,0.78325,glottocodeBase,glottocodeBase,cusc1236,ukra1253,0.15473,0.32665,GBI available,TLI available,both
Cusco2,Ukrainian_Sumskaya,"70%, 80%, 90%",quec1387,indo1319,"quec1387 ~ quec1387 , indo1319",19, 9,cusc1236,ukra1253,glottocodeBase,glottocodeBase,cusc1236,ukra1253,0.75369,0.78325,glottocodeBase,glottocodeBase,cusc1236,ukra1253,0.15473,0.32665,GBI available,TLI available,both
Cusco2,Ukrainian_Zhitomirskaya,"70%, 80%, 90%",quec1387,indo1319,"quec1387 ~ quec1387 , indo1319",19, 9,cusc1236,ukra1253,glottocodeBase,glottocodeBase,cusc1236,ukra1253,0.75369,0.78325,glottocodeBase,glottocodeBase,cusc1236,ukra1253,0.15473,0.32665,GBI available,TLI available,both
Cusco2,Veps,"70%, 80%, 90%",quec1387,ural1272,"quec1387 ~ quec1387 , ural1272",19, 9,cusc1236,veps1250,glottocodeBase,glottocodeBase,cusc1236,veps1250,0.75369,0.86700,glottocodeBase,glottocodeBase,cusc1236,veps1250,0.15473,0.18052,GBI available,TLI available,both
Cusco2,Scottish_Borders,"70%, 80%, 90%",quec1387,indo1319,"quec1387 ~ quec1387 , indo1319",19, 8,cusc1236,scot1245,glottocodeBase,no proxy,cusc1236,NA,0.75369,0.00000,glottocodeBase,glottocodeBase,cusc1236,scot1245,0.15473,0.26934,GBI NOT available,TLI available,TLI only
Cusco2,Czech,"70%, 80%, 90%",quec1387,indo1319,"quec1387 ~ quec1387 , indo1319",19, 6,cusc1236,czec1258,glottocodeBase,glottocodeBase,cusc1236,czec1258,0.75369,0.86700,glottocodeBase,glottocodeBase,cusc1236,czec1258,0.15473,0.32951,GBI available,TLI available,both
Cusco2,English_Kent,"70%, 80%, 90%",quec1387,indo1319,"quec1387 ~ quec1387 , indo1319",19, 5,cusc1236,stan1293,glottocodeBase,glottocodeBase,cusc1236,stan1293,0.75369,0.85222,glottocodeBase,glottocodeBase,cusc1236,stan1293,0.15473,0.82521,GBI available,TLI available,both
Cusco2,English_Cornwall,"70%, 80%, 90%",quec1387,indo1319,"quec1387 ~ quec1387 , indo1319",19, 1,cusc1236,stan1293,glottocodeBase,glottocodeBase,cusc1236,stan1293,0.75369,0.85222,glottocodeBase,glottocodeBase,cusc1236,stan1293,0.15473,0.82521,GBI available,TLI available,both
Cusco2,Mordovian,"70%, 80%, 90%",quec1387,ural1272,"quec1387 ~ quec1387 , ural1272",19, 1,cusc1236,erzy1239,glottocodeBase,glottocodeBase,cusc1236,erzy1239,0.75369,0.84729,glottocodeBase,glottocodeBase,cusc1236,erzy1239,0.15473,0.30659,GBI available,TLI available,both
Cusco2,Mordovian_Erzya,"70%, 80%, 90%",quec1387,ural1272,"quec1387 ~ quec1387 , ural1272",19, 1,cusc1236,erzy1239,glottocodeBase,glottocodeBase,cusc1236,erzy1239,0.75369,0.84729,glottocodeBase,glottocodeBase,cusc1236,erzy1239,0.15473,0.30659,GBI available,TLI available,both
Cusco2,Mordovian_Moksha,"70%, 80%, 90%",quec1387,ural1272,"quec1387 ~ quec1387 , ural1272",19, 1,cusc1236,moks1248,glottocodeBase,glottocodeBase,cusc1236,moks1248,0.75369,0.88177,glottocodeBase,glottocodeBase,cusc1236,moks1248,0.15473,0.19771,GBI available,TLI available,both
Cusco2,Russian_Archangelsk_Leshukonsky,"70%, 80%, 90%",quec1387,indo1319,"quec1387 ~ quec1387 , indo1319",19, 1,cusc1236,russ1263,glottocodeBase,glottocodeBase,cusc1236,russ1263,0.75369,0.92118,glottocodeBase,glottocodeBase,cusc1236,russ1263,0.15473,0.85387,GBI available,TLI available,both
Cusco2,Ukrainian_West,"70%, 80%, 90%",quec1387,indo1319,"quec1387 ~ quec1387 , indo1319",19, 1,cusc1236,ukra1253,glottocodeBase,glottocodeBase,cusc1236,ukra1253,0.75369,0.78325,glottocodeBase,glottocodeBase,cusc1236,ukra1253,0.15473,0.32665,GBI available,TLI available,both
Damara,MbutiPygmy,"70%, 80%, 90%",khoe1240,cent2225,"khoe1240 ~ khoe1240 , cent2225",19,13,nama1264,lese1243,glottocodeBase,glottocodeBase,nama1264,lese1243,0.42365,0.68473,glottocodeBase,glottocodeBase,nama1264,lese1243,0.5788,0.16046,GBI available,TLI available,both
Damara,Hoan,"70%, 80%, 90%",khoe1240,kxaa1236,"khoe1240 ~ khoe1240 , kxaa1236",19, 6,nama1264,hoaa1235,glottocodeBase,glottocodeBase,nama1264,hoaa1235,0.42365,0.76847,glottocodeBase,glottocodeBase,nama1264,hoaa1235,0.5788,0.04011,GBI available,TLI available,both
Damara,Ju_hoan_North,"70%, 80%, 90%",khoe1240,kxaa1236,"khoe1240 ~ khoe1240 , kxaa1236",19, 6,nama1264,juho1239,glottocodeBase,glottocodeBase,nama1264,juho1239,0.42365,0.22660,glottocodeBase,glottocodeBase,nama1264,juho1239,0.5788,0.45272,GBI available,TLI available,both
Damara,Ju_hoan_South,"70%, 80%, 90%",khoe1240,kxaa1236,"khoe1240 ~ khoe1240 , kxaa1236",19, 6,nama1264,juho1239,glottocodeBase,glottocodeBase,nama1264,juho1239,0.42365,0.22660,glottocodeBase,glottocodeBase,nama1264,juho1239,0.5788,0.45272,GBI available,TLI available,both
Damara,BantuSA_Herero,"70%, 80%, 90%",khoe1240,atla1278,"khoe1240 ~ khoe1240 , atla1278",19,19,nama1264,here1253,glottocodeBase,glottocodeBase,nama1264,here1253,0.42365,0.85222,glottocodeBase,glottocodeBase,nama1264,here1253,0.5788,0.12321,GBI available,TLI available,both
Damara,BantuSA_Ovambo,"70%, 80%, 90%",khoe1240,atla1278,"khoe1240 ~ khoe1240 , atla1278",19,19,nama1264,ndon1254,glottocodeBase,glottocodeGBIproxy,nama1264,mbal1255,0.42365,0.46305,glottocodeBase,glottocodeBase,nama1264,ndon1254,0.5788,0.22636,GBI available,TLI available,both
Damara,Cameroon_Aghem,"70%, 80%, 90%",khoe1240,atla1278,"khoe1240 ~ khoe1240 , atla1278",19,19,nama1264,aghe1239,glottocodeBase,glottocodeBase,nama1264,aghe1239,0.42365,0.74877,glottocodeBase,glottocodeBase,nama1264,aghe1239,0.5788,0.15759,GBI available,TLI available,both
Damara,Cameroon_Bafut,"70%, 80%, 90%",khoe1240,atla1278,"khoe1240 ~ khoe1240 , atla1278",19,19,nama1264,bafu1246,glottocodeBase,glottocodeBase,nama1264,bafu1246,0.42365,0.81281,glottocodeBase,glottocodeBase,nama1264,bafu1246,0.5788,0.14040,GBI available,TLI available,both
Damara,Cameroon_Bakoko,"70%, 80%, 90%",khoe1240,atla1278,"khoe1240 ~ khoe1240 , atla1278",19,19,nama1264,bako1249,glottocodeBase,no proxy,nama1264,NA,0.42365,0.00000,glottocodeBase,glottocodeTLIproxy,nama1264,basa1284,0.5788,0.20917,GBI NOT available,TLI available,TLI only
Damara,Cameroon_Bangwa,"70%, 80%, 90%",khoe1240,atla1278,"khoe1240 ~ khoe1240 , atla1278",19,19,nama1264,ndan1241,glottocodeBase,glottocodeGBIproxy,nama1264,fefe1239,0.42365,0.62562,glottocodeBase,glottocodeTLIproxy,nama1264,fefe1239,0.5788,0.12607,GBI available,TLI available,both
Damara,Cameroon_Mbo,"70%, 80%, 90%",khoe1240,atla1278,"khoe1240 ~ khoe1240 , atla1278",19,19,nama1264,mboc1235,glottocodeBase,glottocodeBase,nama1264,mboc1235,0.42365,0.68966,glottocodeBase,glottocodeBase,nama1264,mboc1235,0.5788,0.10888,GBI available,TLI available,both
Damara,Esan,"70%, 80%, 90%",khoe1240,atla1278,"khoe1240 ~ khoe1240 , atla1278",19,19,nama1264,esan1238,glottocodeBase,glottocodeBase,nama1264,esan1238,0.42365,0.47783,glottocodeBase,no proxy,nama1264,NA,0.5788,0.00000,GBI available,TLI NOT available,GBI only
Damara,Gambian,"70%, 80%, 90%",khoe1240,mand1469,"khoe1240 ~ khoe1240 , mand1469",19,19,nama1264,mand1436,glottocodeBase,glottocodeBase,nama1264,mand1436,0.42365,0.55665,glottocodeBase,glottocodeBase,nama1264,mand1436,0.5788,0.24355,GBI available,TLI available,both
Damara,Himba,"70%, 80%, 90%",khoe1240,atla1278,"khoe1240 ~ khoe1240 , atla1278",19,19,nama1264,here1253,glottocodeBase,glottocodeBase,nama1264,here1253,0.42365,0.85222,glottocodeBase,glottocodeBase,nama1264,here1253,0.5788,0.12321,GBI available,TLI available,both
Damara,Malawi_Chewa,"70%, 80%, 90%",khoe1240,atla1278,"khoe1240 ~ khoe1240 , atla1278",19,19,nama1264,nyan1308,glottocodeBase,no proxy,nama1264,NA,0.42365,0.00000,glottocodeBase,glottocodeBase,nama1264,nyan1308,0.5788,0.12034,GBI NOT available,TLI available,TLI only
Damara,Malawi_Ngoni,"70%, 80%, 90%",khoe1240,atla1278,"khoe1240 ~ khoe1240 , atla1278",19,19,nama1264,ngon1269,glottocodeBase,glottocodeGBIproxy,nama1264,tanz1241,0.42365,0.82759,glottocodeBase,glottocodeBase,nama1264,ngon1269,0.5788,0.06877,GBI available,TLI available,both
Damara,Malawi_Yao,"70%, 80%, 90%",khoe1240,atla1278,"khoe1240 ~ khoe1240 , atla1278",19,19,nama1264,yaoo1241,glottocodeBase,glottocodeBase,nama1264,yaoo1241,0.42365,0.60099,glottocodeBase,glottocodeBase,nama1264,yaoo1241,0.5788,0.16332,GBI available,TLI available,both
Damara,Mandenka,"70%, 80%, 90%",khoe1240,mand1469,"khoe1240 ~ khoe1240 , mand1469",19,19,nama1264,mand1436,glottocodeBase,glottocodeBase,nama1264,mand1436,0.42365,0.55665,glottocodeBase,glottocodeBase,nama1264,mand1436,0.5788,0.24355,GBI available,TLI available,both
Damara,Mbukushu,"70%, 80%, 90%",khoe1240,atla1278,"khoe1240 ~ khoe1240 , atla1278",19,19,nama1264,mbuk1240,glottocodeBase,no proxy,nama1264,NA,0.42365,0.00000,glottocodeBase,glottocodeBase,nama1264,mbuk1240,0.5788,0.09456,GBI NOT available,TLI available,TLI only
Damara,Mende,"70%, 80%, 90%",khoe1240,mand1469,"khoe1240 ~ khoe1240 , mand1469",19,19,nama1264,mend1266,glottocodeBase,glottocodeBase,nama1264,mend1266,0.42365,0.30542,glottocodeBase,glottocodeBase,nama1264,mend1266,0.5788,0.24355,GBI available,TLI available,both
Damara,Wambo,"70%, 80%, 90%",khoe1240,atla1278,"khoe1240 ~ khoe1240 , atla1278",19,19,nama1264,ndon1254,glottocodeBase,glottocodeGBIproxy,nama1264,mbal1255,0.42365,0.46305,glottocodeBase,glottocodeBase,nama1264,ndon1254,0.5788,0.22636,GBI available,TLI available,both
Damara,Yoruba,"70%, 80%, 90%",khoe1240,atla1278,"khoe1240 ~ khoe1240 , atla1278",19,19,nama1264,yoru1245,glottocodeBase,no proxy,nama1264,NA,0.42365,0.00000,glottocodeBase,glottocodeBase,nama1264,yoru1245,0.5788,0.63037,GBI NOT available,TLI available,TLI only
Damara,San,"70%, 80%, 90%",khoe1240,kxaa1236,"khoe1240 ~ khoe1240 , kxaa1236",19, 6,nama1264,juho1239,glottocodeBase,glottocodeBase,nama1264,juho1239,0.42365,0.22660,glottocodeBase,glottocodeBase,nama1264,juho1239,0.5788,0.45272,GBI available,TLI available,both
Damara,Taa_East,"70%, 80%, 90%",khoe1240,tuuu1241,"khoe1240 ~ khoe1240 , tuuu1241",19, 6,nama1264,huaa1248,glottocodeBase,glottocodeBase,nama1264,huaa1248,0.42365,0.69951,glottocodeBase,glottocodeBase,nama1264,huaa1248,0.5788,0.19484,GBI available,TLI available,both
Damara,Taa_North,"70%, 80%, 90%",khoe1240,tuuu1241,"khoe1240 ~ khoe1240 , tuuu1241",19, 6,nama1264,xooo1239,glottocodeBase,glottocodeGBIproxy,nama1264,huaa1248,0.42365,0.69951,glottocodeBase,glottocodeBase,nama1264,xooo1239,0.5788,0.01146,GBI available,TLI available,both
Damara,Taa_West,"70%, 80%, 90%",khoe1240,tuuu1241,"khoe1240 ~ khoe1240 , tuuu1241",19, 6,nama1264,xooo1239,glottocodeBase,glottocodeGBIproxy,nama1264,huaa1248,0.42365,0.69951,glottocodeBase,glottocodeBase,nama1264,xooo1239,0.5788,0.01146,GBI available,TLI available,both
Damara,Xuun,"70%, 80%, 90%",khoe1240,kxaa1236,"khoe1240 ~ khoe1240 , kxaa1236",19, 6,nama1264,kung1261,glottocodeBase,no proxy,nama1264,NA,0.42365,0.00000,glottocodeBase,glottocodeBase,nama1264,kung1261,0.5788,0.22350,GBI NOT available,TLI available,TLI only
Damara,BantuSA_Zulu,"70%, 80%, 90%",khoe1240,atla1278,"khoe1240 ~ khoe1240 , atla1278",19,13,nama1264,zulu1248,glottocodeBase,glottocodeBase,nama1264,zulu1248,0.42365,0.19704,glottocodeBase,glottocodeBase,nama1264,zulu1248,0.5788,0.68768,GBI available,TLI available,both
Damara,Luhya,"70%, 80%, 90%",khoe1240,atla1278,"khoe1240 ~ khoe1240 , atla1278",19,13,nama1264,cent2288,glottocodeBase,no proxy,nama1264,NA,0.42365,0.00000,glottocodeBase,glottocodeTLIproxy,nama1264,tsot1241,0.5788,0.10315,GBI NOT available,TLI available,TLI only
Damara,Luo,"70%, 80%, 90%",khoe1240,nilo1247,"khoe1240 ~ khoe1240 , nilo1247",19,13,nama1264,luok1236,glottocodeBase,glottocodeBase,nama1264,luok1236,0.42365,0.84729,glottocodeBase,glottocodeBase,nama1264,luok1236,0.5788,0.30372,GBI available,TLI available,both
Enets,Belarusian,"70%, 80%",ural1272,indo1319,"ural1272 ~ ural1272 , indo1319",19, 9,tund1254,bela1254,glottocodeGBIproxy,glottocodeBase,fore1265,bela1254,0.81281,0.87685,glottocodeTLIproxy,glottocodeBase,enet1250,bela1254,0.08023,0.14040,GBI available,TLI available,both
Enets,French_West,"70%, 80%",ural1272,indo1319,"ural1272 ~ ural1272 , indo1319",19, 9,tund1254,stan1290,glottocodeGBIproxy,glottocodeBase,fore1265,stan1290,0.81281,0.89655,glottocodeTLIproxy,glottocodeBase,enet1250,stan1290,0.08023,0.80802,GBI available,TLI available,both
Enets,German_Lipsian,"70%, 80%",ural1272,indo1319,"ural1272 ~ ural1272 , indo1319",19, 9,tund1254,stan1295,glottocodeGBIproxy,no proxy,fore1265,NA,0.81281,0.00000,glottocodeTLIproxy,glottocodeBase,enet1250,stan1295,0.08023,0.79370,GBI NOT available,TLI available,TLI only
Enets,German_Sorb,"70%, 80%",ural1272,indo1319,"ural1272 ~ ural1272 , indo1319",19, 9,tund1254,sorb1249,glottocodeGBIproxy,no proxy,fore1265,NA,0.81281,0.00000,glottocodeTLIproxy,glottocodeTLIproxy,enet1250,uppe1395,0.08023,0.28367,GBI NOT available,TLI available,TLI only
Enets,Icelandic,"70%, 80%",ural1272,indo1319,"ural1272 ~ ural1272 , indo1319",19, 9,tund1254,icel1247,glottocodeGBIproxy,glottocodeBase,fore1265,icel1247,0.81281,0.86700,glottocodeTLIproxy,glottocodeBase,enet1250,icel1247,0.08023,0.59599,GBI available,TLI available,both
Enets,Irish_Connacht,"70%, 80%",ural1272,indo1319,"ural1272 ~ ural1272 , indo1319",19, 9,tund1254,conn1243,glottocodeGBIproxy,glottocodeGBIproxy,fore1265,iris1253,0.81281,0.92118,glottocodeTLIproxy,glottocodeTLIproxy,enet1250,iris1253,0.08023,0.54441,GBI available,TLI available,both
Enets,Irish_Cork_Kerry,"70%, 80%",ural1272,indo1319,"ural1272 ~ ural1272 , indo1319",19, 9,tund1254,iris1253,glottocodeGBIproxy,glottocodeBase,fore1265,iris1253,0.81281,0.92118,glottocodeTLIproxy,glottocodeBase,enet1250,iris1253,0.08023,0.54441,GBI available,TLI available,both
Enets,Irish_Leinster,"70%, 80%",ural1272,indo1319,"ural1272 ~ ural1272 , indo1319",19, 9,tund1254,iris1253,glottocodeGBIproxy,glottocodeBase,fore1265,iris1253,0.81281,0.92118,glottocodeTLIproxy,glottocodeBase,enet1250,iris1253,0.08023,0.54441,GBI available,TLI available,both
Enets,Irish_Munster,"70%, 80%",ural1272,indo1319,"ural1272 ~ ural1272 , indo1319",19, 9,tund1254,muns1250,glottocodeGBIproxy,glottocodeGBIproxy,fore1265,iris1253,0.81281,0.92118,glottocodeTLIproxy,glottocodeTLIproxy,enet1250,iris1253,0.08023,0.54441,GBI available,TLI available,both
Enets,Irish_Ulster,"70%, 80%",ural1272,indo1319,"ural1272 ~ ural1272 , indo1319",19, 9,tund1254,done1238,glottocodeGBIproxy,glottocodeGBIproxy,fore1265,iris1253,0.81281,0.92118,glottocodeTLIproxy,glottocodeTLIproxy,enet1250,iris1253,0.08023,0.54441,GBI available,TLI available,both
Enets,Lithuanian,"70%, 80%",ural1272,indo1319,"ural1272 ~ ural1272 , indo1319",19, 9,tund1254,lith1251,glottocodeGBIproxy,glottocodeBase,fore1265,lith1251,0.81281,0.86700,glottocodeTLIproxy,glottocodeBase,enet1250,lith1251,0.08023,0.53868,GBI available,TLI available,both
Enets,Norwegian,"70%, 80%",ural1272,indo1319,"ural1272 ~ ural1272 , indo1319",19, 9,tund1254,norw1258,glottocodeGBIproxy,no proxy,fore1265,NA,0.81281,0.00000,glottocodeTLIproxy,glottocodeBase,enet1250,norw1258,0.08023,0.34670,GBI NOT available,TLI available,TLI only
Enets,Orcadian,"70%, 80%",ural1272,indo1319,"ural1272 ~ ural1272 , indo1319",19, 9,tund1254,scot1243,glottocodeGBIproxy,no proxy,fore1265,NA,0.81281,0.00000,glottocodeTLIproxy,glottocodeBase,enet1250,scot1243,0.08023,0.10315,GBI NOT available,TLI available,TLI only
Enets,Polish_Lublin,"70%, 80%",ural1272,indo1319,"ural1272 ~ ural1272 , indo1319",19, 9,tund1254,poli1260,glottocodeGBIproxy,glottocodeBase,fore1265,poli1260,0.81281,0.93596,glottocodeTLIproxy,glottocodeBase,enet1250,poli1260,0.08023,0.56447,GBI available,TLI available,both
Enets,Polish_Poznan,"70%, 80%",ural1272,indo1319,"ural1272 ~ ural1272 , indo1319",19, 9,tund1254,poli1260,glottocodeGBIproxy,glottocodeBase,fore1265,poli1260,0.81281,0.93596,glottocodeTLIproxy,glottocodeBase,enet1250,poli1260,0.08023,0.56447,GBI available,TLI available,both
Enets,Russian,"70%, 80%",ural1272,indo1319,"ural1272 ~ ural1272 , indo1319",19, 9,tund1254,russ1263,glottocodeGBIproxy,glottocodeBase,fore1265,russ1263,0.81281,0.92118,glottocodeTLIproxy,glottocodeBase,enet1250,russ1263,0.08023,0.85387,GBI available,TLI available,both
Enets,Russian_Archangelsk_Krasnoborsky,"70%, 80%",ural1272,indo1319,"ural1272 ~ ural1272 , indo1319",19, 9,tund1254,russ1263,glottocodeGBIproxy,glottocodeBase,fore1265,russ1263,0.81281,0.92118,glottocodeTLIproxy,glottocodeBase,enet1250,russ1263,0.08023,0.85387,GBI available,TLI available,both
Enets,Russian_Archangelsk_Pinezhsky,"70%, 80%",ural1272,indo1319,"ural1272 ~ ural1272 , indo1319",19, 9,tund1254,russ1263,glottocodeGBIproxy,glottocodeBase,fore1265,russ1263,0.81281,0.92118,glottocodeTLIproxy,glottocodeBase,enet1250,russ1263,0.08023,0.85387,GBI available,TLI available,both
Enets,Russian_Belgorod,"70%, 80%",ural1272,indo1319,"ural1272 ~ ural1272 , indo1319",19, 9,tund1254,russ1263,glottocodeGBIproxy,glottocodeBase,fore1265,russ1263,0.81281,0.92118,glottocodeTLIproxy,glottocodeBase,enet1250,russ1263,0.08023,0.85387,GBI available,TLI available,both
Enets,Russian_Kaluga,"70%, 80%",ural1272,indo1319,"ural1272 ~ ural1272 , indo1319",19, 9,tund1254,russ1263,glottocodeGBIproxy,glottocodeBase,fore1265,russ1263,0.81281,0.92118,glottocodeTLIproxy,glottocodeBase,enet1250,russ1263,0.08023,0.85387,GBI available,TLI available,both
Enets,Russian_Kursk,"70%, 80%",ural1272,indo1319,"ural1272 ~ ural1272 , indo1319",19, 9,tund1254,russ1263,glottocodeGBIproxy,glottocodeBase,fore1265,russ1263,0.81281,0.92118,glottocodeTLIproxy,glottocodeBase,enet1250,russ1263,0.08023,0.85387,GBI available,TLI available,both
Enets,Russian_Oryol,"70%, 80%",ural1272,indo1319,"ural1272 ~ ural1272 , indo1319",19, 9,tund1254,russ1263,glottocodeGBIproxy,glottocodeBase,fore1265,russ1263,0.81281,0.92118,glottocodeTLIproxy,glottocodeBase,enet1250,russ1263,0.08023,0.85387,GBI available,TLI available,both
Enets,Russian_Pskov_Ostrov,"70%, 80%",ural1272,indo1319,"ural1272 ~ ural1272 , indo1319",19, 9,tund1254,russ1263,glottocodeGBIproxy,glottocodeBase,fore1265,russ1263,0.81281,0.92118,glottocodeTLIproxy,glottocodeBase,enet1250,russ1263,0.08023,0.85387,GBI available,TLI available,both
Enets,Russian_Pskov_Porkhov,"70%, 80%",ural1272,indo1319,"ural1272 ~ ural1272 , indo1319",19, 9,tund1254,russ1263,glottocodeGBIproxy,glottocodeBase,fore1265,russ1263,0.81281,0.92118,glottocodeTLIproxy,glottocodeBase,enet1250,russ1263,0.08023,0.85387,GBI available,TLI available,both
Enets,Russian_Ryazan_Mihailovsky,"70%, 80%",ural1272,indo1319,"ural1272 ~ ural1272 , indo1319",19, 9,tund1254,russ1263,glottocodeGBIproxy,glottocodeBase,fore1265,russ1263,0.81281,0.92118,glottocodeTLIproxy,glottocodeBase,enet1250,russ1263,0.08023,0.85387,GBI available,TLI available,both
Enets,Russian_Ryazan_Spassk_Ryazansky,"70%, 80%",ural1272,indo1319,"ural1272 ~ ural1272 , indo1319",19, 9,tund1254,russ1263,glottocodeGBIproxy,glottocodeBase,fore1265,russ1263,0.81281,0.92118,glottocodeTLIproxy,glottocodeBase,enet1250,russ1263,0.08023,0.85387,GBI available,TLI available,both
Enets,Russian_Smolensk,"70%, 80%",ural1272,indo1319,"ural1272 ~ ural1272 , indo1319",19, 9,tund1254,russ1263,glottocodeGBIproxy,glottocodeBase,fore1265,russ1263,0.81281,0.92118,glottocodeTLIproxy,glottocodeBase,enet1250,russ1263,0.08023,0.85387,GBI available,TLI available,both
Enets,Russian_Tver,"70%, 80%",ural1272,indo1319,"ural1272 ~ ural1272 , indo1319",19, 9,tund1254,russ1263,glottocodeGBIproxy,glottocodeBase,fore1265,russ1263,0.81281,0.92118,glottocodeTLIproxy,glottocodeBase,enet1250,russ1263,0.08023,0.85387,GBI available,TLI available,both
Enets,Russian_Yaroslavl,"70%, 80%",ural1272,indo1319,"ural1272 ~ ural1272 , indo1319",19, 9,tund1254,russ1263,glottocodeGBIproxy,glottocodeBase,fore1265,russ1263,0.81281,0.92118,glottocodeTLIproxy,glottocodeBase,enet1250,russ1263,0.08023,0.85387,GBI available,TLI available,both
Enets,Scottish,"70%, 80%",ural1272,indo1319,"ural1272 ~ ural1272 , indo1319",19, 9,tund1254,scot1245,glottocodeGBIproxy,no proxy,fore1265,NA,0.81281,0.00000,glottocodeTLIproxy,glottocodeBase,enet1250,scot1245,0.08023,0.26934,GBI NOT available,TLI available,TLI only
Enets,Scottish_Dumfries_Galloway,"70%, 80%",ural1272,indo1319,"ural1272 ~ ural1272 , indo1319",19, 9,tund1254,scot1245,glottocodeGBIproxy,no proxy,fore1265,NA,0.81281,0.00000,glottocodeTLIproxy,glottocodeBase,enet1250,scot1245,0.08023,0.26934,GBI NOT available,TLI available,TLI only
Enets,Scottish_Fife,"70%, 80%",ural1272,indo1319,"ural1272 ~ ural1272 , indo1319",19, 9,tund1254,scot1245,glottocodeGBIproxy,no proxy,fore1265,NA,0.81281,0.00000,glottocodeTLIproxy,glottocodeBase,enet1250,scot1245,0.08023,0.26934,GBI NOT available,TLI available,TLI only
Enets,Scottish_Grampian,"70%, 80%",ural1272,indo1319,"ural1272 ~ ural1272 , indo1319",19, 9,tund1254,scot1245,glottocodeGBIproxy,no proxy,fore1265,NA,0.81281,0.00000,glottocodeTLIproxy,glottocodeBase,enet1250,scot1245,0.08023,0.26934,GBI NOT available,TLI available,TLI only
Enets,Scottish_Highlands,"70%, 80%",ural1272,indo1319,"ural1272 ~ ural1272 , indo1319",19, 9,tund1254,scot1245,glottocodeGBIproxy,no proxy,fore1265,NA,0.81281,0.00000,glottocodeTLIproxy,glottocodeBase,enet1250,scot1245,0.08023,0.26934,GBI NOT available,TLI available,TLI only
Enets,Scottish_Shetlandic,"70%, 80%",ural1272,indo1319,"ural1272 ~ ural1272 , indo1319",19, 9,tund1254,scot1245,glottocodeGBIproxy,no proxy,fore1265,NA,0.81281,0.00000,glottocodeTLIproxy,glottocodeBase,enet1250,scot1245,0.08023,0.26934,GBI NOT available,TLI available,TLI only
Enets,Ukrainian_East,"70%, 80%",ural1272,indo1319,"ural1272 ~ ural1272 , indo1319",19, 9,tund1254,ukra1253,glottocodeGBIproxy,glottocodeBase,fore1265,ukra1253,0.81281,0.78325,glottocodeTLIproxy,glottocodeBase,enet1250,ukra1253,0.08023,0.32665,GBI available,TLI available,both
Enets,Ukrainian_Rovenskaya,"70%, 80%",ural1272,indo1319,"ural1272 ~ ural1272 , indo1319",19, 9,tund1254,ukra1253,glottocodeGBIproxy,glottocodeBase,fore1265,ukra1253,0.81281,0.78325,glottocodeTLIproxy,glottocodeBase,enet1250,ukra1253,0.08023,0.32665,GBI available,TLI available,both
Enets,Ukrainian_Sumskaya,"70%, 80%",ural1272,indo1319,"ural1272 ~ ural1272 , indo1319",19, 9,tund1254,ukra1253,glottocodeGBIproxy,glottocodeBase,fore1265,ukra1253,0.81281,0.78325,glottocodeTLIproxy,glottocodeBase,enet1250,ukra1253,0.08023,0.32665,GBI available,TLI available,both
Enets,Ukrainian_Zhitomirskaya,"70%, 80%",ural1272,indo1319,"ural1272 ~ ural1272 , indo1319",19, 9,tund1254,ukra1253,glottocodeGBIproxy,glottocodeBase,fore1265,ukra1253,0.81281,0.78325,glottocodeTLIproxy,glottocodeBase,enet1250,ukra1253,0.08023,0.32665,GBI available,TLI available,both
Enets,Scottish_Borders,"70%, 80%",ural1272,indo1319,"ural1272 ~ ural1272 , indo1319",19, 8,tund1254,scot1245,glottocodeGBIproxy,no proxy,fore1265,NA,0.81281,0.00000,glottocodeTLIproxy,glottocodeBase,enet1250,scot1245,0.08023,0.26934,GBI NOT available,TLI available,TLI only
Enets,Czech,"70%, 80%",ural1272,indo1319,"ural1272 ~ ural1272 , indo1319",19, 6,tund1254,czec1258,glottocodeGBIproxy,glottocodeBase,fore1265,czec1258,0.81281,0.86700,glottocodeTLIproxy,glottocodeBase,enet1250,czec1258,0.08023,0.32951,GBI available,TLI available,both
Enets,Ket,"70%, 80%",ural1272,yeni1252,"ural1272 ~ ural1272 , yeni1252",19, 6,tund1254,kett1243,glottocodeGBIproxy,glottocodeBase,fore1265,kett1243,0.81281,0.86700,glottocodeTLIproxy,glottocodeBase,enet1250,kett1243,0.08023,0.52436,GBI available,TLI available,both
Enets,English_Kent,"70%, 80%",ural1272,indo1319,"ural1272 ~ ural1272 , indo1319",19, 5,tund1254,stan1293,glottocodeGBIproxy,glottocodeBase,fore1265,stan1293,0.81281,0.85222,glottocodeTLIproxy,glottocodeBase,enet1250,stan1293,0.08023,0.82521,GBI available,TLI available,both
Enets,Ket_Southeast,70%,ural1272,yeni1252,"ural1272 ~ ural1272 , yeni1252",19, 4,tund1254,kett1243,glottocodeGBIproxy,glottocodeBase,fore1265,kett1243,0.81281,0.86700,glottocodeTLIproxy,glottocodeBase,enet1250,kett1243,0.08023,0.52436,GBI available,TLI available,both
Enets,English_Cornwall,"70%, 80%",ural1272,indo1319,"ural1272 ~ ural1272 , indo1319",19, 1,tund1254,stan1293,glottocodeGBIproxy,glottocodeBase,fore1265,stan1293,0.81281,0.85222,glottocodeTLIproxy,glottocodeBase,enet1250,stan1293,0.08023,0.82521,GBI available,TLI available,both
Enets,Russian_Archangelsk_Leshukonsky,"70%, 80%",ural1272,indo1319,"ural1272 ~ ural1272 , indo1319",19, 1,tund1254,russ1263,glottocodeGBIproxy,glottocodeBase,fore1265,russ1263,0.81281,0.92118,glottocodeTLIproxy,glottocodeBase,enet1250,russ1263,0.08023,0.85387,GBI available,TLI available,both
Enets,Ukrainian_West,"70%, 80%",ural1272,indo1319,"ural1272 ~ ural1272 , indo1319",19, 1,tund1254,ukra1253,glottocodeGBIproxy,glottocodeBase,fore1265,ukra1253,0.81281,0.78325,glottocodeTLIproxy,glottocodeBase,enet1250,ukra1253,0.08023,0.32665,GBI available,TLI available,both
Eskimo_ChaplinSireniki,Aymara,"70%, 80%",eski1264,ayma1253,"eski1264 ~ eski1264 , ayma1253",19,18,cent2128,sout2996,no proxy,glottocodeBase,NA,sout2996,0,0.81281,glottocodeBase,glottocodeTLIproxy,cent2128,cent2142,0.28367,0.50143,GBI NOT available,TLI available,TLI only
Eskimo_ChaplinSireniki,Bolivia_Quechua,"70%, 80%",eski1264,quec1387,"eski1264 ~ eski1264 , quec1387",19,18,cent2128,sout2991,no proxy,no proxy,NA,NA,0,0.00000,glottocodeBase,glottocodeBase,cent2128,sout2991,0.28367,0.26934,GBI NOT available,TLI available,TLI only
Eskimo_ChaplinSireniki,Cusco,"70%, 80%",eski1264,quec1387,"eski1264 ~ eski1264 , quec1387",19,18,cent2128,cusc1236,no proxy,glottocodeBase,NA,cusc1236,0,0.75369,glottocodeBase,glottocodeBase,cent2128,cusc1236,0.28367,0.15473,GBI NOT available,TLI available,TLI only
Eskimo_ChaplinSireniki,Puno,"70%, 80%",eski1264,quec1387,"eski1264 ~ eski1264 , quec1387",19,18,cent2128,puno1238,no proxy,glottocodeGBIproxy,NA,cusc1236,0,0.75369,glottocodeBase,glottocodeTLIproxy,cent2128,cusc1236,0.28367,0.15473,GBI NOT available,TLI available,TLI only
Eskimo_ChaplinSireniki,Cocama,"70%, 80%",eski1264,tupi1275,"eski1264 ~ eski1264 , tupi1275",19,17,cent2128,coca1260,no proxy,glottocodeGBIproxy,NA,coca1259,0,0.79803,glottocodeBase,glottocodeTLIproxy,cent2128,coca1259,0.28367,0.23496,GBI NOT available,TLI available,TLI only
Eskimo_ChaplinSireniki,Cofan,"70%, 80%",eski1264,cofa1242,"eski1264 ~ eski1264 , cofa1242",19,17,cent2128,cofa1242,no proxy,glottocodeBase,NA,cofa1242,0,0.60591,glottocodeBase,glottocodeBase,cent2128,cofa1242,0.28367,0.16619,GBI NOT available,TLI available,TLI only
Eskimo_ChaplinSireniki,Huancas,"70%, 80%",eski1264,quec1387,"eski1264 ~ eski1264 , quec1387",19,17,cent2128,chac1250,no proxy,no proxy,NA,NA,0,0.00000,glottocodeBase,glottocodeBase,cent2128,chac1250,0.28367,0.10602,GBI NOT available,TLI available,TLI only
Eskimo_ChaplinSireniki,Kamentsa,"70%, 80%",eski1264,cams1241,"eski1264 ~ eski1264 , cams1241",19,17,cent2128,cams1241,no proxy,glottocodeBase,NA,cams1241,0,0.50739,glottocodeBase,glottocodeBase,cent2128,cams1241,0.28367,0.22350,GBI NOT available,TLI available,TLI only
Eskimo_ChaplinSireniki,KichwaOrellana,"70%, 80%",eski1264,quec1387,"eski1264 ~ eski1264 , quec1387",19,17,cent2128,tena1240,no proxy,no proxy,NA,NA,0,0.00000,glottocodeBase,glottocodeBase,cent2128,tena1240,0.28367,0.10888,GBI NOT available,TLI available,TLI only
Eskimo_ChaplinSireniki,LaJalca,"70%, 80%",eski1264,quec1387,"eski1264 ~ eski1264 , quec1387",19,17,cent2128,chac1250,no proxy,no proxy,NA,NA,0,0.00000,glottocodeBase,glottocodeBase,cent2128,chac1250,0.28367,0.10602,GBI NOT available,TLI available,TLI only
Eskimo_ChaplinSireniki,Luya,"70%, 80%",eski1264,quec1387,"eski1264 ~ eski1264 , quec1387",19,17,cent2128,chac1250,no proxy,no proxy,NA,NA,0,0.00000,glottocodeBase,glottocodeBase,cent2128,chac1250,0.28367,0.10602,GBI NOT available,TLI available,TLI only
Eskimo_ChaplinSireniki,Peru_Quechua,"70%, 80%",eski1264,quec1387,"eski1264 ~ eski1264 , quec1387",19,17,cent2128,cusc1236,no proxy,glottocodeBase,NA,cusc1236,0,0.75369,glottocodeBase,glottocodeBase,cent2128,cusc1236,0.28367,0.15473,GBI NOT available,TLI available,TLI only
Eskimo_ChaplinSireniki,Ticuna,"70%, 80%",eski1264,ticu1244,"eski1264 ~ eski1264 , ticu1244",19,17,cent2128,ticu1245,no proxy,glottocodeBase,NA,ticu1245,0,0.71921,glottocodeBase,glottocodeBase,cent2128,ticu1245,0.28367,0.17192,GBI NOT available,TLI available,TLI only
Eskimo_ChaplinSireniki,Wayku,"70%, 80%",eski1264,quec1387,"eski1264 ~ eski1264 , quec1387",19,17,cent2128,sanm1289,no proxy,glottocodeBase,NA,sanm1289,0,0.70443,glottocodeBase,glottocodeBase,cent2128,sanm1289,0.28367,0.10602,GBI NOT available,TLI available,TLI only
Eskimo_ChaplinSireniki,Cabecar,"70%, 80%",eski1264,chib1249,"eski1264 ~ eski1264 , chib1249",19,14,cent2128,cabe1245,no proxy,glottocodeBase,NA,cabe1245,0,0.58128,glottocodeBase,glottocodeTLIproxy,cent2128,brib1243,0.28367,0.28080,GBI NOT available,TLI available,TLI only
Eskimo_ChaplinSireniki,Mixe,"70%, 80%",eski1264,mixe1284,"eski1264 ~ eski1264 , mixe1284",19,14,cent2128,mixe1286,no proxy,glottocodeGBIproxy,NA,olut1240,0,0.77833,glottocodeBase,glottocodeTLIproxy,cent2128,olut1240,0.28367,0.18625,GBI NOT available,TLI available,TLI only
Eskimo_ChaplinSireniki,Chane,"70%, 80%",eski1264,araw1281,"eski1264 ~ eski1264 , araw1281",19,13,cent2128,chan1322,no proxy,glottocodeGBIproxy,NA,tere1281,0,0.42365,glottocodeBase,glottocodeTLIproxy,cent2128,tere1279,0.28367,0.11175,GBI NOT available,TLI available,TLI only
Eskimo_ChaplinSireniki,Guarani,"70%, 80%",eski1264,tupi1275,"eski1264 ~ eski1264 , tupi1275",19,13,cent2128,mbya1239,no proxy,glottocodeBase,NA,mbya1239,0,0.68966,glottocodeBase,glottocodeBase,cent2128,mbya1239,0.28367,0.11175,GBI NOT available,TLI available,TLI only
Eskimo_ChaplinSireniki,Kaqchikel,"70%, 80%",eski1264,maya1287,"eski1264 ~ eski1264 , maya1287",19,13,cent2128,kaqc1270,no proxy,glottocodeBase,NA,kaqc1270,0,0.83251,glottocodeBase,glottocodeTLIproxy,cent2128,tzut1248,0.28367,0.45845,GBI NOT available,TLI available,TLI only
Eskimo_ChaplinSireniki,Wayuu,"70%, 80%",eski1264,araw1281,"eski1264 ~ eski1264 , araw1281",19,13,cent2128,wayu1243,no proxy,glottocodeBase,NA,wayu1243,0,0.55665,glottocodeBase,glottocodeBase,cent2128,wayu1243,0.28367,0.28367,GBI NOT available,TLI available,TLI only
Eskimo_ChaplinSireniki,Zapotec,"70%, 80%",eski1264,otom1299,"eski1264 ~ eski1264 , otom1299",19,13,cent2128,zapo1437,no proxy,glottocodeGBIproxy,NA,sanj1284,0,0.60099,glottocodeBase,glottocodeTLIproxy,cent2128,sanj1284,0.28367,0.14040,GBI NOT available,TLI available,TLI only
Eskimo_ChaplinSireniki,Piapoco,"70%, 80%",eski1264,araw1281,"eski1264 ~ eski1264 , araw1281",19,12,cent2128,piap1246,no proxy,glottocodeBase,NA,piap1246,0,0.25616,glottocodeBase,glottocodeBase,cent2128,piap1246,0.28367,0.15473,GBI NOT available,TLI available,TLI only
Eskimo_ChaplinSireniki,Mixtec,"70%, 80%",eski1264,otom1299,"eski1264 ~ eski1264 , otom1299",19,11,cent2128,mixt1427,no proxy,glottocodeGBIproxy,NA,sant1436,0,0.73399,glottocodeBase,glottocodeTLIproxy,cent2128,sanm1296,0.28367,0.35817,GBI NOT available,TLI available,TLI only
Eskimo_ChaplinSireniki,Apalai,"70%, 80%",eski1264,cari1283,"eski1264 ~ eski1264 , cari1283",19, 6,cent2128,apal1257,no proxy,no proxy,NA,NA,0,0.00000,glottocodeBase,glottocodeBase,cent2128,apal1257,0.28367,0.25215,GBI NOT available,TLI available,TLI only
Eskimo_ChaplinSireniki,Arara,"70%, 80%",eski1264,cari1283,"eski1264 ~ eski1264 , cari1283",19, 6,cent2128,para1310,no proxy,no proxy,NA,NA,0,0.00000,glottocodeBase,glottocodeBase,cent2128,para1310,0.28367,0.09169,GBI NOT available,TLI available,TLI only
Eskimo_ChaplinSireniki,Guarani_GN,"70%, 80%",eski1264,tupi1275,"eski1264 ~ eski1264 , tupi1275",19, 6,cent2128,mbya1239,no proxy,glottocodeBase,NA,mbya1239,0,0.68966,glottocodeBase,glottocodeBase,cent2128,mbya1239,0.28367,0.11175,GBI NOT available,TLI available,TLI only
Eskimo_ChaplinSireniki,Guarani_KW,"70%, 80%",eski1264,tupi1275,"eski1264 ~ eski1264 , tupi1275",19, 6,cent2128,mbya1239,no proxy,glottocodeBase,NA,mbya1239,0,0.68966,glottocodeBase,glottocodeBase,cent2128,mbya1239,0.28367,0.11175,GBI NOT available,TLI available,TLI only
Eskimo_ChaplinSireniki,Inga,"70%, 80%",eski1264,quec1387,"eski1264 ~ eski1264 , quec1387",19, 6,cent2128,inga1252,no proxy,glottocodeBase,NA,inga1252,0,0.29557,glottocodeBase,glottocodeBase,cent2128,inga1252,0.28367,0.16619,GBI NOT available,TLI available,TLI only
Eskimo_ChaplinSireniki,Karitiana,"70%, 80%",eski1264,tupi1275,"eski1264 ~ eski1264 , tupi1275",19, 6,cent2128,kari1311,no proxy,glottocodeBase,NA,kari1311,0,0.71921,glottocodeBase,glottocodeBase,cent2128,kari1311,0.28367,0.17765,GBI NOT available,TLI available,TLI only
Eskimo_ChaplinSireniki,Karitiana_Rondonia,"70%, 80%",eski1264,tupi1275,"eski1264 ~ eski1264 , tupi1275",19, 6,cent2128,kari1311,no proxy,glottocodeBase,NA,kari1311,0,0.71921,glottocodeBase,glottocodeBase,cent2128,kari1311,0.28367,0.17765,GBI NOT available,TLI available,TLI only
Eskimo_ChaplinSireniki,Surui,"70%, 80%",eski1264,tupi1275,"eski1264 ~ eski1264 , tupi1275",19, 6,cent2128,suru1262,no proxy,glottocodeBase,NA,suru1262,0,0.09360,glottocodeBase,glottocodeBase,cent2128,suru1262,0.28367,0.10888,GBI NOT available,TLI available,TLI only
Eskimo_ChaplinSireniki,UrubuKaapor,"70%, 80%",eski1264,tupi1275,"eski1264 ~ eski1264 , tupi1275",19, 6,cent2128,urub1250,no proxy,no proxy,NA,NA,0,0.00000,glottocodeBase,glottocodeBase,cent2128,urub1250,0.28367,0.40688,GBI NOT available,TLI available,TLI only
Eskimo_ChaplinSireniki,Xavante,"70%, 80%",eski1264,nucl1710,"eski1264 ~ eski1264 , nucl1710",19, 6,cent2128,xava1240,no proxy,glottocodeBase,NA,xava1240,0,0.69951,glottocodeBase,glottocodeBase,cent2128,xava1240,0.28367,0.14327,GBI NOT available,TLI available,TLI only
Eskimo_ChaplinSireniki,Zoro,"70%, 80%",eski1264,tupi1275,"eski1264 ~ eski1264 , tupi1275",19, 6,cent2128,gavi1246,no proxy,no proxy,NA,NA,0,0.00000,glottocodeBase,glottocodeBase,cent2128,gavi1246,0.28367,0.16332,GBI NOT available,TLI available,TLI only
Eskimo_ChaplinSireniki,Pima,"70%, 80%",eski1264,utoa1244,"eski1264 ~ eski1264 , utoa1244",19, 5,cent2128,pima1248,no proxy,glottocodeBase,NA,pima1248,0,0.74384,glottocodeBase,glottocodeBase,cent2128,pima1248,0.28367,0.11175,GBI NOT available,TLI available,TLI only
Eskimo_ChaplinSireniki,Maya,"70%, 80%",eski1264,maya1287,"eski1264 ~ eski1264 , maya1287",19, 4,cent2128,yuca1254,no proxy,glottocodeBase,NA,yuca1254,0,0.85714,glottocodeBase,glottocodeBase,cent2128,yuca1254,0.28367,0.24928,GBI NOT available,TLI available,TLI only
Eskimo_ChaplinSireniki,Belarusian,"70%, 80%",eski1264,indo1319,"eski1264 ~ eski1264 , indo1319",19, 1,cent2128,bela1254,no proxy,glottocodeBase,NA,bela1254,0,0.87685,glottocodeBase,glottocodeBase,cent2128,bela1254,0.28367,0.14040,GBI NOT available,TLI available,TLI only
Eskimo_ChaplinSireniki,Estonian,"70%, 80%",eski1264,ural1272,"eski1264 ~ eski1264 , ural1272",19, 1,cent2128,esto1258,no proxy,glottocodeBase,NA,esto1258,0,0.86207,glottocodeBase,glottocodeBase,cent2128,esto1258,0.28367,0.46418,GBI NOT available,TLI available,TLI only
Eskimo_ChaplinSireniki,Finnish,"70%, 80%",eski1264,ural1272,"eski1264 ~ eski1264 , ural1272",19, 1,cent2128,finn1318,no proxy,glottocodeBase,NA,finn1318,0,0.87192,glottocodeBase,glottocodeBase,cent2128,finn1318,0.28367,0.84527,GBI NOT available,TLI available,TLI only
Eskimo_ChaplinSireniki,German_Sorb,"70%, 80%",eski1264,indo1319,"eski1264 ~ eski1264 , indo1319",19, 1,cent2128,sorb1249,no proxy,no proxy,NA,NA,0,0.00000,glottocodeBase,glottocodeTLIproxy,cent2128,uppe1395,0.28367,0.28367,GBI NOT available,TLI available,TLI only
Eskimo_ChaplinSireniki,Karelian_Northern,"70%, 80%",eski1264,ural1272,"eski1264 ~ eski1264 , ural1272",19, 1,cent2128,nort2673,no proxy,glottocodeBase,NA,nort2673,0,0.85714,glottocodeBase,glottocodeTLIproxy,cent2128,kare1335,0.28367,0.20917,GBI NOT available,TLI available,TLI only
Eskimo_ChaplinSireniki,Karelian_Southern,"70%, 80%",eski1264,ural1272,"eski1264 ~ eski1264 , ural1272",19, 1,cent2128,sout2676,no proxy,glottocodeGBIproxy,NA,tver1240,0,0.87192,glottocodeBase,glottocodeTLIproxy,cent2128,kare1335,0.28367,0.20917,GBI NOT available,TLI available,TLI only
Eskimo_ChaplinSireniki,Lithuanian,"70%, 80%",eski1264,indo1319,"eski1264 ~ eski1264 , indo1319",19, 1,cent2128,lith1251,no proxy,glottocodeBase,NA,lith1251,0,0.86700,glottocodeBase,glottocodeBase,cent2128,lith1251,0.28367,0.53868,GBI NOT available,TLI available,TLI only
Eskimo_ChaplinSireniki,Polish_Poznan,"70%, 80%",eski1264,indo1319,"eski1264 ~ eski1264 , indo1319",19, 1,cent2128,poli1260,no proxy,glottocodeBase,NA,poli1260,0,0.93596,glottocodeBase,glottocodeBase,cent2128,poli1260,0.28367,0.56447,GBI NOT available,TLI available,TLI only
Eskimo_ChaplinSireniki,Russian,"70%, 80%",eski1264,indo1319,"eski1264 ~ eski1264 , indo1319",19, 1,cent2128,russ1263,no proxy,glottocodeBase,NA,russ1263,0,0.92118,glottocodeBase,glottocodeBase,cent2128,russ1263,0.28367,0.85387,GBI NOT available,TLI available,TLI only
Eskimo_ChaplinSireniki,Russian_Archangelsk_Krasnoborsky,"70%, 80%",eski1264,indo1319,"eski1264 ~ eski1264 , indo1319",19, 1,cent2128,russ1263,no proxy,glottocodeBase,NA,russ1263,0,0.92118,glottocodeBase,glottocodeBase,cent2128,russ1263,0.28367,0.85387,GBI NOT available,TLI available,TLI only
Eskimo_ChaplinSireniki,Russian_Archangelsk_Pinezhsky,"70%, 80%",eski1264,indo1319,"eski1264 ~ eski1264 , indo1319",19, 1,cent2128,russ1263,no proxy,glottocodeBase,NA,russ1263,0,0.92118,glottocodeBase,glottocodeBase,cent2128,russ1263,0.28367,0.85387,GBI NOT available,TLI available,TLI only
Eskimo_ChaplinSireniki,Russian_Kaluga,"70%, 80%",eski1264,indo1319,"eski1264 ~ eski1264 , indo1319",19, 1,cent2128,russ1263,no proxy,glottocodeBase,NA,russ1263,0,0.92118,glottocodeBase,glottocodeBase,cent2128,russ1263,0.28367,0.85387,GBI NOT available,TLI available,TLI only
Eskimo_ChaplinSireniki,Russian_Kursk,"70%, 80%",eski1264,indo1319,"eski1264 ~ eski1264 , indo1319",19, 1,cent2128,russ1263,no proxy,glottocodeBase,NA,russ1263,0,0.92118,glottocodeBase,glottocodeBase,cent2128,russ1263,0.28367,0.85387,GBI NOT available,TLI available,TLI only
Eskimo_ChaplinSireniki,Russian_Oryol,"70%, 80%",eski1264,indo1319,"eski1264 ~ eski1264 , indo1319",19, 1,cent2128,russ1263,no proxy,glottocodeBase,NA,russ1263,0,0.92118,glottocodeBase,glottocodeBase,cent2128,russ1263,0.28367,0.85387,GBI NOT available,TLI available,TLI only
Eskimo_ChaplinSireniki,Russian_Pskov_Ostrov,"70%, 80%",eski1264,indo1319,"eski1264 ~ eski1264 , indo1319",19, 1,cent2128,russ1263,no proxy,glottocodeBase,NA,russ1263,0,0.92118,glottocodeBase,glottocodeBase,cent2128,russ1263,0.28367,0.85387,GBI NOT available,TLI available,TLI only
Eskimo_ChaplinSireniki,Russian_Pskov_Porkhov,"70%, 80%",eski1264,indo1319,"eski1264 ~ eski1264 , indo1319",19, 1,cent2128,russ1263,no proxy,glottocodeBase,NA,russ1263,0,0.92118,glottocodeBase,glottocodeBase,cent2128,russ1263,0.28367,0.85387,GBI NOT available,TLI available,TLI only
Eskimo_ChaplinSireniki,Russian_Ryazan_Spassk_Ryazansky,"70%, 80%",eski1264,indo1319,"eski1264 ~ eski1264 , indo1319",19, 1,cent2128,russ1263,no proxy,glottocodeBase,NA,russ1263,0,0.92118,glottocodeBase,glottocodeBase,cent2128,russ1263,0.28367,0.85387,GBI NOT available,TLI available,TLI only
Eskimo_ChaplinSireniki,Russian_Smolensk,"70%, 80%",eski1264,indo1319,"eski1264 ~ eski1264 , indo1319",19, 1,cent2128,russ1263,no proxy,glottocodeBase,NA,russ1263,0,0.92118,glottocodeBase,glottocodeBase,cent2128,russ1263,0.28367,0.85387,GBI NOT available,TLI available,TLI only
Eskimo_ChaplinSireniki,Russian_Tver,"70%, 80%",eski1264,indo1319,"eski1264 ~ eski1264 , indo1319",19, 1,cent2128,russ1263,no proxy,glottocodeBase,NA,russ1263,0,0.92118,glottocodeBase,glottocodeBase,cent2128,russ1263,0.28367,0.85387,GBI NOT available,TLI available,TLI only
Eskimo_ChaplinSireniki,Russian_Yaroslavl,"70%, 80%",eski1264,indo1319,"eski1264 ~ eski1264 , indo1319",19, 1,cent2128,russ1263,no proxy,glottocodeBase,NA,russ1263,0,0.92118,glottocodeBase,glottocodeBase,cent2128,russ1263,0.28367,0.85387,GBI NOT available,TLI available,TLI only
Eskimo_ChaplinSireniki,Ukrainian_East,"70%, 80%",eski1264,indo1319,"eski1264 ~ eski1264 , indo1319",19, 1,cent2128,ukra1253,no proxy,glottocodeBase,NA,ukra1253,0,0.78325,glottocodeBase,glottocodeBase,cent2128,ukra1253,0.28367,0.32665,GBI NOT available,TLI available,TLI only
Eskimo_ChaplinSireniki,Ukrainian_Rovenskaya,"70%, 80%",eski1264,indo1319,"eski1264 ~ eski1264 , indo1319",19, 1,cent2128,ukra1253,no proxy,glottocodeBase,NA,ukra1253,0,0.78325,glottocodeBase,glottocodeBase,cent2128,ukra1253,0.28367,0.32665,GBI NOT available,TLI available,TLI only
Eskimo_ChaplinSireniki,Veps,"70%, 80%",eski1264,ural1272,"eski1264 ~ eski1264 , ural1272",19, 1,cent2128,veps1250,no proxy,glottocodeBase,NA,veps1250,0,0.86700,glottocodeBase,glottocodeBase,cent2128,veps1250,0.28367,0.18052,GBI NOT available,TLI available,TLI only
Eskimo_Naukan,Aymara,"70%, 80%",eski1264,ayma1253,"eski1264 ~ eski1264 , ayma1253",19,18,nauk1242,sout2996,no proxy,glottocodeBase,NA,sout2996,0,0.81281,glottocodeBase,glottocodeTLIproxy,nauk1242,cent2142,0.11748,0.50143,GBI NOT available,TLI available,TLI only
Eskimo_Naukan,Bolivia_Quechua,"70%, 80%",eski1264,quec1387,"eski1264 ~ eski1264 , quec1387",19,18,nauk1242,sout2991,no proxy,no proxy,NA,NA,0,0.00000,glottocodeBase,glottocodeBase,nauk1242,sout2991,0.11748,0.26934,GBI NOT available,TLI available,TLI only
Eskimo_Naukan,Cusco,"70%, 80%",eski1264,quec1387,"eski1264 ~ eski1264 , quec1387",19,18,nauk1242,cusc1236,no proxy,glottocodeBase,NA,cusc1236,0,0.75369,glottocodeBase,glottocodeBase,nauk1242,cusc1236,0.11748,0.15473,GBI NOT available,TLI available,TLI only
Eskimo_Naukan,Puno,"70%, 80%",eski1264,quec1387,"eski1264 ~ eski1264 , quec1387",19,18,nauk1242,puno1238,no proxy,glottocodeGBIproxy,NA,cusc1236,0,0.75369,glottocodeBase,glottocodeTLIproxy,nauk1242,cusc1236,0.11748,0.15473,GBI NOT available,TLI available,TLI only
Eskimo_Naukan,Cocama,"70%, 80%",eski1264,tupi1275,"eski1264 ~ eski1264 , tupi1275",19,17,nauk1242,coca1260,no proxy,glottocodeGBIproxy,NA,coca1259,0,0.79803,glottocodeBase,glottocodeTLIproxy,nauk1242,coca1259,0.11748,0.23496,GBI NOT available,TLI available,TLI only
Eskimo_Naukan,Cofan,"70%, 80%",eski1264,cofa1242,"eski1264 ~ eski1264 , cofa1242",19,17,nauk1242,cofa1242,no proxy,glottocodeBase,NA,cofa1242,0,0.60591,glottocodeBase,glottocodeBase,nauk1242,cofa1242,0.11748,0.16619,GBI NOT available,TLI available,TLI only
Eskimo_Naukan,Huancas,"70%, 80%",eski1264,quec1387,"eski1264 ~ eski1264 , quec1387",19,17,nauk1242,chac1250,no proxy,no proxy,NA,NA,0,0.00000,glottocodeBase,glottocodeBase,nauk1242,chac1250,0.11748,0.10602,GBI NOT available,TLI available,TLI only
Eskimo_Naukan,Kamentsa,"70%, 80%",eski1264,cams1241,"eski1264 ~ eski1264 , cams1241",19,17,nauk1242,cams1241,no proxy,glottocodeBase,NA,cams1241,0,0.50739,glottocodeBase,glottocodeBase,nauk1242,cams1241,0.11748,0.22350,GBI NOT available,TLI available,TLI only
Eskimo_Naukan,KichwaOrellana,"70%, 80%",eski1264,quec1387,"eski1264 ~ eski1264 , quec1387",19,17,nauk1242,tena1240,no proxy,no proxy,NA,NA,0,0.00000,glottocodeBase,glottocodeBase,nauk1242,tena1240,0.11748,0.10888,GBI NOT available,TLI available,TLI only
Eskimo_Naukan,LaJalca,"70%, 80%",eski1264,quec1387,"eski1264 ~ eski1264 , quec1387",19,17,nauk1242,chac1250,no proxy,no proxy,NA,NA,0,0.00000,glottocodeBase,glottocodeBase,nauk1242,chac1250,0.11748,0.10602,GBI NOT available,TLI available,TLI only
Eskimo_Naukan,Luya,"70%, 80%",eski1264,quec1387,"eski1264 ~ eski1264 , quec1387",19,17,nauk1242,chac1250,no proxy,no proxy,NA,NA,0,0.00000,glottocodeBase,glottocodeBase,nauk1242,chac1250,0.11748,0.10602,GBI NOT available,TLI available,TLI only
Eskimo_Naukan,Peru_Quechua,"70%, 80%",eski1264,quec1387,"eski1264 ~ eski1264 , quec1387",19,17,nauk1242,cusc1236,no proxy,glottocodeBase,NA,cusc1236,0,0.75369,glottocodeBase,glottocodeBase,nauk1242,cusc1236,0.11748,0.15473,GBI NOT available,TLI available,TLI only
Eskimo_Naukan,Ticuna,"70%, 80%",eski1264,ticu1244,"eski1264 ~ eski1264 , ticu1244",19,17,nauk1242,ticu1245,no proxy,glottocodeBase,NA,ticu1245,0,0.71921,glottocodeBase,glottocodeBase,nauk1242,ticu1245,0.11748,0.17192,GBI NOT available,TLI available,TLI only
Eskimo_Naukan,Wayku,"70%, 80%",eski1264,quec1387,"eski1264 ~ eski1264 , quec1387",19,17,nauk1242,sanm1289,no proxy,glottocodeBase,NA,sanm1289,0,0.70443,glottocodeBase,glottocodeBase,nauk1242,sanm1289,0.11748,0.10602,GBI NOT available,TLI available,TLI only
Eskimo_Naukan,Cabecar,"70%, 80%",eski1264,chib1249,"eski1264 ~ eski1264 , chib1249",19,14,nauk1242,cabe1245,no proxy,glottocodeBase,NA,cabe1245,0,0.58128,glottocodeBase,glottocodeTLIproxy,nauk1242,brib1243,0.11748,0.28080,GBI NOT available,TLI available,TLI only
Eskimo_Naukan,Mixe,"70%, 80%",eski1264,mixe1284,"eski1264 ~ eski1264 , mixe1284",19,14,nauk1242,mixe1286,no proxy,glottocodeGBIproxy,NA,olut1240,0,0.77833,glottocodeBase,glottocodeTLIproxy,nauk1242,olut1240,0.11748,0.18625,GBI NOT available,TLI available,TLI only
Eskimo_Naukan,Chane,"70%, 80%",eski1264,araw1281,"eski1264 ~ eski1264 , araw1281",19,13,nauk1242,chan1322,no proxy,glottocodeGBIproxy,NA,tere1281,0,0.42365,glottocodeBase,glottocodeTLIproxy,nauk1242,tere1279,0.11748,0.11175,GBI NOT available,TLI available,TLI only
Eskimo_Naukan,Guarani,"70%, 80%",eski1264,tupi1275,"eski1264 ~ eski1264 , tupi1275",19,13,nauk1242,mbya1239,no proxy,glottocodeBase,NA,mbya1239,0,0.68966,glottocodeBase,glottocodeBase,nauk1242,mbya1239,0.11748,0.11175,GBI NOT available,TLI available,TLI only
Eskimo_Naukan,Kaqchikel,"70%, 80%",eski1264,maya1287,"eski1264 ~ eski1264 , maya1287",19,13,nauk1242,kaqc1270,no proxy,glottocodeBase,NA,kaqc1270,0,0.83251,glottocodeBase,glottocodeTLIproxy,nauk1242,tzut1248,0.11748,0.45845,GBI NOT available,TLI available,TLI only
Eskimo_Naukan,Wayuu,"70%, 80%",eski1264,araw1281,"eski1264 ~ eski1264 , araw1281",19,13,nauk1242,wayu1243,no proxy,glottocodeBase,NA,wayu1243,0,0.55665,glottocodeBase,glottocodeBase,nauk1242,wayu1243,0.11748,0.28367,GBI NOT available,TLI available,TLI only
Eskimo_Naukan,Zapotec,"70%, 80%",eski1264,otom1299,"eski1264 ~ eski1264 , otom1299",19,13,nauk1242,zapo1437,no proxy,glottocodeGBIproxy,NA,sanj1284,0,0.60099,glottocodeBase,glottocodeTLIproxy,nauk1242,sanj1284,0.11748,0.14040,GBI NOT available,TLI available,TLI only
Eskimo_Naukan,Piapoco,"70%, 80%",eski1264,araw1281,"eski1264 ~ eski1264 , araw1281",19,12,nauk1242,piap1246,no proxy,glottocodeBase,NA,piap1246,0,0.25616,glottocodeBase,glottocodeBase,nauk1242,piap1246,0.11748,0.15473,GBI NOT available,TLI available,TLI only
Eskimo_Naukan,Mixtec,"70%, 80%",eski1264,otom1299,"eski1264 ~ eski1264 , otom1299",19,11,nauk1242,mixt1427,no proxy,glottocodeGBIproxy,NA,sant1436,0,0.73399,glottocodeBase,glottocodeTLIproxy,nauk1242,sanm1296,0.11748,0.35817,GBI NOT available,TLI available,TLI only
Eskimo_Naukan,Apalai,"70%, 80%",eski1264,cari1283,"eski1264 ~ eski1264 , cari1283",19, 6,nauk1242,apal1257,no proxy,no proxy,NA,NA,0,0.00000,glottocodeBase,glottocodeBase,nauk1242,apal1257,0.11748,0.25215,GBI NOT available,TLI available,TLI only
Eskimo_Naukan,Arara,"70%, 80%",eski1264,cari1283,"eski1264 ~ eski1264 , cari1283",19, 6,nauk1242,para1310,no proxy,no proxy,NA,NA,0,0.00000,glottocodeBase,glottocodeBase,nauk1242,para1310,0.11748,0.09169,GBI NOT available,TLI available,TLI only
Eskimo_Naukan,Guarani_GN,"70%, 80%",eski1264,tupi1275,"eski1264 ~ eski1264 , tupi1275",19, 6,nauk1242,mbya1239,no proxy,glottocodeBase,NA,mbya1239,0,0.68966,glottocodeBase,glottocodeBase,nauk1242,mbya1239,0.11748,0.11175,GBI NOT available,TLI available,TLI only
Eskimo_Naukan,Guarani_KW,"70%, 80%",eski1264,tupi1275,"eski1264 ~ eski1264 , tupi1275",19, 6,nauk1242,mbya1239,no proxy,glottocodeBase,NA,mbya1239,0,0.68966,glottocodeBase,glottocodeBase,nauk1242,mbya1239,0.11748,0.11175,GBI NOT available,TLI available,TLI only
Eskimo_Naukan,Inga,"70%, 80%",eski1264,quec1387,"eski1264 ~ eski1264 , quec1387",19, 6,nauk1242,inga1252,no proxy,glottocodeBase,NA,inga1252,0,0.29557,glottocodeBase,glottocodeBase,nauk1242,inga1252,0.11748,0.16619,GBI NOT available,TLI available,TLI only
Eskimo_Naukan,Karitiana,"70%, 80%",eski1264,tupi1275,"eski1264 ~ eski1264 , tupi1275",19, 6,nauk1242,kari1311,no proxy,glottocodeBase,NA,kari1311,0,0.71921,glottocodeBase,glottocodeBase,nauk1242,kari1311,0.11748,0.17765,GBI NOT available,TLI available,TLI only
Eskimo_Naukan,Karitiana_Rondonia,"70%, 80%",eski1264,tupi1275,"eski1264 ~ eski1264 , tupi1275",19, 6,nauk1242,kari1311,no proxy,glottocodeBase,NA,kari1311,0,0.71921,glottocodeBase,glottocodeBase,nauk1242,kari1311,0.11748,0.17765,GBI NOT available,TLI available,TLI only
Eskimo_Naukan,Surui,"70%, 80%",eski1264,tupi1275,"eski1264 ~ eski1264 , tupi1275",19, 6,nauk1242,suru1262,no proxy,glottocodeBase,NA,suru1262,0,0.09360,glottocodeBase,glottocodeBase,nauk1242,suru1262,0.11748,0.10888,GBI NOT available,TLI available,TLI only
Eskimo_Naukan,UrubuKaapor,"70%, 80%",eski1264,tupi1275,"eski1264 ~ eski1264 , tupi1275",19, 6,nauk1242,urub1250,no proxy,no proxy,NA,NA,0,0.00000,glottocodeBase,glottocodeBase,nauk1242,urub1250,0.11748,0.40688,GBI NOT available,TLI available,TLI only
Eskimo_Naukan,Xavante,"70%, 80%",eski1264,nucl1710,"eski1264 ~ eski1264 , nucl1710",19, 6,nauk1242,xava1240,no proxy,glottocodeBase,NA,xava1240,0,0.69951,glottocodeBase,glottocodeBase,nauk1242,xava1240,0.11748,0.14327,GBI NOT available,TLI available,TLI only
Eskimo_Naukan,Zoro,"70%, 80%",eski1264,tupi1275,"eski1264 ~ eski1264 , tupi1275",19, 6,nauk1242,gavi1246,no proxy,no proxy,NA,NA,0,0.00000,glottocodeBase,glottocodeBase,nauk1242,gavi1246,0.11748,0.16332,GBI NOT available,TLI available,TLI only
Eskimo_Naukan,Pima,"70%, 80%",eski1264,utoa1244,"eski1264 ~ eski1264 , utoa1244",19, 5,nauk1242,pima1248,no proxy,glottocodeBase,NA,pima1248,0,0.74384,glottocodeBase,glottocodeBase,nauk1242,pima1248,0.11748,0.11175,GBI NOT available,TLI available,TLI only
Eskimo_Naukan,Maya,"70%, 80%",eski1264,maya1287,"eski1264 ~ eski1264 , maya1287",19, 4,nauk1242,yuca1254,no proxy,glottocodeBase,NA,yuca1254,0,0.85714,glottocodeBase,glottocodeBase,nauk1242,yuca1254,0.11748,0.24928,GBI NOT available,TLI available,TLI only
Eskimo_Naukan,Belarusian,"70%, 80%",eski1264,indo1319,"eski1264 ~ eski1264 , indo1319",19, 1,nauk1242,bela1254,no proxy,glottocodeBase,NA,bela1254,0,0.87685,glottocodeBase,glottocodeBase,nauk1242,bela1254,0.11748,0.14040,GBI NOT available,TLI available,TLI only
Eskimo_Naukan,Estonian,"70%, 80%",eski1264,ural1272,"eski1264 ~ eski1264 , ural1272",19, 1,nauk1242,esto1258,no proxy,glottocodeBase,NA,esto1258,0,0.86207,glottocodeBase,glottocodeBase,nauk1242,esto1258,0.11748,0.46418,GBI NOT available,TLI available,TLI only
Eskimo_Naukan,Finnish,"70%, 80%",eski1264,ural1272,"eski1264 ~ eski1264 , ural1272",19, 1,nauk1242,finn1318,no proxy,glottocodeBase,NA,finn1318,0,0.87192,glottocodeBase,glottocodeBase,nauk1242,finn1318,0.11748,0.84527,GBI NOT available,TLI available,TLI only
Eskimo_Naukan,German_Sorb,"70%, 80%",eski1264,indo1319,"eski1264 ~ eski1264 , indo1319",19, 1,nauk1242,sorb1249,no proxy,no proxy,NA,NA,0,0.00000,glottocodeBase,glottocodeTLIproxy,nauk1242,uppe1395,0.11748,0.28367,GBI NOT available,TLI available,TLI only
Eskimo_Naukan,Karelian_Northern,"70%, 80%",eski1264,ural1272,"eski1264 ~ eski1264 , ural1272",19, 1,nauk1242,nort2673,no proxy,glottocodeBase,NA,nort2673,0,0.85714,glottocodeBase,glottocodeTLIproxy,nauk1242,kare1335,0.11748,0.20917,GBI NOT available,TLI available,TLI only
Eskimo_Naukan,Karelian_Southern,"70%, 80%",eski1264,ural1272,"eski1264 ~ eski1264 , ural1272",19, 1,nauk1242,sout2676,no proxy,glottocodeGBIproxy,NA,tver1240,0,0.87192,glottocodeBase,glottocodeTLIproxy,nauk1242,kare1335,0.11748,0.20917,GBI NOT available,TLI available,TLI only
Eskimo_Naukan,Lithuanian,"70%, 80%",eski1264,indo1319,"eski1264 ~ eski1264 , indo1319",19, 1,nauk1242,lith1251,no proxy,glottocodeBase,NA,lith1251,0,0.86700,glottocodeBase,glottocodeBase,nauk1242,lith1251,0.11748,0.53868,GBI NOT available,TLI available,TLI only
Eskimo_Naukan,Polish_Poznan,"70%, 80%",eski1264,indo1319,"eski1264 ~ eski1264 , indo1319",19, 1,nauk1242,poli1260,no proxy,glottocodeBase,NA,poli1260,0,0.93596,glottocodeBase,glottocodeBase,nauk1242,poli1260,0.11748,0.56447,GBI NOT available,TLI available,TLI only
Eskimo_Naukan,Russian,"70%, 80%",eski1264,indo1319,"eski1264 ~ eski1264 , indo1319",19, 1,nauk1242,russ1263,no proxy,glottocodeBase,NA,russ1263,0,0.92118,glottocodeBase,glottocodeBase,nauk1242,russ1263,0.11748,0.85387,GBI NOT available,TLI available,TLI only
Eskimo_Naukan,Russian_Archangelsk_Krasnoborsky,"70%, 80%",eski1264,indo1319,"eski1264 ~ eski1264 , indo1319",19, 1,nauk1242,russ1263,no proxy,glottocodeBase,NA,russ1263,0,0.92118,glottocodeBase,glottocodeBase,nauk1242,russ1263,0.11748,0.85387,GBI NOT available,TLI available,TLI only
Eskimo_Naukan,Russian_Archangelsk_Pinezhsky,"70%, 80%",eski1264,indo1319,"eski1264 ~ eski1264 , indo1319",19, 1,nauk1242,russ1263,no proxy,glottocodeBase,NA,russ1263,0,0.92118,glottocodeBase,glottocodeBase,nauk1242,russ1263,0.11748,0.85387,GBI NOT available,TLI available,TLI only
Eskimo_Naukan,Russian_Kaluga,"70%, 80%",eski1264,indo1319,"eski1264 ~ eski1264 , indo1319",19, 1,nauk1242,russ1263,no proxy,glottocodeBase,NA,russ1263,0,0.92118,glottocodeBase,glottocodeBase,nauk1242,russ1263,0.11748,0.85387,GBI NOT available,TLI available,TLI only
Eskimo_Naukan,Russian_Kursk,"70%, 80%",eski1264,indo1319,"eski1264 ~ eski1264 , indo1319",19, 1,nauk1242,russ1263,no proxy,glottocodeBase,NA,russ1263,0,0.92118,glottocodeBase,glottocodeBase,nauk1242,russ1263,0.11748,0.85387,GBI NOT available,TLI available,TLI only
Eskimo_Naukan,Russian_Oryol,"70%, 80%",eski1264,indo1319,"eski1264 ~ eski1264 , indo1319",19, 1,nauk1242,russ1263,no proxy,glottocodeBase,NA,russ1263,0,0.92118,glottocodeBase,glottocodeBase,nauk1242,russ1263,0.11748,0.85387,GBI NOT available,TLI available,TLI only
Eskimo_Naukan,Russian_Pskov_Ostrov,"70%, 80%",eski1264,indo1319,"eski1264 ~ eski1264 , indo1319",19, 1,nauk1242,russ1263,no proxy,glottocodeBase,NA,russ1263,0,0.92118,glottocodeBase,glottocodeBase,nauk1242,russ1263,0.11748,0.85387,GBI NOT available,TLI available,TLI only
Eskimo_Naukan,Russian_Pskov_Porkhov,"70%, 80%",eski1264,indo1319,"eski1264 ~ eski1264 , indo1319",19, 1,nauk1242,russ1263,no proxy,glottocodeBase,NA,russ1263,0,0.92118,glottocodeBase,glottocodeBase,nauk1242,russ1263,0.11748,0.85387,GBI NOT available,TLI available,TLI only
Eskimo_Naukan,Russian_Ryazan_Spassk_Ryazansky,"70%, 80%",eski1264,indo1319,"eski1264 ~ eski1264 , indo1319",19, 1,nauk1242,russ1263,no proxy,glottocodeBase,NA,russ1263,0,0.92118,glottocodeBase,glottocodeBase,nauk1242,russ1263,0.11748,0.85387,GBI NOT available,TLI available,TLI only
Eskimo_Naukan,Russian_Smolensk,"70%, 80%",eski1264,indo1319,"eski1264 ~ eski1264 , indo1319",19, 1,nauk1242,russ1263,no proxy,glottocodeBase,NA,russ1263,0,0.92118,glottocodeBase,glottocodeBase,nauk1242,russ1263,0.11748,0.85387,GBI NOT available,TLI available,TLI only
Eskimo_Naukan,Russian_Tver,"70%, 80%",eski1264,indo1319,"eski1264 ~ eski1264 , indo1319",19, 1,nauk1242,russ1263,no proxy,glottocodeBase,NA,russ1263,0,0.92118,glottocodeBase,glottocodeBase,nauk1242,russ1263,0.11748,0.85387,GBI NOT available,TLI available,TLI only
Eskimo_Naukan,Russian_Yaroslavl,"70%, 80%",eski1264,indo1319,"eski1264 ~ eski1264 , indo1319",19, 1,nauk1242,russ1263,no proxy,glottocodeBase,NA,russ1263,0,0.92118,glottocodeBase,glottocodeBase,nauk1242,russ1263,0.11748,0.85387,GBI NOT available,TLI available,TLI only
Eskimo_Naukan,Ukrainian_East,"70%, 80%",eski1264,indo1319,"eski1264 ~ eski1264 , indo1319",19, 1,nauk1242,ukra1253,no proxy,glottocodeBase,NA,ukra1253,0,0.78325,glottocodeBase,glottocodeBase,nauk1242,ukra1253,0.11748,0.32665,GBI NOT available,TLI available,TLI only
Eskimo_Naukan,Ukrainian_Rovenskaya,"70%, 80%",eski1264,indo1319,"eski1264 ~ eski1264 , indo1319",19, 1,nauk1242,ukra1253,no proxy,glottocodeBase,NA,ukra1253,0,0.78325,glottocodeBase,glottocodeBase,nauk1242,ukra1253,0.11748,0.32665,GBI NOT available,TLI available,TLI only
Eskimo_Naukan,Veps,"70%, 80%",eski1264,ural1272,"eski1264 ~ eski1264 , ural1272",19, 1,nauk1242,veps1250,no proxy,glottocodeBase,NA,veps1250,0,0.86700,glottocodeBase,glottocodeBase,nauk1242,veps1250,0.11748,0.18052,GBI NOT available,TLI available,TLI only
Eskimo_Sireniki,Aymara,"70%, 80%, 90%",eski1264,ayma1253,"eski1264 ~ eski1264 , ayma1253",19,19,sire1246,sout2996,no proxy,glottocodeBase,NA,sout2996,0,0.81281,glottocodeBase,glottocodeTLIproxy,sire1246,cent2142,0.01719,0.50143,GBI NOT available,TLI available,TLI only
Eskimo_Sireniki,Bolivia_Quechua,"70%, 80%, 90%",eski1264,quec1387,"eski1264 ~ eski1264 , quec1387",19,19,sire1246,sout2991,no proxy,no proxy,NA,NA,0,0.00000,glottocodeBase,glottocodeBase,sire1246,sout2991,0.01719,0.26934,GBI NOT available,TLI available,TLI only
Eskimo_Sireniki,Cusco,"70%, 80%, 90%",eski1264,quec1387,"eski1264 ~ eski1264 , quec1387",19,19,sire1246,cusc1236,no proxy,glottocodeBase,NA,cusc1236,0,0.75369,glottocodeBase,glottocodeBase,sire1246,cusc1236,0.01719,0.15473,GBI NOT available,TLI available,TLI only
Eskimo_Sireniki,Puno,"70%, 80%, 90%",eski1264,quec1387,"eski1264 ~ eski1264 , quec1387",19,19,sire1246,puno1238,no proxy,glottocodeGBIproxy,NA,cusc1236,0,0.75369,glottocodeBase,glottocodeTLIproxy,sire1246,cusc1236,0.01719,0.15473,GBI NOT available,TLI available,TLI only
Eskimo_Sireniki,Cocama,"70%, 80%, 90%",eski1264,tupi1275,"eski1264 ~ eski1264 , tupi1275",19,18,sire1246,coca1260,no proxy,glottocodeGBIproxy,NA,coca1259,0,0.79803,glottocodeBase,glottocodeTLIproxy,sire1246,coca1259,0.01719,0.23496,GBI NOT available,TLI available,TLI only
Eskimo_Sireniki,Cofan,"70%, 80%, 90%",eski1264,cofa1242,"eski1264 ~ eski1264 , cofa1242",19,18,sire1246,cofa1242,no proxy,glottocodeBase,NA,cofa1242,0,0.60591,glottocodeBase,glottocodeBase,sire1246,cofa1242,0.01719,0.16619,GBI NOT available,TLI available,TLI only
Eskimo_Sireniki,Huancas,"70%, 80%, 90%",eski1264,quec1387,"eski1264 ~ eski1264 , quec1387",19,18,sire1246,chac1250,no proxy,no proxy,NA,NA,0,0.00000,glottocodeBase,glottocodeBase,sire1246,chac1250,0.01719,0.10602,GBI NOT available,TLI available,TLI only
Eskimo_Sireniki,Kamentsa,"70%, 80%, 90%",eski1264,cams1241,"eski1264 ~ eski1264 , cams1241",19,18,sire1246,cams1241,no proxy,glottocodeBase,NA,cams1241,0,0.50739,glottocodeBase,glottocodeBase,sire1246,cams1241,0.01719,0.22350,GBI NOT available,TLI available,TLI only
Eskimo_Sireniki,KichwaOrellana,"70%, 80%, 90%",eski1264,quec1387,"eski1264 ~ eski1264 , quec1387",19,18,sire1246,tena1240,no proxy,no proxy,NA,NA,0,0.00000,glottocodeBase,glottocodeBase,sire1246,tena1240,0.01719,0.10888,GBI NOT available,TLI available,TLI only
Eskimo_Sireniki,LaJalca,"70%, 80%, 90%",eski1264,quec1387,"eski1264 ~ eski1264 , quec1387",19,18,sire1246,chac1250,no proxy,no proxy,NA,NA,0,0.00000,glottocodeBase,glottocodeBase,sire1246,chac1250,0.01719,0.10602,GBI NOT available,TLI available,TLI only
Eskimo_Sireniki,Luya,"70%, 80%, 90%",eski1264,quec1387,"eski1264 ~ eski1264 , quec1387",19,18,sire1246,chac1250,no proxy,no proxy,NA,NA,0,0.00000,glottocodeBase,glottocodeBase,sire1246,chac1250,0.01719,0.10602,GBI NOT available,TLI available,TLI only
Eskimo_Sireniki,Peru_Quechua,"70%, 80%, 90%",eski1264,quec1387,"eski1264 ~ eski1264 , quec1387",19,18,sire1246,cusc1236,no proxy,glottocodeBase,NA,cusc1236,0,0.75369,glottocodeBase,glottocodeBase,sire1246,cusc1236,0.01719,0.15473,GBI NOT available,TLI available,TLI only
Eskimo_Sireniki,Ticuna,"70%, 80%, 90%",eski1264,ticu1244,"eski1264 ~ eski1264 , ticu1244",19,18,sire1246,ticu1245,no proxy,glottocodeBase,NA,ticu1245,0,0.71921,glottocodeBase,glottocodeBase,sire1246,ticu1245,0.01719,0.17192,GBI NOT available,TLI available,TLI only
Eskimo_Sireniki,Wayku,"70%, 80%, 90%",eski1264,quec1387,"eski1264 ~ eski1264 , quec1387",19,18,sire1246,sanm1289,no proxy,glottocodeBase,NA,sanm1289,0,0.70443,glottocodeBase,glottocodeBase,sire1246,sanm1289,0.01719,0.10602,GBI NOT available,TLI available,TLI only
Eskimo_Sireniki,Cabecar,"70%, 80%, 90%",eski1264,chib1249,"eski1264 ~ eski1264 , chib1249",19,14,sire1246,cabe1245,no proxy,glottocodeBase,NA,cabe1245,0,0.58128,glottocodeBase,glottocodeTLIproxy,sire1246,brib1243,0.01719,0.28080,GBI NOT available,TLI available,TLI only
Eskimo_Sireniki,Mixe,"70%, 80%, 90%",eski1264,mixe1284,"eski1264 ~ eski1264 , mixe1284",19,14,sire1246,mixe1286,no proxy,glottocodeGBIproxy,NA,olut1240,0,0.77833,glottocodeBase,glottocodeTLIproxy,sire1246,olut1240,0.01719,0.18625,GBI NOT available,TLI available,TLI only
Eskimo_Sireniki,Chane,"70%, 80%, 90%",eski1264,araw1281,"eski1264 ~ eski1264 , araw1281",19,13,sire1246,chan1322,no proxy,glottocodeGBIproxy,NA,tere1281,0,0.42365,glottocodeBase,glottocodeTLIproxy,sire1246,tere1279,0.01719,0.11175,GBI NOT available,TLI available,TLI only
Eskimo_Sireniki,Guarani,"70%, 80%, 90%",eski1264,tupi1275,"eski1264 ~ eski1264 , tupi1275",19,13,sire1246,mbya1239,no proxy,glottocodeBase,NA,mbya1239,0,0.68966,glottocodeBase,glottocodeBase,sire1246,mbya1239,0.01719,0.11175,GBI NOT available,TLI available,TLI only
Eskimo_Sireniki,Kaqchikel,"70%, 80%, 90%",eski1264,maya1287,"eski1264 ~ eski1264 , maya1287",19,13,sire1246,kaqc1270,no proxy,glottocodeBase,NA,kaqc1270,0,0.83251,glottocodeBase,glottocodeTLIproxy,sire1246,tzut1248,0.01719,0.45845,GBI NOT available,TLI available,TLI only
Eskimo_Sireniki,Wayuu,"70%, 80%, 90%",eski1264,araw1281,"eski1264 ~ eski1264 , araw1281",19,13,sire1246,wayu1243,no proxy,glottocodeBase,NA,wayu1243,0,0.55665,glottocodeBase,glottocodeBase,sire1246,wayu1243,0.01719,0.28367,GBI NOT available,TLI available,TLI only
Eskimo_Sireniki,Zapotec,"70%, 80%, 90%",eski1264,otom1299,"eski1264 ~ eski1264 , otom1299",19,13,sire1246,zapo1437,no proxy,glottocodeGBIproxy,NA,sanj1284,0,0.60099,glottocodeBase,glottocodeTLIproxy,sire1246,sanj1284,0.01719,0.14040,GBI NOT available,TLI available,TLI only
Eskimo_Sireniki,Piapoco,"70%, 80%, 90%",eski1264,araw1281,"eski1264 ~ eski1264 , araw1281",19,12,sire1246,piap1246,no proxy,glottocodeBase,NA,piap1246,0,0.25616,glottocodeBase,glottocodeBase,sire1246,piap1246,0.01719,0.15473,GBI NOT available,TLI available,TLI only
Eskimo_Sireniki,Mixtec,"70%, 80%, 90%",eski1264,otom1299,"eski1264 ~ eski1264 , otom1299",19,11,sire1246,mixt1427,no proxy,glottocodeGBIproxy,NA,sant1436,0,0.73399,glottocodeBase,glottocodeTLIproxy,sire1246,sanm1296,0.01719,0.35817,GBI NOT available,TLI available,TLI only
Eskimo_Sireniki,Apalai,"70%, 80%, 90%",eski1264,cari1283,"eski1264 ~ eski1264 , cari1283",19, 6,sire1246,apal1257,no proxy,no proxy,NA,NA,0,0.00000,glottocodeBase,glottocodeBase,sire1246,apal1257,0.01719,0.25215,GBI NOT available,TLI available,TLI only
Eskimo_Sireniki,Arara,"70%, 80%, 90%",eski1264,cari1283,"eski1264 ~ eski1264 , cari1283",19, 6,sire1246,para1310,no proxy,no proxy,NA,NA,0,0.00000,glottocodeBase,glottocodeBase,sire1246,para1310,0.01719,0.09169,GBI NOT available,TLI available,TLI only
Eskimo_Sireniki,Guarani_GN,"70%, 80%, 90%",eski1264,tupi1275,"eski1264 ~ eski1264 , tupi1275",19, 6,sire1246,mbya1239,no proxy,glottocodeBase,NA,mbya1239,0,0.68966,glottocodeBase,glottocodeBase,sire1246,mbya1239,0.01719,0.11175,GBI NOT available,TLI available,TLI only
Eskimo_Sireniki,Guarani_KW,"70%, 80%, 90%",eski1264,tupi1275,"eski1264 ~ eski1264 , tupi1275",19, 6,sire1246,mbya1239,no proxy,glottocodeBase,NA,mbya1239,0,0.68966,glottocodeBase,glottocodeBase,sire1246,mbya1239,0.01719,0.11175,GBI NOT available,TLI available,TLI only
Eskimo_Sireniki,Inga,"70%, 80%, 90%",eski1264,quec1387,"eski1264 ~ eski1264 , quec1387",19, 6,sire1246,inga1252,no proxy,glottocodeBase,NA,inga1252,0,0.29557,glottocodeBase,glottocodeBase,sire1246,inga1252,0.01719,0.16619,GBI NOT available,TLI available,TLI only
Eskimo_Sireniki,Karitiana,"70%, 80%, 90%",eski1264,tupi1275,"eski1264 ~ eski1264 , tupi1275",19, 6,sire1246,kari1311,no proxy,glottocodeBase,NA,kari1311,0,0.71921,glottocodeBase,glottocodeBase,sire1246,kari1311,0.01719,0.17765,GBI NOT available,TLI available,TLI only
Eskimo_Sireniki,Karitiana_Rondonia,"70%, 80%, 90%",eski1264,tupi1275,"eski1264 ~ eski1264 , tupi1275",19, 6,sire1246,kari1311,no proxy,glottocodeBase,NA,kari1311,0,0.71921,glottocodeBase,glottocodeBase,sire1246,kari1311,0.01719,0.17765,GBI NOT available,TLI available,TLI only
Eskimo_Sireniki,Surui,"70%, 80%, 90%",eski1264,tupi1275,"eski1264 ~ eski1264 , tupi1275",19, 6,sire1246,suru1262,no proxy,glottocodeBase,NA,suru1262,0,0.09360,glottocodeBase,glottocodeBase,sire1246,suru1262,0.01719,0.10888,GBI NOT available,TLI available,TLI only
Eskimo_Sireniki,UrubuKaapor,"70%, 80%, 90%",eski1264,tupi1275,"eski1264 ~ eski1264 , tupi1275",19, 6,sire1246,urub1250,no proxy,no proxy,NA,NA,0,0.00000,glottocodeBase,glottocodeBase,sire1246,urub1250,0.01719,0.40688,GBI NOT available,TLI available,TLI only
Eskimo_Sireniki,Xavante,"70%, 80%, 90%",eski1264,nucl1710,"eski1264 ~ eski1264 , nucl1710",19, 6,sire1246,xava1240,no proxy,glottocodeBase,NA,xava1240,0,0.69951,glottocodeBase,glottocodeBase,sire1246,xava1240,0.01719,0.14327,GBI NOT available,TLI available,TLI only
Eskimo_Sireniki,Zoro,"70%, 80%, 90%",eski1264,tupi1275,"eski1264 ~ eski1264 , tupi1275",19, 6,sire1246,gavi1246,no proxy,no proxy,NA,NA,0,0.00000,glottocodeBase,glottocodeBase,sire1246,gavi1246,0.01719,0.16332,GBI NOT available,TLI available,TLI only
Eskimo_Sireniki,Pima,"70%, 80%, 90%",eski1264,utoa1244,"eski1264 ~ eski1264 , utoa1244",19, 5,sire1246,pima1248,no proxy,glottocodeBase,NA,pima1248,0,0.74384,glottocodeBase,glottocodeBase,sire1246,pima1248,0.01719,0.11175,GBI NOT available,TLI available,TLI only
Eskimo_Sireniki,Maya,"70%, 80%, 90%",eski1264,maya1287,"eski1264 ~ eski1264 , maya1287",19, 4,sire1246,yuca1254,no proxy,glottocodeBase,NA,yuca1254,0,0.85714,glottocodeBase,glottocodeBase,sire1246,yuca1254,0.01719,0.24928,GBI NOT available,TLI available,TLI only
Hadza,BantuSA_Herero,"70%, 80%, 90%",hadz1240,atla1278,"hadz1240 ~ hadz1240 , atla1278",19,19,hadz1240,here1253,glottocodeBase,glottocodeBase,hadz1240,here1253,0.80788,0.85222,glottocodeBase,glottocodeBase,hadz1240,here1253,0.14327,0.12321,GBI available,TLI available,both
Hadza,BantuSA_Ovambo,"70%, 80%, 90%",hadz1240,atla1278,"hadz1240 ~ hadz1240 , atla1278",19,19,hadz1240,ndon1254,glottocodeBase,glottocodeGBIproxy,hadz1240,mbal1255,0.80788,0.46305,glottocodeBase,glottocodeBase,hadz1240,ndon1254,0.14327,0.22636,GBI available,TLI available,both
Hadza,Cameroon_Aghem,"70%, 80%, 90%",hadz1240,atla1278,"hadz1240 ~ hadz1240 , atla1278",19,19,hadz1240,aghe1239,glottocodeBase,glottocodeBase,hadz1240,aghe1239,0.80788,0.74877,glottocodeBase,glottocodeBase,hadz1240,aghe1239,0.14327,0.15759,GBI available,TLI available,both
Hadza,Cameroon_Bafut,"70%, 80%, 90%",hadz1240,atla1278,"hadz1240 ~ hadz1240 , atla1278",19,19,hadz1240,bafu1246,glottocodeBase,glottocodeBase,hadz1240,bafu1246,0.80788,0.81281,glottocodeBase,glottocodeBase,hadz1240,bafu1246,0.14327,0.14040,GBI available,TLI available,both
Hadza,Cameroon_Bakoko,"70%, 80%, 90%",hadz1240,atla1278,"hadz1240 ~ hadz1240 , atla1278",19,19,hadz1240,bako1249,glottocodeBase,no proxy,hadz1240,NA,0.80788,0.00000,glottocodeBase,glottocodeTLIproxy,hadz1240,basa1284,0.14327,0.20917,GBI NOT available,TLI available,TLI only
Hadza,Cameroon_Bangwa,"70%, 80%, 90%",hadz1240,atla1278,"hadz1240 ~ hadz1240 , atla1278",19,19,hadz1240,ndan1241,glottocodeBase,glottocodeGBIproxy,hadz1240,fefe1239,0.80788,0.62562,glottocodeBase,glottocodeTLIproxy,hadz1240,fefe1239,0.14327,0.12607,GBI available,TLI available,both
Hadza,Cameroon_Mbo,"70%, 80%, 90%",hadz1240,atla1278,"hadz1240 ~ hadz1240 , atla1278",19,19,hadz1240,mboc1235,glottocodeBase,glottocodeBase,hadz1240,mboc1235,0.80788,0.68966,glottocodeBase,glottocodeBase,hadz1240,mboc1235,0.14327,0.10888,GBI available,TLI available,both
Hadza,Damara,"70%, 80%, 90%",hadz1240,khoe1240,"hadz1240 ~ hadz1240 , khoe1240",19,19,hadz1240,nama1264,glottocodeBase,glottocodeBase,hadz1240,nama1264,0.80788,0.42365,glottocodeBase,glottocodeBase,hadz1240,nama1264,0.14327,0.57880,GBI available,TLI available,both
Hadza,Esan,"70%, 80%, 90%",hadz1240,atla1278,"hadz1240 ~ hadz1240 , atla1278",19,19,hadz1240,esan1238,glottocodeBase,glottocodeBase,hadz1240,esan1238,0.80788,0.47783,glottocodeBase,no proxy,hadz1240,NA,0.14327,0.00000,GBI available,TLI NOT available,GBI only
Hadza,Gambian,"70%, 80%, 90%",hadz1240,mand1469,"hadz1240 ~ hadz1240 , mand1469",19,19,hadz1240,mand1436,glottocodeBase,glottocodeBase,hadz1240,mand1436,0.80788,0.55665,glottocodeBase,glottocodeBase,hadz1240,mand1436,0.14327,0.24355,GBI available,TLI available,both
Hadza,Himba,"70%, 80%, 90%",hadz1240,atla1278,"hadz1240 ~ hadz1240 , atla1278",19,19,hadz1240,here1253,glottocodeBase,glottocodeBase,hadz1240,here1253,0.80788,0.85222,glottocodeBase,glottocodeBase,hadz1240,here1253,0.14327,0.12321,GBI available,TLI available,both
Hadza,Malawi_Chewa,"70%, 80%, 90%",hadz1240,atla1278,"hadz1240 ~ hadz1240 , atla1278",19,19,hadz1240,nyan1308,glottocodeBase,no proxy,hadz1240,NA,0.80788,0.00000,glottocodeBase,glottocodeBase,hadz1240,nyan1308,0.14327,0.12034,GBI NOT available,TLI available,TLI only
Hadza,Malawi_Ngoni,"70%, 80%, 90%",hadz1240,atla1278,"hadz1240 ~ hadz1240 , atla1278",19,19,hadz1240,ngon1269,glottocodeBase,glottocodeGBIproxy,hadz1240,tanz1241,0.80788,0.82759,glottocodeBase,glottocodeBase,hadz1240,ngon1269,0.14327,0.06877,GBI available,TLI available,both
Hadza,Malawi_Yao,"70%, 80%, 90%",hadz1240,atla1278,"hadz1240 ~ hadz1240 , atla1278",19,19,hadz1240,yaoo1241,glottocodeBase,glottocodeBase,hadz1240,yaoo1241,0.80788,0.60099,glottocodeBase,glottocodeBase,hadz1240,yaoo1241,0.14327,0.16332,GBI available,TLI available,both
Hadza,Mandenka,"70%, 80%, 90%",hadz1240,mand1469,"hadz1240 ~ hadz1240 , mand1469",19,19,hadz1240,mand1436,glottocodeBase,glottocodeBase,hadz1240,mand1436,0.80788,0.55665,glottocodeBase,glottocodeBase,hadz1240,mand1436,0.14327,0.24355,GBI available,TLI available,both
Hadza,Mbukushu,"70%, 80%, 90%",hadz1240,atla1278,"hadz1240 ~ hadz1240 , atla1278",19,19,hadz1240,mbuk1240,glottocodeBase,no proxy,hadz1240,NA,0.80788,0.00000,glottocodeBase,glottocodeBase,hadz1240,mbuk1240,0.14327,0.09456,GBI NOT available,TLI available,TLI only
Hadza,Mende,"70%, 80%, 90%",hadz1240,mand1469,"hadz1240 ~ hadz1240 , mand1469",19,19,hadz1240,mend1266,glottocodeBase,glottocodeBase,hadz1240,mend1266,0.80788,0.30542,glottocodeBase,glottocodeBase,hadz1240,mend1266,0.14327,0.24355,GBI available,TLI available,both
Hadza,Wambo,"70%, 80%, 90%",hadz1240,atla1278,"hadz1240 ~ hadz1240 , atla1278",19,19,hadz1240,ndon1254,glottocodeBase,glottocodeGBIproxy,hadz1240,mbal1255,0.80788,0.46305,glottocodeBase,glottocodeBase,hadz1240,ndon1254,0.14327,0.22636,GBI available,TLI available,both
Hadza,Yoruba,"70%, 80%, 90%",hadz1240,atla1278,"hadz1240 ~ hadz1240 , atla1278",19,19,hadz1240,yoru1245,glottocodeBase,no proxy,hadz1240,NA,0.80788,0.00000,glottocodeBase,glottocodeBase,hadz1240,yoru1245,0.14327,0.63037,GBI NOT available,TLI available,TLI only
Hadza,BantuSA_Zulu,"70%, 80%, 90%",hadz1240,atla1278,"hadz1240 ~ hadz1240 , atla1278",19,13,hadz1240,zulu1248,glottocodeBase,glottocodeBase,hadz1240,zulu1248,0.80788,0.19704,glottocodeBase,glottocodeBase,hadz1240,zulu1248,0.14327,0.68768,GBI available,TLI available,both
Hadza,Luhya,"70%, 80%, 90%",hadz1240,atla1278,"hadz1240 ~ hadz1240 , atla1278",19,13,hadz1240,cent2288,glottocodeBase,no proxy,hadz1240,NA,0.80788,0.00000,glottocodeBase,glottocodeTLIproxy,hadz1240,tsot1241,0.14327,0.10315,GBI NOT available,TLI available,TLI only
Hadza,Luo,"70%, 80%, 90%",hadz1240,nilo1247,"hadz1240 ~ hadz1240 , nilo1247",19,13,hadz1240,luok1236,glottocodeBase,glottocodeBase,hadz1240,luok1236,0.80788,0.84729,glottocodeBase,glottocodeBase,hadz1240,luok1236,0.14327,0.30372,GBI available,TLI available,both
Haiom,BantuSA_Herero,"70%, 80%, 90%",khoe1240,atla1278,"khoe1240 ~ khoe1240 , atla1278",19,19,haio1238,here1253,glottocodeBase,glottocodeBase,haio1238,here1253,0.2069,0.85222,glottocodeBase,glottocodeBase,haio1238,here1253,0.10029,0.12321,GBI available,TLI available,both
Haiom,BantuSA_Ovambo,"70%, 80%, 90%",khoe1240,atla1278,"khoe1240 ~ khoe1240 , atla1278",19,19,haio1238,ndon1254,glottocodeBase,glottocodeGBIproxy,haio1238,mbal1255,0.2069,0.46305,glottocodeBase,glottocodeBase,haio1238,ndon1254,0.10029,0.22636,GBI available,TLI available,both
Haiom,Cameroon_Aghem,"70%, 80%, 90%",khoe1240,atla1278,"khoe1240 ~ khoe1240 , atla1278",19,19,haio1238,aghe1239,glottocodeBase,glottocodeBase,haio1238,aghe1239,0.2069,0.74877,glottocodeBase,glottocodeBase,haio1238,aghe1239,0.10029,0.15759,GBI available,TLI available,both
Haiom,Cameroon_Bafut,"70%, 80%, 90%",khoe1240,atla1278,"khoe1240 ~ khoe1240 , atla1278",19,19,haio1238,bafu1246,glottocodeBase,glottocodeBase,haio1238,bafu1246,0.2069,0.81281,glottocodeBase,glottocodeBase,haio1238,bafu1246,0.10029,0.14040,GBI available,TLI available,both
Haiom,Cameroon_Bakoko,"70%, 80%, 90%",khoe1240,atla1278,"khoe1240 ~ khoe1240 , atla1278",19,19,haio1238,bako1249,glottocodeBase,no proxy,haio1238,NA,0.2069,0.00000,glottocodeBase,glottocodeTLIproxy,haio1238,basa1284,0.10029,0.20917,GBI NOT available,TLI available,TLI only
Haiom,Cameroon_Bangwa,"70%, 80%, 90%",khoe1240,atla1278,"khoe1240 ~ khoe1240 , atla1278",19,19,haio1238,ndan1241,glottocodeBase,glottocodeGBIproxy,haio1238,fefe1239,0.2069,0.62562,glottocodeBase,glottocodeTLIproxy,haio1238,fefe1239,0.10029,0.12607,GBI available,TLI available,both
Haiom,Cameroon_Mbo,"70%, 80%, 90%",khoe1240,atla1278,"khoe1240 ~ khoe1240 , atla1278",19,19,haio1238,mboc1235,glottocodeBase,glottocodeBase,haio1238,mboc1235,0.2069,0.68966,glottocodeBase,glottocodeBase,haio1238,mboc1235,0.10029,0.10888,GBI available,TLI available,both
Haiom,Hoan,"70%, 80%, 90%",khoe1240,kxaa1236,"khoe1240 ~ khoe1240 , kxaa1236",19,19,haio1238,hoaa1235,glottocodeBase,glottocodeBase,haio1238,hoaa1235,0.2069,0.76847,glottocodeBase,glottocodeBase,haio1238,hoaa1235,0.10029,0.04011,GBI available,TLI available,both
Haiom,Ju_hoan_North,"70%, 80%, 90%",khoe1240,kxaa1236,"khoe1240 ~ khoe1240 , kxaa1236",19,19,haio1238,juho1239,glottocodeBase,glottocodeBase,haio1238,juho1239,0.2069,0.22660,glottocodeBase,glottocodeBase,haio1238,juho1239,0.10029,0.45272,GBI available,TLI available,both
Haiom,Ju_hoan_South,"70%, 80%, 90%",khoe1240,kxaa1236,"khoe1240 ~ khoe1240 , kxaa1236",19,19,haio1238,juho1239,glottocodeBase,glottocodeBase,haio1238,juho1239,0.2069,0.22660,glottocodeBase,glottocodeBase,haio1238,juho1239,0.10029,0.45272,GBI available,TLI available,both
Haiom,San,"70%, 80%, 90%",khoe1240,kxaa1236,"khoe1240 ~ khoe1240 , kxaa1236",19,19,haio1238,juho1239,glottocodeBase,glottocodeBase,haio1238,juho1239,0.2069,0.22660,glottocodeBase,glottocodeBase,haio1238,juho1239,0.10029,0.45272,GBI available,TLI available,both
Haiom,Taa_East,"70%, 80%, 90%",khoe1240,tuuu1241,"khoe1240 ~ khoe1240 , tuuu1241",19,19,haio1238,huaa1248,glottocodeBase,glottocodeBase,haio1238,huaa1248,0.2069,0.69951,glottocodeBase,glottocodeBase,haio1238,huaa1248,0.10029,0.19484,GBI available,TLI available,both
Haiom,Taa_North,"70%, 80%, 90%",khoe1240,tuuu1241,"khoe1240 ~ khoe1240 , tuuu1241",19,19,haio1238,xooo1239,glottocodeBase,glottocodeGBIproxy,haio1238,huaa1248,0.2069,0.69951,glottocodeBase,glottocodeBase,haio1238,xooo1239,0.10029,0.01146,GBI available,TLI available,both
Haiom,Taa_West,"70%, 80%, 90%",khoe1240,tuuu1241,"khoe1240 ~ khoe1240 , tuuu1241",19,19,haio1238,xooo1239,glottocodeBase,glottocodeGBIproxy,haio1238,huaa1248,0.2069,0.69951,glottocodeBase,glottocodeBase,haio1238,xooo1239,0.10029,0.01146,GBI available,TLI available,both
Haiom,Esan,"70%, 80%, 90%",khoe1240,atla1278,"khoe1240 ~ khoe1240 , atla1278",19,19,haio1238,esan1238,glottocodeBase,glottocodeBase,haio1238,esan1238,0.2069,0.47783,glottocodeBase,no proxy,haio1238,NA,0.10029,0.00000,GBI available,TLI NOT available,GBI only
Haiom,Gambian,"70%, 80%, 90%",khoe1240,mand1469,"khoe1240 ~ khoe1240 , mand1469",19,19,haio1238,mand1436,glottocodeBase,glottocodeBase,haio1238,mand1436,0.2069,0.55665,glottocodeBase,glottocodeBase,haio1238,mand1436,0.10029,0.24355,GBI available,TLI available,both
Haiom,Himba,"70%, 80%, 90%",khoe1240,atla1278,"khoe1240 ~ khoe1240 , atla1278",19,19,haio1238,here1253,glottocodeBase,glottocodeBase,haio1238,here1253,0.2069,0.85222,glottocodeBase,glottocodeBase,haio1238,here1253,0.10029,0.12321,GBI available,TLI available,both
Haiom,Malawi_Chewa,"70%, 80%, 90%",khoe1240,atla1278,"khoe1240 ~ khoe1240 , atla1278",19,19,haio1238,nyan1308,glottocodeBase,no proxy,haio1238,NA,0.2069,0.00000,glottocodeBase,glottocodeBase,haio1238,nyan1308,0.10029,0.12034,GBI NOT available,TLI available,TLI only
Haiom,Malawi_Ngoni,"70%, 80%, 90%",khoe1240,atla1278,"khoe1240 ~ khoe1240 , atla1278",19,19,haio1238,ngon1269,glottocodeBase,glottocodeGBIproxy,haio1238,tanz1241,0.2069,0.82759,glottocodeBase,glottocodeBase,haio1238,ngon1269,0.10029,0.06877,GBI available,TLI available,both
Haiom,Malawi_Yao,"70%, 80%, 90%",khoe1240,atla1278,"khoe1240 ~ khoe1240 , atla1278",19,19,haio1238,yaoo1241,glottocodeBase,glottocodeBase,haio1238,yaoo1241,0.2069,0.60099,glottocodeBase,glottocodeBase,haio1238,yaoo1241,0.10029,0.16332,GBI available,TLI available,both
Haiom,Mandenka,"70%, 80%, 90%",khoe1240,mand1469,"khoe1240 ~ khoe1240 , mand1469",19,19,haio1238,mand1436,glottocodeBase,glottocodeBase,haio1238,mand1436,0.2069,0.55665,glottocodeBase,glottocodeBase,haio1238,mand1436,0.10029,0.24355,GBI available,TLI available,both
Haiom,Mbukushu,"70%, 80%, 90%",khoe1240,atla1278,"khoe1240 ~ khoe1240 , atla1278",19,19,haio1238,mbuk1240,glottocodeBase,no proxy,haio1238,NA,0.2069,0.00000,glottocodeBase,glottocodeBase,haio1238,mbuk1240,0.10029,0.09456,GBI NOT available,TLI available,TLI only
Haiom,Mende,"70%, 80%, 90%",khoe1240,mand1469,"khoe1240 ~ khoe1240 , mand1469",19,19,haio1238,mend1266,glottocodeBase,glottocodeBase,haio1238,mend1266,0.2069,0.30542,glottocodeBase,glottocodeBase,haio1238,mend1266,0.10029,0.24355,GBI available,TLI available,both
Haiom,Wambo,"70%, 80%, 90%",khoe1240,atla1278,"khoe1240 ~ khoe1240 , atla1278",19,19,haio1238,ndon1254,glottocodeBase,glottocodeGBIproxy,haio1238,mbal1255,0.2069,0.46305,glottocodeBase,glottocodeBase,haio1238,ndon1254,0.10029,0.22636,GBI available,TLI available,both
Haiom,Yoruba,"70%, 80%, 90%",khoe1240,atla1278,"khoe1240 ~ khoe1240 , atla1278",19,19,haio1238,yoru1245,glottocodeBase,no proxy,haio1238,NA,0.2069,0.00000,glottocodeBase,glottocodeBase,haio1238,yoru1245,0.10029,0.63037,GBI NOT available,TLI available,TLI only
Haiom,BantuSA_Zulu,"70%, 80%, 90%",khoe1240,atla1278,"khoe1240 ~ khoe1240 , atla1278",19,13,haio1238,zulu1248,glottocodeBase,glottocodeBase,haio1238,zulu1248,0.2069,0.19704,glottocodeBase,glottocodeBase,haio1238,zulu1248,0.10029,0.68768,GBI available,TLI available,both
Haiom,Luhya,"70%, 80%, 90%",khoe1240,atla1278,"khoe1240 ~ khoe1240 , atla1278",19,13,haio1238,cent2288,glottocodeBase,no proxy,haio1238,NA,0.2069,0.00000,glottocodeBase,glottocodeTLIproxy,haio1238,tsot1241,0.10029,0.10315,GBI NOT available,TLI available,TLI only
Haiom,Luo,"70%, 80%, 90%",khoe1240,nilo1247,"khoe1240 ~ khoe1240 , nilo1247",19,13,haio1238,luok1236,glottocodeBase,glottocodeBase,haio1238,luok1236,0.2069,0.84729,glottocodeBase,glottocodeBase,haio1238,luok1236,0.10029,0.30372,GBI available,TLI available,both
Haiom,Xuun,"70%, 80%, 90%",khoe1240,kxaa1236,"khoe1240 ~ khoe1240 , kxaa1236",19,13,haio1238,kung1261,glottocodeBase,no proxy,haio1238,NA,0.2069,0.00000,glottocodeBase,glottocodeBase,haio1238,kung1261,0.10029,0.22350,GBI NOT available,TLI available,TLI only
Hoan,BantuSA_Herero,"70%, 80%, 90%",kxaa1236,atla1278,"kxaa1236 ~ kxaa1236 , atla1278",19,19,hoaa1235,here1253,glottocodeBase,glottocodeBase,hoaa1235,here1253,0.76847,0.85222,glottocodeBase,glottocodeBase,hoaa1235,here1253,0.04011,0.12321,GBI available,TLI available,both
Hoan,BantuSA_Ovambo,"70%, 80%, 90%",kxaa1236,atla1278,"kxaa1236 ~ kxaa1236 , atla1278",19,19,hoaa1235,ndon1254,glottocodeBase,glottocodeGBIproxy,hoaa1235,mbal1255,0.76847,0.46305,glottocodeBase,glottocodeBase,hoaa1235,ndon1254,0.04011,0.22636,GBI available,TLI available,both
Hoan,Cameroon_Aghem,"70%, 80%, 90%",kxaa1236,atla1278,"kxaa1236 ~ kxaa1236 , atla1278",19,19,hoaa1235,aghe1239,glottocodeBase,glottocodeBase,hoaa1235,aghe1239,0.76847,0.74877,glottocodeBase,glottocodeBase,hoaa1235,aghe1239,0.04011,0.15759,GBI available,TLI available,both
Hoan,Cameroon_Bafut,"70%, 80%, 90%",kxaa1236,atla1278,"kxaa1236 ~ kxaa1236 , atla1278",19,19,hoaa1235,bafu1246,glottocodeBase,glottocodeBase,hoaa1235,bafu1246,0.76847,0.81281,glottocodeBase,glottocodeBase,hoaa1235,bafu1246,0.04011,0.14040,GBI available,TLI available,both
Hoan,Cameroon_Bakoko,"70%, 80%, 90%",kxaa1236,atla1278,"kxaa1236 ~ kxaa1236 , atla1278",19,19,hoaa1235,bako1249,glottocodeBase,no proxy,hoaa1235,NA,0.76847,0.00000,glottocodeBase,glottocodeTLIproxy,hoaa1235,basa1284,0.04011,0.20917,GBI NOT available,TLI available,TLI only
Hoan,Cameroon_Bangwa,"70%, 80%, 90%",kxaa1236,atla1278,"kxaa1236 ~ kxaa1236 , atla1278",19,19,hoaa1235,ndan1241,glottocodeBase,glottocodeGBIproxy,hoaa1235,fefe1239,0.76847,0.62562,glottocodeBase,glottocodeTLIproxy,hoaa1235,fefe1239,0.04011,0.12607,GBI available,TLI available,both
Hoan,Cameroon_Mbo,"70%, 80%, 90%",kxaa1236,atla1278,"kxaa1236 ~ kxaa1236 , atla1278",19,19,hoaa1235,mboc1235,glottocodeBase,glottocodeBase,hoaa1235,mboc1235,0.76847,0.68966,glottocodeBase,glottocodeBase,hoaa1235,mboc1235,0.04011,0.10888,GBI available,TLI available,both
Hoan,Damara,"70%, 80%, 90%",kxaa1236,khoe1240,"kxaa1236 ~ kxaa1236 , khoe1240",19,19,hoaa1235,nama1264,glottocodeBase,glottocodeBase,hoaa1235,nama1264,0.76847,0.42365,glottocodeBase,glottocodeBase,hoaa1235,nama1264,0.04011,0.57880,GBI available,TLI available,both
Hoan,Esan,"70%, 80%, 90%",kxaa1236,atla1278,"kxaa1236 ~ kxaa1236 , atla1278",19,19,hoaa1235,esan1238,glottocodeBase,glottocodeBase,hoaa1235,esan1238,0.76847,0.47783,glottocodeBase,no proxy,hoaa1235,NA,0.04011,0.00000,GBI available,TLI NOT available,GBI only
Hoan,Gambian,"70%, 80%, 90%",kxaa1236,mand1469,"kxaa1236 ~ kxaa1236 , mand1469",19,19,hoaa1235,mand1436,glottocodeBase,glottocodeBase,hoaa1235,mand1436,0.76847,0.55665,glottocodeBase,glottocodeBase,hoaa1235,mand1436,0.04011,0.24355,GBI available,TLI available,both
Hoan,Himba,"70%, 80%, 90%",kxaa1236,atla1278,"kxaa1236 ~ kxaa1236 , atla1278",19,19,hoaa1235,here1253,glottocodeBase,glottocodeBase,hoaa1235,here1253,0.76847,0.85222,glottocodeBase,glottocodeBase,hoaa1235,here1253,0.04011,0.12321,GBI available,TLI available,both
Hoan,Malawi_Chewa,"70%, 80%, 90%",kxaa1236,atla1278,"kxaa1236 ~ kxaa1236 , atla1278",19,19,hoaa1235,nyan1308,glottocodeBase,no proxy,hoaa1235,NA,0.76847,0.00000,glottocodeBase,glottocodeBase,hoaa1235,nyan1308,0.04011,0.12034,GBI NOT available,TLI available,TLI only
Hoan,Malawi_Ngoni,"70%, 80%, 90%",kxaa1236,atla1278,"kxaa1236 ~ kxaa1236 , atla1278",19,19,hoaa1235,ngon1269,glottocodeBase,glottocodeGBIproxy,hoaa1235,tanz1241,0.76847,0.82759,glottocodeBase,glottocodeBase,hoaa1235,ngon1269,0.04011,0.06877,GBI available,TLI available,both
Hoan,Malawi_Yao,"70%, 80%, 90%",kxaa1236,atla1278,"kxaa1236 ~ kxaa1236 , atla1278",19,19,hoaa1235,yaoo1241,glottocodeBase,glottocodeBase,hoaa1235,yaoo1241,0.76847,0.60099,glottocodeBase,glottocodeBase,hoaa1235,yaoo1241,0.04011,0.16332,GBI available,TLI available,both
Hoan,Mandenka,"70%, 80%, 90%",kxaa1236,mand1469,"kxaa1236 ~ kxaa1236 , mand1469",19,19,hoaa1235,mand1436,glottocodeBase,glottocodeBase,hoaa1235,mand1436,0.76847,0.55665,glottocodeBase,glottocodeBase,hoaa1235,mand1436,0.04011,0.24355,GBI available,TLI available,both
Hoan,Mbukushu,"70%, 80%, 90%",kxaa1236,atla1278,"kxaa1236 ~ kxaa1236 , atla1278",19,19,hoaa1235,mbuk1240,glottocodeBase,no proxy,hoaa1235,NA,0.76847,0.00000,glottocodeBase,glottocodeBase,hoaa1235,mbuk1240,0.04011,0.09456,GBI NOT available,TLI available,TLI only
Hoan,Mende,"70%, 80%, 90%",kxaa1236,mand1469,"kxaa1236 ~ kxaa1236 , mand1469",19,19,hoaa1235,mend1266,glottocodeBase,glottocodeBase,hoaa1235,mend1266,0.76847,0.30542,glottocodeBase,glottocodeBase,hoaa1235,mend1266,0.04011,0.24355,GBI available,TLI available,both
Hoan,Wambo,"70%, 80%, 90%",kxaa1236,atla1278,"kxaa1236 ~ kxaa1236 , atla1278",19,19,hoaa1235,ndon1254,glottocodeBase,glottocodeGBIproxy,hoaa1235,mbal1255,0.76847,0.46305,glottocodeBase,glottocodeBase,hoaa1235,ndon1254,0.04011,0.22636,GBI available,TLI available,both
Hoan,Yoruba,"70%, 80%, 90%",kxaa1236,atla1278,"kxaa1236 ~ kxaa1236 , atla1278",19,19,hoaa1235,yoru1245,glottocodeBase,no proxy,hoaa1235,NA,0.76847,0.00000,glottocodeBase,glottocodeBase,hoaa1235,yoru1245,0.04011,0.63037,GBI NOT available,TLI available,TLI only
Hoan,BantuSA_Zulu,"70%, 80%, 90%",kxaa1236,atla1278,"kxaa1236 ~ kxaa1236 , atla1278",19,13,hoaa1235,zulu1248,glottocodeBase,glottocodeBase,hoaa1235,zulu1248,0.76847,0.19704,glottocodeBase,glottocodeBase,hoaa1235,zulu1248,0.04011,0.68768,GBI available,TLI available,both
Hoan,Luhya,"70%, 80%, 90%",kxaa1236,atla1278,"kxaa1236 ~ kxaa1236 , atla1278",19,13,hoaa1235,cent2288,glottocodeBase,no proxy,hoaa1235,NA,0.76847,0.00000,glottocodeBase,glottocodeTLIproxy,hoaa1235,tsot1241,0.04011,0.10315,GBI NOT available,TLI available,TLI only
Hoan,Luo,"70%, 80%, 90%",kxaa1236,nilo1247,"kxaa1236 ~ kxaa1236 , nilo1247",19,13,hoaa1235,luok1236,glottocodeBase,glottocodeBase,hoaa1235,luok1236,0.76847,0.84729,glottocodeBase,glottocodeBase,hoaa1235,luok1236,0.04011,0.30372,GBI available,TLI available,both
Huancas,Belarusian,"70%, 80%, 90%",quec1387,indo1319,"quec1387 ~ quec1387 , indo1319",19, 8,chac1250,bela1254,no proxy,glottocodeBase,NA,bela1254,0,0.87685,glottocodeBase,glottocodeBase,chac1250,bela1254,0.10602,0.14040,GBI NOT available,TLI available,TLI only
Huancas,Estonian,"70%, 80%, 90%",quec1387,ural1272,"quec1387 ~ quec1387 , ural1272",19, 8,chac1250,esto1258,no proxy,glottocodeBase,NA,esto1258,0,0.86207,glottocodeBase,glottocodeBase,chac1250,esto1258,0.10602,0.46418,GBI NOT available,TLI available,TLI only
Huancas,Finnish,"70%, 80%, 90%",quec1387,ural1272,"quec1387 ~ quec1387 , ural1272",19, 8,chac1250,finn1318,no proxy,glottocodeBase,NA,finn1318,0,0.87192,glottocodeBase,glottocodeBase,chac1250,finn1318,0.10602,0.84527,GBI NOT available,TLI available,TLI only
Huancas,French_West,"70%, 80%, 90%",quec1387,indo1319,"quec1387 ~ quec1387 , indo1319",19, 8,chac1250,stan1290,no proxy,glottocodeBase,NA,stan1290,0,0.89655,glottocodeBase,glottocodeBase,chac1250,stan1290,0.10602,0.80802,GBI NOT available,TLI available,TLI only
Huancas,German_Lipsian,"70%, 80%, 90%",quec1387,indo1319,"quec1387 ~ quec1387 , indo1319",19, 8,chac1250,stan1295,no proxy,no proxy,NA,NA,0,0.00000,glottocodeBase,glottocodeBase,chac1250,stan1295,0.10602,0.79370,GBI NOT available,TLI available,TLI only
Huancas,German_Sorb,"70%, 80%, 90%",quec1387,indo1319,"quec1387 ~ quec1387 , indo1319",19, 8,chac1250,sorb1249,no proxy,no proxy,NA,NA,0,0.00000,glottocodeBase,glottocodeTLIproxy,chac1250,uppe1395,0.10602,0.28367,GBI NOT available,TLI available,TLI only
Huancas,Icelandic,"70%, 80%, 90%",quec1387,indo1319,"quec1387 ~ quec1387 , indo1319",19, 8,chac1250,icel1247,no proxy,glottocodeBase,NA,icel1247,0,0.86700,glottocodeBase,glottocodeBase,chac1250,icel1247,0.10602,0.59599,GBI NOT available,TLI available,TLI only
Huancas,Irish_Connacht,"70%, 80%, 90%",quec1387,indo1319,"quec1387 ~ quec1387 , indo1319",19, 8,chac1250,conn1243,no proxy,glottocodeGBIproxy,NA,iris1253,0,0.92118,glottocodeBase,glottocodeTLIproxy,chac1250,iris1253,0.10602,0.54441,GBI NOT available,TLI available,TLI only
Huancas,Irish_Cork_Kerry,"70%, 80%, 90%",quec1387,indo1319,"quec1387 ~ quec1387 , indo1319",19, 8,chac1250,iris1253,no proxy,glottocodeBase,NA,iris1253,0,0.92118,glottocodeBase,glottocodeBase,chac1250,iris1253,0.10602,0.54441,GBI NOT available,TLI available,TLI only
Huancas,Irish_Leinster,"70%, 80%, 90%",quec1387,indo1319,"quec1387 ~ quec1387 , indo1319",19, 8,chac1250,iris1253,no proxy,glottocodeBase,NA,iris1253,0,0.92118,glottocodeBase,glottocodeBase,chac1250,iris1253,0.10602,0.54441,GBI NOT available,TLI available,TLI only
Huancas,Irish_Munster,"70%, 80%, 90%",quec1387,indo1319,"quec1387 ~ quec1387 , indo1319",19, 8,chac1250,muns1250,no proxy,glottocodeGBIproxy,NA,iris1253,0,0.92118,glottocodeBase,glottocodeTLIproxy,chac1250,iris1253,0.10602,0.54441,GBI NOT available,TLI available,TLI only
Huancas,Irish_Ulster,"70%, 80%, 90%",quec1387,indo1319,"quec1387 ~ quec1387 , indo1319",19, 8,chac1250,done1238,no proxy,glottocodeGBIproxy,NA,iris1253,0,0.92118,glottocodeBase,glottocodeTLIproxy,chac1250,iris1253,0.10602,0.54441,GBI NOT available,TLI available,TLI only
Huancas,Karelian_Northern,"70%, 80%, 90%",quec1387,ural1272,"quec1387 ~ quec1387 , ural1272",19, 8,chac1250,nort2673,no proxy,glottocodeBase,NA,nort2673,0,0.85714,glottocodeBase,glottocodeTLIproxy,chac1250,kare1335,0.10602,0.20917,GBI NOT available,TLI available,TLI only
Huancas,Karelian_Southern,"70%, 80%, 90%",quec1387,ural1272,"quec1387 ~ quec1387 , ural1272",19, 8,chac1250,sout2676,no proxy,glottocodeGBIproxy,NA,tver1240,0,0.87192,glottocodeBase,glottocodeTLIproxy,chac1250,kare1335,0.10602,0.20917,GBI NOT available,TLI available,TLI only
Huancas,Lithuanian,"70%, 80%, 90%",quec1387,indo1319,"quec1387 ~ quec1387 , indo1319",19, 8,chac1250,lith1251,no proxy,glottocodeBase,NA,lith1251,0,0.86700,glottocodeBase,glottocodeBase,chac1250,lith1251,0.10602,0.53868,GBI NOT available,TLI available,TLI only
Huancas,Norwegian,"70%, 80%, 90%",quec1387,indo1319,"quec1387 ~ quec1387 , indo1319",19, 8,chac1250,norw1258,no proxy,no proxy,NA,NA,0,0.00000,glottocodeBase,glottocodeBase,chac1250,norw1258,0.10602,0.34670,GBI NOT available,TLI available,TLI only
Huancas,Orcadian,"70%, 80%, 90%",quec1387,indo1319,"quec1387 ~ quec1387 , indo1319",19, 8,chac1250,scot1243,no proxy,no proxy,NA,NA,0,0.00000,glottocodeBase,glottocodeBase,chac1250,scot1243,0.10602,0.10315,GBI NOT available,TLI available,TLI only
Huancas,Polish_Lublin,"70%, 80%, 90%",quec1387,indo1319,"quec1387 ~ quec1387 , indo1319",19, 8,chac1250,poli1260,no proxy,glottocodeBase,NA,poli1260,0,0.93596,glottocodeBase,glottocodeBase,chac1250,poli1260,0.10602,0.56447,GBI NOT available,TLI available,TLI only
Huancas,Polish_Poznan,"70%, 80%, 90%",quec1387,indo1319,"quec1387 ~ quec1387 , indo1319",19, 8,chac1250,poli1260,no proxy,glottocodeBase,NA,poli1260,0,0.93596,glottocodeBase,glottocodeBase,chac1250,poli1260,0.10602,0.56447,GBI NOT available,TLI available,TLI only
Huancas,Russian,"70%, 80%, 90%",quec1387,indo1319,"quec1387 ~ quec1387 , indo1319",19, 8,chac1250,russ1263,no proxy,glottocodeBase,NA,russ1263,0,0.92118,glottocodeBase,glottocodeBase,chac1250,russ1263,0.10602,0.85387,GBI NOT available,TLI available,TLI only
Huancas,Russian_Archangelsk_Krasnoborsky,"70%, 80%, 90%",quec1387,indo1319,"quec1387 ~ quec1387 , indo1319",19, 8,chac1250,russ1263,no proxy,glottocodeBase,NA,russ1263,0,0.92118,glottocodeBase,glottocodeBase,chac1250,russ1263,0.10602,0.85387,GBI NOT available,TLI available,TLI only
Huancas,Russian_Archangelsk_Pinezhsky,"70%, 80%, 90%",quec1387,indo1319,"quec1387 ~ quec1387 , indo1319",19, 8,chac1250,russ1263,no proxy,glottocodeBase,NA,russ1263,0,0.92118,glottocodeBase,glottocodeBase,chac1250,russ1263,0.10602,0.85387,GBI NOT available,TLI available,TLI only
Huancas,Russian_Belgorod,"70%, 80%, 90%",quec1387,indo1319,"quec1387 ~ quec1387 , indo1319",19, 8,chac1250,russ1263,no proxy,glottocodeBase,NA,russ1263,0,0.92118,glottocodeBase,glottocodeBase,chac1250,russ1263,0.10602,0.85387,GBI NOT available,TLI available,TLI only
Huancas,Russian_Kaluga,"70%, 80%, 90%",quec1387,indo1319,"quec1387 ~ quec1387 , indo1319",19, 8,chac1250,russ1263,no proxy,glottocodeBase,NA,russ1263,0,0.92118,glottocodeBase,glottocodeBase,chac1250,russ1263,0.10602,0.85387,GBI NOT available,TLI available,TLI only
Huancas,Russian_Kursk,"70%, 80%, 90%",quec1387,indo1319,"quec1387 ~ quec1387 , indo1319",19, 8,chac1250,russ1263,no proxy,glottocodeBase,NA,russ1263,0,0.92118,glottocodeBase,glottocodeBase,chac1250,russ1263,0.10602,0.85387,GBI NOT available,TLI available,TLI only
Huancas,Russian_Oryol,"70%, 80%, 90%",quec1387,indo1319,"quec1387 ~ quec1387 , indo1319",19, 8,chac1250,russ1263,no proxy,glottocodeBase,NA,russ1263,0,0.92118,glottocodeBase,glottocodeBase,chac1250,russ1263,0.10602,0.85387,GBI NOT available,TLI available,TLI only
Huancas,Russian_Pskov_Ostrov,"70%, 80%, 90%",quec1387,indo1319,"quec1387 ~ quec1387 , indo1319",19, 8,chac1250,russ1263,no proxy,glottocodeBase,NA,russ1263,0,0.92118,glottocodeBase,glottocodeBase,chac1250,russ1263,0.10602,0.85387,GBI NOT available,TLI available,TLI only
Huancas,Russian_Pskov_Porkhov,"70%, 80%, 90%",quec1387,indo1319,"quec1387 ~ quec1387 , indo1319",19, 8,chac1250,russ1263,no proxy,glottocodeBase,NA,russ1263,0,0.92118,glottocodeBase,glottocodeBase,chac1250,russ1263,0.10602,0.85387,GBI NOT available,TLI available,TLI only
Huancas,Russian_Ryazan_Mihailovsky,"70%, 80%, 90%",quec1387,indo1319,"quec1387 ~ quec1387 , indo1319",19, 8,chac1250,russ1263,no proxy,glottocodeBase,NA,russ1263,0,0.92118,glottocodeBase,glottocodeBase,chac1250,russ1263,0.10602,0.85387,GBI NOT available,TLI available,TLI only
Huancas,Russian_Ryazan_Spassk_Ryazansky,"70%, 80%, 90%",quec1387,indo1319,"quec1387 ~ quec1387 , indo1319",19, 8,chac1250,russ1263,no proxy,glottocodeBase,NA,russ1263,0,0.92118,glottocodeBase,glottocodeBase,chac1250,russ1263,0.10602,0.85387,GBI NOT available,TLI available,TLI only
Huancas,Russian_Smolensk,"70%, 80%, 90%",quec1387,indo1319,"quec1387 ~ quec1387 , indo1319",19, 8,chac1250,russ1263,no proxy,glottocodeBase,NA,russ1263,0,0.92118,glottocodeBase,glottocodeBase,chac1250,russ1263,0.10602,0.85387,GBI NOT available,TLI available,TLI only
Huancas,Russian_Tver,"70%, 80%, 90%",quec1387,indo1319,"quec1387 ~ quec1387 , indo1319",19, 8,chac1250,russ1263,no proxy,glottocodeBase,NA,russ1263,0,0.92118,glottocodeBase,glottocodeBase,chac1250,russ1263,0.10602,0.85387,GBI NOT available,TLI available,TLI only
Huancas,Russian_Yaroslavl,"70%, 80%, 90%",quec1387,indo1319,"quec1387 ~ quec1387 , indo1319",19, 8,chac1250,russ1263,no proxy,glottocodeBase,NA,russ1263,0,0.92118,glottocodeBase,glottocodeBase,chac1250,russ1263,0.10602,0.85387,GBI NOT available,TLI available,TLI only
Huancas,Scottish,"70%, 80%, 90%",quec1387,indo1319,"quec1387 ~ quec1387 , indo1319",19, 8,chac1250,scot1245,no proxy,no proxy,NA,NA,0,0.00000,glottocodeBase,glottocodeBase,chac1250,scot1245,0.10602,0.26934,GBI NOT available,TLI available,TLI only
Huancas,Scottish_Dumfries_Galloway,"70%, 80%, 90%",quec1387,indo1319,"quec1387 ~ quec1387 , indo1319",19, 8,chac1250,scot1245,no proxy,no proxy,NA,NA,0,0.00000,glottocodeBase,glottocodeBase,chac1250,scot1245,0.10602,0.26934,GBI NOT available,TLI available,TLI only
Huancas,Scottish_Fife,"70%, 80%, 90%",quec1387,indo1319,"quec1387 ~ quec1387 , indo1319",19, 8,chac1250,scot1245,no proxy,no proxy,NA,NA,0,0.00000,glottocodeBase,glottocodeBase,chac1250,scot1245,0.10602,0.26934,GBI NOT available,TLI available,TLI only
Huancas,Scottish_Grampian,"70%, 80%, 90%",quec1387,indo1319,"quec1387 ~ quec1387 , indo1319",19, 8,chac1250,scot1245,no proxy,no proxy,NA,NA,0,0.00000,glottocodeBase,glottocodeBase,chac1250,scot1245,0.10602,0.26934,GBI NOT available,TLI available,TLI only
Huancas,Scottish_Highlands,"70%, 80%, 90%",quec1387,indo1319,"quec1387 ~ quec1387 , indo1319",19, 8,chac1250,scot1245,no proxy,no proxy,NA,NA,0,0.00000,glottocodeBase,glottocodeBase,chac1250,scot1245,0.10602,0.26934,GBI NOT available,TLI available,TLI only
Huancas,Scottish_Shetlandic,"70%, 80%, 90%",quec1387,indo1319,"quec1387 ~ quec1387 , indo1319",19, 8,chac1250,scot1245,no proxy,no proxy,NA,NA,0,0.00000,glottocodeBase,glottocodeBase,chac1250,scot1245,0.10602,0.26934,GBI NOT available,TLI available,TLI only
Huancas,Ukrainian_East,"70%, 80%, 90%",quec1387,indo1319,"quec1387 ~ quec1387 , indo1319",19, 8,chac1250,ukra1253,no proxy,glottocodeBase,NA,ukra1253,0,0.78325,glottocodeBase,glottocodeBase,chac1250,ukra1253,0.10602,0.32665,GBI NOT available,TLI available,TLI only
Huancas,Ukrainian_Rovenskaya,"70%, 80%, 90%",quec1387,indo1319,"quec1387 ~ quec1387 , indo1319",19, 8,chac1250,ukra1253,no proxy,glottocodeBase,NA,ukra1253,0,0.78325,glottocodeBase,glottocodeBase,chac1250,ukra1253,0.10602,0.32665,GBI NOT available,TLI available,TLI only
Huancas,Ukrainian_Sumskaya,"70%, 80%, 90%",quec1387,indo1319,"quec1387 ~ quec1387 , indo1319",19, 8,chac1250,ukra1253,no proxy,glottocodeBase,NA,ukra1253,0,0.78325,glottocodeBase,glottocodeBase,chac1250,ukra1253,0.10602,0.32665,GBI NOT available,TLI available,TLI only
Huancas,Ukrainian_Zhitomirskaya,"70%, 80%, 90%",quec1387,indo1319,"quec1387 ~ quec1387 , indo1319",19, 8,chac1250,ukra1253,no proxy,glottocodeBase,NA,ukra1253,0,0.78325,glottocodeBase,glottocodeBase,chac1250,ukra1253,0.10602,0.32665,GBI NOT available,TLI available,TLI only
Huancas,Veps,"70%, 80%, 90%",quec1387,ural1272,"quec1387 ~ quec1387 , ural1272",19, 8,chac1250,veps1250,no proxy,glottocodeBase,NA,veps1250,0,0.86700,glottocodeBase,glottocodeBase,chac1250,veps1250,0.10602,0.18052,GBI NOT available,TLI available,TLI only
Huancas,Scottish_Borders,"70%, 80%, 90%",quec1387,indo1319,"quec1387 ~ quec1387 , indo1319",19, 7,chac1250,scot1245,no proxy,no proxy,NA,NA,0,0.00000,glottocodeBase,glottocodeBase,chac1250,scot1245,0.10602,0.26934,GBI NOT available,TLI available,TLI only
Huancas,Czech,"70%, 80%, 90%",quec1387,indo1319,"quec1387 ~ quec1387 , indo1319",19, 6,chac1250,czec1258,no proxy,glottocodeBase,NA,czec1258,0,0.86700,glottocodeBase,glottocodeBase,chac1250,czec1258,0.10602,0.32951,GBI NOT available,TLI available,TLI only
Huancas,English_Kent,"70%, 80%, 90%",quec1387,indo1319,"quec1387 ~ quec1387 , indo1319",19, 5,chac1250,stan1293,no proxy,glottocodeBase,NA,stan1293,0,0.85222,glottocodeBase,glottocodeBase,chac1250,stan1293,0.10602,0.82521,GBI NOT available,TLI available,TLI only
Huancas,English_Cornwall,"70%, 80%, 90%",quec1387,indo1319,"quec1387 ~ quec1387 , indo1319",19, 1,chac1250,stan1293,no proxy,glottocodeBase,NA,stan1293,0,0.85222,glottocodeBase,glottocodeBase,chac1250,stan1293,0.10602,0.82521,GBI NOT available,TLI available,TLI only
Huancas,Mordovian,"70%, 80%, 90%",quec1387,ural1272,"quec1387 ~ quec1387 , ural1272",19, 1,chac1250,erzy1239,no proxy,glottocodeBase,NA,erzy1239,0,0.84729,glottocodeBase,glottocodeBase,chac1250,erzy1239,0.10602,0.30659,GBI NOT available,TLI available,TLI only
Huancas,Mordovian_Erzya,"70%, 80%, 90%",quec1387,ural1272,"quec1387 ~ quec1387 , ural1272",19, 1,chac1250,erzy1239,no proxy,glottocodeBase,NA,erzy1239,0,0.84729,glottocodeBase,glottocodeBase,chac1250,erzy1239,0.10602,0.30659,GBI NOT available,TLI available,TLI only
Huancas,Mordovian_Moksha,"70%, 80%, 90%",quec1387,ural1272,"quec1387 ~ quec1387 , ural1272",19, 1,chac1250,moks1248,no proxy,glottocodeBase,NA,moks1248,0,0.88177,glottocodeBase,glottocodeBase,chac1250,moks1248,0.10602,0.19771,GBI NOT available,TLI available,TLI only
Huancas,Russian_Archangelsk_Leshukonsky,"70%, 80%, 90%",quec1387,indo1319,"quec1387 ~ quec1387 , indo1319",19, 1,chac1250,russ1263,no proxy,glottocodeBase,NA,russ1263,0,0.92118,glottocodeBase,glottocodeBase,chac1250,russ1263,0.10602,0.85387,GBI NOT available,TLI available,TLI only
Huancas,Ukrainian_West,"70%, 80%, 90%",quec1387,indo1319,"quec1387 ~ quec1387 , indo1319",19, 1,chac1250,ukra1253,no proxy,glottocodeBase,NA,ukra1253,0,0.78325,glottocodeBase,glottocodeBase,chac1250,ukra1253,0.10602,0.32665,GBI NOT available,TLI available,TLI only
Huancas,Karitiana,"70%, 80%",quec1387,tupi1275,"quec1387 ~ quec1387 , tupi1275",19, 1,chac1250,kari1311,no proxy,glottocodeBase,NA,kari1311,0,0.71921,glottocodeBase,glottocodeBase,chac1250,kari1311,0.10602,0.17765,GBI NOT available,TLI available,TLI only
Huancas,Karitiana_Rondonia,"70%, 80%",quec1387,tupi1275,"quec1387 ~ quec1387 , tupi1275",19, 1,chac1250,kari1311,no proxy,glottocodeBase,NA,kari1311,0,0.71921,glottocodeBase,glottocodeBase,chac1250,kari1311,0.10602,0.17765,GBI NOT available,TLI available,TLI only
Huancas,Surui,"70%, 80%",quec1387,tupi1275,"quec1387 ~ quec1387 , tupi1275",19, 1,chac1250,suru1262,no proxy,glottocodeBase,NA,suru1262,0,0.09360,glottocodeBase,glottocodeBase,chac1250,suru1262,0.10602,0.10888,GBI NOT available,TLI available,TLI only
Ilocano,Nasioi,"70%, 80%, 90%",aust1307,sout2948,"aust1307 ~ aust1307 , sout2948",19, 3,ilok1237,nasi1247,glottocodeBase,glottocodeGBIproxy,ilok1237,naas1242,0.40394,0.28079,glottocodeBase,glottocodeTLIproxy,ilok1237,naas1242,0.17765,0.21777,GBI available,TLI available,both
Ilocano,Vella_Lavella,"70%, 80%, 90%",aust1307,bilu1245,"aust1307 ~ aust1307 , bilu1245",19, 3,ilok1237,bilu1245,glottocodeBase,glottocodeBase,ilok1237,bilu1245,0.40394,0.47291,glottocodeBase,glottocodeBase,ilok1237,bilu1245,0.17765,0.20057,GBI available,TLI available,both
Ilocano,Dai,"70%, 80%, 90%",aust1307,taik1256,"aust1307 ~ aust1307 , taik1256",19, 3,ilok1237,luuu1242,glottocodeBase,no proxy,ilok1237,NA,0.40394,0.00000,glottocodeBase,glottocodeBase,ilok1237,luuu1242,0.17765,0.12894,GBI NOT available,TLI available,TLI only
Ilocano,Hakka_Taiwan,"70%, 80%, 90%",aust1307,sino1245,"aust1307 ~ aust1307 , sino1245",19, 3,ilok1237,yuet1238,glottocodeBase,glottocodeGBIproxy,ilok1237,hakk1236,0.40394,0.55665,glottocodeBase,glottocodeTLIproxy,ilok1237,hakk1236,0.17765,0.16619,GBI available,TLI available,both
Ilocano,Kinh,"70%, 80%, 90%",aust1307,aust1305,"aust1307 ~ aust1307 , aust1305",19, 3,ilok1237,viet1252,glottocodeBase,glottocodeBase,ilok1237,viet1252,0.40394,0.53695,glottocodeBase,glottocodeBase,ilok1237,viet1252,0.17765,0.57880,GBI available,TLI available,both
Ilocano,She,"70%, 80%, 90%",aust1307,hmon1336,"aust1307 ~ aust1307 , hmon1336",19, 3,ilok1237,shee1238,glottocodeBase,glottocodeBase,ilok1237,shee1238,0.40394,0.58128,glottocodeBase,glottocodeBase,ilok1237,shee1238,0.17765,0.04011,GBI available,TLI available,both
Ilocano,Vietnamese_North,"70%, 80%, 90%",aust1307,aust1305,"aust1307 ~ aust1307 , aust1305",19, 3,ilok1237,viet1252,glottocodeBase,glottocodeBase,ilok1237,viet1252,0.40394,0.53695,glottocodeBase,glottocodeBase,ilok1237,viet1252,0.17765,0.57880,GBI available,TLI available,both
Ilocano,Vietnamese_South,"70%, 80%, 90%",aust1307,aust1305,"aust1307 ~ aust1307 , aust1305",19, 3,ilok1237,viet1252,glottocodeBase,glottocodeBase,ilok1237,viet1252,0.40394,0.53695,glottocodeBase,glottocodeBase,ilok1237,viet1252,0.17765,0.57880,GBI available,TLI available,both
Ilocano,Lahu,"70%, 80%, 90%",aust1307,sino1245,"aust1307 ~ aust1307 , sino1245",19, 1,ilok1237,lahu1253,glottocodeBase,glottocodeBase,ilok1237,lahu1253,0.40394,0.67980,glottocodeBase,glottocodeBase,ilok1237,lahu1253,0.17765,0.53582,GBI available,TLI available,both
Inga,Belarusian,"70%, 80%, 90%",quec1387,indo1319,"quec1387 ~ quec1387 , indo1319",19, 9,inga1252,bela1254,glottocodeBase,glottocodeBase,inga1252,bela1254,0.29557,0.87685,glottocodeBase,glottocodeBase,inga1252,bela1254,0.16619,0.14040,GBI available,TLI available,both
Inga,Estonian,"70%, 80%, 90%",quec1387,ural1272,"quec1387 ~ quec1387 , ural1272",19, 9,inga1252,esto1258,glottocodeBase,glottocodeBase,inga1252,esto1258,0.29557,0.86207,glottocodeBase,glottocodeBase,inga1252,esto1258,0.16619,0.46418,GBI available,TLI available,both
Inga,Finnish,"70%, 80%, 90%",quec1387,ural1272,"quec1387 ~ quec1387 , ural1272",19, 9,inga1252,finn1318,glottocodeBase,glottocodeBase,inga1252,finn1318,0.29557,0.87192,glottocodeBase,glottocodeBase,inga1252,finn1318,0.16619,0.84527,GBI available,TLI available,both
Inga,German_Sorb,"70%, 80%, 90%",quec1387,indo1319,"quec1387 ~ quec1387 , indo1319",19, 9,inga1252,sorb1249,glottocodeBase,no proxy,inga1252,NA,0.29557,0.00000,glottocodeBase,glottocodeTLIproxy,inga1252,uppe1395,0.16619,0.28367,GBI NOT available,TLI available,TLI only
Inga,Karelian_Northern,"70%, 80%, 90%",quec1387,ural1272,"quec1387 ~ quec1387 , ural1272",19, 9,inga1252,nort2673,glottocodeBase,glottocodeBase,inga1252,nort2673,0.29557,0.85714,glottocodeBase,glottocodeTLIproxy,inga1252,kare1335,0.16619,0.20917,GBI available,TLI available,both
Inga,Karelian_Southern,"70%, 80%, 90%",quec1387,ural1272,"quec1387 ~ quec1387 , ural1272",19, 9,inga1252,sout2676,glottocodeBase,glottocodeGBIproxy,inga1252,tver1240,0.29557,0.87192,glottocodeBase,glottocodeTLIproxy,inga1252,kare1335,0.16619,0.20917,GBI available,TLI available,both
Inga,Lithuanian,"70%, 80%, 90%",quec1387,indo1319,"quec1387 ~ quec1387 , indo1319",19, 9,inga1252,lith1251,glottocodeBase,glottocodeBase,inga1252,lith1251,0.29557,0.86700,glottocodeBase,glottocodeBase,inga1252,lith1251,0.16619,0.53868,GBI available,TLI available,both
Inga,Polish_Poznan,"70%, 80%, 90%",quec1387,indo1319,"quec1387 ~ quec1387 , indo1319",19, 9,inga1252,poli1260,glottocodeBase,glottocodeBase,inga1252,poli1260,0.29557,0.93596,glottocodeBase,glottocodeBase,inga1252,poli1260,0.16619,0.56447,GBI available,TLI available,both
Inga,Russian,"70%, 80%, 90%",quec1387,indo1319,"quec1387 ~ quec1387 , indo1319",19, 9,inga1252,russ1263,glottocodeBase,glottocodeBase,inga1252,russ1263,0.29557,0.92118,glottocodeBase,glottocodeBase,inga1252,russ1263,0.16619,0.85387,GBI available,TLI available,both
Inga,Russian_Archangelsk_Krasnoborsky,"70%, 80%, 90%",quec1387,indo1319,"quec1387 ~ quec1387 , indo1319",19, 9,inga1252,russ1263,glottocodeBase,glottocodeBase,inga1252,russ1263,0.29557,0.92118,glottocodeBase,glottocodeBase,inga1252,russ1263,0.16619,0.85387,GBI available,TLI available,both
Inga,Russian_Archangelsk_Pinezhsky,"70%, 80%, 90%",quec1387,indo1319,"quec1387 ~ quec1387 , indo1319",19, 9,inga1252,russ1263,glottocodeBase,glottocodeBase,inga1252,russ1263,0.29557,0.92118,glottocodeBase,glottocodeBase,inga1252,russ1263,0.16619,0.85387,GBI available,TLI available,both
Inga,Russian_Kaluga,"70%, 80%, 90%",quec1387,indo1319,"quec1387 ~ quec1387 , indo1319",19, 9,inga1252,russ1263,glottocodeBase,glottocodeBase,inga1252,russ1263,0.29557,0.92118,glottocodeBase,glottocodeBase,inga1252,russ1263,0.16619,0.85387,GBI available,TLI available,both
Inga,Russian_Kursk,"70%, 80%, 90%",quec1387,indo1319,"quec1387 ~ quec1387 , indo1319",19, 9,inga1252,russ1263,glottocodeBase,glottocodeBase,inga1252,russ1263,0.29557,0.92118,glottocodeBase,glottocodeBase,inga1252,russ1263,0.16619,0.85387,GBI available,TLI available,both
Inga,Russian_Oryol,"70%, 80%, 90%",quec1387,indo1319,"quec1387 ~ quec1387 , indo1319",19, 9,inga1252,russ1263,glottocodeBase,glottocodeBase,inga1252,russ1263,0.29557,0.92118,glottocodeBase,glottocodeBase,inga1252,russ1263,0.16619,0.85387,GBI available,TLI available,both
Inga,Russian_Pskov_Ostrov,"70%, 80%, 90%",quec1387,indo1319,"quec1387 ~ quec1387 , indo1319",19, 9,inga1252,russ1263,glottocodeBase,glottocodeBase,inga1252,russ1263,0.29557,0.92118,glottocodeBase,glottocodeBase,inga1252,russ1263,0.16619,0.85387,GBI available,TLI available,both
Inga,Russian_Pskov_Porkhov,"70%, 80%, 90%",quec1387,indo1319,"quec1387 ~ quec1387 , indo1319",19, 9,inga1252,russ1263,glottocodeBase,glottocodeBase,inga1252,russ1263,0.29557,0.92118,glottocodeBase,glottocodeBase,inga1252,russ1263,0.16619,0.85387,GBI available,TLI available,both
Inga,Russian_Ryazan_Spassk_Ryazansky,"70%, 80%, 90%",quec1387,indo1319,"quec1387 ~ quec1387 , indo1319",19, 9,inga1252,russ1263,glottocodeBase,glottocodeBase,inga1252,russ1263,0.29557,0.92118,glottocodeBase,glottocodeBase,inga1252,russ1263,0.16619,0.85387,GBI available,TLI available,both
Inga,Russian_Smolensk,"70%, 80%, 90%",quec1387,indo1319,"quec1387 ~ quec1387 , indo1319",19, 9,inga1252,russ1263,glottocodeBase,glottocodeBase,inga1252,russ1263,0.29557,0.92118,glottocodeBase,glottocodeBase,inga1252,russ1263,0.16619,0.85387,GBI available,TLI available,both
Inga,Russian_Tver,"70%, 80%, 90%",quec1387,indo1319,"quec1387 ~ quec1387 , indo1319",19, 9,inga1252,russ1263,glottocodeBase,glottocodeBase,inga1252,russ1263,0.29557,0.92118,glottocodeBase,glottocodeBase,inga1252,russ1263,0.16619,0.85387,GBI available,TLI available,both
Inga,Russian_Yaroslavl,"70%, 80%, 90%",quec1387,indo1319,"quec1387 ~ quec1387 , indo1319",19, 9,inga1252,russ1263,glottocodeBase,glottocodeBase,inga1252,russ1263,0.29557,0.92118,glottocodeBase,glottocodeBase,inga1252,russ1263,0.16619,0.85387,GBI available,TLI available,both
Inga,Ukrainian_East,"70%, 80%, 90%",quec1387,indo1319,"quec1387 ~ quec1387 , indo1319",19, 9,inga1252,ukra1253,glottocodeBase,glottocodeBase,inga1252,ukra1253,0.29557,0.78325,glottocodeBase,glottocodeBase,inga1252,ukra1253,0.16619,0.32665,GBI available,TLI available,both
Inga,Ukrainian_Rovenskaya,"70%, 80%, 90%",quec1387,indo1319,"quec1387 ~ quec1387 , indo1319",19, 9,inga1252,ukra1253,glottocodeBase,glottocodeBase,inga1252,ukra1253,0.29557,0.78325,glottocodeBase,glottocodeBase,inga1252,ukra1253,0.16619,0.32665,GBI available,TLI available,both
Inga,Veps,"70%, 80%, 90%",quec1387,ural1272,"quec1387 ~ quec1387 , ural1272",19, 9,inga1252,veps1250,glottocodeBase,glottocodeBase,inga1252,veps1250,0.29557,0.86700,glottocodeBase,glottocodeBase,inga1252,veps1250,0.16619,0.18052,GBI available,TLI available,both
Inga,French_West,"70%, 80%, 90%",quec1387,indo1319,"quec1387 ~ quec1387 , indo1319",19, 8,inga1252,stan1290,glottocodeBase,glottocodeBase,inga1252,stan1290,0.29557,0.89655,glottocodeBase,glottocodeBase,inga1252,stan1290,0.16619,0.80802,GBI available,TLI available,both
Inga,German_Lipsian,"70%, 80%, 90%",quec1387,indo1319,"quec1387 ~ quec1387 , indo1319",19, 8,inga1252,stan1295,glottocodeBase,no proxy,inga1252,NA,0.29557,0.00000,glottocodeBase,glottocodeBase,inga1252,stan1295,0.16619,0.79370,GBI NOT available,TLI available,TLI only
Inga,Icelandic,"70%, 80%, 90%",quec1387,indo1319,"quec1387 ~ quec1387 , indo1319",19, 8,inga1252,icel1247,glottocodeBase,glottocodeBase,inga1252,icel1247,0.29557,0.86700,glottocodeBase,glottocodeBase,inga1252,icel1247,0.16619,0.59599,GBI available,TLI available,both
Inga,Irish_Connacht,"70%, 80%, 90%",quec1387,indo1319,"quec1387 ~ quec1387 , indo1319",19, 8,inga1252,conn1243,glottocodeBase,glottocodeGBIproxy,inga1252,iris1253,0.29557,0.92118,glottocodeBase,glottocodeTLIproxy,inga1252,iris1253,0.16619,0.54441,GBI available,TLI available,both
Inga,Irish_Cork_Kerry,"70%, 80%, 90%",quec1387,indo1319,"quec1387 ~ quec1387 , indo1319",19, 8,inga1252,iris1253,glottocodeBase,glottocodeBase,inga1252,iris1253,0.29557,0.92118,glottocodeBase,glottocodeBase,inga1252,iris1253,0.16619,0.54441,GBI available,TLI available,both
Inga,Irish_Leinster,"70%, 80%, 90%",quec1387,indo1319,"quec1387 ~ quec1387 , indo1319",19, 8,inga1252,iris1253,glottocodeBase,glottocodeBase,inga1252,iris1253,0.29557,0.92118,glottocodeBase,glottocodeBase,inga1252,iris1253,0.16619,0.54441,GBI available,TLI available,both
Inga,Irish_Munster,"70%, 80%, 90%",quec1387,indo1319,"quec1387 ~ quec1387 , indo1319",19, 8,inga1252,muns1250,glottocodeBase,glottocodeGBIproxy,inga1252,iris1253,0.29557,0.92118,glottocodeBase,glottocodeTLIproxy,inga1252,iris1253,0.16619,0.54441,GBI available,TLI available,both
Inga,Irish_Ulster,"70%, 80%, 90%",quec1387,indo1319,"quec1387 ~ quec1387 , indo1319",19, 8,inga1252,done1238,glottocodeBase,glottocodeGBIproxy,inga1252,iris1253,0.29557,0.92118,glottocodeBase,glottocodeTLIproxy,inga1252,iris1253,0.16619,0.54441,GBI available,TLI available,both
Inga,Norwegian,"70%, 80%, 90%",quec1387,indo1319,"quec1387 ~ quec1387 , indo1319",19, 8,inga1252,norw1258,glottocodeBase,no proxy,inga1252,NA,0.29557,0.00000,glottocodeBase,glottocodeBase,inga1252,norw1258,0.16619,0.34670,GBI NOT available,TLI available,TLI only
Inga,Orcadian,"70%, 80%, 90%",quec1387,indo1319,"quec1387 ~ quec1387 , indo1319",19, 8,inga1252,scot1243,glottocodeBase,no proxy,inga1252,NA,0.29557,0.00000,glottocodeBase,glottocodeBase,inga1252,scot1243,0.16619,0.10315,GBI NOT available,TLI available,TLI only
Inga,Polish_Lublin,"70%, 80%, 90%",quec1387,indo1319,"quec1387 ~ quec1387 , indo1319",19, 8,inga1252,poli1260,glottocodeBase,glottocodeBase,inga1252,poli1260,0.29557,0.93596,glottocodeBase,glottocodeBase,inga1252,poli1260,0.16619,0.56447,GBI available,TLI available,both
Inga,Russian_Belgorod,"70%, 80%, 90%",quec1387,indo1319,"quec1387 ~ quec1387 , indo1319",19, 8,inga1252,russ1263,glottocodeBase,glottocodeBase,inga1252,russ1263,0.29557,0.92118,glottocodeBase,glottocodeBase,inga1252,russ1263,0.16619,0.85387,GBI available,TLI available,both
Inga,Russian_Ryazan_Mihailovsky,"70%, 80%, 90%",quec1387,indo1319,"quec1387 ~ quec1387 , indo1319",19, 8,inga1252,russ1263,glottocodeBase,glottocodeBase,inga1252,russ1263,0.29557,0.92118,glottocodeBase,glottocodeBase,inga1252,russ1263,0.16619,0.85387,GBI available,TLI available,both
Inga,Scottish,"70%, 80%, 90%",quec1387,indo1319,"quec1387 ~ quec1387 , indo1319",19, 8,inga1252,scot1245,glottocodeBase,no proxy,inga1252,NA,0.29557,0.00000,glottocodeBase,glottocodeBase,inga1252,scot1245,0.16619,0.26934,GBI NOT available,TLI available,TLI only
Inga,Scottish_Dumfries_Galloway,"70%, 80%, 90%",quec1387,indo1319,"quec1387 ~ quec1387 , indo1319",19, 8,inga1252,scot1245,glottocodeBase,no proxy,inga1252,NA,0.29557,0.00000,glottocodeBase,glottocodeBase,inga1252,scot1245,0.16619,0.26934,GBI NOT available,TLI available,TLI only
Inga,Scottish_Fife,"70%, 80%, 90%",quec1387,indo1319,"quec1387 ~ quec1387 , indo1319",19, 8,inga1252,scot1245,glottocodeBase,no proxy,inga1252,NA,0.29557,0.00000,glottocodeBase,glottocodeBase,inga1252,scot1245,0.16619,0.26934,GBI NOT available,TLI available,TLI only
Inga,Scottish_Grampian,"70%, 80%, 90%",quec1387,indo1319,"quec1387 ~ quec1387 , indo1319",19, 8,inga1252,scot1245,glottocodeBase,no proxy,inga1252,NA,0.29557,0.00000,glottocodeBase,glottocodeBase,inga1252,scot1245,0.16619,0.26934,GBI NOT available,TLI available,TLI only
Inga,Scottish_Highlands,"70%, 80%, 90%",quec1387,indo1319,"quec1387 ~ quec1387 , indo1319",19, 8,inga1252,scot1245,glottocodeBase,no proxy,inga1252,NA,0.29557,0.00000,glottocodeBase,glottocodeBase,inga1252,scot1245,0.16619,0.26934,GBI NOT available,TLI available,TLI only
Inga,Scottish_Shetlandic,"70%, 80%, 90%",quec1387,indo1319,"quec1387 ~ quec1387 , indo1319",19, 8,inga1252,scot1245,glottocodeBase,no proxy,inga1252,NA,0.29557,0.00000,glottocodeBase,glottocodeBase,inga1252,scot1245,0.16619,0.26934,GBI NOT available,TLI available,TLI only
Inga,Ukrainian_Sumskaya,"70%, 80%, 90%",quec1387,indo1319,"quec1387 ~ quec1387 , indo1319",19, 8,inga1252,ukra1253,glottocodeBase,glottocodeBase,inga1252,ukra1253,0.29557,0.78325,glottocodeBase,glottocodeBase,inga1252,ukra1253,0.16619,0.32665,GBI available,TLI available,both
Inga,Ukrainian_Zhitomirskaya,"70%, 80%, 90%",quec1387,indo1319,"quec1387 ~ quec1387 , indo1319",19, 8,inga1252,ukra1253,glottocodeBase,glottocodeBase,inga1252,ukra1253,0.29557,0.78325,glottocodeBase,glottocodeBase,inga1252,ukra1253,0.16619,0.32665,GBI available,TLI available,both
Inga,Scottish_Borders,"70%, 80%, 90%",quec1387,indo1319,"quec1387 ~ quec1387 , indo1319",19, 7,inga1252,scot1245,glottocodeBase,no proxy,inga1252,NA,0.29557,0.00000,glottocodeBase,glottocodeBase,inga1252,scot1245,0.16619,0.26934,GBI NOT available,TLI available,TLI only
Inga,Czech,"70%, 80%, 90%",quec1387,indo1319,"quec1387 ~ quec1387 , indo1319",19, 6,inga1252,czec1258,glottocodeBase,glottocodeBase,inga1252,czec1258,0.29557,0.86700,glottocodeBase,glottocodeBase,inga1252,czec1258,0.16619,0.32951,GBI available,TLI available,both
Inga,English_Kent,"70%, 80%, 90%",quec1387,indo1319,"quec1387 ~ quec1387 , indo1319",19, 5,inga1252,stan1293,glottocodeBase,glottocodeBase,inga1252,stan1293,0.29557,0.85222,glottocodeBase,glottocodeBase,inga1252,stan1293,0.16619,0.82521,GBI available,TLI available,both
Inga,English_Cornwall,"70%, 80%, 90%",quec1387,indo1319,"quec1387 ~ quec1387 , indo1319",19, 1,inga1252,stan1293,glottocodeBase,glottocodeBase,inga1252,stan1293,0.29557,0.85222,glottocodeBase,glottocodeBase,inga1252,stan1293,0.16619,0.82521,GBI available,TLI available,both
Inga,Mordovian,"70%, 80%, 90%",quec1387,ural1272,"quec1387 ~ quec1387 , ural1272",19, 1,inga1252,erzy1239,glottocodeBase,glottocodeBase,inga1252,erzy1239,0.29557,0.84729,glottocodeBase,glottocodeBase,inga1252,erzy1239,0.16619,0.30659,GBI available,TLI available,both
Inga,Mordovian_Erzya,"70%, 80%, 90%",quec1387,ural1272,"quec1387 ~ quec1387 , ural1272",19, 1,inga1252,erzy1239,glottocodeBase,glottocodeBase,inga1252,erzy1239,0.29557,0.84729,glottocodeBase,glottocodeBase,inga1252,erzy1239,0.16619,0.30659,GBI available,TLI available,both
Inga,Mordovian_Moksha,"70%, 80%, 90%",quec1387,ural1272,"quec1387 ~ quec1387 , ural1272",19, 1,inga1252,moks1248,glottocodeBase,glottocodeBase,inga1252,moks1248,0.29557,0.88177,glottocodeBase,glottocodeBase,inga1252,moks1248,0.16619,0.19771,GBI available,TLI available,both
Inga,Russian_Archangelsk_Leshukonsky,"70%, 80%, 90%",quec1387,indo1319,"quec1387 ~ quec1387 , indo1319",19, 1,inga1252,russ1263,glottocodeBase,glottocodeBase,inga1252,russ1263,0.29557,0.92118,glottocodeBase,glottocodeBase,inga1252,russ1263,0.16619,0.85387,GBI available,TLI available,both
Inga,Ukrainian_West,"70%, 80%, 90%",quec1387,indo1319,"quec1387 ~ quec1387 , indo1319",19, 1,inga1252,ukra1253,glottocodeBase,glottocodeBase,inga1252,ukra1253,0.29557,0.78325,glottocodeBase,glottocodeBase,inga1252,ukra1253,0.16619,0.32665,GBI available,TLI available,both
Inga,Karitiana,"70%, 80%",quec1387,tupi1275,"quec1387 ~ quec1387 , tupi1275",19, 1,inga1252,kari1311,glottocodeBase,glottocodeBase,inga1252,kari1311,0.29557,0.71921,glottocodeBase,glottocodeBase,inga1252,kari1311,0.16619,0.17765,GBI available,TLI available,both
Inga,Karitiana_Rondonia,"70%, 80%",quec1387,tupi1275,"quec1387 ~ quec1387 , tupi1275",19, 1,inga1252,kari1311,glottocodeBase,glottocodeBase,inga1252,kari1311,0.29557,0.71921,glottocodeBase,glottocodeBase,inga1252,kari1311,0.16619,0.17765,GBI available,TLI available,both
Inga,Surui,"70%, 80%",quec1387,tupi1275,"quec1387 ~ quec1387 , tupi1275",19, 1,inga1252,suru1262,glottocodeBase,glottocodeBase,inga1252,suru1262,0.29557,0.09360,glottocodeBase,glottocodeBase,inga1252,suru1262,0.16619,0.10888,GBI available,TLI available,both
Itelmen,Nganasan,"70%, 80%, 90%",chuk1271,ural1272,"chuk1271 ~ chuk1271 , ural1272",19,17,itel1242,ngan1291,no proxy,glottocodeBase,NA,ngan1291,0,0.83744,glottocodeBase,glottocodeBase,itel1242,ngan1291,0.37249,0.32378,GBI NOT available,TLI available,TLI only
Itelmen,Nganasan_Dudinka,"70%, 80%, 90%",chuk1271,ural1272,"chuk1271 ~ chuk1271 , ural1272",19,17,itel1242,ngan1291,no proxy,glottocodeBase,NA,ngan1291,0,0.83744,glottocodeBase,glottocodeBase,itel1242,ngan1291,0.37249,0.32378,GBI NOT available,TLI available,TLI only
Itelmen,Nganasan_UstAvam,"70%, 80%, 90%",chuk1271,ural1272,"chuk1271 ~ chuk1271 , ural1272",19,17,itel1242,ngan1291,no proxy,glottocodeBase,NA,ngan1291,0,0.83744,glottocodeBase,glottocodeBase,itel1242,ngan1291,0.37249,0.32378,GBI NOT available,TLI available,TLI only
Itelmen,Nganasan_Volochanka,"70%, 80%, 90%",chuk1271,ural1272,"chuk1271 ~ chuk1271 , ural1272",19,17,itel1242,ngan1291,no proxy,glottocodeBase,NA,ngan1291,0,0.83744,glottocodeBase,glottocodeBase,itel1242,ngan1291,0.37249,0.32378,GBI NOT available,TLI available,TLI only
Itelmen,Nivh,"70%, 80%, 90%",chuk1271,nivk1234,"chuk1271 ~ chuk1271 , nivk1234",19, 2,itel1242,gily1242,no proxy,glottocodeBase,NA,gily1242,0,0.83744,glottocodeBase,glottocodeBase,itel1242,gily1242,0.37249,0.72493,GBI NOT available,TLI available,TLI only
Kgalagadi,Hoan,"70%, 80%, 90%",atla1278,kxaa1236,"atla1278 ~ atla1278 , kxaa1236",19,19,kgal1244,hoaa1235,glottocodeBase,glottocodeBase,kgal1244,hoaa1235,0.75862,0.76847,glottocodeBase,glottocodeBase,kgal1244,hoaa1235,0.10888,0.04011,GBI available,TLI available,both
Kgalagadi,Ju_hoan_North,"70%, 80%, 90%",atla1278,kxaa1236,"atla1278 ~ atla1278 , kxaa1236",19,19,kgal1244,juho1239,glottocodeBase,glottocodeBase,kgal1244,juho1239,0.75862,0.22660,glottocodeBase,glottocodeBase,kgal1244,juho1239,0.10888,0.45272,GBI available,TLI available,both
Kgalagadi,Ju_hoan_South,"70%, 80%, 90%",atla1278,kxaa1236,"atla1278 ~ atla1278 , kxaa1236",19,19,kgal1244,juho1239,glottocodeBase,glottocodeBase,kgal1244,juho1239,0.75862,0.22660,glottocodeBase,glottocodeBase,kgal1244,juho1239,0.10888,0.45272,GBI available,TLI available,both
Kgalagadi,Naro,"70%, 80%, 90%",atla1278,khoe1240,"atla1278 ~ atla1278 , khoe1240",19,19,kgal1244,naro1249,glottocodeBase,no proxy,kgal1244,NA,0.75862,0.00000,glottocodeBase,glottocodeBase,kgal1244,naro1249,0.10888,0.04585,GBI NOT available,TLI available,TLI only
Kgalagadi,San,"70%, 80%, 90%",atla1278,kxaa1236,"atla1278 ~ atla1278 , kxaa1236",19,19,kgal1244,juho1239,glottocodeBase,glottocodeBase,kgal1244,juho1239,0.75862,0.22660,glottocodeBase,glottocodeBase,kgal1244,juho1239,0.10888,0.45272,GBI available,TLI available,both
Kgalagadi,Taa_East,"70%, 80%, 90%",atla1278,tuuu1241,"atla1278 ~ atla1278 , tuuu1241",19,19,kgal1244,huaa1248,glottocodeBase,glottocodeBase,kgal1244,huaa1248,0.75862,0.69951,glottocodeBase,glottocodeBase,kgal1244,huaa1248,0.10888,0.19484,GBI available,TLI available,both
Kgalagadi,Taa_North,"70%, 80%, 90%",atla1278,tuuu1241,"atla1278 ~ atla1278 , tuuu1241",19,19,kgal1244,xooo1239,glottocodeBase,glottocodeGBIproxy,kgal1244,huaa1248,0.75862,0.69951,glottocodeBase,glottocodeBase,kgal1244,xooo1239,0.10888,0.01146,GBI available,TLI available,both
Kgalagadi,Taa_West,"70%, 80%, 90%",atla1278,tuuu1241,"atla1278 ~ atla1278 , tuuu1241",19,19,kgal1244,xooo1239,glottocodeBase,glottocodeGBIproxy,kgal1244,huaa1248,0.75862,0.69951,glottocodeBase,glottocodeBase,kgal1244,xooo1239,0.10888,0.01146,GBI available,TLI available,both
Kgalagadi,Xuun,"70%, 80%, 90%",atla1278,kxaa1236,"atla1278 ~ atla1278 , kxaa1236",19,13,kgal1244,kung1261,glottocodeBase,no proxy,kgal1244,NA,0.75862,0.00000,glottocodeBase,glottocodeBase,kgal1244,kung1261,0.10888,0.22350,GBI NOT available,TLI available,TLI only
Khomani,BantuSA_Herero,"70%, 80%",tuuu1241,atla1278,"tuuu1241 ~ tuuu1241 , atla1278",19,19,nuuu1241,here1253,glottocodeBase,glottocodeBase,nuuu1241,here1253,0.58621,0.85222,glottocodeBase,glottocodeBase,nuuu1241,here1253,0.02579,0.12321,GBI available,TLI available,both
Khomani,BantuSA_Ovambo,"70%, 80%",tuuu1241,atla1278,"tuuu1241 ~ tuuu1241 , atla1278",19,19,nuuu1241,ndon1254,glottocodeBase,glottocodeGBIproxy,nuuu1241,mbal1255,0.58621,0.46305,glottocodeBase,glottocodeBase,nuuu1241,ndon1254,0.02579,0.22636,GBI available,TLI available,both
Khomani,Cameroon_Aghem,"70%, 80%",tuuu1241,atla1278,"tuuu1241 ~ tuuu1241 , atla1278",19,19,nuuu1241,aghe1239,glottocodeBase,glottocodeBase,nuuu1241,aghe1239,0.58621,0.74877,glottocodeBase,glottocodeBase,nuuu1241,aghe1239,0.02579,0.15759,GBI available,TLI available,both
Khomani,Cameroon_Bafut,"70%, 80%",tuuu1241,atla1278,"tuuu1241 ~ tuuu1241 , atla1278",19,19,nuuu1241,bafu1246,glottocodeBase,glottocodeBase,nuuu1241,bafu1246,0.58621,0.81281,glottocodeBase,glottocodeBase,nuuu1241,bafu1246,0.02579,0.14040,GBI available,TLI available,both
Khomani,Cameroon_Bakoko,"70%, 80%",tuuu1241,atla1278,"tuuu1241 ~ tuuu1241 , atla1278",19,19,nuuu1241,bako1249,glottocodeBase,no proxy,nuuu1241,NA,0.58621,0.00000,glottocodeBase,glottocodeTLIproxy,nuuu1241,basa1284,0.02579,0.20917,GBI NOT available,TLI available,TLI only
Khomani,Cameroon_Bangwa,"70%, 80%",tuuu1241,atla1278,"tuuu1241 ~ tuuu1241 , atla1278",19,19,nuuu1241,ndan1241,glottocodeBase,glottocodeGBIproxy,nuuu1241,fefe1239,0.58621,0.62562,glottocodeBase,glottocodeTLIproxy,nuuu1241,fefe1239,0.02579,0.12607,GBI available,TLI available,both
Khomani,Cameroon_Mbo,"70%, 80%",tuuu1241,atla1278,"tuuu1241 ~ tuuu1241 , atla1278",19,19,nuuu1241,mboc1235,glottocodeBase,glottocodeBase,nuuu1241,mboc1235,0.58621,0.68966,glottocodeBase,glottocodeBase,nuuu1241,mboc1235,0.02579,0.10888,GBI available,TLI available,both
Khomani,Damara,"70%, 80%",tuuu1241,khoe1240,"tuuu1241 ~ tuuu1241 , khoe1240",19,19,nuuu1241,nama1264,glottocodeBase,glottocodeBase,nuuu1241,nama1264,0.58621,0.42365,glottocodeBase,glottocodeBase,nuuu1241,nama1264,0.02579,0.57880,GBI available,TLI available,both
Khomani,Esan,"70%, 80%",tuuu1241,atla1278,"tuuu1241 ~ tuuu1241 , atla1278",19,19,nuuu1241,esan1238,glottocodeBase,glottocodeBase,nuuu1241,esan1238,0.58621,0.47783,glottocodeBase,no proxy,nuuu1241,NA,0.02579,0.00000,GBI available,TLI NOT available,GBI only
Khomani,Gambian,"70%, 80%",tuuu1241,mand1469,"tuuu1241 ~ tuuu1241 , mand1469",19,19,nuuu1241,mand1436,glottocodeBase,glottocodeBase,nuuu1241,mand1436,0.58621,0.55665,glottocodeBase,glottocodeBase,nuuu1241,mand1436,0.02579,0.24355,GBI available,TLI available,both
Khomani,Himba,"70%, 80%",tuuu1241,atla1278,"tuuu1241 ~ tuuu1241 , atla1278",19,19,nuuu1241,here1253,glottocodeBase,glottocodeBase,nuuu1241,here1253,0.58621,0.85222,glottocodeBase,glottocodeBase,nuuu1241,here1253,0.02579,0.12321,GBI available,TLI available,both
Khomani,Malawi_Chewa,"70%, 80%",tuuu1241,atla1278,"tuuu1241 ~ tuuu1241 , atla1278",19,19,nuuu1241,nyan1308,glottocodeBase,no proxy,nuuu1241,NA,0.58621,0.00000,glottocodeBase,glottocodeBase,nuuu1241,nyan1308,0.02579,0.12034,GBI NOT available,TLI available,TLI only
Khomani,Malawi_Ngoni,"70%, 80%",tuuu1241,atla1278,"tuuu1241 ~ tuuu1241 , atla1278",19,19,nuuu1241,ngon1269,glottocodeBase,glottocodeGBIproxy,nuuu1241,tanz1241,0.58621,0.82759,glottocodeBase,glottocodeBase,nuuu1241,ngon1269,0.02579,0.06877,GBI available,TLI available,both
Khomani,Malawi_Yao,"70%, 80%",tuuu1241,atla1278,"tuuu1241 ~ tuuu1241 , atla1278",19,19,nuuu1241,yaoo1241,glottocodeBase,glottocodeBase,nuuu1241,yaoo1241,0.58621,0.60099,glottocodeBase,glottocodeBase,nuuu1241,yaoo1241,0.02579,0.16332,GBI available,TLI available,both
Khomani,Mandenka,"70%, 80%",tuuu1241,mand1469,"tuuu1241 ~ tuuu1241 , mand1469",19,19,nuuu1241,mand1436,glottocodeBase,glottocodeBase,nuuu1241,mand1436,0.58621,0.55665,glottocodeBase,glottocodeBase,nuuu1241,mand1436,0.02579,0.24355,GBI available,TLI available,both
Khomani,Mbukushu,"70%, 80%",tuuu1241,atla1278,"tuuu1241 ~ tuuu1241 , atla1278",19,19,nuuu1241,mbuk1240,glottocodeBase,no proxy,nuuu1241,NA,0.58621,0.00000,glottocodeBase,glottocodeBase,nuuu1241,mbuk1240,0.02579,0.09456,GBI NOT available,TLI available,TLI only
Khomani,Mende,"70%, 80%",tuuu1241,mand1469,"tuuu1241 ~ tuuu1241 , mand1469",19,19,nuuu1241,mend1266,glottocodeBase,glottocodeBase,nuuu1241,mend1266,0.58621,0.30542,glottocodeBase,glottocodeBase,nuuu1241,mend1266,0.02579,0.24355,GBI available,TLI available,both
Khomani,Wambo,"70%, 80%",tuuu1241,atla1278,"tuuu1241 ~ tuuu1241 , atla1278",19,19,nuuu1241,ndon1254,glottocodeBase,glottocodeGBIproxy,nuuu1241,mbal1255,0.58621,0.46305,glottocodeBase,glottocodeBase,nuuu1241,ndon1254,0.02579,0.22636,GBI available,TLI available,both
Khomani,Yoruba,"70%, 80%",tuuu1241,atla1278,"tuuu1241 ~ tuuu1241 , atla1278",19,19,nuuu1241,yoru1245,glottocodeBase,no proxy,nuuu1241,NA,0.58621,0.00000,glottocodeBase,glottocodeBase,nuuu1241,yoru1245,0.02579,0.63037,GBI NOT available,TLI available,TLI only
Khomani,BantuSA_Zulu,"70%, 80%",tuuu1241,atla1278,"tuuu1241 ~ tuuu1241 , atla1278",19,13,nuuu1241,zulu1248,glottocodeBase,glottocodeBase,nuuu1241,zulu1248,0.58621,0.19704,glottocodeBase,glottocodeBase,nuuu1241,zulu1248,0.02579,0.68768,GBI available,TLI available,both
Khomani,Luhya,"70%, 80%",tuuu1241,atla1278,"tuuu1241 ~ tuuu1241 , atla1278",19,13,nuuu1241,cent2288,glottocodeBase,no proxy,nuuu1241,NA,0.58621,0.00000,glottocodeBase,glottocodeTLIproxy,nuuu1241,tsot1241,0.02579,0.10315,GBI NOT available,TLI available,TLI only
Khomani,Luo,"70%, 80%",tuuu1241,nilo1247,"tuuu1241 ~ tuuu1241 , nilo1247",19,13,nuuu1241,luok1236,glottocodeBase,glottocodeBase,nuuu1241,luok1236,0.58621,0.84729,glottocodeBase,glottocodeBase,nuuu1241,luok1236,0.02579,0.30372,GBI available,TLI available,both
Khwe,Hoan,"70%, 80%, 90%",khoe1240,kxaa1236,"khoe1240 ~ khoe1240 , kxaa1236",19,19,kxoe1243,hoaa1235,glottocodeBase,glottocodeBase,kxoe1243,hoaa1235,0.89163,0.76847,glottocodeTLIproxy,glottocodeBase,anii1246,hoaa1235,0.14613,0.04011,GBI available,TLI available,both
Khwe,Ju_hoan_North,"70%, 80%, 90%",khoe1240,kxaa1236,"khoe1240 ~ khoe1240 , kxaa1236",19,19,kxoe1243,juho1239,glottocodeBase,glottocodeBase,kxoe1243,juho1239,0.89163,0.22660,glottocodeTLIproxy,glottocodeBase,anii1246,juho1239,0.14613,0.45272,GBI available,TLI available,both
Khwe,Ju_hoan_South,"70%, 80%, 90%",khoe1240,kxaa1236,"khoe1240 ~ khoe1240 , kxaa1236",19,19,kxoe1243,juho1239,glottocodeBase,glottocodeBase,kxoe1243,juho1239,0.89163,0.22660,glottocodeTLIproxy,glottocodeBase,anii1246,juho1239,0.14613,0.45272,GBI available,TLI available,both
Khwe,BantuSA_Herero,"70%, 80%, 90%",khoe1240,atla1278,"khoe1240 ~ khoe1240 , atla1278",19,19,kxoe1243,here1253,glottocodeBase,glottocodeBase,kxoe1243,here1253,0.89163,0.85222,glottocodeTLIproxy,glottocodeBase,anii1246,here1253,0.14613,0.12321,GBI available,TLI available,both
Khwe,BantuSA_Ovambo,"70%, 80%, 90%",khoe1240,atla1278,"khoe1240 ~ khoe1240 , atla1278",19,19,kxoe1243,ndon1254,glottocodeBase,glottocodeGBIproxy,kxoe1243,mbal1255,0.89163,0.46305,glottocodeTLIproxy,glottocodeBase,anii1246,ndon1254,0.14613,0.22636,GBI available,TLI available,both
Khwe,Cameroon_Aghem,"70%, 80%, 90%",khoe1240,atla1278,"khoe1240 ~ khoe1240 , atla1278",19,19,kxoe1243,aghe1239,glottocodeBase,glottocodeBase,kxoe1243,aghe1239,0.89163,0.74877,glottocodeTLIproxy,glottocodeBase,anii1246,aghe1239,0.14613,0.15759,GBI available,TLI available,both
Khwe,Cameroon_Bafut,"70%, 80%, 90%",khoe1240,atla1278,"khoe1240 ~ khoe1240 , atla1278",19,19,kxoe1243,bafu1246,glottocodeBase,glottocodeBase,kxoe1243,bafu1246,0.89163,0.81281,glottocodeTLIproxy,glottocodeBase,anii1246,bafu1246,0.14613,0.14040,GBI available,TLI available,both
Khwe,Cameroon_Bakoko,"70%, 80%, 90%",khoe1240,atla1278,"khoe1240 ~ khoe1240 , atla1278",19,19,kxoe1243,bako1249,glottocodeBase,no proxy,kxoe1243,NA,0.89163,0.00000,glottocodeTLIproxy,glottocodeTLIproxy,anii1246,basa1284,0.14613,0.20917,GBI NOT available,TLI available,TLI only
Khwe,Cameroon_Bangwa,"70%, 80%, 90%",khoe1240,atla1278,"khoe1240 ~ khoe1240 , atla1278",19,19,kxoe1243,ndan1241,glottocodeBase,glottocodeGBIproxy,kxoe1243,fefe1239,0.89163,0.62562,glottocodeTLIproxy,glottocodeTLIproxy,anii1246,fefe1239,0.14613,0.12607,GBI available,TLI available,both
Khwe,Cameroon_Mbo,"70%, 80%, 90%",khoe1240,atla1278,"khoe1240 ~ khoe1240 , atla1278",19,19,kxoe1243,mboc1235,glottocodeBase,glottocodeBase,kxoe1243,mboc1235,0.89163,0.68966,glottocodeTLIproxy,glottocodeBase,anii1246,mboc1235,0.14613,0.10888,GBI available,TLI available,both
Khwe,Esan,"70%, 80%, 90%",khoe1240,atla1278,"khoe1240 ~ khoe1240 , atla1278",19,19,kxoe1243,esan1238,glottocodeBase,glottocodeBase,kxoe1243,esan1238,0.89163,0.47783,glottocodeTLIproxy,no proxy,anii1246,NA,0.14613,0.00000,GBI available,TLI NOT available,GBI only
Khwe,Gambian,"70%, 80%, 90%",khoe1240,mand1469,"khoe1240 ~ khoe1240 , mand1469",19,19,kxoe1243,mand1436,glottocodeBase,glottocodeBase,kxoe1243,mand1436,0.89163,0.55665,glottocodeTLIproxy,glottocodeBase,anii1246,mand1436,0.14613,0.24355,GBI available,TLI available,both
Khwe,Himba,"70%, 80%, 90%",khoe1240,atla1278,"khoe1240 ~ khoe1240 , atla1278",19,19,kxoe1243,here1253,glottocodeBase,glottocodeBase,kxoe1243,here1253,0.89163,0.85222,glottocodeTLIproxy,glottocodeBase,anii1246,here1253,0.14613,0.12321,GBI available,TLI available,both
Khwe,Malawi_Chewa,"70%, 80%, 90%",khoe1240,atla1278,"khoe1240 ~ khoe1240 , atla1278",19,19,kxoe1243,nyan1308,glottocodeBase,no proxy,kxoe1243,NA,0.89163,0.00000,glottocodeTLIproxy,glottocodeBase,anii1246,nyan1308,0.14613,0.12034,GBI NOT available,TLI available,TLI only
Khwe,Malawi_Ngoni,"70%, 80%, 90%",khoe1240,atla1278,"khoe1240 ~ khoe1240 , atla1278",19,19,kxoe1243,ngon1269,glottocodeBase,glottocodeGBIproxy,kxoe1243,tanz1241,0.89163,0.82759,glottocodeTLIproxy,glottocodeBase,anii1246,ngon1269,0.14613,0.06877,GBI available,TLI available,both
Khwe,Malawi_Yao,"70%, 80%, 90%",khoe1240,atla1278,"khoe1240 ~ khoe1240 , atla1278",19,19,kxoe1243,yaoo1241,glottocodeBase,glottocodeBase,kxoe1243,yaoo1241,0.89163,0.60099,glottocodeTLIproxy,glottocodeBase,anii1246,yaoo1241,0.14613,0.16332,GBI available,TLI available,both
Khwe,Mandenka,"70%, 80%, 90%",khoe1240,mand1469,"khoe1240 ~ khoe1240 , mand1469",19,19,kxoe1243,mand1436,glottocodeBase,glottocodeBase,kxoe1243,mand1436,0.89163,0.55665,glottocodeTLIproxy,glottocodeBase,anii1246,mand1436,0.14613,0.24355,GBI available,TLI available,both
Khwe,Mbukushu,"70%, 80%, 90%",khoe1240,atla1278,"khoe1240 ~ khoe1240 , atla1278",19,19,kxoe1243,mbuk1240,glottocodeBase,no proxy,kxoe1243,NA,0.89163,0.00000,glottocodeTLIproxy,glottocodeBase,anii1246,mbuk1240,0.14613,0.09456,GBI NOT available,TLI available,TLI only
Khwe,Mende,"70%, 80%, 90%",khoe1240,mand1469,"khoe1240 ~ khoe1240 , mand1469",19,19,kxoe1243,mend1266,glottocodeBase,glottocodeBase,kxoe1243,mend1266,0.89163,0.30542,glottocodeTLIproxy,glottocodeBase,anii1246,mend1266,0.14613,0.24355,GBI available,TLI available,both
Khwe,Wambo,"70%, 80%, 90%",khoe1240,atla1278,"khoe1240 ~ khoe1240 , atla1278",19,19,kxoe1243,ndon1254,glottocodeBase,glottocodeGBIproxy,kxoe1243,mbal1255,0.89163,0.46305,glottocodeTLIproxy,glottocodeBase,anii1246,ndon1254,0.14613,0.22636,GBI available,TLI available,both
Khwe,Yoruba,"70%, 80%, 90%",khoe1240,atla1278,"khoe1240 ~ khoe1240 , atla1278",19,19,kxoe1243,yoru1245,glottocodeBase,no proxy,kxoe1243,NA,0.89163,0.00000,glottocodeTLIproxy,glottocodeBase,anii1246,yoru1245,0.14613,0.63037,GBI NOT available,TLI available,TLI only
Khwe,San,"70%, 80%, 90%",khoe1240,kxaa1236,"khoe1240 ~ khoe1240 , kxaa1236",19,19,kxoe1243,juho1239,glottocodeBase,glottocodeBase,kxoe1243,juho1239,0.89163,0.22660,glottocodeTLIproxy,glottocodeBase,anii1246,juho1239,0.14613,0.45272,GBI available,TLI available,both
Khwe,Taa_East,"70%, 80%, 90%",khoe1240,tuuu1241,"khoe1240 ~ khoe1240 , tuuu1241",19,19,kxoe1243,huaa1248,glottocodeBase,glottocodeBase,kxoe1243,huaa1248,0.89163,0.69951,glottocodeTLIproxy,glottocodeBase,anii1246,huaa1248,0.14613,0.19484,GBI available,TLI available,both
Khwe,Taa_North,"70%, 80%, 90%",khoe1240,tuuu1241,"khoe1240 ~ khoe1240 , tuuu1241",19,19,kxoe1243,xooo1239,glottocodeBase,glottocodeGBIproxy,kxoe1243,huaa1248,0.89163,0.69951,glottocodeTLIproxy,glottocodeBase,anii1246,xooo1239,0.14613,0.01146,GBI available,TLI available,both
Khwe,Taa_West,"70%, 80%, 90%",khoe1240,tuuu1241,"khoe1240 ~ khoe1240 , tuuu1241",19,19,kxoe1243,xooo1239,glottocodeBase,glottocodeGBIproxy,kxoe1243,huaa1248,0.89163,0.69951,glottocodeTLIproxy,glottocodeBase,anii1246,xooo1239,0.14613,0.01146,GBI available,TLI available,both
Khwe,Xuun,"70%, 80%, 90%",khoe1240,kxaa1236,"khoe1240 ~ khoe1240 , kxaa1236",19,13,kxoe1243,kung1261,glottocodeBase,no proxy,kxoe1243,NA,0.89163,0.00000,glottocodeTLIproxy,glottocodeBase,anii1246,kung1261,0.14613,0.22350,GBI NOT available,TLI available,TLI only
Khwe,BantuSA_Zulu,"70%, 80%, 90%",khoe1240,atla1278,"khoe1240 ~ khoe1240 , atla1278",19,13,kxoe1243,zulu1248,glottocodeBase,glottocodeBase,kxoe1243,zulu1248,0.89163,0.19704,glottocodeTLIproxy,glottocodeBase,anii1246,zulu1248,0.14613,0.68768,GBI available,TLI available,both
Khwe,Luhya,"70%, 80%, 90%",khoe1240,atla1278,"khoe1240 ~ khoe1240 , atla1278",19,13,kxoe1243,cent2288,glottocodeBase,no proxy,kxoe1243,NA,0.89163,0.00000,glottocodeTLIproxy,glottocodeTLIproxy,anii1246,tsot1241,0.14613,0.10315,GBI NOT available,TLI available,TLI only
Khwe,Luo,"70%, 80%, 90%",khoe1240,nilo1247,"khoe1240 ~ khoe1240 , nilo1247",19,13,kxoe1243,luok1236,glottocodeBase,glottocodeBase,kxoe1243,luok1236,0.89163,0.84729,glottocodeTLIproxy,glottocodeBase,anii1246,luok1236,0.14613,0.30372,GBI available,TLI available,both
Kolombangara,Nasioi,"70%, 80%, 90%",aust1307,sout2948,"aust1307 ~ aust1307 , sout2948",19,19,duke1237,nasi1247,no proxy,glottocodeGBIproxy,NA,naas1242,0,0.28079,glottocodeBase,glottocodeTLIproxy,duke1237,naas1242,0.00573,0.21777,GBI NOT available,TLI available,TLI only
Kolombangara,Vella_Lavella,"70%, 80%, 90%",aust1307,bilu1245,"aust1307 ~ aust1307 , bilu1245",19, 8,duke1237,bilu1245,no proxy,glottocodeBase,NA,bilu1245,0,0.47291,glottocodeBase,glottocodeBase,duke1237,bilu1245,0.00573,0.20057,GBI NOT available,TLI available,TLI only
Kolombangara,Dai,"70%, 80%, 90%",aust1307,taik1256,"aust1307 ~ aust1307 , taik1256",19, 3,duke1237,luuu1242,no proxy,no proxy,NA,NA,0,0.00000,glottocodeBase,glottocodeBase,duke1237,luuu1242,0.00573,0.12894,GBI NOT available,TLI available,TLI only
Kolombangara,Hakka_Taiwan,"70%, 80%, 90%",aust1307,sino1245,"aust1307 ~ aust1307 , sino1245",19, 3,duke1237,yuet1238,no proxy,glottocodeGBIproxy,NA,hakk1236,0,0.55665,glottocodeBase,glottocodeTLIproxy,duke1237,hakk1236,0.00573,0.16619,GBI NOT available,TLI available,TLI only
Kolombangara,Kinh,"70%, 80%, 90%",aust1307,aust1305,"aust1307 ~ aust1307 , aust1305",19, 3,duke1237,viet1252,no proxy,glottocodeBase,NA,viet1252,0,0.53695,glottocodeBase,glottocodeBase,duke1237,viet1252,0.00573,0.57880,GBI NOT available,TLI available,TLI only
Kolombangara,She,"70%, 80%, 90%",aust1307,hmon1336,"aust1307 ~ aust1307 , hmon1336",19, 3,duke1237,shee1238,no proxy,glottocodeBase,NA,shee1238,0,0.58128,glottocodeBase,glottocodeBase,duke1237,shee1238,0.00573,0.04011,GBI NOT available,TLI available,TLI only
Kolombangara,Vietnamese_North,"70%, 80%, 90%",aust1307,aust1305,"aust1307 ~ aust1307 , aust1305",19, 3,duke1237,viet1252,no proxy,glottocodeBase,NA,viet1252,0,0.53695,glottocodeBase,glottocodeBase,duke1237,viet1252,0.00573,0.57880,GBI NOT available,TLI available,TLI only
Kolombangara,Vietnamese_South,"70%, 80%, 90%",aust1307,aust1305,"aust1307 ~ aust1307 , aust1305",19, 3,duke1237,viet1252,no proxy,glottocodeBase,NA,viet1252,0,0.53695,glottocodeBase,glottocodeBase,duke1237,viet1252,0.00573,0.57880,GBI NOT available,TLI available,TLI only
Kolombangara,Lahu,"70%, 80%, 90%",aust1307,sino1245,"aust1307 ~ aust1307 , sino1245",19, 1,duke1237,lahu1253,no proxy,glottocodeBase,NA,lahu1253,0,0.67980,glottocodeBase,glottocodeBase,duke1237,lahu1253,0.00573,0.53582,GBI NOT available,TLI available,TLI only
Luhya,MbutiPygmy,"70%, 80%",atla1278,cent2225,"atla1278 ~ atla1278 , cent2225",19, 7,cent2288,lese1243,no proxy,glottocodeBase,NA,lese1243,0,0.68473,glottocodeTLIproxy,glottocodeBase,tsot1241,lese1243,0.10315,0.16046,GBI NOT available,TLI available,TLI only
Luhya,Hadza1,"70%, 80%, 90%",atla1278,hadz1240,"atla1278 ~ atla1278 , hadz1240",19, 6,cent2288,hadz1240,no proxy,glottocodeBase,NA,hadz1240,0,0.80788,glottocodeTLIproxy,glottocodeBase,tsot1241,hadz1240,0.10315,0.14327,GBI NOT available,TLI available,TLI only
Luo,Hadza1,"70%, 80%, 90%",nilo1247,hadz1240,"nilo1247 ~ nilo1247 , hadz1240",19, 9,luok1236,hadz1240,glottocodeBase,glottocodeBase,luok1236,hadz1240,0.84729,0.80788,glottocodeBase,glottocodeBase,luok1236,hadz1240,0.30372,0.14327,GBI available,TLI available,both
Luo,MbutiPygmy,"70%, 80%, 90%",nilo1247,cent2225,"nilo1247 ~ nilo1247 , cent2225",19, 4,luok1236,lese1243,glottocodeBase,glottocodeBase,luok1236,lese1243,0.84729,0.68473,glottocodeBase,glottocodeBase,luok1236,lese1243,0.30372,0.16046,GBI available,TLI available,both
Luya,Belarusian,"70%, 80%, 90%",quec1387,indo1319,"quec1387 ~ quec1387 , indo1319",19, 8,chac1250,bela1254,no proxy,glottocodeBase,NA,bela1254,0,0.87685,glottocodeBase,glottocodeBase,chac1250,bela1254,0.10602,0.14040,GBI NOT available,TLI available,TLI only
Luya,Estonian,"70%, 80%, 90%",quec1387,ural1272,"quec1387 ~ quec1387 , ural1272",19, 8,chac1250,esto1258,no proxy,glottocodeBase,NA,esto1258,0,0.86207,glottocodeBase,glottocodeBase,chac1250,esto1258,0.10602,0.46418,GBI NOT available,TLI available,TLI only
Luya,Finnish,"70%, 80%, 90%",quec1387,ural1272,"quec1387 ~ quec1387 , ural1272",19, 8,chac1250,finn1318,no proxy,glottocodeBase,NA,finn1318,0,0.87192,glottocodeBase,glottocodeBase,chac1250,finn1318,0.10602,0.84527,GBI NOT available,TLI available,TLI only
Luya,French_West,"70%, 80%, 90%",quec1387,indo1319,"quec1387 ~ quec1387 , indo1319",19, 8,chac1250,stan1290,no proxy,glottocodeBase,NA,stan1290,0,0.89655,glottocodeBase,glottocodeBase,chac1250,stan1290,0.10602,0.80802,GBI NOT available,TLI available,TLI only
Luya,German_Lipsian,"70%, 80%, 90%",quec1387,indo1319,"quec1387 ~ quec1387 , indo1319",19, 8,chac1250,stan1295,no proxy,no proxy,NA,NA,0,0.00000,glottocodeBase,glottocodeBase,chac1250,stan1295,0.10602,0.79370,GBI NOT available,TLI available,TLI only
Luya,German_Sorb,"70%, 80%, 90%",quec1387,indo1319,"quec1387 ~ quec1387 , indo1319",19, 8,chac1250,sorb1249,no proxy,no proxy,NA,NA,0,0.00000,glottocodeBase,glottocodeTLIproxy,chac1250,uppe1395,0.10602,0.28367,GBI NOT available,TLI available,TLI only
Luya,Icelandic,"70%, 80%, 90%",quec1387,indo1319,"quec1387 ~ quec1387 , indo1319",19, 8,chac1250,icel1247,no proxy,glottocodeBase,NA,icel1247,0,0.86700,glottocodeBase,glottocodeBase,chac1250,icel1247,0.10602,0.59599,GBI NOT available,TLI available,TLI only
Luya,Irish_Connacht,"70%, 80%, 90%",quec1387,indo1319,"quec1387 ~ quec1387 , indo1319",19, 8,chac1250,conn1243,no proxy,glottocodeGBIproxy,NA,iris1253,0,0.92118,glottocodeBase,glottocodeTLIproxy,chac1250,iris1253,0.10602,0.54441,GBI NOT available,TLI available,TLI only
Luya,Irish_Cork_Kerry,"70%, 80%, 90%",quec1387,indo1319,"quec1387 ~ quec1387 , indo1319",19, 8,chac1250,iris1253,no proxy,glottocodeBase,NA,iris1253,0,0.92118,glottocodeBase,glottocodeBase,chac1250,iris1253,0.10602,0.54441,GBI NOT available,TLI available,TLI only
Luya,Irish_Leinster,"70%, 80%, 90%",quec1387,indo1319,"quec1387 ~ quec1387 , indo1319",19, 8,chac1250,iris1253,no proxy,glottocodeBase,NA,iris1253,0,0.92118,glottocodeBase,glottocodeBase,chac1250,iris1253,0.10602,0.54441,GBI NOT available,TLI available,TLI only
Luya,Irish_Munster,"70%, 80%, 90%",quec1387,indo1319,"quec1387 ~ quec1387 , indo1319",19, 8,chac1250,muns1250,no proxy,glottocodeGBIproxy,NA,iris1253,0,0.92118,glottocodeBase,glottocodeTLIproxy,chac1250,iris1253,0.10602,0.54441,GBI NOT available,TLI available,TLI only
Luya,Irish_Ulster,"70%, 80%, 90%",quec1387,indo1319,"quec1387 ~ quec1387 , indo1319",19, 8,chac1250,done1238,no proxy,glottocodeGBIproxy,NA,iris1253,0,0.92118,glottocodeBase,glottocodeTLIproxy,chac1250,iris1253,0.10602,0.54441,GBI NOT available,TLI available,TLI only
Luya,Karelian_Northern,"70%, 80%, 90%",quec1387,ural1272,"quec1387 ~ quec1387 , ural1272",19, 8,chac1250,nort2673,no proxy,glottocodeBase,NA,nort2673,0,0.85714,glottocodeBase,glottocodeTLIproxy,chac1250,kare1335,0.10602,0.20917,GBI NOT available,TLI available,TLI only
Luya,Karelian_Southern,"70%, 80%, 90%",quec1387,ural1272,"quec1387 ~ quec1387 , ural1272",19, 8,chac1250,sout2676,no proxy,glottocodeGBIproxy,NA,tver1240,0,0.87192,glottocodeBase,glottocodeTLIproxy,chac1250,kare1335,0.10602,0.20917,GBI NOT available,TLI available,TLI only
Luya,Lithuanian,"70%, 80%, 90%",quec1387,indo1319,"quec1387 ~ quec1387 , indo1319",19, 8,chac1250,lith1251,no proxy,glottocodeBase,NA,lith1251,0,0.86700,glottocodeBase,glottocodeBase,chac1250,lith1251,0.10602,0.53868,GBI NOT available,TLI available,TLI only
Luya,Norwegian,"70%, 80%, 90%",quec1387,indo1319,"quec1387 ~ quec1387 , indo1319",19, 8,chac1250,norw1258,no proxy,no proxy,NA,NA,0,0.00000,glottocodeBase,glottocodeBase,chac1250,norw1258,0.10602,0.34670,GBI NOT available,TLI available,TLI only
Luya,Orcadian,"70%, 80%, 90%",quec1387,indo1319,"quec1387 ~ quec1387 , indo1319",19, 8,chac1250,scot1243,no proxy,no proxy,NA,NA,0,0.00000,glottocodeBase,glottocodeBase,chac1250,scot1243,0.10602,0.10315,GBI NOT available,TLI available,TLI only
Luya,Polish_Lublin,"70%, 80%, 90%",quec1387,indo1319,"quec1387 ~ quec1387 , indo1319",19, 8,chac1250,poli1260,no proxy,glottocodeBase,NA,poli1260,0,0.93596,glottocodeBase,glottocodeBase,chac1250,poli1260,0.10602,0.56447,GBI NOT available,TLI available,TLI only
Luya,Polish_Poznan,"70%, 80%, 90%",quec1387,indo1319,"quec1387 ~ quec1387 , indo1319",19, 8,chac1250,poli1260,no proxy,glottocodeBase,NA,poli1260,0,0.93596,glottocodeBase,glottocodeBase,chac1250,poli1260,0.10602,0.56447,GBI NOT available,TLI available,TLI only
Luya,Russian,"70%, 80%, 90%",quec1387,indo1319,"quec1387 ~ quec1387 , indo1319",19, 8,chac1250,russ1263,no proxy,glottocodeBase,NA,russ1263,0,0.92118,glottocodeBase,glottocodeBase,chac1250,russ1263,0.10602,0.85387,GBI NOT available,TLI available,TLI only
Luya,Russian_Archangelsk_Krasnoborsky,"70%, 80%, 90%",quec1387,indo1319,"quec1387 ~ quec1387 , indo1319",19, 8,chac1250,russ1263,no proxy,glottocodeBase,NA,russ1263,0,0.92118,glottocodeBase,glottocodeBase,chac1250,russ1263,0.10602,0.85387,GBI NOT available,TLI available,TLI only
Luya,Russian_Archangelsk_Pinezhsky,"70%, 80%, 90%",quec1387,indo1319,"quec1387 ~ quec1387 , indo1319",19, 8,chac1250,russ1263,no proxy,glottocodeBase,NA,russ1263,0,0.92118,glottocodeBase,glottocodeBase,chac1250,russ1263,0.10602,0.85387,GBI NOT available,TLI available,TLI only
Luya,Russian_Belgorod,"70%, 80%, 90%",quec1387,indo1319,"quec1387 ~ quec1387 , indo1319",19, 8,chac1250,russ1263,no proxy,glottocodeBase,NA,russ1263,0,0.92118,glottocodeBase,glottocodeBase,chac1250,russ1263,0.10602,0.85387,GBI NOT available,TLI available,TLI only
Luya,Russian_Kaluga,"70%, 80%, 90%",quec1387,indo1319,"quec1387 ~ quec1387 , indo1319",19, 8,chac1250,russ1263,no proxy,glottocodeBase,NA,russ1263,0,0.92118,glottocodeBase,glottocodeBase,chac1250,russ1263,0.10602,0.85387,GBI NOT available,TLI available,TLI only
Luya,Russian_Kursk,"70%, 80%, 90%",quec1387,indo1319,"quec1387 ~ quec1387 , indo1319",19, 8,chac1250,russ1263,no proxy,glottocodeBase,NA,russ1263,0,0.92118,glottocodeBase,glottocodeBase,chac1250,russ1263,0.10602,0.85387,GBI NOT available,TLI available,TLI only
Luya,Russian_Oryol,"70%, 80%, 90%",quec1387,indo1319,"quec1387 ~ quec1387 , indo1319",19, 8,chac1250,russ1263,no proxy,glottocodeBase,NA,russ1263,0,0.92118,glottocodeBase,glottocodeBase,chac1250,russ1263,0.10602,0.85387,GBI NOT available,TLI available,TLI only
Luya,Russian_Pskov_Ostrov,"70%, 80%, 90%",quec1387,indo1319,"quec1387 ~ quec1387 , indo1319",19, 8,chac1250,russ1263,no proxy,glottocodeBase,NA,russ1263,0,0.92118,glottocodeBase,glottocodeBase,chac1250,russ1263,0.10602,0.85387,GBI NOT available,TLI available,TLI only
Luya,Russian_Pskov_Porkhov,"70%, 80%, 90%",quec1387,indo1319,"quec1387 ~ quec1387 , indo1319",19, 8,chac1250,russ1263,no proxy,glottocodeBase,NA,russ1263,0,0.92118,glottocodeBase,glottocodeBase,chac1250,russ1263,0.10602,0.85387,GBI NOT available,TLI available,TLI only
Luya,Russian_Ryazan_Mihailovsky,"70%, 80%, 90%",quec1387,indo1319,"quec1387 ~ quec1387 , indo1319",19, 8,chac1250,russ1263,no proxy,glottocodeBase,NA,russ1263,0,0.92118,glottocodeBase,glottocodeBase,chac1250,russ1263,0.10602,0.85387,GBI NOT available,TLI available,TLI only
Luya,Russian_Ryazan_Spassk_Ryazansky,"70%, 80%, 90%",quec1387,indo1319,"quec1387 ~ quec1387 , indo1319",19, 8,chac1250,russ1263,no proxy,glottocodeBase,NA,russ1263,0,0.92118,glottocodeBase,glottocodeBase,chac1250,russ1263,0.10602,0.85387,GBI NOT available,TLI available,TLI only
Luya,Russian_Smolensk,"70%, 80%, 90%",quec1387,indo1319,"quec1387 ~ quec1387 , indo1319",19, 8,chac1250,russ1263,no proxy,glottocodeBase,NA,russ1263,0,0.92118,glottocodeBase,glottocodeBase,chac1250,russ1263,0.10602,0.85387,GBI NOT available,TLI available,TLI only
Luya,Russian_Tver,"70%, 80%, 90%",quec1387,indo1319,"quec1387 ~ quec1387 , indo1319",19, 8,chac1250,russ1263,no proxy,glottocodeBase,NA,russ1263,0,0.92118,glottocodeBase,glottocodeBase,chac1250,russ1263,0.10602,0.85387,GBI NOT available,TLI available,TLI only
Luya,Russian_Yaroslavl,"70%, 80%, 90%",quec1387,indo1319,"quec1387 ~ quec1387 , indo1319",19, 8,chac1250,russ1263,no proxy,glottocodeBase,NA,russ1263,0,0.92118,glottocodeBase,glottocodeBase,chac1250,russ1263,0.10602,0.85387,GBI NOT available,TLI available,TLI only
Luya,Scottish,"70%, 80%, 90%",quec1387,indo1319,"quec1387 ~ quec1387 , indo1319",19, 8,chac1250,scot1245,no proxy,no proxy,NA,NA,0,0.00000,glottocodeBase,glottocodeBase,chac1250,scot1245,0.10602,0.26934,GBI NOT available,TLI available,TLI only
Luya,Scottish_Dumfries_Galloway,"70%, 80%, 90%",quec1387,indo1319,"quec1387 ~ quec1387 , indo1319",19, 8,chac1250,scot1245,no proxy,no proxy,NA,NA,0,0.00000,glottocodeBase,glottocodeBase,chac1250,scot1245,0.10602,0.26934,GBI NOT available,TLI available,TLI only
Luya,Scottish_Fife,"70%, 80%, 90%",quec1387,indo1319,"quec1387 ~ quec1387 , indo1319",19, 8,chac1250,scot1245,no proxy,no proxy,NA,NA,0,0.00000,glottocodeBase,glottocodeBase,chac1250,scot1245,0.10602,0.26934,GBI NOT available,TLI available,TLI only
Luya,Scottish_Grampian,"70%, 80%, 90%",quec1387,indo1319,"quec1387 ~ quec1387 , indo1319",19, 8,chac1250,scot1245,no proxy,no proxy,NA,NA,0,0.00000,glottocodeBase,glottocodeBase,chac1250,scot1245,0.10602,0.26934,GBI NOT available,TLI available,TLI only
Luya,Scottish_Highlands,"70%, 80%, 90%",quec1387,indo1319,"quec1387 ~ quec1387 , indo1319",19, 8,chac1250,scot1245,no proxy,no proxy,NA,NA,0,0.00000,glottocodeBase,glottocodeBase,chac1250,scot1245,0.10602,0.26934,GBI NOT available,TLI available,TLI only
Luya,Scottish_Shetlandic,"70%, 80%, 90%",quec1387,indo1319,"quec1387 ~ quec1387 , indo1319",19, 8,chac1250,scot1245,no proxy,no proxy,NA,NA,0,0.00000,glottocodeBase,glottocodeBase,chac1250,scot1245,0.10602,0.26934,GBI NOT available,TLI available,TLI only
Luya,Ukrainian_East,"70%, 80%, 90%",quec1387,indo1319,"quec1387 ~ quec1387 , indo1319",19, 8,chac1250,ukra1253,no proxy,glottocodeBase,NA,ukra1253,0,0.78325,glottocodeBase,glottocodeBase,chac1250,ukra1253,0.10602,0.32665,GBI NOT available,TLI available,TLI only
Luya,Ukrainian_Rovenskaya,"70%, 80%, 90%",quec1387,indo1319,"quec1387 ~ quec1387 , indo1319",19, 8,chac1250,ukra1253,no proxy,glottocodeBase,NA,ukra1253,0,0.78325,glottocodeBase,glottocodeBase,chac1250,ukra1253,0.10602,0.32665,GBI NOT available,TLI available,TLI only
Luya,Ukrainian_Sumskaya,"70%, 80%, 90%",quec1387,indo1319,"quec1387 ~ quec1387 , indo1319",19, 8,chac1250,ukra1253,no proxy,glottocodeBase,NA,ukra1253,0,0.78325,glottocodeBase,glottocodeBase,chac1250,ukra1253,0.10602,0.32665,GBI NOT available,TLI available,TLI only
Luya,Ukrainian_Zhitomirskaya,"70%, 80%, 90%",quec1387,indo1319,"quec1387 ~ quec1387 , indo1319",19, 8,chac1250,ukra1253,no proxy,glottocodeBase,NA,ukra1253,0,0.78325,glottocodeBase,glottocodeBase,chac1250,ukra1253,0.10602,0.32665,GBI NOT available,TLI available,TLI only
Luya,Veps,"70%, 80%, 90%",quec1387,ural1272,"quec1387 ~ quec1387 , ural1272",19, 8,chac1250,veps1250,no proxy,glottocodeBase,NA,veps1250,0,0.86700,glottocodeBase,glottocodeBase,chac1250,veps1250,0.10602,0.18052,GBI NOT available,TLI available,TLI only
Luya,Scottish_Borders,"70%, 80%, 90%",quec1387,indo1319,"quec1387 ~ quec1387 , indo1319",19, 7,chac1250,scot1245,no proxy,no proxy,NA,NA,0,0.00000,glottocodeBase,glottocodeBase,chac1250,scot1245,0.10602,0.26934,GBI NOT available,TLI available,TLI only
Luya,Czech,"70%, 80%, 90%",quec1387,indo1319,"quec1387 ~ quec1387 , indo1319",19, 6,chac1250,czec1258,no proxy,glottocodeBase,NA,czec1258,0,0.86700,glottocodeBase,glottocodeBase,chac1250,czec1258,0.10602,0.32951,GBI NOT available,TLI available,TLI only
Luya,English_Kent,"70%, 80%, 90%",quec1387,indo1319,"quec1387 ~ quec1387 , indo1319",19, 5,chac1250,stan1293,no proxy,glottocodeBase,NA,stan1293,0,0.85222,glottocodeBase,glottocodeBase,chac1250,stan1293,0.10602,0.82521,GBI NOT available,TLI available,TLI only
Luya,English_Cornwall,"70%, 80%, 90%",quec1387,indo1319,"quec1387 ~ quec1387 , indo1319",19, 1,chac1250,stan1293,no proxy,glottocodeBase,NA,stan1293,0,0.85222,glottocodeBase,glottocodeBase,chac1250,stan1293,0.10602,0.82521,GBI NOT available,TLI available,TLI only
Luya,Mordovian,"70%, 80%, 90%",quec1387,ural1272,"quec1387 ~ quec1387 , ural1272",19, 1,chac1250,erzy1239,no proxy,glottocodeBase,NA,erzy1239,0,0.84729,glottocodeBase,glottocodeBase,chac1250,erzy1239,0.10602,0.30659,GBI NOT available,TLI available,TLI only
Luya,Mordovian_Erzya,"70%, 80%, 90%",quec1387,ural1272,"quec1387 ~ quec1387 , ural1272",19, 1,chac1250,erzy1239,no proxy,glottocodeBase,NA,erzy1239,0,0.84729,glottocodeBase,glottocodeBase,chac1250,erzy1239,0.10602,0.30659,GBI NOT available,TLI available,TLI only
Luya,Mordovian_Moksha,"70%, 80%, 90%",quec1387,ural1272,"quec1387 ~ quec1387 , ural1272",19, 1,chac1250,moks1248,no proxy,glottocodeBase,NA,moks1248,0,0.88177,glottocodeBase,glottocodeBase,chac1250,moks1248,0.10602,0.19771,GBI NOT available,TLI available,TLI only
Luya,Russian_Archangelsk_Leshukonsky,"70%, 80%, 90%",quec1387,indo1319,"quec1387 ~ quec1387 , indo1319",19, 1,chac1250,russ1263,no proxy,glottocodeBase,NA,russ1263,0,0.92118,glottocodeBase,glottocodeBase,chac1250,russ1263,0.10602,0.85387,GBI NOT available,TLI available,TLI only
Luya,Ukrainian_West,"70%, 80%, 90%",quec1387,indo1319,"quec1387 ~ quec1387 , indo1319",19, 1,chac1250,ukra1253,no proxy,glottocodeBase,NA,ukra1253,0,0.78325,glottocodeBase,glottocodeBase,chac1250,ukra1253,0.10602,0.32665,GBI NOT available,TLI available,TLI only
Luya,Karitiana,"70%, 80%",quec1387,tupi1275,"quec1387 ~ quec1387 , tupi1275",19, 1,chac1250,kari1311,no proxy,glottocodeBase,NA,kari1311,0,0.71921,glottocodeBase,glottocodeBase,chac1250,kari1311,0.10602,0.17765,GBI NOT available,TLI available,TLI only
Luya,Karitiana_Rondonia,"70%, 80%",quec1387,tupi1275,"quec1387 ~ quec1387 , tupi1275",19, 1,chac1250,kari1311,no proxy,glottocodeBase,NA,kari1311,0,0.71921,glottocodeBase,glottocodeBase,chac1250,kari1311,0.10602,0.17765,GBI NOT available,TLI available,TLI only
Luya,Surui,"70%, 80%",quec1387,tupi1275,"quec1387 ~ quec1387 , tupi1275",19, 1,chac1250,suru1262,no proxy,glottocodeBase,NA,suru1262,0,0.09360,glottocodeBase,glottocodeBase,chac1250,suru1262,0.10602,0.10888,GBI NOT available,TLI available,TLI only
Madak,Nasioi,"70%, 80%",aust1307,sout2948,"aust1307 ~ aust1307 , sout2948",19,19,mada1285,nasi1247,glottocodeBase,glottocodeGBIproxy,mada1285,naas1242,0.75862,0.28079,glottocodeBase,glottocodeTLIproxy,mada1285,naas1242,0.0086,0.21777,GBI available,TLI available,both
Madak,Baining_Malasait,"70%, 80%",aust1307,bain1263,"aust1307 ~ aust1307 , bain1263",19,19,mada1285,bain1263,glottocodeBase,glottocodeGBIproxy,mada1285,qaqe1238,0.75862,0.26108,glottocodeBase,glottocodeTLIproxy,mada1285,qaqe1238,0.0086,0.14327,GBI available,TLI available,both
Madak,Baining_Marabu,"70%, 80%",aust1307,bain1263,"aust1307 ~ aust1307 , bain1263",19,19,mada1285,bain1263,glottocodeBase,glottocodeGBIproxy,mada1285,mali1284,0.75862,0.50739,glottocodeBase,glottocodeTLIproxy,mada1285,mali1284,0.0086,0.08309,GBI available,TLI available,both
Madak,Ata_Bili,"70%, 80%",aust1307,pele1245,"aust1307 ~ aust1307 , pele1245",19, 8,mada1285,pele1245,glottocodeBase,glottocodeBase,mada1285,pele1245,0.75862,0.23645,glottocodeBase,glottocodeBase,mada1285,pele1245,0.0086,0.00287,GBI available,TLI available,both
Madak,Ata_Luge,"70%, 80%",aust1307,pele1245,"aust1307 ~ aust1307 , pele1245",19, 8,mada1285,pele1245,glottocodeBase,glottocodeBase,mada1285,pele1245,0.75862,0.23645,glottocodeBase,glottocodeBase,mada1285,pele1245,0.0086,0.00287,GBI available,TLI available,both
Madak,Ata_Uassilau,"70%, 80%",aust1307,pele1245,"aust1307 ~ aust1307 , pele1245",19, 8,mada1285,pele1245,glottocodeBase,glottocodeBase,mada1285,pele1245,0.75862,0.23645,glottocodeBase,glottocodeBase,mada1285,pele1245,0.0086,0.00287,GBI available,TLI available,both
Madak,Vella_Lavella,"70%, 80%",aust1307,bilu1245,"aust1307 ~ aust1307 , bilu1245",19, 8,mada1285,bilu1245,glottocodeBase,glottocodeBase,mada1285,bilu1245,0.75862,0.47291,glottocodeBase,glottocodeBase,mada1285,bilu1245,0.0086,0.20057,GBI available,TLI available,both
Malay,Mala,70%,aust1307,drav1251,"aust1307 ~ aust1307 , drav1251",19, 5,sing1270,telu1262,glottocodeGBIproxy,glottocodeBase,mala1479,telu1262,0.53202,0.59606,glottocodeTLIproxy,glottocodeBase,mala1479,telu1262,0.00287,0.36103,GBI available,TLI available,both
Malay,Onge,70%,aust1307,jara1244,"aust1307 ~ aust1307 , jara1244",19, 2,sing1270,onge1236,glottocodeGBIproxy,glottocodeBase,mala1479,onge1236,0.53202,0.21675,glottocodeTLIproxy,glottocodeBase,mala1479,onge1236,0.00287,0.18052,GBI available,TLI available,both
Mamanwa1,Nasioi,"70%, 80%",aust1307,sout2948,"aust1307 ~ aust1307 , sout2948",19, 3,mama1275,nasi1247,glottocodeBase,glottocodeGBIproxy,mama1275,naas1242,0.60591,0.28079,glottocodeBase,glottocodeTLIproxy,mama1275,naas1242,0.0659,0.21777,GBI available,TLI available,both
Mamanwa1,Vella_Lavella,"70%, 80%",aust1307,bilu1245,"aust1307 ~ aust1307 , bilu1245",19, 3,mama1275,bilu1245,glottocodeBase,glottocodeBase,mama1275,bilu1245,0.60591,0.47291,glottocodeBase,glottocodeBase,mama1275,bilu1245,0.0659,0.20057,GBI available,TLI available,both
Mamanwa1,Dai,"70%, 80%",aust1307,taik1256,"aust1307 ~ aust1307 , taik1256",19, 3,mama1275,luuu1242,glottocodeBase,no proxy,mama1275,NA,0.60591,0.00000,glottocodeBase,glottocodeBase,mama1275,luuu1242,0.0659,0.12894,GBI NOT available,TLI available,TLI only
Mamanwa1,Hakka_Taiwan,"70%, 80%",aust1307,sino1245,"aust1307 ~ aust1307 , sino1245",19, 3,mama1275,yuet1238,glottocodeBase,glottocodeGBIproxy,mama1275,hakk1236,0.60591,0.55665,glottocodeBase,glottocodeTLIproxy,mama1275,hakk1236,0.0659,0.16619,GBI available,TLI available,both
Mamanwa1,Kinh,"70%, 80%",aust1307,aust1305,"aust1307 ~ aust1307 , aust1305",19, 3,mama1275,viet1252,glottocodeBase,glottocodeBase,mama1275,viet1252,0.60591,0.53695,glottocodeBase,glottocodeBase,mama1275,viet1252,0.0659,0.57880,GBI available,TLI available,both
Mamanwa1,She,"70%, 80%",aust1307,hmon1336,"aust1307 ~ aust1307 , hmon1336",19, 3,mama1275,shee1238,glottocodeBase,glottocodeBase,mama1275,shee1238,0.60591,0.58128,glottocodeBase,glottocodeBase,mama1275,shee1238,0.0659,0.04011,GBI available,TLI available,both
Mamanwa1,Vietnamese_North,"70%, 80%",aust1307,aust1305,"aust1307 ~ aust1307 , aust1305",19, 3,mama1275,viet1252,glottocodeBase,glottocodeBase,mama1275,viet1252,0.60591,0.53695,glottocodeBase,glottocodeBase,mama1275,viet1252,0.0659,0.57880,GBI available,TLI available,both
Mamanwa1,Vietnamese_South,"70%, 80%",aust1307,aust1305,"aust1307 ~ aust1307 , aust1305",19, 3,mama1275,viet1252,glottocodeBase,glottocodeBase,mama1275,viet1252,0.60591,0.53695,glottocodeBase,glottocodeBase,mama1275,viet1252,0.0659,0.57880,GBI available,TLI available,both
Mamanwa1,Lahu,"70%, 80%",aust1307,sino1245,"aust1307 ~ aust1307 , sino1245",19, 1,mama1275,lahu1253,glottocodeBase,glottocodeBase,mama1275,lahu1253,0.60591,0.67980,glottocodeBase,glottocodeBase,mama1275,lahu1253,0.0659,0.53582,GBI available,TLI available,both
Manus,Baining_Malasait,"70%, 80%",aust1307,bain1263,"aust1307 ~ aust1307 , bain1263",19, 2,manu1262,bain1263,glottocodeGBIproxy,glottocodeGBIproxy,loni1238,qaqe1238,0.77833,0.26108,glottocodeTLIproxy,glottocodeTLIproxy,loni1238,qaqe1238,0.24928,0.14327,GBI available,TLI available,both
Manus,Baining_Marabu,"70%, 80%",aust1307,bain1263,"aust1307 ~ aust1307 , bain1263",19, 2,manu1262,bain1263,glottocodeGBIproxy,glottocodeGBIproxy,loni1238,mali1284,0.77833,0.50739,glottocodeTLIproxy,glottocodeTLIproxy,loni1238,mali1284,0.24928,0.08309,GBI available,TLI available,both
Maya,Chipewyan,"70%, 80%",maya1287,atha1245,"maya1287 ~ maya1287 , atha1245",19, 9,yuca1254,chip1261,glottocodeBase,glottocodeBase,yuca1254,chip1261,0.85714,0.80788,glottocodeBase,glottocodeBase,yuca1254,chip1261,0.24928,0.26934,GBI available,TLI available,both
Maya,Belarusian,"70%, 80%",maya1287,indo1319,"maya1287 ~ maya1287 , indo1319",19, 4,yuca1254,bela1254,glottocodeBase,glottocodeBase,yuca1254,bela1254,0.85714,0.87685,glottocodeBase,glottocodeBase,yuca1254,bela1254,0.24928,0.14040,GBI available,TLI available,both
Maya,Estonian,"70%, 80%",maya1287,ural1272,"maya1287 ~ maya1287 , ural1272",19, 4,yuca1254,esto1258,glottocodeBase,glottocodeBase,yuca1254,esto1258,0.85714,0.86207,glottocodeBase,glottocodeBase,yuca1254,esto1258,0.24928,0.46418,GBI available,TLI available,both
Maya,Finnish,"70%, 80%",maya1287,ural1272,"maya1287 ~ maya1287 , ural1272",19, 4,yuca1254,finn1318,glottocodeBase,glottocodeBase,yuca1254,finn1318,0.85714,0.87192,glottocodeBase,glottocodeBase,yuca1254,finn1318,0.24928,0.84527,GBI available,TLI available,both
Maya,French_West,"70%, 80%",maya1287,indo1319,"maya1287 ~ maya1287 , indo1319",19, 4,yuca1254,stan1290,glottocodeBase,glottocodeBase,yuca1254,stan1290,0.85714,0.89655,glottocodeBase,glottocodeBase,yuca1254,stan1290,0.24928,0.80802,GBI available,TLI available,both
Maya,German_Lipsian,"70%, 80%",maya1287,indo1319,"maya1287 ~ maya1287 , indo1319",19, 4,yuca1254,stan1295,glottocodeBase,no proxy,yuca1254,NA,0.85714,0.00000,glottocodeBase,glottocodeBase,yuca1254,stan1295,0.24928,0.79370,GBI NOT available,TLI available,TLI only
Maya,German_Sorb,"70%, 80%",maya1287,indo1319,"maya1287 ~ maya1287 , indo1319",19, 4,yuca1254,sorb1249,glottocodeBase,no proxy,yuca1254,NA,0.85714,0.00000,glottocodeBase,glottocodeTLIproxy,yuca1254,uppe1395,0.24928,0.28367,GBI NOT available,TLI available,TLI only
Maya,Icelandic,"70%, 80%",maya1287,indo1319,"maya1287 ~ maya1287 , indo1319",19, 4,yuca1254,icel1247,glottocodeBase,glottocodeBase,yuca1254,icel1247,0.85714,0.86700,glottocodeBase,glottocodeBase,yuca1254,icel1247,0.24928,0.59599,GBI available,TLI available,both
Maya,Irish_Connacht,"70%, 80%",maya1287,indo1319,"maya1287 ~ maya1287 , indo1319",19, 4,yuca1254,conn1243,glottocodeBase,glottocodeGBIproxy,yuca1254,iris1253,0.85714,0.92118,glottocodeBase,glottocodeTLIproxy,yuca1254,iris1253,0.24928,0.54441,GBI available,TLI available,both
Maya,Irish_Cork_Kerry,"70%, 80%",maya1287,indo1319,"maya1287 ~ maya1287 , indo1319",19, 4,yuca1254,iris1253,glottocodeBase,glottocodeBase,yuca1254,iris1253,0.85714,0.92118,glottocodeBase,glottocodeBase,yuca1254,iris1253,0.24928,0.54441,GBI available,TLI available,both
Maya,Irish_Leinster,"70%, 80%",maya1287,indo1319,"maya1287 ~ maya1287 , indo1319",19, 4,yuca1254,iris1253,glottocodeBase,glottocodeBase,yuca1254,iris1253,0.85714,0.92118,glottocodeBase,glottocodeBase,yuca1254,iris1253,0.24928,0.54441,GBI available,TLI available,both
Maya,Irish_Munster,"70%, 80%",maya1287,indo1319,"maya1287 ~ maya1287 , indo1319",19, 4,yuca1254,muns1250,glottocodeBase,glottocodeGBIproxy,yuca1254,iris1253,0.85714,0.92118,glottocodeBase,glottocodeTLIproxy,yuca1254,iris1253,0.24928,0.54441,GBI available,TLI available,both
Maya,Irish_Ulster,"70%, 80%",maya1287,indo1319,"maya1287 ~ maya1287 , indo1319",19, 4,yuca1254,done1238,glottocodeBase,glottocodeGBIproxy,yuca1254,iris1253,0.85714,0.92118,glottocodeBase,glottocodeTLIproxy,yuca1254,iris1253,0.24928,0.54441,GBI available,TLI available,both
Maya,Karelian_Northern,"70%, 80%",maya1287,ural1272,"maya1287 ~ maya1287 , ural1272",19, 4,yuca1254,nort2673,glottocodeBase,glottocodeBase,yuca1254,nort2673,0.85714,0.85714,glottocodeBase,glottocodeTLIproxy,yuca1254,kare1335,0.24928,0.20917,GBI available,TLI available,both
Maya,Karelian_Southern,"70%, 80%",maya1287,ural1272,"maya1287 ~ maya1287 , ural1272",19, 4,yuca1254,sout2676,glottocodeBase,glottocodeGBIproxy,yuca1254,tver1240,0.85714,0.87192,glottocodeBase,glottocodeTLIproxy,yuca1254,kare1335,0.24928,0.20917,GBI available,TLI available,both
Maya,Lithuanian,"70%, 80%",maya1287,indo1319,"maya1287 ~ maya1287 , indo1319",19, 4,yuca1254,lith1251,glottocodeBase,glottocodeBase,yuca1254,lith1251,0.85714,0.86700,glottocodeBase,glottocodeBase,yuca1254,lith1251,0.24928,0.53868,GBI available,TLI available,both
Maya,Norwegian,"70%, 80%",maya1287,indo1319,"maya1287 ~ maya1287 , indo1319",19, 4,yuca1254,norw1258,glottocodeBase,no proxy,yuca1254,NA,0.85714,0.00000,glottocodeBase,glottocodeBase,yuca1254,norw1258,0.24928,0.34670,GBI NOT available,TLI available,TLI only
Maya,Orcadian,"70%, 80%",maya1287,indo1319,"maya1287 ~ maya1287 , indo1319",19, 4,yuca1254,scot1243,glottocodeBase,no proxy,yuca1254,NA,0.85714,0.00000,glottocodeBase,glottocodeBase,yuca1254,scot1243,0.24928,0.10315,GBI NOT available,TLI available,TLI only
Maya,Polish_Lublin,"70%, 80%",maya1287,indo1319,"maya1287 ~ maya1287 , indo1319",19, 4,yuca1254,poli1260,glottocodeBase,glottocodeBase,yuca1254,poli1260,0.85714,0.93596,glottocodeBase,glottocodeBase,yuca1254,poli1260,0.24928,0.56447,GBI available,TLI available,both
Maya,Polish_Poznan,"70%, 80%",maya1287,indo1319,"maya1287 ~ maya1287 , indo1319",19, 4,yuca1254,poli1260,glottocodeBase,glottocodeBase,yuca1254,poli1260,0.85714,0.93596,glottocodeBase,glottocodeBase,yuca1254,poli1260,0.24928,0.56447,GBI available,TLI available,both
Maya,Russian,"70%, 80%",maya1287,indo1319,"maya1287 ~ maya1287 , indo1319",19, 4,yuca1254,russ1263,glottocodeBase,glottocodeBase,yuca1254,russ1263,0.85714,0.92118,glottocodeBase,glottocodeBase,yuca1254,russ1263,0.24928,0.85387,GBI available,TLI available,both
Maya,Russian_Archangelsk_Krasnoborsky,"70%, 80%",maya1287,indo1319,"maya1287 ~ maya1287 , indo1319",19, 4,yuca1254,russ1263,glottocodeBase,glottocodeBase,yuca1254,russ1263,0.85714,0.92118,glottocodeBase,glottocodeBase,yuca1254,russ1263,0.24928,0.85387,GBI available,TLI available,both
Maya,Russian_Archangelsk_Pinezhsky,"70%, 80%",maya1287,indo1319,"maya1287 ~ maya1287 , indo1319",19, 4,yuca1254,russ1263,glottocodeBase,glottocodeBase,yuca1254,russ1263,0.85714,0.92118,glottocodeBase,glottocodeBase,yuca1254,russ1263,0.24928,0.85387,GBI available,TLI available,both
Maya,Russian_Belgorod,"70%, 80%",maya1287,indo1319,"maya1287 ~ maya1287 , indo1319",19, 4,yuca1254,russ1263,glottocodeBase,glottocodeBase,yuca1254,russ1263,0.85714,0.92118,glottocodeBase,glottocodeBase,yuca1254,russ1263,0.24928,0.85387,GBI available,TLI available,both
Maya,Russian_Kaluga,"70%, 80%",maya1287,indo1319,"maya1287 ~ maya1287 , indo1319",19, 4,yuca1254,russ1263,glottocodeBase,glottocodeBase,yuca1254,russ1263,0.85714,0.92118,glottocodeBase,glottocodeBase,yuca1254,russ1263,0.24928,0.85387,GBI available,TLI available,both
Maya,Russian_Kursk,"70%, 80%",maya1287,indo1319,"maya1287 ~ maya1287 , indo1319",19, 4,yuca1254,russ1263,glottocodeBase,glottocodeBase,yuca1254,russ1263,0.85714,0.92118,glottocodeBase,glottocodeBase,yuca1254,russ1263,0.24928,0.85387,GBI available,TLI available,both
Maya,Russian_Oryol,"70%, 80%",maya1287,indo1319,"maya1287 ~ maya1287 , indo1319",19, 4,yuca1254,russ1263,glottocodeBase,glottocodeBase,yuca1254,russ1263,0.85714,0.92118,glottocodeBase,glottocodeBase,yuca1254,russ1263,0.24928,0.85387,GBI available,TLI available,both
Maya,Russian_Pskov_Ostrov,"70%, 80%",maya1287,indo1319,"maya1287 ~ maya1287 , indo1319",19, 4,yuca1254,russ1263,glottocodeBase,glottocodeBase,yuca1254,russ1263,0.85714,0.92118,glottocodeBase,glottocodeBase,yuca1254,russ1263,0.24928,0.85387,GBI available,TLI available,both
Maya,Russian_Pskov_Porkhov,"70%, 80%",maya1287,indo1319,"maya1287 ~ maya1287 , indo1319",19, 4,yuca1254,russ1263,glottocodeBase,glottocodeBase,yuca1254,russ1263,0.85714,0.92118,glottocodeBase,glottocodeBase,yuca1254,russ1263,0.24928,0.85387,GBI available,TLI available,both
Maya,Russian_Ryazan_Mihailovsky,"70%, 80%",maya1287,indo1319,"maya1287 ~ maya1287 , indo1319",19, 4,yuca1254,russ1263,glottocodeBase,glottocodeBase,yuca1254,russ1263,0.85714,0.92118,glottocodeBase,glottocodeBase,yuca1254,russ1263,0.24928,0.85387,GBI available,TLI available,both
Maya,Russian_Ryazan_Spassk_Ryazansky,"70%, 80%",maya1287,indo1319,"maya1287 ~ maya1287 , indo1319",19, 4,yuca1254,russ1263,glottocodeBase,glottocodeBase,yuca1254,russ1263,0.85714,0.92118,glottocodeBase,glottocodeBase,yuca1254,russ1263,0.24928,0.85387,GBI available,TLI available,both
Maya,Russian_Smolensk,"70%, 80%",maya1287,indo1319,"maya1287 ~ maya1287 , indo1319",19, 4,yuca1254,russ1263,glottocodeBase,glottocodeBase,yuca1254,russ1263,0.85714,0.92118,glottocodeBase,glottocodeBase,yuca1254,russ1263,0.24928,0.85387,GBI available,TLI available,both
Maya,Russian_Tver,"70%, 80%",maya1287,indo1319,"maya1287 ~ maya1287 , indo1319",19, 4,yuca1254,russ1263,glottocodeBase,glottocodeBase,yuca1254,russ1263,0.85714,0.92118,glottocodeBase,glottocodeBase,yuca1254,russ1263,0.24928,0.85387,GBI available,TLI available,both
Maya,Russian_Yaroslavl,"70%, 80%",maya1287,indo1319,"maya1287 ~ maya1287 , indo1319",19, 4,yuca1254,russ1263,glottocodeBase,glottocodeBase,yuca1254,russ1263,0.85714,0.92118,glottocodeBase,glottocodeBase,yuca1254,russ1263,0.24928,0.85387,GBI available,TLI available,both
Maya,Scottish,"70%, 80%",maya1287,indo1319,"maya1287 ~ maya1287 , indo1319",19, 4,yuca1254,scot1245,glottocodeBase,no proxy,yuca1254,NA,0.85714,0.00000,glottocodeBase,glottocodeBase,yuca1254,scot1245,0.24928,0.26934,GBI NOT available,TLI available,TLI only
Maya,Scottish_Borders,"70%, 80%",maya1287,indo1319,"maya1287 ~ maya1287 , indo1319",19, 4,yuca1254,scot1245,glottocodeBase,no proxy,yuca1254,NA,0.85714,0.00000,glottocodeBase,glottocodeBase,yuca1254,scot1245,0.24928,0.26934,GBI NOT available,TLI available,TLI only
Maya,Scottish_Dumfries_Galloway,"70%, 80%",maya1287,indo1319,"maya1287 ~ maya1287 , indo1319",19, 4,yuca1254,scot1245,glottocodeBase,no proxy,yuca1254,NA,0.85714,0.00000,glottocodeBase,glottocodeBase,yuca1254,scot1245,0.24928,0.26934,GBI NOT available,TLI available,TLI only
Maya,Scottish_Fife,"70%, 80%",maya1287,indo1319,"maya1287 ~ maya1287 , indo1319",19, 4,yuca1254,scot1245,glottocodeBase,no proxy,yuca1254,NA,0.85714,0.00000,glottocodeBase,glottocodeBase,yuca1254,scot1245,0.24928,0.26934,GBI NOT available,TLI available,TLI only
Maya,Scottish_Grampian,"70%, 80%",maya1287,indo1319,"maya1287 ~ maya1287 , indo1319",19, 4,yuca1254,scot1245,glottocodeBase,no proxy,yuca1254,NA,0.85714,0.00000,glottocodeBase,glottocodeBase,yuca1254,scot1245,0.24928,0.26934,GBI NOT available,TLI available,TLI only
Maya,Scottish_Highlands,"70%, 80%",maya1287,indo1319,"maya1287 ~ maya1287 , indo1319",19, 4,yuca1254,scot1245,glottocodeBase,no proxy,yuca1254,NA,0.85714,0.00000,glottocodeBase,glottocodeBase,yuca1254,scot1245,0.24928,0.26934,GBI NOT available,TLI available,TLI only
Maya,Scottish_Shetlandic,"70%, 80%",maya1287,indo1319,"maya1287 ~ maya1287 , indo1319",19, 4,yuca1254,scot1245,glottocodeBase,no proxy,yuca1254,NA,0.85714,0.00000,glottocodeBase,glottocodeBase,yuca1254,scot1245,0.24928,0.26934,GBI NOT available,TLI available,TLI only
Maya,Ukrainian_East,"70%, 80%",maya1287,indo1319,"maya1287 ~ maya1287 , indo1319",19, 4,yuca1254,ukra1253,glottocodeBase,glottocodeBase,yuca1254,ukra1253,0.85714,0.78325,glottocodeBase,glottocodeBase,yuca1254,ukra1253,0.24928,0.32665,GBI available,TLI available,both
Maya,Ukrainian_Rovenskaya,"70%, 80%",maya1287,indo1319,"maya1287 ~ maya1287 , indo1319",19, 4,yuca1254,ukra1253,glottocodeBase,glottocodeBase,yuca1254,ukra1253,0.85714,0.78325,glottocodeBase,glottocodeBase,yuca1254,ukra1253,0.24928,0.32665,GBI available,TLI available,both
Maya,Ukrainian_Sumskaya,"70%, 80%",maya1287,indo1319,"maya1287 ~ maya1287 , indo1319",19, 4,yuca1254,ukra1253,glottocodeBase,glottocodeBase,yuca1254,ukra1253,0.85714,0.78325,glottocodeBase,glottocodeBase,yuca1254,ukra1253,0.24928,0.32665,GBI available,TLI available,both
Maya,Ukrainian_Zhitomirskaya,"70%, 80%",maya1287,indo1319,"maya1287 ~ maya1287 , indo1319",19, 4,yuca1254,ukra1253,glottocodeBase,glottocodeBase,yuca1254,ukra1253,0.85714,0.78325,glottocodeBase,glottocodeBase,yuca1254,ukra1253,0.24928,0.32665,GBI available,TLI available,both
Maya,Veps,"70%, 80%",maya1287,ural1272,"maya1287 ~ maya1287 , ural1272",19, 4,yuca1254,veps1250,glottocodeBase,glottocodeBase,yuca1254,veps1250,0.85714,0.86700,glottocodeBase,glottocodeBase,yuca1254,veps1250,0.24928,0.18052,GBI available,TLI available,both
Maya,Czech,"70%, 80%",maya1287,indo1319,"maya1287 ~ maya1287 , indo1319",19, 3,yuca1254,czec1258,glottocodeBase,glottocodeBase,yuca1254,czec1258,0.85714,0.86700,glottocodeBase,glottocodeBase,yuca1254,czec1258,0.24928,0.32951,GBI available,TLI available,both
Maya,English_Kent,"70%, 80%",maya1287,indo1319,"maya1287 ~ maya1287 , indo1319",19, 2,yuca1254,stan1293,glottocodeBase,glottocodeBase,yuca1254,stan1293,0.85714,0.85222,glottocodeBase,glottocodeBase,yuca1254,stan1293,0.24928,0.82521,GBI available,TLI available,both
Maya,English_Cornwall,"70%, 80%",maya1287,indo1319,"maya1287 ~ maya1287 , indo1319",19, 1,yuca1254,stan1293,glottocodeBase,glottocodeBase,yuca1254,stan1293,0.85714,0.85222,glottocodeBase,glottocodeBase,yuca1254,stan1293,0.24928,0.82521,GBI available,TLI available,both
Maya,Mordovian,"70%, 80%",maya1287,ural1272,"maya1287 ~ maya1287 , ural1272",19, 1,yuca1254,erzy1239,glottocodeBase,glottocodeBase,yuca1254,erzy1239,0.85714,0.84729,glottocodeBase,glottocodeBase,yuca1254,erzy1239,0.24928,0.30659,GBI available,TLI available,both
Maya,Mordovian_Erzya,"70%, 80%",maya1287,ural1272,"maya1287 ~ maya1287 , ural1272",19, 1,yuca1254,erzy1239,glottocodeBase,glottocodeBase,yuca1254,erzy1239,0.85714,0.84729,glottocodeBase,glottocodeBase,yuca1254,erzy1239,0.24928,0.30659,GBI available,TLI available,both
Maya,Mordovian_Moksha,"70%, 80%",maya1287,ural1272,"maya1287 ~ maya1287 , ural1272",19, 1,yuca1254,moks1248,glottocodeBase,glottocodeBase,yuca1254,moks1248,0.85714,0.88177,glottocodeBase,glottocodeBase,yuca1254,moks1248,0.24928,0.19771,GBI available,TLI available,both
Maya,Russian_Archangelsk_Leshukonsky,"70%, 80%",maya1287,indo1319,"maya1287 ~ maya1287 , indo1319",19, 1,yuca1254,russ1263,glottocodeBase,glottocodeBase,yuca1254,russ1263,0.85714,0.92118,glottocodeBase,glottocodeBase,yuca1254,russ1263,0.24928,0.85387,GBI available,TLI available,both
Maya,Ukrainian_West,"70%, 80%",maya1287,indo1319,"maya1287 ~ maya1287 , indo1319",19, 1,yuca1254,ukra1253,glottocodeBase,glottocodeBase,yuca1254,ukra1253,0.85714,0.78325,glottocodeBase,glottocodeBase,yuca1254,ukra1253,0.24928,0.32665,GBI available,TLI available,both
Mbukushu,MbutiPygmy,"70%, 80%, 90%",atla1278,cent2225,"atla1278 ~ atla1278 , cent2225",19,13,mbuk1240,lese1243,no proxy,glottocodeBase,NA,lese1243,0,0.68473,glottocodeBase,glottocodeBase,mbuk1240,lese1243,0.09456,0.16046,GBI NOT available,TLI available,TLI only
Mbukushu,Hoan,"70%, 80%, 90%",atla1278,kxaa1236,"atla1278 ~ atla1278 , kxaa1236",19, 6,mbuk1240,hoaa1235,no proxy,glottocodeBase,NA,hoaa1235,0,0.76847,glottocodeBase,glottocodeBase,mbuk1240,hoaa1235,0.09456,0.04011,GBI NOT available,TLI available,TLI only
Mbukushu,Ju_hoan_North,"70%, 80%, 90%",atla1278,kxaa1236,"atla1278 ~ atla1278 , kxaa1236",19, 6,mbuk1240,juho1239,no proxy,glottocodeBase,NA,juho1239,0,0.22660,glottocodeBase,glottocodeBase,mbuk1240,juho1239,0.09456,0.45272,GBI NOT available,TLI available,TLI only
Mbukushu,Ju_hoan_South,"70%, 80%, 90%",atla1278,kxaa1236,"atla1278 ~ atla1278 , kxaa1236",19, 6,mbuk1240,juho1239,no proxy,glottocodeBase,NA,juho1239,0,0.22660,glottocodeBase,glottocodeBase,mbuk1240,juho1239,0.09456,0.45272,GBI NOT available,TLI available,TLI only
Mbukushu,Naro,"70%, 80%, 90%",atla1278,khoe1240,"atla1278 ~ atla1278 , khoe1240",19, 6,mbuk1240,naro1249,no proxy,no proxy,NA,NA,0,0.00000,glottocodeBase,glottocodeBase,mbuk1240,naro1249,0.09456,0.04585,GBI NOT available,TLI available,TLI only
Mbukushu,San,"70%, 80%, 90%",atla1278,kxaa1236,"atla1278 ~ atla1278 , kxaa1236",19, 6,mbuk1240,juho1239,no proxy,glottocodeBase,NA,juho1239,0,0.22660,glottocodeBase,glottocodeBase,mbuk1240,juho1239,0.09456,0.45272,GBI NOT available,TLI available,TLI only
Mbukushu,Taa_East,"70%, 80%, 90%",atla1278,tuuu1241,"atla1278 ~ atla1278 , tuuu1241",19, 6,mbuk1240,huaa1248,no proxy,glottocodeBase,NA,huaa1248,0,0.69951,glottocodeBase,glottocodeBase,mbuk1240,huaa1248,0.09456,0.19484,GBI NOT available,TLI available,TLI only
Mbukushu,Taa_North,"70%, 80%, 90%",atla1278,tuuu1241,"atla1278 ~ atla1278 , tuuu1241",19, 6,mbuk1240,xooo1239,no proxy,glottocodeGBIproxy,NA,huaa1248,0,0.69951,glottocodeBase,glottocodeBase,mbuk1240,xooo1239,0.09456,0.01146,GBI NOT available,TLI available,TLI only
Mbukushu,Taa_West,"70%, 80%, 90%",atla1278,tuuu1241,"atla1278 ~ atla1278 , tuuu1241",19, 6,mbuk1240,xooo1239,no proxy,glottocodeGBIproxy,NA,huaa1248,0,0.69951,glottocodeBase,glottocodeBase,mbuk1240,xooo1239,0.09456,0.01146,GBI NOT available,TLI available,TLI only
Mbukushu,Xuun,"70%, 80%, 90%",atla1278,kxaa1236,"atla1278 ~ atla1278 , kxaa1236",19, 6,mbuk1240,kung1261,no proxy,no proxy,NA,NA,0,0.00000,glottocodeBase,glottocodeBase,mbuk1240,kung1261,0.09456,0.22350,GBI NOT available,TLI available,TLI only
Mengen,Baining_Malasait,70%,aust1307,bain1263,"aust1307 ~ aust1307 , bain1263",19,19,meng1267,bain1263,glottocodeBase,glottocodeGBIproxy,meng1267,qaqe1238,0.37931,0.26108,glottocodeBase,glottocodeTLIproxy,meng1267,qaqe1238,0.00573,0.14327,GBI available,TLI available,both
Mengen,Baining_Marabu,70%,aust1307,bain1263,"aust1307 ~ aust1307 , bain1263",19,19,meng1267,bain1263,glottocodeBase,glottocodeGBIproxy,meng1267,mali1284,0.37931,0.50739,glottocodeBase,glottocodeTLIproxy,meng1267,mali1284,0.00573,0.08309,GBI available,TLI available,both
Mengen,Baining_Malasait,"70%, 80%",aust1307,bain1263,"aust1307 ~ aust1307 , bain1263",19,19,meng1267,bain1263,glottocodeBase,glottocodeGBIproxy,meng1267,qaqe1238,0.37931,0.26108,glottocodeBase,glottocodeTLIproxy,meng1267,qaqe1238,0.00573,0.14327,GBI available,TLI available,both
Mengen,Baining_Marabu,"70%, 80%",aust1307,bain1263,"aust1307 ~ aust1307 , bain1263",19,19,meng1267,bain1263,glottocodeBase,glottocodeGBIproxy,meng1267,mali1284,0.37931,0.50739,glottocodeBase,glottocodeTLIproxy,meng1267,mali1284,0.00573,0.08309,GBI available,TLI available,both
Mengen,Ata_Bili,"70%, 80%",aust1307,pele1245,"aust1307 ~ aust1307 , pele1245",19, 8,meng1267,pele1245,glottocodeBase,glottocodeBase,meng1267,pele1245,0.37931,0.23645,glottocodeBase,glottocodeBase,meng1267,pele1245,0.00573,0.00287,GBI available,TLI available,both
Mengen,Ata_Luge,"70%, 80%",aust1307,pele1245,"aust1307 ~ aust1307 , pele1245",19, 8,meng1267,pele1245,glottocodeBase,glottocodeBase,meng1267,pele1245,0.37931,0.23645,glottocodeBase,glottocodeBase,meng1267,pele1245,0.00573,0.00287,GBI available,TLI available,both
Mengen,Ata_Uassilau,"70%, 80%",aust1307,pele1245,"aust1307 ~ aust1307 , pele1245",19, 8,meng1267,pele1245,glottocodeBase,glottocodeBase,meng1267,pele1245,0.37931,0.23645,glottocodeBase,glottocodeBase,meng1267,pele1245,0.00573,0.00287,GBI available,TLI available,both
Mengen,Nasioi,"70%, 80%",aust1307,sout2948,"aust1307 ~ aust1307 , sout2948",19, 3,meng1267,nasi1247,glottocodeBase,glottocodeGBIproxy,meng1267,naas1242,0.37931,0.28079,glottocodeBase,glottocodeTLIproxy,meng1267,naas1242,0.00573,0.21777,GBI available,TLI available,both
Mengen,Vella_Lavella,"70%, 80%",aust1307,bilu1245,"aust1307 ~ aust1307 , bilu1245",19, 3,meng1267,bilu1245,glottocodeBase,glottocodeBase,meng1267,bilu1245,0.37931,0.47291,glottocodeBase,glottocodeBase,meng1267,bilu1245,0.00573,0.20057,GBI available,TLI available,both
Nakanai_Loso,Baining_Malasait,"70%, 80%, 90%",aust1307,bain1263,"aust1307 ~ aust1307 , bain1263",19, 9,losa1236,bain1263,glottocodeGBIproxy,glottocodeGBIproxy,naka1262,qaqe1238,0.66995,0.26108,glottocodeTLIproxy,glottocodeTLIproxy,naka1262,qaqe1238,0.12321,0.14327,GBI available,TLI available,both
Nakanai_Loso,Baining_Marabu,"70%, 80%, 90%",aust1307,bain1263,"aust1307 ~ aust1307 , bain1263",19, 9,losa1236,bain1263,glottocodeGBIproxy,glottocodeGBIproxy,naka1262,mali1284,0.66995,0.50739,glottocodeTLIproxy,glottocodeTLIproxy,naka1262,mali1284,0.12321,0.08309,GBI available,TLI available,both
Nakanai_Loso,Ata_Bili,"70%, 80%, 90%",aust1307,pele1245,"aust1307 ~ aust1307 , pele1245",19,17,losa1236,pele1245,glottocodeGBIproxy,glottocodeBase,naka1262,pele1245,0.66995,0.23645,glottocodeTLIproxy,glottocodeBase,naka1262,pele1245,0.12321,0.00287,GBI available,TLI available,both
Nakanai_Loso,Ata_Uassilau,"70%, 80%, 90%",aust1307,pele1245,"aust1307 ~ aust1307 , pele1245",19,17,losa1236,pele1245,glottocodeGBIproxy,glottocodeBase,naka1262,pele1245,0.66995,0.23645,glottocodeTLIproxy,glottocodeBase,naka1262,pele1245,0.12321,0.00287,GBI available,TLI available,both
Nakanai_Loso,Baining_Malasait,"70%, 80%, 90%",aust1307,bain1263,"aust1307 ~ aust1307 , bain1263",19,10,losa1236,bain1263,glottocodeGBIproxy,glottocodeGBIproxy,naka1262,qaqe1238,0.66995,0.26108,glottocodeTLIproxy,glottocodeTLIproxy,naka1262,qaqe1238,0.12321,0.14327,GBI available,TLI available,both
Nakanai_Loso,Baining_Marabu,"70%, 80%, 90%",aust1307,bain1263,"aust1307 ~ aust1307 , bain1263",19,10,losa1236,bain1263,glottocodeGBIproxy,glottocodeGBIproxy,naka1262,mali1284,0.66995,0.50739,glottocodeTLIproxy,glottocodeTLIproxy,naka1262,mali1284,0.12321,0.08309,GBI available,TLI available,both
Nakanai_Loso,Ata_Luge,"70%, 80%, 90%",aust1307,pele1245,"aust1307 ~ aust1307 , pele1245",19, 8,losa1236,pele1245,glottocodeGBIproxy,glottocodeBase,naka1262,pele1245,0.66995,0.23645,glottocodeTLIproxy,glottocodeBase,naka1262,pele1245,0.12321,0.00287,GBI available,TLI available,both
Nakanai_Loso,Dai,"70%, 80%, 90%",aust1307,taik1256,"aust1307 ~ aust1307 , taik1256",19, 1,losa1236,luuu1242,glottocodeGBIproxy,no proxy,naka1262,NA,0.66995,0.00000,glottocodeTLIproxy,glottocodeBase,naka1262,luuu1242,0.12321,0.12894,GBI NOT available,TLI available,TLI only
Nakanai_Loso,Hakka_Taiwan,"70%, 80%, 90%",aust1307,sino1245,"aust1307 ~ aust1307 , sino1245",19, 1,losa1236,yuet1238,glottocodeGBIproxy,glottocodeGBIproxy,naka1262,hakk1236,0.66995,0.55665,glottocodeTLIproxy,glottocodeTLIproxy,naka1262,hakk1236,0.12321,0.16619,GBI available,TLI available,both
Nakanai_Loso,Kinh,"70%, 80%, 90%",aust1307,aust1305,"aust1307 ~ aust1307 , aust1305",19, 1,losa1236,viet1252,glottocodeGBIproxy,glottocodeBase,naka1262,viet1252,0.66995,0.53695,glottocodeTLIproxy,glottocodeBase,naka1262,viet1252,0.12321,0.57880,GBI available,TLI available,both
Nakanai_Loso,She,"70%, 80%, 90%",aust1307,hmon1336,"aust1307 ~ aust1307 , hmon1336",19, 1,losa1236,shee1238,glottocodeGBIproxy,glottocodeBase,naka1262,shee1238,0.66995,0.58128,glottocodeTLIproxy,glottocodeBase,naka1262,shee1238,0.12321,0.04011,GBI available,TLI available,both
Nakanai_Loso,Vietnamese_North,"70%, 80%, 90%",aust1307,aust1305,"aust1307 ~ aust1307 , aust1305",19, 1,losa1236,viet1252,glottocodeGBIproxy,glottocodeBase,naka1262,viet1252,0.66995,0.53695,glottocodeTLIproxy,glottocodeBase,naka1262,viet1252,0.12321,0.57880,GBI available,TLI available,both
Nakanai_Loso,Vietnamese_South,"70%, 80%, 90%",aust1307,aust1305,"aust1307 ~ aust1307 , aust1305",19, 1,losa1236,viet1252,glottocodeGBIproxy,glottocodeBase,naka1262,viet1252,0.66995,0.53695,glottocodeTLIproxy,glottocodeBase,naka1262,viet1252,0.12321,0.57880,GBI available,TLI available,both
Nama,BantuSA_Herero,"70%, 80%",khoe1240,atla1278,"khoe1240 ~ khoe1240 , atla1278",19,13,nama1264,here1253,glottocodeBase,glottocodeBase,nama1264,here1253,0.42365,0.85222,glottocodeBase,glottocodeBase,nama1264,here1253,0.5788,0.12321,GBI available,TLI available,both
Nama,BantuSA_Ovambo,"70%, 80%",khoe1240,atla1278,"khoe1240 ~ khoe1240 , atla1278",19,13,nama1264,ndon1254,glottocodeBase,glottocodeGBIproxy,nama1264,mbal1255,0.42365,0.46305,glottocodeBase,glottocodeBase,nama1264,ndon1254,0.5788,0.22636,GBI available,TLI available,both
Nama,BantuSA_Zulu,"70%, 80%",khoe1240,atla1278,"khoe1240 ~ khoe1240 , atla1278",19,13,nama1264,zulu1248,glottocodeBase,glottocodeBase,nama1264,zulu1248,0.42365,0.19704,glottocodeBase,glottocodeBase,nama1264,zulu1248,0.5788,0.68768,GBI available,TLI available,both
Nama,Cameroon_Aghem,"70%, 80%",khoe1240,atla1278,"khoe1240 ~ khoe1240 , atla1278",19,13,nama1264,aghe1239,glottocodeBase,glottocodeBase,nama1264,aghe1239,0.42365,0.74877,glottocodeBase,glottocodeBase,nama1264,aghe1239,0.5788,0.15759,GBI available,TLI available,both
Nama,Cameroon_Bafut,"70%, 80%",khoe1240,atla1278,"khoe1240 ~ khoe1240 , atla1278",19,13,nama1264,bafu1246,glottocodeBase,glottocodeBase,nama1264,bafu1246,0.42365,0.81281,glottocodeBase,glottocodeBase,nama1264,bafu1246,0.5788,0.14040,GBI available,TLI available,both
Nama,Cameroon_Bakoko,"70%, 80%",khoe1240,atla1278,"khoe1240 ~ khoe1240 , atla1278",19,13,nama1264,bako1249,glottocodeBase,no proxy,nama1264,NA,0.42365,0.00000,glottocodeBase,glottocodeTLIproxy,nama1264,basa1284,0.5788,0.20917,GBI NOT available,TLI available,TLI only
Nama,Cameroon_Bangwa,"70%, 80%",khoe1240,atla1278,"khoe1240 ~ khoe1240 , atla1278",19,13,nama1264,ndan1241,glottocodeBase,glottocodeGBIproxy,nama1264,fefe1239,0.42365,0.62562,glottocodeBase,glottocodeTLIproxy,nama1264,fefe1239,0.5788,0.12607,GBI available,TLI available,both
Nama,Cameroon_Mbo,"70%, 80%",khoe1240,atla1278,"khoe1240 ~ khoe1240 , atla1278",19,13,nama1264,mboc1235,glottocodeBase,glottocodeBase,nama1264,mboc1235,0.42365,0.68966,glottocodeBase,glottocodeBase,nama1264,mboc1235,0.5788,0.10888,GBI available,TLI available,both
Nama,Hoan,"70%, 80%",khoe1240,kxaa1236,"khoe1240 ~ khoe1240 , kxaa1236",19,19,nama1264,hoaa1235,glottocodeBase,glottocodeBase,nama1264,hoaa1235,0.42365,0.76847,glottocodeBase,glottocodeBase,nama1264,hoaa1235,0.5788,0.04011,GBI available,TLI available,both
Nama,Ju_hoan_North,"70%, 80%",khoe1240,kxaa1236,"khoe1240 ~ khoe1240 , kxaa1236",19,19,nama1264,juho1239,glottocodeBase,glottocodeBase,nama1264,juho1239,0.42365,0.22660,glottocodeBase,glottocodeBase,nama1264,juho1239,0.5788,0.45272,GBI available,TLI available,both
Nama,Ju_hoan_South,"70%, 80%",khoe1240,kxaa1236,"khoe1240 ~ khoe1240 , kxaa1236",19,19,nama1264,juho1239,glottocodeBase,glottocodeBase,nama1264,juho1239,0.42365,0.22660,glottocodeBase,glottocodeBase,nama1264,juho1239,0.5788,0.45272,GBI available,TLI available,both
Nama,San,"70%, 80%",khoe1240,kxaa1236,"khoe1240 ~ khoe1240 , kxaa1236",19,19,nama1264,juho1239,glottocodeBase,glottocodeBase,nama1264,juho1239,0.42365,0.22660,glottocodeBase,glottocodeBase,nama1264,juho1239,0.5788,0.45272,GBI available,TLI available,both
Nama,Taa_East,"70%, 80%",khoe1240,tuuu1241,"khoe1240 ~ khoe1240 , tuuu1241",19,19,nama1264,huaa1248,glottocodeBase,glottocodeBase,nama1264,huaa1248,0.42365,0.69951,glottocodeBase,glottocodeBase,nama1264,huaa1248,0.5788,0.19484,GBI available,TLI available,both
Nama,Taa_North,"70%, 80%",khoe1240,tuuu1241,"khoe1240 ~ khoe1240 , tuuu1241",19,19,nama1264,xooo1239,glottocodeBase,glottocodeGBIproxy,nama1264,huaa1248,0.42365,0.69951,glottocodeBase,glottocodeBase,nama1264,xooo1239,0.5788,0.01146,GBI available,TLI available,both
Nama,Taa_West,"70%, 80%",khoe1240,tuuu1241,"khoe1240 ~ khoe1240 , tuuu1241",19,19,nama1264,xooo1239,glottocodeBase,glottocodeGBIproxy,nama1264,huaa1248,0.42365,0.69951,glottocodeBase,glottocodeBase,nama1264,xooo1239,0.5788,0.01146,GBI available,TLI available,both
Nama,Esan,"70%, 80%",khoe1240,atla1278,"khoe1240 ~ khoe1240 , atla1278",19,13,nama1264,esan1238,glottocodeBase,glottocodeBase,nama1264,esan1238,0.42365,0.47783,glottocodeBase,no proxy,nama1264,NA,0.5788,0.00000,GBI available,TLI NOT available,GBI only
Nama,Gambian,"70%, 80%",khoe1240,mand1469,"khoe1240 ~ khoe1240 , mand1469",19,13,nama1264,mand1436,glottocodeBase,glottocodeBase,nama1264,mand1436,0.42365,0.55665,glottocodeBase,glottocodeBase,nama1264,mand1436,0.5788,0.24355,GBI available,TLI available,both
Nama,Himba,"70%, 80%",khoe1240,atla1278,"khoe1240 ~ khoe1240 , atla1278",19,13,nama1264,here1253,glottocodeBase,glottocodeBase,nama1264,here1253,0.42365,0.85222,glottocodeBase,glottocodeBase,nama1264,here1253,0.5788,0.12321,GBI available,TLI available,both
Nama,Luhya,"70%, 80%",khoe1240,atla1278,"khoe1240 ~ khoe1240 , atla1278",19,13,nama1264,cent2288,glottocodeBase,no proxy,nama1264,NA,0.42365,0.00000,glottocodeBase,glottocodeTLIproxy,nama1264,tsot1241,0.5788,0.10315,GBI NOT available,TLI available,TLI only
Nama,Luo,"70%, 80%",khoe1240,nilo1247,"khoe1240 ~ khoe1240 , nilo1247",19,13,nama1264,luok1236,glottocodeBase,glottocodeBase,nama1264,luok1236,0.42365,0.84729,glottocodeBase,glottocodeBase,nama1264,luok1236,0.5788,0.30372,GBI available,TLI available,both
Nama,Malawi_Chewa,"70%, 80%",khoe1240,atla1278,"khoe1240 ~ khoe1240 , atla1278",19,13,nama1264,nyan1308,glottocodeBase,no proxy,nama1264,NA,0.42365,0.00000,glottocodeBase,glottocodeBase,nama1264,nyan1308,0.5788,0.12034,GBI NOT available,TLI available,TLI only
Nama,Malawi_Ngoni,"70%, 80%",khoe1240,atla1278,"khoe1240 ~ khoe1240 , atla1278",19,13,nama1264,ngon1269,glottocodeBase,glottocodeGBIproxy,nama1264,tanz1241,0.42365,0.82759,glottocodeBase,glottocodeBase,nama1264,ngon1269,0.5788,0.06877,GBI available,TLI available,both
Nama,Malawi_Yao,"70%, 80%",khoe1240,atla1278,"khoe1240 ~ khoe1240 , atla1278",19,13,nama1264,yaoo1241,glottocodeBase,glottocodeBase,nama1264,yaoo1241,0.42365,0.60099,glottocodeBase,glottocodeBase,nama1264,yaoo1241,0.5788,0.16332,GBI available,TLI available,both
Nama,Mandenka,"70%, 80%",khoe1240,mand1469,"khoe1240 ~ khoe1240 , mand1469",19,13,nama1264,mand1436,glottocodeBase,glottocodeBase,nama1264,mand1436,0.42365,0.55665,glottocodeBase,glottocodeBase,nama1264,mand1436,0.5788,0.24355,GBI available,TLI available,both
Nama,Mbukushu,"70%, 80%",khoe1240,atla1278,"khoe1240 ~ khoe1240 , atla1278",19,13,nama1264,mbuk1240,glottocodeBase,no proxy,nama1264,NA,0.42365,0.00000,glottocodeBase,glottocodeBase,nama1264,mbuk1240,0.5788,0.09456,GBI NOT available,TLI available,TLI only
Nama,Mende,"70%, 80%",khoe1240,mand1469,"khoe1240 ~ khoe1240 , mand1469",19,13,nama1264,mend1266,glottocodeBase,glottocodeBase,nama1264,mend1266,0.42365,0.30542,glottocodeBase,glottocodeBase,nama1264,mend1266,0.5788,0.24355,GBI available,TLI available,both
Nama,Wambo,"70%, 80%",khoe1240,atla1278,"khoe1240 ~ khoe1240 , atla1278",19,13,nama1264,ndon1254,glottocodeBase,glottocodeGBIproxy,nama1264,mbal1255,0.42365,0.46305,glottocodeBase,glottocodeBase,nama1264,ndon1254,0.5788,0.22636,GBI available,TLI available,both
Nama,Yoruba,"70%, 80%",khoe1240,atla1278,"khoe1240 ~ khoe1240 , atla1278",19,13,nama1264,yoru1245,glottocodeBase,no proxy,nama1264,NA,0.42365,0.00000,glottocodeBase,glottocodeBase,nama1264,yoru1245,0.5788,0.63037,GBI NOT available,TLI available,TLI only
Nama,Xuun,"70%, 80%",khoe1240,kxaa1236,"khoe1240 ~ khoe1240 , kxaa1236",19,13,nama1264,kung1261,glottocodeBase,no proxy,nama1264,NA,0.42365,0.00000,glottocodeBase,glottocodeBase,nama1264,kung1261,0.5788,0.22350,GBI NOT available,TLI available,TLI only
Nggela,Nasioi,70%,aust1307,sout2948,"aust1307 ~ aust1307 , sout2948",19,19,gela1263,nasi1247,glottocodeBase,glottocodeGBIproxy,gela1263,naas1242,0.73399,0.28079,glottocodeBase,glottocodeTLIproxy,gela1263,naas1242,0.08309,0.21777,GBI available,TLI available,both
Nggela,Nasioi,"70%, 80%",aust1307,sout2948,"aust1307 ~ aust1307 , sout2948",19,19,gela1263,nasi1247,glottocodeBase,glottocodeGBIproxy,gela1263,naas1242,0.73399,0.28079,glottocodeBase,glottocodeTLIproxy,gela1263,naas1242,0.08309,0.21777,GBI available,TLI available,both
Nggela,Vella_Lavella,"70%, 80%",aust1307,bilu1245,"aust1307 ~ aust1307 , bilu1245",19, 8,gela1263,bilu1245,glottocodeBase,glottocodeBase,gela1263,bilu1245,0.73399,0.47291,glottocodeBase,glottocodeBase,gela1263,bilu1245,0.08309,0.20057,GBI available,TLI available,both
Nggela,Baining_Malasait,"70%, 80%",aust1307,bain1263,"aust1307 ~ aust1307 , bain1263",19, 2,gela1263,bain1263,glottocodeBase,glottocodeGBIproxy,gela1263,qaqe1238,0.73399,0.26108,glottocodeBase,glottocodeTLIproxy,gela1263,qaqe1238,0.08309,0.14327,GBI available,TLI available,both
Nggela,Baining_Marabu,"70%, 80%",aust1307,bain1263,"aust1307 ~ aust1307 , bain1263",19, 2,gela1263,bain1263,glottocodeBase,glottocodeGBIproxy,gela1263,mali1284,0.73399,0.50739,glottocodeBase,glottocodeTLIproxy,gela1263,mali1284,0.08309,0.08309,GBI available,TLI available,both
Nggela,Vella_Lavella,70%,aust1307,bilu1245,"aust1307 ~ aust1307 , bilu1245",19, 8,gela1263,bilu1245,glottocodeBase,glottocodeBase,gela1263,bilu1245,0.73399,0.47291,glottocodeBase,glottocodeBase,gela1263,bilu1245,0.08309,0.20057,GBI available,TLI available,both
Nggela,Dai,70%,aust1307,taik1256,"aust1307 ~ aust1307 , taik1256",19, 1,gela1263,luuu1242,glottocodeBase,no proxy,gela1263,NA,0.73399,0.00000,glottocodeBase,glottocodeBase,gela1263,luuu1242,0.08309,0.12894,GBI NOT available,TLI available,TLI only
Nggela,Hakka_Taiwan,70%,aust1307,sino1245,"aust1307 ~ aust1307 , sino1245",19, 1,gela1263,yuet1238,glottocodeBase,glottocodeGBIproxy,gela1263,hakk1236,0.73399,0.55665,glottocodeBase,glottocodeTLIproxy,gela1263,hakk1236,0.08309,0.16619,GBI available,TLI available,both
Nggela,Kinh,70%,aust1307,aust1305,"aust1307 ~ aust1307 , aust1305",19, 1,gela1263,viet1252,glottocodeBase,glottocodeBase,gela1263,viet1252,0.73399,0.53695,glottocodeBase,glottocodeBase,gela1263,viet1252,0.08309,0.57880,GBI available,TLI available,both
Nggela,She,70%,aust1307,hmon1336,"aust1307 ~ aust1307 , hmon1336",19, 1,gela1263,shee1238,glottocodeBase,glottocodeBase,gela1263,shee1238,0.73399,0.58128,glottocodeBase,glottocodeBase,gela1263,shee1238,0.08309,0.04011,GBI available,TLI available,both
Nggela,Vietnamese_North,70%,aust1307,aust1305,"aust1307 ~ aust1307 , aust1305",19, 1,gela1263,viet1252,glottocodeBase,glottocodeBase,gela1263,viet1252,0.73399,0.53695,glottocodeBase,glottocodeBase,gela1263,viet1252,0.08309,0.57880,GBI available,TLI available,both
Nggela,Vietnamese_South,70%,aust1307,aust1305,"aust1307 ~ aust1307 , aust1305",19, 1,gela1263,viet1252,glottocodeBase,glottocodeBase,gela1263,viet1252,0.73399,0.53695,glottocodeBase,glottocodeBase,gela1263,viet1252,0.08309,0.57880,GBI available,TLI available,both
Notsi,Nasioi,"70%, 80%",aust1307,sout2948,"aust1307 ~ aust1307 , sout2948",19,19,nots1237,nasi1247,glottocodeBase,glottocodeGBIproxy,nots1237,naas1242,0.61084,0.28079,no proxy,glottocodeTLIproxy,NA,naas1242,0,0.21777,GBI available,TLI NOT available,GBI only
Notsi,Baining_Malasait,"70%, 80%",aust1307,bain1263,"aust1307 ~ aust1307 , bain1263",19,19,nots1237,bain1263,glottocodeBase,glottocodeGBIproxy,nots1237,qaqe1238,0.61084,0.26108,no proxy,glottocodeTLIproxy,NA,qaqe1238,0,0.14327,GBI available,TLI NOT available,GBI only
Notsi,Baining_Marabu,"70%, 80%",aust1307,bain1263,"aust1307 ~ aust1307 , bain1263",19,19,nots1237,bain1263,glottocodeBase,glottocodeGBIproxy,nots1237,mali1284,0.61084,0.50739,no proxy,glottocodeTLIproxy,NA,mali1284,0,0.08309,GBI available,TLI NOT available,GBI only
Notsi,Ata_Bili,"70%, 80%",aust1307,pele1245,"aust1307 ~ aust1307 , pele1245",19, 8,nots1237,pele1245,glottocodeBase,glottocodeBase,nots1237,pele1245,0.61084,0.23645,no proxy,glottocodeBase,NA,pele1245,0,0.00287,GBI available,TLI NOT available,GBI only
Notsi,Ata_Luge,"70%, 80%",aust1307,pele1245,"aust1307 ~ aust1307 , pele1245",19, 8,nots1237,pele1245,glottocodeBase,glottocodeBase,nots1237,pele1245,0.61084,0.23645,no proxy,glottocodeBase,NA,pele1245,0,0.00287,GBI available,TLI NOT available,GBI only
Notsi,Ata_Uassilau,"70%, 80%",aust1307,pele1245,"aust1307 ~ aust1307 , pele1245",19, 8,nots1237,pele1245,glottocodeBase,glottocodeBase,nots1237,pele1245,0.61084,0.23645,no proxy,glottocodeBase,NA,pele1245,0,0.00287,GBI available,TLI NOT available,GBI only
Notsi,Vella_Lavella,"70%, 80%",aust1307,bilu1245,"aust1307 ~ aust1307 , bilu1245",19, 8,nots1237,bilu1245,glottocodeBase,glottocodeBase,nots1237,bilu1245,0.61084,0.47291,no proxy,glottocodeBase,NA,bilu1245,0,0.20057,GBI available,TLI NOT available,GBI only
Ontong_Java,Nasioi,"70%, 80%",aust1307,sout2948,"aust1307 ~ aust1307 , sout2948",19,16,onto1237,nasi1247,glottocodeBase,glottocodeGBIproxy,onto1237,naas1242,0.66995,0.28079,glottocodeBase,glottocodeTLIproxy,onto1237,naas1242,0.01146,0.21777,GBI available,TLI available,both
Ontong_Java,Vella_Lavella,"70%, 80%",aust1307,bilu1245,"aust1307 ~ aust1307 , bilu1245",19, 5,onto1237,bilu1245,glottocodeBase,glottocodeBase,onto1237,bilu1245,0.66995,0.47291,glottocodeBase,glottocodeBase,onto1237,bilu1245,0.01146,0.20057,GBI available,TLI available,both
Ontong_Java,Nasioi,"70%, 80%",aust1307,sout2948,"aust1307 ~ aust1307 , sout2948",19, 3,onto1237,nasi1247,glottocodeBase,glottocodeGBIproxy,onto1237,naas1242,0.66995,0.28079,glottocodeBase,glottocodeTLIproxy,onto1237,naas1242,0.01146,0.21777,GBI available,TLI available,both
Ontong_Java,Vella_Lavella,"70%, 80%",aust1307,bilu1245,"aust1307 ~ aust1307 , bilu1245",19, 3,onto1237,bilu1245,glottocodeBase,glottocodeBase,onto1237,bilu1245,0.66995,0.47291,glottocodeBase,glottocodeBase,onto1237,bilu1245,0.01146,0.20057,GBI available,TLI available,both
Ontong_Java,Dai,"70%, 80%",aust1307,taik1256,"aust1307 ~ aust1307 , taik1256",19, 3,onto1237,luuu1242,glottocodeBase,no proxy,onto1237,NA,0.66995,0.00000,glottocodeBase,glottocodeBase,onto1237,luuu1242,0.01146,0.12894,GBI NOT available,TLI available,TLI only
Ontong_Java,Hakka_Taiwan,"70%, 80%",aust1307,sino1245,"aust1307 ~ aust1307 , sino1245",19, 3,onto1237,yuet1238,glottocodeBase,glottocodeGBIproxy,onto1237,hakk1236,0.66995,0.55665,glottocodeBase,glottocodeTLIproxy,onto1237,hakk1236,0.01146,0.16619,GBI available,TLI available,both
Ontong_Java,Kinh,"70%, 80%",aust1307,aust1305,"aust1307 ~ aust1307 , aust1305",19, 3,onto1237,viet1252,glottocodeBase,glottocodeBase,onto1237,viet1252,0.66995,0.53695,glottocodeBase,glottocodeBase,onto1237,viet1252,0.01146,0.57880,GBI available,TLI available,both
Ontong_Java,She,"70%, 80%",aust1307,hmon1336,"aust1307 ~ aust1307 , hmon1336",19, 3,onto1237,shee1238,glottocodeBase,glottocodeBase,onto1237,shee1238,0.66995,0.58128,glottocodeBase,glottocodeBase,onto1237,shee1238,0.01146,0.04011,GBI available,TLI available,both
Ontong_Java,Vietnamese_North,"70%, 80%",aust1307,aust1305,"aust1307 ~ aust1307 , aust1305",19, 3,onto1237,viet1252,glottocodeBase,glottocodeBase,onto1237,viet1252,0.66995,0.53695,glottocodeBase,glottocodeBase,onto1237,viet1252,0.01146,0.57880,GBI available,TLI available,both
Ontong_Java,Vietnamese_South,"70%, 80%",aust1307,aust1305,"aust1307 ~ aust1307 , aust1305",19, 3,onto1237,viet1252,glottocodeBase,glottocodeBase,onto1237,viet1252,0.66995,0.53695,glottocodeBase,glottocodeBase,onto1237,viet1252,0.01146,0.57880,GBI available,TLI available,both
Ontong_Java,Lahu,"70%, 80%",aust1307,sino1245,"aust1307 ~ aust1307 , sino1245",19, 1,onto1237,lahu1253,glottocodeBase,glottocodeBase,onto1237,lahu1253,0.66995,0.67980,glottocodeBase,glottocodeBase,onto1237,lahu1253,0.01146,0.53582,GBI available,TLI available,both
Ranongga,Nasioi,"70%, 80%, 90%",aust1307,sout2948,"aust1307 ~ aust1307 , sout2948",19,19,ghan1242,nasi1247,glottocodeBase,glottocodeGBIproxy,ghan1242,naas1242,0.68966,0.28079,glottocodeBase,glottocodeTLIproxy,ghan1242,naas1242,0.00573,0.21777,GBI available,TLI available,both
Ranongga,Vella_Lavella,"70%, 80%, 90%",aust1307,bilu1245,"aust1307 ~ aust1307 , bilu1245",19, 8,ghan1242,bilu1245,glottocodeBase,glottocodeBase,ghan1242,bilu1245,0.68966,0.47291,glottocodeBase,glottocodeBase,ghan1242,bilu1245,0.00573,0.20057,GBI available,TLI available,both
Ranongga,Dai,"70%, 80%, 90%",aust1307,taik1256,"aust1307 ~ aust1307 , taik1256",19, 3,ghan1242,luuu1242,glottocodeBase,no proxy,ghan1242,NA,0.68966,0.00000,glottocodeBase,glottocodeBase,ghan1242,luuu1242,0.00573,0.12894,GBI NOT available,TLI available,TLI only
Ranongga,Hakka_Taiwan,"70%, 80%, 90%",aust1307,sino1245,"aust1307 ~ aust1307 , sino1245",19, 3,ghan1242,yuet1238,glottocodeBase,glottocodeGBIproxy,ghan1242,hakk1236,0.68966,0.55665,glottocodeBase,glottocodeTLIproxy,ghan1242,hakk1236,0.00573,0.16619,GBI available,TLI available,both
Ranongga,Kinh,"70%, 80%, 90%",aust1307,aust1305,"aust1307 ~ aust1307 , aust1305",19, 3,ghan1242,viet1252,glottocodeBase,glottocodeBase,ghan1242,viet1252,0.68966,0.53695,glottocodeBase,glottocodeBase,ghan1242,viet1252,0.00573,0.57880,GBI available,TLI available,both
Ranongga,She,"70%, 80%, 90%",aust1307,hmon1336,"aust1307 ~ aust1307 , hmon1336",19, 3,ghan1242,shee1238,glottocodeBase,glottocodeBase,ghan1242,shee1238,0.68966,0.58128,glottocodeBase,glottocodeBase,ghan1242,shee1238,0.00573,0.04011,GBI available,TLI available,both
Ranongga,Vietnamese_North,"70%, 80%, 90%",aust1307,aust1305,"aust1307 ~ aust1307 , aust1305",19, 3,ghan1242,viet1252,glottocodeBase,glottocodeBase,ghan1242,viet1252,0.68966,0.53695,glottocodeBase,glottocodeBase,ghan1242,viet1252,0.00573,0.57880,GBI available,TLI available,both
Ranongga,Vietnamese_South,"70%, 80%, 90%",aust1307,aust1305,"aust1307 ~ aust1307 , aust1305",19, 3,ghan1242,viet1252,glottocodeBase,glottocodeBase,ghan1242,viet1252,0.68966,0.53695,glottocodeBase,glottocodeBase,ghan1242,viet1252,0.00573,0.57880,GBI available,TLI available,both
Ranongga,Lahu,"70%, 80%, 90%",aust1307,sino1245,"aust1307 ~ aust1307 , sino1245",19, 1,ghan1242,lahu1253,glottocodeBase,glottocodeBase,ghan1242,lahu1253,0.68966,0.67980,glottocodeBase,glottocodeBase,ghan1242,lahu1253,0.00573,0.53582,GBI available,TLI available,both
Saposa,Nasioi,"70%, 80%",aust1307,sout2948,"aust1307 ~ aust1307 , sout2948",19,19,sapo1253,nasi1247,glottocodeBase,glottocodeGBIproxy,sapo1253,naas1242,0.64532,0.28079,glottocodeBase,glottocodeTLIproxy,sapo1253,naas1242,0.06304,0.21777,GBI available,TLI available,both
Saposa,Vella_Lavella,"70%, 80%",aust1307,bilu1245,"aust1307 ~ aust1307 , bilu1245",19, 8,sapo1253,bilu1245,glottocodeBase,glottocodeBase,sapo1253,bilu1245,0.64532,0.47291,glottocodeBase,glottocodeBase,sapo1253,bilu1245,0.06304,0.20057,GBI available,TLI available,both
Saposa,Baining_Malasait,"70%, 80%",aust1307,bain1263,"aust1307 ~ aust1307 , bain1263",19, 3,sapo1253,bain1263,glottocodeBase,glottocodeGBIproxy,sapo1253,qaqe1238,0.64532,0.26108,glottocodeBase,glottocodeTLIproxy,sapo1253,qaqe1238,0.06304,0.14327,GBI available,TLI available,both
Saposa,Baining_Marabu,"70%, 80%",aust1307,bain1263,"aust1307 ~ aust1307 , bain1263",19, 3,sapo1253,bain1263,glottocodeBase,glottocodeGBIproxy,sapo1253,mali1284,0.64532,0.50739,glottocodeBase,glottocodeTLIproxy,sapo1253,mali1284,0.06304,0.08309,GBI available,TLI available,both
Saposa,Ata_Bili,"70%, 80%",aust1307,pele1245,"aust1307 ~ aust1307 , pele1245",19, 1,sapo1253,pele1245,glottocodeBase,glottocodeBase,sapo1253,pele1245,0.64532,0.23645,glottocodeBase,glottocodeBase,sapo1253,pele1245,0.06304,0.00287,GBI available,TLI available,both
Saposa,Ata_Luge,"70%, 80%",aust1307,pele1245,"aust1307 ~ aust1307 , pele1245",19, 1,sapo1253,pele1245,glottocodeBase,glottocodeBase,sapo1253,pele1245,0.64532,0.23645,glottocodeBase,glottocodeBase,sapo1253,pele1245,0.06304,0.00287,GBI available,TLI available,both
Saposa,Ata_Uassilau,"70%, 80%",aust1307,pele1245,"aust1307 ~ aust1307 , pele1245",19, 1,sapo1253,pele1245,glottocodeBase,glottocodeBase,sapo1253,pele1245,0.64532,0.23645,glottocodeBase,glottocodeBase,sapo1253,pele1245,0.06304,0.00287,GBI available,TLI available,both
Selkup,Belarusian,"70%, 80%",ural1272,indo1319,"ural1272 ~ ural1272 , indo1319",19, 9,selk1253,bela1254,glottocodeGBIproxy,glottocodeBase,sout3262,bela1254,0.84236,0.87685,glottocodeBase,glottocodeBase,selk1253,bela1254,0.45559,0.14040,GBI available,TLI available,both
Selkup,French_West,"70%, 80%",ural1272,indo1319,"ural1272 ~ ural1272 , indo1319",19, 9,selk1253,stan1290,glottocodeGBIproxy,glottocodeBase,sout3262,stan1290,0.84236,0.89655,glottocodeBase,glottocodeBase,selk1253,stan1290,0.45559,0.80802,GBI available,TLI available,both
Selkup,German_Lipsian,"70%, 80%",ural1272,indo1319,"ural1272 ~ ural1272 , indo1319",19, 9,selk1253,stan1295,glottocodeGBIproxy,no proxy,sout3262,NA,0.84236,0.00000,glottocodeBase,glottocodeBase,selk1253,stan1295,0.45559,0.79370,GBI NOT available,TLI available,TLI only
Selkup,German_Sorb,"70%, 80%",ural1272,indo1319,"ural1272 ~ ural1272 , indo1319",19, 9,selk1253,sorb1249,glottocodeGBIproxy,no proxy,sout3262,NA,0.84236,0.00000,glottocodeBase,glottocodeTLIproxy,selk1253,uppe1395,0.45559,0.28367,GBI NOT available,TLI available,TLI only
Selkup,Icelandic,"70%, 80%",ural1272,indo1319,"ural1272 ~ ural1272 , indo1319",19, 9,selk1253,icel1247,glottocodeGBIproxy,glottocodeBase,sout3262,icel1247,0.84236,0.86700,glottocodeBase,glottocodeBase,selk1253,icel1247,0.45559,0.59599,GBI available,TLI available,both
Selkup,Irish_Connacht,"70%, 80%",ural1272,indo1319,"ural1272 ~ ural1272 , indo1319",19, 9,selk1253,conn1243,glottocodeGBIproxy,glottocodeGBIproxy,sout3262,iris1253,0.84236,0.92118,glottocodeBase,glottocodeTLIproxy,selk1253,iris1253,0.45559,0.54441,GBI available,TLI available,both
Selkup,Irish_Cork_Kerry,"70%, 80%",ural1272,indo1319,"ural1272 ~ ural1272 , indo1319",19, 9,selk1253,iris1253,glottocodeGBIproxy,glottocodeBase,sout3262,iris1253,0.84236,0.92118,glottocodeBase,glottocodeBase,selk1253,iris1253,0.45559,0.54441,GBI available,TLI available,both
Selkup,Irish_Leinster,"70%, 80%",ural1272,indo1319,"ural1272 ~ ural1272 , indo1319",19, 9,selk1253,iris1253,glottocodeGBIproxy,glottocodeBase,sout3262,iris1253,0.84236,0.92118,glottocodeBase,glottocodeBase,selk1253,iris1253,0.45559,0.54441,GBI available,TLI available,both
Selkup,Irish_Munster,"70%, 80%",ural1272,indo1319,"ural1272 ~ ural1272 , indo1319",19, 9,selk1253,muns1250,glottocodeGBIproxy,glottocodeGBIproxy,sout3262,iris1253,0.84236,0.92118,glottocodeBase,glottocodeTLIproxy,selk1253,iris1253,0.45559,0.54441,GBI available,TLI available,both
Selkup,Irish_Ulster,"70%, 80%",ural1272,indo1319,"ural1272 ~ ural1272 , indo1319",19, 9,selk1253,done1238,glottocodeGBIproxy,glottocodeGBIproxy,sout3262,iris1253,0.84236,0.92118,glottocodeBase,glottocodeTLIproxy,selk1253,iris1253,0.45559,0.54441,GBI available,TLI available,both
Selkup,Lithuanian,"70%, 80%",ural1272,indo1319,"ural1272 ~ ural1272 , indo1319",19, 9,selk1253,lith1251,glottocodeGBIproxy,glottocodeBase,sout3262,lith1251,0.84236,0.86700,glottocodeBase,glottocodeBase,selk1253,lith1251,0.45559,0.53868,GBI available,TLI available,both
Selkup,Norwegian,"70%, 80%",ural1272,indo1319,"ural1272 ~ ural1272 , indo1319",19, 9,selk1253,norw1258,glottocodeGBIproxy,no proxy,sout3262,NA,0.84236,0.00000,glottocodeBase,glottocodeBase,selk1253,norw1258,0.45559,0.34670,GBI NOT available,TLI available,TLI only
Selkup,Orcadian,"70%, 80%",ural1272,indo1319,"ural1272 ~ ural1272 , indo1319",19, 9,selk1253,scot1243,glottocodeGBIproxy,no proxy,sout3262,NA,0.84236,0.00000,glottocodeBase,glottocodeBase,selk1253,scot1243,0.45559,0.10315,GBI NOT available,TLI available,TLI only
Selkup,Polish_Lublin,"70%, 80%",ural1272,indo1319,"ural1272 ~ ural1272 , indo1319",19, 9,selk1253,poli1260,glottocodeGBIproxy,glottocodeBase,sout3262,poli1260,0.84236,0.93596,glottocodeBase,glottocodeBase,selk1253,poli1260,0.45559,0.56447,GBI available,TLI available,both
Selkup,Polish_Poznan,"70%, 80%",ural1272,indo1319,"ural1272 ~ ural1272 , indo1319",19, 9,selk1253,poli1260,glottocodeGBIproxy,glottocodeBase,sout3262,poli1260,0.84236,0.93596,glottocodeBase,glottocodeBase,selk1253,poli1260,0.45559,0.56447,GBI available,TLI available,both
Selkup,Russian,"70%, 80%",ural1272,indo1319,"ural1272 ~ ural1272 , indo1319",19, 9,selk1253,russ1263,glottocodeGBIproxy,glottocodeBase,sout3262,russ1263,0.84236,0.92118,glottocodeBase,glottocodeBase,selk1253,russ1263,0.45559,0.85387,GBI available,TLI available,both
Selkup,Russian_Archangelsk_Krasnoborsky,"70%, 80%",ural1272,indo1319,"ural1272 ~ ural1272 , indo1319",19, 9,selk1253,russ1263,glottocodeGBIproxy,glottocodeBase,sout3262,russ1263,0.84236,0.92118,glottocodeBase,glottocodeBase,selk1253,russ1263,0.45559,0.85387,GBI available,TLI available,both
Selkup,Russian_Archangelsk_Pinezhsky,"70%, 80%",ural1272,indo1319,"ural1272 ~ ural1272 , indo1319",19, 9,selk1253,russ1263,glottocodeGBIproxy,glottocodeBase,sout3262,russ1263,0.84236,0.92118,glottocodeBase,glottocodeBase,selk1253,russ1263,0.45559,0.85387,GBI available,TLI available,both
Selkup,Russian_Belgorod,"70%, 80%",ural1272,indo1319,"ural1272 ~ ural1272 , indo1319",19, 9,selk1253,russ1263,glottocodeGBIproxy,glottocodeBase,sout3262,russ1263,0.84236,0.92118,glottocodeBase,glottocodeBase,selk1253,russ1263,0.45559,0.85387,GBI available,TLI available,both
Selkup,Russian_Kaluga,"70%, 80%",ural1272,indo1319,"ural1272 ~ ural1272 , indo1319",19, 9,selk1253,russ1263,glottocodeGBIproxy,glottocodeBase,sout3262,russ1263,0.84236,0.92118,glottocodeBase,glottocodeBase,selk1253,russ1263,0.45559,0.85387,GBI available,TLI available,both
Selkup,Russian_Kursk,"70%, 80%",ural1272,indo1319,"ural1272 ~ ural1272 , indo1319",19, 9,selk1253,russ1263,glottocodeGBIproxy,glottocodeBase,sout3262,russ1263,0.84236,0.92118,glottocodeBase,glottocodeBase,selk1253,russ1263,0.45559,0.85387,GBI available,TLI available,both
Selkup,Russian_Oryol,"70%, 80%",ural1272,indo1319,"ural1272 ~ ural1272 , indo1319",19, 9,selk1253,russ1263,glottocodeGBIproxy,glottocodeBase,sout3262,russ1263,0.84236,0.92118,glottocodeBase,glottocodeBase,selk1253,russ1263,0.45559,0.85387,GBI available,TLI available,both
Selkup,Russian_Pskov_Ostrov,"70%, 80%",ural1272,indo1319,"ural1272 ~ ural1272 , indo1319",19, 9,selk1253,russ1263,glottocodeGBIproxy,glottocodeBase,sout3262,russ1263,0.84236,0.92118,glottocodeBase,glottocodeBase,selk1253,russ1263,0.45559,0.85387,GBI available,TLI available,both
Selkup,Russian_Pskov_Porkhov,"70%, 80%",ural1272,indo1319,"ural1272 ~ ural1272 , indo1319",19, 9,selk1253,russ1263,glottocodeGBIproxy,glottocodeBase,sout3262,russ1263,0.84236,0.92118,glottocodeBase,glottocodeBase,selk1253,russ1263,0.45559,0.85387,GBI available,TLI available,both
Selkup,Russian_Ryazan_Mihailovsky,"70%, 80%",ural1272,indo1319,"ural1272 ~ ural1272 , indo1319",19, 9,selk1253,russ1263,glottocodeGBIproxy,glottocodeBase,sout3262,russ1263,0.84236,0.92118,glottocodeBase,glottocodeBase,selk1253,russ1263,0.45559,0.85387,GBI available,TLI available,both
Selkup,Russian_Ryazan_Spassk_Ryazansky,"70%, 80%",ural1272,indo1319,"ural1272 ~ ural1272 , indo1319",19, 9,selk1253,russ1263,glottocodeGBIproxy,glottocodeBase,sout3262,russ1263,0.84236,0.92118,glottocodeBase,glottocodeBase,selk1253,russ1263,0.45559,0.85387,GBI available,TLI available,both
Selkup,Russian_Smolensk,"70%, 80%",ural1272,indo1319,"ural1272 ~ ural1272 , indo1319",19, 9,selk1253,russ1263,glottocodeGBIproxy,glottocodeBase,sout3262,russ1263,0.84236,0.92118,glottocodeBase,glottocodeBase,selk1253,russ1263,0.45559,0.85387,GBI available,TLI available,both
Selkup,Russian_Tver,"70%, 80%",ural1272,indo1319,"ural1272 ~ ural1272 , indo1319",19, 9,selk1253,russ1263,glottocodeGBIproxy,glottocodeBase,sout3262,russ1263,0.84236,0.92118,glottocodeBase,glottocodeBase,selk1253,russ1263,0.45559,0.85387,GBI available,TLI available,both
Selkup,Russian_Yaroslavl,"70%, 80%",ural1272,indo1319,"ural1272 ~ ural1272 , indo1319",19, 9,selk1253,russ1263,glottocodeGBIproxy,glottocodeBase,sout3262,russ1263,0.84236,0.92118,glottocodeBase,glottocodeBase,selk1253,russ1263,0.45559,0.85387,GBI available,TLI available,both
Selkup,Scottish,"70%, 80%",ural1272,indo1319,"ural1272 ~ ural1272 , indo1319",19, 9,selk1253,scot1245,glottocodeGBIproxy,no proxy,sout3262,NA,0.84236,0.00000,glottocodeBase,glottocodeBase,selk1253,scot1245,0.45559,0.26934,GBI NOT available,TLI available,TLI only
Selkup,Scottish_Dumfries_Galloway,"70%, 80%",ural1272,indo1319,"ural1272 ~ ural1272 , indo1319",19, 9,selk1253,scot1245,glottocodeGBIproxy,no proxy,sout3262,NA,0.84236,0.00000,glottocodeBase,glottocodeBase,selk1253,scot1245,0.45559,0.26934,GBI NOT available,TLI available,TLI only
Selkup,Scottish_Fife,"70%, 80%",ural1272,indo1319,"ural1272 ~ ural1272 , indo1319",19, 9,selk1253,scot1245,glottocodeGBIproxy,no proxy,sout3262,NA,0.84236,0.00000,glottocodeBase,glottocodeBase,selk1253,scot1245,0.45559,0.26934,GBI NOT available,TLI available,TLI only
Selkup,Scottish_Grampian,"70%, 80%",ural1272,indo1319,"ural1272 ~ ural1272 , indo1319",19, 9,selk1253,scot1245,glottocodeGBIproxy,no proxy,sout3262,NA,0.84236,0.00000,glottocodeBase,glottocodeBase,selk1253,scot1245,0.45559,0.26934,GBI NOT available,TLI available,TLI only
Selkup,Scottish_Highlands,"70%, 80%",ural1272,indo1319,"ural1272 ~ ural1272 , indo1319",19, 9,selk1253,scot1245,glottocodeGBIproxy,no proxy,sout3262,NA,0.84236,0.00000,glottocodeBase,glottocodeBase,selk1253,scot1245,0.45559,0.26934,GBI NOT available,TLI available,TLI only
Selkup,Scottish_Shetlandic,"70%, 80%",ural1272,indo1319,"ural1272 ~ ural1272 , indo1319",19, 9,selk1253,scot1245,glottocodeGBIproxy,no proxy,sout3262,NA,0.84236,0.00000,glottocodeBase,glottocodeBase,selk1253,scot1245,0.45559,0.26934,GBI NOT available,TLI available,TLI only
Selkup,Ukrainian_East,"70%, 80%",ural1272,indo1319,"ural1272 ~ ural1272 , indo1319",19, 9,selk1253,ukra1253,glottocodeGBIproxy,glottocodeBase,sout3262,ukra1253,0.84236,0.78325,glottocodeBase,glottocodeBase,selk1253,ukra1253,0.45559,0.32665,GBI available,TLI available,both
Selkup,Ukrainian_Rovenskaya,"70%, 80%",ural1272,indo1319,"ural1272 ~ ural1272 , indo1319",19, 9,selk1253,ukra1253,glottocodeGBIproxy,glottocodeBase,sout3262,ukra1253,0.84236,0.78325,glottocodeBase,glottocodeBase,selk1253,ukra1253,0.45559,0.32665,GBI available,TLI available,both
Selkup,Ukrainian_Sumskaya,"70%, 80%",ural1272,indo1319,"ural1272 ~ ural1272 , indo1319",19, 9,selk1253,ukra1253,glottocodeGBIproxy,glottocodeBase,sout3262,ukra1253,0.84236,0.78325,glottocodeBase,glottocodeBase,selk1253,ukra1253,0.45559,0.32665,GBI available,TLI available,both
Selkup,Ukrainian_Zhitomirskaya,"70%, 80%",ural1272,indo1319,"ural1272 ~ ural1272 , indo1319",19, 9,selk1253,ukra1253,glottocodeGBIproxy,glottocodeBase,sout3262,ukra1253,0.84236,0.78325,glottocodeBase,glottocodeBase,selk1253,ukra1253,0.45559,0.32665,GBI available,TLI available,both
Selkup,Scottish_Borders,"70%, 80%",ural1272,indo1319,"ural1272 ~ ural1272 , indo1319",19, 8,selk1253,scot1245,glottocodeGBIproxy,no proxy,sout3262,NA,0.84236,0.00000,glottocodeBase,glottocodeBase,selk1253,scot1245,0.45559,0.26934,GBI NOT available,TLI available,TLI only
Selkup,Czech,"70%, 80%",ural1272,indo1319,"ural1272 ~ ural1272 , indo1319",19, 6,selk1253,czec1258,glottocodeGBIproxy,glottocodeBase,sout3262,czec1258,0.84236,0.86700,glottocodeBase,glottocodeBase,selk1253,czec1258,0.45559,0.32951,GBI available,TLI available,both
Selkup,Ket,"70%, 80%",ural1272,yeni1252,"ural1272 ~ ural1272 , yeni1252",19, 6,selk1253,kett1243,glottocodeGBIproxy,glottocodeBase,sout3262,kett1243,0.84236,0.86700,glottocodeBase,glottocodeBase,selk1253,kett1243,0.45559,0.52436,GBI available,TLI available,both
Selkup,English_Kent,"70%, 80%",ural1272,indo1319,"ural1272 ~ ural1272 , indo1319",19, 5,selk1253,stan1293,glottocodeGBIproxy,glottocodeBase,sout3262,stan1293,0.84236,0.85222,glottocodeBase,glottocodeBase,selk1253,stan1293,0.45559,0.82521,GBI available,TLI available,both
Selkup,Ket_Southeast,"70%, 80%",ural1272,yeni1252,"ural1272 ~ ural1272 , yeni1252",19, 4,selk1253,kett1243,glottocodeGBIproxy,glottocodeBase,sout3262,kett1243,0.84236,0.86700,glottocodeBase,glottocodeBase,selk1253,kett1243,0.45559,0.52436,GBI available,TLI available,both
Selkup,English_Cornwall,"70%, 80%",ural1272,indo1319,"ural1272 ~ ural1272 , indo1319",19, 1,selk1253,stan1293,glottocodeGBIproxy,glottocodeBase,sout3262,stan1293,0.84236,0.85222,glottocodeBase,glottocodeBase,selk1253,stan1293,0.45559,0.82521,GBI available,TLI available,both
Selkup,Russian_Archangelsk_Leshukonsky,"70%, 80%",ural1272,indo1319,"ural1272 ~ ural1272 , indo1319",19, 1,selk1253,russ1263,glottocodeGBIproxy,glottocodeBase,sout3262,russ1263,0.84236,0.92118,glottocodeBase,glottocodeBase,selk1253,russ1263,0.45559,0.85387,GBI available,TLI available,both
Selkup,Ukrainian_West,"70%, 80%",ural1272,indo1319,"ural1272 ~ ural1272 , indo1319",19, 1,selk1253,ukra1253,glottocodeGBIproxy,glottocodeBase,sout3262,ukra1253,0.84236,0.78325,glottocodeBase,glottocodeBase,selk1253,ukra1253,0.45559,0.32665,GBI available,TLI available,both
Shua,Hoan,"70%, 80%, 90%",khoe1240,kxaa1236,"khoe1240 ~ khoe1240 , kxaa1236",19,19,shua1254,hoaa1235,no proxy,glottocodeBase,NA,hoaa1235,0,0.76847,glottocodeBase,glottocodeBase,shua1254,hoaa1235,0.0659,0.04011,GBI NOT available,TLI available,TLI only
Shua,Ju_hoan_North,"70%, 80%, 90%",khoe1240,kxaa1236,"khoe1240 ~ khoe1240 , kxaa1236",19,19,shua1254,juho1239,no proxy,glottocodeBase,NA,juho1239,0,0.22660,glottocodeBase,glottocodeBase,shua1254,juho1239,0.0659,0.45272,GBI NOT available,TLI available,TLI only
Shua,Ju_hoan_South,"70%, 80%, 90%",khoe1240,kxaa1236,"khoe1240 ~ khoe1240 , kxaa1236",19,19,shua1254,juho1239,no proxy,glottocodeBase,NA,juho1239,0,0.22660,glottocodeBase,glottocodeBase,shua1254,juho1239,0.0659,0.45272,GBI NOT available,TLI available,TLI only
Shua,BantuSA_Herero,"70%, 80%, 90%",khoe1240,atla1278,"khoe1240 ~ khoe1240 , atla1278",19,19,shua1254,here1253,no proxy,glottocodeBase,NA,here1253,0,0.85222,glottocodeBase,glottocodeBase,shua1254,here1253,0.0659,0.12321,GBI NOT available,TLI available,TLI only
Shua,BantuSA_Ovambo,"70%, 80%, 90%",khoe1240,atla1278,"khoe1240 ~ khoe1240 , atla1278",19,19,shua1254,ndon1254,no proxy,glottocodeGBIproxy,NA,mbal1255,0,0.46305,glottocodeBase,glottocodeBase,shua1254,ndon1254,0.0659,0.22636,GBI NOT available,TLI available,TLI only
Shua,Cameroon_Aghem,"70%, 80%, 90%",khoe1240,atla1278,"khoe1240 ~ khoe1240 , atla1278",19,19,shua1254,aghe1239,no proxy,glottocodeBase,NA,aghe1239,0,0.74877,glottocodeBase,glottocodeBase,shua1254,aghe1239,0.0659,0.15759,GBI NOT available,TLI available,TLI only
Shua,Cameroon_Bafut,"70%, 80%, 90%",khoe1240,atla1278,"khoe1240 ~ khoe1240 , atla1278",19,19,shua1254,bafu1246,no proxy,glottocodeBase,NA,bafu1246,0,0.81281,glottocodeBase,glottocodeBase,shua1254,bafu1246,0.0659,0.14040,GBI NOT available,TLI available,TLI only
Shua,Cameroon_Bakoko,"70%, 80%, 90%",khoe1240,atla1278,"khoe1240 ~ khoe1240 , atla1278",19,19,shua1254,bako1249,no proxy,no proxy,NA,NA,0,0.00000,glottocodeBase,glottocodeTLIproxy,shua1254,basa1284,0.0659,0.20917,GBI NOT available,TLI available,TLI only
Shua,Cameroon_Bangwa,"70%, 80%, 90%",khoe1240,atla1278,"khoe1240 ~ khoe1240 , atla1278",19,19,shua1254,ndan1241,no proxy,glottocodeGBIproxy,NA,fefe1239,0,0.62562,glottocodeBase,glottocodeTLIproxy,shua1254,fefe1239,0.0659,0.12607,GBI NOT available,TLI available,TLI only
Shua,Cameroon_Mbo,"70%, 80%, 90%",khoe1240,atla1278,"khoe1240 ~ khoe1240 , atla1278",19,19,shua1254,mboc1235,no proxy,glottocodeBase,NA,mboc1235,0,0.68966,glottocodeBase,glottocodeBase,shua1254,mboc1235,0.0659,0.10888,GBI NOT available,TLI available,TLI only
Shua,Gambian,"70%, 80%, 90%",khoe1240,mand1469,"khoe1240 ~ khoe1240 , mand1469",19,19,shua1254,mand1436,no proxy,glottocodeBase,NA,mand1436,0,0.55665,glottocodeBase,glottocodeBase,shua1254,mand1436,0.0659,0.24355,GBI NOT available,TLI available,TLI only
Shua,Himba,"70%, 80%, 90%",khoe1240,atla1278,"khoe1240 ~ khoe1240 , atla1278",19,19,shua1254,here1253,no proxy,glottocodeBase,NA,here1253,0,0.85222,glottocodeBase,glottocodeBase,shua1254,here1253,0.0659,0.12321,GBI NOT available,TLI available,TLI only
Shua,Malawi_Chewa,"70%, 80%, 90%",khoe1240,atla1278,"khoe1240 ~ khoe1240 , atla1278",19,19,shua1254,nyan1308,no proxy,no proxy,NA,NA,0,0.00000,glottocodeBase,glottocodeBase,shua1254,nyan1308,0.0659,0.12034,GBI NOT available,TLI available,TLI only
Shua,Malawi_Ngoni,"70%, 80%, 90%",khoe1240,atla1278,"khoe1240 ~ khoe1240 , atla1278",19,19,shua1254,ngon1269,no proxy,glottocodeGBIproxy,NA,tanz1241,0,0.82759,glottocodeBase,glottocodeBase,shua1254,ngon1269,0.0659,0.06877,GBI NOT available,TLI available,TLI only
Shua,Malawi_Yao,"70%, 80%, 90%",khoe1240,atla1278,"khoe1240 ~ khoe1240 , atla1278",19,19,shua1254,yaoo1241,no proxy,glottocodeBase,NA,yaoo1241,0,0.60099,glottocodeBase,glottocodeBase,shua1254,yaoo1241,0.0659,0.16332,GBI NOT available,TLI available,TLI only
Shua,Mandenka,"70%, 80%, 90%",khoe1240,mand1469,"khoe1240 ~ khoe1240 , mand1469",19,19,shua1254,mand1436,no proxy,glottocodeBase,NA,mand1436,0,0.55665,glottocodeBase,glottocodeBase,shua1254,mand1436,0.0659,0.24355,GBI NOT available,TLI available,TLI only
Shua,Mbukushu,"70%, 80%, 90%",khoe1240,atla1278,"khoe1240 ~ khoe1240 , atla1278",19,19,shua1254,mbuk1240,no proxy,no proxy,NA,NA,0,0.00000,glottocodeBase,glottocodeBase,shua1254,mbuk1240,0.0659,0.09456,GBI NOT available,TLI available,TLI only
Shua,Mende,"70%, 80%, 90%",khoe1240,mand1469,"khoe1240 ~ khoe1240 , mand1469",19,19,shua1254,mend1266,no proxy,glottocodeBase,NA,mend1266,0,0.30542,glottocodeBase,glottocodeBase,shua1254,mend1266,0.0659,0.24355,GBI NOT available,TLI available,TLI only
Shua,Wambo,"70%, 80%, 90%",khoe1240,atla1278,"khoe1240 ~ khoe1240 , atla1278",19,19,shua1254,ndon1254,no proxy,glottocodeGBIproxy,NA,mbal1255,0,0.46305,glottocodeBase,glottocodeBase,shua1254,ndon1254,0.0659,0.22636,GBI NOT available,TLI available,TLI only
Shua,Yoruba,"70%, 80%, 90%",khoe1240,atla1278,"khoe1240 ~ khoe1240 , atla1278",19,19,shua1254,yoru1245,no proxy,no proxy,NA,NA,0,0.00000,glottocodeBase,glottocodeBase,shua1254,yoru1245,0.0659,0.63037,GBI NOT available,TLI available,TLI only
Shua,San,"70%, 80%, 90%",khoe1240,kxaa1236,"khoe1240 ~ khoe1240 , kxaa1236",19,19,shua1254,juho1239,no proxy,glottocodeBase,NA,juho1239,0,0.22660,glottocodeBase,glottocodeBase,shua1254,juho1239,0.0659,0.45272,GBI NOT available,TLI available,TLI only
Shua,Taa_East,"70%, 80%, 90%",khoe1240,tuuu1241,"khoe1240 ~ khoe1240 , tuuu1241",19,19,shua1254,huaa1248,no proxy,glottocodeBase,NA,huaa1248,0,0.69951,glottocodeBase,glottocodeBase,shua1254,huaa1248,0.0659,0.19484,GBI NOT available,TLI available,TLI only
Shua,Taa_North,"70%, 80%, 90%",khoe1240,tuuu1241,"khoe1240 ~ khoe1240 , tuuu1241",19,19,shua1254,xooo1239,no proxy,glottocodeGBIproxy,NA,huaa1248,0,0.69951,glottocodeBase,glottocodeBase,shua1254,xooo1239,0.0659,0.01146,GBI NOT available,TLI available,TLI only
Shua,Taa_West,"70%, 80%, 90%",khoe1240,tuuu1241,"khoe1240 ~ khoe1240 , tuuu1241",19,19,shua1254,xooo1239,no proxy,glottocodeGBIproxy,NA,huaa1248,0,0.69951,glottocodeBase,glottocodeBase,shua1254,xooo1239,0.0659,0.01146,GBI NOT available,TLI available,TLI only
Shua,Xuun,"70%, 80%, 90%",khoe1240,kxaa1236,"khoe1240 ~ khoe1240 , kxaa1236",19,13,shua1254,kung1261,no proxy,no proxy,NA,NA,0,0.00000,glottocodeBase,glottocodeBase,shua1254,kung1261,0.0659,0.22350,GBI NOT available,TLI available,TLI only
Shua,BantuSA_Zulu,"70%, 80%, 90%",khoe1240,atla1278,"khoe1240 ~ khoe1240 , atla1278",19,13,shua1254,zulu1248,no proxy,glottocodeBase,NA,zulu1248,0,0.19704,glottocodeBase,glottocodeBase,shua1254,zulu1248,0.0659,0.68768,GBI NOT available,TLI available,TLI only
Shua,Luhya,"70%, 80%, 90%",khoe1240,atla1278,"khoe1240 ~ khoe1240 , atla1278",19,13,shua1254,cent2288,no proxy,no proxy,NA,NA,0,0.00000,glottocodeBase,glottocodeTLIproxy,shua1254,tsot1241,0.0659,0.10315,GBI NOT available,TLI available,TLI only
Shua,Luo,"70%, 80%, 90%",khoe1240,nilo1247,"khoe1240 ~ khoe1240 , nilo1247",19,13,shua1254,luok1236,no proxy,glottocodeBase,NA,luok1236,0,0.84729,glottocodeBase,glottocodeBase,shua1254,luok1236,0.0659,0.30372,GBI NOT available,TLI available,TLI only
Taa_East,BantuSA_Herero,"70%, 80%, 90%",tuuu1241,atla1278,"tuuu1241 ~ tuuu1241 , atla1278",19,19,huaa1248,here1253,glottocodeBase,glottocodeBase,huaa1248,here1253,0.69951,0.85222,glottocodeBase,glottocodeBase,huaa1248,here1253,0.19484,0.12321,GBI available,TLI available,both
Taa_East,BantuSA_Ovambo,"70%, 80%, 90%",tuuu1241,atla1278,"tuuu1241 ~ tuuu1241 , atla1278",19,19,huaa1248,ndon1254,glottocodeBase,glottocodeGBIproxy,huaa1248,mbal1255,0.69951,0.46305,glottocodeBase,glottocodeBase,huaa1248,ndon1254,0.19484,0.22636,GBI available,TLI available,both
Taa_East,Cameroon_Aghem,"70%, 80%, 90%",tuuu1241,atla1278,"tuuu1241 ~ tuuu1241 , atla1278",19,19,huaa1248,aghe1239,glottocodeBase,glottocodeBase,huaa1248,aghe1239,0.69951,0.74877,glottocodeBase,glottocodeBase,huaa1248,aghe1239,0.19484,0.15759,GBI available,TLI available,both
Taa_East,Cameroon_Bafut,"70%, 80%, 90%",tuuu1241,atla1278,"tuuu1241 ~ tuuu1241 , atla1278",19,19,huaa1248,bafu1246,glottocodeBase,glottocodeBase,huaa1248,bafu1246,0.69951,0.81281,glottocodeBase,glottocodeBase,huaa1248,bafu1246,0.19484,0.14040,GBI available,TLI available,both
Taa_East,Cameroon_Bakoko,"70%, 80%, 90%",tuuu1241,atla1278,"tuuu1241 ~ tuuu1241 , atla1278",19,19,huaa1248,bako1249,glottocodeBase,no proxy,huaa1248,NA,0.69951,0.00000,glottocodeBase,glottocodeTLIproxy,huaa1248,basa1284,0.19484,0.20917,GBI NOT available,TLI available,TLI only
Taa_East,Cameroon_Bangwa,"70%, 80%, 90%",tuuu1241,atla1278,"tuuu1241 ~ tuuu1241 , atla1278",19,19,huaa1248,ndan1241,glottocodeBase,glottocodeGBIproxy,huaa1248,fefe1239,0.69951,0.62562,glottocodeBase,glottocodeTLIproxy,huaa1248,fefe1239,0.19484,0.12607,GBI available,TLI available,both
Taa_East,Cameroon_Mbo,"70%, 80%, 90%",tuuu1241,atla1278,"tuuu1241 ~ tuuu1241 , atla1278",19,19,huaa1248,mboc1235,glottocodeBase,glottocodeBase,huaa1248,mboc1235,0.69951,0.68966,glottocodeBase,glottocodeBase,huaa1248,mboc1235,0.19484,0.10888,GBI available,TLI available,both
Taa_East,Damara,"70%, 80%, 90%",tuuu1241,khoe1240,"tuuu1241 ~ tuuu1241 , khoe1240",19,19,huaa1248,nama1264,glottocodeBase,glottocodeBase,huaa1248,nama1264,0.69951,0.42365,glottocodeBase,glottocodeBase,huaa1248,nama1264,0.19484,0.57880,GBI available,TLI available,both
Taa_East,Esan,"70%, 80%, 90%",tuuu1241,atla1278,"tuuu1241 ~ tuuu1241 , atla1278",19,19,huaa1248,esan1238,glottocodeBase,glottocodeBase,huaa1248,esan1238,0.69951,0.47783,glottocodeBase,no proxy,huaa1248,NA,0.19484,0.00000,GBI available,TLI NOT available,GBI only
Taa_East,Gambian,"70%, 80%, 90%",tuuu1241,mand1469,"tuuu1241 ~ tuuu1241 , mand1469",19,19,huaa1248,mand1436,glottocodeBase,glottocodeBase,huaa1248,mand1436,0.69951,0.55665,glottocodeBase,glottocodeBase,huaa1248,mand1436,0.19484,0.24355,GBI available,TLI available,both
Taa_East,Himba,"70%, 80%, 90%",tuuu1241,atla1278,"tuuu1241 ~ tuuu1241 , atla1278",19,19,huaa1248,here1253,glottocodeBase,glottocodeBase,huaa1248,here1253,0.69951,0.85222,glottocodeBase,glottocodeBase,huaa1248,here1253,0.19484,0.12321,GBI available,TLI available,both
Taa_East,Malawi_Chewa,"70%, 80%, 90%",tuuu1241,atla1278,"tuuu1241 ~ tuuu1241 , atla1278",19,19,huaa1248,nyan1308,glottocodeBase,no proxy,huaa1248,NA,0.69951,0.00000,glottocodeBase,glottocodeBase,huaa1248,nyan1308,0.19484,0.12034,GBI NOT available,TLI available,TLI only
Taa_East,Malawi_Ngoni,"70%, 80%, 90%",tuuu1241,atla1278,"tuuu1241 ~ tuuu1241 , atla1278",19,19,huaa1248,ngon1269,glottocodeBase,glottocodeGBIproxy,huaa1248,tanz1241,0.69951,0.82759,glottocodeBase,glottocodeBase,huaa1248,ngon1269,0.19484,0.06877,GBI available,TLI available,both
Taa_East,Malawi_Yao,"70%, 80%, 90%",tuuu1241,atla1278,"tuuu1241 ~ tuuu1241 , atla1278",19,19,huaa1248,yaoo1241,glottocodeBase,glottocodeBase,huaa1248,yaoo1241,0.69951,0.60099,glottocodeBase,glottocodeBase,huaa1248,yaoo1241,0.19484,0.16332,GBI available,TLI available,both
Taa_East,Mandenka,"70%, 80%, 90%",tuuu1241,mand1469,"tuuu1241 ~ tuuu1241 , mand1469",19,19,huaa1248,mand1436,glottocodeBase,glottocodeBase,huaa1248,mand1436,0.69951,0.55665,glottocodeBase,glottocodeBase,huaa1248,mand1436,0.19484,0.24355,GBI available,TLI available,both
Taa_East,Mbukushu,"70%, 80%, 90%",tuuu1241,atla1278,"tuuu1241 ~ tuuu1241 , atla1278",19,19,huaa1248,mbuk1240,glottocodeBase,no proxy,huaa1248,NA,0.69951,0.00000,glottocodeBase,glottocodeBase,huaa1248,mbuk1240,0.19484,0.09456,GBI NOT available,TLI available,TLI only
Taa_East,Mende,"70%, 80%, 90%",tuuu1241,mand1469,"tuuu1241 ~ tuuu1241 , mand1469",19,19,huaa1248,mend1266,glottocodeBase,glottocodeBase,huaa1248,mend1266,0.69951,0.30542,glottocodeBase,glottocodeBase,huaa1248,mend1266,0.19484,0.24355,GBI available,TLI available,both
Taa_East,Wambo,"70%, 80%, 90%",tuuu1241,atla1278,"tuuu1241 ~ tuuu1241 , atla1278",19,19,huaa1248,ndon1254,glottocodeBase,glottocodeGBIproxy,huaa1248,mbal1255,0.69951,0.46305,glottocodeBase,glottocodeBase,huaa1248,ndon1254,0.19484,0.22636,GBI available,TLI available,both
Taa_East,Yoruba,"70%, 80%, 90%",tuuu1241,atla1278,"tuuu1241 ~ tuuu1241 , atla1278",19,19,huaa1248,yoru1245,glottocodeBase,no proxy,huaa1248,NA,0.69951,0.00000,glottocodeBase,glottocodeBase,huaa1248,yoru1245,0.19484,0.63037,GBI NOT available,TLI available,TLI only
Taa_East,BantuSA_Zulu,"70%, 80%, 90%",tuuu1241,atla1278,"tuuu1241 ~ tuuu1241 , atla1278",19,13,huaa1248,zulu1248,glottocodeBase,glottocodeBase,huaa1248,zulu1248,0.69951,0.19704,glottocodeBase,glottocodeBase,huaa1248,zulu1248,0.19484,0.68768,GBI available,TLI available,both
Taa_East,Luhya,"70%, 80%, 90%",tuuu1241,atla1278,"tuuu1241 ~ tuuu1241 , atla1278",19,13,huaa1248,cent2288,glottocodeBase,no proxy,huaa1248,NA,0.69951,0.00000,glottocodeBase,glottocodeTLIproxy,huaa1248,tsot1241,0.19484,0.10315,GBI NOT available,TLI available,TLI only
Taa_East,Luo,"70%, 80%, 90%",tuuu1241,nilo1247,"tuuu1241 ~ tuuu1241 , nilo1247",19,13,huaa1248,luok1236,glottocodeBase,glottocodeBase,huaa1248,luok1236,0.69951,0.84729,glottocodeBase,glottocodeBase,huaa1248,luok1236,0.19484,0.30372,GBI available,TLI available,both
Taa_North,BantuSA_Herero,"70%, 80%, 90%",tuuu1241,atla1278,"tuuu1241 ~ tuuu1241 , atla1278",19,19,xooo1239,here1253,glottocodeGBIproxy,glottocodeBase,huaa1248,here1253,0.69951,0.85222,glottocodeBase,glottocodeBase,xooo1239,here1253,0.01146,0.12321,GBI available,TLI available,both
Taa_North,BantuSA_Ovambo,"70%, 80%, 90%",tuuu1241,atla1278,"tuuu1241 ~ tuuu1241 , atla1278",19,19,xooo1239,ndon1254,glottocodeGBIproxy,glottocodeGBIproxy,huaa1248,mbal1255,0.69951,0.46305,glottocodeBase,glottocodeBase,xooo1239,ndon1254,0.01146,0.22636,GBI available,TLI available,both
Taa_North,Cameroon_Aghem,"70%, 80%, 90%",tuuu1241,atla1278,"tuuu1241 ~ tuuu1241 , atla1278",19,19,xooo1239,aghe1239,glottocodeGBIproxy,glottocodeBase,huaa1248,aghe1239,0.69951,0.74877,glottocodeBase,glottocodeBase,xooo1239,aghe1239,0.01146,0.15759,GBI available,TLI available,both
Taa_North,Cameroon_Bafut,"70%, 80%, 90%",tuuu1241,atla1278,"tuuu1241 ~ tuuu1241 , atla1278",19,19,xooo1239,bafu1246,glottocodeGBIproxy,glottocodeBase,huaa1248,bafu1246,0.69951,0.81281,glottocodeBase,glottocodeBase,xooo1239,bafu1246,0.01146,0.14040,GBI available,TLI available,both
Taa_North,Cameroon_Bakoko,"70%, 80%, 90%",tuuu1241,atla1278,"tuuu1241 ~ tuuu1241 , atla1278",19,19,xooo1239,bako1249,glottocodeGBIproxy,no proxy,huaa1248,NA,0.69951,0.00000,glottocodeBase,glottocodeTLIproxy,xooo1239,basa1284,0.01146,0.20917,GBI NOT available,TLI available,TLI only
Taa_North,Cameroon_Bangwa,"70%, 80%, 90%",tuuu1241,atla1278,"tuuu1241 ~ tuuu1241 , atla1278",19,19,xooo1239,ndan1241,glottocodeGBIproxy,glottocodeGBIproxy,huaa1248,fefe1239,0.69951,0.62562,glottocodeBase,glottocodeTLIproxy,xooo1239,fefe1239,0.01146,0.12607,GBI available,TLI available,both
Taa_North,Cameroon_Mbo,"70%, 80%, 90%",tuuu1241,atla1278,"tuuu1241 ~ tuuu1241 , atla1278",19,19,xooo1239,mboc1235,glottocodeGBIproxy,glottocodeBase,huaa1248,mboc1235,0.69951,0.68966,glottocodeBase,glottocodeBase,xooo1239,mboc1235,0.01146,0.10888,GBI available,TLI available,both
Taa_North,Damara,"70%, 80%, 90%",tuuu1241,khoe1240,"tuuu1241 ~ tuuu1241 , khoe1240",19,19,xooo1239,nama1264,glottocodeGBIproxy,glottocodeBase,huaa1248,nama1264,0.69951,0.42365,glottocodeBase,glottocodeBase,xooo1239,nama1264,0.01146,0.57880,GBI available,TLI available,both
Taa_North,Esan,"70%, 80%, 90%",tuuu1241,atla1278,"tuuu1241 ~ tuuu1241 , atla1278",19,19,xooo1239,esan1238,glottocodeGBIproxy,glottocodeBase,huaa1248,esan1238,0.69951,0.47783,glottocodeBase,no proxy,xooo1239,NA,0.01146,0.00000,GBI available,TLI NOT available,GBI only
Taa_North,Gambian,"70%, 80%, 90%",tuuu1241,mand1469,"tuuu1241 ~ tuuu1241 , mand1469",19,19,xooo1239,mand1436,glottocodeGBIproxy,glottocodeBase,huaa1248,mand1436,0.69951,0.55665,glottocodeBase,glottocodeBase,xooo1239,mand1436,0.01146,0.24355,GBI available,TLI available,both
Taa_North,Himba,"70%, 80%, 90%",tuuu1241,atla1278,"tuuu1241 ~ tuuu1241 , atla1278",19,19,xooo1239,here1253,glottocodeGBIproxy,glottocodeBase,huaa1248,here1253,0.69951,0.85222,glottocodeBase,glottocodeBase,xooo1239,here1253,0.01146,0.12321,GBI available,TLI available,both
Taa_North,Malawi_Chewa,"70%, 80%, 90%",tuuu1241,atla1278,"tuuu1241 ~ tuuu1241 , atla1278",19,19,xooo1239,nyan1308,glottocodeGBIproxy,no proxy,huaa1248,NA,0.69951,0.00000,glottocodeBase,glottocodeBase,xooo1239,nyan1308,0.01146,0.12034,GBI NOT available,TLI available,TLI only
Taa_North,Malawi_Ngoni,"70%, 80%, 90%",tuuu1241,atla1278,"tuuu1241 ~ tuuu1241 , atla1278",19,19,xooo1239,ngon1269,glottocodeGBIproxy,glottocodeGBIproxy,huaa1248,tanz1241,0.69951,0.82759,glottocodeBase,glottocodeBase,xooo1239,ngon1269,0.01146,0.06877,GBI available,TLI available,both
Taa_North,Malawi_Yao,"70%, 80%, 90%",tuuu1241,atla1278,"tuuu1241 ~ tuuu1241 , atla1278",19,19,xooo1239,yaoo1241,glottocodeGBIproxy,glottocodeBase,huaa1248,yaoo1241,0.69951,0.60099,glottocodeBase,glottocodeBase,xooo1239,yaoo1241,0.01146,0.16332,GBI available,TLI available,both
Taa_North,Mandenka,"70%, 80%, 90%",tuuu1241,mand1469,"tuuu1241 ~ tuuu1241 , mand1469",19,19,xooo1239,mand1436,glottocodeGBIproxy,glottocodeBase,huaa1248,mand1436,0.69951,0.55665,glottocodeBase,glottocodeBase,xooo1239,mand1436,0.01146,0.24355,GBI available,TLI available,both
Taa_North,Mbukushu,"70%, 80%, 90%",tuuu1241,atla1278,"tuuu1241 ~ tuuu1241 , atla1278",19,19,xooo1239,mbuk1240,glottocodeGBIproxy,no proxy,huaa1248,NA,0.69951,0.00000,glottocodeBase,glottocodeBase,xooo1239,mbuk1240,0.01146,0.09456,GBI NOT available,TLI available,TLI only
Taa_North,Mende,"70%, 80%, 90%",tuuu1241,mand1469,"tuuu1241 ~ tuuu1241 , mand1469",19,19,xooo1239,mend1266,glottocodeGBIproxy,glottocodeBase,huaa1248,mend1266,0.69951,0.30542,glottocodeBase,glottocodeBase,xooo1239,mend1266,0.01146,0.24355,GBI available,TLI available,both
Taa_North,Wambo,"70%, 80%, 90%",tuuu1241,atla1278,"tuuu1241 ~ tuuu1241 , atla1278",19,19,xooo1239,ndon1254,glottocodeGBIproxy,glottocodeGBIproxy,huaa1248,mbal1255,0.69951,0.46305,glottocodeBase,glottocodeBase,xooo1239,ndon1254,0.01146,0.22636,GBI available,TLI available,both
Taa_North,Yoruba,"70%, 80%, 90%",tuuu1241,atla1278,"tuuu1241 ~ tuuu1241 , atla1278",19,19,xooo1239,yoru1245,glottocodeGBIproxy,no proxy,huaa1248,NA,0.69951,0.00000,glottocodeBase,glottocodeBase,xooo1239,yoru1245,0.01146,0.63037,GBI NOT available,TLI available,TLI only
Taa_North,BantuSA_Zulu,"70%, 80%, 90%",tuuu1241,atla1278,"tuuu1241 ~ tuuu1241 , atla1278",19,13,xooo1239,zulu1248,glottocodeGBIproxy,glottocodeBase,huaa1248,zulu1248,0.69951,0.19704,glottocodeBase,glottocodeBase,xooo1239,zulu1248,0.01146,0.68768,GBI available,TLI available,both
Taa_North,Luhya,"70%, 80%, 90%",tuuu1241,atla1278,"tuuu1241 ~ tuuu1241 , atla1278",19,13,xooo1239,cent2288,glottocodeGBIproxy,no proxy,huaa1248,NA,0.69951,0.00000,glottocodeBase,glottocodeTLIproxy,xooo1239,tsot1241,0.01146,0.10315,GBI NOT available,TLI available,TLI only
Taa_North,Luo,"70%, 80%, 90%",tuuu1241,nilo1247,"tuuu1241 ~ tuuu1241 , nilo1247",19,13,xooo1239,luok1236,glottocodeGBIproxy,glottocodeBase,huaa1248,luok1236,0.69951,0.84729,glottocodeBase,glottocodeBase,xooo1239,luok1236,0.01146,0.30372,GBI available,TLI available,both
Taa_West,BantuSA_Herero,"70%, 80%, 90%",tuuu1241,atla1278,"tuuu1241 ~ tuuu1241 , atla1278",19,19,xooo1239,here1253,glottocodeGBIproxy,glottocodeBase,huaa1248,here1253,0.69951,0.85222,glottocodeBase,glottocodeBase,xooo1239,here1253,0.01146,0.12321,GBI available,TLI available,both
Taa_West,BantuSA_Ovambo,"70%, 80%, 90%",tuuu1241,atla1278,"tuuu1241 ~ tuuu1241 , atla1278",19,19,xooo1239,ndon1254,glottocodeGBIproxy,glottocodeGBIproxy,huaa1248,mbal1255,0.69951,0.46305,glottocodeBase,glottocodeBase,xooo1239,ndon1254,0.01146,0.22636,GBI available,TLI available,both
Taa_West,Cameroon_Aghem,"70%, 80%, 90%",tuuu1241,atla1278,"tuuu1241 ~ tuuu1241 , atla1278",19,19,xooo1239,aghe1239,glottocodeGBIproxy,glottocodeBase,huaa1248,aghe1239,0.69951,0.74877,glottocodeBase,glottocodeBase,xooo1239,aghe1239,0.01146,0.15759,GBI available,TLI available,both
Taa_West,Cameroon_Bafut,"70%, 80%, 90%",tuuu1241,atla1278,"tuuu1241 ~ tuuu1241 , atla1278",19,19,xooo1239,bafu1246,glottocodeGBIproxy,glottocodeBase,huaa1248,bafu1246,0.69951,0.81281,glottocodeBase,glottocodeBase,xooo1239,bafu1246,0.01146,0.14040,GBI available,TLI available,both
Taa_West,Cameroon_Bakoko,"70%, 80%, 90%",tuuu1241,atla1278,"tuuu1241 ~ tuuu1241 , atla1278",19,19,xooo1239,bako1249,glottocodeGBIproxy,no proxy,huaa1248,NA,0.69951,0.00000,glottocodeBase,glottocodeTLIproxy,xooo1239,basa1284,0.01146,0.20917,GBI NOT available,TLI available,TLI only
Taa_West,Cameroon_Bangwa,"70%, 80%, 90%",tuuu1241,atla1278,"tuuu1241 ~ tuuu1241 , atla1278",19,19,xooo1239,ndan1241,glottocodeGBIproxy,glottocodeGBIproxy,huaa1248,fefe1239,0.69951,0.62562,glottocodeBase,glottocodeTLIproxy,xooo1239,fefe1239,0.01146,0.12607,GBI available,TLI available,both
Taa_West,Cameroon_Mbo,"70%, 80%, 90%",tuuu1241,atla1278,"tuuu1241 ~ tuuu1241 , atla1278",19,19,xooo1239,mboc1235,glottocodeGBIproxy,glottocodeBase,huaa1248,mboc1235,0.69951,0.68966,glottocodeBase,glottocodeBase,xooo1239,mboc1235,0.01146,0.10888,GBI available,TLI available,both
Taa_West,Damara,"70%, 80%, 90%",tuuu1241,khoe1240,"tuuu1241 ~ tuuu1241 , khoe1240",19,19,xooo1239,nama1264,glottocodeGBIproxy,glottocodeBase,huaa1248,nama1264,0.69951,0.42365,glottocodeBase,glottocodeBase,xooo1239,nama1264,0.01146,0.57880,GBI available,TLI available,both
Taa_West,Esan,"70%, 80%, 90%",tuuu1241,atla1278,"tuuu1241 ~ tuuu1241 , atla1278",19,19,xooo1239,esan1238,glottocodeGBIproxy,glottocodeBase,huaa1248,esan1238,0.69951,0.47783,glottocodeBase,no proxy,xooo1239,NA,0.01146,0.00000,GBI available,TLI NOT available,GBI only
Taa_West,Gambian,"70%, 80%, 90%",tuuu1241,mand1469,"tuuu1241 ~ tuuu1241 , mand1469",19,19,xooo1239,mand1436,glottocodeGBIproxy,glottocodeBase,huaa1248,mand1436,0.69951,0.55665,glottocodeBase,glottocodeBase,xooo1239,mand1436,0.01146,0.24355,GBI available,TLI available,both
Taa_West,Himba,"70%, 80%, 90%",tuuu1241,atla1278,"tuuu1241 ~ tuuu1241 , atla1278",19,19,xooo1239,here1253,glottocodeGBIproxy,glottocodeBase,huaa1248,here1253,0.69951,0.85222,glottocodeBase,glottocodeBase,xooo1239,here1253,0.01146,0.12321,GBI available,TLI available,both
Taa_West,Malawi_Chewa,"70%, 80%, 90%",tuuu1241,atla1278,"tuuu1241 ~ tuuu1241 , atla1278",19,19,xooo1239,nyan1308,glottocodeGBIproxy,no proxy,huaa1248,NA,0.69951,0.00000,glottocodeBase,glottocodeBase,xooo1239,nyan1308,0.01146,0.12034,GBI NOT available,TLI available,TLI only
Taa_West,Malawi_Ngoni,"70%, 80%, 90%",tuuu1241,atla1278,"tuuu1241 ~ tuuu1241 , atla1278",19,19,xooo1239,ngon1269,glottocodeGBIproxy,glottocodeGBIproxy,huaa1248,tanz1241,0.69951,0.82759,glottocodeBase,glottocodeBase,xooo1239,ngon1269,0.01146,0.06877,GBI available,TLI available,both
Taa_West,Malawi_Yao,"70%, 80%, 90%",tuuu1241,atla1278,"tuuu1241 ~ tuuu1241 , atla1278",19,19,xooo1239,yaoo1241,glottocodeGBIproxy,glottocodeBase,huaa1248,yaoo1241,0.69951,0.60099,glottocodeBase,glottocodeBase,xooo1239,yaoo1241,0.01146,0.16332,GBI available,TLI available,both
Taa_West,Mandenka,"70%, 80%, 90%",tuuu1241,mand1469,"tuuu1241 ~ tuuu1241 , mand1469",19,19,xooo1239,mand1436,glottocodeGBIproxy,glottocodeBase,huaa1248,mand1436,0.69951,0.55665,glottocodeBase,glottocodeBase,xooo1239,mand1436,0.01146,0.24355,GBI available,TLI available,both
Taa_West,Mbukushu,"70%, 80%, 90%",tuuu1241,atla1278,"tuuu1241 ~ tuuu1241 , atla1278",19,19,xooo1239,mbuk1240,glottocodeGBIproxy,no proxy,huaa1248,NA,0.69951,0.00000,glottocodeBase,glottocodeBase,xooo1239,mbuk1240,0.01146,0.09456,GBI NOT available,TLI available,TLI only
Taa_West,Mende,"70%, 80%, 90%",tuuu1241,mand1469,"tuuu1241 ~ tuuu1241 , mand1469",19,19,xooo1239,mend1266,glottocodeGBIproxy,glottocodeBase,huaa1248,mend1266,0.69951,0.30542,glottocodeBase,glottocodeBase,xooo1239,mend1266,0.01146,0.24355,GBI available,TLI available,both
Taa_West,Wambo,"70%, 80%, 90%",tuuu1241,atla1278,"tuuu1241 ~ tuuu1241 , atla1278",19,19,xooo1239,ndon1254,glottocodeGBIproxy,glottocodeGBIproxy,huaa1248,mbal1255,0.69951,0.46305,glottocodeBase,glottocodeBase,xooo1239,ndon1254,0.01146,0.22636,GBI available,TLI available,both
Taa_West,Yoruba,"70%, 80%, 90%",tuuu1241,atla1278,"tuuu1241 ~ tuuu1241 , atla1278",19,19,xooo1239,yoru1245,glottocodeGBIproxy,no proxy,huaa1248,NA,0.69951,0.00000,glottocodeBase,glottocodeBase,xooo1239,yoru1245,0.01146,0.63037,GBI NOT available,TLI available,TLI only
Taa_West,BantuSA_Zulu,"70%, 80%, 90%",tuuu1241,atla1278,"tuuu1241 ~ tuuu1241 , atla1278",19,13,xooo1239,zulu1248,glottocodeGBIproxy,glottocodeBase,huaa1248,zulu1248,0.69951,0.19704,glottocodeBase,glottocodeBase,xooo1239,zulu1248,0.01146,0.68768,GBI available,TLI available,both
Taa_West,Luhya,"70%, 80%, 90%",tuuu1241,atla1278,"tuuu1241 ~ tuuu1241 , atla1278",19,13,xooo1239,cent2288,glottocodeGBIproxy,no proxy,huaa1248,NA,0.69951,0.00000,glottocodeBase,glottocodeTLIproxy,xooo1239,tsot1241,0.01146,0.10315,GBI NOT available,TLI available,TLI only
Taa_West,Luo,"70%, 80%, 90%",tuuu1241,nilo1247,"tuuu1241 ~ tuuu1241 , nilo1247",19,13,xooo1239,luok1236,glottocodeGBIproxy,glottocodeBase,huaa1248,luok1236,0.69951,0.84729,glottocodeBase,glottocodeBase,xooo1239,luok1236,0.01146,0.30372,GBI available,TLI available,both
Teop,Nasioi,"70%, 80%",aust1307,sout2948,"aust1307 ~ aust1307 , sout2948",19,19,teop1238,nasi1247,glottocodeBase,glottocodeGBIproxy,teop1238,naas1242,0.66995,0.28079,glottocodeBase,glottocodeTLIproxy,teop1238,naas1242,0.08596,0.21777,GBI available,TLI available,both
Teop,Baining_Malasait,"70%, 80%, 90%",aust1307,bain1263,"aust1307 ~ aust1307 , bain1263",19, 8,teop1238,bain1263,glottocodeBase,glottocodeGBIproxy,teop1238,qaqe1238,0.66995,0.26108,glottocodeBase,glottocodeTLIproxy,teop1238,qaqe1238,0.08596,0.14327,GBI available,TLI available,both
Teop,Baining_Marabu,"70%, 80%, 90%",aust1307,bain1263,"aust1307 ~ aust1307 , bain1263",19, 8,teop1238,bain1263,glottocodeBase,glottocodeGBIproxy,teop1238,mali1284,0.66995,0.50739,glottocodeBase,glottocodeTLIproxy,teop1238,mali1284,0.08596,0.08309,GBI available,TLI available,both
Teop,Nasioi,"70%, 80%, 90%",aust1307,sout2948,"aust1307 ~ aust1307 , sout2948",19,19,teop1238,nasi1247,glottocodeBase,glottocodeGBIproxy,teop1238,naas1242,0.66995,0.28079,glottocodeBase,glottocodeTLIproxy,teop1238,naas1242,0.08596,0.21777,GBI available,TLI available,both
Teop,Ata_Bili,"70%, 80%, 90%",aust1307,pele1245,"aust1307 ~ aust1307 , pele1245",19, 6,teop1238,pele1245,glottocodeBase,glottocodeBase,teop1238,pele1245,0.66995,0.23645,glottocodeBase,glottocodeBase,teop1238,pele1245,0.08596,0.00287,GBI available,TLI available,both
Teop,Ata_Luge,"70%, 80%, 90%",aust1307,pele1245,"aust1307 ~ aust1307 , pele1245",19, 6,teop1238,pele1245,glottocodeBase,glottocodeBase,teop1238,pele1245,0.66995,0.23645,glottocodeBase,glottocodeBase,teop1238,pele1245,0.08596,0.00287,GBI available,TLI available,both
Teop,Ata_Uassilau,"70%, 80%, 90%",aust1307,pele1245,"aust1307 ~ aust1307 , pele1245",19, 6,teop1238,pele1245,glottocodeBase,glottocodeBase,teop1238,pele1245,0.66995,0.23645,glottocodeBase,glottocodeBase,teop1238,pele1245,0.08596,0.00287,GBI available,TLI available,both
Teop,Vella_Lavella,"70%, 80%, 90%",aust1307,bilu1245,"aust1307 ~ aust1307 , bilu1245",19, 8,teop1238,bilu1245,glottocodeBase,glottocodeBase,teop1238,bilu1245,0.66995,0.47291,glottocodeBase,glottocodeBase,teop1238,bilu1245,0.08596,0.20057,GBI available,TLI available,both
Tolai,Baining_Malasait,"70%, 80%",aust1307,bain1263,"aust1307 ~ aust1307 , bain1263",19,19,mini1257,bain1263,glottocodeGBIproxy,glottocodeGBIproxy,kuan1248,qaqe1238,0.69951,0.26108,glottocodeTLIproxy,glottocodeTLIproxy,kuan1248,qaqe1238,0.16619,0.14327,GBI available,TLI available,both
Tolai,Baining_Marabu,"70%, 80%",aust1307,bain1263,"aust1307 ~ aust1307 , bain1263",19,19,mini1257,bain1263,glottocodeGBIproxy,glottocodeGBIproxy,kuan1248,mali1284,0.69951,0.50739,glottocodeTLIproxy,glottocodeTLIproxy,kuan1248,mali1284,0.16619,0.08309,GBI available,TLI available,both
Tolai,Nasioi,"70%, 80%",aust1307,sout2948,"aust1307 ~ aust1307 , sout2948",19,19,mini1257,nasi1247,glottocodeGBIproxy,glottocodeGBIproxy,kuan1248,naas1242,0.69951,0.28079,glottocodeTLIproxy,glottocodeTLIproxy,kuan1248,naas1242,0.16619,0.21777,GBI available,TLI available,both
Tolai,Ata_Bili,"70%, 80%",aust1307,pele1245,"aust1307 ~ aust1307 , pele1245",19, 8,mini1257,pele1245,glottocodeGBIproxy,glottocodeBase,kuan1248,pele1245,0.69951,0.23645,glottocodeTLIproxy,glottocodeBase,kuan1248,pele1245,0.16619,0.00287,GBI available,TLI available,both
Tolai,Ata_Luge,"70%, 80%",aust1307,pele1245,"aust1307 ~ aust1307 , pele1245",19, 8,mini1257,pele1245,glottocodeGBIproxy,glottocodeBase,kuan1248,pele1245,0.69951,0.23645,glottocodeTLIproxy,glottocodeBase,kuan1248,pele1245,0.16619,0.00287,GBI available,TLI available,both
Tolai,Ata_Uassilau,"70%, 80%",aust1307,pele1245,"aust1307 ~ aust1307 , pele1245",19, 8,mini1257,pele1245,glottocodeGBIproxy,glottocodeBase,kuan1248,pele1245,0.69951,0.23645,glottocodeTLIproxy,glottocodeBase,kuan1248,pele1245,0.16619,0.00287,GBI available,TLI available,both
Tolai,Vella_Lavella,"70%, 80%",aust1307,bilu1245,"aust1307 ~ aust1307 , bilu1245",19, 8,mini1257,bilu1245,glottocodeGBIproxy,glottocodeBase,kuan1248,bilu1245,0.69951,0.47291,glottocodeTLIproxy,glottocodeBase,kuan1248,bilu1245,0.16619,0.20057,GBI available,TLI available,both
Tolai_Kabakada,Baining_Malasait,"70%, 80%",aust1307,bain1263,"aust1307 ~ aust1307 , bain1263",19,19,kaba1283,bain1263,glottocodeGBIproxy,glottocodeGBIproxy,kuan1248,qaqe1238,0.69951,0.26108,glottocodeTLIproxy,glottocodeTLIproxy,kuan1248,qaqe1238,0.16619,0.14327,GBI available,TLI available,both
Tolai_Kabakada,Baining_Marabu,"70%, 80%",aust1307,bain1263,"aust1307 ~ aust1307 , bain1263",19,19,kaba1283,bain1263,glottocodeGBIproxy,glottocodeGBIproxy,kuan1248,mali1284,0.69951,0.50739,glottocodeTLIproxy,glottocodeTLIproxy,kuan1248,mali1284,0.16619,0.08309,GBI available,TLI available,both
Tolai_Kabakada,Nasioi,"70%, 80%",aust1307,sout2948,"aust1307 ~ aust1307 , sout2948",19,19,kaba1283,nasi1247,glottocodeGBIproxy,glottocodeGBIproxy,kuan1248,naas1242,0.69951,0.28079,glottocodeTLIproxy,glottocodeTLIproxy,kuan1248,naas1242,0.16619,0.21777,GBI available,TLI available,both
Tolai_Kabakada,Ata_Bili,"70%, 80%",aust1307,pele1245,"aust1307 ~ aust1307 , pele1245",19, 8,kaba1283,pele1245,glottocodeGBIproxy,glottocodeBase,kuan1248,pele1245,0.69951,0.23645,glottocodeTLIproxy,glottocodeBase,kuan1248,pele1245,0.16619,0.00287,GBI available,TLI available,both
Tolai_Kabakada,Ata_Luge,"70%, 80%",aust1307,pele1245,"aust1307 ~ aust1307 , pele1245",19, 8,kaba1283,pele1245,glottocodeGBIproxy,glottocodeBase,kuan1248,pele1245,0.69951,0.23645,glottocodeTLIproxy,glottocodeBase,kuan1248,pele1245,0.16619,0.00287,GBI available,TLI available,both
Tolai_Kabakada,Ata_Uassilau,"70%, 80%",aust1307,pele1245,"aust1307 ~ aust1307 , pele1245",19, 8,kaba1283,pele1245,glottocodeGBIproxy,glottocodeBase,kuan1248,pele1245,0.69951,0.23645,glottocodeTLIproxy,glottocodeBase,kuan1248,pele1245,0.16619,0.00287,GBI available,TLI available,both
Tolai_Kabakada,Vella_Lavella,"70%, 80%",aust1307,bilu1245,"aust1307 ~ aust1307 , bilu1245",19, 8,kaba1283,bilu1245,glottocodeGBIproxy,glottocodeBase,kuan1248,bilu1245,0.69951,0.47291,glottocodeTLIproxy,glottocodeBase,kuan1248,bilu1245,0.16619,0.20057,GBI available,TLI available,both
Tolai_Matupit,Baining_Malasait,"70%, 80%",aust1307,bain1263,"aust1307 ~ aust1307 , bain1263",19,19,matu1260,bain1263,glottocodeGBIproxy,glottocodeGBIproxy,kuan1248,qaqe1238,0.69951,0.26108,glottocodeTLIproxy,glottocodeTLIproxy,kuan1248,qaqe1238,0.16619,0.14327,GBI available,TLI available,both
Tolai_Matupit,Baining_Marabu,"70%, 80%",aust1307,bain1263,"aust1307 ~ aust1307 , bain1263",19,19,matu1260,bain1263,glottocodeGBIproxy,glottocodeGBIproxy,kuan1248,mali1284,0.69951,0.50739,glottocodeTLIproxy,glottocodeTLIproxy,kuan1248,mali1284,0.16619,0.08309,GBI available,TLI available,both
Tolai_Matupit,Nasioi,"70%, 80%",aust1307,sout2948,"aust1307 ~ aust1307 , sout2948",19,19,matu1260,nasi1247,glottocodeGBIproxy,glottocodeGBIproxy,kuan1248,naas1242,0.69951,0.28079,glottocodeTLIproxy,glottocodeTLIproxy,kuan1248,naas1242,0.16619,0.21777,GBI available,TLI available,both
Tolai_Matupit,Ata_Bili,"70%, 80%",aust1307,pele1245,"aust1307 ~ aust1307 , pele1245",19, 8,matu1260,pele1245,glottocodeGBIproxy,glottocodeBase,kuan1248,pele1245,0.69951,0.23645,glottocodeTLIproxy,glottocodeBase,kuan1248,pele1245,0.16619,0.00287,GBI available,TLI available,both
Tolai_Matupit,Ata_Luge,"70%, 80%",aust1307,pele1245,"aust1307 ~ aust1307 , pele1245",19, 8,matu1260,pele1245,glottocodeGBIproxy,glottocodeBase,kuan1248,pele1245,0.69951,0.23645,glottocodeTLIproxy,glottocodeBase,kuan1248,pele1245,0.16619,0.00287,GBI available,TLI available,both
Tolai_Matupit,Ata_Uassilau,"70%, 80%",aust1307,pele1245,"aust1307 ~ aust1307 , pele1245",19, 8,matu1260,pele1245,glottocodeGBIproxy,glottocodeBase,kuan1248,pele1245,0.69951,0.23645,glottocodeTLIproxy,glottocodeBase,kuan1248,pele1245,0.16619,0.00287,GBI available,TLI available,both
Tolai_Matupit,Vella_Lavella,"70%, 80%",aust1307,bilu1245,"aust1307 ~ aust1307 , bilu1245",19, 8,matu1260,bilu1245,glottocodeGBIproxy,glottocodeBase,kuan1248,bilu1245,0.69951,0.47291,glottocodeTLIproxy,glottocodeBase,kuan1248,bilu1245,0.16619,0.20057,GBI available,TLI available,both
Tswana,Hoan,"70%, 80%, 90%",atla1278,kxaa1236,"atla1278 ~ atla1278 , kxaa1236",19,19,tswa1253,hoaa1235,glottocodeBase,glottocodeBase,tswa1253,hoaa1235,0.77833,0.76847,glottocodeBase,glottocodeBase,tswa1253,hoaa1235,0.05158,0.04011,GBI available,TLI available,both
Tswana,Ju_hoan_North,"70%, 80%, 90%",atla1278,kxaa1236,"atla1278 ~ atla1278 , kxaa1236",19,19,tswa1253,juho1239,glottocodeBase,glottocodeBase,tswa1253,juho1239,0.77833,0.22660,glottocodeBase,glottocodeBase,tswa1253,juho1239,0.05158,0.45272,GBI available,TLI available,both
Tswana,Ju_hoan_South,"70%, 80%, 90%",atla1278,kxaa1236,"atla1278 ~ atla1278 , kxaa1236",19,19,tswa1253,juho1239,glottocodeBase,glottocodeBase,tswa1253,juho1239,0.77833,0.22660,glottocodeBase,glottocodeBase,tswa1253,juho1239,0.05158,0.45272,GBI available,TLI available,both
Tswana,Naro,"70%, 80%, 90%",atla1278,khoe1240,"atla1278 ~ atla1278 , khoe1240",19,19,tswa1253,naro1249,glottocodeBase,no proxy,tswa1253,NA,0.77833,0.00000,glottocodeBase,glottocodeBase,tswa1253,naro1249,0.05158,0.04585,GBI NOT available,TLI available,TLI only
Tswana,San,"70%, 80%, 90%",atla1278,kxaa1236,"atla1278 ~ atla1278 , kxaa1236",19,19,tswa1253,juho1239,glottocodeBase,glottocodeBase,tswa1253,juho1239,0.77833,0.22660,glottocodeBase,glottocodeBase,tswa1253,juho1239,0.05158,0.45272,GBI available,TLI available,both
Tswana,Taa_East,"70%, 80%, 90%",atla1278,tuuu1241,"atla1278 ~ atla1278 , tuuu1241",19,19,tswa1253,huaa1248,glottocodeBase,glottocodeBase,tswa1253,huaa1248,0.77833,0.69951,glottocodeBase,glottocodeBase,tswa1253,huaa1248,0.05158,0.19484,GBI available,TLI available,both
Tswana,Taa_North,"70%, 80%, 90%",atla1278,tuuu1241,"atla1278 ~ atla1278 , tuuu1241",19,19,tswa1253,xooo1239,glottocodeBase,glottocodeGBIproxy,tswa1253,huaa1248,0.77833,0.69951,glottocodeBase,glottocodeBase,tswa1253,xooo1239,0.05158,0.01146,GBI available,TLI available,both
Tswana,Taa_West,"70%, 80%, 90%",atla1278,tuuu1241,"atla1278 ~ atla1278 , tuuu1241",19,19,tswa1253,xooo1239,glottocodeBase,glottocodeGBIproxy,tswa1253,huaa1248,0.77833,0.69951,glottocodeBase,glottocodeBase,tswa1253,xooo1239,0.05158,0.01146,GBI available,TLI available,both
Tswana,Xuun,"70%, 80%, 90%",atla1278,kxaa1236,"atla1278 ~ atla1278 , kxaa1236",19,13,tswa1253,kung1261,glottocodeBase,no proxy,tswa1253,NA,0.77833,0.00000,glottocodeBase,glottocodeBase,tswa1253,kung1261,0.05158,0.22350,GBI NOT available,TLI available,TLI only
UtcubambaSouth,Belarusian,"70%, 80%",quec1387,indo1319,"quec1387 ~ quec1387 , indo1319",19,12,chac1250,bela1254,no proxy,glottocodeBase,NA,bela1254,0,0.87685,glottocodeBase,glottocodeBase,chac1250,bela1254,0.10602,0.14040,GBI NOT available,TLI available,TLI only
UtcubambaSouth,Estonian,"70%, 80%",quec1387,ural1272,"quec1387 ~ quec1387 , ural1272",19,12,chac1250,esto1258,no proxy,glottocodeBase,NA,esto1258,0,0.86207,glottocodeBase,glottocodeBase,chac1250,esto1258,0.10602,0.46418,GBI NOT available,TLI available,TLI only
UtcubambaSouth,Finnish,"70%, 80%",quec1387,ural1272,"quec1387 ~ quec1387 , ural1272",19,12,chac1250,finn1318,no proxy,glottocodeBase,NA,finn1318,0,0.87192,glottocodeBase,glottocodeBase,chac1250,finn1318,0.10602,0.84527,GBI NOT available,TLI available,TLI only
UtcubambaSouth,Karelian_Northern,"70%, 80%",quec1387,ural1272,"quec1387 ~ quec1387 , ural1272",19,12,chac1250,nort2673,no proxy,glottocodeBase,NA,nort2673,0,0.85714,glottocodeBase,glottocodeTLIproxy,chac1250,kare1335,0.10602,0.20917,GBI NOT available,TLI available,TLI only
UtcubambaSouth,Karelian_Southern,"70%, 80%",quec1387,ural1272,"quec1387 ~ quec1387 , ural1272",19,12,chac1250,sout2676,no proxy,glottocodeGBIproxy,NA,tver1240,0,0.87192,glottocodeBase,glottocodeTLIproxy,chac1250,kare1335,0.10602,0.20917,GBI NOT available,TLI available,TLI only
UtcubambaSouth,Lithuanian,"70%, 80%",quec1387,indo1319,"quec1387 ~ quec1387 , indo1319",19,12,chac1250,lith1251,no proxy,glottocodeBase,NA,lith1251,0,0.86700,glottocodeBase,glottocodeBase,chac1250,lith1251,0.10602,0.53868,GBI NOT available,TLI available,TLI only
UtcubambaSouth,Russian_Archangelsk_Krasnoborsky,"70%, 80%",quec1387,indo1319,"quec1387 ~ quec1387 , indo1319",19,12,chac1250,russ1263,no proxy,glottocodeBase,NA,russ1263,0,0.92118,glottocodeBase,glottocodeBase,chac1250,russ1263,0.10602,0.85387,GBI NOT available,TLI available,TLI only
UtcubambaSouth,Russian_Archangelsk_Pinezhsky,"70%, 80%",quec1387,indo1319,"quec1387 ~ quec1387 , indo1319",19,12,chac1250,russ1263,no proxy,glottocodeBase,NA,russ1263,0,0.92118,glottocodeBase,glottocodeBase,chac1250,russ1263,0.10602,0.85387,GBI NOT available,TLI available,TLI only
UtcubambaSouth,Russian_Kaluga,"70%, 80%",quec1387,indo1319,"quec1387 ~ quec1387 , indo1319",19,12,chac1250,russ1263,no proxy,glottocodeBase,NA,russ1263,0,0.92118,glottocodeBase,glottocodeBase,chac1250,russ1263,0.10602,0.85387,GBI NOT available,TLI available,TLI only
UtcubambaSouth,Russian_Pskov_Ostrov,"70%, 80%",quec1387,indo1319,"quec1387 ~ quec1387 , indo1319",19,12,chac1250,russ1263,no proxy,glottocodeBase,NA,russ1263,0,0.92118,glottocodeBase,glottocodeBase,chac1250,russ1263,0.10602,0.85387,GBI NOT available,TLI available,TLI only
UtcubambaSouth,Russian_Pskov_Porkhov,"70%, 80%",quec1387,indo1319,"quec1387 ~ quec1387 , indo1319",19,12,chac1250,russ1263,no proxy,glottocodeBase,NA,russ1263,0,0.92118,glottocodeBase,glottocodeBase,chac1250,russ1263,0.10602,0.85387,GBI NOT available,TLI available,TLI only
UtcubambaSouth,Russian_Smolensk,"70%, 80%",quec1387,indo1319,"quec1387 ~ quec1387 , indo1319",19,12,chac1250,russ1263,no proxy,glottocodeBase,NA,russ1263,0,0.92118,glottocodeBase,glottocodeBase,chac1250,russ1263,0.10602,0.85387,GBI NOT available,TLI available,TLI only
UtcubambaSouth,Russian_Yaroslavl,"70%, 80%",quec1387,indo1319,"quec1387 ~ quec1387 , indo1319",19,12,chac1250,russ1263,no proxy,glottocodeBase,NA,russ1263,0,0.92118,glottocodeBase,glottocodeBase,chac1250,russ1263,0.10602,0.85387,GBI NOT available,TLI available,TLI only
UtcubambaSouth,Veps,"70%, 80%",quec1387,ural1272,"quec1387 ~ quec1387 , ural1272",19,12,chac1250,veps1250,no proxy,glottocodeBase,NA,veps1250,0,0.86700,glottocodeBase,glottocodeBase,chac1250,veps1250,0.10602,0.18052,GBI NOT available,TLI available,TLI only
UtcubambaSouth,German_Sorb,"70%, 80%",quec1387,indo1319,"quec1387 ~ quec1387 , indo1319",19,10,chac1250,sorb1249,no proxy,no proxy,NA,NA,0,0.00000,glottocodeBase,glottocodeTLIproxy,chac1250,uppe1395,0.10602,0.28367,GBI NOT available,TLI available,TLI only
UtcubambaSouth,Polish_Poznan,"70%, 80%",quec1387,indo1319,"quec1387 ~ quec1387 , indo1319",19,10,chac1250,poli1260,no proxy,glottocodeBase,NA,poli1260,0,0.93596,glottocodeBase,glottocodeBase,chac1250,poli1260,0.10602,0.56447,GBI NOT available,TLI available,TLI only
UtcubambaSouth,Russian,"70%, 80%",quec1387,indo1319,"quec1387 ~ quec1387 , indo1319",19,10,chac1250,russ1263,no proxy,glottocodeBase,NA,russ1263,0,0.92118,glottocodeBase,glottocodeBase,chac1250,russ1263,0.10602,0.85387,GBI NOT available,TLI available,TLI only
UtcubambaSouth,Russian_Kursk,"70%, 80%",quec1387,indo1319,"quec1387 ~ quec1387 , indo1319",19,10,chac1250,russ1263,no proxy,glottocodeBase,NA,russ1263,0,0.92118,glottocodeBase,glottocodeBase,chac1250,russ1263,0.10602,0.85387,GBI NOT available,TLI available,TLI only
UtcubambaSouth,Russian_Oryol,"70%, 80%",quec1387,indo1319,"quec1387 ~ quec1387 , indo1319",19,10,chac1250,russ1263,no proxy,glottocodeBase,NA,russ1263,0,0.92118,glottocodeBase,glottocodeBase,chac1250,russ1263,0.10602,0.85387,GBI NOT available,TLI available,TLI only
UtcubambaSouth,Russian_Ryazan_Spassk_Ryazansky,"70%, 80%",quec1387,indo1319,"quec1387 ~ quec1387 , indo1319",19,10,chac1250,russ1263,no proxy,glottocodeBase,NA,russ1263,0,0.92118,glottocodeBase,glottocodeBase,chac1250,russ1263,0.10602,0.85387,GBI NOT available,TLI available,TLI only
UtcubambaSouth,Russian_Tver,"70%, 80%",quec1387,indo1319,"quec1387 ~ quec1387 , indo1319",19,10,chac1250,russ1263,no proxy,glottocodeBase,NA,russ1263,0,0.92118,glottocodeBase,glottocodeBase,chac1250,russ1263,0.10602,0.85387,GBI NOT available,TLI available,TLI only
UtcubambaSouth,Ukrainian_East,"70%, 80%",quec1387,indo1319,"quec1387 ~ quec1387 , indo1319",19,10,chac1250,ukra1253,no proxy,glottocodeBase,NA,ukra1253,0,0.78325,glottocodeBase,glottocodeBase,chac1250,ukra1253,0.10602,0.32665,GBI NOT available,TLI available,TLI only
UtcubambaSouth,Ukrainian_Rovenskaya,"70%, 80%",quec1387,indo1319,"quec1387 ~ quec1387 , indo1319",19,10,chac1250,ukra1253,no proxy,glottocodeBase,NA,ukra1253,0,0.78325,glottocodeBase,glottocodeBase,chac1250,ukra1253,0.10602,0.32665,GBI NOT available,TLI available,TLI only
UtcubambaSouth,French_West,"70%, 80%",quec1387,indo1319,"quec1387 ~ quec1387 , indo1319",19, 9,chac1250,stan1290,no proxy,glottocodeBase,NA,stan1290,0,0.89655,glottocodeBase,glottocodeBase,chac1250,stan1290,0.10602,0.80802,GBI NOT available,TLI available,TLI only
UtcubambaSouth,German_Lipsian,"70%, 80%",quec1387,indo1319,"quec1387 ~ quec1387 , indo1319",19, 9,chac1250,stan1295,no proxy,no proxy,NA,NA,0,0.00000,glottocodeBase,glottocodeBase,chac1250,stan1295,0.10602,0.79370,GBI NOT available,TLI available,TLI only
UtcubambaSouth,Icelandic,"70%, 80%",quec1387,indo1319,"quec1387 ~ quec1387 , indo1319",19, 9,chac1250,icel1247,no proxy,glottocodeBase,NA,icel1247,0,0.86700,glottocodeBase,glottocodeBase,chac1250,icel1247,0.10602,0.59599,GBI NOT available,TLI available,TLI only
UtcubambaSouth,Irish_Connacht,"70%, 80%",quec1387,indo1319,"quec1387 ~ quec1387 , indo1319",19, 9,chac1250,conn1243,no proxy,glottocodeGBIproxy,NA,iris1253,0,0.92118,glottocodeBase,glottocodeTLIproxy,chac1250,iris1253,0.10602,0.54441,GBI NOT available,TLI available,TLI only
UtcubambaSouth,Irish_Cork_Kerry,"70%, 80%",quec1387,indo1319,"quec1387 ~ quec1387 , indo1319",19, 9,chac1250,iris1253,no proxy,glottocodeBase,NA,iris1253,0,0.92118,glottocodeBase,glottocodeBase,chac1250,iris1253,0.10602,0.54441,GBI NOT available,TLI available,TLI only
UtcubambaSouth,Irish_Leinster,"70%, 80%",quec1387,indo1319,"quec1387 ~ quec1387 , indo1319",19, 9,chac1250,iris1253,no proxy,glottocodeBase,NA,iris1253,0,0.92118,glottocodeBase,glottocodeBase,chac1250,iris1253,0.10602,0.54441,GBI NOT available,TLI available,TLI only
UtcubambaSouth,Irish_Munster,"70%, 80%",quec1387,indo1319,"quec1387 ~ quec1387 , indo1319",19, 9,chac1250,muns1250,no proxy,glottocodeGBIproxy,NA,iris1253,0,0.92118,glottocodeBase,glottocodeTLIproxy,chac1250,iris1253,0.10602,0.54441,GBI NOT available,TLI available,TLI only
UtcubambaSouth,Irish_Ulster,"70%, 80%",quec1387,indo1319,"quec1387 ~ quec1387 , indo1319",19, 9,chac1250,done1238,no proxy,glottocodeGBIproxy,NA,iris1253,0,0.92118,glottocodeBase,glottocodeTLIproxy,chac1250,iris1253,0.10602,0.54441,GBI NOT available,TLI available,TLI only
UtcubambaSouth,Norwegian,"70%, 80%",quec1387,indo1319,"quec1387 ~ quec1387 , indo1319",19, 9,chac1250,norw1258,no proxy,no proxy,NA,NA,0,0.00000,glottocodeBase,glottocodeBase,chac1250,norw1258,0.10602,0.34670,GBI NOT available,TLI available,TLI only
UtcubambaSouth,Orcadian,"70%, 80%",quec1387,indo1319,"quec1387 ~ quec1387 , indo1319",19, 9,chac1250,scot1243,no proxy,no proxy,NA,NA,0,0.00000,glottocodeBase,glottocodeBase,chac1250,scot1243,0.10602,0.10315,GBI NOT available,TLI available,TLI only
UtcubambaSouth,Polish_Lublin,"70%, 80%",quec1387,indo1319,"quec1387 ~ quec1387 , indo1319",19, 9,chac1250,poli1260,no proxy,glottocodeBase,NA,poli1260,0,0.93596,glottocodeBase,glottocodeBase,chac1250,poli1260,0.10602,0.56447,GBI NOT available,TLI available,TLI only
UtcubambaSouth,Russian_Belgorod,"70%, 80%",quec1387,indo1319,"quec1387 ~ quec1387 , indo1319",19, 9,chac1250,russ1263,no proxy,glottocodeBase,NA,russ1263,0,0.92118,glottocodeBase,glottocodeBase,chac1250,russ1263,0.10602,0.85387,GBI NOT available,TLI available,TLI only
UtcubambaSouth,Russian_Ryazan_Mihailovsky,"70%, 80%",quec1387,indo1319,"quec1387 ~ quec1387 , indo1319",19, 9,chac1250,russ1263,no proxy,glottocodeBase,NA,russ1263,0,0.92118,glottocodeBase,glottocodeBase,chac1250,russ1263,0.10602,0.85387,GBI NOT available,TLI available,TLI only
UtcubambaSouth,Scottish,"70%, 80%",quec1387,indo1319,"quec1387 ~ quec1387 , indo1319",19, 9,chac1250,scot1245,no proxy,no proxy,NA,NA,0,0.00000,glottocodeBase,glottocodeBase,chac1250,scot1245,0.10602,0.26934,GBI NOT available,TLI available,TLI only
UtcubambaSouth,Scottish_Dumfries_Galloway,"70%, 80%",quec1387,indo1319,"quec1387 ~ quec1387 , indo1319",19, 9,chac1250,scot1245,no proxy,no proxy,NA,NA,0,0.00000,glottocodeBase,glottocodeBase,chac1250,scot1245,0.10602,0.26934,GBI NOT available,TLI available,TLI only
UtcubambaSouth,Scottish_Fife,"70%, 80%",quec1387,indo1319,"quec1387 ~ quec1387 , indo1319",19, 9,chac1250,scot1245,no proxy,no proxy,NA,NA,0,0.00000,glottocodeBase,glottocodeBase,chac1250,scot1245,0.10602,0.26934,GBI NOT available,TLI available,TLI only
UtcubambaSouth,Scottish_Grampian,"70%, 80%",quec1387,indo1319,"quec1387 ~ quec1387 , indo1319",19, 9,chac1250,scot1245,no proxy,no proxy,NA,NA,0,0.00000,glottocodeBase,glottocodeBase,chac1250,scot1245,0.10602,0.26934,GBI NOT available,TLI available,TLI only
UtcubambaSouth,Scottish_Highlands,"70%, 80%",quec1387,indo1319,"quec1387 ~ quec1387 , indo1319",19, 9,chac1250,scot1245,no proxy,no proxy,NA,NA,0,0.00000,glottocodeBase,glottocodeBase,chac1250,scot1245,0.10602,0.26934,GBI NOT available,TLI available,TLI only
UtcubambaSouth,Scottish_Shetlandic,"70%, 80%",quec1387,indo1319,"quec1387 ~ quec1387 , indo1319",19, 9,chac1250,scot1245,no proxy,no proxy,NA,NA,0,0.00000,glottocodeBase,glottocodeBase,chac1250,scot1245,0.10602,0.26934,GBI NOT available,TLI available,TLI only
UtcubambaSouth,Ukrainian_Sumskaya,"70%, 80%",quec1387,indo1319,"quec1387 ~ quec1387 , indo1319",19, 9,chac1250,ukra1253,no proxy,glottocodeBase,NA,ukra1253,0,0.78325,glottocodeBase,glottocodeBase,chac1250,ukra1253,0.10602,0.32665,GBI NOT available,TLI available,TLI only
UtcubambaSouth,Ukrainian_Zhitomirskaya,"70%, 80%",quec1387,indo1319,"quec1387 ~ quec1387 , indo1319",19, 9,chac1250,ukra1253,no proxy,glottocodeBase,NA,ukra1253,0,0.78325,glottocodeBase,glottocodeBase,chac1250,ukra1253,0.10602,0.32665,GBI NOT available,TLI available,TLI only
UtcubambaSouth,Scottish_Borders,"70%, 80%",quec1387,indo1319,"quec1387 ~ quec1387 , indo1319",19, 8,chac1250,scot1245,no proxy,no proxy,NA,NA,0,0.00000,glottocodeBase,glottocodeBase,chac1250,scot1245,0.10602,0.26934,GBI NOT available,TLI available,TLI only
UtcubambaSouth,Czech,"70%, 80%",quec1387,indo1319,"quec1387 ~ quec1387 , indo1319",19, 6,chac1250,czec1258,no proxy,glottocodeBase,NA,czec1258,0,0.86700,glottocodeBase,glottocodeBase,chac1250,czec1258,0.10602,0.32951,GBI NOT available,TLI available,TLI only
UtcubambaSouth,English_Kent,"70%, 80%",quec1387,indo1319,"quec1387 ~ quec1387 , indo1319",19, 5,chac1250,stan1293,no proxy,glottocodeBase,NA,stan1293,0,0.85222,glottocodeBase,glottocodeBase,chac1250,stan1293,0.10602,0.82521,GBI NOT available,TLI available,TLI only
UtcubambaSouth,English_Cornwall,"70%, 80%",quec1387,indo1319,"quec1387 ~ quec1387 , indo1319",19, 1,chac1250,stan1293,no proxy,glottocodeBase,NA,stan1293,0,0.85222,glottocodeBase,glottocodeBase,chac1250,stan1293,0.10602,0.82521,GBI NOT available,TLI available,TLI only
UtcubambaSouth,Mordovian,"70%, 80%",quec1387,ural1272,"quec1387 ~ quec1387 , ural1272",19, 1,chac1250,erzy1239,no proxy,glottocodeBase,NA,erzy1239,0,0.84729,glottocodeBase,glottocodeBase,chac1250,erzy1239,0.10602,0.30659,GBI NOT available,TLI available,TLI only
UtcubambaSouth,Mordovian_Erzya,"70%, 80%",quec1387,ural1272,"quec1387 ~ quec1387 , ural1272",19, 1,chac1250,erzy1239,no proxy,glottocodeBase,NA,erzy1239,0,0.84729,glottocodeBase,glottocodeBase,chac1250,erzy1239,0.10602,0.30659,GBI NOT available,TLI available,TLI only
UtcubambaSouth,Mordovian_Moksha,"70%, 80%",quec1387,ural1272,"quec1387 ~ quec1387 , ural1272",19, 1,chac1250,moks1248,no proxy,glottocodeBase,NA,moks1248,0,0.88177,glottocodeBase,glottocodeBase,chac1250,moks1248,0.10602,0.19771,GBI NOT available,TLI available,TLI only
UtcubambaSouth,Russian_Archangelsk_Leshukonsky,"70%, 80%",quec1387,indo1319,"quec1387 ~ quec1387 , indo1319",19, 1,chac1250,russ1263,no proxy,glottocodeBase,NA,russ1263,0,0.92118,glottocodeBase,glottocodeBase,chac1250,russ1263,0.10602,0.85387,GBI NOT available,TLI available,TLI only
UtcubambaSouth,Ukrainian_West,"70%, 80%",quec1387,indo1319,"quec1387 ~ quec1387 , indo1319",19, 1,chac1250,ukra1253,no proxy,glottocodeBase,NA,ukra1253,0,0.78325,glottocodeBase,glottocodeBase,chac1250,ukra1253,0.10602,0.32665,GBI NOT available,TLI available,TLI only
Vanuatu_Paama,Baining_Malasait,70%,aust1307,bain1263,"aust1307 ~ aust1307 , bain1263",19,19,paam1238,bain1263,glottocodeBase,glottocodeGBIproxy,paam1238,qaqe1238,0.46798,0.26108,glottocodeBase,glottocodeTLIproxy,paam1238,qaqe1238,0.36103,0.14327,GBI available,TLI available,both
Vanuatu_Paama,Baining_Marabu,70%,aust1307,bain1263,"aust1307 ~ aust1307 , bain1263",19,19,paam1238,bain1263,glottocodeBase,glottocodeGBIproxy,paam1238,mali1284,0.46798,0.50739,glottocodeBase,glottocodeTLIproxy,paam1238,mali1284,0.36103,0.08309,GBI available,TLI available,both
Vanuatu_Paama,Ata_Bili,70%,aust1307,pele1245,"aust1307 ~ aust1307 , pele1245",19, 8,paam1238,pele1245,glottocodeBase,glottocodeBase,paam1238,pele1245,0.46798,0.23645,glottocodeBase,glottocodeBase,paam1238,pele1245,0.36103,0.00287,GBI available,TLI available,both
Vanuatu_Paama,Ata_Luge,70%,aust1307,pele1245,"aust1307 ~ aust1307 , pele1245",19, 8,paam1238,pele1245,glottocodeBase,glottocodeBase,paam1238,pele1245,0.46798,0.23645,glottocodeBase,glottocodeBase,paam1238,pele1245,0.36103,0.00287,GBI available,TLI available,both
Vanuatu_Paama,Ata_Uassilau,70%,aust1307,pele1245,"aust1307 ~ aust1307 , pele1245",19, 8,paam1238,pele1245,glottocodeBase,glottocodeBase,paam1238,pele1245,0.46798,0.23645,glottocodeBase,glottocodeBase,paam1238,pele1245,0.36103,0.00287,GBI available,TLI available,both
Vanuatu_Paama,Nasioi,70%,aust1307,sout2948,"aust1307 ~ aust1307 , sout2948",19, 7,paam1238,nasi1247,glottocodeBase,glottocodeGBIproxy,paam1238,naas1242,0.46798,0.28079,glottocodeBase,glottocodeTLIproxy,paam1238,naas1242,0.36103,0.21777,GBI available,TLI available,both
Vanuatu_Paama,Vella_Lavella,70%,aust1307,bilu1245,"aust1307 ~ aust1307 , bilu1245",19, 7,paam1238,bilu1245,glottocodeBase,glottocodeBase,paam1238,bilu1245,0.46798,0.47291,glottocodeBase,glottocodeBase,paam1238,bilu1245,0.36103,0.20057,GBI available,TLI available,both
Vanuatu_Santo_Mbauk,Baining_Malasait,70%,aust1307,bain1263,"aust1307 ~ aust1307 , bain1263",19,19,polo1242,bain1263,no proxy,glottocodeGBIproxy,NA,qaqe1238,0,0.26108,glottocodeBase,glottocodeTLIproxy,polo1242,qaqe1238,0.01146,0.14327,GBI NOT available,TLI available,TLI only
Vanuatu_Santo_Mbauk,Baining_Marabu,70%,aust1307,bain1263,"aust1307 ~ aust1307 , bain1263",19,19,polo1242,bain1263,no proxy,glottocodeGBIproxy,NA,mali1284,0,0.50739,glottocodeBase,glottocodeTLIproxy,polo1242,mali1284,0.01146,0.08309,GBI NOT available,TLI available,TLI only
Vanuatu_Santo_Rango,Baining_Malasait,70%,aust1307,bain1263,"aust1307 ~ aust1307 , bain1263",19,19,nara1263,bain1263,no proxy,glottocodeGBIproxy,NA,qaqe1238,0,0.26108,glottocodeBase,glottocodeTLIproxy,nara1263,qaqe1238,0.01146,0.14327,GBI NOT available,TLI available,TLI only
Vanuatu_Santo_Rango,Baining_Marabu,70%,aust1307,bain1263,"aust1307 ~ aust1307 , bain1263",19,19,nara1263,bain1263,no proxy,glottocodeGBIproxy,NA,mali1284,0,0.50739,glottocodeBase,glottocodeTLIproxy,nara1263,mali1284,0.01146,0.08309,GBI NOT available,TLI available,TLI only
Vanuatu_Santo_Sara,Baining_Malasait,70%,aust1307,bain1263,"aust1307 ~ aust1307 , bain1263",19,19,hano1246,bain1263,glottocodeBase,glottocodeGBIproxy,hano1246,qaqe1238,0.76355,0.26108,glottocodeBase,glottocodeTLIproxy,hano1246,qaqe1238,0.06304,0.14327,GBI available,TLI available,both
Vanuatu_Santo_Sara,Baining_Marabu,70%,aust1307,bain1263,"aust1307 ~ aust1307 , bain1263",19,19,hano1246,bain1263,glottocodeBase,glottocodeGBIproxy,hano1246,mali1284,0.76355,0.50739,glottocodeBase,glottocodeTLIproxy,hano1246,mali1284,0.06304,0.08309,GBI available,TLI available,both
Vella_Lavella,Kankanaey,"70%, 80%, 90%",bilu1245,aust1307,"bilu1245 ~ bilu1245 , aust1307",19, 8,bilu1245,kank1243,glottocodeBase,glottocodeBase,bilu1245,kank1243,0.47291,0.77833,glottocodeBase,glottocodeBase,bilu1245,kank1243,0.20057,0.00573,GBI available,TLI available,both
Vella_Lavella,Ami,"70%, 80%, 90%",bilu1245,aust1307,"bilu1245 ~ bilu1245 , aust1307",19, 3,bilu1245,amis1246,glottocodeBase,glottocodeBase,bilu1245,amis1246,0.47291,0.55172,glottocodeBase,glottocodeBase,bilu1245,amis1246,0.20057,0.03725,GBI available,TLI available,both
Vella_Lavella,Atayal,"70%, 80%, 90%",bilu1245,aust1307,"bilu1245 ~ bilu1245 , aust1307",19, 3,bilu1245,atay1247,glottocodeBase,glottocodeBase,bilu1245,atay1247,0.47291,0.49754,glottocodeBase,glottocodeBase,bilu1245,atay1247,0.20057,0.20917,GBI available,TLI available,both
Vella_Lavella,Bajo,"70%, 80%, 90%",bilu1245,aust1307,"bilu1245 ~ bilu1245 , aust1307",19, 3,bilu1245,indo1317,glottocodeBase,no proxy,bilu1245,NA,0.47291,0.00000,glottocodeBase,glottocodeBase,bilu1245,indo1317,0.20057,0.19198,GBI NOT available,TLI available,TLI only
Vella_Lavella,Dai,"70%, 80%, 90%",bilu1245,taik1256,"bilu1245 ~ bilu1245 , taik1256",19, 3,bilu1245,luuu1242,glottocodeBase,no proxy,bilu1245,NA,0.47291,0.00000,glottocodeBase,glottocodeBase,bilu1245,luuu1242,0.20057,0.12894,GBI NOT available,TLI available,TLI only
Vella_Lavella,Dusun,"70%, 80%, 90%",bilu1245,aust1307,"bilu1245 ~ bilu1245 , aust1307",19, 3,bilu1245,brun1245,glottocodeBase,glottocodeGBIproxy,bilu1245,saba1267,0.47291,0.46798,glottocodeBase,no proxy,bilu1245,NA,0.20057,0.00000,GBI available,TLI NOT available,GBI only
Vella_Lavella,Hakka_Taiwan,"70%, 80%, 90%",bilu1245,sino1245,"bilu1245 ~ bilu1245 , sino1245",19, 3,bilu1245,yuet1238,glottocodeBase,glottocodeGBIproxy,bilu1245,hakk1236,0.47291,0.55665,glottocodeBase,glottocodeTLIproxy,bilu1245,hakk1236,0.20057,0.16619,GBI available,TLI available,both
Vella_Lavella,Ilocano,"70%, 80%, 90%",bilu1245,aust1307,"bilu1245 ~ bilu1245 , aust1307",19, 3,bilu1245,ilok1237,glottocodeBase,glottocodeBase,bilu1245,ilok1237,0.47291,0.40394,glottocodeBase,glottocodeBase,bilu1245,ilok1237,0.20057,0.17765,GBI available,TLI available,both
Vella_Lavella,Kinh,"70%, 80%, 90%",bilu1245,aust1305,"bilu1245 ~ bilu1245 , aust1305",19, 3,bilu1245,viet1252,glottocodeBase,glottocodeBase,bilu1245,viet1252,0.47291,0.53695,glottocodeBase,glottocodeBase,bilu1245,viet1252,0.20057,0.57880,GBI available,TLI available,both
Vella_Lavella,Mamanwa1,"70%, 80%, 90%",bilu1245,aust1307,"bilu1245 ~ bilu1245 , aust1307",19, 3,bilu1245,mama1275,glottocodeBase,glottocodeBase,bilu1245,mama1275,0.47291,0.60591,glottocodeBase,glottocodeBase,bilu1245,mama1275,0.20057,0.06590,GBI available,TLI available,both
Vella_Lavella,Murut,"70%, 80%, 90%",bilu1245,aust1307,"bilu1245 ~ bilu1245 , aust1307",19, 3,bilu1245,muru1275,glottocodeBase,glottocodeGBIproxy,bilu1245,timu1262,0.47291,0.67488,glottocodeBase,glottocodeTLIproxy,bilu1245,timu1262,0.20057,0.09742,GBI available,TLI available,both
Vella_Lavella,She,"70%, 80%, 90%",bilu1245,hmon1336,"bilu1245 ~ bilu1245 , hmon1336",19, 3,bilu1245,shee1238,glottocodeBase,glottocodeBase,bilu1245,shee1238,0.47291,0.58128,glottocodeBase,glottocodeBase,bilu1245,shee1238,0.20057,0.04011,GBI available,TLI available,both
Vella_Lavella,Vietnamese_North,"70%, 80%, 90%",bilu1245,aust1305,"bilu1245 ~ bilu1245 , aust1305",19, 3,bilu1245,viet1252,glottocodeBase,glottocodeBase,bilu1245,viet1252,0.47291,0.53695,glottocodeBase,glottocodeBase,bilu1245,viet1252,0.20057,0.57880,GBI available,TLI available,both
Vella_Lavella,Vietnamese_South,"70%, 80%, 90%",bilu1245,aust1305,"bilu1245 ~ bilu1245 , aust1305",19, 3,bilu1245,viet1252,glottocodeBase,glottocodeBase,bilu1245,viet1252,0.47291,0.53695,glottocodeBase,glottocodeBase,bilu1245,viet1252,0.20057,0.57880,GBI available,TLI available,both
Vella_Lavella,Visayan,"70%, 80%, 90%",bilu1245,aust1307,"bilu1245 ~ bilu1245 , aust1307",19, 3,bilu1245,mind1257,glottocodeBase,glottocodeGBIproxy,bilu1245,cebu1242,0.47291,0.32020,glottocodeBase,glottocodeTLIproxy,bilu1245,cebu1242,0.20057,0.22350,GBI available,TLI available,both
Vella_Lavella,Lahu,"70%, 80%, 90%",bilu1245,sino1245,"bilu1245 ~ bilu1245 , sino1245",19, 1,bilu1245,lahu1253,glottocodeBase,glottocodeBase,bilu1245,lahu1253,0.47291,0.67980,glottocodeBase,glottocodeBase,bilu1245,lahu1253,0.20057,0.53582,GBI available,TLI available,both
Vella_Lavella,Tagalog,"70%, 80%, 90%",bilu1245,aust1307,"bilu1245 ~ bilu1245 , aust1307",19, 1,bilu1245,taga1270,glottocodeBase,glottocodeBase,bilu1245,taga1270,0.47291,0.38916,glottocodeBase,glottocodeBase,bilu1245,taga1270,0.20057,0.57020,GBI available,TLI available,both
Visayan,Nasioi,"70%, 80%",aust1307,sout2948,"aust1307 ~ aust1307 , sout2948",19, 3,mind1257,nasi1247,glottocodeGBIproxy,glottocodeGBIproxy,cebu1242,naas1242,0.3202,0.28079,glottocodeTLIproxy,glottocodeTLIproxy,cebu1242,naas1242,0.2235,0.21777,GBI available,TLI available,both
Visayan,Vella_Lavella,"70%, 80%",aust1307,bilu1245,"aust1307 ~ aust1307 , bilu1245",19, 3,mind1257,bilu1245,glottocodeGBIproxy,glottocodeBase,cebu1242,bilu1245,0.3202,0.47291,glottocodeTLIproxy,glottocodeBase,cebu1242,bilu1245,0.2235,0.20057,GBI available,TLI available,both
Visayan,Dai,"70%, 80%",aust1307,taik1256,"aust1307 ~ aust1307 , taik1256",19, 3,mind1257,luuu1242,glottocodeGBIproxy,no proxy,cebu1242,NA,0.3202,0.00000,glottocodeTLIproxy,glottocodeBase,cebu1242,luuu1242,0.2235,0.12894,GBI NOT available,TLI available,TLI only
Visayan,Hakka_Taiwan,"70%, 80%",aust1307,sino1245,"aust1307 ~ aust1307 , sino1245",19, 3,mind1257,yuet1238,glottocodeGBIproxy,glottocodeGBIproxy,cebu1242,hakk1236,0.3202,0.55665,glottocodeTLIproxy,glottocodeTLIproxy,cebu1242,hakk1236,0.2235,0.16619,GBI available,TLI available,both
Visayan,Kinh,"70%, 80%",aust1307,aust1305,"aust1307 ~ aust1307 , aust1305",19, 3,mind1257,viet1252,glottocodeGBIproxy,glottocodeBase,cebu1242,viet1252,0.3202,0.53695,glottocodeTLIproxy,glottocodeBase,cebu1242,viet1252,0.2235,0.57880,GBI available,TLI available,both
Visayan,She,"70%, 80%",aust1307,hmon1336,"aust1307 ~ aust1307 , hmon1336",19, 3,mind1257,shee1238,glottocodeGBIproxy,glottocodeBase,cebu1242,shee1238,0.3202,0.58128,glottocodeTLIproxy,glottocodeBase,cebu1242,shee1238,0.2235,0.04011,GBI available,TLI available,both
Visayan,Vietnamese_North,"70%, 80%",aust1307,aust1305,"aust1307 ~ aust1307 , aust1305",19, 3,mind1257,viet1252,glottocodeGBIproxy,glottocodeBase,cebu1242,viet1252,0.3202,0.53695,glottocodeTLIproxy,glottocodeBase,cebu1242,viet1252,0.2235,0.57880,GBI available,TLI available,both
Visayan,Vietnamese_South,"70%, 80%",aust1307,aust1305,"aust1307 ~ aust1307 , aust1305",19, 3,mind1257,viet1252,glottocodeGBIproxy,glottocodeBase,cebu1242,viet1252,0.3202,0.53695,glottocodeTLIproxy,glottocodeBase,cebu1242,viet1252,0.2235,0.57880,GBI available,TLI available,both
Visayan,Lahu,"70%, 80%",aust1307,sino1245,"aust1307 ~ aust1307 , sino1245",19, 1,mind1257,lahu1253,glottocodeGBIproxy,glottocodeBase,cebu1242,lahu1253,0.3202,0.67980,glottocodeTLIproxy,glottocodeBase,cebu1242,lahu1253,0.2235,0.53582,GBI available,TLI available,both
Xuun,BantuSA_Herero,"70%, 80%, 90%",kxaa1236,atla1278,"kxaa1236 ~ kxaa1236 , atla1278",19,19,kung1261,here1253,no proxy,glottocodeBase,NA,here1253,0,0.85222,glottocodeBase,glottocodeBase,kung1261,here1253,0.2235,0.12321,GBI NOT available,TLI available,TLI only
Xuun,BantuSA_Ovambo,"70%, 80%, 90%",kxaa1236,atla1278,"kxaa1236 ~ kxaa1236 , atla1278",19,19,kung1261,ndon1254,no proxy,glottocodeGBIproxy,NA,mbal1255,0,0.46305,glottocodeBase,glottocodeBase,kung1261,ndon1254,0.2235,0.22636,GBI NOT available,TLI available,TLI only
Xuun,Cameroon_Aghem,"70%, 80%, 90%",kxaa1236,atla1278,"kxaa1236 ~ kxaa1236 , atla1278",19,19,kung1261,aghe1239,no proxy,glottocodeBase,NA,aghe1239,0,0.74877,glottocodeBase,glottocodeBase,kung1261,aghe1239,0.2235,0.15759,GBI NOT available,TLI available,TLI only
Xuun,Cameroon_Bafut,"70%, 80%, 90%",kxaa1236,atla1278,"kxaa1236 ~ kxaa1236 , atla1278",19,19,kung1261,bafu1246,no proxy,glottocodeBase,NA,bafu1246,0,0.81281,glottocodeBase,glottocodeBase,kung1261,bafu1246,0.2235,0.14040,GBI NOT available,TLI available,TLI only
Xuun,Cameroon_Bakoko,"70%, 80%, 90%",kxaa1236,atla1278,"kxaa1236 ~ kxaa1236 , atla1278",19,19,kung1261,bako1249,no proxy,no proxy,NA,NA,0,0.00000,glottocodeBase,glottocodeTLIproxy,kung1261,basa1284,0.2235,0.20917,GBI NOT available,TLI available,TLI only
Xuun,Cameroon_Bangwa,"70%, 80%, 90%",kxaa1236,atla1278,"kxaa1236 ~ kxaa1236 , atla1278",19,19,kung1261,ndan1241,no proxy,glottocodeGBIproxy,NA,fefe1239,0,0.62562,glottocodeBase,glottocodeTLIproxy,kung1261,fefe1239,0.2235,0.12607,GBI NOT available,TLI available,TLI only
Xuun,Cameroon_Mbo,"70%, 80%, 90%",kxaa1236,atla1278,"kxaa1236 ~ kxaa1236 , atla1278",19,19,kung1261,mboc1235,no proxy,glottocodeBase,NA,mboc1235,0,0.68966,glottocodeBase,glottocodeBase,kung1261,mboc1235,0.2235,0.10888,GBI NOT available,TLI available,TLI only
Xuun,Damara,"70%, 80%, 90%",kxaa1236,khoe1240,"kxaa1236 ~ kxaa1236 , khoe1240",19,19,kung1261,nama1264,no proxy,glottocodeBase,NA,nama1264,0,0.42365,glottocodeBase,glottocodeBase,kung1261,nama1264,0.2235,0.57880,GBI NOT available,TLI available,TLI only
Xuun,Gambian,"70%, 80%, 90%",kxaa1236,mand1469,"kxaa1236 ~ kxaa1236 , mand1469",19,19,kung1261,mand1436,no proxy,glottocodeBase,NA,mand1436,0,0.55665,glottocodeBase,glottocodeBase,kung1261,mand1436,0.2235,0.24355,GBI NOT available,TLI available,TLI only
Xuun,Himba,"70%, 80%, 90%",kxaa1236,atla1278,"kxaa1236 ~ kxaa1236 , atla1278",19,19,kung1261,here1253,no proxy,glottocodeBase,NA,here1253,0,0.85222,glottocodeBase,glottocodeBase,kung1261,here1253,0.2235,0.12321,GBI NOT available,TLI available,TLI only
Xuun,Malawi_Chewa,"70%, 80%, 90%",kxaa1236,atla1278,"kxaa1236 ~ kxaa1236 , atla1278",19,19,kung1261,nyan1308,no proxy,no proxy,NA,NA,0,0.00000,glottocodeBase,glottocodeBase,kung1261,nyan1308,0.2235,0.12034,GBI NOT available,TLI available,TLI only
Xuun,Malawi_Ngoni,"70%, 80%, 90%",kxaa1236,atla1278,"kxaa1236 ~ kxaa1236 , atla1278",19,19,kung1261,ngon1269,no proxy,glottocodeGBIproxy,NA,tanz1241,0,0.82759,glottocodeBase,glottocodeBase,kung1261,ngon1269,0.2235,0.06877,GBI NOT available,TLI available,TLI only
Xuun,Malawi_Yao,"70%, 80%, 90%",kxaa1236,atla1278,"kxaa1236 ~ kxaa1236 , atla1278",19,19,kung1261,yaoo1241,no proxy,glottocodeBase,NA,yaoo1241,0,0.60099,glottocodeBase,glottocodeBase,kung1261,yaoo1241,0.2235,0.16332,GBI NOT available,TLI available,TLI only
Xuun,Mandenka,"70%, 80%, 90%",kxaa1236,mand1469,"kxaa1236 ~ kxaa1236 , mand1469",19,19,kung1261,mand1436,no proxy,glottocodeBase,NA,mand1436,0,0.55665,glottocodeBase,glottocodeBase,kung1261,mand1436,0.2235,0.24355,GBI NOT available,TLI available,TLI only
Xuun,Mbukushu,"70%, 80%, 90%",kxaa1236,atla1278,"kxaa1236 ~ kxaa1236 , atla1278",19,19,kung1261,mbuk1240,no proxy,no proxy,NA,NA,0,0.00000,glottocodeBase,glottocodeBase,kung1261,mbuk1240,0.2235,0.09456,GBI NOT available,TLI available,TLI only
Xuun,Mende,"70%, 80%, 90%",kxaa1236,mand1469,"kxaa1236 ~ kxaa1236 , mand1469",19,19,kung1261,mend1266,no proxy,glottocodeBase,NA,mend1266,0,0.30542,glottocodeBase,glottocodeBase,kung1261,mend1266,0.2235,0.24355,GBI NOT available,TLI available,TLI only
Xuun,Wambo,"70%, 80%, 90%",kxaa1236,atla1278,"kxaa1236 ~ kxaa1236 , atla1278",19,19,kung1261,ndon1254,no proxy,glottocodeGBIproxy,NA,mbal1255,0,0.46305,glottocodeBase,glottocodeBase,kung1261,ndon1254,0.2235,0.22636,GBI NOT available,TLI available,TLI only
Xuun,Yoruba,"70%, 80%, 90%",kxaa1236,atla1278,"kxaa1236 ~ kxaa1236 , atla1278",19,19,kung1261,yoru1245,no proxy,no proxy,NA,NA,0,0.00000,glottocodeBase,glottocodeBase,kung1261,yoru1245,0.2235,0.63037,GBI NOT available,TLI available,TLI only
Xuun,BantuSA_Zulu,"70%, 80%, 90%",kxaa1236,atla1278,"kxaa1236 ~ kxaa1236 , atla1278",19,13,kung1261,zulu1248,no proxy,glottocodeBase,NA,zulu1248,0,0.19704,glottocodeBase,glottocodeBase,kung1261,zulu1248,0.2235,0.68768,GBI NOT available,TLI available,TLI only
Xuun,Luhya,"70%, 80%, 90%",kxaa1236,atla1278,"kxaa1236 ~ kxaa1236 , atla1278",19,13,kung1261,cent2288,no proxy,no proxy,NA,NA,0,0.00000,glottocodeBase,glottocodeTLIproxy,kung1261,tsot1241,0.2235,0.10315,GBI NOT available,TLI available,TLI only
Xuun,Luo,"70%, 80%, 90%",kxaa1236,nilo1247,"kxaa1236 ~ kxaa1236 , nilo1247",19,13,kung1261,luok1236,no proxy,glottocodeBase,NA,luok1236,0,0.84729,glottocodeBase,glottocodeBase,kung1261,luok1236,0.2235,0.30372,GBI NOT available,TLI available,TLI only
Yaquis,Belarusian,70%,utoa1244,indo1319,"utoa1244 ~ utoa1244 , indo1319",19, 5,yaqu1251,bela1254,glottocodeBase,glottocodeBase,yaqu1251,bela1254,0.75862,0.87685,glottocodeBase,glottocodeBase,yaqu1251,bela1254,0.59026,0.14040,GBI available,TLI available,both
Yaquis,Estonian,70%,utoa1244,ural1272,"utoa1244 ~ utoa1244 , ural1272",19, 5,yaqu1251,esto1258,glottocodeBase,glottocodeBase,yaqu1251,esto1258,0.75862,0.86207,glottocodeBase,glottocodeBase,yaqu1251,esto1258,0.59026,0.46418,GBI available,TLI available,both
Yaquis,Finnish,70%,utoa1244,ural1272,"utoa1244 ~ utoa1244 , ural1272",19, 5,yaqu1251,finn1318,glottocodeBase,glottocodeBase,yaqu1251,finn1318,0.75862,0.87192,glottocodeBase,glottocodeBase,yaqu1251,finn1318,0.59026,0.84527,GBI available,TLI available,both
Yaquis,French_West,70%,utoa1244,indo1319,"utoa1244 ~ utoa1244 , indo1319",19, 5,yaqu1251,stan1290,glottocodeBase,glottocodeBase,yaqu1251,stan1290,0.75862,0.89655,glottocodeBase,glottocodeBase,yaqu1251,stan1290,0.59026,0.80802,GBI available,TLI available,both
Yaquis,German_Lipsian,70%,utoa1244,indo1319,"utoa1244 ~ utoa1244 , indo1319",19, 5,yaqu1251,stan1295,glottocodeBase,no proxy,yaqu1251,NA,0.75862,0.00000,glottocodeBase,glottocodeBase,yaqu1251,stan1295,0.59026,0.79370,GBI NOT available,TLI available,TLI only
Yaquis,German_Sorb,70%,utoa1244,indo1319,"utoa1244 ~ utoa1244 , indo1319",19, 5,yaqu1251,sorb1249,glottocodeBase,no proxy,yaqu1251,NA,0.75862,0.00000,glottocodeBase,glottocodeTLIproxy,yaqu1251,uppe1395,0.59026,0.28367,GBI NOT available,TLI available,TLI only
Yaquis,Icelandic,70%,utoa1244,indo1319,"utoa1244 ~ utoa1244 , indo1319",19, 5,yaqu1251,icel1247,glottocodeBase,glottocodeBase,yaqu1251,icel1247,0.75862,0.86700,glottocodeBase,glottocodeBase,yaqu1251,icel1247,0.59026,0.59599,GBI available,TLI available,both
Yaquis,Irish_Connacht,70%,utoa1244,indo1319,"utoa1244 ~ utoa1244 , indo1319",19, 5,yaqu1251,conn1243,glottocodeBase,glottocodeGBIproxy,yaqu1251,iris1253,0.75862,0.92118,glottocodeBase,glottocodeTLIproxy,yaqu1251,iris1253,0.59026,0.54441,GBI available,TLI available,both
Yaquis,Irish_Cork_Kerry,70%,utoa1244,indo1319,"utoa1244 ~ utoa1244 , indo1319",19, 5,yaqu1251,iris1253,glottocodeBase,glottocodeBase,yaqu1251,iris1253,0.75862,0.92118,glottocodeBase,glottocodeBase,yaqu1251,iris1253,0.59026,0.54441,GBI available,TLI available,both
Yaquis,Irish_Leinster,70%,utoa1244,indo1319,"utoa1244 ~ utoa1244 , indo1319",19, 5,yaqu1251,iris1253,glottocodeBase,glottocodeBase,yaqu1251,iris1253,0.75862,0.92118,glottocodeBase,glottocodeBase,yaqu1251,iris1253,0.59026,0.54441,GBI available,TLI available,both
Yaquis,Irish_Munster,70%,utoa1244,indo1319,"utoa1244 ~ utoa1244 , indo1319",19, 5,yaqu1251,muns1250,glottocodeBase,glottocodeGBIproxy,yaqu1251,iris1253,0.75862,0.92118,glottocodeBase,glottocodeTLIproxy,yaqu1251,iris1253,0.59026,0.54441,GBI available,TLI available,both
Yaquis,Irish_Ulster,70%,utoa1244,indo1319,"utoa1244 ~ utoa1244 , indo1319",19, 5,yaqu1251,done1238,glottocodeBase,glottocodeGBIproxy,yaqu1251,iris1253,0.75862,0.92118,glottocodeBase,glottocodeTLIproxy,yaqu1251,iris1253,0.59026,0.54441,GBI available,TLI available,both
Yaquis,Karelian_Northern,70%,utoa1244,ural1272,"utoa1244 ~ utoa1244 , ural1272",19, 5,yaqu1251,nort2673,glottocodeBase,glottocodeBase,yaqu1251,nort2673,0.75862,0.85714,glottocodeBase,glottocodeTLIproxy,yaqu1251,kare1335,0.59026,0.20917,GBI available,TLI available,both
Yaquis,Karelian_Southern,70%,utoa1244,ural1272,"utoa1244 ~ utoa1244 , ural1272",19, 5,yaqu1251,sout2676,glottocodeBase,glottocodeGBIproxy,yaqu1251,tver1240,0.75862,0.87192,glottocodeBase,glottocodeTLIproxy,yaqu1251,kare1335,0.59026,0.20917,GBI available,TLI available,both
Yaquis,Lithuanian,70%,utoa1244,indo1319,"utoa1244 ~ utoa1244 , indo1319",19, 5,yaqu1251,lith1251,glottocodeBase,glottocodeBase,yaqu1251,lith1251,0.75862,0.86700,glottocodeBase,glottocodeBase,yaqu1251,lith1251,0.59026,0.53868,GBI available,TLI available,both
Yaquis,Norwegian,70%,utoa1244,indo1319,"utoa1244 ~ utoa1244 , indo1319",19, 5,yaqu1251,norw1258,glottocodeBase,no proxy,yaqu1251,NA,0.75862,0.00000,glottocodeBase,glottocodeBase,yaqu1251,norw1258,0.59026,0.34670,GBI NOT available,TLI available,TLI only
Yaquis,Orcadian,70%,utoa1244,indo1319,"utoa1244 ~ utoa1244 , indo1319",19, 5,yaqu1251,scot1243,glottocodeBase,no proxy,yaqu1251,NA,0.75862,0.00000,glottocodeBase,glottocodeBase,yaqu1251,scot1243,0.59026,0.10315,GBI NOT available,TLI available,TLI only
Yaquis,Polish_Lublin,70%,utoa1244,indo1319,"utoa1244 ~ utoa1244 , indo1319",19, 5,yaqu1251,poli1260,glottocodeBase,glottocodeBase,yaqu1251,poli1260,0.75862,0.93596,glottocodeBase,glottocodeBase,yaqu1251,poli1260,0.59026,0.56447,GBI available,TLI available,both
Yaquis,Polish_Poznan,70%,utoa1244,indo1319,"utoa1244 ~ utoa1244 , indo1319",19, 5,yaqu1251,poli1260,glottocodeBase,glottocodeBase,yaqu1251,poli1260,0.75862,0.93596,glottocodeBase,glottocodeBase,yaqu1251,poli1260,0.59026,0.56447,GBI available,TLI available,both
Yaquis,Russian,70%,utoa1244,indo1319,"utoa1244 ~ utoa1244 , indo1319",19, 5,yaqu1251,russ1263,glottocodeBase,glottocodeBase,yaqu1251,russ1263,0.75862,0.92118,glottocodeBase,glottocodeBase,yaqu1251,russ1263,0.59026,0.85387,GBI available,TLI available,both
Yaquis,Russian_Archangelsk_Krasnoborsky,70%,utoa1244,indo1319,"utoa1244 ~ utoa1244 , indo1319",19, 5,yaqu1251,russ1263,glottocodeBase,glottocodeBase,yaqu1251,russ1263,0.75862,0.92118,glottocodeBase,glottocodeBase,yaqu1251,russ1263,0.59026,0.85387,GBI available,TLI available,both
Yaquis,Russian_Archangelsk_Pinezhsky,70%,utoa1244,indo1319,"utoa1244 ~ utoa1244 , indo1319",19, 5,yaqu1251,russ1263,glottocodeBase,glottocodeBase,yaqu1251,russ1263,0.75862,0.92118,glottocodeBase,glottocodeBase,yaqu1251,russ1263,0.59026,0.85387,GBI available,TLI available,both
Yaquis,Russian_Belgorod,70%,utoa1244,indo1319,"utoa1244 ~ utoa1244 , indo1319",19, 5,yaqu1251,russ1263,glottocodeBase,glottocodeBase,yaqu1251,russ1263,0.75862,0.92118,glottocodeBase,glottocodeBase,yaqu1251,russ1263,0.59026,0.85387,GBI available,TLI available,both
Yaquis,Russian_Kaluga,70%,utoa1244,indo1319,"utoa1244 ~ utoa1244 , indo1319",19, 5,yaqu1251,russ1263,glottocodeBase,glottocodeBase,yaqu1251,russ1263,0.75862,0.92118,glottocodeBase,glottocodeBase,yaqu1251,russ1263,0.59026,0.85387,GBI available,TLI available,both
Yaquis,Russian_Kursk,70%,utoa1244,indo1319,"utoa1244 ~ utoa1244 , indo1319",19, 5,yaqu1251,russ1263,glottocodeBase,glottocodeBase,yaqu1251,russ1263,0.75862,0.92118,glottocodeBase,glottocodeBase,yaqu1251,russ1263,0.59026,0.85387,GBI available,TLI available,both
Yaquis,Russian_Oryol,70%,utoa1244,indo1319,"utoa1244 ~ utoa1244 , indo1319",19, 5,yaqu1251,russ1263,glottocodeBase,glottocodeBase,yaqu1251,russ1263,0.75862,0.92118,glottocodeBase,glottocodeBase,yaqu1251,russ1263,0.59026,0.85387,GBI available,TLI available,both
Yaquis,Russian_Pskov_Ostrov,70%,utoa1244,indo1319,"utoa1244 ~ utoa1244 , indo1319",19, 5,yaqu1251,russ1263,glottocodeBase,glottocodeBase,yaqu1251,russ1263,0.75862,0.92118,glottocodeBase,glottocodeBase,yaqu1251,russ1263,0.59026,0.85387,GBI available,TLI available,both
Yaquis,Russian_Pskov_Porkhov,70%,utoa1244,indo1319,"utoa1244 ~ utoa1244 , indo1319",19, 5,yaqu1251,russ1263,glottocodeBase,glottocodeBase,yaqu1251,russ1263,0.75862,0.92118,glottocodeBase,glottocodeBase,yaqu1251,russ1263,0.59026,0.85387,GBI available,TLI available,both
Yaquis,Russian_Ryazan_Mihailovsky,70%,utoa1244,indo1319,"utoa1244 ~ utoa1244 , indo1319",19, 5,yaqu1251,russ1263,glottocodeBase,glottocodeBase,yaqu1251,russ1263,0.75862,0.92118,glottocodeBase,glottocodeBase,yaqu1251,russ1263,0.59026,0.85387,GBI available,TLI available,both
Yaquis,Russian_Ryazan_Spassk_Ryazansky,70%,utoa1244,indo1319,"utoa1244 ~ utoa1244 , indo1319",19, 5,yaqu1251,russ1263,glottocodeBase,glottocodeBase,yaqu1251,russ1263,0.75862,0.92118,glottocodeBase,glottocodeBase,yaqu1251,russ1263,0.59026,0.85387,GBI available,TLI available,both
Yaquis,Russian_Smolensk,70%,utoa1244,indo1319,"utoa1244 ~ utoa1244 , indo1319",19, 5,yaqu1251,russ1263,glottocodeBase,glottocodeBase,yaqu1251,russ1263,0.75862,0.92118,glottocodeBase,glottocodeBase,yaqu1251,russ1263,0.59026,0.85387,GBI available,TLI available,both
Yaquis,Russian_Tver,70%,utoa1244,indo1319,"utoa1244 ~ utoa1244 , indo1319",19, 5,yaqu1251,russ1263,glottocodeBase,glottocodeBase,yaqu1251,russ1263,0.75862,0.92118,glottocodeBase,glottocodeBase,yaqu1251,russ1263,0.59026,0.85387,GBI available,TLI available,both
Yaquis,Russian_Yaroslavl,70%,utoa1244,indo1319,"utoa1244 ~ utoa1244 , indo1319",19, 5,yaqu1251,russ1263,glottocodeBase,glottocodeBase,yaqu1251,russ1263,0.75862,0.92118,glottocodeBase,glottocodeBase,yaqu1251,russ1263,0.59026,0.85387,GBI available,TLI available,both
Yaquis,Scottish,70%,utoa1244,indo1319,"utoa1244 ~ utoa1244 , indo1319",19, 5,yaqu1251,scot1245,glottocodeBase,no proxy,yaqu1251,NA,0.75862,0.00000,glottocodeBase,glottocodeBase,yaqu1251,scot1245,0.59026,0.26934,GBI NOT available,TLI available,TLI only
Yaquis,Scottish_Borders,70%,utoa1244,indo1319,"utoa1244 ~ utoa1244 , indo1319",19, 5,yaqu1251,scot1245,glottocodeBase,no proxy,yaqu1251,NA,0.75862,0.00000,glottocodeBase,glottocodeBase,yaqu1251,scot1245,0.59026,0.26934,GBI NOT available,TLI available,TLI only
Yaquis,Scottish_Dumfries_Galloway,70%,utoa1244,indo1319,"utoa1244 ~ utoa1244 , indo1319",19, 5,yaqu1251,scot1245,glottocodeBase,no proxy,yaqu1251,NA,0.75862,0.00000,glottocodeBase,glottocodeBase,yaqu1251,scot1245,0.59026,0.26934,GBI NOT available,TLI available,TLI only
Yaquis,Scottish_Fife,70%,utoa1244,indo1319,"utoa1244 ~ utoa1244 , indo1319",19, 5,yaqu1251,scot1245,glottocodeBase,no proxy,yaqu1251,NA,0.75862,0.00000,glottocodeBase,glottocodeBase,yaqu1251,scot1245,0.59026,0.26934,GBI NOT available,TLI available,TLI only
Yaquis,Scottish_Grampian,70%,utoa1244,indo1319,"utoa1244 ~ utoa1244 , indo1319",19, 5,yaqu1251,scot1245,glottocodeBase,no proxy,yaqu1251,NA,0.75862,0.00000,glottocodeBase,glottocodeBase,yaqu1251,scot1245,0.59026,0.26934,GBI NOT available,TLI available,TLI only
Yaquis,Scottish_Highlands,70%,utoa1244,indo1319,"utoa1244 ~ utoa1244 , indo1319",19, 5,yaqu1251,scot1245,glottocodeBase,no proxy,yaqu1251,NA,0.75862,0.00000,glottocodeBase,glottocodeBase,yaqu1251,scot1245,0.59026,0.26934,GBI NOT available,TLI available,TLI only
Yaquis,Scottish_Shetlandic,70%,utoa1244,indo1319,"utoa1244 ~ utoa1244 , indo1319",19, 5,yaqu1251,scot1245,glottocodeBase,no proxy,yaqu1251,NA,0.75862,0.00000,glottocodeBase,glottocodeBase,yaqu1251,scot1245,0.59026,0.26934,GBI NOT available,TLI available,TLI only
Yaquis,Ukrainian_East,70%,utoa1244,indo1319,"utoa1244 ~ utoa1244 , indo1319",19, 5,yaqu1251,ukra1253,glottocodeBase,glottocodeBase,yaqu1251,ukra1253,0.75862,0.78325,glottocodeBase,glottocodeBase,yaqu1251,ukra1253,0.59026,0.32665,GBI available,TLI available,both
Yaquis,Ukrainian_Rovenskaya,70%,utoa1244,indo1319,"utoa1244 ~ utoa1244 , indo1319",19, 5,yaqu1251,ukra1253,glottocodeBase,glottocodeBase,yaqu1251,ukra1253,0.75862,0.78325,glottocodeBase,glottocodeBase,yaqu1251,ukra1253,0.59026,0.32665,GBI available,TLI available,both
Yaquis,Ukrainian_Sumskaya,70%,utoa1244,indo1319,"utoa1244 ~ utoa1244 , indo1319",19, 5,yaqu1251,ukra1253,glottocodeBase,glottocodeBase,yaqu1251,ukra1253,0.75862,0.78325,glottocodeBase,glottocodeBase,yaqu1251,ukra1253,0.59026,0.32665,GBI available,TLI available,both
Yaquis,Ukrainian_Zhitomirskaya,70%,utoa1244,indo1319,"utoa1244 ~ utoa1244 , indo1319",19, 5,yaqu1251,ukra1253,glottocodeBase,glottocodeBase,yaqu1251,ukra1253,0.75862,0.78325,glottocodeBase,glottocodeBase,yaqu1251,ukra1253,0.59026,0.32665,GBI available,TLI available,both
Yaquis,Veps,70%,utoa1244,ural1272,"utoa1244 ~ utoa1244 , ural1272",19, 5,yaqu1251,veps1250,glottocodeBase,glottocodeBase,yaqu1251,veps1250,0.75862,0.86700,glottocodeBase,glottocodeBase,yaqu1251,veps1250,0.59026,0.18052,GBI available,TLI available,both
Yaquis,Aymara,70%,utoa1244,ayma1253,"utoa1244 ~ utoa1244 , ayma1253",19, 5,yaqu1251,sout2996,glottocodeBase,glottocodeBase,yaqu1251,sout2996,0.75862,0.81281,glottocodeBase,glottocodeTLIproxy,yaqu1251,cent2142,0.59026,0.50143,GBI available,TLI available,both
Yaquis,Bolivia_Quechua,70%,utoa1244,quec1387,"utoa1244 ~ utoa1244 , quec1387",19, 5,yaqu1251,sout2991,glottocodeBase,no proxy,yaqu1251,NA,0.75862,0.00000,glottocodeBase,glottocodeBase,yaqu1251,sout2991,0.59026,0.26934,GBI NOT available,TLI available,TLI only
Yaquis,Cocama,70%,utoa1244,tupi1275,"utoa1244 ~ utoa1244 , tupi1275",19, 5,yaqu1251,coca1260,glottocodeBase,glottocodeGBIproxy,yaqu1251,coca1259,0.75862,0.79803,glottocodeBase,glottocodeTLIproxy,yaqu1251,coca1259,0.59026,0.23496,GBI available,TLI available,both
Yaquis,Cofan,70%,utoa1244,cofa1242,"utoa1244 ~ utoa1244 , cofa1242",19, 5,yaqu1251,cofa1242,glottocodeBase,glottocodeBase,yaqu1251,cofa1242,0.75862,0.60591,glottocodeBase,glottocodeBase,yaqu1251,cofa1242,0.59026,0.16619,GBI available,TLI available,both
Yaquis,Cusco,70%,utoa1244,quec1387,"utoa1244 ~ utoa1244 , quec1387",19, 5,yaqu1251,cusc1236,glottocodeBase,glottocodeBase,yaqu1251,cusc1236,0.75862,0.75369,glottocodeBase,glottocodeBase,yaqu1251,cusc1236,0.59026,0.15473,GBI available,TLI available,both
Yaquis,Huancas,70%,utoa1244,quec1387,"utoa1244 ~ utoa1244 , quec1387",19, 5,yaqu1251,chac1250,glottocodeBase,no proxy,yaqu1251,NA,0.75862,0.00000,glottocodeBase,glottocodeBase,yaqu1251,chac1250,0.59026,0.10602,GBI NOT available,TLI available,TLI only
Yaquis,Kamentsa,70%,utoa1244,cams1241,"utoa1244 ~ utoa1244 , cams1241",19, 5,yaqu1251,cams1241,glottocodeBase,glottocodeBase,yaqu1251,cams1241,0.75862,0.50739,glottocodeBase,glottocodeBase,yaqu1251,cams1241,0.59026,0.22350,GBI available,TLI available,both
Yaquis,KichwaOrellana,70%,utoa1244,quec1387,"utoa1244 ~ utoa1244 , quec1387",19, 5,yaqu1251,tena1240,glottocodeBase,no proxy,yaqu1251,NA,0.75862,0.00000,glottocodeBase,glottocodeBase,yaqu1251,tena1240,0.59026,0.10888,GBI NOT available,TLI available,TLI only
Yaquis,LaJalca,70%,utoa1244,quec1387,"utoa1244 ~ utoa1244 , quec1387",19, 5,yaqu1251,chac1250,glottocodeBase,no proxy,yaqu1251,NA,0.75862,0.00000,glottocodeBase,glottocodeBase,yaqu1251,chac1250,0.59026,0.10602,GBI NOT available,TLI available,TLI only
Yaquis,Luya,70%,utoa1244,quec1387,"utoa1244 ~ utoa1244 , quec1387",19, 5,yaqu1251,chac1250,glottocodeBase,no proxy,yaqu1251,NA,0.75862,0.00000,glottocodeBase,glottocodeBase,yaqu1251,chac1250,0.59026,0.10602,GBI NOT available,TLI available,TLI only
Yaquis,Peru_Quechua,70%,utoa1244,quec1387,"utoa1244 ~ utoa1244 , quec1387",19, 5,yaqu1251,cusc1236,glottocodeBase,glottocodeBase,yaqu1251,cusc1236,0.75862,0.75369,glottocodeBase,glottocodeBase,yaqu1251,cusc1236,0.59026,0.15473,GBI available,TLI available,both
Yaquis,Puno,70%,utoa1244,quec1387,"utoa1244 ~ utoa1244 , quec1387",19, 5,yaqu1251,puno1238,glottocodeBase,glottocodeGBIproxy,yaqu1251,cusc1236,0.75862,0.75369,glottocodeBase,glottocodeTLIproxy,yaqu1251,cusc1236,0.59026,0.15473,GBI available,TLI available,both
Yaquis,Ticuna,70%,utoa1244,ticu1244,"utoa1244 ~ utoa1244 , ticu1244",19, 5,yaqu1251,ticu1245,glottocodeBase,glottocodeBase,yaqu1251,ticu1245,0.75862,0.71921,glottocodeBase,glottocodeBase,yaqu1251,ticu1245,0.59026,0.17192,GBI available,TLI available,both
Yaquis,Wayku,70%,utoa1244,quec1387,"utoa1244 ~ utoa1244 , quec1387",19, 5,yaqu1251,sanm1289,glottocodeBase,glottocodeBase,yaqu1251,sanm1289,0.75862,0.70443,glottocodeBase,glottocodeBase,yaqu1251,sanm1289,0.59026,0.10602,GBI available,TLI available,both
Yaquis,Czech,70%,utoa1244,indo1319,"utoa1244 ~ utoa1244 , indo1319",19, 3,yaqu1251,czec1258,glottocodeBase,glottocodeBase,yaqu1251,czec1258,0.75862,0.86700,glottocodeBase,glottocodeBase,yaqu1251,czec1258,0.59026,0.32951,GBI available,TLI available,both
Yaquis,English_Kent,70%,utoa1244,indo1319,"utoa1244 ~ utoa1244 , indo1319",19, 2,yaqu1251,stan1293,glottocodeBase,glottocodeBase,yaqu1251,stan1293,0.75862,0.85222,glottocodeBase,glottocodeBase,yaqu1251,stan1293,0.59026,0.82521,GBI available,TLI available,both
Yaquis,English_Cornwall,70%,utoa1244,indo1319,"utoa1244 ~ utoa1244 , indo1319",19, 1,yaqu1251,stan1293,glottocodeBase,glottocodeBase,yaqu1251,stan1293,0.75862,0.85222,glottocodeBase,glottocodeBase,yaqu1251,stan1293,0.59026,0.82521,GBI available,TLI available,both
Yaquis,Mordovian,70%,utoa1244,ural1272,"utoa1244 ~ utoa1244 , ural1272",19, 1,yaqu1251,erzy1239,glottocodeBase,glottocodeBase,yaqu1251,erzy1239,0.75862,0.84729,glottocodeBase,glottocodeBase,yaqu1251,erzy1239,0.59026,0.30659,GBI available,TLI available,both
Yaquis,Mordovian_Erzya,70%,utoa1244,ural1272,"utoa1244 ~ utoa1244 , ural1272",19, 1,yaqu1251,erzy1239,glottocodeBase,glottocodeBase,yaqu1251,erzy1239,0.75862,0.84729,glottocodeBase,glottocodeBase,yaqu1251,erzy1239,0.59026,0.30659,GBI available,TLI available,both
Yaquis,Mordovian_Moksha,70%,utoa1244,ural1272,"utoa1244 ~ utoa1244 , ural1272",19, 1,yaqu1251,moks1248,glottocodeBase,glottocodeBase,yaqu1251,moks1248,0.75862,0.88177,glottocodeBase,glottocodeBase,yaqu1251,moks1248,0.59026,0.19771,GBI available,TLI available,both
Yaquis,Russian_Archangelsk_Leshukonsky,70%,utoa1244,indo1319,"utoa1244 ~ utoa1244 , indo1319",19, 1,yaqu1251,russ1263,glottocodeBase,glottocodeBase,yaqu1251,russ1263,0.75862,0.92118,glottocodeBase,glottocodeBase,yaqu1251,russ1263,0.59026,0.85387,GBI available,TLI available,both
Yaquis,Ukrainian_West,70%,utoa1244,indo1319,"utoa1244 ~ utoa1244 , indo1319",19, 1,yaqu1251,ukra1253,glottocodeBase,glottocodeBase,yaqu1251,ukra1253,0.75862,0.78325,glottocodeBase,glottocodeBase,yaqu1251,ukra1253,0.59026,0.32665,GBI available,TLI available,both
Ata_Bili,Baining_Malasait,"70%, 80%, 90%",pele1245,bain1263,"pele1245 ~ pele1245 , bain1263",18, 9,pele1245,bain1263,glottocodeBase,glottocodeGBIproxy,pele1245,qaqe1238,0.23645,0.26108,glottocodeBase,glottocodeTLIproxy,pele1245,qaqe1238,0.00287,0.14327,GBI available,TLI available,both
Ata_Bili,Baining_Marabu,"70%, 80%, 90%",pele1245,bain1263,"pele1245 ~ pele1245 , bain1263",18, 9,pele1245,bain1263,glottocodeBase,glottocodeGBIproxy,pele1245,mali1284,0.23645,0.50739,glottocodeBase,glottocodeTLIproxy,pele1245,mali1284,0.00287,0.08309,GBI available,TLI available,both
Ata_Bili,Kankanaey,"70%, 80%, 90%",pele1245,aust1307,"pele1245 ~ pele1245 , aust1307",18, 5,pele1245,kank1243,glottocodeBase,glottocodeBase,pele1245,kank1243,0.23645,0.77833,glottocodeBase,glottocodeBase,pele1245,kank1243,0.00287,0.00573,GBI available,TLI available,both
Ata_Bili,Rennell_and_Bellona,"70%, 80%, 90%",pele1245,aust1307,"pele1245 ~ pele1245 , aust1307",18, 2,pele1245,renn1242,glottocodeBase,glottocodeBase,pele1245,renn1242,0.23645,0.68966,glottocodeBase,glottocodeBase,pele1245,renn1242,0.00287,0.01146,GBI available,TLI available,both
Ata_Bili,Tahiti,"70%, 80%, 90%",pele1245,aust1307,"pele1245 ~ pele1245 , aust1307",18, 2,pele1245,tahi1242,glottocodeBase,glottocodeBase,pele1245,tahi1242,0.23645,0.78818,glottocodeBase,glottocodeBase,pele1245,tahi1242,0.00287,0.16046,GBI available,TLI available,both
Ata_Bili,Tikopia,"70%, 80%, 90%",pele1245,aust1307,"pele1245 ~ pele1245 , aust1307",18, 2,pele1245,tiko1237,glottocodeBase,glottocodeBase,pele1245,tiko1237,0.23645,0.72906,glottocodeBase,glottocodeBase,pele1245,tiko1237,0.00287,0.00573,GBI available,TLI available,both
Ata_Bili,Tongan,"70%, 80%, 90%",pele1245,aust1307,"pele1245 ~ pele1245 , aust1307",18, 2,pele1245,tong1325,glottocodeBase,glottocodeBase,pele1245,tong1325,0.23645,0.68966,glottocodeBase,glottocodeBase,pele1245,tong1325,0.00287,0.26074,GBI available,TLI available,both
Ata_Luge,Baining_Malasait,"70%, 80%, 90%",pele1245,bain1263,"pele1245 ~ pele1245 , bain1263",18, 9,pele1245,bain1263,glottocodeBase,glottocodeGBIproxy,pele1245,qaqe1238,0.23645,0.26108,glottocodeBase,glottocodeTLIproxy,pele1245,qaqe1238,0.00287,0.14327,GBI available,TLI available,both
Ata_Luge,Baining_Marabu,"70%, 80%, 90%",pele1245,bain1263,"pele1245 ~ pele1245 , bain1263",18, 9,pele1245,bain1263,glottocodeBase,glottocodeGBIproxy,pele1245,mali1284,0.23645,0.50739,glottocodeBase,glottocodeTLIproxy,pele1245,mali1284,0.00287,0.08309,GBI available,TLI available,both
Ata_Luge,Kankanaey,"70%, 80%, 90%",pele1245,aust1307,"pele1245 ~ pele1245 , aust1307",18, 5,pele1245,kank1243,glottocodeBase,glottocodeBase,pele1245,kank1243,0.23645,0.77833,glottocodeBase,glottocodeBase,pele1245,kank1243,0.00287,0.00573,GBI available,TLI available,both
Ata_Luge,Rennell_and_Bellona,"70%, 80%, 90%",pele1245,aust1307,"pele1245 ~ pele1245 , aust1307",18, 2,pele1245,renn1242,glottocodeBase,glottocodeBase,pele1245,renn1242,0.23645,0.68966,glottocodeBase,glottocodeBase,pele1245,renn1242,0.00287,0.01146,GBI available,TLI available,both
Ata_Luge,Tahiti,"70%, 80%, 90%",pele1245,aust1307,"pele1245 ~ pele1245 , aust1307",18, 2,pele1245,tahi1242,glottocodeBase,glottocodeBase,pele1245,tahi1242,0.23645,0.78818,glottocodeBase,glottocodeBase,pele1245,tahi1242,0.00287,0.16046,GBI available,TLI available,both
Ata_Luge,Tikopia,"70%, 80%, 90%",pele1245,aust1307,"pele1245 ~ pele1245 , aust1307",18, 2,pele1245,tiko1237,glottocodeBase,glottocodeBase,pele1245,tiko1237,0.23645,0.72906,glottocodeBase,glottocodeBase,pele1245,tiko1237,0.00287,0.00573,GBI available,TLI available,both
Ata_Luge,Tongan,"70%, 80%, 90%",pele1245,aust1307,"pele1245 ~ pele1245 , aust1307",18, 2,pele1245,tong1325,glottocodeBase,glottocodeBase,pele1245,tong1325,0.23645,0.68966,glottocodeBase,glottocodeBase,pele1245,tong1325,0.00287,0.26074,GBI available,TLI available,both
Dusun,Onge,"70%, 80%, 90%",aust1307,jara1244,"aust1307 ~ aust1307 , jara1244",18, 2,brun1245,onge1236,glottocodeGBIproxy,glottocodeBase,saba1267,onge1236,0.46798,0.21675,no proxy,glottocodeBase,NA,onge1236,0,0.18052,GBI available,TLI NOT available,GBI only
Mamanwa,Onge,70%,aust1307,jara1244,"aust1307 ~ aust1307 , jara1244",18,14,mama1275,onge1236,glottocodeBase,glottocodeBase,mama1275,onge1236,0.60591,0.21675,glottocodeBase,glottocodeBase,mama1275,onge1236,0.0659,0.18052,GBI available,TLI available,both
Mamanwa,Nasioi,70%,aust1307,sout2948,"aust1307 ~ aust1307 , sout2948",18, 1,mama1275,nasi1247,glottocodeBase,glottocodeGBIproxy,mama1275,naas1242,0.60591,0.28079,glottocodeBase,glottocodeTLIproxy,mama1275,naas1242,0.0659,0.21777,GBI available,TLI available,both
Mamanwa,Vella_Lavella,70%,aust1307,bilu1245,"aust1307 ~ aust1307 , bilu1245",18, 1,mama1275,bilu1245,glottocodeBase,glottocodeBase,mama1275,bilu1245,0.60591,0.47291,glottocodeBase,glottocodeBase,mama1275,bilu1245,0.0659,0.20057,GBI available,TLI available,both
Mamanwa,Mala,70%,aust1307,drav1251,"aust1307 ~ aust1307 , drav1251",18, 1,mama1275,telu1262,glottocodeBase,glottocodeBase,mama1275,telu1262,0.60591,0.59606,glottocodeBase,glottocodeBase,mama1275,telu1262,0.0659,0.36103,GBI available,TLI available,both
Mamanwa,Dai,70%,aust1307,taik1256,"aust1307 ~ aust1307 , taik1256",18, 3,mama1275,luuu1242,glottocodeBase,no proxy,mama1275,NA,0.60591,0.00000,glottocodeBase,glottocodeBase,mama1275,luuu1242,0.0659,0.12894,GBI NOT available,TLI available,TLI only
Mamanwa,Hakka_Taiwan,70%,aust1307,sino1245,"aust1307 ~ aust1307 , sino1245",18, 3,mama1275,yuet1238,glottocodeBase,glottocodeGBIproxy,mama1275,hakk1236,0.60591,0.55665,glottocodeBase,glottocodeTLIproxy,mama1275,hakk1236,0.0659,0.16619,GBI available,TLI available,both
Mamanwa,Kinh,70%,aust1307,aust1305,"aust1307 ~ aust1307 , aust1305",18, 3,mama1275,viet1252,glottocodeBase,glottocodeBase,mama1275,viet1252,0.60591,0.53695,glottocodeBase,glottocodeBase,mama1275,viet1252,0.0659,0.57880,GBI available,TLI available,both
Mamanwa,She,70%,aust1307,hmon1336,"aust1307 ~ aust1307 , hmon1336",18, 3,mama1275,shee1238,glottocodeBase,glottocodeBase,mama1275,shee1238,0.60591,0.58128,glottocodeBase,glottocodeBase,mama1275,shee1238,0.0659,0.04011,GBI available,TLI available,both
Mamanwa,Vietnamese_North,70%,aust1307,aust1305,"aust1307 ~ aust1307 , aust1305",18, 3,mama1275,viet1252,glottocodeBase,glottocodeBase,mama1275,viet1252,0.60591,0.53695,glottocodeBase,glottocodeBase,mama1275,viet1252,0.0659,0.57880,GBI available,TLI available,both
Mamanwa,Vietnamese_South,70%,aust1307,aust1305,"aust1307 ~ aust1307 , aust1305",18, 3,mama1275,viet1252,glottocodeBase,glottocodeBase,mama1275,viet1252,0.60591,0.53695,glottocodeBase,glottocodeBase,mama1275,viet1252,0.0659,0.57880,GBI available,TLI available,both
Mamanwa,Lahu,70%,aust1307,sino1245,"aust1307 ~ aust1307 , sino1245",18, 1,mama1275,lahu1253,glottocodeBase,glottocodeBase,mama1275,lahu1253,0.60591,0.67980,glottocodeBase,glottocodeBase,mama1275,lahu1253,0.0659,0.53582,GBI available,TLI available,both
Tagalog,Nasioi,"70%, 80%",aust1307,sout2948,"aust1307 ~ aust1307 , sout2948",18, 2,taga1270,nasi1247,glottocodeBase,glottocodeGBIproxy,taga1270,naas1242,0.38916,0.28079,glottocodeBase,glottocodeTLIproxy,taga1270,naas1242,0.5702,0.21777,GBI available,TLI available,both
Tagalog,Vella_Lavella,"70%, 80%",aust1307,bilu1245,"aust1307 ~ aust1307 , bilu1245",18, 2,taga1270,bilu1245,glottocodeBase,glottocodeBase,taga1270,bilu1245,0.38916,0.47291,glottocodeBase,glottocodeBase,taga1270,bilu1245,0.5702,0.20057,GBI available,TLI available,both
Tagalog,Dai,"70%, 80%",aust1307,taik1256,"aust1307 ~ aust1307 , taik1256",18, 2,taga1270,luuu1242,glottocodeBase,no proxy,taga1270,NA,0.38916,0.00000,glottocodeBase,glottocodeBase,taga1270,luuu1242,0.5702,0.12894,GBI NOT available,TLI available,TLI only
Tagalog,Hakka_Taiwan,"70%, 80%",aust1307,sino1245,"aust1307 ~ aust1307 , sino1245",18, 2,taga1270,yuet1238,glottocodeBase,glottocodeGBIproxy,taga1270,hakk1236,0.38916,0.55665,glottocodeBase,glottocodeTLIproxy,taga1270,hakk1236,0.5702,0.16619,GBI available,TLI available,both
Tagalog,Kinh,"70%, 80%",aust1307,aust1305,"aust1307 ~ aust1307 , aust1305",18, 2,taga1270,viet1252,glottocodeBase,glottocodeBase,taga1270,viet1252,0.38916,0.53695,glottocodeBase,glottocodeBase,taga1270,viet1252,0.5702,0.57880,GBI available,TLI available,both
Tagalog,She,"70%, 80%",aust1307,hmon1336,"aust1307 ~ aust1307 , hmon1336",18, 2,taga1270,shee1238,glottocodeBase,glottocodeBase,taga1270,shee1238,0.38916,0.58128,glottocodeBase,glottocodeBase,taga1270,shee1238,0.5702,0.04011,GBI available,TLI available,both
Tagalog,Vietnamese_North,"70%, 80%",aust1307,aust1305,"aust1307 ~ aust1307 , aust1305",18, 2,taga1270,viet1252,glottocodeBase,glottocodeBase,taga1270,viet1252,0.38916,0.53695,glottocodeBase,glottocodeBase,taga1270,viet1252,0.5702,0.57880,GBI available,TLI available,both
Tagalog,Vietnamese_South,"70%, 80%",aust1307,aust1305,"aust1307 ~ aust1307 , aust1305",18, 2,taga1270,viet1252,glottocodeBase,glottocodeBase,taga1270,viet1252,0.38916,0.53695,glottocodeBase,glottocodeBase,taga1270,viet1252,0.5702,0.57880,GBI available,TLI available,both
Tagalog,Lahu,"70%, 80%",aust1307,sino1245,"aust1307 ~ aust1307 , sino1245",18, 1,taga1270,lahu1253,glottocodeBase,glottocodeBase,taga1270,lahu1253,0.38916,0.67980,glottocodeBase,glottocodeBase,taga1270,lahu1253,0.5702,0.53582,GBI available,TLI available,both
Tahiti,Belarusian,"70%, 80%, 90%",aust1307,indo1319,"aust1307 ~ aust1307 , indo1319",18, 8,tahi1242,bela1254,glottocodeBase,glottocodeBase,tahi1242,bela1254,0.78818,0.87685,glottocodeBase,glottocodeBase,tahi1242,bela1254,0.16046,0.14040,GBI available,TLI available,both
Tahiti,Estonian,"70%, 80%, 90%",aust1307,ural1272,"aust1307 ~ aust1307 , ural1272",18, 8,tahi1242,esto1258,glottocodeBase,glottocodeBase,tahi1242,esto1258,0.78818,0.86207,glottocodeBase,glottocodeBase,tahi1242,esto1258,0.16046,0.46418,GBI available,TLI available,both
Tahiti,Finnish,"70%, 80%, 90%",aust1307,ural1272,"aust1307 ~ aust1307 , ural1272",18, 8,tahi1242,finn1318,glottocodeBase,glottocodeBase,tahi1242,finn1318,0.78818,0.87192,glottocodeBase,glottocodeBase,tahi1242,finn1318,0.16046,0.84527,GBI available,TLI available,both
Tahiti,Karelian_Northern,"70%, 80%, 90%",aust1307,ural1272,"aust1307 ~ aust1307 , ural1272",18, 8,tahi1242,nort2673,glottocodeBase,glottocodeBase,tahi1242,nort2673,0.78818,0.85714,glottocodeBase,glottocodeTLIproxy,tahi1242,kare1335,0.16046,0.20917,GBI available,TLI available,both
Tahiti,Karelian_Southern,"70%, 80%, 90%",aust1307,ural1272,"aust1307 ~ aust1307 , ural1272",18, 8,tahi1242,sout2676,glottocodeBase,glottocodeGBIproxy,tahi1242,tver1240,0.78818,0.87192,glottocodeBase,glottocodeTLIproxy,tahi1242,kare1335,0.16046,0.20917,GBI available,TLI available,both
Tahiti,Lithuanian,"70%, 80%, 90%",aust1307,indo1319,"aust1307 ~ aust1307 , indo1319",18, 8,tahi1242,lith1251,glottocodeBase,glottocodeBase,tahi1242,lith1251,0.78818,0.86700,glottocodeBase,glottocodeBase,tahi1242,lith1251,0.16046,0.53868,GBI available,TLI available,both
Tahiti,Russian_Archangelsk_Krasnoborsky,"70%, 80%, 90%",aust1307,indo1319,"aust1307 ~ aust1307 , indo1319",18, 8,tahi1242,russ1263,glottocodeBase,glottocodeBase,tahi1242,russ1263,0.78818,0.92118,glottocodeBase,glottocodeBase,tahi1242,russ1263,0.16046,0.85387,GBI available,TLI available,both
Tahiti,Russian_Archangelsk_Pinezhsky,"70%, 80%, 90%",aust1307,indo1319,"aust1307 ~ aust1307 , indo1319",18, 8,tahi1242,russ1263,glottocodeBase,glottocodeBase,tahi1242,russ1263,0.78818,0.92118,glottocodeBase,glottocodeBase,tahi1242,russ1263,0.16046,0.85387,GBI available,TLI available,both
Tahiti,Russian_Kaluga,"70%, 80%, 90%",aust1307,indo1319,"aust1307 ~ aust1307 , indo1319",18, 8,tahi1242,russ1263,glottocodeBase,glottocodeBase,tahi1242,russ1263,0.78818,0.92118,glottocodeBase,glottocodeBase,tahi1242,russ1263,0.16046,0.85387,GBI available,TLI available,both
Tahiti,Russian_Pskov_Ostrov,"70%, 80%, 90%",aust1307,indo1319,"aust1307 ~ aust1307 , indo1319",18, 8,tahi1242,russ1263,glottocodeBase,glottocodeBase,tahi1242,russ1263,0.78818,0.92118,glottocodeBase,glottocodeBase,tahi1242,russ1263,0.16046,0.85387,GBI available,TLI available,both
Tahiti,Russian_Pskov_Porkhov,"70%, 80%, 90%",aust1307,indo1319,"aust1307 ~ aust1307 , indo1319",18, 8,tahi1242,russ1263,glottocodeBase,glottocodeBase,tahi1242,russ1263,0.78818,0.92118,glottocodeBase,glottocodeBase,tahi1242,russ1263,0.16046,0.85387,GBI available,TLI available,both
Tahiti,Russian_Smolensk,"70%, 80%, 90%",aust1307,indo1319,"aust1307 ~ aust1307 , indo1319",18, 8,tahi1242,russ1263,glottocodeBase,glottocodeBase,tahi1242,russ1263,0.78818,0.92118,glottocodeBase,glottocodeBase,tahi1242,russ1263,0.16046,0.85387,GBI available,TLI available,both
Tahiti,Russian_Yaroslavl,"70%, 80%, 90%",aust1307,indo1319,"aust1307 ~ aust1307 , indo1319",18, 8,tahi1242,russ1263,glottocodeBase,glottocodeBase,tahi1242,russ1263,0.78818,0.92118,glottocodeBase,glottocodeBase,tahi1242,russ1263,0.16046,0.85387,GBI available,TLI available,both
Tahiti,Veps,"70%, 80%, 90%",aust1307,ural1272,"aust1307 ~ aust1307 , ural1272",18, 8,tahi1242,veps1250,glottocodeBase,glottocodeBase,tahi1242,veps1250,0.78818,0.86700,glottocodeBase,glottocodeBase,tahi1242,veps1250,0.16046,0.18052,GBI available,TLI available,both
Tahiti,Nasioi,"70%, 80%",aust1307,sout2948,"aust1307 ~ aust1307 , sout2948",18, 6,tahi1242,nasi1247,glottocodeBase,glottocodeGBIproxy,tahi1242,naas1242,0.78818,0.28079,glottocodeBase,glottocodeTLIproxy,tahi1242,naas1242,0.16046,0.21777,GBI available,TLI available,both
Tahiti,Vella_Lavella,"70%, 80%",aust1307,bilu1245,"aust1307 ~ aust1307 , bilu1245",18, 6,tahi1242,bilu1245,glottocodeBase,glottocodeBase,tahi1242,bilu1245,0.78818,0.47291,glottocodeBase,glottocodeBase,tahi1242,bilu1245,0.16046,0.20057,GBI available,TLI available,both
Tahiti,German_Sorb,"70%, 80%, 90%",aust1307,indo1319,"aust1307 ~ aust1307 , indo1319",18, 2,tahi1242,sorb1249,glottocodeBase,no proxy,tahi1242,NA,0.78818,0.00000,glottocodeBase,glottocodeTLIproxy,tahi1242,uppe1395,0.16046,0.28367,GBI NOT available,TLI available,TLI only
Tahiti,Polish_Poznan,"70%, 80%, 90%",aust1307,indo1319,"aust1307 ~ aust1307 , indo1319",18, 2,tahi1242,poli1260,glottocodeBase,glottocodeBase,tahi1242,poli1260,0.78818,0.93596,glottocodeBase,glottocodeBase,tahi1242,poli1260,0.16046,0.56447,GBI available,TLI available,both
Tahiti,Russian,"70%, 80%, 90%",aust1307,indo1319,"aust1307 ~ aust1307 , indo1319",18, 2,tahi1242,russ1263,glottocodeBase,glottocodeBase,tahi1242,russ1263,0.78818,0.92118,glottocodeBase,glottocodeBase,tahi1242,russ1263,0.16046,0.85387,GBI available,TLI available,both
Tahiti,Russian_Kursk,"70%, 80%, 90%",aust1307,indo1319,"aust1307 ~ aust1307 , indo1319",18, 2,tahi1242,russ1263,glottocodeBase,glottocodeBase,tahi1242,russ1263,0.78818,0.92118,glottocodeBase,glottocodeBase,tahi1242,russ1263,0.16046,0.85387,GBI available,TLI available,both
Tahiti,Russian_Oryol,"70%, 80%, 90%",aust1307,indo1319,"aust1307 ~ aust1307 , indo1319",18, 2,tahi1242,russ1263,glottocodeBase,glottocodeBase,tahi1242,russ1263,0.78818,0.92118,glottocodeBase,glottocodeBase,tahi1242,russ1263,0.16046,0.85387,GBI available,TLI available,both
Tahiti,Russian_Ryazan_Spassk_Ryazansky,"70%, 80%, 90%",aust1307,indo1319,"aust1307 ~ aust1307 , indo1319",18, 2,tahi1242,russ1263,glottocodeBase,glottocodeBase,tahi1242,russ1263,0.78818,0.92118,glottocodeBase,glottocodeBase,tahi1242,russ1263,0.16046,0.85387,GBI available,TLI available,both
Tahiti,Russian_Tver,"70%, 80%, 90%",aust1307,indo1319,"aust1307 ~ aust1307 , indo1319",18, 2,tahi1242,russ1263,glottocodeBase,glottocodeBase,tahi1242,russ1263,0.78818,0.92118,glottocodeBase,glottocodeBase,tahi1242,russ1263,0.16046,0.85387,GBI available,TLI available,both
Tahiti,Ukrainian_East,"70%, 80%, 90%",aust1307,indo1319,"aust1307 ~ aust1307 , indo1319",18, 2,tahi1242,ukra1253,glottocodeBase,glottocodeBase,tahi1242,ukra1253,0.78818,0.78325,glottocodeBase,glottocodeBase,tahi1242,ukra1253,0.16046,0.32665,GBI available,TLI available,both
Tahiti,Ukrainian_Rovenskaya,"70%, 80%, 90%",aust1307,indo1319,"aust1307 ~ aust1307 , indo1319",18, 2,tahi1242,ukra1253,glottocodeBase,glottocodeBase,tahi1242,ukra1253,0.78818,0.78325,glottocodeBase,glottocodeBase,tahi1242,ukra1253,0.16046,0.32665,GBI available,TLI available,both
Tahiti,Nasioi,"70%, 80%",aust1307,sout2948,"aust1307 ~ aust1307 , sout2948",18, 2,tahi1242,nasi1247,glottocodeBase,glottocodeGBIproxy,tahi1242,naas1242,0.78818,0.28079,glottocodeBase,glottocodeTLIproxy,tahi1242,naas1242,0.16046,0.21777,GBI available,TLI available,both
Tahiti,Vella_Lavella,"70%, 80%",aust1307,bilu1245,"aust1307 ~ aust1307 , bilu1245",18, 2,tahi1242,bilu1245,glottocodeBase,glottocodeBase,tahi1242,bilu1245,0.78818,0.47291,glottocodeBase,glottocodeBase,tahi1242,bilu1245,0.16046,0.20057,GBI available,TLI available,both
Tahiti,Dai,"70%, 80%",aust1307,taik1256,"aust1307 ~ aust1307 , taik1256",18, 2,tahi1242,luuu1242,glottocodeBase,no proxy,tahi1242,NA,0.78818,0.00000,glottocodeBase,glottocodeBase,tahi1242,luuu1242,0.16046,0.12894,GBI NOT available,TLI available,TLI only
Tahiti,Hakka_Taiwan,"70%, 80%",aust1307,sino1245,"aust1307 ~ aust1307 , sino1245",18, 2,tahi1242,yuet1238,glottocodeBase,glottocodeGBIproxy,tahi1242,hakk1236,0.78818,0.55665,glottocodeBase,glottocodeTLIproxy,tahi1242,hakk1236,0.16046,0.16619,GBI available,TLI available,both
Tahiti,Kinh,"70%, 80%",aust1307,aust1305,"aust1307 ~ aust1307 , aust1305",18, 2,tahi1242,viet1252,glottocodeBase,glottocodeBase,tahi1242,viet1252,0.78818,0.53695,glottocodeBase,glottocodeBase,tahi1242,viet1252,0.16046,0.57880,GBI available,TLI available,both
Tahiti,She,"70%, 80%",aust1307,hmon1336,"aust1307 ~ aust1307 , hmon1336",18, 2,tahi1242,shee1238,glottocodeBase,glottocodeBase,tahi1242,shee1238,0.78818,0.58128,glottocodeBase,glottocodeBase,tahi1242,shee1238,0.16046,0.04011,GBI available,TLI available,both
Tahiti,Vietnamese_North,"70%, 80%",aust1307,aust1305,"aust1307 ~ aust1307 , aust1305",18, 2,tahi1242,viet1252,glottocodeBase,glottocodeBase,tahi1242,viet1252,0.78818,0.53695,glottocodeBase,glottocodeBase,tahi1242,viet1252,0.16046,0.57880,GBI available,TLI available,both
Tahiti,Vietnamese_South,"70%, 80%",aust1307,aust1305,"aust1307 ~ aust1307 , aust1305",18, 2,tahi1242,viet1252,glottocodeBase,glottocodeBase,tahi1242,viet1252,0.78818,0.53695,glottocodeBase,glottocodeBase,tahi1242,viet1252,0.16046,0.57880,GBI available,TLI available,both
Tahiti,Czech,"70%, 80%, 90%",aust1307,indo1319,"aust1307 ~ aust1307 , indo1319",18, 1,tahi1242,czec1258,glottocodeBase,glottocodeBase,tahi1242,czec1258,0.78818,0.86700,glottocodeBase,glottocodeBase,tahi1242,czec1258,0.16046,0.32951,GBI available,TLI available,both
Tahiti,English_Kent,"70%, 80%, 90%",aust1307,indo1319,"aust1307 ~ aust1307 , indo1319",18, 1,tahi1242,stan1293,glottocodeBase,glottocodeBase,tahi1242,stan1293,0.78818,0.85222,glottocodeBase,glottocodeBase,tahi1242,stan1293,0.16046,0.82521,GBI available,TLI available,both
Tahiti,French_West,"70%, 80%, 90%",aust1307,indo1319,"aust1307 ~ aust1307 , indo1319",18, 1,tahi1242,stan1290,glottocodeBase,glottocodeBase,tahi1242,stan1290,0.78818,0.89655,glottocodeBase,glottocodeBase,tahi1242,stan1290,0.16046,0.80802,GBI available,TLI available,both
Tahiti,German_Lipsian,"70%, 80%, 90%",aust1307,indo1319,"aust1307 ~ aust1307 , indo1319",18, 1,tahi1242,stan1295,glottocodeBase,no proxy,tahi1242,NA,0.78818,0.00000,glottocodeBase,glottocodeBase,tahi1242,stan1295,0.16046,0.79370,GBI NOT available,TLI available,TLI only
Tahiti,Icelandic,"70%, 80%, 90%",aust1307,indo1319,"aust1307 ~ aust1307 , indo1319",18, 1,tahi1242,icel1247,glottocodeBase,glottocodeBase,tahi1242,icel1247,0.78818,0.86700,glottocodeBase,glottocodeBase,tahi1242,icel1247,0.16046,0.59599,GBI available,TLI available,both
Tahiti,Irish_Connacht,"70%, 80%, 90%",aust1307,indo1319,"aust1307 ~ aust1307 , indo1319",18, 1,tahi1242,conn1243,glottocodeBase,glottocodeGBIproxy,tahi1242,iris1253,0.78818,0.92118,glottocodeBase,glottocodeTLIproxy,tahi1242,iris1253,0.16046,0.54441,GBI available,TLI available,both
Tahiti,Irish_Cork_Kerry,"70%, 80%, 90%",aust1307,indo1319,"aust1307 ~ aust1307 , indo1319",18, 1,tahi1242,iris1253,glottocodeBase,glottocodeBase,tahi1242,iris1253,0.78818,0.92118,glottocodeBase,glottocodeBase,tahi1242,iris1253,0.16046,0.54441,GBI available,TLI available,both
Tahiti,Irish_Leinster,"70%, 80%, 90%",aust1307,indo1319,"aust1307 ~ aust1307 , indo1319",18, 1,tahi1242,iris1253,glottocodeBase,glottocodeBase,tahi1242,iris1253,0.78818,0.92118,glottocodeBase,glottocodeBase,tahi1242,iris1253,0.16046,0.54441,GBI available,TLI available,both
Tahiti,Irish_Munster,"70%, 80%, 90%",aust1307,indo1319,"aust1307 ~ aust1307 , indo1319",18, 1,tahi1242,muns1250,glottocodeBase,glottocodeGBIproxy,tahi1242,iris1253,0.78818,0.92118,glottocodeBase,glottocodeTLIproxy,tahi1242,iris1253,0.16046,0.54441,GBI available,TLI available,both
Tahiti,Irish_Ulster,"70%, 80%, 90%",aust1307,indo1319,"aust1307 ~ aust1307 , indo1319",18, 1,tahi1242,done1238,glottocodeBase,glottocodeGBIproxy,tahi1242,iris1253,0.78818,0.92118,glottocodeBase,glottocodeTLIproxy,tahi1242,iris1253,0.16046,0.54441,GBI available,TLI available,both
Tahiti,Norwegian,"70%, 80%, 90%",aust1307,indo1319,"aust1307 ~ aust1307 , indo1319",18, 1,tahi1242,norw1258,glottocodeBase,no proxy,tahi1242,NA,0.78818,0.00000,glottocodeBase,glottocodeBase,tahi1242,norw1258,0.16046,0.34670,GBI NOT available,TLI available,TLI only
Tahiti,Orcadian,"70%, 80%, 90%",aust1307,indo1319,"aust1307 ~ aust1307 , indo1319",18, 1,tahi1242,scot1243,glottocodeBase,no proxy,tahi1242,NA,0.78818,0.00000,glottocodeBase,glottocodeBase,tahi1242,scot1243,0.16046,0.10315,GBI NOT available,TLI available,TLI only
Tahiti,Polish_Lublin,"70%, 80%, 90%",aust1307,indo1319,"aust1307 ~ aust1307 , indo1319",18, 1,tahi1242,poli1260,glottocodeBase,glottocodeBase,tahi1242,poli1260,0.78818,0.93596,glottocodeBase,glottocodeBase,tahi1242,poli1260,0.16046,0.56447,GBI available,TLI available,both
Tahiti,Russian_Belgorod,"70%, 80%, 90%",aust1307,indo1319,"aust1307 ~ aust1307 , indo1319",18, 1,tahi1242,russ1263,glottocodeBase,glottocodeBase,tahi1242,russ1263,0.78818,0.92118,glottocodeBase,glottocodeBase,tahi1242,russ1263,0.16046,0.85387,GBI available,TLI available,both
Tahiti,Russian_Ryazan_Mihailovsky,"70%, 80%, 90%",aust1307,indo1319,"aust1307 ~ aust1307 , indo1319",18, 1,tahi1242,russ1263,glottocodeBase,glottocodeBase,tahi1242,russ1263,0.78818,0.92118,glottocodeBase,glottocodeBase,tahi1242,russ1263,0.16046,0.85387,GBI available,TLI available,both
Tahiti,Scottish,"70%, 80%, 90%",aust1307,indo1319,"aust1307 ~ aust1307 , indo1319",18, 1,tahi1242,scot1245,glottocodeBase,no proxy,tahi1242,NA,0.78818,0.00000,glottocodeBase,glottocodeBase,tahi1242,scot1245,0.16046,0.26934,GBI NOT available,TLI available,TLI only
Tahiti,Scottish_Borders,"70%, 80%, 90%",aust1307,indo1319,"aust1307 ~ aust1307 , indo1319",18, 1,tahi1242,scot1245,glottocodeBase,no proxy,tahi1242,NA,0.78818,0.00000,glottocodeBase,glottocodeBase,tahi1242,scot1245,0.16046,0.26934,GBI NOT available,TLI available,TLI only
Tahiti,Scottish_Dumfries_Galloway,"70%, 80%, 90%",aust1307,indo1319,"aust1307 ~ aust1307 , indo1319",18, 1,tahi1242,scot1245,glottocodeBase,no proxy,tahi1242,NA,0.78818,0.00000,glottocodeBase,glottocodeBase,tahi1242,scot1245,0.16046,0.26934,GBI NOT available,TLI available,TLI only
Tahiti,Scottish_Fife,"70%, 80%, 90%",aust1307,indo1319,"aust1307 ~ aust1307 , indo1319",18, 1,tahi1242,scot1245,glottocodeBase,no proxy,tahi1242,NA,0.78818,0.00000,glottocodeBase,glottocodeBase,tahi1242,scot1245,0.16046,0.26934,GBI NOT available,TLI available,TLI only
Tahiti,Scottish_Grampian,"70%, 80%, 90%",aust1307,indo1319,"aust1307 ~ aust1307 , indo1319",18, 1,tahi1242,scot1245,glottocodeBase,no proxy,tahi1242,NA,0.78818,0.00000,glottocodeBase,glottocodeBase,tahi1242,scot1245,0.16046,0.26934,GBI NOT available,TLI available,TLI only
Tahiti,Scottish_Highlands,"70%, 80%, 90%",aust1307,indo1319,"aust1307 ~ aust1307 , indo1319",18, 1,tahi1242,scot1245,glottocodeBase,no proxy,tahi1242,NA,0.78818,0.00000,glottocodeBase,glottocodeBase,tahi1242,scot1245,0.16046,0.26934,GBI NOT available,TLI available,TLI only
Tahiti,Scottish_Shetlandic,"70%, 80%, 90%",aust1307,indo1319,"aust1307 ~ aust1307 , indo1319",18, 1,tahi1242,scot1245,glottocodeBase,no proxy,tahi1242,NA,0.78818,0.00000,glottocodeBase,glottocodeBase,tahi1242,scot1245,0.16046,0.26934,GBI NOT available,TLI available,TLI only
Tahiti,Ukrainian_Sumskaya,"70%, 80%, 90%",aust1307,indo1319,"aust1307 ~ aust1307 , indo1319",18, 1,tahi1242,ukra1253,glottocodeBase,glottocodeBase,tahi1242,ukra1253,0.78818,0.78325,glottocodeBase,glottocodeBase,tahi1242,ukra1253,0.16046,0.32665,GBI available,TLI available,both
Tahiti,Ukrainian_Zhitomirskaya,"70%, 80%, 90%",aust1307,indo1319,"aust1307 ~ aust1307 , indo1319",18, 1,tahi1242,ukra1253,glottocodeBase,glottocodeBase,tahi1242,ukra1253,0.78818,0.78325,glottocodeBase,glottocodeBase,tahi1242,ukra1253,0.16046,0.32665,GBI available,TLI available,both
Tahiti,Lahu,"70%, 80%",aust1307,sino1245,"aust1307 ~ aust1307 , sino1245",18, 1,tahi1242,lahu1253,glottocodeBase,glottocodeBase,tahi1242,lahu1253,0.78818,0.67980,glottocodeBase,glottocodeBase,tahi1242,lahu1253,0.16046,0.53582,GBI available,TLI available,both
Tahiti,Dai,"70%, 80%",aust1307,taik1256,"aust1307 ~ aust1307 , taik1256",18, 1,tahi1242,luuu1242,glottocodeBase,no proxy,tahi1242,NA,0.78818,0.00000,glottocodeBase,glottocodeBase,tahi1242,luuu1242,0.16046,0.12894,GBI NOT available,TLI available,TLI only
Tahiti,Hakka_Taiwan,"70%, 80%",aust1307,sino1245,"aust1307 ~ aust1307 , sino1245",18, 1,tahi1242,yuet1238,glottocodeBase,glottocodeGBIproxy,tahi1242,hakk1236,0.78818,0.55665,glottocodeBase,glottocodeTLIproxy,tahi1242,hakk1236,0.16046,0.16619,GBI available,TLI available,both
Tahiti,Kinh,"70%, 80%",aust1307,aust1305,"aust1307 ~ aust1307 , aust1305",18, 1,tahi1242,viet1252,glottocodeBase,glottocodeBase,tahi1242,viet1252,0.78818,0.53695,glottocodeBase,glottocodeBase,tahi1242,viet1252,0.16046,0.57880,GBI available,TLI available,both
Tahiti,She,"70%, 80%",aust1307,hmon1336,"aust1307 ~ aust1307 , hmon1336",18, 1,tahi1242,shee1238,glottocodeBase,glottocodeBase,tahi1242,shee1238,0.78818,0.58128,glottocodeBase,glottocodeBase,tahi1242,shee1238,0.16046,0.04011,GBI available,TLI available,both
Tahiti,Vietnamese_North,"70%, 80%",aust1307,aust1305,"aust1307 ~ aust1307 , aust1305",18, 1,tahi1242,viet1252,glottocodeBase,glottocodeBase,tahi1242,viet1252,0.78818,0.53695,glottocodeBase,glottocodeBase,tahi1242,viet1252,0.16046,0.57880,GBI available,TLI available,both
Tahiti,Vietnamese_South,"70%, 80%",aust1307,aust1305,"aust1307 ~ aust1307 , aust1305",18, 1,tahi1242,viet1252,glottocodeBase,glottocodeBase,tahi1242,viet1252,0.78818,0.53695,glottocodeBase,glottocodeBase,tahi1242,viet1252,0.16046,0.57880,GBI available,TLI available,both
Zapotec,Chipewyan,"70%, 80%, 90%",otom1299,atha1245,"otom1299 ~ otom1299 , atha1245",18, 9,zapo1437,chip1261,glottocodeGBIproxy,glottocodeBase,sanj1284,chip1261,0.60099,0.80788,glottocodeTLIproxy,glottocodeBase,sanj1284,chip1261,0.1404,0.26934,GBI available,TLI available,both
Zapotec,Chukchi,"70%, 80%, 90%",otom1299,chuk1271,"otom1299 ~ otom1299 , chuk1271",18, 3,zapo1437,chuk1273,glottocodeGBIproxy,glottocodeBase,sanj1284,chuk1273,0.60099,0.81773,glottocodeTLIproxy,glottocodeBase,sanj1284,chuk1273,0.1404,0.76791,GBI available,TLI available,both
Zapotec,Chukchi_Ayon,"70%, 80%, 90%",otom1299,chuk1271,"otom1299 ~ otom1299 , chuk1271",18, 3,zapo1437,chuk1273,glottocodeGBIproxy,glottocodeBase,sanj1284,chuk1273,0.60099,0.81773,glottocodeTLIproxy,glottocodeBase,sanj1284,chuk1273,0.1404,0.76791,GBI available,TLI available,both
Zapotec,Eskimo_Sireniki,"70%, 80%, 90%",otom1299,eski1264,"otom1299 ~ otom1299 , eski1264",18, 3,zapo1437,sire1246,glottocodeGBIproxy,no proxy,sanj1284,NA,0.60099,0.00000,glottocodeTLIproxy,glottocodeBase,sanj1284,sire1246,0.1404,0.01719,GBI NOT available,TLI available,TLI only
Aleut,Estonian,70%,eski1264,ural1272,"eski1264 ~ eski1264 , ural1272",17,17,aleu1260,esto1258,glottocodeBase,glottocodeBase,aleu1260,esto1258,0.86207,0.86207,glottocodeBase,glottocodeBase,aleu1260,esto1258,0.45845,0.46418,GBI available,TLI available,both
Aleut,Karelian_Northern,70%,eski1264,ural1272,"eski1264 ~ eski1264 , ural1272",17,17,aleu1260,nort2673,glottocodeBase,glottocodeBase,aleu1260,nort2673,0.86207,0.85714,glottocodeBase,glottocodeTLIproxy,aleu1260,kare1335,0.45845,0.20917,GBI available,TLI available,both
Aleut,Karelian_Southern,70%,eski1264,ural1272,"eski1264 ~ eski1264 , ural1272",17,17,aleu1260,sout2676,glottocodeBase,glottocodeGBIproxy,aleu1260,tver1240,0.86207,0.87192,glottocodeBase,glottocodeTLIproxy,aleu1260,kare1335,0.45845,0.20917,GBI available,TLI available,both
Aleut,Lithuanian,70%,eski1264,indo1319,"eski1264 ~ eski1264 , indo1319",17,17,aleu1260,lith1251,glottocodeBase,glottocodeBase,aleu1260,lith1251,0.86207,0.86700,glottocodeBase,glottocodeBase,aleu1260,lith1251,0.45845,0.53868,GBI available,TLI available,both
Aleut,Russian_Archangelsk_Pinezhsky,70%,eski1264,indo1319,"eski1264 ~ eski1264 , indo1319",17,17,aleu1260,russ1263,glottocodeBase,glottocodeBase,aleu1260,russ1263,0.86207,0.92118,glottocodeBase,glottocodeBase,aleu1260,russ1263,0.45845,0.85387,GBI available,TLI available,both
Aleut,Russian_Pskov_Ostrov,70%,eski1264,indo1319,"eski1264 ~ eski1264 , indo1319",17,17,aleu1260,russ1263,glottocodeBase,glottocodeBase,aleu1260,russ1263,0.86207,0.92118,glottocodeBase,glottocodeBase,aleu1260,russ1263,0.45845,0.85387,GBI available,TLI available,both
Aleut,Russian_Pskov_Porkhov,70%,eski1264,indo1319,"eski1264 ~ eski1264 , indo1319",17,17,aleu1260,russ1263,glottocodeBase,glottocodeBase,aleu1260,russ1263,0.86207,0.92118,glottocodeBase,glottocodeBase,aleu1260,russ1263,0.45845,0.85387,GBI available,TLI available,both
Aleut,Veps,70%,eski1264,ural1272,"eski1264 ~ eski1264 , ural1272",17,17,aleu1260,veps1250,glottocodeBase,glottocodeBase,aleu1260,veps1250,0.86207,0.86700,glottocodeBase,glottocodeBase,aleu1260,veps1250,0.45845,0.18052,GBI available,TLI available,both
Aleut,Belarusian,70%,eski1264,indo1319,"eski1264 ~ eski1264 , indo1319",17,16,aleu1260,bela1254,glottocodeBase,glottocodeBase,aleu1260,bela1254,0.86207,0.87685,glottocodeBase,glottocodeBase,aleu1260,bela1254,0.45845,0.14040,GBI available,TLI available,both
Aleut,Finnish,70%,eski1264,ural1272,"eski1264 ~ eski1264 , ural1272",17,16,aleu1260,finn1318,glottocodeBase,glottocodeBase,aleu1260,finn1318,0.86207,0.87192,glottocodeBase,glottocodeBase,aleu1260,finn1318,0.45845,0.84527,GBI available,TLI available,both
Aleut,Russian_Archangelsk_Krasnoborsky,70%,eski1264,indo1319,"eski1264 ~ eski1264 , indo1319",17,16,aleu1260,russ1263,glottocodeBase,glottocodeBase,aleu1260,russ1263,0.86207,0.92118,glottocodeBase,glottocodeBase,aleu1260,russ1263,0.45845,0.85387,GBI available,TLI available,both
Aleut,Russian_Kaluga,70%,eski1264,indo1319,"eski1264 ~ eski1264 , indo1319",17,16,aleu1260,russ1263,glottocodeBase,glottocodeBase,aleu1260,russ1263,0.86207,0.92118,glottocodeBase,glottocodeBase,aleu1260,russ1263,0.45845,0.85387,GBI available,TLI available,both
Aleut,Russian_Smolensk,70%,eski1264,indo1319,"eski1264 ~ eski1264 , indo1319",17,16,aleu1260,russ1263,glottocodeBase,glottocodeBase,aleu1260,russ1263,0.86207,0.92118,glottocodeBase,glottocodeBase,aleu1260,russ1263,0.45845,0.85387,GBI available,TLI available,both
Aleut,Russian_Yaroslavl,70%,eski1264,indo1319,"eski1264 ~ eski1264 , indo1319",17,16,aleu1260,russ1263,glottocodeBase,glottocodeBase,aleu1260,russ1263,0.86207,0.92118,glottocodeBase,glottocodeBase,aleu1260,russ1263,0.45845,0.85387,GBI available,TLI available,both
Aleut,German_Sorb,70%,eski1264,indo1319,"eski1264 ~ eski1264 , indo1319",17,10,aleu1260,sorb1249,glottocodeBase,no proxy,aleu1260,NA,0.86207,0.00000,glottocodeBase,glottocodeTLIproxy,aleu1260,uppe1395,0.45845,0.28367,GBI NOT available,TLI available,TLI only
Aleut,Polish_Poznan,70%,eski1264,indo1319,"eski1264 ~ eski1264 , indo1319",17,10,aleu1260,poli1260,glottocodeBase,glottocodeBase,aleu1260,poli1260,0.86207,0.93596,glottocodeBase,glottocodeBase,aleu1260,poli1260,0.45845,0.56447,GBI available,TLI available,both
Aleut,Russian,70%,eski1264,indo1319,"eski1264 ~ eski1264 , indo1319",17,10,aleu1260,russ1263,glottocodeBase,glottocodeBase,aleu1260,russ1263,0.86207,0.92118,glottocodeBase,glottocodeBase,aleu1260,russ1263,0.45845,0.85387,GBI available,TLI available,both
Aleut,Russian_Kursk,70%,eski1264,indo1319,"eski1264 ~ eski1264 , indo1319",17,10,aleu1260,russ1263,glottocodeBase,glottocodeBase,aleu1260,russ1263,0.86207,0.92118,glottocodeBase,glottocodeBase,aleu1260,russ1263,0.45845,0.85387,GBI available,TLI available,both
Aleut,Russian_Oryol,70%,eski1264,indo1319,"eski1264 ~ eski1264 , indo1319",17,10,aleu1260,russ1263,glottocodeBase,glottocodeBase,aleu1260,russ1263,0.86207,0.92118,glottocodeBase,glottocodeBase,aleu1260,russ1263,0.45845,0.85387,GBI available,TLI available,both
Aleut,Russian_Ryazan_Spassk_Ryazansky,70%,eski1264,indo1319,"eski1264 ~ eski1264 , indo1319",17,10,aleu1260,russ1263,glottocodeBase,glottocodeBase,aleu1260,russ1263,0.86207,0.92118,glottocodeBase,glottocodeBase,aleu1260,russ1263,0.45845,0.85387,GBI available,TLI available,both
Aleut,Russian_Tver,70%,eski1264,indo1319,"eski1264 ~ eski1264 , indo1319",17,10,aleu1260,russ1263,glottocodeBase,glottocodeBase,aleu1260,russ1263,0.86207,0.92118,glottocodeBase,glottocodeBase,aleu1260,russ1263,0.45845,0.85387,GBI available,TLI available,both
Aleut,Ukrainian_East,70%,eski1264,indo1319,"eski1264 ~ eski1264 , indo1319",17,10,aleu1260,ukra1253,glottocodeBase,glottocodeBase,aleu1260,ukra1253,0.86207,0.78325,glottocodeBase,glottocodeBase,aleu1260,ukra1253,0.45845,0.32665,GBI available,TLI available,both
Aleut,Ukrainian_Rovenskaya,70%,eski1264,indo1319,"eski1264 ~ eski1264 , indo1319",17,10,aleu1260,ukra1253,glottocodeBase,glottocodeBase,aleu1260,ukra1253,0.86207,0.78325,glottocodeBase,glottocodeBase,aleu1260,ukra1253,0.45845,0.32665,GBI available,TLI available,both
Aleut,French_West,70%,eski1264,indo1319,"eski1264 ~ eski1264 , indo1319",17, 9,aleu1260,stan1290,glottocodeBase,glottocodeBase,aleu1260,stan1290,0.86207,0.89655,glottocodeBase,glottocodeBase,aleu1260,stan1290,0.45845,0.80802,GBI available,TLI available,both
Aleut,German_Lipsian,70%,eski1264,indo1319,"eski1264 ~ eski1264 , indo1319",17, 9,aleu1260,stan1295,glottocodeBase,no proxy,aleu1260,NA,0.86207,0.00000,glottocodeBase,glottocodeBase,aleu1260,stan1295,0.45845,0.79370,GBI NOT available,TLI available,TLI only
Aleut,Icelandic,70%,eski1264,indo1319,"eski1264 ~ eski1264 , indo1319",17, 9,aleu1260,icel1247,glottocodeBase,glottocodeBase,aleu1260,icel1247,0.86207,0.86700,glottocodeBase,glottocodeBase,aleu1260,icel1247,0.45845,0.59599,GBI available,TLI available,both
Aleut,Irish_Connacht,70%,eski1264,indo1319,"eski1264 ~ eski1264 , indo1319",17, 9,aleu1260,conn1243,glottocodeBase,glottocodeGBIproxy,aleu1260,iris1253,0.86207,0.92118,glottocodeBase,glottocodeTLIproxy,aleu1260,iris1253,0.45845,0.54441,GBI available,TLI available,both
Aleut,Irish_Cork_Kerry,70%,eski1264,indo1319,"eski1264 ~ eski1264 , indo1319",17, 9,aleu1260,iris1253,glottocodeBase,glottocodeBase,aleu1260,iris1253,0.86207,0.92118,glottocodeBase,glottocodeBase,aleu1260,iris1253,0.45845,0.54441,GBI available,TLI available,both
Aleut,Irish_Leinster,70%,eski1264,indo1319,"eski1264 ~ eski1264 , indo1319",17, 9,aleu1260,iris1253,glottocodeBase,glottocodeBase,aleu1260,iris1253,0.86207,0.92118,glottocodeBase,glottocodeBase,aleu1260,iris1253,0.45845,0.54441,GBI available,TLI available,both
Aleut,Irish_Munster,70%,eski1264,indo1319,"eski1264 ~ eski1264 , indo1319",17, 9,aleu1260,muns1250,glottocodeBase,glottocodeGBIproxy,aleu1260,iris1253,0.86207,0.92118,glottocodeBase,glottocodeTLIproxy,aleu1260,iris1253,0.45845,0.54441,GBI available,TLI available,both
Aleut,Irish_Ulster,70%,eski1264,indo1319,"eski1264 ~ eski1264 , indo1319",17, 9,aleu1260,done1238,glottocodeBase,glottocodeGBIproxy,aleu1260,iris1253,0.86207,0.92118,glottocodeBase,glottocodeTLIproxy,aleu1260,iris1253,0.45845,0.54441,GBI available,TLI available,both
Aleut,Norwegian,70%,eski1264,indo1319,"eski1264 ~ eski1264 , indo1319",17, 9,aleu1260,norw1258,glottocodeBase,no proxy,aleu1260,NA,0.86207,0.00000,glottocodeBase,glottocodeBase,aleu1260,norw1258,0.45845,0.34670,GBI NOT available,TLI available,TLI only
Aleut,Orcadian,70%,eski1264,indo1319,"eski1264 ~ eski1264 , indo1319",17, 9,aleu1260,scot1243,glottocodeBase,no proxy,aleu1260,NA,0.86207,0.00000,glottocodeBase,glottocodeBase,aleu1260,scot1243,0.45845,0.10315,GBI NOT available,TLI available,TLI only
Aleut,Polish_Lublin,70%,eski1264,indo1319,"eski1264 ~ eski1264 , indo1319",17, 9,aleu1260,poli1260,glottocodeBase,glottocodeBase,aleu1260,poli1260,0.86207,0.93596,glottocodeBase,glottocodeBase,aleu1260,poli1260,0.45845,0.56447,GBI available,TLI available,both
Aleut,Russian_Belgorod,70%,eski1264,indo1319,"eski1264 ~ eski1264 , indo1319",17, 9,aleu1260,russ1263,glottocodeBase,glottocodeBase,aleu1260,russ1263,0.86207,0.92118,glottocodeBase,glottocodeBase,aleu1260,russ1263,0.45845,0.85387,GBI available,TLI available,both
Aleut,Russian_Ryazan_Mihailovsky,70%,eski1264,indo1319,"eski1264 ~ eski1264 , indo1319",17, 9,aleu1260,russ1263,glottocodeBase,glottocodeBase,aleu1260,russ1263,0.86207,0.92118,glottocodeBase,glottocodeBase,aleu1260,russ1263,0.45845,0.85387,GBI available,TLI available,both
Aleut,Scottish,70%,eski1264,indo1319,"eski1264 ~ eski1264 , indo1319",17, 9,aleu1260,scot1245,glottocodeBase,no proxy,aleu1260,NA,0.86207,0.00000,glottocodeBase,glottocodeBase,aleu1260,scot1245,0.45845,0.26934,GBI NOT available,TLI available,TLI only
Aleut,Scottish_Dumfries_Galloway,70%,eski1264,indo1319,"eski1264 ~ eski1264 , indo1319",17, 9,aleu1260,scot1245,glottocodeBase,no proxy,aleu1260,NA,0.86207,0.00000,glottocodeBase,glottocodeBase,aleu1260,scot1245,0.45845,0.26934,GBI NOT available,TLI available,TLI only
Aleut,Scottish_Fife,70%,eski1264,indo1319,"eski1264 ~ eski1264 , indo1319",17, 9,aleu1260,scot1245,glottocodeBase,no proxy,aleu1260,NA,0.86207,0.00000,glottocodeBase,glottocodeBase,aleu1260,scot1245,0.45845,0.26934,GBI NOT available,TLI available,TLI only
Aleut,Scottish_Grampian,70%,eski1264,indo1319,"eski1264 ~ eski1264 , indo1319",17, 9,aleu1260,scot1245,glottocodeBase,no proxy,aleu1260,NA,0.86207,0.00000,glottocodeBase,glottocodeBase,aleu1260,scot1245,0.45845,0.26934,GBI NOT available,TLI available,TLI only
Aleut,Scottish_Highlands,70%,eski1264,indo1319,"eski1264 ~ eski1264 , indo1319",17, 9,aleu1260,scot1245,glottocodeBase,no proxy,aleu1260,NA,0.86207,0.00000,glottocodeBase,glottocodeBase,aleu1260,scot1245,0.45845,0.26934,GBI NOT available,TLI available,TLI only
Aleut,Scottish_Shetlandic,70%,eski1264,indo1319,"eski1264 ~ eski1264 , indo1319",17, 9,aleu1260,scot1245,glottocodeBase,no proxy,aleu1260,NA,0.86207,0.00000,glottocodeBase,glottocodeBase,aleu1260,scot1245,0.45845,0.26934,GBI NOT available,TLI available,TLI only
Aleut,Ukrainian_Sumskaya,70%,eski1264,indo1319,"eski1264 ~ eski1264 , indo1319",17, 9,aleu1260,ukra1253,glottocodeBase,glottocodeBase,aleu1260,ukra1253,0.86207,0.78325,glottocodeBase,glottocodeBase,aleu1260,ukra1253,0.45845,0.32665,GBI available,TLI available,both
Aleut,Ukrainian_Zhitomirskaya,70%,eski1264,indo1319,"eski1264 ~ eski1264 , indo1319",17, 9,aleu1260,ukra1253,glottocodeBase,glottocodeBase,aleu1260,ukra1253,0.86207,0.78325,glottocodeBase,glottocodeBase,aleu1260,ukra1253,0.45845,0.32665,GBI available,TLI available,both
Aleut,Scottish_Borders,70%,eski1264,indo1319,"eski1264 ~ eski1264 , indo1319",17, 8,aleu1260,scot1245,glottocodeBase,no proxy,aleu1260,NA,0.86207,0.00000,glottocodeBase,glottocodeBase,aleu1260,scot1245,0.45845,0.26934,GBI NOT available,TLI available,TLI only
Aleut,Czech,70%,eski1264,indo1319,"eski1264 ~ eski1264 , indo1319",17, 6,aleu1260,czec1258,glottocodeBase,glottocodeBase,aleu1260,czec1258,0.86207,0.86700,glottocodeBase,glottocodeBase,aleu1260,czec1258,0.45845,0.32951,GBI available,TLI available,both
Aleut,English_Kent,70%,eski1264,indo1319,"eski1264 ~ eski1264 , indo1319",17, 5,aleu1260,stan1293,glottocodeBase,glottocodeBase,aleu1260,stan1293,0.86207,0.85222,glottocodeBase,glottocodeBase,aleu1260,stan1293,0.45845,0.82521,GBI available,TLI available,both
Aleut,English_Cornwall,70%,eski1264,indo1319,"eski1264 ~ eski1264 , indo1319",17, 1,aleu1260,stan1293,glottocodeBase,glottocodeBase,aleu1260,stan1293,0.86207,0.85222,glottocodeBase,glottocodeBase,aleu1260,stan1293,0.45845,0.82521,GBI available,TLI available,both
Aleut,Mordovian,70%,eski1264,ural1272,"eski1264 ~ eski1264 , ural1272",17, 1,aleu1260,erzy1239,glottocodeBase,glottocodeBase,aleu1260,erzy1239,0.86207,0.84729,glottocodeBase,glottocodeBase,aleu1260,erzy1239,0.45845,0.30659,GBI available,TLI available,both
Aleut,Mordovian_Erzya,70%,eski1264,ural1272,"eski1264 ~ eski1264 , ural1272",17, 1,aleu1260,erzy1239,glottocodeBase,glottocodeBase,aleu1260,erzy1239,0.86207,0.84729,glottocodeBase,glottocodeBase,aleu1260,erzy1239,0.45845,0.30659,GBI available,TLI available,both
Aleut,Mordovian_Moksha,70%,eski1264,ural1272,"eski1264 ~ eski1264 , ural1272",17, 1,aleu1260,moks1248,glottocodeBase,glottocodeBase,aleu1260,moks1248,0.86207,0.88177,glottocodeBase,glottocodeBase,aleu1260,moks1248,0.45845,0.19771,GBI available,TLI available,both
Aleut,Russian_Archangelsk_Leshukonsky,70%,eski1264,indo1319,"eski1264 ~ eski1264 , indo1319",17, 1,aleu1260,russ1263,glottocodeBase,glottocodeBase,aleu1260,russ1263,0.86207,0.92118,glottocodeBase,glottocodeBase,aleu1260,russ1263,0.45845,0.85387,GBI available,TLI available,both
Aleut,Ukrainian_West,70%,eski1264,indo1319,"eski1264 ~ eski1264 , indo1319",17, 1,aleu1260,ukra1253,glottocodeBase,glottocodeBase,aleu1260,ukra1253,0.86207,0.78325,glottocodeBase,glottocodeBase,aleu1260,ukra1253,0.45845,0.32665,GBI available,TLI available,both
Belarusian,BedouinB,"70%, 80%, 90%",indo1319,afro1255,"indo1319 ~ indo1319 , afro1255",17, 1,bela1254,east2690,glottocodeBase,glottocodeBase,bela1254,east2690,0.87685,0.63547,glottocodeBase,no proxy,bela1254,NA,0.1404,0.00000,GBI available,TLI NOT available,GBI only
Belarusian,Yemen_Ad_Dali,"70%, 80%, 90%",indo1319,afro1255,"indo1319 ~ indo1319 , afro1255",17, 1,bela1254,sana1295,glottocodeBase,glottocodeBase,bela1254,sana1295,0.87685,0.74877,glottocodeBase,glottocodeBase,bela1254,sana1295,0.1404,0.02006,GBI available,TLI available,both
Belarusian,Yemen_Al_Bayda,"70%, 80%, 90%",indo1319,afro1255,"indo1319 ~ indo1319 , afro1255",17, 1,bela1254,sana1295,glottocodeBase,glottocodeBase,bela1254,sana1295,0.87685,0.74877,glottocodeBase,glottocodeBase,bela1254,sana1295,0.1404,0.02006,GBI available,TLI available,both
Belarusian,Yemen_Al_Jawf,"70%, 80%, 90%",indo1319,afro1255,"indo1319 ~ indo1319 , afro1255",17, 1,bela1254,sana1295,glottocodeBase,glottocodeBase,bela1254,sana1295,0.87685,0.74877,glottocodeBase,glottocodeBase,bela1254,sana1295,0.1404,0.02006,GBI available,TLI available,both
Belarusian,Yemen_Dhamar,"70%, 80%, 90%",indo1319,afro1255,"indo1319 ~ indo1319 , afro1255",17, 1,bela1254,sana1295,glottocodeBase,glottocodeBase,bela1254,sana1295,0.87685,0.74877,glottocodeBase,glottocodeBase,bela1254,sana1295,0.1404,0.02006,GBI available,TLI available,both
Belarusian,Yemen_Marib,"70%, 80%, 90%",indo1319,afro1255,"indo1319 ~ indo1319 , afro1255",17, 1,bela1254,sana1295,glottocodeBase,glottocodeBase,bela1254,sana1295,0.87685,0.74877,glottocodeBase,glottocodeBase,bela1254,sana1295,0.1404,0.02006,GBI available,TLI available,both
Bulgarian,Yemen_Ad_Dali,"70%, 80%",indo1319,afro1255,"indo1319 ~ indo1319 , afro1255",17, 1,bulg1262,sana1295,no proxy,glottocodeBase,NA,sana1295,0,0.74877,glottocodeBase,glottocodeBase,bulg1262,sana1295,0.61318,0.02006,GBI NOT available,TLI available,TLI only
Bulgarian,Yemen_Al_Bayda,"70%, 80%",indo1319,afro1255,"indo1319 ~ indo1319 , afro1255",17, 1,bulg1262,sana1295,no proxy,glottocodeBase,NA,sana1295,0,0.74877,glottocodeBase,glottocodeBase,bulg1262,sana1295,0.61318,0.02006,GBI NOT available,TLI available,TLI only
Bulgarian,Yemen_Al_Jawf,"70%, 80%",indo1319,afro1255,"indo1319 ~ indo1319 , afro1255",17, 1,bulg1262,sana1295,no proxy,glottocodeBase,NA,sana1295,0,0.74877,glottocodeBase,glottocodeBase,bulg1262,sana1295,0.61318,0.02006,GBI NOT available,TLI available,TLI only
Bulgarian,Yemen_Dhamar,"70%, 80%",indo1319,afro1255,"indo1319 ~ indo1319 , afro1255",17, 1,bulg1262,sana1295,no proxy,glottocodeBase,NA,sana1295,0,0.74877,glottocodeBase,glottocodeBase,bulg1262,sana1295,0.61318,0.02006,GBI NOT available,TLI available,TLI only
Bulgarian,Yemen_Marib,"70%, 80%",indo1319,afro1255,"indo1319 ~ indo1319 , afro1255",17, 1,bulg1262,sana1295,no proxy,glottocodeBase,NA,sana1295,0,0.74877,glottocodeBase,glottocodeBase,bulg1262,sana1295,0.61318,0.02006,GBI NOT available,TLI available,TLI only
Croatian,BedouinB,"70%, 80%",indo1319,afro1255,"indo1319 ~ indo1319 , afro1255",17, 1,croa1245,east2690,glottocodeGBIproxy,glottocodeBase,sout1528,east2690,0.867,0.63547,glottocodeBase,no proxy,croa1245,NA,0.3639,0.00000,GBI available,TLI NOT available,GBI only
Croatian,Yemen_Ad_Dali,"70%, 80%",indo1319,afro1255,"indo1319 ~ indo1319 , afro1255",17, 1,croa1245,sana1295,glottocodeGBIproxy,glottocodeBase,sout1528,sana1295,0.867,0.74877,glottocodeBase,glottocodeBase,croa1245,sana1295,0.3639,0.02006,GBI available,TLI available,both
Croatian,Yemen_Al_Bayda,"70%, 80%",indo1319,afro1255,"indo1319 ~ indo1319 , afro1255",17, 1,croa1245,sana1295,glottocodeGBIproxy,glottocodeBase,sout1528,sana1295,0.867,0.74877,glottocodeBase,glottocodeBase,croa1245,sana1295,0.3639,0.02006,GBI available,TLI available,both
Croatian,Yemen_Al_Jawf,"70%, 80%",indo1319,afro1255,"indo1319 ~ indo1319 , afro1255",17, 1,croa1245,sana1295,glottocodeGBIproxy,glottocodeBase,sout1528,sana1295,0.867,0.74877,glottocodeBase,glottocodeBase,croa1245,sana1295,0.3639,0.02006,GBI available,TLI available,both
Croatian,Yemen_Dhamar,"70%, 80%",indo1319,afro1255,"indo1319 ~ indo1319 , afro1255",17, 1,croa1245,sana1295,glottocodeGBIproxy,glottocodeBase,sout1528,sana1295,0.867,0.74877,glottocodeBase,glottocodeBase,croa1245,sana1295,0.3639,0.02006,GBI available,TLI available,both
Croatian,Yemen_Marib,"70%, 80%",indo1319,afro1255,"indo1319 ~ indo1319 , afro1255",17, 1,croa1245,sana1295,glottocodeGBIproxy,glottocodeBase,sout1528,sana1295,0.867,0.74877,glottocodeBase,glottocodeBase,croa1245,sana1295,0.3639,0.02006,GBI available,TLI available,both
Czech,BedouinB,"70%, 80%, 90%",indo1319,afro1255,"indo1319 ~ indo1319 , afro1255",17, 1,czec1258,east2690,glottocodeBase,glottocodeBase,czec1258,east2690,0.867,0.63547,glottocodeBase,no proxy,czec1258,NA,0.32951,0.00000,GBI available,TLI NOT available,GBI only
Czech,Yemen_Ad_Dali,"70%, 80%, 90%",indo1319,afro1255,"indo1319 ~ indo1319 , afro1255",17, 1,czec1258,sana1295,glottocodeBase,glottocodeBase,czec1258,sana1295,0.867,0.74877,glottocodeBase,glottocodeBase,czec1258,sana1295,0.32951,0.02006,GBI available,TLI available,both
Czech,Yemen_Al_Bayda,"70%, 80%, 90%",indo1319,afro1255,"indo1319 ~ indo1319 , afro1255",17, 1,czec1258,sana1295,glottocodeBase,glottocodeBase,czec1258,sana1295,0.867,0.74877,glottocodeBase,glottocodeBase,czec1258,sana1295,0.32951,0.02006,GBI available,TLI available,both
Czech,Yemen_Al_Jawf,"70%, 80%, 90%",indo1319,afro1255,"indo1319 ~ indo1319 , afro1255",17, 1,czec1258,sana1295,glottocodeBase,glottocodeBase,czec1258,sana1295,0.867,0.74877,glottocodeBase,glottocodeBase,czec1258,sana1295,0.32951,0.02006,GBI available,TLI available,both
Czech,Yemen_Dhamar,"70%, 80%, 90%",indo1319,afro1255,"indo1319 ~ indo1319 , afro1255",17, 1,czec1258,sana1295,glottocodeBase,glottocodeBase,czec1258,sana1295,0.867,0.74877,glottocodeBase,glottocodeBase,czec1258,sana1295,0.32951,0.02006,GBI available,TLI available,both
Czech,Yemen_Marib,"70%, 80%, 90%",indo1319,afro1255,"indo1319 ~ indo1319 , afro1255",17, 1,czec1258,sana1295,glottocodeBase,glottocodeBase,czec1258,sana1295,0.867,0.74877,glottocodeBase,glottocodeBase,czec1258,sana1295,0.32951,0.02006,GBI available,TLI available,both
Dai,Nganasan,"70%, 80%, 90%",taik1256,ural1272,"taik1256 ~ taik1256 , ural1272",17, 3,luuu1242,ngan1291,no proxy,glottocodeBase,NA,ngan1291,0,0.83744,glottocodeBase,glottocodeBase,luuu1242,ngan1291,0.12894,0.32378,GBI NOT available,TLI available,TLI only
Dai,Nganasan_Dudinka,"70%, 80%, 90%",taik1256,ural1272,"taik1256 ~ taik1256 , ural1272",17, 3,luuu1242,ngan1291,no proxy,glottocodeBase,NA,ngan1291,0,0.83744,glottocodeBase,glottocodeBase,luuu1242,ngan1291,0.12894,0.32378,GBI NOT available,TLI available,TLI only
Dai,Nganasan_UstAvam,"70%, 80%, 90%",taik1256,ural1272,"taik1256 ~ taik1256 , ural1272",17, 3,luuu1242,ngan1291,no proxy,glottocodeBase,NA,ngan1291,0,0.83744,glottocodeBase,glottocodeBase,luuu1242,ngan1291,0.12894,0.32378,GBI NOT available,TLI available,TLI only
Dai,Nganasan_Volochanka,"70%, 80%, 90%",taik1256,ural1272,"taik1256 ~ taik1256 , ural1272",17, 3,luuu1242,ngan1291,no proxy,glottocodeBase,NA,ngan1291,0,0.83744,glottocodeBase,glottocodeBase,luuu1242,ngan1291,0.12894,0.32378,GBI NOT available,TLI available,TLI only
English_Cornwall,BedouinB,"70%, 80%, 90%",indo1319,afro1255,"indo1319 ~ indo1319 , afro1255",17, 1,stan1293,east2690,glottocodeBase,glottocodeBase,stan1293,east2690,0.85222,0.63547,glottocodeBase,no proxy,stan1293,NA,0.82521,0.00000,GBI available,TLI NOT available,GBI only
English_Cornwall,Yemen_Ad_Dali,"70%, 80%, 90%",indo1319,afro1255,"indo1319 ~ indo1319 , afro1255",17, 1,stan1293,sana1295,glottocodeBase,glottocodeBase,stan1293,sana1295,0.85222,0.74877,glottocodeBase,glottocodeBase,stan1293,sana1295,0.82521,0.02006,GBI available,TLI available,both
English_Cornwall,Yemen_Al_Bayda,"70%, 80%, 90%",indo1319,afro1255,"indo1319 ~ indo1319 , afro1255",17, 1,stan1293,sana1295,glottocodeBase,glottocodeBase,stan1293,sana1295,0.85222,0.74877,glottocodeBase,glottocodeBase,stan1293,sana1295,0.82521,0.02006,GBI available,TLI available,both
English_Cornwall,Yemen_Al_Jawf,"70%, 80%, 90%",indo1319,afro1255,"indo1319 ~ indo1319 , afro1255",17, 1,stan1293,sana1295,glottocodeBase,glottocodeBase,stan1293,sana1295,0.85222,0.74877,glottocodeBase,glottocodeBase,stan1293,sana1295,0.82521,0.02006,GBI available,TLI available,both
English_Cornwall,Yemen_Dhamar,"70%, 80%, 90%",indo1319,afro1255,"indo1319 ~ indo1319 , afro1255",17, 1,stan1293,sana1295,glottocodeBase,glottocodeBase,stan1293,sana1295,0.85222,0.74877,glottocodeBase,glottocodeBase,stan1293,sana1295,0.82521,0.02006,GBI available,TLI available,both
English_Cornwall,Yemen_Marib,"70%, 80%, 90%",indo1319,afro1255,"indo1319 ~ indo1319 , afro1255",17, 1,stan1293,sana1295,glottocodeBase,glottocodeBase,stan1293,sana1295,0.85222,0.74877,glottocodeBase,glottocodeBase,stan1293,sana1295,0.82521,0.02006,GBI available,TLI available,both
English_Kent,BedouinB,"70%, 80%, 90%",indo1319,afro1255,"indo1319 ~ indo1319 , afro1255",17, 1,stan1293,east2690,glottocodeBase,glottocodeBase,stan1293,east2690,0.85222,0.63547,glottocodeBase,no proxy,stan1293,NA,0.82521,0.00000,GBI available,TLI NOT available,GBI only
English_Kent,Yemen_Ad_Dali,"70%, 80%, 90%",indo1319,afro1255,"indo1319 ~ indo1319 , afro1255",17, 1,stan1293,sana1295,glottocodeBase,glottocodeBase,stan1293,sana1295,0.85222,0.74877,glottocodeBase,glottocodeBase,stan1293,sana1295,0.82521,0.02006,GBI available,TLI available,both
English_Kent,Yemen_Al_Bayda,"70%, 80%, 90%",indo1319,afro1255,"indo1319 ~ indo1319 , afro1255",17, 1,stan1293,sana1295,glottocodeBase,glottocodeBase,stan1293,sana1295,0.85222,0.74877,glottocodeBase,glottocodeBase,stan1293,sana1295,0.82521,0.02006,GBI available,TLI available,both
English_Kent,Yemen_Al_Jawf,"70%, 80%, 90%",indo1319,afro1255,"indo1319 ~ indo1319 , afro1255",17, 1,stan1293,sana1295,glottocodeBase,glottocodeBase,stan1293,sana1295,0.85222,0.74877,glottocodeBase,glottocodeBase,stan1293,sana1295,0.82521,0.02006,GBI available,TLI available,both
English_Kent,Yemen_Dhamar,"70%, 80%, 90%",indo1319,afro1255,"indo1319 ~ indo1319 , afro1255",17, 1,stan1293,sana1295,glottocodeBase,glottocodeBase,stan1293,sana1295,0.85222,0.74877,glottocodeBase,glottocodeBase,stan1293,sana1295,0.82521,0.02006,GBI available,TLI available,both
English_Kent,Yemen_Marib,"70%, 80%, 90%",indo1319,afro1255,"indo1319 ~ indo1319 , afro1255",17, 1,stan1293,sana1295,glottocodeBase,glottocodeBase,stan1293,sana1295,0.85222,0.74877,glottocodeBase,glottocodeBase,stan1293,sana1295,0.82521,0.02006,GBI available,TLI available,both
French_Central,BedouinB,"70%, 80%, 90%",indo1319,afro1255,"indo1319 ~ indo1319 , afro1255",17, 1,stan1290,east2690,glottocodeBase,glottocodeBase,stan1290,east2690,0.89655,0.63547,glottocodeBase,no proxy,stan1290,NA,0.80802,0.00000,GBI available,TLI NOT available,GBI only
French_Central,Yemen_Ad_Dali,"70%, 80%, 90%",indo1319,afro1255,"indo1319 ~ indo1319 , afro1255",17, 1,stan1290,sana1295,glottocodeBase,glottocodeBase,stan1290,sana1295,0.89655,0.74877,glottocodeBase,glottocodeBase,stan1290,sana1295,0.80802,0.02006,GBI available,TLI available,both
French_Central,Yemen_Al_Bayda,"70%, 80%, 90%",indo1319,afro1255,"indo1319 ~ indo1319 , afro1255",17, 1,stan1290,sana1295,glottocodeBase,glottocodeBase,stan1290,sana1295,0.89655,0.74877,glottocodeBase,glottocodeBase,stan1290,sana1295,0.80802,0.02006,GBI available,TLI available,both
French_Central,Yemen_Al_Jawf,"70%, 80%, 90%",indo1319,afro1255,"indo1319 ~ indo1319 , afro1255",17, 1,stan1290,sana1295,glottocodeBase,glottocodeBase,stan1290,sana1295,0.89655,0.74877,glottocodeBase,glottocodeBase,stan1290,sana1295,0.80802,0.02006,GBI available,TLI available,both
French_Central,Yemen_Dhamar,"70%, 80%, 90%",indo1319,afro1255,"indo1319 ~ indo1319 , afro1255",17, 1,stan1290,sana1295,glottocodeBase,glottocodeBase,stan1290,sana1295,0.89655,0.74877,glottocodeBase,glottocodeBase,stan1290,sana1295,0.80802,0.02006,GBI available,TLI available,both
French_Central,Yemen_Marib,"70%, 80%, 90%",indo1319,afro1255,"indo1319 ~ indo1319 , afro1255",17, 1,stan1290,sana1295,glottocodeBase,glottocodeBase,stan1290,sana1295,0.89655,0.74877,glottocodeBase,glottocodeBase,stan1290,sana1295,0.80802,0.02006,GBI available,TLI available,both
French_East,BedouinB,"70%, 80%, 90%",indo1319,afro1255,"indo1319 ~ indo1319 , afro1255",17, 1,stan1290,east2690,glottocodeBase,glottocodeBase,stan1290,east2690,0.89655,0.63547,glottocodeBase,no proxy,stan1290,NA,0.80802,0.00000,GBI available,TLI NOT available,GBI only
French_East,Yemen_Ad_Dali,"70%, 80%, 90%",indo1319,afro1255,"indo1319 ~ indo1319 , afro1255",17, 1,stan1290,sana1295,glottocodeBase,glottocodeBase,stan1290,sana1295,0.89655,0.74877,glottocodeBase,glottocodeBase,stan1290,sana1295,0.80802,0.02006,GBI available,TLI available,both
French_East,Yemen_Al_Bayda,"70%, 80%, 90%",indo1319,afro1255,"indo1319 ~ indo1319 , afro1255",17, 1,stan1290,sana1295,glottocodeBase,glottocodeBase,stan1290,sana1295,0.89655,0.74877,glottocodeBase,glottocodeBase,stan1290,sana1295,0.80802,0.02006,GBI available,TLI available,both
French_East,Yemen_Al_Jawf,"70%, 80%, 90%",indo1319,afro1255,"indo1319 ~ indo1319 , afro1255",17, 1,stan1290,sana1295,glottocodeBase,glottocodeBase,stan1290,sana1295,0.89655,0.74877,glottocodeBase,glottocodeBase,stan1290,sana1295,0.80802,0.02006,GBI available,TLI available,both
French_East,Yemen_Dhamar,"70%, 80%, 90%",indo1319,afro1255,"indo1319 ~ indo1319 , afro1255",17, 1,stan1290,sana1295,glottocodeBase,glottocodeBase,stan1290,sana1295,0.89655,0.74877,glottocodeBase,glottocodeBase,stan1290,sana1295,0.80802,0.02006,GBI available,TLI available,both
French_East,Yemen_Marib,"70%, 80%, 90%",indo1319,afro1255,"indo1319 ~ indo1319 , afro1255",17, 1,stan1290,sana1295,glottocodeBase,glottocodeBase,stan1290,sana1295,0.89655,0.74877,glottocodeBase,glottocodeBase,stan1290,sana1295,0.80802,0.02006,GBI available,TLI available,both
French_Northwest,BedouinB,"70%, 80%",indo1319,afro1255,"indo1319 ~ indo1319 , afro1255",17, 1,stan1290,east2690,glottocodeBase,glottocodeBase,stan1290,east2690,0.89655,0.63547,glottocodeBase,no proxy,stan1290,NA,0.80802,0.00000,GBI available,TLI NOT available,GBI only
French_Northwest,Yemen_Ad_Dali,"70%, 80%",indo1319,afro1255,"indo1319 ~ indo1319 , afro1255",17, 1,stan1290,sana1295,glottocodeBase,glottocodeBase,stan1290,sana1295,0.89655,0.74877,glottocodeBase,glottocodeBase,stan1290,sana1295,0.80802,0.02006,GBI available,TLI available,both
French_Northwest,Yemen_Al_Bayda,"70%, 80%",indo1319,afro1255,"indo1319 ~ indo1319 , afro1255",17, 1,stan1290,sana1295,glottocodeBase,glottocodeBase,stan1290,sana1295,0.89655,0.74877,glottocodeBase,glottocodeBase,stan1290,sana1295,0.80802,0.02006,GBI available,TLI available,both
French_Northwest,Yemen_Al_Jawf,"70%, 80%",indo1319,afro1255,"indo1319 ~ indo1319 , afro1255",17, 1,stan1290,sana1295,glottocodeBase,glottocodeBase,stan1290,sana1295,0.89655,0.74877,glottocodeBase,glottocodeBase,stan1290,sana1295,0.80802,0.02006,GBI available,TLI available,both
French_Northwest,Yemen_Dhamar,"70%, 80%",indo1319,afro1255,"indo1319 ~ indo1319 , afro1255",17, 1,stan1290,sana1295,glottocodeBase,glottocodeBase,stan1290,sana1295,0.89655,0.74877,glottocodeBase,glottocodeBase,stan1290,sana1295,0.80802,0.02006,GBI available,TLI available,both
French_Northwest,Yemen_Marib,"70%, 80%",indo1319,afro1255,"indo1319 ~ indo1319 , afro1255",17, 1,stan1290,sana1295,glottocodeBase,glottocodeBase,stan1290,sana1295,0.89655,0.74877,glottocodeBase,glottocodeBase,stan1290,sana1295,0.80802,0.02006,GBI available,TLI available,both
French_West,BedouinB,"70%, 80%, 90%",indo1319,afro1255,"indo1319 ~ indo1319 , afro1255",17, 1,stan1290,east2690,glottocodeBase,glottocodeBase,stan1290,east2690,0.89655,0.63547,glottocodeBase,no proxy,stan1290,NA,0.80802,0.00000,GBI available,TLI NOT available,GBI only
French_West,Yemen_Ad_Dali,"70%, 80%, 90%",indo1319,afro1255,"indo1319 ~ indo1319 , afro1255",17, 1,stan1290,sana1295,glottocodeBase,glottocodeBase,stan1290,sana1295,0.89655,0.74877,glottocodeBase,glottocodeBase,stan1290,sana1295,0.80802,0.02006,GBI available,TLI available,both
French_West,Yemen_Al_Bayda,"70%, 80%, 90%",indo1319,afro1255,"indo1319 ~ indo1319 , afro1255",17, 1,stan1290,sana1295,glottocodeBase,glottocodeBase,stan1290,sana1295,0.89655,0.74877,glottocodeBase,glottocodeBase,stan1290,sana1295,0.80802,0.02006,GBI available,TLI available,both
French_West,Yemen_Al_Jawf,"70%, 80%, 90%",indo1319,afro1255,"indo1319 ~ indo1319 , afro1255",17, 1,stan1290,sana1295,glottocodeBase,glottocodeBase,stan1290,sana1295,0.89655,0.74877,glottocodeBase,glottocodeBase,stan1290,sana1295,0.80802,0.02006,GBI available,TLI available,both
French_West,Yemen_Dhamar,"70%, 80%, 90%",indo1319,afro1255,"indo1319 ~ indo1319 , afro1255",17, 1,stan1290,sana1295,glottocodeBase,glottocodeBase,stan1290,sana1295,0.89655,0.74877,glottocodeBase,glottocodeBase,stan1290,sana1295,0.80802,0.02006,GBI available,TLI available,both
French_West,Yemen_Marib,"70%, 80%, 90%",indo1319,afro1255,"indo1319 ~ indo1319 , afro1255",17, 1,stan1290,sana1295,glottocodeBase,glottocodeBase,stan1290,sana1295,0.89655,0.74877,glottocodeBase,glottocodeBase,stan1290,sana1295,0.80802,0.02006,GBI available,TLI available,both
German_Lipsian,Yemen_Ad_Dali,"70%, 80%, 90%",indo1319,afro1255,"indo1319 ~ indo1319 , afro1255",17, 1,stan1295,sana1295,no proxy,glottocodeBase,NA,sana1295,0,0.74877,glottocodeBase,glottocodeBase,stan1295,sana1295,0.7937,0.02006,GBI NOT available,TLI available,TLI only
German_Lipsian,Yemen_Al_Bayda,"70%, 80%, 90%",indo1319,afro1255,"indo1319 ~ indo1319 , afro1255",17, 1,stan1295,sana1295,no proxy,glottocodeBase,NA,sana1295,0,0.74877,glottocodeBase,glottocodeBase,stan1295,sana1295,0.7937,0.02006,GBI NOT available,TLI available,TLI only
German_Lipsian,Yemen_Al_Jawf,"70%, 80%, 90%",indo1319,afro1255,"indo1319 ~ indo1319 , afro1255",17, 1,stan1295,sana1295,no proxy,glottocodeBase,NA,sana1295,0,0.74877,glottocodeBase,glottocodeBase,stan1295,sana1295,0.7937,0.02006,GBI NOT available,TLI available,TLI only
German_Lipsian,Yemen_Dhamar,"70%, 80%, 90%",indo1319,afro1255,"indo1319 ~ indo1319 , afro1255",17, 1,stan1295,sana1295,no proxy,glottocodeBase,NA,sana1295,0,0.74877,glottocodeBase,glottocodeBase,stan1295,sana1295,0.7937,0.02006,GBI NOT available,TLI available,TLI only
German_Lipsian,Yemen_Marib,"70%, 80%, 90%",indo1319,afro1255,"indo1319 ~ indo1319 , afro1255",17, 1,stan1295,sana1295,no proxy,glottocodeBase,NA,sana1295,0,0.74877,glottocodeBase,glottocodeBase,stan1295,sana1295,0.7937,0.02006,GBI NOT available,TLI available,TLI only
German_Sorb,Yemen_Ad_Dali,"70%, 80%, 90%",indo1319,afro1255,"indo1319 ~ indo1319 , afro1255",17, 1,sorb1249,sana1295,no proxy,glottocodeBase,NA,sana1295,0,0.74877,glottocodeTLIproxy,glottocodeBase,uppe1395,sana1295,0.28367,0.02006,GBI NOT available,TLI available,TLI only
German_Sorb,Yemen_Al_Bayda,"70%, 80%, 90%",indo1319,afro1255,"indo1319 ~ indo1319 , afro1255",17, 1,sorb1249,sana1295,no proxy,glottocodeBase,NA,sana1295,0,0.74877,glottocodeTLIproxy,glottocodeBase,uppe1395,sana1295,0.28367,0.02006,GBI NOT available,TLI available,TLI only
German_Sorb,Yemen_Al_Jawf,"70%, 80%, 90%",indo1319,afro1255,"indo1319 ~ indo1319 , afro1255",17, 1,sorb1249,sana1295,no proxy,glottocodeBase,NA,sana1295,0,0.74877,glottocodeTLIproxy,glottocodeBase,uppe1395,sana1295,0.28367,0.02006,GBI NOT available,TLI available,TLI only
German_Sorb,Yemen_Dhamar,"70%, 80%, 90%",indo1319,afro1255,"indo1319 ~ indo1319 , afro1255",17, 1,sorb1249,sana1295,no proxy,glottocodeBase,NA,sana1295,0,0.74877,glottocodeTLIproxy,glottocodeBase,uppe1395,sana1295,0.28367,0.02006,GBI NOT available,TLI available,TLI only
German_Sorb,Yemen_Marib,"70%, 80%, 90%",indo1319,afro1255,"indo1319 ~ indo1319 , afro1255",17, 1,sorb1249,sana1295,no proxy,glottocodeBase,NA,sana1295,0,0.74877,glottocodeTLIproxy,glottocodeBase,uppe1395,sana1295,0.28367,0.02006,GBI NOT available,TLI available,TLI only
Hungarian1,BedouinB,"70%, 80%",ural1272,afro1255,"ural1272 ~ ural1272 , afro1255",17, 1,hung1274,east2690,glottocodeBase,glottocodeBase,hung1274,east2690,0.89655,0.63547,glottocodeBase,no proxy,hung1274,NA,0.84527,0.00000,GBI available,TLI NOT available,GBI only
Hungarian1,Yemen_Ad_Dali,"70%, 80%",ural1272,afro1255,"ural1272 ~ ural1272 , afro1255",17, 1,hung1274,sana1295,glottocodeBase,glottocodeBase,hung1274,sana1295,0.89655,0.74877,glottocodeBase,glottocodeBase,hung1274,sana1295,0.84527,0.02006,GBI available,TLI available,both
Hungarian1,Yemen_Al_Bayda,"70%, 80%",ural1272,afro1255,"ural1272 ~ ural1272 , afro1255",17, 1,hung1274,sana1295,glottocodeBase,glottocodeBase,hung1274,sana1295,0.89655,0.74877,glottocodeBase,glottocodeBase,hung1274,sana1295,0.84527,0.02006,GBI available,TLI available,both
Hungarian1,Yemen_Al_Jawf,"70%, 80%",ural1272,afro1255,"ural1272 ~ ural1272 , afro1255",17, 1,hung1274,sana1295,glottocodeBase,glottocodeBase,hung1274,sana1295,0.89655,0.74877,glottocodeBase,glottocodeBase,hung1274,sana1295,0.84527,0.02006,GBI available,TLI available,both
Hungarian1,Yemen_Dhamar,"70%, 80%",ural1272,afro1255,"ural1272 ~ ural1272 , afro1255",17, 1,hung1274,sana1295,glottocodeBase,glottocodeBase,hung1274,sana1295,0.89655,0.74877,glottocodeBase,glottocodeBase,hung1274,sana1295,0.84527,0.02006,GBI available,TLI available,both
Hungarian1,Yemen_Marib,"70%, 80%",ural1272,afro1255,"ural1272 ~ ural1272 , afro1255",17, 1,hung1274,sana1295,glottocodeBase,glottocodeBase,hung1274,sana1295,0.89655,0.74877,glottocodeBase,glottocodeBase,hung1274,sana1295,0.84527,0.02006,GBI available,TLI available,both
Hungarian2,BedouinB,"70%, 80%",ural1272,afro1255,"ural1272 ~ ural1272 , afro1255",17, 1,hung1274,east2690,glottocodeBase,glottocodeBase,hung1274,east2690,0.89655,0.63547,glottocodeBase,no proxy,hung1274,NA,0.84527,0.00000,GBI available,TLI NOT available,GBI only
Hungarian2,Yemen_Ad_Dali,"70%, 80%",ural1272,afro1255,"ural1272 ~ ural1272 , afro1255",17, 1,hung1274,sana1295,glottocodeBase,glottocodeBase,hung1274,sana1295,0.89655,0.74877,glottocodeBase,glottocodeBase,hung1274,sana1295,0.84527,0.02006,GBI available,TLI available,both
Hungarian2,Yemen_Al_Bayda,"70%, 80%",ural1272,afro1255,"ural1272 ~ ural1272 , afro1255",17, 1,hung1274,sana1295,glottocodeBase,glottocodeBase,hung1274,sana1295,0.89655,0.74877,glottocodeBase,glottocodeBase,hung1274,sana1295,0.84527,0.02006,GBI available,TLI available,both
Hungarian2,Yemen_Al_Jawf,"70%, 80%",ural1272,afro1255,"ural1272 ~ ural1272 , afro1255",17, 1,hung1274,sana1295,glottocodeBase,glottocodeBase,hung1274,sana1295,0.89655,0.74877,glottocodeBase,glottocodeBase,hung1274,sana1295,0.84527,0.02006,GBI available,TLI available,both
Hungarian2,Yemen_Dhamar,"70%, 80%",ural1272,afro1255,"ural1272 ~ ural1272 , afro1255",17, 1,hung1274,sana1295,glottocodeBase,glottocodeBase,hung1274,sana1295,0.89655,0.74877,glottocodeBase,glottocodeBase,hung1274,sana1295,0.84527,0.02006,GBI available,TLI available,both
Hungarian2,Yemen_Marib,"70%, 80%",ural1272,afro1255,"ural1272 ~ ural1272 , afro1255",17, 1,hung1274,sana1295,glottocodeBase,glottocodeBase,hung1274,sana1295,0.89655,0.74877,glottocodeBase,glottocodeBase,hung1274,sana1295,0.84527,0.02006,GBI available,TLI available,both
Icelandic,BedouinB,"70%, 80%, 90%",indo1319,afro1255,"indo1319 ~ indo1319 , afro1255",17, 1,icel1247,east2690,glottocodeBase,glottocodeBase,icel1247,east2690,0.867,0.63547,glottocodeBase,no proxy,icel1247,NA,0.59599,0.00000,GBI available,TLI NOT available,GBI only
Icelandic,Yemen_Ad_Dali,"70%, 80%, 90%",indo1319,afro1255,"indo1319 ~ indo1319 , afro1255",17, 1,icel1247,sana1295,glottocodeBase,glottocodeBase,icel1247,sana1295,0.867,0.74877,glottocodeBase,glottocodeBase,icel1247,sana1295,0.59599,0.02006,GBI available,TLI available,both
Icelandic,Yemen_Al_Bayda,"70%, 80%, 90%",indo1319,afro1255,"indo1319 ~ indo1319 , afro1255",17, 1,icel1247,sana1295,glottocodeBase,glottocodeBase,icel1247,sana1295,0.867,0.74877,glottocodeBase,glottocodeBase,icel1247,sana1295,0.59599,0.02006,GBI available,TLI available,both
Icelandic,Yemen_Al_Jawf,"70%, 80%, 90%",indo1319,afro1255,"indo1319 ~ indo1319 , afro1255",17, 1,icel1247,sana1295,glottocodeBase,glottocodeBase,icel1247,sana1295,0.867,0.74877,glottocodeBase,glottocodeBase,icel1247,sana1295,0.59599,0.02006,GBI available,TLI available,both
Icelandic,Yemen_Dhamar,"70%, 80%, 90%",indo1319,afro1255,"indo1319 ~ indo1319 , afro1255",17, 1,icel1247,sana1295,glottocodeBase,glottocodeBase,icel1247,sana1295,0.867,0.74877,glottocodeBase,glottocodeBase,icel1247,sana1295,0.59599,0.02006,GBI available,TLI available,both
Icelandic,Yemen_Marib,"70%, 80%, 90%",indo1319,afro1255,"indo1319 ~ indo1319 , afro1255",17, 1,icel1247,sana1295,glottocodeBase,glottocodeBase,icel1247,sana1295,0.867,0.74877,glottocodeBase,glottocodeBase,icel1247,sana1295,0.59599,0.02006,GBI available,TLI available,both
Irish_Connacht,BedouinB,"70%, 80%, 90%",indo1319,afro1255,"indo1319 ~ indo1319 , afro1255",17, 1,conn1243,east2690,glottocodeGBIproxy,glottocodeBase,iris1253,east2690,0.92118,0.63547,glottocodeTLIproxy,no proxy,iris1253,NA,0.54441,0.00000,GBI available,TLI NOT available,GBI only
Irish_Connacht,Yemen_Ad_Dali,"70%, 80%, 90%",indo1319,afro1255,"indo1319 ~ indo1319 , afro1255",17, 1,conn1243,sana1295,glottocodeGBIproxy,glottocodeBase,iris1253,sana1295,0.92118,0.74877,glottocodeTLIproxy,glottocodeBase,iris1253,sana1295,0.54441,0.02006,GBI available,TLI available,both
Irish_Connacht,Yemen_Al_Bayda,"70%, 80%, 90%",indo1319,afro1255,"indo1319 ~ indo1319 , afro1255",17, 1,conn1243,sana1295,glottocodeGBIproxy,glottocodeBase,iris1253,sana1295,0.92118,0.74877,glottocodeTLIproxy,glottocodeBase,iris1253,sana1295,0.54441,0.02006,GBI available,TLI available,both
Irish_Connacht,Yemen_Al_Jawf,"70%, 80%, 90%",indo1319,afro1255,"indo1319 ~ indo1319 , afro1255",17, 1,conn1243,sana1295,glottocodeGBIproxy,glottocodeBase,iris1253,sana1295,0.92118,0.74877,glottocodeTLIproxy,glottocodeBase,iris1253,sana1295,0.54441,0.02006,GBI available,TLI available,both
Irish_Connacht,Yemen_Dhamar,"70%, 80%, 90%",indo1319,afro1255,"indo1319 ~ indo1319 , afro1255",17, 1,conn1243,sana1295,glottocodeGBIproxy,glottocodeBase,iris1253,sana1295,0.92118,0.74877,glottocodeTLIproxy,glottocodeBase,iris1253,sana1295,0.54441,0.02006,GBI available,TLI available,both
Irish_Connacht,Yemen_Marib,"70%, 80%, 90%",indo1319,afro1255,"indo1319 ~ indo1319 , afro1255",17, 1,conn1243,sana1295,glottocodeGBIproxy,glottocodeBase,iris1253,sana1295,0.92118,0.74877,glottocodeTLIproxy,glottocodeBase,iris1253,sana1295,0.54441,0.02006,GBI available,TLI available,both
Irish_Cork_Kerry,BedouinB,"70%, 80%, 90%",indo1319,afro1255,"indo1319 ~ indo1319 , afro1255",17, 1,iris1253,east2690,glottocodeBase,glottocodeBase,iris1253,east2690,0.92118,0.63547,glottocodeBase,no proxy,iris1253,NA,0.54441,0.00000,GBI available,TLI NOT available,GBI only
Irish_Cork_Kerry,Yemen_Ad_Dali,"70%, 80%, 90%",indo1319,afro1255,"indo1319 ~ indo1319 , afro1255",17, 1,iris1253,sana1295,glottocodeBase,glottocodeBase,iris1253,sana1295,0.92118,0.74877,glottocodeBase,glottocodeBase,iris1253,sana1295,0.54441,0.02006,GBI available,TLI available,both
Irish_Cork_Kerry,Yemen_Al_Bayda,"70%, 80%, 90%",indo1319,afro1255,"indo1319 ~ indo1319 , afro1255",17, 1,iris1253,sana1295,glottocodeBase,glottocodeBase,iris1253,sana1295,0.92118,0.74877,glottocodeBase,glottocodeBase,iris1253,sana1295,0.54441,0.02006,GBI available,TLI available,both
Irish_Cork_Kerry,Yemen_Al_Jawf,"70%, 80%, 90%",indo1319,afro1255,"indo1319 ~ indo1319 , afro1255",17, 1,iris1253,sana1295,glottocodeBase,glottocodeBase,iris1253,sana1295,0.92118,0.74877,glottocodeBase,glottocodeBase,iris1253,sana1295,0.54441,0.02006,GBI available,TLI available,both
Irish_Cork_Kerry,Yemen_Dhamar,"70%, 80%, 90%",indo1319,afro1255,"indo1319 ~ indo1319 , afro1255",17, 1,iris1253,sana1295,glottocodeBase,glottocodeBase,iris1253,sana1295,0.92118,0.74877,glottocodeBase,glottocodeBase,iris1253,sana1295,0.54441,0.02006,GBI available,TLI available,both
Irish_Cork_Kerry,Yemen_Marib,"70%, 80%, 90%",indo1319,afro1255,"indo1319 ~ indo1319 , afro1255",17, 1,iris1253,sana1295,glottocodeBase,glottocodeBase,iris1253,sana1295,0.92118,0.74877,glottocodeBase,glottocodeBase,iris1253,sana1295,0.54441,0.02006,GBI available,TLI available,both
Irish_Leinster,BedouinB,"70%, 80%, 90%",indo1319,afro1255,"indo1319 ~ indo1319 , afro1255",17, 1,iris1253,east2690,glottocodeBase,glottocodeBase,iris1253,east2690,0.92118,0.63547,glottocodeBase,no proxy,iris1253,NA,0.54441,0.00000,GBI available,TLI NOT available,GBI only
Irish_Leinster,Yemen_Ad_Dali,"70%, 80%, 90%",indo1319,afro1255,"indo1319 ~ indo1319 , afro1255",17, 1,iris1253,sana1295,glottocodeBase,glottocodeBase,iris1253,sana1295,0.92118,0.74877,glottocodeBase,glottocodeBase,iris1253,sana1295,0.54441,0.02006,GBI available,TLI available,both
Irish_Leinster,Yemen_Al_Bayda,"70%, 80%, 90%",indo1319,afro1255,"indo1319 ~ indo1319 , afro1255",17, 1,iris1253,sana1295,glottocodeBase,glottocodeBase,iris1253,sana1295,0.92118,0.74877,glottocodeBase,glottocodeBase,iris1253,sana1295,0.54441,0.02006,GBI available,TLI available,both
Irish_Leinster,Yemen_Al_Jawf,"70%, 80%, 90%",indo1319,afro1255,"indo1319 ~ indo1319 , afro1255",17, 1,iris1253,sana1295,glottocodeBase,glottocodeBase,iris1253,sana1295,0.92118,0.74877,glottocodeBase,glottocodeBase,iris1253,sana1295,0.54441,0.02006,GBI available,TLI available,both
Irish_Leinster,Yemen_Dhamar,"70%, 80%, 90%",indo1319,afro1255,"indo1319 ~ indo1319 , afro1255",17, 1,iris1253,sana1295,glottocodeBase,glottocodeBase,iris1253,sana1295,0.92118,0.74877,glottocodeBase,glottocodeBase,iris1253,sana1295,0.54441,0.02006,GBI available,TLI available,both
Irish_Leinster,Yemen_Marib,"70%, 80%, 90%",indo1319,afro1255,"indo1319 ~ indo1319 , afro1255",17, 1,iris1253,sana1295,glottocodeBase,glottocodeBase,iris1253,sana1295,0.92118,0.74877,glottocodeBase,glottocodeBase,iris1253,sana1295,0.54441,0.02006,GBI available,TLI available,both
Irish_Munster,BedouinB,"70%, 80%, 90%",indo1319,afro1255,"indo1319 ~ indo1319 , afro1255",17, 1,muns1250,east2690,glottocodeGBIproxy,glottocodeBase,iris1253,east2690,0.92118,0.63547,glottocodeTLIproxy,no proxy,iris1253,NA,0.54441,0.00000,GBI available,TLI NOT available,GBI only
Irish_Munster,Yemen_Ad_Dali,"70%, 80%, 90%",indo1319,afro1255,"indo1319 ~ indo1319 , afro1255",17, 1,muns1250,sana1295,glottocodeGBIproxy,glottocodeBase,iris1253,sana1295,0.92118,0.74877,glottocodeTLIproxy,glottocodeBase,iris1253,sana1295,0.54441,0.02006,GBI available,TLI available,both
Irish_Munster,Yemen_Al_Bayda,"70%, 80%, 90%",indo1319,afro1255,"indo1319 ~ indo1319 , afro1255",17, 1,muns1250,sana1295,glottocodeGBIproxy,glottocodeBase,iris1253,sana1295,0.92118,0.74877,glottocodeTLIproxy,glottocodeBase,iris1253,sana1295,0.54441,0.02006,GBI available,TLI available,both
Irish_Munster,Yemen_Al_Jawf,"70%, 80%, 90%",indo1319,afro1255,"indo1319 ~ indo1319 , afro1255",17, 1,muns1250,sana1295,glottocodeGBIproxy,glottocodeBase,iris1253,sana1295,0.92118,0.74877,glottocodeTLIproxy,glottocodeBase,iris1253,sana1295,0.54441,0.02006,GBI available,TLI available,both
Irish_Munster,Yemen_Dhamar,"70%, 80%, 90%",indo1319,afro1255,"indo1319 ~ indo1319 , afro1255",17, 1,muns1250,sana1295,glottocodeGBIproxy,glottocodeBase,iris1253,sana1295,0.92118,0.74877,glottocodeTLIproxy,glottocodeBase,iris1253,sana1295,0.54441,0.02006,GBI available,TLI available,both
Irish_Munster,Yemen_Marib,"70%, 80%, 90%",indo1319,afro1255,"indo1319 ~ indo1319 , afro1255",17, 1,muns1250,sana1295,glottocodeGBIproxy,glottocodeBase,iris1253,sana1295,0.92118,0.74877,glottocodeTLIproxy,glottocodeBase,iris1253,sana1295,0.54441,0.02006,GBI available,TLI available,both
Irish_Ulster,BedouinB,"70%, 80%, 90%",indo1319,afro1255,"indo1319 ~ indo1319 , afro1255",17, 1,done1238,east2690,glottocodeGBIproxy,glottocodeBase,iris1253,east2690,0.92118,0.63547,glottocodeTLIproxy,no proxy,iris1253,NA,0.54441,0.00000,GBI available,TLI NOT available,GBI only
Irish_Ulster,Yemen_Ad_Dali,"70%, 80%, 90%",indo1319,afro1255,"indo1319 ~ indo1319 , afro1255",17, 1,done1238,sana1295,glottocodeGBIproxy,glottocodeBase,iris1253,sana1295,0.92118,0.74877,glottocodeTLIproxy,glottocodeBase,iris1253,sana1295,0.54441,0.02006,GBI available,TLI available,both
Irish_Ulster,Yemen_Al_Bayda,"70%, 80%, 90%",indo1319,afro1255,"indo1319 ~ indo1319 , afro1255",17, 1,done1238,sana1295,glottocodeGBIproxy,glottocodeBase,iris1253,sana1295,0.92118,0.74877,glottocodeTLIproxy,glottocodeBase,iris1253,sana1295,0.54441,0.02006,GBI available,TLI available,both
Irish_Ulster,Yemen_Al_Jawf,"70%, 80%, 90%",indo1319,afro1255,"indo1319 ~ indo1319 , afro1255",17, 1,done1238,sana1295,glottocodeGBIproxy,glottocodeBase,iris1253,sana1295,0.92118,0.74877,glottocodeTLIproxy,glottocodeBase,iris1253,sana1295,0.54441,0.02006,GBI available,TLI available,both
Irish_Ulster,Yemen_Dhamar,"70%, 80%, 90%",indo1319,afro1255,"indo1319 ~ indo1319 , afro1255",17, 1,done1238,sana1295,glottocodeGBIproxy,glottocodeBase,iris1253,sana1295,0.92118,0.74877,glottocodeTLIproxy,glottocodeBase,iris1253,sana1295,0.54441,0.02006,GBI available,TLI available,both
Irish_Ulster,Yemen_Marib,"70%, 80%, 90%",indo1319,afro1255,"indo1319 ~ indo1319 , afro1255",17, 1,done1238,sana1295,glottocodeGBIproxy,glottocodeBase,iris1253,sana1295,0.92118,0.74877,glottocodeTLIproxy,glottocodeBase,iris1253,sana1295,0.54441,0.02006,GBI available,TLI available,both
Ket_Southeast,Nganasan,"70%, 80%, 90%",yeni1252,ural1272,"yeni1252 ~ yeni1252 , ural1272",17, 6,kett1243,ngan1291,glottocodeBase,glottocodeBase,kett1243,ngan1291,0.867,0.83744,glottocodeBase,glottocodeBase,kett1243,ngan1291,0.52436,0.32378,GBI available,TLI available,both
Ket_Southeast,Nganasan_Dudinka,"70%, 80%, 90%",yeni1252,ural1272,"yeni1252 ~ yeni1252 , ural1272",17, 6,kett1243,ngan1291,glottocodeBase,glottocodeBase,kett1243,ngan1291,0.867,0.83744,glottocodeBase,glottocodeBase,kett1243,ngan1291,0.52436,0.32378,GBI available,TLI available,both
Ket_Southeast,Nganasan_UstAvam,"70%, 80%, 90%",yeni1252,ural1272,"yeni1252 ~ yeni1252 , ural1272",17, 6,kett1243,ngan1291,glottocodeBase,glottocodeBase,kett1243,ngan1291,0.867,0.83744,glottocodeBase,glottocodeBase,kett1243,ngan1291,0.52436,0.32378,GBI available,TLI available,both
Ket_Southeast,Nganasan_Volochanka,"70%, 80%, 90%",yeni1252,ural1272,"yeni1252 ~ yeni1252 , ural1272",17, 6,kett1243,ngan1291,glottocodeBase,glottocodeBase,kett1243,ngan1291,0.867,0.83744,glottocodeBase,glottocodeBase,kett1243,ngan1291,0.52436,0.32378,GBI available,TLI available,both
Kinh,Nganasan,"70%, 80%, 90%",aust1305,ural1272,"aust1305 ~ aust1305 , ural1272",17, 3,viet1252,ngan1291,glottocodeBase,glottocodeBase,viet1252,ngan1291,0.53695,0.83744,glottocodeBase,glottocodeBase,viet1252,ngan1291,0.5788,0.32378,GBI available,TLI available,both
Kinh,Nganasan_Dudinka,"70%, 80%, 90%",aust1305,ural1272,"aust1305 ~ aust1305 , ural1272",17, 3,viet1252,ngan1291,glottocodeBase,glottocodeBase,viet1252,ngan1291,0.53695,0.83744,glottocodeBase,glottocodeBase,viet1252,ngan1291,0.5788,0.32378,GBI available,TLI available,both
Kinh,Nganasan_UstAvam,"70%, 80%, 90%",aust1305,ural1272,"aust1305 ~ aust1305 , ural1272",17, 3,viet1252,ngan1291,glottocodeBase,glottocodeBase,viet1252,ngan1291,0.53695,0.83744,glottocodeBase,glottocodeBase,viet1252,ngan1291,0.5788,0.32378,GBI available,TLI available,both
Kinh,Nganasan_Volochanka,"70%, 80%, 90%",aust1305,ural1272,"aust1305 ~ aust1305 , ural1272",17, 3,viet1252,ngan1291,glottocodeBase,glottocodeBase,viet1252,ngan1291,0.53695,0.83744,glottocodeBase,glottocodeBase,viet1252,ngan1291,0.5788,0.32378,GBI available,TLI available,both
Koryak,Nganasan,"70%, 80%, 90%",chuk1271,ural1272,"chuk1271 ~ chuk1271 , ural1272",17,11,kory1246,ngan1291,no proxy,glottocodeBase,NA,ngan1291,0,0.83744,glottocodeBase,glottocodeBase,kory1246,ngan1291,0.20057,0.32378,GBI NOT available,TLI available,TLI only
Koryak,Nganasan_Dudinka,"70%, 80%, 90%",chuk1271,ural1272,"chuk1271 ~ chuk1271 , ural1272",17,11,kory1246,ngan1291,no proxy,glottocodeBase,NA,ngan1291,0,0.83744,glottocodeBase,glottocodeBase,kory1246,ngan1291,0.20057,0.32378,GBI NOT available,TLI available,TLI only
Koryak,Nganasan_UstAvam,"70%, 80%, 90%",chuk1271,ural1272,"chuk1271 ~ chuk1271 , ural1272",17,11,kory1246,ngan1291,no proxy,glottocodeBase,NA,ngan1291,0,0.83744,glottocodeBase,glottocodeBase,kory1246,ngan1291,0.20057,0.32378,GBI NOT available,TLI available,TLI only
Koryak,Nganasan_Volochanka,"70%, 80%, 90%",chuk1271,ural1272,"chuk1271 ~ chuk1271 , ural1272",17,11,kory1246,ngan1291,no proxy,glottocodeBase,NA,ngan1291,0,0.83744,glottocodeBase,glottocodeBase,kory1246,ngan1291,0.20057,0.32378,GBI NOT available,TLI available,TLI only
Koryak,Nivh,"70%, 80%, 90%",chuk1271,nivk1234,"chuk1271 ~ chuk1271 , nivk1234",17, 2,kory1246,gily1242,no proxy,glottocodeBase,NA,gily1242,0,0.83744,glottocodeBase,glottocodeBase,kory1246,gily1242,0.20057,0.72493,GBI NOT available,TLI available,TLI only
Moldavian,Yemen_Ad_Dali,"70%, 80%",indo1319,afro1255,"indo1319 ~ indo1319 , afro1255",17, 1,mold1248,sana1295,no proxy,glottocodeBase,NA,sana1295,0,0.74877,glottocodeTLIproxy,glottocodeBase,roma1327,sana1295,0.55301,0.02006,GBI NOT available,TLI available,TLI only
Moldavian,Yemen_Al_Bayda,"70%, 80%",indo1319,afro1255,"indo1319 ~ indo1319 , afro1255",17, 1,mold1248,sana1295,no proxy,glottocodeBase,NA,sana1295,0,0.74877,glottocodeTLIproxy,glottocodeBase,roma1327,sana1295,0.55301,0.02006,GBI NOT available,TLI available,TLI only
Moldavian,Yemen_Al_Jawf,"70%, 80%",indo1319,afro1255,"indo1319 ~ indo1319 , afro1255",17, 1,mold1248,sana1295,no proxy,glottocodeBase,NA,sana1295,0,0.74877,glottocodeTLIproxy,glottocodeBase,roma1327,sana1295,0.55301,0.02006,GBI NOT available,TLI available,TLI only
Moldavian,Yemen_Dhamar,"70%, 80%",indo1319,afro1255,"indo1319 ~ indo1319 , afro1255",17, 1,mold1248,sana1295,no proxy,glottocodeBase,NA,sana1295,0,0.74877,glottocodeTLIproxy,glottocodeBase,roma1327,sana1295,0.55301,0.02006,GBI NOT available,TLI available,TLI only
Moldavian,Yemen_Marib,"70%, 80%",indo1319,afro1255,"indo1319 ~ indo1319 , afro1255",17, 1,mold1248,sana1295,no proxy,glottocodeBase,NA,sana1295,0,0.74877,glottocodeTLIproxy,glottocodeBase,roma1327,sana1295,0.55301,0.02006,GBI NOT available,TLI available,TLI only
Mordovian,Lithuanian,"70%, 80%",ural1272,indo1319,"ural1272 ~ ural1272 , indo1319",17,17,erzy1239,lith1251,glottocodeBase,glottocodeBase,erzy1239,lith1251,0.84729,0.86700,glottocodeBase,glottocodeBase,erzy1239,lith1251,0.30659,0.53868,GBI available,TLI available,both
Mordovian,Russian_Archangelsk_Pinezhsky,"70%, 80%",ural1272,indo1319,"ural1272 ~ ural1272 , indo1319",17,17,erzy1239,russ1263,glottocodeBase,glottocodeBase,erzy1239,russ1263,0.84729,0.92118,glottocodeBase,glottocodeBase,erzy1239,russ1263,0.30659,0.85387,GBI available,TLI available,both
Mordovian,Russian_Pskov_Ostrov,"70%, 80%",ural1272,indo1319,"ural1272 ~ ural1272 , indo1319",17,17,erzy1239,russ1263,glottocodeBase,glottocodeBase,erzy1239,russ1263,0.84729,0.92118,glottocodeBase,glottocodeBase,erzy1239,russ1263,0.30659,0.85387,GBI available,TLI available,both
Mordovian,Russian_Pskov_Porkhov,"70%, 80%",ural1272,indo1319,"ural1272 ~ ural1272 , indo1319",17,17,erzy1239,russ1263,glottocodeBase,glottocodeBase,erzy1239,russ1263,0.84729,0.92118,glottocodeBase,glottocodeBase,erzy1239,russ1263,0.30659,0.85387,GBI available,TLI available,both
Mordovian,Belarusian,"70%, 80%",ural1272,indo1319,"ural1272 ~ ural1272 , indo1319",17,16,erzy1239,bela1254,glottocodeBase,glottocodeBase,erzy1239,bela1254,0.84729,0.87685,glottocodeBase,glottocodeBase,erzy1239,bela1254,0.30659,0.14040,GBI available,TLI available,both
Mordovian,Russian_Archangelsk_Krasnoborsky,"70%, 80%",ural1272,indo1319,"ural1272 ~ ural1272 , indo1319",17,16,erzy1239,russ1263,glottocodeBase,glottocodeBase,erzy1239,russ1263,0.84729,0.92118,glottocodeBase,glottocodeBase,erzy1239,russ1263,0.30659,0.85387,GBI available,TLI available,both
Mordovian,Russian_Kaluga,"70%, 80%",ural1272,indo1319,"ural1272 ~ ural1272 , indo1319",17,16,erzy1239,russ1263,glottocodeBase,glottocodeBase,erzy1239,russ1263,0.84729,0.92118,glottocodeBase,glottocodeBase,erzy1239,russ1263,0.30659,0.85387,GBI available,TLI available,both
Mordovian,Russian_Smolensk,"70%, 80%",ural1272,indo1319,"ural1272 ~ ural1272 , indo1319",17,16,erzy1239,russ1263,glottocodeBase,glottocodeBase,erzy1239,russ1263,0.84729,0.92118,glottocodeBase,glottocodeBase,erzy1239,russ1263,0.30659,0.85387,GBI available,TLI available,both
Mordovian,Russian_Yaroslavl,"70%, 80%",ural1272,indo1319,"ural1272 ~ ural1272 , indo1319",17,16,erzy1239,russ1263,glottocodeBase,glottocodeBase,erzy1239,russ1263,0.84729,0.92118,glottocodeBase,glottocodeBase,erzy1239,russ1263,0.30659,0.85387,GBI available,TLI available,both
Mordovian,German_Sorb,"70%, 80%",ural1272,indo1319,"ural1272 ~ ural1272 , indo1319",17,10,erzy1239,sorb1249,glottocodeBase,no proxy,erzy1239,NA,0.84729,0.00000,glottocodeBase,glottocodeTLIproxy,erzy1239,uppe1395,0.30659,0.28367,GBI NOT available,TLI available,TLI only
Mordovian,Polish_Poznan,"70%, 80%",ural1272,indo1319,"ural1272 ~ ural1272 , indo1319",17,10,erzy1239,poli1260,glottocodeBase,glottocodeBase,erzy1239,poli1260,0.84729,0.93596,glottocodeBase,glottocodeBase,erzy1239,poli1260,0.30659,0.56447,GBI available,TLI available,both
Mordovian,Russian,"70%, 80%",ural1272,indo1319,"ural1272 ~ ural1272 , indo1319",17,10,erzy1239,russ1263,glottocodeBase,glottocodeBase,erzy1239,russ1263,0.84729,0.92118,glottocodeBase,glottocodeBase,erzy1239,russ1263,0.30659,0.85387,GBI available,TLI available,both
Mordovian,Russian_Kursk,"70%, 80%",ural1272,indo1319,"ural1272 ~ ural1272 , indo1319",17,10,erzy1239,russ1263,glottocodeBase,glottocodeBase,erzy1239,russ1263,0.84729,0.92118,glottocodeBase,glottocodeBase,erzy1239,russ1263,0.30659,0.85387,GBI available,TLI available,both
Mordovian,Russian_Oryol,"70%, 80%",ural1272,indo1319,"ural1272 ~ ural1272 , indo1319",17,10,erzy1239,russ1263,glottocodeBase,glottocodeBase,erzy1239,russ1263,0.84729,0.92118,glottocodeBase,glottocodeBase,erzy1239,russ1263,0.30659,0.85387,GBI available,TLI available,both
Mordovian,Russian_Ryazan_Spassk_Ryazansky,"70%, 80%",ural1272,indo1319,"ural1272 ~ ural1272 , indo1319",17,10,erzy1239,russ1263,glottocodeBase,glottocodeBase,erzy1239,russ1263,0.84729,0.92118,glottocodeBase,glottocodeBase,erzy1239,russ1263,0.30659,0.85387,GBI available,TLI available,both
Mordovian,Russian_Tver,"70%, 80%",ural1272,indo1319,"ural1272 ~ ural1272 , indo1319",17,10,erzy1239,russ1263,glottocodeBase,glottocodeBase,erzy1239,russ1263,0.84729,0.92118,glottocodeBase,glottocodeBase,erzy1239,russ1263,0.30659,0.85387,GBI available,TLI available,both
Mordovian,Ukrainian_East,"70%, 80%",ural1272,indo1319,"ural1272 ~ ural1272 , indo1319",17,10,erzy1239,ukra1253,glottocodeBase,glottocodeBase,erzy1239,ukra1253,0.84729,0.78325,glottocodeBase,glottocodeBase,erzy1239,ukra1253,0.30659,0.32665,GBI available,TLI available,both
Mordovian,Ukrainian_Rovenskaya,"70%, 80%",ural1272,indo1319,"ural1272 ~ ural1272 , indo1319",17,10,erzy1239,ukra1253,glottocodeBase,glottocodeBase,erzy1239,ukra1253,0.84729,0.78325,glottocodeBase,glottocodeBase,erzy1239,ukra1253,0.30659,0.32665,GBI available,TLI available,both
Mordovian,French_West,"70%, 80%",ural1272,indo1319,"ural1272 ~ ural1272 , indo1319",17, 9,erzy1239,stan1290,glottocodeBase,glottocodeBase,erzy1239,stan1290,0.84729,0.89655,glottocodeBase,glottocodeBase,erzy1239,stan1290,0.30659,0.80802,GBI available,TLI available,both
Mordovian,German_Lipsian,"70%, 80%",ural1272,indo1319,"ural1272 ~ ural1272 , indo1319",17, 9,erzy1239,stan1295,glottocodeBase,no proxy,erzy1239,NA,0.84729,0.00000,glottocodeBase,glottocodeBase,erzy1239,stan1295,0.30659,0.79370,GBI NOT available,TLI available,TLI only
Mordovian,Icelandic,"70%, 80%",ural1272,indo1319,"ural1272 ~ ural1272 , indo1319",17, 9,erzy1239,icel1247,glottocodeBase,glottocodeBase,erzy1239,icel1247,0.84729,0.86700,glottocodeBase,glottocodeBase,erzy1239,icel1247,0.30659,0.59599,GBI available,TLI available,both
Mordovian,Irish_Connacht,"70%, 80%",ural1272,indo1319,"ural1272 ~ ural1272 , indo1319",17, 9,erzy1239,conn1243,glottocodeBase,glottocodeGBIproxy,erzy1239,iris1253,0.84729,0.92118,glottocodeBase,glottocodeTLIproxy,erzy1239,iris1253,0.30659,0.54441,GBI available,TLI available,both
Mordovian,Irish_Cork_Kerry,"70%, 80%",ural1272,indo1319,"ural1272 ~ ural1272 , indo1319",17, 9,erzy1239,iris1253,glottocodeBase,glottocodeBase,erzy1239,iris1253,0.84729,0.92118,glottocodeBase,glottocodeBase,erzy1239,iris1253,0.30659,0.54441,GBI available,TLI available,both
Mordovian,Irish_Leinster,"70%, 80%",ural1272,indo1319,"ural1272 ~ ural1272 , indo1319",17, 9,erzy1239,iris1253,glottocodeBase,glottocodeBase,erzy1239,iris1253,0.84729,0.92118,glottocodeBase,glottocodeBase,erzy1239,iris1253,0.30659,0.54441,GBI available,TLI available,both
Mordovian,Irish_Munster,"70%, 80%",ural1272,indo1319,"ural1272 ~ ural1272 , indo1319",17, 9,erzy1239,muns1250,glottocodeBase,glottocodeGBIproxy,erzy1239,iris1253,0.84729,0.92118,glottocodeBase,glottocodeTLIproxy,erzy1239,iris1253,0.30659,0.54441,GBI available,TLI available,both
Mordovian,Irish_Ulster,"70%, 80%",ural1272,indo1319,"ural1272 ~ ural1272 , indo1319",17, 9,erzy1239,done1238,glottocodeBase,glottocodeGBIproxy,erzy1239,iris1253,0.84729,0.92118,glottocodeBase,glottocodeTLIproxy,erzy1239,iris1253,0.30659,0.54441,GBI available,TLI available,both
Mordovian,Norwegian,"70%, 80%",ural1272,indo1319,"ural1272 ~ ural1272 , indo1319",17, 9,erzy1239,norw1258,glottocodeBase,no proxy,erzy1239,NA,0.84729,0.00000,glottocodeBase,glottocodeBase,erzy1239,norw1258,0.30659,0.34670,GBI NOT available,TLI available,TLI only
Mordovian,Orcadian,"70%, 80%",ural1272,indo1319,"ural1272 ~ ural1272 , indo1319",17, 9,erzy1239,scot1243,glottocodeBase,no proxy,erzy1239,NA,0.84729,0.00000,glottocodeBase,glottocodeBase,erzy1239,scot1243,0.30659,0.10315,GBI NOT available,TLI available,TLI only
Mordovian,Polish_Lublin,"70%, 80%",ural1272,indo1319,"ural1272 ~ ural1272 , indo1319",17, 9,erzy1239,poli1260,glottocodeBase,glottocodeBase,erzy1239,poli1260,0.84729,0.93596,glottocodeBase,glottocodeBase,erzy1239,poli1260,0.30659,0.56447,GBI available,TLI available,both
Mordovian,Russian_Belgorod,"70%, 80%",ural1272,indo1319,"ural1272 ~ ural1272 , indo1319",17, 9,erzy1239,russ1263,glottocodeBase,glottocodeBase,erzy1239,russ1263,0.84729,0.92118,glottocodeBase,glottocodeBase,erzy1239,russ1263,0.30659,0.85387,GBI available,TLI available,both
Mordovian,Russian_Ryazan_Mihailovsky,"70%, 80%",ural1272,indo1319,"ural1272 ~ ural1272 , indo1319",17, 9,erzy1239,russ1263,glottocodeBase,glottocodeBase,erzy1239,russ1263,0.84729,0.92118,glottocodeBase,glottocodeBase,erzy1239,russ1263,0.30659,0.85387,GBI available,TLI available,both
Mordovian,Scottish,"70%, 80%",ural1272,indo1319,"ural1272 ~ ural1272 , indo1319",17, 9,erzy1239,scot1245,glottocodeBase,no proxy,erzy1239,NA,0.84729,0.00000,glottocodeBase,glottocodeBase,erzy1239,scot1245,0.30659,0.26934,GBI NOT available,TLI available,TLI only
Mordovian,Scottish_Dumfries_Galloway,"70%, 80%",ural1272,indo1319,"ural1272 ~ ural1272 , indo1319",17, 9,erzy1239,scot1245,glottocodeBase,no proxy,erzy1239,NA,0.84729,0.00000,glottocodeBase,glottocodeBase,erzy1239,scot1245,0.30659,0.26934,GBI NOT available,TLI available,TLI only
Mordovian,Scottish_Fife,"70%, 80%",ural1272,indo1319,"ural1272 ~ ural1272 , indo1319",17, 9,erzy1239,scot1245,glottocodeBase,no proxy,erzy1239,NA,0.84729,0.00000,glottocodeBase,glottocodeBase,erzy1239,scot1245,0.30659,0.26934,GBI NOT available,TLI available,TLI only
Mordovian,Scottish_Grampian,"70%, 80%",ural1272,indo1319,"ural1272 ~ ural1272 , indo1319",17, 9,erzy1239,scot1245,glottocodeBase,no proxy,erzy1239,NA,0.84729,0.00000,glottocodeBase,glottocodeBase,erzy1239,scot1245,0.30659,0.26934,GBI NOT available,TLI available,TLI only
Mordovian,Scottish_Highlands,"70%, 80%",ural1272,indo1319,"ural1272 ~ ural1272 , indo1319",17, 9,erzy1239,scot1245,glottocodeBase,no proxy,erzy1239,NA,0.84729,0.00000,glottocodeBase,glottocodeBase,erzy1239,scot1245,0.30659,0.26934,GBI NOT available,TLI available,TLI only
Mordovian,Scottish_Shetlandic,"70%, 80%",ural1272,indo1319,"ural1272 ~ ural1272 , indo1319",17, 9,erzy1239,scot1245,glottocodeBase,no proxy,erzy1239,NA,0.84729,0.00000,glottocodeBase,glottocodeBase,erzy1239,scot1245,0.30659,0.26934,GBI NOT available,TLI available,TLI only
Mordovian,Ukrainian_Sumskaya,"70%, 80%",ural1272,indo1319,"ural1272 ~ ural1272 , indo1319",17, 9,erzy1239,ukra1253,glottocodeBase,glottocodeBase,erzy1239,ukra1253,0.84729,0.78325,glottocodeBase,glottocodeBase,erzy1239,ukra1253,0.30659,0.32665,GBI available,TLI available,both
Mordovian,Ukrainian_Zhitomirskaya,"70%, 80%",ural1272,indo1319,"ural1272 ~ ural1272 , indo1319",17, 9,erzy1239,ukra1253,glottocodeBase,glottocodeBase,erzy1239,ukra1253,0.84729,0.78325,glottocodeBase,glottocodeBase,erzy1239,ukra1253,0.30659,0.32665,GBI available,TLI available,both
Mordovian,Scottish_Borders,"70%, 80%",ural1272,indo1319,"ural1272 ~ ural1272 , indo1319",17, 8,erzy1239,scot1245,glottocodeBase,no proxy,erzy1239,NA,0.84729,0.00000,glottocodeBase,glottocodeBase,erzy1239,scot1245,0.30659,0.26934,GBI NOT available,TLI available,TLI only
Mordovian,Czech,"70%, 80%",ural1272,indo1319,"ural1272 ~ ural1272 , indo1319",17, 6,erzy1239,czec1258,glottocodeBase,glottocodeBase,erzy1239,czec1258,0.84729,0.86700,glottocodeBase,glottocodeBase,erzy1239,czec1258,0.30659,0.32951,GBI available,TLI available,both
Mordovian,English_Kent,"70%, 80%",ural1272,indo1319,"ural1272 ~ ural1272 , indo1319",17, 5,erzy1239,stan1293,glottocodeBase,glottocodeBase,erzy1239,stan1293,0.84729,0.85222,glottocodeBase,glottocodeBase,erzy1239,stan1293,0.30659,0.82521,GBI available,TLI available,both
Mordovian,English_Cornwall,"70%, 80%",ural1272,indo1319,"ural1272 ~ ural1272 , indo1319",17, 1,erzy1239,stan1293,glottocodeBase,glottocodeBase,erzy1239,stan1293,0.84729,0.85222,glottocodeBase,glottocodeBase,erzy1239,stan1293,0.30659,0.82521,GBI available,TLI available,both
Mordovian,Russian_Archangelsk_Leshukonsky,"70%, 80%",ural1272,indo1319,"ural1272 ~ ural1272 , indo1319",17, 1,erzy1239,russ1263,glottocodeBase,glottocodeBase,erzy1239,russ1263,0.84729,0.92118,glottocodeBase,glottocodeBase,erzy1239,russ1263,0.30659,0.85387,GBI available,TLI available,both
Mordovian,Ukrainian_West,"70%, 80%",ural1272,indo1319,"ural1272 ~ ural1272 , indo1319",17, 1,erzy1239,ukra1253,glottocodeBase,glottocodeBase,erzy1239,ukra1253,0.84729,0.78325,glottocodeBase,glottocodeBase,erzy1239,ukra1253,0.30659,0.32665,GBI available,TLI available,both
Mordovian_Erzya,Lithuanian,"70%, 80%",ural1272,indo1319,"ural1272 ~ ural1272 , indo1319",17,17,erzy1239,lith1251,glottocodeBase,glottocodeBase,erzy1239,lith1251,0.84729,0.86700,glottocodeBase,glottocodeBase,erzy1239,lith1251,0.30659,0.53868,GBI available,TLI available,both
Mordovian_Erzya,Russian_Archangelsk_Pinezhsky,"70%, 80%",ural1272,indo1319,"ural1272 ~ ural1272 , indo1319",17,17,erzy1239,russ1263,glottocodeBase,glottocodeBase,erzy1239,russ1263,0.84729,0.92118,glottocodeBase,glottocodeBase,erzy1239,russ1263,0.30659,0.85387,GBI available,TLI available,both
Mordovian_Erzya,Russian_Pskov_Ostrov,"70%, 80%",ural1272,indo1319,"ural1272 ~ ural1272 , indo1319",17,17,erzy1239,russ1263,glottocodeBase,glottocodeBase,erzy1239,russ1263,0.84729,0.92118,glottocodeBase,glottocodeBase,erzy1239,russ1263,0.30659,0.85387,GBI available,TLI available,both
Mordovian_Erzya,Russian_Pskov_Porkhov,"70%, 80%",ural1272,indo1319,"ural1272 ~ ural1272 , indo1319",17,17,erzy1239,russ1263,glottocodeBase,glottocodeBase,erzy1239,russ1263,0.84729,0.92118,glottocodeBase,glottocodeBase,erzy1239,russ1263,0.30659,0.85387,GBI available,TLI available,both
Mordovian_Erzya,Belarusian,"70%, 80%",ural1272,indo1319,"ural1272 ~ ural1272 , indo1319",17,16,erzy1239,bela1254,glottocodeBase,glottocodeBase,erzy1239,bela1254,0.84729,0.87685,glottocodeBase,glottocodeBase,erzy1239,bela1254,0.30659,0.14040,GBI available,TLI available,both
Mordovian_Erzya,Russian_Archangelsk_Krasnoborsky,"70%, 80%",ural1272,indo1319,"ural1272 ~ ural1272 , indo1319",17,16,erzy1239,russ1263,glottocodeBase,glottocodeBase,erzy1239,russ1263,0.84729,0.92118,glottocodeBase,glottocodeBase,erzy1239,russ1263,0.30659,0.85387,GBI available,TLI available,both
Mordovian_Erzya,Russian_Kaluga,"70%, 80%",ural1272,indo1319,"ural1272 ~ ural1272 , indo1319",17,16,erzy1239,russ1263,glottocodeBase,glottocodeBase,erzy1239,russ1263,0.84729,0.92118,glottocodeBase,glottocodeBase,erzy1239,russ1263,0.30659,0.85387,GBI available,TLI available,both
Mordovian_Erzya,Russian_Smolensk,"70%, 80%",ural1272,indo1319,"ural1272 ~ ural1272 , indo1319",17,16,erzy1239,russ1263,glottocodeBase,glottocodeBase,erzy1239,russ1263,0.84729,0.92118,glottocodeBase,glottocodeBase,erzy1239,russ1263,0.30659,0.85387,GBI available,TLI available,both
Mordovian_Erzya,Russian_Yaroslavl,"70%, 80%",ural1272,indo1319,"ural1272 ~ ural1272 , indo1319",17,16,erzy1239,russ1263,glottocodeBase,glottocodeBase,erzy1239,russ1263,0.84729,0.92118,glottocodeBase,glottocodeBase,erzy1239,russ1263,0.30659,0.85387,GBI available,TLI available,both
Mordovian_Erzya,German_Sorb,"70%, 80%",ural1272,indo1319,"ural1272 ~ ural1272 , indo1319",17,10,erzy1239,sorb1249,glottocodeBase,no proxy,erzy1239,NA,0.84729,0.00000,glottocodeBase,glottocodeTLIproxy,erzy1239,uppe1395,0.30659,0.28367,GBI NOT available,TLI available,TLI only
Mordovian_Erzya,Polish_Poznan,"70%, 80%",ural1272,indo1319,"ural1272 ~ ural1272 , indo1319",17,10,erzy1239,poli1260,glottocodeBase,glottocodeBase,erzy1239,poli1260,0.84729,0.93596,glottocodeBase,glottocodeBase,erzy1239,poli1260,0.30659,0.56447,GBI available,TLI available,both
Mordovian_Erzya,Russian,"70%, 80%",ural1272,indo1319,"ural1272 ~ ural1272 , indo1319",17,10,erzy1239,russ1263,glottocodeBase,glottocodeBase,erzy1239,russ1263,0.84729,0.92118,glottocodeBase,glottocodeBase,erzy1239,russ1263,0.30659,0.85387,GBI available,TLI available,both
Mordovian_Erzya,Russian_Kursk,"70%, 80%",ural1272,indo1319,"ural1272 ~ ural1272 , indo1319",17,10,erzy1239,russ1263,glottocodeBase,glottocodeBase,erzy1239,russ1263,0.84729,0.92118,glottocodeBase,glottocodeBase,erzy1239,russ1263,0.30659,0.85387,GBI available,TLI available,both
Mordovian_Erzya,Russian_Oryol,"70%, 80%",ural1272,indo1319,"ural1272 ~ ural1272 , indo1319",17,10,erzy1239,russ1263,glottocodeBase,glottocodeBase,erzy1239,russ1263,0.84729,0.92118,glottocodeBase,glottocodeBase,erzy1239,russ1263,0.30659,0.85387,GBI available,TLI available,both
Mordovian_Erzya,Russian_Ryazan_Spassk_Ryazansky,"70%, 80%",ural1272,indo1319,"ural1272 ~ ural1272 , indo1319",17,10,erzy1239,russ1263,glottocodeBase,glottocodeBase,erzy1239,russ1263,0.84729,0.92118,glottocodeBase,glottocodeBase,erzy1239,russ1263,0.30659,0.85387,GBI available,TLI available,both
Mordovian_Erzya,Russian_Tver,"70%, 80%",ural1272,indo1319,"ural1272 ~ ural1272 , indo1319",17,10,erzy1239,russ1263,glottocodeBase,glottocodeBase,erzy1239,russ1263,0.84729,0.92118,glottocodeBase,glottocodeBase,erzy1239,russ1263,0.30659,0.85387,GBI available,TLI available,both
Mordovian_Erzya,Ukrainian_East,"70%, 80%",ural1272,indo1319,"ural1272 ~ ural1272 , indo1319",17,10,erzy1239,ukra1253,glottocodeBase,glottocodeBase,erzy1239,ukra1253,0.84729,0.78325,glottocodeBase,glottocodeBase,erzy1239,ukra1253,0.30659,0.32665,GBI available,TLI available,both
Mordovian_Erzya,Ukrainian_Rovenskaya,"70%, 80%",ural1272,indo1319,"ural1272 ~ ural1272 , indo1319",17,10,erzy1239,ukra1253,glottocodeBase,glottocodeBase,erzy1239,ukra1253,0.84729,0.78325,glottocodeBase,glottocodeBase,erzy1239,ukra1253,0.30659,0.32665,GBI available,TLI available,both
Mordovian_Erzya,French_West,"70%, 80%",ural1272,indo1319,"ural1272 ~ ural1272 , indo1319",17, 9,erzy1239,stan1290,glottocodeBase,glottocodeBase,erzy1239,stan1290,0.84729,0.89655,glottocodeBase,glottocodeBase,erzy1239,stan1290,0.30659,0.80802,GBI available,TLI available,both
Mordovian_Erzya,German_Lipsian,"70%, 80%",ural1272,indo1319,"ural1272 ~ ural1272 , indo1319",17, 9,erzy1239,stan1295,glottocodeBase,no proxy,erzy1239,NA,0.84729,0.00000,glottocodeBase,glottocodeBase,erzy1239,stan1295,0.30659,0.79370,GBI NOT available,TLI available,TLI only
Mordovian_Erzya,Icelandic,"70%, 80%",ural1272,indo1319,"ural1272 ~ ural1272 , indo1319",17, 9,erzy1239,icel1247,glottocodeBase,glottocodeBase,erzy1239,icel1247,0.84729,0.86700,glottocodeBase,glottocodeBase,erzy1239,icel1247,0.30659,0.59599,GBI available,TLI available,both
Mordovian_Erzya,Irish_Connacht,"70%, 80%",ural1272,indo1319,"ural1272 ~ ural1272 , indo1319",17, 9,erzy1239,conn1243,glottocodeBase,glottocodeGBIproxy,erzy1239,iris1253,0.84729,0.92118,glottocodeBase,glottocodeTLIproxy,erzy1239,iris1253,0.30659,0.54441,GBI available,TLI available,both
Mordovian_Erzya,Irish_Cork_Kerry,"70%, 80%",ural1272,indo1319,"ural1272 ~ ural1272 , indo1319",17, 9,erzy1239,iris1253,glottocodeBase,glottocodeBase,erzy1239,iris1253,0.84729,0.92118,glottocodeBase,glottocodeBase,erzy1239,iris1253,0.30659,0.54441,GBI available,TLI available,both
Mordovian_Erzya,Irish_Leinster,"70%, 80%",ural1272,indo1319,"ural1272 ~ ural1272 , indo1319",17, 9,erzy1239,iris1253,glottocodeBase,glottocodeBase,erzy1239,iris1253,0.84729,0.92118,glottocodeBase,glottocodeBase,erzy1239,iris1253,0.30659,0.54441,GBI available,TLI available,both
Mordovian_Erzya,Irish_Munster,"70%, 80%",ural1272,indo1319,"ural1272 ~ ural1272 , indo1319",17, 9,erzy1239,muns1250,glottocodeBase,glottocodeGBIproxy,erzy1239,iris1253,0.84729,0.92118,glottocodeBase,glottocodeTLIproxy,erzy1239,iris1253,0.30659,0.54441,GBI available,TLI available,both
Mordovian_Erzya,Irish_Ulster,"70%, 80%",ural1272,indo1319,"ural1272 ~ ural1272 , indo1319",17, 9,erzy1239,done1238,glottocodeBase,glottocodeGBIproxy,erzy1239,iris1253,0.84729,0.92118,glottocodeBase,glottocodeTLIproxy,erzy1239,iris1253,0.30659,0.54441,GBI available,TLI available,both
Mordovian_Erzya,Norwegian,"70%, 80%",ural1272,indo1319,"ural1272 ~ ural1272 , indo1319",17, 9,erzy1239,norw1258,glottocodeBase,no proxy,erzy1239,NA,0.84729,0.00000,glottocodeBase,glottocodeBase,erzy1239,norw1258,0.30659,0.34670,GBI NOT available,TLI available,TLI only
Mordovian_Erzya,Orcadian,"70%, 80%",ural1272,indo1319,"ural1272 ~ ural1272 , indo1319",17, 9,erzy1239,scot1243,glottocodeBase,no proxy,erzy1239,NA,0.84729,0.00000,glottocodeBase,glottocodeBase,erzy1239,scot1243,0.30659,0.10315,GBI NOT available,TLI available,TLI only
Mordovian_Erzya,Polish_Lublin,"70%, 80%",ural1272,indo1319,"ural1272 ~ ural1272 , indo1319",17, 9,erzy1239,poli1260,glottocodeBase,glottocodeBase,erzy1239,poli1260,0.84729,0.93596,glottocodeBase,glottocodeBase,erzy1239,poli1260,0.30659,0.56447,GBI available,TLI available,both
Mordovian_Erzya,Russian_Belgorod,"70%, 80%",ural1272,indo1319,"ural1272 ~ ural1272 , indo1319",17, 9,erzy1239,russ1263,glottocodeBase,glottocodeBase,erzy1239,russ1263,0.84729,0.92118,glottocodeBase,glottocodeBase,erzy1239,russ1263,0.30659,0.85387,GBI available,TLI available,both
Mordovian_Erzya,Russian_Ryazan_Mihailovsky,"70%, 80%",ural1272,indo1319,"ural1272 ~ ural1272 , indo1319",17, 9,erzy1239,russ1263,glottocodeBase,glottocodeBase,erzy1239,russ1263,0.84729,0.92118,glottocodeBase,glottocodeBase,erzy1239,russ1263,0.30659,0.85387,GBI available,TLI available,both
Mordovian_Erzya,Scottish,"70%, 80%",ural1272,indo1319,"ural1272 ~ ural1272 , indo1319",17, 9,erzy1239,scot1245,glottocodeBase,no proxy,erzy1239,NA,0.84729,0.00000,glottocodeBase,glottocodeBase,erzy1239,scot1245,0.30659,0.26934,GBI NOT available,TLI available,TLI only
Mordovian_Erzya,Scottish_Dumfries_Galloway,"70%, 80%",ural1272,indo1319,"ural1272 ~ ural1272 , indo1319",17, 9,erzy1239,scot1245,glottocodeBase,no proxy,erzy1239,NA,0.84729,0.00000,glottocodeBase,glottocodeBase,erzy1239,scot1245,0.30659,0.26934,GBI NOT available,TLI available,TLI only
Mordovian_Erzya,Scottish_Fife,"70%, 80%",ural1272,indo1319,"ural1272 ~ ural1272 , indo1319",17, 9,erzy1239,scot1245,glottocodeBase,no proxy,erzy1239,NA,0.84729,0.00000,glottocodeBase,glottocodeBase,erzy1239,scot1245,0.30659,0.26934,GBI NOT available,TLI available,TLI only
Mordovian_Erzya,Scottish_Grampian,"70%, 80%",ural1272,indo1319,"ural1272 ~ ural1272 , indo1319",17, 9,erzy1239,scot1245,glottocodeBase,no proxy,erzy1239,NA,0.84729,0.00000,glottocodeBase,glottocodeBase,erzy1239,scot1245,0.30659,0.26934,GBI NOT available,TLI available,TLI only
Mordovian_Erzya,Scottish_Highlands,"70%, 80%",ural1272,indo1319,"ural1272 ~ ural1272 , indo1319",17, 9,erzy1239,scot1245,glottocodeBase,no proxy,erzy1239,NA,0.84729,0.00000,glottocodeBase,glottocodeBase,erzy1239,scot1245,0.30659,0.26934,GBI NOT available,TLI available,TLI only
Mordovian_Erzya,Scottish_Shetlandic,"70%, 80%",ural1272,indo1319,"ural1272 ~ ural1272 , indo1319",17, 9,erzy1239,scot1245,glottocodeBase,no proxy,erzy1239,NA,0.84729,0.00000,glottocodeBase,glottocodeBase,erzy1239,scot1245,0.30659,0.26934,GBI NOT available,TLI available,TLI only
Mordovian_Erzya,Ukrainian_Sumskaya,"70%, 80%",ural1272,indo1319,"ural1272 ~ ural1272 , indo1319",17, 9,erzy1239,ukra1253,glottocodeBase,glottocodeBase,erzy1239,ukra1253,0.84729,0.78325,glottocodeBase,glottocodeBase,erzy1239,ukra1253,0.30659,0.32665,GBI available,TLI available,both
Mordovian_Erzya,Ukrainian_Zhitomirskaya,"70%, 80%",ural1272,indo1319,"ural1272 ~ ural1272 , indo1319",17, 9,erzy1239,ukra1253,glottocodeBase,glottocodeBase,erzy1239,ukra1253,0.84729,0.78325,glottocodeBase,glottocodeBase,erzy1239,ukra1253,0.30659,0.32665,GBI available,TLI available,both
Mordovian_Erzya,Scottish_Borders,"70%, 80%",ural1272,indo1319,"ural1272 ~ ural1272 , indo1319",17, 8,erzy1239,scot1245,glottocodeBase,no proxy,erzy1239,NA,0.84729,0.00000,glottocodeBase,glottocodeBase,erzy1239,scot1245,0.30659,0.26934,GBI NOT available,TLI available,TLI only
Mordovian_Erzya,Czech,"70%, 80%",ural1272,indo1319,"ural1272 ~ ural1272 , indo1319",17, 6,erzy1239,czec1258,glottocodeBase,glottocodeBase,erzy1239,czec1258,0.84729,0.86700,glottocodeBase,glottocodeBase,erzy1239,czec1258,0.30659,0.32951,GBI available,TLI available,both
Mordovian_Erzya,English_Kent,"70%, 80%",ural1272,indo1319,"ural1272 ~ ural1272 , indo1319",17, 5,erzy1239,stan1293,glottocodeBase,glottocodeBase,erzy1239,stan1293,0.84729,0.85222,glottocodeBase,glottocodeBase,erzy1239,stan1293,0.30659,0.82521,GBI available,TLI available,both
Mordovian_Erzya,English_Cornwall,"70%, 80%",ural1272,indo1319,"ural1272 ~ ural1272 , indo1319",17, 1,erzy1239,stan1293,glottocodeBase,glottocodeBase,erzy1239,stan1293,0.84729,0.85222,glottocodeBase,glottocodeBase,erzy1239,stan1293,0.30659,0.82521,GBI available,TLI available,both
Mordovian_Erzya,Russian_Archangelsk_Leshukonsky,"70%, 80%",ural1272,indo1319,"ural1272 ~ ural1272 , indo1319",17, 1,erzy1239,russ1263,glottocodeBase,glottocodeBase,erzy1239,russ1263,0.84729,0.92118,glottocodeBase,glottocodeBase,erzy1239,russ1263,0.30659,0.85387,GBI available,TLI available,both
Mordovian_Erzya,Ukrainian_West,"70%, 80%",ural1272,indo1319,"ural1272 ~ ural1272 , indo1319",17, 1,erzy1239,ukra1253,glottocodeBase,glottocodeBase,erzy1239,ukra1253,0.84729,0.78325,glottocodeBase,glottocodeBase,erzy1239,ukra1253,0.30659,0.32665,GBI available,TLI available,both
Mordovian_Moksha,BedouinB,"70%, 80%",ural1272,afro1255,"ural1272 ~ ural1272 , afro1255",17, 1,moks1248,east2690,glottocodeBase,glottocodeBase,moks1248,east2690,0.88177,0.63547,glottocodeBase,no proxy,moks1248,NA,0.19771,0.00000,GBI available,TLI NOT available,GBI only
Mordovian_Moksha,Yemen_Ad_Dali,"70%, 80%",ural1272,afro1255,"ural1272 ~ ural1272 , afro1255",17, 1,moks1248,sana1295,glottocodeBase,glottocodeBase,moks1248,sana1295,0.88177,0.74877,glottocodeBase,glottocodeBase,moks1248,sana1295,0.19771,0.02006,GBI available,TLI available,both
Mordovian_Moksha,Yemen_Al_Bayda,"70%, 80%",ural1272,afro1255,"ural1272 ~ ural1272 , afro1255",17, 1,moks1248,sana1295,glottocodeBase,glottocodeBase,moks1248,sana1295,0.88177,0.74877,glottocodeBase,glottocodeBase,moks1248,sana1295,0.19771,0.02006,GBI available,TLI available,both
Mordovian_Moksha,Yemen_Al_Jawf,"70%, 80%",ural1272,afro1255,"ural1272 ~ ural1272 , afro1255",17, 1,moks1248,sana1295,glottocodeBase,glottocodeBase,moks1248,sana1295,0.88177,0.74877,glottocodeBase,glottocodeBase,moks1248,sana1295,0.19771,0.02006,GBI available,TLI available,both
Mordovian_Moksha,Yemen_Dhamar,"70%, 80%",ural1272,afro1255,"ural1272 ~ ural1272 , afro1255",17, 1,moks1248,sana1295,glottocodeBase,glottocodeBase,moks1248,sana1295,0.88177,0.74877,glottocodeBase,glottocodeBase,moks1248,sana1295,0.19771,0.02006,GBI available,TLI available,both
Mordovian_Moksha,Yemen_Marib,"70%, 80%",ural1272,afro1255,"ural1272 ~ ural1272 , afro1255",17, 1,moks1248,sana1295,glottocodeBase,glottocodeBase,moks1248,sana1295,0.88177,0.74877,glottocodeBase,glottocodeBase,moks1248,sana1295,0.19771,0.02006,GBI available,TLI available,both
Norwegian,Yemen_Ad_Dali,"70%, 80%, 90%",indo1319,afro1255,"indo1319 ~ indo1319 , afro1255",17, 1,norw1258,sana1295,no proxy,glottocodeBase,NA,sana1295,0,0.74877,glottocodeBase,glottocodeBase,norw1258,sana1295,0.3467,0.02006,GBI NOT available,TLI available,TLI only
Norwegian,Yemen_Al_Bayda,"70%, 80%, 90%",indo1319,afro1255,"indo1319 ~ indo1319 , afro1255",17, 1,norw1258,sana1295,no proxy,glottocodeBase,NA,sana1295,0,0.74877,glottocodeBase,glottocodeBase,norw1258,sana1295,0.3467,0.02006,GBI NOT available,TLI available,TLI only
Norwegian,Yemen_Al_Jawf,"70%, 80%, 90%",indo1319,afro1255,"indo1319 ~ indo1319 , afro1255",17, 1,norw1258,sana1295,no proxy,glottocodeBase,NA,sana1295,0,0.74877,glottocodeBase,glottocodeBase,norw1258,sana1295,0.3467,0.02006,GBI NOT available,TLI available,TLI only
Norwegian,Yemen_Dhamar,"70%, 80%, 90%",indo1319,afro1255,"indo1319 ~ indo1319 , afro1255",17, 1,norw1258,sana1295,no proxy,glottocodeBase,NA,sana1295,0,0.74877,glottocodeBase,glottocodeBase,norw1258,sana1295,0.3467,0.02006,GBI NOT available,TLI available,TLI only
Norwegian,Yemen_Marib,"70%, 80%, 90%",indo1319,afro1255,"indo1319 ~ indo1319 , afro1255",17, 1,norw1258,sana1295,no proxy,glottocodeBase,NA,sana1295,0,0.74877,glottocodeBase,glottocodeBase,norw1258,sana1295,0.3467,0.02006,GBI NOT available,TLI available,TLI only
Orcadian,Yemen_Ad_Dali,"70%, 80%, 90%",indo1319,afro1255,"indo1319 ~ indo1319 , afro1255",17, 1,scot1243,sana1295,no proxy,glottocodeBase,NA,sana1295,0,0.74877,glottocodeBase,glottocodeBase,scot1243,sana1295,0.10315,0.02006,GBI NOT available,TLI available,TLI only
Orcadian,Yemen_Al_Bayda,"70%, 80%, 90%",indo1319,afro1255,"indo1319 ~ indo1319 , afro1255",17, 1,scot1243,sana1295,no proxy,glottocodeBase,NA,sana1295,0,0.74877,glottocodeBase,glottocodeBase,scot1243,sana1295,0.10315,0.02006,GBI NOT available,TLI available,TLI only
Orcadian,Yemen_Al_Jawf,"70%, 80%, 90%",indo1319,afro1255,"indo1319 ~ indo1319 , afro1255",17, 1,scot1243,sana1295,no proxy,glottocodeBase,NA,sana1295,0,0.74877,glottocodeBase,glottocodeBase,scot1243,sana1295,0.10315,0.02006,GBI NOT available,TLI available,TLI only
Orcadian,Yemen_Dhamar,"70%, 80%, 90%",indo1319,afro1255,"indo1319 ~ indo1319 , afro1255",17, 1,scot1243,sana1295,no proxy,glottocodeBase,NA,sana1295,0,0.74877,glottocodeBase,glottocodeBase,scot1243,sana1295,0.10315,0.02006,GBI NOT available,TLI available,TLI only
Orcadian,Yemen_Marib,"70%, 80%, 90%",indo1319,afro1255,"indo1319 ~ indo1319 , afro1255",17, 1,scot1243,sana1295,no proxy,glottocodeBase,NA,sana1295,0,0.74877,glottocodeBase,glottocodeBase,scot1243,sana1295,0.10315,0.02006,GBI NOT available,TLI available,TLI only
Polish_Lublin,BedouinB,"70%, 80%, 90%",indo1319,afro1255,"indo1319 ~ indo1319 , afro1255",17, 1,poli1260,east2690,glottocodeBase,glottocodeBase,poli1260,east2690,0.93596,0.63547,glottocodeBase,no proxy,poli1260,NA,0.56447,0.00000,GBI available,TLI NOT available,GBI only
Polish_Lublin,Yemen_Ad_Dali,"70%, 80%, 90%",indo1319,afro1255,"indo1319 ~ indo1319 , afro1255",17, 1,poli1260,sana1295,glottocodeBase,glottocodeBase,poli1260,sana1295,0.93596,0.74877,glottocodeBase,glottocodeBase,poli1260,sana1295,0.56447,0.02006,GBI available,TLI available,both
Polish_Lublin,Yemen_Al_Bayda,"70%, 80%, 90%",indo1319,afro1255,"indo1319 ~ indo1319 , afro1255",17, 1,poli1260,sana1295,glottocodeBase,glottocodeBase,poli1260,sana1295,0.93596,0.74877,glottocodeBase,glottocodeBase,poli1260,sana1295,0.56447,0.02006,GBI available,TLI available,both
Polish_Lublin,Yemen_Al_Jawf,"70%, 80%, 90%",indo1319,afro1255,"indo1319 ~ indo1319 , afro1255",17, 1,poli1260,sana1295,glottocodeBase,glottocodeBase,poli1260,sana1295,0.93596,0.74877,glottocodeBase,glottocodeBase,poli1260,sana1295,0.56447,0.02006,GBI available,TLI available,both
Polish_Lublin,Yemen_Dhamar,"70%, 80%, 90%",indo1319,afro1255,"indo1319 ~ indo1319 , afro1255",17, 1,poli1260,sana1295,glottocodeBase,glottocodeBase,poli1260,sana1295,0.93596,0.74877,glottocodeBase,glottocodeBase,poli1260,sana1295,0.56447,0.02006,GBI available,TLI available,both
Polish_Lublin,Yemen_Marib,"70%, 80%, 90%",indo1319,afro1255,"indo1319 ~ indo1319 , afro1255",17, 1,poli1260,sana1295,glottocodeBase,glottocodeBase,poli1260,sana1295,0.93596,0.74877,glottocodeBase,glottocodeBase,poli1260,sana1295,0.56447,0.02006,GBI available,TLI available,both
Polish_Poznan,BedouinB,"70%, 80%, 90%",indo1319,afro1255,"indo1319 ~ indo1319 , afro1255",17, 1,poli1260,east2690,glottocodeBase,glottocodeBase,poli1260,east2690,0.93596,0.63547,glottocodeBase,no proxy,poli1260,NA,0.56447,0.00000,GBI available,TLI NOT available,GBI only
Polish_Poznan,Yemen_Ad_Dali,"70%, 80%, 90%",indo1319,afro1255,"indo1319 ~ indo1319 , afro1255",17, 1,poli1260,sana1295,glottocodeBase,glottocodeBase,poli1260,sana1295,0.93596,0.74877,glottocodeBase,glottocodeBase,poli1260,sana1295,0.56447,0.02006,GBI available,TLI available,both
Polish_Poznan,Yemen_Al_Bayda,"70%, 80%, 90%",indo1319,afro1255,"indo1319 ~ indo1319 , afro1255",17, 1,poli1260,sana1295,glottocodeBase,glottocodeBase,poli1260,sana1295,0.93596,0.74877,glottocodeBase,glottocodeBase,poli1260,sana1295,0.56447,0.02006,GBI available,TLI available,both
Polish_Poznan,Yemen_Al_Jawf,"70%, 80%, 90%",indo1319,afro1255,"indo1319 ~ indo1319 , afro1255",17, 1,poli1260,sana1295,glottocodeBase,glottocodeBase,poli1260,sana1295,0.93596,0.74877,glottocodeBase,glottocodeBase,poli1260,sana1295,0.56447,0.02006,GBI available,TLI available,both
Polish_Poznan,Yemen_Dhamar,"70%, 80%, 90%",indo1319,afro1255,"indo1319 ~ indo1319 , afro1255",17, 1,poli1260,sana1295,glottocodeBase,glottocodeBase,poli1260,sana1295,0.93596,0.74877,glottocodeBase,glottocodeBase,poli1260,sana1295,0.56447,0.02006,GBI available,TLI available,both
Polish_Poznan,Yemen_Marib,"70%, 80%, 90%",indo1319,afro1255,"indo1319 ~ indo1319 , afro1255",17, 1,poli1260,sana1295,glottocodeBase,glottocodeBase,poli1260,sana1295,0.93596,0.74877,glottocodeBase,glottocodeBase,poli1260,sana1295,0.56447,0.02006,GBI available,TLI available,both
Romanian,Yemen_Ad_Dali,"70%, 80%",indo1319,afro1255,"indo1319 ~ indo1319 , afro1255",17, 1,roma1327,sana1295,no proxy,glottocodeBase,NA,sana1295,0,0.74877,glottocodeBase,glottocodeBase,roma1327,sana1295,0.55301,0.02006,GBI NOT available,TLI available,TLI only
Romanian,Yemen_Al_Bayda,"70%, 80%",indo1319,afro1255,"indo1319 ~ indo1319 , afro1255",17, 1,roma1327,sana1295,no proxy,glottocodeBase,NA,sana1295,0,0.74877,glottocodeBase,glottocodeBase,roma1327,sana1295,0.55301,0.02006,GBI NOT available,TLI available,TLI only
Romanian,Yemen_Al_Jawf,"70%, 80%",indo1319,afro1255,"indo1319 ~ indo1319 , afro1255",17, 1,roma1327,sana1295,no proxy,glottocodeBase,NA,sana1295,0,0.74877,glottocodeBase,glottocodeBase,roma1327,sana1295,0.55301,0.02006,GBI NOT available,TLI available,TLI only
Romanian,Yemen_Dhamar,"70%, 80%",indo1319,afro1255,"indo1319 ~ indo1319 , afro1255",17, 1,roma1327,sana1295,no proxy,glottocodeBase,NA,sana1295,0,0.74877,glottocodeBase,glottocodeBase,roma1327,sana1295,0.55301,0.02006,GBI NOT available,TLI available,TLI only
Romanian,Yemen_Marib,"70%, 80%",indo1319,afro1255,"indo1319 ~ indo1319 , afro1255",17, 1,roma1327,sana1295,no proxy,glottocodeBase,NA,sana1295,0,0.74877,glottocodeBase,glottocodeBase,roma1327,sana1295,0.55301,0.02006,GBI NOT available,TLI available,TLI only
Russian_Archangelsk_Leshukonsky,Nganasan,"70%, 80%, 90%",indo1319,ural1272,"indo1319 ~ indo1319 , ural1272",17,15,russ1263,ngan1291,glottocodeBase,glottocodeBase,russ1263,ngan1291,0.92118,0.83744,glottocodeBase,glottocodeBase,russ1263,ngan1291,0.85387,0.32378,GBI available,TLI available,both
Russian_Archangelsk_Leshukonsky,Nganasan_Dudinka,"70%, 80%, 90%",indo1319,ural1272,"indo1319 ~ indo1319 , ural1272",17,15,russ1263,ngan1291,glottocodeBase,glottocodeBase,russ1263,ngan1291,0.92118,0.83744,glottocodeBase,glottocodeBase,russ1263,ngan1291,0.85387,0.32378,GBI available,TLI available,both
Russian_Archangelsk_Leshukonsky,Nganasan_UstAvam,"70%, 80%, 90%",indo1319,ural1272,"indo1319 ~ indo1319 , ural1272",17,15,russ1263,ngan1291,glottocodeBase,glottocodeBase,russ1263,ngan1291,0.92118,0.83744,glottocodeBase,glottocodeBase,russ1263,ngan1291,0.85387,0.32378,GBI available,TLI available,both
Russian_Archangelsk_Leshukonsky,Nganasan_Volochanka,"70%, 80%, 90%",indo1319,ural1272,"indo1319 ~ indo1319 , ural1272",17,15,russ1263,ngan1291,glottocodeBase,glottocodeBase,russ1263,ngan1291,0.92118,0.83744,glottocodeBase,glottocodeBase,russ1263,ngan1291,0.85387,0.32378,GBI available,TLI available,both
Russian_Archangelsk_Leshukonsky,Ket,"70%, 80%",indo1319,yeni1252,"indo1319 ~ indo1319 , yeni1252",17, 2,russ1263,kett1243,glottocodeBase,glottocodeBase,russ1263,kett1243,0.92118,0.86700,glottocodeBase,glottocodeBase,russ1263,kett1243,0.85387,0.52436,GBI available,TLI available,both
Russian_Archangelsk_Leshukonsky,Ket_Southeast,"70%, 80%",indo1319,yeni1252,"indo1319 ~ indo1319 , yeni1252",17, 2,russ1263,kett1243,glottocodeBase,glottocodeBase,russ1263,kett1243,0.92118,0.86700,glottocodeBase,glottocodeBase,russ1263,kett1243,0.85387,0.52436,GBI available,TLI available,both
Russian_Archangelsk_Leshukonsky,Selkup_Farkovo,"70%, 80%",indo1319,ural1272,"indo1319 ~ indo1319 , ural1272",17, 2,russ1263,selk1253,glottocodeBase,glottocodeGBIproxy,russ1263,sout3262,0.92118,0.84236,glottocodeBase,glottocodeBase,russ1263,selk1253,0.85387,0.45559,GBI available,TLI available,both
Russian_Archangelsk_Leshukonsky,Selkup_Turukhansk,"70%, 80%",indo1319,ural1272,"indo1319 ~ indo1319 , ural1272",17, 2,russ1263,selk1253,glottocodeBase,glottocodeGBIproxy,russ1263,sout3262,0.92118,0.84236,glottocodeBase,glottocodeBase,russ1263,selk1253,0.85387,0.45559,GBI available,TLI available,both
Russian_Archangelsk_Pinezhsky,Nganasan,"70%, 80%, 90%",indo1319,ural1272,"indo1319 ~ indo1319 , ural1272",17,17,russ1263,ngan1291,glottocodeBase,glottocodeBase,russ1263,ngan1291,0.92118,0.83744,glottocodeBase,glottocodeBase,russ1263,ngan1291,0.85387,0.32378,GBI available,TLI available,both
Russian_Archangelsk_Pinezhsky,Nganasan_Dudinka,"70%, 80%, 90%",indo1319,ural1272,"indo1319 ~ indo1319 , ural1272",17,17,russ1263,ngan1291,glottocodeBase,glottocodeBase,russ1263,ngan1291,0.92118,0.83744,glottocodeBase,glottocodeBase,russ1263,ngan1291,0.85387,0.32378,GBI available,TLI available,both
Russian_Archangelsk_Pinezhsky,Nganasan_UstAvam,"70%, 80%, 90%",indo1319,ural1272,"indo1319 ~ indo1319 , ural1272",17,17,russ1263,ngan1291,glottocodeBase,glottocodeBase,russ1263,ngan1291,0.92118,0.83744,glottocodeBase,glottocodeBase,russ1263,ngan1291,0.85387,0.32378,GBI available,TLI available,both
Russian_Archangelsk_Pinezhsky,Nganasan_Volochanka,"70%, 80%, 90%",indo1319,ural1272,"indo1319 ~ indo1319 , ural1272",17,17,russ1263,ngan1291,glottocodeBase,glottocodeBase,russ1263,ngan1291,0.92118,0.83744,glottocodeBase,glottocodeBase,russ1263,ngan1291,0.85387,0.32378,GBI available,TLI available,both
Russian_Belgorod,BedouinB,"70%, 80%, 90%",indo1319,afro1255,"indo1319 ~ indo1319 , afro1255",17, 1,russ1263,east2690,glottocodeBase,glottocodeBase,russ1263,east2690,0.92118,0.63547,glottocodeBase,no proxy,russ1263,NA,0.85387,0.00000,GBI available,TLI NOT available,GBI only
Russian_Belgorod,Yemen_Ad_Dali,"70%, 80%, 90%",indo1319,afro1255,"indo1319 ~ indo1319 , afro1255",17, 1,russ1263,sana1295,glottocodeBase,glottocodeBase,russ1263,sana1295,0.92118,0.74877,glottocodeBase,glottocodeBase,russ1263,sana1295,0.85387,0.02006,GBI available,TLI available,both
Russian_Belgorod,Yemen_Al_Bayda,"70%, 80%, 90%",indo1319,afro1255,"indo1319 ~ indo1319 , afro1255",17, 1,russ1263,sana1295,glottocodeBase,glottocodeBase,russ1263,sana1295,0.92118,0.74877,glottocodeBase,glottocodeBase,russ1263,sana1295,0.85387,0.02006,GBI available,TLI available,both
Russian_Belgorod,Yemen_Al_Jawf,"70%, 80%, 90%",indo1319,afro1255,"indo1319 ~ indo1319 , afro1255",17, 1,russ1263,sana1295,glottocodeBase,glottocodeBase,russ1263,sana1295,0.92118,0.74877,glottocodeBase,glottocodeBase,russ1263,sana1295,0.85387,0.02006,GBI available,TLI available,both
Russian_Belgorod,Yemen_Dhamar,"70%, 80%, 90%",indo1319,afro1255,"indo1319 ~ indo1319 , afro1255",17, 1,russ1263,sana1295,glottocodeBase,glottocodeBase,russ1263,sana1295,0.92118,0.74877,glottocodeBase,glottocodeBase,russ1263,sana1295,0.85387,0.02006,GBI available,TLI available,both
Russian_Belgorod,Yemen_Marib,"70%, 80%, 90%",indo1319,afro1255,"indo1319 ~ indo1319 , afro1255",17, 1,russ1263,sana1295,glottocodeBase,glottocodeBase,russ1263,sana1295,0.92118,0.74877,glottocodeBase,glottocodeBase,russ1263,sana1295,0.85387,0.02006,GBI available,TLI available,both
Russian_Kursk,BedouinB,"70%, 80%, 90%",indo1319,afro1255,"indo1319 ~ indo1319 , afro1255",17, 1,russ1263,east2690,glottocodeBase,glottocodeBase,russ1263,east2690,0.92118,0.63547,glottocodeBase,no proxy,russ1263,NA,0.85387,0.00000,GBI available,TLI NOT available,GBI only
Russian_Kursk,Yemen_Ad_Dali,"70%, 80%, 90%",indo1319,afro1255,"indo1319 ~ indo1319 , afro1255",17, 1,russ1263,sana1295,glottocodeBase,glottocodeBase,russ1263,sana1295,0.92118,0.74877,glottocodeBase,glottocodeBase,russ1263,sana1295,0.85387,0.02006,GBI available,TLI available,both
Russian_Kursk,Yemen_Al_Bayda,"70%, 80%, 90%",indo1319,afro1255,"indo1319 ~ indo1319 , afro1255",17, 1,russ1263,sana1295,glottocodeBase,glottocodeBase,russ1263,sana1295,0.92118,0.74877,glottocodeBase,glottocodeBase,russ1263,sana1295,0.85387,0.02006,GBI available,TLI available,both
Russian_Kursk,Yemen_Al_Jawf,"70%, 80%, 90%",indo1319,afro1255,"indo1319 ~ indo1319 , afro1255",17, 1,russ1263,sana1295,glottocodeBase,glottocodeBase,russ1263,sana1295,0.92118,0.74877,glottocodeBase,glottocodeBase,russ1263,sana1295,0.85387,0.02006,GBI available,TLI available,both
Russian_Kursk,Yemen_Dhamar,"70%, 80%, 90%",indo1319,afro1255,"indo1319 ~ indo1319 , afro1255",17, 1,russ1263,sana1295,glottocodeBase,glottocodeBase,russ1263,sana1295,0.92118,0.74877,glottocodeBase,glottocodeBase,russ1263,sana1295,0.85387,0.02006,GBI available,TLI available,both
Russian_Kursk,Yemen_Marib,"70%, 80%, 90%",indo1319,afro1255,"indo1319 ~ indo1319 , afro1255",17, 1,russ1263,sana1295,glottocodeBase,glottocodeBase,russ1263,sana1295,0.92118,0.74877,glottocodeBase,glottocodeBase,russ1263,sana1295,0.85387,0.02006,GBI available,TLI available,both
Russian_Oryol,BedouinB,"70%, 80%, 90%",indo1319,afro1255,"indo1319 ~ indo1319 , afro1255",17, 1,russ1263,east2690,glottocodeBase,glottocodeBase,russ1263,east2690,0.92118,0.63547,glottocodeBase,no proxy,russ1263,NA,0.85387,0.00000,GBI available,TLI NOT available,GBI only
Russian_Oryol,Yemen_Ad_Dali,"70%, 80%, 90%",indo1319,afro1255,"indo1319 ~ indo1319 , afro1255",17, 1,russ1263,sana1295,glottocodeBase,glottocodeBase,russ1263,sana1295,0.92118,0.74877,glottocodeBase,glottocodeBase,russ1263,sana1295,0.85387,0.02006,GBI available,TLI available,both
Russian_Oryol,Yemen_Al_Bayda,"70%, 80%, 90%",indo1319,afro1255,"indo1319 ~ indo1319 , afro1255",17, 1,russ1263,sana1295,glottocodeBase,glottocodeBase,russ1263,sana1295,0.92118,0.74877,glottocodeBase,glottocodeBase,russ1263,sana1295,0.85387,0.02006,GBI available,TLI available,both
Russian_Oryol,Yemen_Al_Jawf,"70%, 80%, 90%",indo1319,afro1255,"indo1319 ~ indo1319 , afro1255",17, 1,russ1263,sana1295,glottocodeBase,glottocodeBase,russ1263,sana1295,0.92118,0.74877,glottocodeBase,glottocodeBase,russ1263,sana1295,0.85387,0.02006,GBI available,TLI available,both
Russian_Oryol,Yemen_Dhamar,"70%, 80%, 90%",indo1319,afro1255,"indo1319 ~ indo1319 , afro1255",17, 1,russ1263,sana1295,glottocodeBase,glottocodeBase,russ1263,sana1295,0.92118,0.74877,glottocodeBase,glottocodeBase,russ1263,sana1295,0.85387,0.02006,GBI available,TLI available,both
Russian_Oryol,Yemen_Marib,"70%, 80%, 90%",indo1319,afro1255,"indo1319 ~ indo1319 , afro1255",17, 1,russ1263,sana1295,glottocodeBase,glottocodeBase,russ1263,sana1295,0.92118,0.74877,glottocodeBase,glottocodeBase,russ1263,sana1295,0.85387,0.02006,GBI available,TLI available,both
Russian_Ryazan_Mihailovsky,BedouinB,"70%, 80%, 90%",indo1319,afro1255,"indo1319 ~ indo1319 , afro1255",17, 1,russ1263,east2690,glottocodeBase,glottocodeBase,russ1263,east2690,0.92118,0.63547,glottocodeBase,no proxy,russ1263,NA,0.85387,0.00000,GBI available,TLI NOT available,GBI only
Russian_Ryazan_Mihailovsky,Yemen_Ad_Dali,"70%, 80%, 90%",indo1319,afro1255,"indo1319 ~ indo1319 , afro1255",17, 1,russ1263,sana1295,glottocodeBase,glottocodeBase,russ1263,sana1295,0.92118,0.74877,glottocodeBase,glottocodeBase,russ1263,sana1295,0.85387,0.02006,GBI available,TLI available,both
Russian_Ryazan_Mihailovsky,Yemen_Al_Bayda,"70%, 80%, 90%",indo1319,afro1255,"indo1319 ~ indo1319 , afro1255",17, 1,russ1263,sana1295,glottocodeBase,glottocodeBase,russ1263,sana1295,0.92118,0.74877,glottocodeBase,glottocodeBase,russ1263,sana1295,0.85387,0.02006,GBI available,TLI available,both
Russian_Ryazan_Mihailovsky,Yemen_Al_Jawf,"70%, 80%, 90%",indo1319,afro1255,"indo1319 ~ indo1319 , afro1255",17, 1,russ1263,sana1295,glottocodeBase,glottocodeBase,russ1263,sana1295,0.92118,0.74877,glottocodeBase,glottocodeBase,russ1263,sana1295,0.85387,0.02006,GBI available,TLI available,both
Russian_Ryazan_Mihailovsky,Yemen_Dhamar,"70%, 80%, 90%",indo1319,afro1255,"indo1319 ~ indo1319 , afro1255",17, 1,russ1263,sana1295,glottocodeBase,glottocodeBase,russ1263,sana1295,0.92118,0.74877,glottocodeBase,glottocodeBase,russ1263,sana1295,0.85387,0.02006,GBI available,TLI available,both
Russian_Ryazan_Mihailovsky,Yemen_Marib,"70%, 80%, 90%",indo1319,afro1255,"indo1319 ~ indo1319 , afro1255",17, 1,russ1263,sana1295,glottocodeBase,glottocodeBase,russ1263,sana1295,0.92118,0.74877,glottocodeBase,glottocodeBase,russ1263,sana1295,0.85387,0.02006,GBI available,TLI available,both
Russian_Ryazan_Spassk_Ryazansky,BedouinB,"70%, 80%, 90%",indo1319,afro1255,"indo1319 ~ indo1319 , afro1255",17, 1,russ1263,east2690,glottocodeBase,glottocodeBase,russ1263,east2690,0.92118,0.63547,glottocodeBase,no proxy,russ1263,NA,0.85387,0.00000,GBI available,TLI NOT available,GBI only
Russian_Ryazan_Spassk_Ryazansky,Yemen_Ad_Dali,"70%, 80%, 90%",indo1319,afro1255,"indo1319 ~ indo1319 , afro1255",17, 1,russ1263,sana1295,glottocodeBase,glottocodeBase,russ1263,sana1295,0.92118,0.74877,glottocodeBase,glottocodeBase,russ1263,sana1295,0.85387,0.02006,GBI available,TLI available,both
Russian_Ryazan_Spassk_Ryazansky,Yemen_Al_Bayda,"70%, 80%, 90%",indo1319,afro1255,"indo1319 ~ indo1319 , afro1255",17, 1,russ1263,sana1295,glottocodeBase,glottocodeBase,russ1263,sana1295,0.92118,0.74877,glottocodeBase,glottocodeBase,russ1263,sana1295,0.85387,0.02006,GBI available,TLI available,both
Russian_Ryazan_Spassk_Ryazansky,Yemen_Al_Jawf,"70%, 80%, 90%",indo1319,afro1255,"indo1319 ~ indo1319 , afro1255",17, 1,russ1263,sana1295,glottocodeBase,glottocodeBase,russ1263,sana1295,0.92118,0.74877,glottocodeBase,glottocodeBase,russ1263,sana1295,0.85387,0.02006,GBI available,TLI available,both
Russian_Ryazan_Spassk_Ryazansky,Yemen_Dhamar,"70%, 80%, 90%",indo1319,afro1255,"indo1319 ~ indo1319 , afro1255",17, 1,russ1263,sana1295,glottocodeBase,glottocodeBase,russ1263,sana1295,0.92118,0.74877,glottocodeBase,glottocodeBase,russ1263,sana1295,0.85387,0.02006,GBI available,TLI available,both
Russian_Ryazan_Spassk_Ryazansky,Yemen_Marib,"70%, 80%, 90%",indo1319,afro1255,"indo1319 ~ indo1319 , afro1255",17, 1,russ1263,sana1295,glottocodeBase,glottocodeBase,russ1263,sana1295,0.92118,0.74877,glottocodeBase,glottocodeBase,russ1263,sana1295,0.85387,0.02006,GBI available,TLI available,both
Russian_Smolensk,BedouinB,"70%, 80%, 90%",indo1319,afro1255,"indo1319 ~ indo1319 , afro1255",17, 1,russ1263,east2690,glottocodeBase,glottocodeBase,russ1263,east2690,0.92118,0.63547,glottocodeBase,no proxy,russ1263,NA,0.85387,0.00000,GBI available,TLI NOT available,GBI only
Russian_Smolensk,Yemen_Ad_Dali,"70%, 80%, 90%",indo1319,afro1255,"indo1319 ~ indo1319 , afro1255",17, 1,russ1263,sana1295,glottocodeBase,glottocodeBase,russ1263,sana1295,0.92118,0.74877,glottocodeBase,glottocodeBase,russ1263,sana1295,0.85387,0.02006,GBI available,TLI available,both
Russian_Smolensk,Yemen_Al_Bayda,"70%, 80%, 90%",indo1319,afro1255,"indo1319 ~ indo1319 , afro1255",17, 1,russ1263,sana1295,glottocodeBase,glottocodeBase,russ1263,sana1295,0.92118,0.74877,glottocodeBase,glottocodeBase,russ1263,sana1295,0.85387,0.02006,GBI available,TLI available,both
Russian_Smolensk,Yemen_Al_Jawf,"70%, 80%, 90%",indo1319,afro1255,"indo1319 ~ indo1319 , afro1255",17, 1,russ1263,sana1295,glottocodeBase,glottocodeBase,russ1263,sana1295,0.92118,0.74877,glottocodeBase,glottocodeBase,russ1263,sana1295,0.85387,0.02006,GBI available,TLI available,both
Russian_Smolensk,Yemen_Dhamar,"70%, 80%, 90%",indo1319,afro1255,"indo1319 ~ indo1319 , afro1255",17, 1,russ1263,sana1295,glottocodeBase,glottocodeBase,russ1263,sana1295,0.92118,0.74877,glottocodeBase,glottocodeBase,russ1263,sana1295,0.85387,0.02006,GBI available,TLI available,both
Russian_Smolensk,Yemen_Marib,"70%, 80%, 90%",indo1319,afro1255,"indo1319 ~ indo1319 , afro1255",17, 1,russ1263,sana1295,glottocodeBase,glottocodeBase,russ1263,sana1295,0.92118,0.74877,glottocodeBase,glottocodeBase,russ1263,sana1295,0.85387,0.02006,GBI available,TLI available,both
Russian_Tver,BedouinB,"70%, 80%",indo1319,afro1255,"indo1319 ~ indo1319 , afro1255",17, 1,russ1263,east2690,glottocodeBase,glottocodeBase,russ1263,east2690,0.92118,0.63547,glottocodeBase,no proxy,russ1263,NA,0.85387,0.00000,GBI available,TLI NOT available,GBI only
Russian_Tver,Yemen_Ad_Dali,"70%, 80%",indo1319,afro1255,"indo1319 ~ indo1319 , afro1255",17, 1,russ1263,sana1295,glottocodeBase,glottocodeBase,russ1263,sana1295,0.92118,0.74877,glottocodeBase,glottocodeBase,russ1263,sana1295,0.85387,0.02006,GBI available,TLI available,both
Russian_Tver,Yemen_Al_Bayda,"70%, 80%",indo1319,afro1255,"indo1319 ~ indo1319 , afro1255",17, 1,russ1263,sana1295,glottocodeBase,glottocodeBase,russ1263,sana1295,0.92118,0.74877,glottocodeBase,glottocodeBase,russ1263,sana1295,0.85387,0.02006,GBI available,TLI available,both
Russian_Tver,Yemen_Al_Jawf,"70%, 80%",indo1319,afro1255,"indo1319 ~ indo1319 , afro1255",17, 1,russ1263,sana1295,glottocodeBase,glottocodeBase,russ1263,sana1295,0.92118,0.74877,glottocodeBase,glottocodeBase,russ1263,sana1295,0.85387,0.02006,GBI available,TLI available,both
Russian_Tver,Yemen_Dhamar,"70%, 80%",indo1319,afro1255,"indo1319 ~ indo1319 , afro1255",17, 1,russ1263,sana1295,glottocodeBase,glottocodeBase,russ1263,sana1295,0.92118,0.74877,glottocodeBase,glottocodeBase,russ1263,sana1295,0.85387,0.02006,GBI available,TLI available,both
Russian_Tver,Yemen_Marib,"70%, 80%",indo1319,afro1255,"indo1319 ~ indo1319 , afro1255",17, 1,russ1263,sana1295,glottocodeBase,glottocodeBase,russ1263,sana1295,0.92118,0.74877,glottocodeBase,glottocodeBase,russ1263,sana1295,0.85387,0.02006,GBI available,TLI available,both
Saami,Lithuanian,"70%, 80%, 90%",ural1272,indo1319,"ural1272 ~ ural1272 , indo1319",17,17,nort2671,lith1251,glottocodeBase,glottocodeBase,nort2671,lith1251,0.73892,0.86700,glottocodeBase,glottocodeBase,nort2671,lith1251,0.3553,0.53868,GBI available,TLI available,both
Saami,Russian_Archangelsk_Pinezhsky,"70%, 80%, 90%",ural1272,indo1319,"ural1272 ~ ural1272 , indo1319",17,17,nort2671,russ1263,glottocodeBase,glottocodeBase,nort2671,russ1263,0.73892,0.92118,glottocodeBase,glottocodeBase,nort2671,russ1263,0.3553,0.85387,GBI available,TLI available,both
Saami,Russian_Pskov_Ostrov,"70%, 80%, 90%",ural1272,indo1319,"ural1272 ~ ural1272 , indo1319",17,17,nort2671,russ1263,glottocodeBase,glottocodeBase,nort2671,russ1263,0.73892,0.92118,glottocodeBase,glottocodeBase,nort2671,russ1263,0.3553,0.85387,GBI available,TLI available,both
Saami,Russian_Pskov_Porkhov,"70%, 80%, 90%",ural1272,indo1319,"ural1272 ~ ural1272 , indo1319",17,17,nort2671,russ1263,glottocodeBase,glottocodeBase,nort2671,russ1263,0.73892,0.92118,glottocodeBase,glottocodeBase,nort2671,russ1263,0.3553,0.85387,GBI available,TLI available,both
Saami,Belarusian,"70%, 80%, 90%",ural1272,indo1319,"ural1272 ~ ural1272 , indo1319",17,16,nort2671,bela1254,glottocodeBase,glottocodeBase,nort2671,bela1254,0.73892,0.87685,glottocodeBase,glottocodeBase,nort2671,bela1254,0.3553,0.14040,GBI available,TLI available,both
Saami,Russian_Archangelsk_Krasnoborsky,"70%, 80%, 90%",ural1272,indo1319,"ural1272 ~ ural1272 , indo1319",17,16,nort2671,russ1263,glottocodeBase,glottocodeBase,nort2671,russ1263,0.73892,0.92118,glottocodeBase,glottocodeBase,nort2671,russ1263,0.3553,0.85387,GBI available,TLI available,both
Saami,Russian_Kaluga,"70%, 80%, 90%",ural1272,indo1319,"ural1272 ~ ural1272 , indo1319",17,16,nort2671,russ1263,glottocodeBase,glottocodeBase,nort2671,russ1263,0.73892,0.92118,glottocodeBase,glottocodeBase,nort2671,russ1263,0.3553,0.85387,GBI available,TLI available,both
Saami,Russian_Smolensk,"70%, 80%, 90%",ural1272,indo1319,"ural1272 ~ ural1272 , indo1319",17,16,nort2671,russ1263,glottocodeBase,glottocodeBase,nort2671,russ1263,0.73892,0.92118,glottocodeBase,glottocodeBase,nort2671,russ1263,0.3553,0.85387,GBI available,TLI available,both
Saami,Russian_Yaroslavl,"70%, 80%, 90%",ural1272,indo1319,"ural1272 ~ ural1272 , indo1319",17,16,nort2671,russ1263,glottocodeBase,glottocodeBase,nort2671,russ1263,0.73892,0.92118,glottocodeBase,glottocodeBase,nort2671,russ1263,0.3553,0.85387,GBI available,TLI available,both
Saami,German_Sorb,"70%, 80%, 90%",ural1272,indo1319,"ural1272 ~ ural1272 , indo1319",17,10,nort2671,sorb1249,glottocodeBase,no proxy,nort2671,NA,0.73892,0.00000,glottocodeBase,glottocodeTLIproxy,nort2671,uppe1395,0.3553,0.28367,GBI NOT available,TLI available,TLI only
Saami,Polish_Poznan,"70%, 80%, 90%",ural1272,indo1319,"ural1272 ~ ural1272 , indo1319",17,10,nort2671,poli1260,glottocodeBase,glottocodeBase,nort2671,poli1260,0.73892,0.93596,glottocodeBase,glottocodeBase,nort2671,poli1260,0.3553,0.56447,GBI available,TLI available,both
Saami,Russian,"70%, 80%, 90%",ural1272,indo1319,"ural1272 ~ ural1272 , indo1319",17,10,nort2671,russ1263,glottocodeBase,glottocodeBase,nort2671,russ1263,0.73892,0.92118,glottocodeBase,glottocodeBase,nort2671,russ1263,0.3553,0.85387,GBI available,TLI available,both
Saami,Russian_Kursk,"70%, 80%, 90%",ural1272,indo1319,"ural1272 ~ ural1272 , indo1319",17,10,nort2671,russ1263,glottocodeBase,glottocodeBase,nort2671,russ1263,0.73892,0.92118,glottocodeBase,glottocodeBase,nort2671,russ1263,0.3553,0.85387,GBI available,TLI available,both
Saami,Russian_Oryol,"70%, 80%, 90%",ural1272,indo1319,"ural1272 ~ ural1272 , indo1319",17,10,nort2671,russ1263,glottocodeBase,glottocodeBase,nort2671,russ1263,0.73892,0.92118,glottocodeBase,glottocodeBase,nort2671,russ1263,0.3553,0.85387,GBI available,TLI available,both
Saami,Russian_Ryazan_Spassk_Ryazansky,"70%, 80%, 90%",ural1272,indo1319,"ural1272 ~ ural1272 , indo1319",17,10,nort2671,russ1263,glottocodeBase,glottocodeBase,nort2671,russ1263,0.73892,0.92118,glottocodeBase,glottocodeBase,nort2671,russ1263,0.3553,0.85387,GBI available,TLI available,both
Saami,Russian_Tver,"70%, 80%, 90%",ural1272,indo1319,"ural1272 ~ ural1272 , indo1319",17,10,nort2671,russ1263,glottocodeBase,glottocodeBase,nort2671,russ1263,0.73892,0.92118,glottocodeBase,glottocodeBase,nort2671,russ1263,0.3553,0.85387,GBI available,TLI available,both
Saami,Ukrainian_East,"70%, 80%, 90%",ural1272,indo1319,"ural1272 ~ ural1272 , indo1319",17,10,nort2671,ukra1253,glottocodeBase,glottocodeBase,nort2671,ukra1253,0.73892,0.78325,glottocodeBase,glottocodeBase,nort2671,ukra1253,0.3553,0.32665,GBI available,TLI available,both
Saami,Ukrainian_Rovenskaya,"70%, 80%, 90%",ural1272,indo1319,"ural1272 ~ ural1272 , indo1319",17,10,nort2671,ukra1253,glottocodeBase,glottocodeBase,nort2671,ukra1253,0.73892,0.78325,glottocodeBase,glottocodeBase,nort2671,ukra1253,0.3553,0.32665,GBI available,TLI available,both
Saami,French_West,"70%, 80%, 90%",ural1272,indo1319,"ural1272 ~ ural1272 , indo1319",17, 9,nort2671,stan1290,glottocodeBase,glottocodeBase,nort2671,stan1290,0.73892,0.89655,glottocodeBase,glottocodeBase,nort2671,stan1290,0.3553,0.80802,GBI available,TLI available,both
Saami,German_Lipsian,"70%, 80%, 90%",ural1272,indo1319,"ural1272 ~ ural1272 , indo1319",17, 9,nort2671,stan1295,glottocodeBase,no proxy,nort2671,NA,0.73892,0.00000,glottocodeBase,glottocodeBase,nort2671,stan1295,0.3553,0.79370,GBI NOT available,TLI available,TLI only
Saami,Icelandic,"70%, 80%, 90%",ural1272,indo1319,"ural1272 ~ ural1272 , indo1319",17, 9,nort2671,icel1247,glottocodeBase,glottocodeBase,nort2671,icel1247,0.73892,0.86700,glottocodeBase,glottocodeBase,nort2671,icel1247,0.3553,0.59599,GBI available,TLI available,both
Saami,Irish_Connacht,"70%, 80%, 90%",ural1272,indo1319,"ural1272 ~ ural1272 , indo1319",17, 9,nort2671,conn1243,glottocodeBase,glottocodeGBIproxy,nort2671,iris1253,0.73892,0.92118,glottocodeBase,glottocodeTLIproxy,nort2671,iris1253,0.3553,0.54441,GBI available,TLI available,both
Saami,Irish_Cork_Kerry,"70%, 80%, 90%",ural1272,indo1319,"ural1272 ~ ural1272 , indo1319",17, 9,nort2671,iris1253,glottocodeBase,glottocodeBase,nort2671,iris1253,0.73892,0.92118,glottocodeBase,glottocodeBase,nort2671,iris1253,0.3553,0.54441,GBI available,TLI available,both
Saami,Irish_Leinster,"70%, 80%, 90%",ural1272,indo1319,"ural1272 ~ ural1272 , indo1319",17, 9,nort2671,iris1253,glottocodeBase,glottocodeBase,nort2671,iris1253,0.73892,0.92118,glottocodeBase,glottocodeBase,nort2671,iris1253,0.3553,0.54441,GBI available,TLI available,both
Saami,Irish_Munster,"70%, 80%, 90%",ural1272,indo1319,"ural1272 ~ ural1272 , indo1319",17, 9,nort2671,muns1250,glottocodeBase,glottocodeGBIproxy,nort2671,iris1253,0.73892,0.92118,glottocodeBase,glottocodeTLIproxy,nort2671,iris1253,0.3553,0.54441,GBI available,TLI available,both
Saami,Irish_Ulster,"70%, 80%, 90%",ural1272,indo1319,"ural1272 ~ ural1272 , indo1319",17, 9,nort2671,done1238,glottocodeBase,glottocodeGBIproxy,nort2671,iris1253,0.73892,0.92118,glottocodeBase,glottocodeTLIproxy,nort2671,iris1253,0.3553,0.54441,GBI available,TLI available,both
Saami,Norwegian,"70%, 80%, 90%",ural1272,indo1319,"ural1272 ~ ural1272 , indo1319",17, 9,nort2671,norw1258,glottocodeBase,no proxy,nort2671,NA,0.73892,0.00000,glottocodeBase,glottocodeBase,nort2671,norw1258,0.3553,0.34670,GBI NOT available,TLI available,TLI only
Saami,Orcadian,"70%, 80%, 90%",ural1272,indo1319,"ural1272 ~ ural1272 , indo1319",17, 9,nort2671,scot1243,glottocodeBase,no proxy,nort2671,NA,0.73892,0.00000,glottocodeBase,glottocodeBase,nort2671,scot1243,0.3553,0.10315,GBI NOT available,TLI available,TLI only
Saami,Polish_Lublin,"70%, 80%, 90%",ural1272,indo1319,"ural1272 ~ ural1272 , indo1319",17, 9,nort2671,poli1260,glottocodeBase,glottocodeBase,nort2671,poli1260,0.73892,0.93596,glottocodeBase,glottocodeBase,nort2671,poli1260,0.3553,0.56447,GBI available,TLI available,both
Saami,Russian_Belgorod,"70%, 80%, 90%",ural1272,indo1319,"ural1272 ~ ural1272 , indo1319",17, 9,nort2671,russ1263,glottocodeBase,glottocodeBase,nort2671,russ1263,0.73892,0.92118,glottocodeBase,glottocodeBase,nort2671,russ1263,0.3553,0.85387,GBI available,TLI available,both
Saami,Russian_Ryazan_Mihailovsky,"70%, 80%, 90%",ural1272,indo1319,"ural1272 ~ ural1272 , indo1319",17, 9,nort2671,russ1263,glottocodeBase,glottocodeBase,nort2671,russ1263,0.73892,0.92118,glottocodeBase,glottocodeBase,nort2671,russ1263,0.3553,0.85387,GBI available,TLI available,both
Saami,Scottish,"70%, 80%, 90%",ural1272,indo1319,"ural1272 ~ ural1272 , indo1319",17, 9,nort2671,scot1245,glottocodeBase,no proxy,nort2671,NA,0.73892,0.00000,glottocodeBase,glottocodeBase,nort2671,scot1245,0.3553,0.26934,GBI NOT available,TLI available,TLI only
Saami,Scottish_Dumfries_Galloway,"70%, 80%, 90%",ural1272,indo1319,"ural1272 ~ ural1272 , indo1319",17, 9,nort2671,scot1245,glottocodeBase,no proxy,nort2671,NA,0.73892,0.00000,glottocodeBase,glottocodeBase,nort2671,scot1245,0.3553,0.26934,GBI NOT available,TLI available,TLI only
Saami,Scottish_Fife,"70%, 80%, 90%",ural1272,indo1319,"ural1272 ~ ural1272 , indo1319",17, 9,nort2671,scot1245,glottocodeBase,no proxy,nort2671,NA,0.73892,0.00000,glottocodeBase,glottocodeBase,nort2671,scot1245,0.3553,0.26934,GBI NOT available,TLI available,TLI only
Saami,Scottish_Grampian,"70%, 80%, 90%",ural1272,indo1319,"ural1272 ~ ural1272 , indo1319",17, 9,nort2671,scot1245,glottocodeBase,no proxy,nort2671,NA,0.73892,0.00000,glottocodeBase,glottocodeBase,nort2671,scot1245,0.3553,0.26934,GBI NOT available,TLI available,TLI only
Saami,Scottish_Highlands,"70%, 80%, 90%",ural1272,indo1319,"ural1272 ~ ural1272 , indo1319",17, 9,nort2671,scot1245,glottocodeBase,no proxy,nort2671,NA,0.73892,0.00000,glottocodeBase,glottocodeBase,nort2671,scot1245,0.3553,0.26934,GBI NOT available,TLI available,TLI only
Saami,Scottish_Shetlandic,"70%, 80%, 90%",ural1272,indo1319,"ural1272 ~ ural1272 , indo1319",17, 9,nort2671,scot1245,glottocodeBase,no proxy,nort2671,NA,0.73892,0.00000,glottocodeBase,glottocodeBase,nort2671,scot1245,0.3553,0.26934,GBI NOT available,TLI available,TLI only
Saami,Ukrainian_Sumskaya,"70%, 80%, 90%",ural1272,indo1319,"ural1272 ~ ural1272 , indo1319",17, 9,nort2671,ukra1253,glottocodeBase,glottocodeBase,nort2671,ukra1253,0.73892,0.78325,glottocodeBase,glottocodeBase,nort2671,ukra1253,0.3553,0.32665,GBI available,TLI available,both
Saami,Ukrainian_Zhitomirskaya,"70%, 80%, 90%",ural1272,indo1319,"ural1272 ~ ural1272 , indo1319",17, 9,nort2671,ukra1253,glottocodeBase,glottocodeBase,nort2671,ukra1253,0.73892,0.78325,glottocodeBase,glottocodeBase,nort2671,ukra1253,0.3553,0.32665,GBI available,TLI available,both
Saami,Scottish_Borders,"70%, 80%, 90%",ural1272,indo1319,"ural1272 ~ ural1272 , indo1319",17, 8,nort2671,scot1245,glottocodeBase,no proxy,nort2671,NA,0.73892,0.00000,glottocodeBase,glottocodeBase,nort2671,scot1245,0.3553,0.26934,GBI NOT available,TLI available,TLI only
Saami,Czech,"70%, 80%, 90%",ural1272,indo1319,"ural1272 ~ ural1272 , indo1319",17, 6,nort2671,czec1258,glottocodeBase,glottocodeBase,nort2671,czec1258,0.73892,0.86700,glottocodeBase,glottocodeBase,nort2671,czec1258,0.3553,0.32951,GBI available,TLI available,both
Saami,English_Kent,"70%, 80%, 90%",ural1272,indo1319,"ural1272 ~ ural1272 , indo1319",17, 5,nort2671,stan1293,glottocodeBase,glottocodeBase,nort2671,stan1293,0.73892,0.85222,glottocodeBase,glottocodeBase,nort2671,stan1293,0.3553,0.82521,GBI available,TLI available,both
Saami,Ket,"70%, 80%",ural1272,yeni1252,"ural1272 ~ ural1272 , yeni1252",17, 2,nort2671,kett1243,glottocodeBase,glottocodeBase,nort2671,kett1243,0.73892,0.86700,glottocodeBase,glottocodeBase,nort2671,kett1243,0.3553,0.52436,GBI available,TLI available,both
Saami,Ket_Southeast,"70%, 80%",ural1272,yeni1252,"ural1272 ~ ural1272 , yeni1252",17, 2,nort2671,kett1243,glottocodeBase,glottocodeBase,nort2671,kett1243,0.73892,0.86700,glottocodeBase,glottocodeBase,nort2671,kett1243,0.3553,0.52436,GBI available,TLI available,both
Saami,Lithuanian,"70%, 80%",ural1272,indo1319,"ural1272 ~ ural1272 , indo1319",17,17,nort2671,lith1251,glottocodeBase,glottocodeBase,nort2671,lith1251,0.73892,0.86700,glottocodeBase,glottocodeBase,nort2671,lith1251,0.3553,0.53868,GBI available,TLI available,both
Saami,Russian_Archangelsk_Pinezhsky,"70%, 80%",ural1272,indo1319,"ural1272 ~ ural1272 , indo1319",17,17,nort2671,russ1263,glottocodeBase,glottocodeBase,nort2671,russ1263,0.73892,0.92118,glottocodeBase,glottocodeBase,nort2671,russ1263,0.3553,0.85387,GBI available,TLI available,both
Saami,Russian_Pskov_Ostrov,"70%, 80%",ural1272,indo1319,"ural1272 ~ ural1272 , indo1319",17,17,nort2671,russ1263,glottocodeBase,glottocodeBase,nort2671,russ1263,0.73892,0.92118,glottocodeBase,glottocodeBase,nort2671,russ1263,0.3553,0.85387,GBI available,TLI available,both
Saami,Russian_Pskov_Porkhov,"70%, 80%",ural1272,indo1319,"ural1272 ~ ural1272 , indo1319",17,17,nort2671,russ1263,glottocodeBase,glottocodeBase,nort2671,russ1263,0.73892,0.92118,glottocodeBase,glottocodeBase,nort2671,russ1263,0.3553,0.85387,GBI available,TLI available,both
Saami,Belarusian,"70%, 80%",ural1272,indo1319,"ural1272 ~ ural1272 , indo1319",17,16,nort2671,bela1254,glottocodeBase,glottocodeBase,nort2671,bela1254,0.73892,0.87685,glottocodeBase,glottocodeBase,nort2671,bela1254,0.3553,0.14040,GBI available,TLI available,both
Saami,Russian_Archangelsk_Krasnoborsky,"70%, 80%",ural1272,indo1319,"ural1272 ~ ural1272 , indo1319",17,16,nort2671,russ1263,glottocodeBase,glottocodeBase,nort2671,russ1263,0.73892,0.92118,glottocodeBase,glottocodeBase,nort2671,russ1263,0.3553,0.85387,GBI available,TLI available,both
Saami,Russian_Kaluga,"70%, 80%",ural1272,indo1319,"ural1272 ~ ural1272 , indo1319",17,16,nort2671,russ1263,glottocodeBase,glottocodeBase,nort2671,russ1263,0.73892,0.92118,glottocodeBase,glottocodeBase,nort2671,russ1263,0.3553,0.85387,GBI available,TLI available,both
Saami,Russian_Smolensk,"70%, 80%",ural1272,indo1319,"ural1272 ~ ural1272 , indo1319",17,16,nort2671,russ1263,glottocodeBase,glottocodeBase,nort2671,russ1263,0.73892,0.92118,glottocodeBase,glottocodeBase,nort2671,russ1263,0.3553,0.85387,GBI available,TLI available,both
Saami,Russian_Yaroslavl,"70%, 80%",ural1272,indo1319,"ural1272 ~ ural1272 , indo1319",17,16,nort2671,russ1263,glottocodeBase,glottocodeBase,nort2671,russ1263,0.73892,0.92118,glottocodeBase,glottocodeBase,nort2671,russ1263,0.3553,0.85387,GBI available,TLI available,both
Saami,German_Sorb,"70%, 80%",ural1272,indo1319,"ural1272 ~ ural1272 , indo1319",17,10,nort2671,sorb1249,glottocodeBase,no proxy,nort2671,NA,0.73892,0.00000,glottocodeBase,glottocodeTLIproxy,nort2671,uppe1395,0.3553,0.28367,GBI NOT available,TLI available,TLI only
Saami,Polish_Poznan,"70%, 80%",ural1272,indo1319,"ural1272 ~ ural1272 , indo1319",17,10,nort2671,poli1260,glottocodeBase,glottocodeBase,nort2671,poli1260,0.73892,0.93596,glottocodeBase,glottocodeBase,nort2671,poli1260,0.3553,0.56447,GBI available,TLI available,both
Saami,Russian,"70%, 80%",ural1272,indo1319,"ural1272 ~ ural1272 , indo1319",17,10,nort2671,russ1263,glottocodeBase,glottocodeBase,nort2671,russ1263,0.73892,0.92118,glottocodeBase,glottocodeBase,nort2671,russ1263,0.3553,0.85387,GBI available,TLI available,both
Saami,Russian_Kursk,"70%, 80%",ural1272,indo1319,"ural1272 ~ ural1272 , indo1319",17,10,nort2671,russ1263,glottocodeBase,glottocodeBase,nort2671,russ1263,0.73892,0.92118,glottocodeBase,glottocodeBase,nort2671,russ1263,0.3553,0.85387,GBI available,TLI available,both
Saami,Russian_Oryol,"70%, 80%",ural1272,indo1319,"ural1272 ~ ural1272 , indo1319",17,10,nort2671,russ1263,glottocodeBase,glottocodeBase,nort2671,russ1263,0.73892,0.92118,glottocodeBase,glottocodeBase,nort2671,russ1263,0.3553,0.85387,GBI available,TLI available,both
Saami,Russian_Ryazan_Spassk_Ryazansky,"70%, 80%",ural1272,indo1319,"ural1272 ~ ural1272 , indo1319",17,10,nort2671,russ1263,glottocodeBase,glottocodeBase,nort2671,russ1263,0.73892,0.92118,glottocodeBase,glottocodeBase,nort2671,russ1263,0.3553,0.85387,GBI available,TLI available,both
Saami,Russian_Tver,"70%, 80%",ural1272,indo1319,"ural1272 ~ ural1272 , indo1319",17,10,nort2671,russ1263,glottocodeBase,glottocodeBase,nort2671,russ1263,0.73892,0.92118,glottocodeBase,glottocodeBase,nort2671,russ1263,0.3553,0.85387,GBI available,TLI available,both
Saami,Ukrainian_East,"70%, 80%",ural1272,indo1319,"ural1272 ~ ural1272 , indo1319",17,10,nort2671,ukra1253,glottocodeBase,glottocodeBase,nort2671,ukra1253,0.73892,0.78325,glottocodeBase,glottocodeBase,nort2671,ukra1253,0.3553,0.32665,GBI available,TLI available,both
Saami,Ukrainian_Rovenskaya,"70%, 80%",ural1272,indo1319,"ural1272 ~ ural1272 , indo1319",17,10,nort2671,ukra1253,glottocodeBase,glottocodeBase,nort2671,ukra1253,0.73892,0.78325,glottocodeBase,glottocodeBase,nort2671,ukra1253,0.3553,0.32665,GBI available,TLI available,both
Saami,English_Cornwall,"70%, 80%, 90%",ural1272,indo1319,"ural1272 ~ ural1272 , indo1319",17, 1,nort2671,stan1293,glottocodeBase,glottocodeBase,nort2671,stan1293,0.73892,0.85222,glottocodeBase,glottocodeBase,nort2671,stan1293,0.3553,0.82521,GBI available,TLI available,both
Saami,Russian_Archangelsk_Leshukonsky,"70%, 80%, 90%",ural1272,indo1319,"ural1272 ~ ural1272 , indo1319",17, 1,nort2671,russ1263,glottocodeBase,glottocodeBase,nort2671,russ1263,0.73892,0.92118,glottocodeBase,glottocodeBase,nort2671,russ1263,0.3553,0.85387,GBI available,TLI available,both
Saami,Ukrainian_West,"70%, 80%, 90%",ural1272,indo1319,"ural1272 ~ ural1272 , indo1319",17, 1,nort2671,ukra1253,glottocodeBase,glottocodeBase,nort2671,ukra1253,0.73892,0.78325,glottocodeBase,glottocodeBase,nort2671,ukra1253,0.3553,0.32665,GBI available,TLI available,both
Scottish,Yemen_Ad_Dali,"70%, 80%, 90%",indo1319,afro1255,"indo1319 ~ indo1319 , afro1255",17, 1,scot1245,sana1295,no proxy,glottocodeBase,NA,sana1295,0,0.74877,glottocodeBase,glottocodeBase,scot1245,sana1295,0.26934,0.02006,GBI NOT available,TLI available,TLI only
Scottish,Yemen_Al_Bayda,"70%, 80%, 90%",indo1319,afro1255,"indo1319 ~ indo1319 , afro1255",17, 1,scot1245,sana1295,no proxy,glottocodeBase,NA,sana1295,0,0.74877,glottocodeBase,glottocodeBase,scot1245,sana1295,0.26934,0.02006,GBI NOT available,TLI available,TLI only
Scottish,Yemen_Al_Jawf,"70%, 80%, 90%",indo1319,afro1255,"indo1319 ~ indo1319 , afro1255",17, 1,scot1245,sana1295,no proxy,glottocodeBase,NA,sana1295,0,0.74877,glottocodeBase,glottocodeBase,scot1245,sana1295,0.26934,0.02006,GBI NOT available,TLI available,TLI only
Scottish,Yemen_Dhamar,"70%, 80%, 90%",indo1319,afro1255,"indo1319 ~ indo1319 , afro1255",17, 1,scot1245,sana1295,no proxy,glottocodeBase,NA,sana1295,0,0.74877,glottocodeBase,glottocodeBase,scot1245,sana1295,0.26934,0.02006,GBI NOT available,TLI available,TLI only
Scottish,Yemen_Marib,"70%, 80%, 90%",indo1319,afro1255,"indo1319 ~ indo1319 , afro1255",17, 1,scot1245,sana1295,no proxy,glottocodeBase,NA,sana1295,0,0.74877,glottocodeBase,glottocodeBase,scot1245,sana1295,0.26934,0.02006,GBI NOT available,TLI available,TLI only
Scottish_Borders,Yemen_Ad_Dali,"70%, 80%, 90%",indo1319,afro1255,"indo1319 ~ indo1319 , afro1255",17, 1,scot1245,sana1295,no proxy,glottocodeBase,NA,sana1295,0,0.74877,glottocodeBase,glottocodeBase,scot1245,sana1295,0.26934,0.02006,GBI NOT available,TLI available,TLI only
Scottish_Borders,Yemen_Al_Bayda,"70%, 80%, 90%",indo1319,afro1255,"indo1319 ~ indo1319 , afro1255",17, 1,scot1245,sana1295,no proxy,glottocodeBase,NA,sana1295,0,0.74877,glottocodeBase,glottocodeBase,scot1245,sana1295,0.26934,0.02006,GBI NOT available,TLI available,TLI only
Scottish_Borders,Yemen_Al_Jawf,"70%, 80%, 90%",indo1319,afro1255,"indo1319 ~ indo1319 , afro1255",17, 1,scot1245,sana1295,no proxy,glottocodeBase,NA,sana1295,0,0.74877,glottocodeBase,glottocodeBase,scot1245,sana1295,0.26934,0.02006,GBI NOT available,TLI available,TLI only
Scottish_Borders,Yemen_Dhamar,"70%, 80%, 90%",indo1319,afro1255,"indo1319 ~ indo1319 , afro1255",17, 1,scot1245,sana1295,no proxy,glottocodeBase,NA,sana1295,0,0.74877,glottocodeBase,glottocodeBase,scot1245,sana1295,0.26934,0.02006,GBI NOT available,TLI available,TLI only
Scottish_Borders,Yemen_Marib,"70%, 80%, 90%",indo1319,afro1255,"indo1319 ~ indo1319 , afro1255",17, 1,scot1245,sana1295,no proxy,glottocodeBase,NA,sana1295,0,0.74877,glottocodeBase,glottocodeBase,scot1245,sana1295,0.26934,0.02006,GBI NOT available,TLI available,TLI only
Scottish_Dumfries_Galloway,Yemen_Ad_Dali,"70%, 80%, 90%",indo1319,afro1255,"indo1319 ~ indo1319 , afro1255",17, 1,scot1245,sana1295,no proxy,glottocodeBase,NA,sana1295,0,0.74877,glottocodeBase,glottocodeBase,scot1245,sana1295,0.26934,0.02006,GBI NOT available,TLI available,TLI only
Scottish_Dumfries_Galloway,Yemen_Al_Bayda,"70%, 80%, 90%",indo1319,afro1255,"indo1319 ~ indo1319 , afro1255",17, 1,scot1245,sana1295,no proxy,glottocodeBase,NA,sana1295,0,0.74877,glottocodeBase,glottocodeBase,scot1245,sana1295,0.26934,0.02006,GBI NOT available,TLI available,TLI only
Scottish_Dumfries_Galloway,Yemen_Al_Jawf,"70%, 80%, 90%",indo1319,afro1255,"indo1319 ~ indo1319 , afro1255",17, 1,scot1245,sana1295,no proxy,glottocodeBase,NA,sana1295,0,0.74877,glottocodeBase,glottocodeBase,scot1245,sana1295,0.26934,0.02006,GBI NOT available,TLI available,TLI only
Scottish_Dumfries_Galloway,Yemen_Dhamar,"70%, 80%, 90%",indo1319,afro1255,"indo1319 ~ indo1319 , afro1255",17, 1,scot1245,sana1295,no proxy,glottocodeBase,NA,sana1295,0,0.74877,glottocodeBase,glottocodeBase,scot1245,sana1295,0.26934,0.02006,GBI NOT available,TLI available,TLI only
Scottish_Dumfries_Galloway,Yemen_Marib,"70%, 80%, 90%",indo1319,afro1255,"indo1319 ~ indo1319 , afro1255",17, 1,scot1245,sana1295,no proxy,glottocodeBase,NA,sana1295,0,0.74877,glottocodeBase,glottocodeBase,scot1245,sana1295,0.26934,0.02006,GBI NOT available,TLI available,TLI only
Scottish_Fife,Yemen_Ad_Dali,"70%, 80%, 90%",indo1319,afro1255,"indo1319 ~ indo1319 , afro1255",17, 1,scot1245,sana1295,no proxy,glottocodeBase,NA,sana1295,0,0.74877,glottocodeBase,glottocodeBase,scot1245,sana1295,0.26934,0.02006,GBI NOT available,TLI available,TLI only
Scottish_Fife,Yemen_Al_Bayda,"70%, 80%, 90%",indo1319,afro1255,"indo1319 ~ indo1319 , afro1255",17, 1,scot1245,sana1295,no proxy,glottocodeBase,NA,sana1295,0,0.74877,glottocodeBase,glottocodeBase,scot1245,sana1295,0.26934,0.02006,GBI NOT available,TLI available,TLI only
Scottish_Fife,Yemen_Al_Jawf,"70%, 80%, 90%",indo1319,afro1255,"indo1319 ~ indo1319 , afro1255",17, 1,scot1245,sana1295,no proxy,glottocodeBase,NA,sana1295,0,0.74877,glottocodeBase,glottocodeBase,scot1245,sana1295,0.26934,0.02006,GBI NOT available,TLI available,TLI only
Scottish_Fife,Yemen_Dhamar,"70%, 80%, 90%",indo1319,afro1255,"indo1319 ~ indo1319 , afro1255",17, 1,scot1245,sana1295,no proxy,glottocodeBase,NA,sana1295,0,0.74877,glottocodeBase,glottocodeBase,scot1245,sana1295,0.26934,0.02006,GBI NOT available,TLI available,TLI only
Scottish_Fife,Yemen_Marib,"70%, 80%, 90%",indo1319,afro1255,"indo1319 ~ indo1319 , afro1255",17, 1,scot1245,sana1295,no proxy,glottocodeBase,NA,sana1295,0,0.74877,glottocodeBase,glottocodeBase,scot1245,sana1295,0.26934,0.02006,GBI NOT available,TLI available,TLI only
Scottish_Grampian,Yemen_Ad_Dali,"70%, 80%, 90%",indo1319,afro1255,"indo1319 ~ indo1319 , afro1255",17, 1,scot1245,sana1295,no proxy,glottocodeBase,NA,sana1295,0,0.74877,glottocodeBase,glottocodeBase,scot1245,sana1295,0.26934,0.02006,GBI NOT available,TLI available,TLI only
Scottish_Grampian,Yemen_Al_Bayda,"70%, 80%, 90%",indo1319,afro1255,"indo1319 ~ indo1319 , afro1255",17, 1,scot1245,sana1295,no proxy,glottocodeBase,NA,sana1295,0,0.74877,glottocodeBase,glottocodeBase,scot1245,sana1295,0.26934,0.02006,GBI NOT available,TLI available,TLI only
Scottish_Grampian,Yemen_Al_Jawf,"70%, 80%, 90%",indo1319,afro1255,"indo1319 ~ indo1319 , afro1255",17, 1,scot1245,sana1295,no proxy,glottocodeBase,NA,sana1295,0,0.74877,glottocodeBase,glottocodeBase,scot1245,sana1295,0.26934,0.02006,GBI NOT available,TLI available,TLI only
Scottish_Grampian,Yemen_Dhamar,"70%, 80%, 90%",indo1319,afro1255,"indo1319 ~ indo1319 , afro1255",17, 1,scot1245,sana1295,no proxy,glottocodeBase,NA,sana1295,0,0.74877,glottocodeBase,glottocodeBase,scot1245,sana1295,0.26934,0.02006,GBI NOT available,TLI available,TLI only
Scottish_Grampian,Yemen_Marib,"70%, 80%, 90%",indo1319,afro1255,"indo1319 ~ indo1319 , afro1255",17, 1,scot1245,sana1295,no proxy,glottocodeBase,NA,sana1295,0,0.74877,glottocodeBase,glottocodeBase,scot1245,sana1295,0.26934,0.02006,GBI NOT available,TLI available,TLI only
Scottish_Highlands,Yemen_Ad_Dali,"70%, 80%, 90%",indo1319,afro1255,"indo1319 ~ indo1319 , afro1255",17, 1,scot1245,sana1295,no proxy,glottocodeBase,NA,sana1295,0,0.74877,glottocodeBase,glottocodeBase,scot1245,sana1295,0.26934,0.02006,GBI NOT available,TLI available,TLI only
Scottish_Highlands,Yemen_Al_Bayda,"70%, 80%, 90%",indo1319,afro1255,"indo1319 ~ indo1319 , afro1255",17, 1,scot1245,sana1295,no proxy,glottocodeBase,NA,sana1295,0,0.74877,glottocodeBase,glottocodeBase,scot1245,sana1295,0.26934,0.02006,GBI NOT available,TLI available,TLI only
Scottish_Highlands,Yemen_Al_Jawf,"70%, 80%, 90%",indo1319,afro1255,"indo1319 ~ indo1319 , afro1255",17, 1,scot1245,sana1295,no proxy,glottocodeBase,NA,sana1295,0,0.74877,glottocodeBase,glottocodeBase,scot1245,sana1295,0.26934,0.02006,GBI NOT available,TLI available,TLI only
Scottish_Highlands,Yemen_Dhamar,"70%, 80%, 90%",indo1319,afro1255,"indo1319 ~ indo1319 , afro1255",17, 1,scot1245,sana1295,no proxy,glottocodeBase,NA,sana1295,0,0.74877,glottocodeBase,glottocodeBase,scot1245,sana1295,0.26934,0.02006,GBI NOT available,TLI available,TLI only
Scottish_Highlands,Yemen_Marib,"70%, 80%, 90%",indo1319,afro1255,"indo1319 ~ indo1319 , afro1255",17, 1,scot1245,sana1295,no proxy,glottocodeBase,NA,sana1295,0,0.74877,glottocodeBase,glottocodeBase,scot1245,sana1295,0.26934,0.02006,GBI NOT available,TLI available,TLI only
Scottish_Shetlandic,Yemen_Ad_Dali,"70%, 80%, 90%",indo1319,afro1255,"indo1319 ~ indo1319 , afro1255",17, 1,scot1245,sana1295,no proxy,glottocodeBase,NA,sana1295,0,0.74877,glottocodeBase,glottocodeBase,scot1245,sana1295,0.26934,0.02006,GBI NOT available,TLI available,TLI only
Scottish_Shetlandic,Yemen_Al_Bayda,"70%, 80%, 90%",indo1319,afro1255,"indo1319 ~ indo1319 , afro1255",17, 1,scot1245,sana1295,no proxy,glottocodeBase,NA,sana1295,0,0.74877,glottocodeBase,glottocodeBase,scot1245,sana1295,0.26934,0.02006,GBI NOT available,TLI available,TLI only
Scottish_Shetlandic,Yemen_Al_Jawf,"70%, 80%, 90%",indo1319,afro1255,"indo1319 ~ indo1319 , afro1255",17, 1,scot1245,sana1295,no proxy,glottocodeBase,NA,sana1295,0,0.74877,glottocodeBase,glottocodeBase,scot1245,sana1295,0.26934,0.02006,GBI NOT available,TLI available,TLI only
Scottish_Shetlandic,Yemen_Dhamar,"70%, 80%, 90%",indo1319,afro1255,"indo1319 ~ indo1319 , afro1255",17, 1,scot1245,sana1295,no proxy,glottocodeBase,NA,sana1295,0,0.74877,glottocodeBase,glottocodeBase,scot1245,sana1295,0.26934,0.02006,GBI NOT available,TLI available,TLI only
Scottish_Shetlandic,Yemen_Marib,"70%, 80%, 90%",indo1319,afro1255,"indo1319 ~ indo1319 , afro1255",17, 1,scot1245,sana1295,no proxy,glottocodeBase,NA,sana1295,0,0.74877,glottocodeBase,glottocodeBase,scot1245,sana1295,0.26934,0.02006,GBI NOT available,TLI available,TLI only
Thai,Onge,70%,taik1256,jara1244,"taik1256 ~ taik1256 , jara1244",17, 2,thai1261,onge1236,glottocodeBase,glottocodeBase,thai1261,onge1236,0.35468,0.21675,glottocodeBase,glottocodeBase,thai1261,onge1236,0.64183,0.18052,GBI available,TLI available,both
Tikopia,Baining_Malasait,"70%, 80%, 90%",aust1307,bain1263,"aust1307 ~ aust1307 , bain1263",17, 9,tiko1237,bain1263,glottocodeBase,glottocodeGBIproxy,tiko1237,qaqe1238,0.72906,0.26108,glottocodeBase,glottocodeTLIproxy,tiko1237,qaqe1238,0.00573,0.14327,GBI available,TLI available,both
Tikopia,Baining_Marabu,"70%, 80%, 90%",aust1307,bain1263,"aust1307 ~ aust1307 , bain1263",17, 9,tiko1237,bain1263,glottocodeBase,glottocodeGBIproxy,tiko1237,mali1284,0.72906,0.50739,glottocodeBase,glottocodeTLIproxy,tiko1237,mali1284,0.00573,0.08309,GBI available,TLI available,both
Tikopia,Nasioi,"70%, 80%, 90%",aust1307,sout2948,"aust1307 ~ aust1307 , sout2948",17, 5,tiko1237,nasi1247,glottocodeBase,glottocodeGBIproxy,tiko1237,naas1242,0.72906,0.28079,glottocodeBase,glottocodeTLIproxy,tiko1237,naas1242,0.00573,0.21777,GBI available,TLI available,both
Tikopia,Vella_Lavella,"70%, 80%, 90%",aust1307,bilu1245,"aust1307 ~ aust1307 , bilu1245",17, 5,tiko1237,bilu1245,glottocodeBase,glottocodeBase,tiko1237,bilu1245,0.72906,0.47291,glottocodeBase,glottocodeBase,tiko1237,bilu1245,0.00573,0.20057,GBI available,TLI available,both
Tikopia,Nasioi,"70%, 80%, 90%",aust1307,sout2948,"aust1307 ~ aust1307 , sout2948",17, 3,tiko1237,nasi1247,glottocodeBase,glottocodeGBIproxy,tiko1237,naas1242,0.72906,0.28079,glottocodeBase,glottocodeTLIproxy,tiko1237,naas1242,0.00573,0.21777,GBI available,TLI available,both
Tikopia,Vella_Lavella,"70%, 80%, 90%",aust1307,bilu1245,"aust1307 ~ aust1307 , bilu1245",17, 3,tiko1237,bilu1245,glottocodeBase,glottocodeBase,tiko1237,bilu1245,0.72906,0.47291,glottocodeBase,glottocodeBase,tiko1237,bilu1245,0.00573,0.20057,GBI available,TLI available,both
Tikopia,Dai,"70%, 80%, 90%",aust1307,taik1256,"aust1307 ~ aust1307 , taik1256",17, 3,tiko1237,luuu1242,glottocodeBase,no proxy,tiko1237,NA,0.72906,0.00000,glottocodeBase,glottocodeBase,tiko1237,luuu1242,0.00573,0.12894,GBI NOT available,TLI available,TLI only
Tikopia,Hakka_Taiwan,"70%, 80%, 90%",aust1307,sino1245,"aust1307 ~ aust1307 , sino1245",17, 3,tiko1237,yuet1238,glottocodeBase,glottocodeGBIproxy,tiko1237,hakk1236,0.72906,0.55665,glottocodeBase,glottocodeTLIproxy,tiko1237,hakk1236,0.00573,0.16619,GBI available,TLI available,both
Tikopia,Kinh,"70%, 80%, 90%",aust1307,aust1305,"aust1307 ~ aust1307 , aust1305",17, 3,tiko1237,viet1252,glottocodeBase,glottocodeBase,tiko1237,viet1252,0.72906,0.53695,glottocodeBase,glottocodeBase,tiko1237,viet1252,0.00573,0.57880,GBI available,TLI available,both
Tikopia,She,"70%, 80%, 90%",aust1307,hmon1336,"aust1307 ~ aust1307 , hmon1336",17, 3,tiko1237,shee1238,glottocodeBase,glottocodeBase,tiko1237,shee1238,0.72906,0.58128,glottocodeBase,glottocodeBase,tiko1237,shee1238,0.00573,0.04011,GBI available,TLI available,both
Tikopia,Vietnamese_North,"70%, 80%, 90%",aust1307,aust1305,"aust1307 ~ aust1307 , aust1305",17, 3,tiko1237,viet1252,glottocodeBase,glottocodeBase,tiko1237,viet1252,0.72906,0.53695,glottocodeBase,glottocodeBase,tiko1237,viet1252,0.00573,0.57880,GBI available,TLI available,both
Tikopia,Vietnamese_South,"70%, 80%, 90%",aust1307,aust1305,"aust1307 ~ aust1307 , aust1305",17, 3,tiko1237,viet1252,glottocodeBase,glottocodeBase,tiko1237,viet1252,0.72906,0.53695,glottocodeBase,glottocodeBase,tiko1237,viet1252,0.00573,0.57880,GBI available,TLI available,both
Tikopia,Ata_Bili,"70%, 80%, 90%",aust1307,pele1245,"aust1307 ~ aust1307 , pele1245",17, 2,tiko1237,pele1245,glottocodeBase,glottocodeBase,tiko1237,pele1245,0.72906,0.23645,glottocodeBase,glottocodeBase,tiko1237,pele1245,0.00573,0.00287,GBI available,TLI available,both
Tikopia,Ata_Luge,"70%, 80%, 90%",aust1307,pele1245,"aust1307 ~ aust1307 , pele1245",17, 2,tiko1237,pele1245,glottocodeBase,glottocodeBase,tiko1237,pele1245,0.72906,0.23645,glottocodeBase,glottocodeBase,tiko1237,pele1245,0.00573,0.00287,GBI available,TLI available,both
Tikopia,Ata_Uassilau,"70%, 80%, 90%",aust1307,pele1245,"aust1307 ~ aust1307 , pele1245",17, 2,tiko1237,pele1245,glottocodeBase,glottocodeBase,tiko1237,pele1245,0.72906,0.23645,glottocodeBase,glottocodeBase,tiko1237,pele1245,0.00573,0.00287,GBI available,TLI available,both
Tikopia,Lahu,"70%, 80%, 90%",aust1307,sino1245,"aust1307 ~ aust1307 , sino1245",17, 1,tiko1237,lahu1253,glottocodeBase,glottocodeBase,tiko1237,lahu1253,0.72906,0.67980,glottocodeBase,glottocodeBase,tiko1237,lahu1253,0.00573,0.53582,GBI available,TLI available,both
Tongan,Baining_Malasait,"70%, 80%, 90%",aust1307,bain1263,"aust1307 ~ aust1307 , bain1263",17, 9,tong1325,bain1263,glottocodeBase,glottocodeGBIproxy,tong1325,qaqe1238,0.68966,0.26108,glottocodeBase,glottocodeTLIproxy,tong1325,qaqe1238,0.26074,0.14327,GBI available,TLI available,both
Tongan,Baining_Marabu,"70%, 80%, 90%",aust1307,bain1263,"aust1307 ~ aust1307 , bain1263",17, 9,tong1325,bain1263,glottocodeBase,glottocodeGBIproxy,tong1325,mali1284,0.68966,0.50739,glottocodeBase,glottocodeTLIproxy,tong1325,mali1284,0.26074,0.08309,GBI available,TLI available,both
Tongan,Nasioi,"70%, 80%, 90%",aust1307,sout2948,"aust1307 ~ aust1307 , sout2948",17, 5,tong1325,nasi1247,glottocodeBase,glottocodeGBIproxy,tong1325,naas1242,0.68966,0.28079,glottocodeBase,glottocodeTLIproxy,tong1325,naas1242,0.26074,0.21777,GBI available,TLI available,both
Tongan,Vella_Lavella,"70%, 80%, 90%",aust1307,bilu1245,"aust1307 ~ aust1307 , bilu1245",17, 5,tong1325,bilu1245,glottocodeBase,glottocodeBase,tong1325,bilu1245,0.68966,0.47291,glottocodeBase,glottocodeBase,tong1325,bilu1245,0.26074,0.20057,GBI available,TLI available,both
Tongan,Nasioi,"70%, 80%, 90%",aust1307,sout2948,"aust1307 ~ aust1307 , sout2948",17, 3,tong1325,nasi1247,glottocodeBase,glottocodeGBIproxy,tong1325,naas1242,0.68966,0.28079,glottocodeBase,glottocodeTLIproxy,tong1325,naas1242,0.26074,0.21777,GBI available,TLI available,both
Tongan,Vella_Lavella,"70%, 80%, 90%",aust1307,bilu1245,"aust1307 ~ aust1307 , bilu1245",17, 3,tong1325,bilu1245,glottocodeBase,glottocodeBase,tong1325,bilu1245,0.68966,0.47291,glottocodeBase,glottocodeBase,tong1325,bilu1245,0.26074,0.20057,GBI available,TLI available,both
Tongan,Dai,"70%, 80%, 90%",aust1307,taik1256,"aust1307 ~ aust1307 , taik1256",17, 3,tong1325,luuu1242,glottocodeBase,no proxy,tong1325,NA,0.68966,0.00000,glottocodeBase,glottocodeBase,tong1325,luuu1242,0.26074,0.12894,GBI NOT available,TLI available,TLI only
Tongan,Hakka_Taiwan,"70%, 80%, 90%",aust1307,sino1245,"aust1307 ~ aust1307 , sino1245",17, 3,tong1325,yuet1238,glottocodeBase,glottocodeGBIproxy,tong1325,hakk1236,0.68966,0.55665,glottocodeBase,glottocodeTLIproxy,tong1325,hakk1236,0.26074,0.16619,GBI available,TLI available,both
Tongan,Kinh,"70%, 80%, 90%",aust1307,aust1305,"aust1307 ~ aust1307 , aust1305",17, 3,tong1325,viet1252,glottocodeBase,glottocodeBase,tong1325,viet1252,0.68966,0.53695,glottocodeBase,glottocodeBase,tong1325,viet1252,0.26074,0.57880,GBI available,TLI available,both
Tongan,She,"70%, 80%, 90%",aust1307,hmon1336,"aust1307 ~ aust1307 , hmon1336",17, 3,tong1325,shee1238,glottocodeBase,glottocodeBase,tong1325,shee1238,0.68966,0.58128,glottocodeBase,glottocodeBase,tong1325,shee1238,0.26074,0.04011,GBI available,TLI available,both
Tongan,Vietnamese_North,"70%, 80%, 90%",aust1307,aust1305,"aust1307 ~ aust1307 , aust1305",17, 3,tong1325,viet1252,glottocodeBase,glottocodeBase,tong1325,viet1252,0.68966,0.53695,glottocodeBase,glottocodeBase,tong1325,viet1252,0.26074,0.57880,GBI available,TLI available,both
Tongan,Vietnamese_South,"70%, 80%, 90%",aust1307,aust1305,"aust1307 ~ aust1307 , aust1305",17, 3,tong1325,viet1252,glottocodeBase,glottocodeBase,tong1325,viet1252,0.68966,0.53695,glottocodeBase,glottocodeBase,tong1325,viet1252,0.26074,0.57880,GBI available,TLI available,both
Tongan,Ata_Bili,"70%, 80%, 90%",aust1307,pele1245,"aust1307 ~ aust1307 , pele1245",17, 2,tong1325,pele1245,glottocodeBase,glottocodeBase,tong1325,pele1245,0.68966,0.23645,glottocodeBase,glottocodeBase,tong1325,pele1245,0.26074,0.00287,GBI available,TLI available,both
Tongan,Ata_Luge,"70%, 80%, 90%",aust1307,pele1245,"aust1307 ~ aust1307 , pele1245",17, 2,tong1325,pele1245,glottocodeBase,glottocodeBase,tong1325,pele1245,0.68966,0.23645,glottocodeBase,glottocodeBase,tong1325,pele1245,0.26074,0.00287,GBI available,TLI available,both
Tongan,Ata_Uassilau,"70%, 80%, 90%",aust1307,pele1245,"aust1307 ~ aust1307 , pele1245",17, 2,tong1325,pele1245,glottocodeBase,glottocodeBase,tong1325,pele1245,0.68966,0.23645,glottocodeBase,glottocodeBase,tong1325,pele1245,0.26074,0.00287,GBI available,TLI available,both
Tongan,Lahu,"70%, 80%, 90%",aust1307,sino1245,"aust1307 ~ aust1307 , sino1245",17, 1,tong1325,lahu1253,glottocodeBase,glottocodeBase,tong1325,lahu1253,0.68966,0.67980,glottocodeBase,glottocodeBase,tong1325,lahu1253,0.26074,0.53582,GBI available,TLI available,both
Udmurt_Northern,Lithuanian,"70%, 80%",ural1272,indo1319,"ural1272 ~ ural1272 , indo1319",17,17,nort2676,lith1251,no proxy,glottocodeBase,NA,lith1251,0,0.86700,glottocodeTLIproxy,glottocodeBase,udmu1245,lith1251,0.3639,0.53868,GBI NOT available,TLI available,TLI only
Udmurt_Northern,Russian_Archangelsk_Pinezhsky,"70%, 80%",ural1272,indo1319,"ural1272 ~ ural1272 , indo1319",17,17,nort2676,russ1263,no proxy,glottocodeBase,NA,russ1263,0,0.92118,glottocodeTLIproxy,glottocodeBase,udmu1245,russ1263,0.3639,0.85387,GBI NOT available,TLI available,TLI only
Udmurt_Northern,Russian_Pskov_Ostrov,"70%, 80%",ural1272,indo1319,"ural1272 ~ ural1272 , indo1319",17,17,nort2676,russ1263,no proxy,glottocodeBase,NA,russ1263,0,0.92118,glottocodeTLIproxy,glottocodeBase,udmu1245,russ1263,0.3639,0.85387,GBI NOT available,TLI available,TLI only
Udmurt_Northern,Russian_Pskov_Porkhov,"70%, 80%",ural1272,indo1319,"ural1272 ~ ural1272 , indo1319",17,17,nort2676,russ1263,no proxy,glottocodeBase,NA,russ1263,0,0.92118,glottocodeTLIproxy,glottocodeBase,udmu1245,russ1263,0.3639,0.85387,GBI NOT available,TLI available,TLI only
Udmurt_Northern,Belarusian,"70%, 80%",ural1272,indo1319,"ural1272 ~ ural1272 , indo1319",17,16,nort2676,bela1254,no proxy,glottocodeBase,NA,bela1254,0,0.87685,glottocodeTLIproxy,glottocodeBase,udmu1245,bela1254,0.3639,0.14040,GBI NOT available,TLI available,TLI only
Udmurt_Northern,Russian_Archangelsk_Krasnoborsky,"70%, 80%",ural1272,indo1319,"ural1272 ~ ural1272 , indo1319",17,16,nort2676,russ1263,no proxy,glottocodeBase,NA,russ1263,0,0.92118,glottocodeTLIproxy,glottocodeBase,udmu1245,russ1263,0.3639,0.85387,GBI NOT available,TLI available,TLI only
Udmurt_Northern,Russian_Kaluga,"70%, 80%",ural1272,indo1319,"ural1272 ~ ural1272 , indo1319",17,16,nort2676,russ1263,no proxy,glottocodeBase,NA,russ1263,0,0.92118,glottocodeTLIproxy,glottocodeBase,udmu1245,russ1263,0.3639,0.85387,GBI NOT available,TLI available,TLI only
Udmurt_Northern,Russian_Smolensk,"70%, 80%",ural1272,indo1319,"ural1272 ~ ural1272 , indo1319",17,16,nort2676,russ1263,no proxy,glottocodeBase,NA,russ1263,0,0.92118,glottocodeTLIproxy,glottocodeBase,udmu1245,russ1263,0.3639,0.85387,GBI NOT available,TLI available,TLI only
Udmurt_Northern,Russian_Yaroslavl,"70%, 80%",ural1272,indo1319,"ural1272 ~ ural1272 , indo1319",17,16,nort2676,russ1263,no proxy,glottocodeBase,NA,russ1263,0,0.92118,glottocodeTLIproxy,glottocodeBase,udmu1245,russ1263,0.3639,0.85387,GBI NOT available,TLI available,TLI only
Udmurt_Northern,German_Sorb,"70%, 80%",ural1272,indo1319,"ural1272 ~ ural1272 , indo1319",17,10,nort2676,sorb1249,no proxy,no proxy,NA,NA,0,0.00000,glottocodeTLIproxy,glottocodeTLIproxy,udmu1245,uppe1395,0.3639,0.28367,GBI NOT available,TLI available,TLI only
Udmurt_Northern,Polish_Poznan,"70%, 80%",ural1272,indo1319,"ural1272 ~ ural1272 , indo1319",17,10,nort2676,poli1260,no proxy,glottocodeBase,NA,poli1260,0,0.93596,glottocodeTLIproxy,glottocodeBase,udmu1245,poli1260,0.3639,0.56447,GBI NOT available,TLI available,TLI only
Udmurt_Northern,Russian,"70%, 80%",ural1272,indo1319,"ural1272 ~ ural1272 , indo1319",17,10,nort2676,russ1263,no proxy,glottocodeBase,NA,russ1263,0,0.92118,glottocodeTLIproxy,glottocodeBase,udmu1245,russ1263,0.3639,0.85387,GBI NOT available,TLI available,TLI only
Udmurt_Northern,Russian_Kursk,"70%, 80%",ural1272,indo1319,"ural1272 ~ ural1272 , indo1319",17,10,nort2676,russ1263,no proxy,glottocodeBase,NA,russ1263,0,0.92118,glottocodeTLIproxy,glottocodeBase,udmu1245,russ1263,0.3639,0.85387,GBI NOT available,TLI available,TLI only
Udmurt_Northern,Russian_Oryol,"70%, 80%",ural1272,indo1319,"ural1272 ~ ural1272 , indo1319",17,10,nort2676,russ1263,no proxy,glottocodeBase,NA,russ1263,0,0.92118,glottocodeTLIproxy,glottocodeBase,udmu1245,russ1263,0.3639,0.85387,GBI NOT available,TLI available,TLI only
Udmurt_Northern,Russian_Ryazan_Spassk_Ryazansky,"70%, 80%",ural1272,indo1319,"ural1272 ~ ural1272 , indo1319",17,10,nort2676,russ1263,no proxy,glottocodeBase,NA,russ1263,0,0.92118,glottocodeTLIproxy,glottocodeBase,udmu1245,russ1263,0.3639,0.85387,GBI NOT available,TLI available,TLI only
Udmurt_Northern,Russian_Tver,"70%, 80%",ural1272,indo1319,"ural1272 ~ ural1272 , indo1319",17,10,nort2676,russ1263,no proxy,glottocodeBase,NA,russ1263,0,0.92118,glottocodeTLIproxy,glottocodeBase,udmu1245,russ1263,0.3639,0.85387,GBI NOT available,TLI available,TLI only
Udmurt_Northern,Ukrainian_East,"70%, 80%",ural1272,indo1319,"ural1272 ~ ural1272 , indo1319",17,10,nort2676,ukra1253,no proxy,glottocodeBase,NA,ukra1253,0,0.78325,glottocodeTLIproxy,glottocodeBase,udmu1245,ukra1253,0.3639,0.32665,GBI NOT available,TLI available,TLI only
Udmurt_Northern,Ukrainian_Rovenskaya,"70%, 80%",ural1272,indo1319,"ural1272 ~ ural1272 , indo1319",17,10,nort2676,ukra1253,no proxy,glottocodeBase,NA,ukra1253,0,0.78325,glottocodeTLIproxy,glottocodeBase,udmu1245,ukra1253,0.3639,0.32665,GBI NOT available,TLI available,TLI only
Udmurt_Northern,French_West,"70%, 80%",ural1272,indo1319,"ural1272 ~ ural1272 , indo1319",17, 9,nort2676,stan1290,no proxy,glottocodeBase,NA,stan1290,0,0.89655,glottocodeTLIproxy,glottocodeBase,udmu1245,stan1290,0.3639,0.80802,GBI NOT available,TLI available,TLI only
Udmurt_Northern,German_Lipsian,"70%, 80%",ural1272,indo1319,"ural1272 ~ ural1272 , indo1319",17, 9,nort2676,stan1295,no proxy,no proxy,NA,NA,0,0.00000,glottocodeTLIproxy,glottocodeBase,udmu1245,stan1295,0.3639,0.79370,GBI NOT available,TLI available,TLI only
Udmurt_Northern,Icelandic,"70%, 80%",ural1272,indo1319,"ural1272 ~ ural1272 , indo1319",17, 9,nort2676,icel1247,no proxy,glottocodeBase,NA,icel1247,0,0.86700,glottocodeTLIproxy,glottocodeBase,udmu1245,icel1247,0.3639,0.59599,GBI NOT available,TLI available,TLI only
Udmurt_Northern,Irish_Connacht,"70%, 80%",ural1272,indo1319,"ural1272 ~ ural1272 , indo1319",17, 9,nort2676,conn1243,no proxy,glottocodeGBIproxy,NA,iris1253,0,0.92118,glottocodeTLIproxy,glottocodeTLIproxy,udmu1245,iris1253,0.3639,0.54441,GBI NOT available,TLI available,TLI only
Udmurt_Northern,Irish_Cork_Kerry,"70%, 80%",ural1272,indo1319,"ural1272 ~ ural1272 , indo1319",17, 9,nort2676,iris1253,no proxy,glottocodeBase,NA,iris1253,0,0.92118,glottocodeTLIproxy,glottocodeBase,udmu1245,iris1253,0.3639,0.54441,GBI NOT available,TLI available,TLI only
Udmurt_Northern,Irish_Leinster,"70%, 80%",ural1272,indo1319,"ural1272 ~ ural1272 , indo1319",17, 9,nort2676,iris1253,no proxy,glottocodeBase,NA,iris1253,0,0.92118,glottocodeTLIproxy,glottocodeBase,udmu1245,iris1253,0.3639,0.54441,GBI NOT available,TLI available,TLI only
Udmurt_Northern,Irish_Munster,"70%, 80%",ural1272,indo1319,"ural1272 ~ ural1272 , indo1319",17, 9,nort2676,muns1250,no proxy,glottocodeGBIproxy,NA,iris1253,0,0.92118,glottocodeTLIproxy,glottocodeTLIproxy,udmu1245,iris1253,0.3639,0.54441,GBI NOT available,TLI available,TLI only
Udmurt_Northern,Irish_Ulster,"70%, 80%",ural1272,indo1319,"ural1272 ~ ural1272 , indo1319",17, 9,nort2676,done1238,no proxy,glottocodeGBIproxy,NA,iris1253,0,0.92118,glottocodeTLIproxy,glottocodeTLIproxy,udmu1245,iris1253,0.3639,0.54441,GBI NOT available,TLI available,TLI only
Udmurt_Northern,Norwegian,"70%, 80%",ural1272,indo1319,"ural1272 ~ ural1272 , indo1319",17, 9,nort2676,norw1258,no proxy,no proxy,NA,NA,0,0.00000,glottocodeTLIproxy,glottocodeBase,udmu1245,norw1258,0.3639,0.34670,GBI NOT available,TLI available,TLI only
Udmurt_Northern,Orcadian,"70%, 80%",ural1272,indo1319,"ural1272 ~ ural1272 , indo1319",17, 9,nort2676,scot1243,no proxy,no proxy,NA,NA,0,0.00000,glottocodeTLIproxy,glottocodeBase,udmu1245,scot1243,0.3639,0.10315,GBI NOT available,TLI available,TLI only
Udmurt_Northern,Polish_Lublin,"70%, 80%",ural1272,indo1319,"ural1272 ~ ural1272 , indo1319",17, 9,nort2676,poli1260,no proxy,glottocodeBase,NA,poli1260,0,0.93596,glottocodeTLIproxy,glottocodeBase,udmu1245,poli1260,0.3639,0.56447,GBI NOT available,TLI available,TLI only
Udmurt_Northern,Russian_Belgorod,"70%, 80%",ural1272,indo1319,"ural1272 ~ ural1272 , indo1319",17, 9,nort2676,russ1263,no proxy,glottocodeBase,NA,russ1263,0,0.92118,glottocodeTLIproxy,glottocodeBase,udmu1245,russ1263,0.3639,0.85387,GBI NOT available,TLI available,TLI only
Udmurt_Northern,Russian_Ryazan_Mihailovsky,"70%, 80%",ural1272,indo1319,"ural1272 ~ ural1272 , indo1319",17, 9,nort2676,russ1263,no proxy,glottocodeBase,NA,russ1263,0,0.92118,glottocodeTLIproxy,glottocodeBase,udmu1245,russ1263,0.3639,0.85387,GBI NOT available,TLI available,TLI only
Udmurt_Northern,Scottish,"70%, 80%",ural1272,indo1319,"ural1272 ~ ural1272 , indo1319",17, 9,nort2676,scot1245,no proxy,no proxy,NA,NA,0,0.00000,glottocodeTLIproxy,glottocodeBase,udmu1245,scot1245,0.3639,0.26934,GBI NOT available,TLI available,TLI only
Udmurt_Northern,Scottish_Dumfries_Galloway,"70%, 80%",ural1272,indo1319,"ural1272 ~ ural1272 , indo1319",17, 9,nort2676,scot1245,no proxy,no proxy,NA,NA,0,0.00000,glottocodeTLIproxy,glottocodeBase,udmu1245,scot1245,0.3639,0.26934,GBI NOT available,TLI available,TLI only
Udmurt_Northern,Scottish_Fife,"70%, 80%",ural1272,indo1319,"ural1272 ~ ural1272 , indo1319",17, 9,nort2676,scot1245,no proxy,no proxy,NA,NA,0,0.00000,glottocodeTLIproxy,glottocodeBase,udmu1245,scot1245,0.3639,0.26934,GBI NOT available,TLI available,TLI only
Udmurt_Northern,Scottish_Grampian,"70%, 80%",ural1272,indo1319,"ural1272 ~ ural1272 , indo1319",17, 9,nort2676,scot1245,no proxy,no proxy,NA,NA,0,0.00000,glottocodeTLIproxy,glottocodeBase,udmu1245,scot1245,0.3639,0.26934,GBI NOT available,TLI available,TLI only
Udmurt_Northern,Scottish_Highlands,"70%, 80%",ural1272,indo1319,"ural1272 ~ ural1272 , indo1319",17, 9,nort2676,scot1245,no proxy,no proxy,NA,NA,0,0.00000,glottocodeTLIproxy,glottocodeBase,udmu1245,scot1245,0.3639,0.26934,GBI NOT available,TLI available,TLI only
Udmurt_Northern,Scottish_Shetlandic,"70%, 80%",ural1272,indo1319,"ural1272 ~ ural1272 , indo1319",17, 9,nort2676,scot1245,no proxy,no proxy,NA,NA,0,0.00000,glottocodeTLIproxy,glottocodeBase,udmu1245,scot1245,0.3639,0.26934,GBI NOT available,TLI available,TLI only
Udmurt_Northern,Ukrainian_Sumskaya,"70%, 80%",ural1272,indo1319,"ural1272 ~ ural1272 , indo1319",17, 9,nort2676,ukra1253,no proxy,glottocodeBase,NA,ukra1253,0,0.78325,glottocodeTLIproxy,glottocodeBase,udmu1245,ukra1253,0.3639,0.32665,GBI NOT available,TLI available,TLI only
Udmurt_Northern,Ukrainian_Zhitomirskaya,"70%, 80%",ural1272,indo1319,"ural1272 ~ ural1272 , indo1319",17, 9,nort2676,ukra1253,no proxy,glottocodeBase,NA,ukra1253,0,0.78325,glottocodeTLIproxy,glottocodeBase,udmu1245,ukra1253,0.3639,0.32665,GBI NOT available,TLI available,TLI only
Udmurt_Northern,Lithuanian,70%,ural1272,indo1319,"ural1272 ~ ural1272 , indo1319",17,17,nort2676,lith1251,no proxy,glottocodeBase,NA,lith1251,0,0.86700,glottocodeTLIproxy,glottocodeBase,udmu1245,lith1251,0.3639,0.53868,GBI NOT available,TLI available,TLI only
Udmurt_Northern,Russian_Archangelsk_Pinezhsky,70%,ural1272,indo1319,"ural1272 ~ ural1272 , indo1319",17,17,nort2676,russ1263,no proxy,glottocodeBase,NA,russ1263,0,0.92118,glottocodeTLIproxy,glottocodeBase,udmu1245,russ1263,0.3639,0.85387,GBI NOT available,TLI available,TLI only
Udmurt_Northern,Russian_Pskov_Ostrov,70%,ural1272,indo1319,"ural1272 ~ ural1272 , indo1319",17,17,nort2676,russ1263,no proxy,glottocodeBase,NA,russ1263,0,0.92118,glottocodeTLIproxy,glottocodeBase,udmu1245,russ1263,0.3639,0.85387,GBI NOT available,TLI available,TLI only
Udmurt_Northern,Russian_Pskov_Porkhov,70%,ural1272,indo1319,"ural1272 ~ ural1272 , indo1319",17,17,nort2676,russ1263,no proxy,glottocodeBase,NA,russ1263,0,0.92118,glottocodeTLIproxy,glottocodeBase,udmu1245,russ1263,0.3639,0.85387,GBI NOT available,TLI available,TLI only
Udmurt_Northern,Scottish_Borders,"70%, 80%",ural1272,indo1319,"ural1272 ~ ural1272 , indo1319",17, 8,nort2676,scot1245,no proxy,no proxy,NA,NA,0,0.00000,glottocodeTLIproxy,glottocodeBase,udmu1245,scot1245,0.3639,0.26934,GBI NOT available,TLI available,TLI only
Udmurt_Northern,Belarusian,70%,ural1272,indo1319,"ural1272 ~ ural1272 , indo1319",17,16,nort2676,bela1254,no proxy,glottocodeBase,NA,bela1254,0,0.87685,glottocodeTLIproxy,glottocodeBase,udmu1245,bela1254,0.3639,0.14040,GBI NOT available,TLI available,TLI only
Udmurt_Northern,Russian_Archangelsk_Krasnoborsky,70%,ural1272,indo1319,"ural1272 ~ ural1272 , indo1319",17,16,nort2676,russ1263,no proxy,glottocodeBase,NA,russ1263,0,0.92118,glottocodeTLIproxy,glottocodeBase,udmu1245,russ1263,0.3639,0.85387,GBI NOT available,TLI available,TLI only
Udmurt_Northern,Russian_Kaluga,70%,ural1272,indo1319,"ural1272 ~ ural1272 , indo1319",17,16,nort2676,russ1263,no proxy,glottocodeBase,NA,russ1263,0,0.92118,glottocodeTLIproxy,glottocodeBase,udmu1245,russ1263,0.3639,0.85387,GBI NOT available,TLI available,TLI only
Udmurt_Northern,Russian_Smolensk,70%,ural1272,indo1319,"ural1272 ~ ural1272 , indo1319",17,16,nort2676,russ1263,no proxy,glottocodeBase,NA,russ1263,0,0.92118,glottocodeTLIproxy,glottocodeBase,udmu1245,russ1263,0.3639,0.85387,GBI NOT available,TLI available,TLI only
Udmurt_Northern,Russian_Yaroslavl,70%,ural1272,indo1319,"ural1272 ~ ural1272 , indo1319",17,16,nort2676,russ1263,no proxy,glottocodeBase,NA,russ1263,0,0.92118,glottocodeTLIproxy,glottocodeBase,udmu1245,russ1263,0.3639,0.85387,GBI NOT available,TLI available,TLI only
Udmurt_Northern,Ket,70%,ural1272,yeni1252,"ural1272 ~ ural1272 , yeni1252",17, 6,nort2676,kett1243,no proxy,glottocodeBase,NA,kett1243,0,0.86700,glottocodeTLIproxy,glottocodeBase,udmu1245,kett1243,0.3639,0.52436,GBI NOT available,TLI available,TLI only
Udmurt_Northern,Czech,"70%, 80%",ural1272,indo1319,"ural1272 ~ ural1272 , indo1319",17, 6,nort2676,czec1258,no proxy,glottocodeBase,NA,czec1258,0,0.86700,glottocodeTLIproxy,glottocodeBase,udmu1245,czec1258,0.3639,0.32951,GBI NOT available,TLI available,TLI only
Udmurt_Northern,English_Kent,"70%, 80%",ural1272,indo1319,"ural1272 ~ ural1272 , indo1319",17, 5,nort2676,stan1293,no proxy,glottocodeBase,NA,stan1293,0,0.85222,glottocodeTLIproxy,glottocodeBase,udmu1245,stan1293,0.3639,0.82521,GBI NOT available,TLI available,TLI only
Udmurt_Northern,Ket_Southeast,70%,ural1272,yeni1252,"ural1272 ~ ural1272 , yeni1252",17, 4,nort2676,kett1243,no proxy,glottocodeBase,NA,kett1243,0,0.86700,glottocodeTLIproxy,glottocodeBase,udmu1245,kett1243,0.3639,0.52436,GBI NOT available,TLI available,TLI only
Udmurt_Northern,German_Sorb,70%,ural1272,indo1319,"ural1272 ~ ural1272 , indo1319",17,10,nort2676,sorb1249,no proxy,no proxy,NA,NA,0,0.00000,glottocodeTLIproxy,glottocodeTLIproxy,udmu1245,uppe1395,0.3639,0.28367,GBI NOT available,TLI available,TLI only
Udmurt_Northern,Polish_Poznan,70%,ural1272,indo1319,"ural1272 ~ ural1272 , indo1319",17,10,nort2676,poli1260,no proxy,glottocodeBase,NA,poli1260,0,0.93596,glottocodeTLIproxy,glottocodeBase,udmu1245,poli1260,0.3639,0.56447,GBI NOT available,TLI available,TLI only
Udmurt_Northern,Russian,70%,ural1272,indo1319,"ural1272 ~ ural1272 , indo1319",17,10,nort2676,russ1263,no proxy,glottocodeBase,NA,russ1263,0,0.92118,glottocodeTLIproxy,glottocodeBase,udmu1245,russ1263,0.3639,0.85387,GBI NOT available,TLI available,TLI only
Udmurt_Northern,Russian_Kursk,70%,ural1272,indo1319,"ural1272 ~ ural1272 , indo1319",17,10,nort2676,russ1263,no proxy,glottocodeBase,NA,russ1263,0,0.92118,glottocodeTLIproxy,glottocodeBase,udmu1245,russ1263,0.3639,0.85387,GBI NOT available,TLI available,TLI only
Udmurt_Northern,Russian_Oryol,70%,ural1272,indo1319,"ural1272 ~ ural1272 , indo1319",17,10,nort2676,russ1263,no proxy,glottocodeBase,NA,russ1263,0,0.92118,glottocodeTLIproxy,glottocodeBase,udmu1245,russ1263,0.3639,0.85387,GBI NOT available,TLI available,TLI only
Udmurt_Northern,Russian_Ryazan_Spassk_Ryazansky,70%,ural1272,indo1319,"ural1272 ~ ural1272 , indo1319",17,10,nort2676,russ1263,no proxy,glottocodeBase,NA,russ1263,0,0.92118,glottocodeTLIproxy,glottocodeBase,udmu1245,russ1263,0.3639,0.85387,GBI NOT available,TLI available,TLI only
Udmurt_Northern,Russian_Tver,70%,ural1272,indo1319,"ural1272 ~ ural1272 , indo1319",17,10,nort2676,russ1263,no proxy,glottocodeBase,NA,russ1263,0,0.92118,glottocodeTLIproxy,glottocodeBase,udmu1245,russ1263,0.3639,0.85387,GBI NOT available,TLI available,TLI only
Udmurt_Northern,Ukrainian_East,70%,ural1272,indo1319,"ural1272 ~ ural1272 , indo1319",17,10,nort2676,ukra1253,no proxy,glottocodeBase,NA,ukra1253,0,0.78325,glottocodeTLIproxy,glottocodeBase,udmu1245,ukra1253,0.3639,0.32665,GBI NOT available,TLI available,TLI only
Udmurt_Northern,Ukrainian_Rovenskaya,70%,ural1272,indo1319,"ural1272 ~ ural1272 , indo1319",17,10,nort2676,ukra1253,no proxy,glottocodeBase,NA,ukra1253,0,0.78325,glottocodeTLIproxy,glottocodeBase,udmu1245,ukra1253,0.3639,0.32665,GBI NOT available,TLI available,TLI only
Udmurt_Northern,English_Cornwall,"70%, 80%",ural1272,indo1319,"ural1272 ~ ural1272 , indo1319",17, 1,nort2676,stan1293,no proxy,glottocodeBase,NA,stan1293,0,0.85222,glottocodeTLIproxy,glottocodeBase,udmu1245,stan1293,0.3639,0.82521,GBI NOT available,TLI available,TLI only
Udmurt_Northern,Russian_Archangelsk_Leshukonsky,"70%, 80%",ural1272,indo1319,"ural1272 ~ ural1272 , indo1319",17, 1,nort2676,russ1263,no proxy,glottocodeBase,NA,russ1263,0,0.92118,glottocodeTLIproxy,glottocodeBase,udmu1245,russ1263,0.3639,0.85387,GBI NOT available,TLI available,TLI only
Udmurt_Northern,Ukrainian_West,"70%, 80%",ural1272,indo1319,"ural1272 ~ ural1272 , indo1319",17, 1,nort2676,ukra1253,no proxy,glottocodeBase,NA,ukra1253,0,0.78325,glottocodeTLIproxy,glottocodeBase,udmu1245,ukra1253,0.3639,0.32665,GBI NOT available,TLI available,TLI only
Udmurt_Southern,Lithuanian,70%,ural1272,indo1319,"ural1272 ~ ural1272 , indo1319",17,17,sout2681,lith1251,no proxy,glottocodeBase,NA,lith1251,0,0.86700,glottocodeTLIproxy,glottocodeBase,udmu1245,lith1251,0.3639,0.53868,GBI NOT available,TLI available,TLI only
Udmurt_Southern,Russian_Archangelsk_Pinezhsky,70%,ural1272,indo1319,"ural1272 ~ ural1272 , indo1319",17,17,sout2681,russ1263,no proxy,glottocodeBase,NA,russ1263,0,0.92118,glottocodeTLIproxy,glottocodeBase,udmu1245,russ1263,0.3639,0.85387,GBI NOT available,TLI available,TLI only
Udmurt_Southern,Russian_Pskov_Ostrov,70%,ural1272,indo1319,"ural1272 ~ ural1272 , indo1319",17,17,sout2681,russ1263,no proxy,glottocodeBase,NA,russ1263,0,0.92118,glottocodeTLIproxy,glottocodeBase,udmu1245,russ1263,0.3639,0.85387,GBI NOT available,TLI available,TLI only
Udmurt_Southern,Russian_Pskov_Porkhov,70%,ural1272,indo1319,"ural1272 ~ ural1272 , indo1319",17,17,sout2681,russ1263,no proxy,glottocodeBase,NA,russ1263,0,0.92118,glottocodeTLIproxy,glottocodeBase,udmu1245,russ1263,0.3639,0.85387,GBI NOT available,TLI available,TLI only
Udmurt_Southern,Belarusian,70%,ural1272,indo1319,"ural1272 ~ ural1272 , indo1319",17,16,sout2681,bela1254,no proxy,glottocodeBase,NA,bela1254,0,0.87685,glottocodeTLIproxy,glottocodeBase,udmu1245,bela1254,0.3639,0.14040,GBI NOT available,TLI available,TLI only
Udmurt_Southern,Russian_Archangelsk_Krasnoborsky,70%,ural1272,indo1319,"ural1272 ~ ural1272 , indo1319",17,16,sout2681,russ1263,no proxy,glottocodeBase,NA,russ1263,0,0.92118,glottocodeTLIproxy,glottocodeBase,udmu1245,russ1263,0.3639,0.85387,GBI NOT available,TLI available,TLI only
Udmurt_Southern,Russian_Kaluga,70%,ural1272,indo1319,"ural1272 ~ ural1272 , indo1319",17,16,sout2681,russ1263,no proxy,glottocodeBase,NA,russ1263,0,0.92118,glottocodeTLIproxy,glottocodeBase,udmu1245,russ1263,0.3639,0.85387,GBI NOT available,TLI available,TLI only
Udmurt_Southern,Russian_Smolensk,70%,ural1272,indo1319,"ural1272 ~ ural1272 , indo1319",17,16,sout2681,russ1263,no proxy,glottocodeBase,NA,russ1263,0,0.92118,glottocodeTLIproxy,glottocodeBase,udmu1245,russ1263,0.3639,0.85387,GBI NOT available,TLI available,TLI only
Udmurt_Southern,Russian_Yaroslavl,70%,ural1272,indo1319,"ural1272 ~ ural1272 , indo1319",17,16,sout2681,russ1263,no proxy,glottocodeBase,NA,russ1263,0,0.92118,glottocodeTLIproxy,glottocodeBase,udmu1245,russ1263,0.3639,0.85387,GBI NOT available,TLI available,TLI only
Udmurt_Southern,German_Sorb,70%,ural1272,indo1319,"ural1272 ~ ural1272 , indo1319",17,10,sout2681,sorb1249,no proxy,no proxy,NA,NA,0,0.00000,glottocodeTLIproxy,glottocodeTLIproxy,udmu1245,uppe1395,0.3639,0.28367,GBI NOT available,TLI available,TLI only
Udmurt_Southern,Polish_Poznan,70%,ural1272,indo1319,"ural1272 ~ ural1272 , indo1319",17,10,sout2681,poli1260,no proxy,glottocodeBase,NA,poli1260,0,0.93596,glottocodeTLIproxy,glottocodeBase,udmu1245,poli1260,0.3639,0.56447,GBI NOT available,TLI available,TLI only
Udmurt_Southern,Russian,70%,ural1272,indo1319,"ural1272 ~ ural1272 , indo1319",17,10,sout2681,russ1263,no proxy,glottocodeBase,NA,russ1263,0,0.92118,glottocodeTLIproxy,glottocodeBase,udmu1245,russ1263,0.3639,0.85387,GBI NOT available,TLI available,TLI only
Udmurt_Southern,Russian_Kursk,70%,ural1272,indo1319,"ural1272 ~ ural1272 , indo1319",17,10,sout2681,russ1263,no proxy,glottocodeBase,NA,russ1263,0,0.92118,glottocodeTLIproxy,glottocodeBase,udmu1245,russ1263,0.3639,0.85387,GBI NOT available,TLI available,TLI only
Udmurt_Southern,Russian_Oryol,70%,ural1272,indo1319,"ural1272 ~ ural1272 , indo1319",17,10,sout2681,russ1263,no proxy,glottocodeBase,NA,russ1263,0,0.92118,glottocodeTLIproxy,glottocodeBase,udmu1245,russ1263,0.3639,0.85387,GBI NOT available,TLI available,TLI only
Udmurt_Southern,Russian_Ryazan_Spassk_Ryazansky,70%,ural1272,indo1319,"ural1272 ~ ural1272 , indo1319",17,10,sout2681,russ1263,no proxy,glottocodeBase,NA,russ1263,0,0.92118,glottocodeTLIproxy,glottocodeBase,udmu1245,russ1263,0.3639,0.85387,GBI NOT available,TLI available,TLI only
Udmurt_Southern,Russian_Tver,70%,ural1272,indo1319,"ural1272 ~ ural1272 , indo1319",17,10,sout2681,russ1263,no proxy,glottocodeBase,NA,russ1263,0,0.92118,glottocodeTLIproxy,glottocodeBase,udmu1245,russ1263,0.3639,0.85387,GBI NOT available,TLI available,TLI only
Udmurt_Southern,Ukrainian_East,70%,ural1272,indo1319,"ural1272 ~ ural1272 , indo1319",17,10,sout2681,ukra1253,no proxy,glottocodeBase,NA,ukra1253,0,0.78325,glottocodeTLIproxy,glottocodeBase,udmu1245,ukra1253,0.3639,0.32665,GBI NOT available,TLI available,TLI only
Udmurt_Southern,Ukrainian_Rovenskaya,70%,ural1272,indo1319,"ural1272 ~ ural1272 , indo1319",17,10,sout2681,ukra1253,no proxy,glottocodeBase,NA,ukra1253,0,0.78325,glottocodeTLIproxy,glottocodeBase,udmu1245,ukra1253,0.3639,0.32665,GBI NOT available,TLI available,TLI only
Udmurt_Southern,French_West,70%,ural1272,indo1319,"ural1272 ~ ural1272 , indo1319",17, 9,sout2681,stan1290,no proxy,glottocodeBase,NA,stan1290,0,0.89655,glottocodeTLIproxy,glottocodeBase,udmu1245,stan1290,0.3639,0.80802,GBI NOT available,TLI available,TLI only
Udmurt_Southern,German_Lipsian,70%,ural1272,indo1319,"ural1272 ~ ural1272 , indo1319",17, 9,sout2681,stan1295,no proxy,no proxy,NA,NA,0,0.00000,glottocodeTLIproxy,glottocodeBase,udmu1245,stan1295,0.3639,0.79370,GBI NOT available,TLI available,TLI only
Udmurt_Southern,Icelandic,70%,ural1272,indo1319,"ural1272 ~ ural1272 , indo1319",17, 9,sout2681,icel1247,no proxy,glottocodeBase,NA,icel1247,0,0.86700,glottocodeTLIproxy,glottocodeBase,udmu1245,icel1247,0.3639,0.59599,GBI NOT available,TLI available,TLI only
Udmurt_Southern,Irish_Connacht,70%,ural1272,indo1319,"ural1272 ~ ural1272 , indo1319",17, 9,sout2681,conn1243,no proxy,glottocodeGBIproxy,NA,iris1253,0,0.92118,glottocodeTLIproxy,glottocodeTLIproxy,udmu1245,iris1253,0.3639,0.54441,GBI NOT available,TLI available,TLI only
Udmurt_Southern,Irish_Cork_Kerry,70%,ural1272,indo1319,"ural1272 ~ ural1272 , indo1319",17, 9,sout2681,iris1253,no proxy,glottocodeBase,NA,iris1253,0,0.92118,glottocodeTLIproxy,glottocodeBase,udmu1245,iris1253,0.3639,0.54441,GBI NOT available,TLI available,TLI only
Udmurt_Southern,Irish_Leinster,70%,ural1272,indo1319,"ural1272 ~ ural1272 , indo1319",17, 9,sout2681,iris1253,no proxy,glottocodeBase,NA,iris1253,0,0.92118,glottocodeTLIproxy,glottocodeBase,udmu1245,iris1253,0.3639,0.54441,GBI NOT available,TLI available,TLI only
Udmurt_Southern,Irish_Munster,70%,ural1272,indo1319,"ural1272 ~ ural1272 , indo1319",17, 9,sout2681,muns1250,no proxy,glottocodeGBIproxy,NA,iris1253,0,0.92118,glottocodeTLIproxy,glottocodeTLIproxy,udmu1245,iris1253,0.3639,0.54441,GBI NOT available,TLI available,TLI only
Udmurt_Southern,Irish_Ulster,70%,ural1272,indo1319,"ural1272 ~ ural1272 , indo1319",17, 9,sout2681,done1238,no proxy,glottocodeGBIproxy,NA,iris1253,0,0.92118,glottocodeTLIproxy,glottocodeTLIproxy,udmu1245,iris1253,0.3639,0.54441,GBI NOT available,TLI available,TLI only
Udmurt_Southern,Norwegian,70%,ural1272,indo1319,"ural1272 ~ ural1272 , indo1319",17, 9,sout2681,norw1258,no proxy,no proxy,NA,NA,0,0.00000,glottocodeTLIproxy,glottocodeBase,udmu1245,norw1258,0.3639,0.34670,GBI NOT available,TLI available,TLI only
Udmurt_Southern,Orcadian,70%,ural1272,indo1319,"ural1272 ~ ural1272 , indo1319",17, 9,sout2681,scot1243,no proxy,no proxy,NA,NA,0,0.00000,glottocodeTLIproxy,glottocodeBase,udmu1245,scot1243,0.3639,0.10315,GBI NOT available,TLI available,TLI only
Udmurt_Southern,Polish_Lublin,70%,ural1272,indo1319,"ural1272 ~ ural1272 , indo1319",17, 9,sout2681,poli1260,no proxy,glottocodeBase,NA,poli1260,0,0.93596,glottocodeTLIproxy,glottocodeBase,udmu1245,poli1260,0.3639,0.56447,GBI NOT available,TLI available,TLI only
Udmurt_Southern,Russian_Belgorod,70%,ural1272,indo1319,"ural1272 ~ ural1272 , indo1319",17, 9,sout2681,russ1263,no proxy,glottocodeBase,NA,russ1263,0,0.92118,glottocodeTLIproxy,glottocodeBase,udmu1245,russ1263,0.3639,0.85387,GBI NOT available,TLI available,TLI only
Udmurt_Southern,Russian_Ryazan_Mihailovsky,70%,ural1272,indo1319,"ural1272 ~ ural1272 , indo1319",17, 9,sout2681,russ1263,no proxy,glottocodeBase,NA,russ1263,0,0.92118,glottocodeTLIproxy,glottocodeBase,udmu1245,russ1263,0.3639,0.85387,GBI NOT available,TLI available,TLI only
Udmurt_Southern,Scottish,70%,ural1272,indo1319,"ural1272 ~ ural1272 , indo1319",17, 9,sout2681,scot1245,no proxy,no proxy,NA,NA,0,0.00000,glottocodeTLIproxy,glottocodeBase,udmu1245,scot1245,0.3639,0.26934,GBI NOT available,TLI available,TLI only
Udmurt_Southern,Scottish_Dumfries_Galloway,70%,ural1272,indo1319,"ural1272 ~ ural1272 , indo1319",17, 9,sout2681,scot1245,no proxy,no proxy,NA,NA,0,0.00000,glottocodeTLIproxy,glottocodeBase,udmu1245,scot1245,0.3639,0.26934,GBI NOT available,TLI available,TLI only
Udmurt_Southern,Scottish_Fife,70%,ural1272,indo1319,"ural1272 ~ ural1272 , indo1319",17, 9,sout2681,scot1245,no proxy,no proxy,NA,NA,0,0.00000,glottocodeTLIproxy,glottocodeBase,udmu1245,scot1245,0.3639,0.26934,GBI NOT available,TLI available,TLI only
Udmurt_Southern,Scottish_Grampian,70%,ural1272,indo1319,"ural1272 ~ ural1272 , indo1319",17, 9,sout2681,scot1245,no proxy,no proxy,NA,NA,0,0.00000,glottocodeTLIproxy,glottocodeBase,udmu1245,scot1245,0.3639,0.26934,GBI NOT available,TLI available,TLI only
Udmurt_Southern,Scottish_Highlands,70%,ural1272,indo1319,"ural1272 ~ ural1272 , indo1319",17, 9,sout2681,scot1245,no proxy,no proxy,NA,NA,0,0.00000,glottocodeTLIproxy,glottocodeBase,udmu1245,scot1245,0.3639,0.26934,GBI NOT available,TLI available,TLI only
Udmurt_Southern,Scottish_Shetlandic,70%,ural1272,indo1319,"ural1272 ~ ural1272 , indo1319",17, 9,sout2681,scot1245,no proxy,no proxy,NA,NA,0,0.00000,glottocodeTLIproxy,glottocodeBase,udmu1245,scot1245,0.3639,0.26934,GBI NOT available,TLI available,TLI only
Udmurt_Southern,Ukrainian_Sumskaya,70%,ural1272,indo1319,"ural1272 ~ ural1272 , indo1319",17, 9,sout2681,ukra1253,no proxy,glottocodeBase,NA,ukra1253,0,0.78325,glottocodeTLIproxy,glottocodeBase,udmu1245,ukra1253,0.3639,0.32665,GBI NOT available,TLI available,TLI only
Udmurt_Southern,Ukrainian_Zhitomirskaya,70%,ural1272,indo1319,"ural1272 ~ ural1272 , indo1319",17, 9,sout2681,ukra1253,no proxy,glottocodeBase,NA,ukra1253,0,0.78325,glottocodeTLIproxy,glottocodeBase,udmu1245,ukra1253,0.3639,0.32665,GBI NOT available,TLI available,TLI only
Udmurt_Southern,Scottish_Borders,70%,ural1272,indo1319,"ural1272 ~ ural1272 , indo1319",17, 8,sout2681,scot1245,no proxy,no proxy,NA,NA,0,0.00000,glottocodeTLIproxy,glottocodeBase,udmu1245,scot1245,0.3639,0.26934,GBI NOT available,TLI available,TLI only
Udmurt_Southern,Ket,70%,ural1272,yeni1252,"ural1272 ~ ural1272 , yeni1252",17, 6,sout2681,kett1243,no proxy,glottocodeBase,NA,kett1243,0,0.86700,glottocodeTLIproxy,glottocodeBase,udmu1245,kett1243,0.3639,0.52436,GBI NOT available,TLI available,TLI only
Udmurt_Southern,Czech,70%,ural1272,indo1319,"ural1272 ~ ural1272 , indo1319",17, 6,sout2681,czec1258,no proxy,glottocodeBase,NA,czec1258,0,0.86700,glottocodeTLIproxy,glottocodeBase,udmu1245,czec1258,0.3639,0.32951,GBI NOT available,TLI available,TLI only
Udmurt_Southern,English_Kent,70%,ural1272,indo1319,"ural1272 ~ ural1272 , indo1319",17, 5,sout2681,stan1293,no proxy,glottocodeBase,NA,stan1293,0,0.85222,glottocodeTLIproxy,glottocodeBase,udmu1245,stan1293,0.3639,0.82521,GBI NOT available,TLI available,TLI only
Udmurt_Southern,Ket_Southeast,70%,ural1272,yeni1252,"ural1272 ~ ural1272 , yeni1252",17, 4,sout2681,kett1243,no proxy,glottocodeBase,NA,kett1243,0,0.86700,glottocodeTLIproxy,glottocodeBase,udmu1245,kett1243,0.3639,0.52436,GBI NOT available,TLI available,TLI only
Udmurt_Southern,English_Cornwall,70%,ural1272,indo1319,"ural1272 ~ ural1272 , indo1319",17, 1,sout2681,stan1293,no proxy,glottocodeBase,NA,stan1293,0,0.85222,glottocodeTLIproxy,glottocodeBase,udmu1245,stan1293,0.3639,0.82521,GBI NOT available,TLI available,TLI only
Udmurt_Southern,Russian_Archangelsk_Leshukonsky,70%,ural1272,indo1319,"ural1272 ~ ural1272 , indo1319",17, 1,sout2681,russ1263,no proxy,glottocodeBase,NA,russ1263,0,0.92118,glottocodeTLIproxy,glottocodeBase,udmu1245,russ1263,0.3639,0.85387,GBI NOT available,TLI available,TLI only
Udmurt_Southern,Ukrainian_West,70%,ural1272,indo1319,"ural1272 ~ ural1272 , indo1319",17, 1,sout2681,ukra1253,no proxy,glottocodeBase,NA,ukra1253,0,0.78325,glottocodeTLIproxy,glottocodeBase,udmu1245,ukra1253,0.3639,0.32665,GBI NOT available,TLI available,TLI only
Ukrainian_East,BedouinB,"70%, 80%, 90%",indo1319,afro1255,"indo1319 ~ indo1319 , afro1255",17, 1,ukra1253,east2690,glottocodeBase,glottocodeBase,ukra1253,east2690,0.78325,0.63547,glottocodeBase,no proxy,ukra1253,NA,0.32665,0.00000,GBI available,TLI NOT available,GBI only
Ukrainian_East,Yemen_Ad_Dali,"70%, 80%, 90%",indo1319,afro1255,"indo1319 ~ indo1319 , afro1255",17, 1,ukra1253,sana1295,glottocodeBase,glottocodeBase,ukra1253,sana1295,0.78325,0.74877,glottocodeBase,glottocodeBase,ukra1253,sana1295,0.32665,0.02006,GBI available,TLI available,both
Ukrainian_East,Yemen_Al_Bayda,"70%, 80%, 90%",indo1319,afro1255,"indo1319 ~ indo1319 , afro1255",17, 1,ukra1253,sana1295,glottocodeBase,glottocodeBase,ukra1253,sana1295,0.78325,0.74877,glottocodeBase,glottocodeBase,ukra1253,sana1295,0.32665,0.02006,GBI available,TLI available,both
Ukrainian_East,Yemen_Al_Jawf,"70%, 80%, 90%",indo1319,afro1255,"indo1319 ~ indo1319 , afro1255",17, 1,ukra1253,sana1295,glottocodeBase,glottocodeBase,ukra1253,sana1295,0.78325,0.74877,glottocodeBase,glottocodeBase,ukra1253,sana1295,0.32665,0.02006,GBI available,TLI available,both
Ukrainian_East,Yemen_Dhamar,"70%, 80%, 90%",indo1319,afro1255,"indo1319 ~ indo1319 , afro1255",17, 1,ukra1253,sana1295,glottocodeBase,glottocodeBase,ukra1253,sana1295,0.78325,0.74877,glottocodeBase,glottocodeBase,ukra1253,sana1295,0.32665,0.02006,GBI available,TLI available,both
Ukrainian_East,Yemen_Marib,"70%, 80%, 90%",indo1319,afro1255,"indo1319 ~ indo1319 , afro1255",17, 1,ukra1253,sana1295,glottocodeBase,glottocodeBase,ukra1253,sana1295,0.78325,0.74877,glottocodeBase,glottocodeBase,ukra1253,sana1295,0.32665,0.02006,GBI available,TLI available,both
Ukrainian_Rovenskaya,BedouinB,"70%, 80%, 90%",indo1319,afro1255,"indo1319 ~ indo1319 , afro1255",17, 1,ukra1253,east2690,glottocodeBase,glottocodeBase,ukra1253,east2690,0.78325,0.63547,glottocodeBase,no proxy,ukra1253,NA,0.32665,0.00000,GBI available,TLI NOT available,GBI only
Ukrainian_Rovenskaya,Yemen_Ad_Dali,"70%, 80%, 90%",indo1319,afro1255,"indo1319 ~ indo1319 , afro1255",17, 1,ukra1253,sana1295,glottocodeBase,glottocodeBase,ukra1253,sana1295,0.78325,0.74877,glottocodeBase,glottocodeBase,ukra1253,sana1295,0.32665,0.02006,GBI available,TLI available,both
Ukrainian_Rovenskaya,Yemen_Al_Bayda,"70%, 80%, 90%",indo1319,afro1255,"indo1319 ~ indo1319 , afro1255",17, 1,ukra1253,sana1295,glottocodeBase,glottocodeBase,ukra1253,sana1295,0.78325,0.74877,glottocodeBase,glottocodeBase,ukra1253,sana1295,0.32665,0.02006,GBI available,TLI available,both
Ukrainian_Rovenskaya,Yemen_Al_Jawf,"70%, 80%, 90%",indo1319,afro1255,"indo1319 ~ indo1319 , afro1255",17, 1,ukra1253,sana1295,glottocodeBase,glottocodeBase,ukra1253,sana1295,0.78325,0.74877,glottocodeBase,glottocodeBase,ukra1253,sana1295,0.32665,0.02006,GBI available,TLI available,both
Ukrainian_Rovenskaya,Yemen_Dhamar,"70%, 80%, 90%",indo1319,afro1255,"indo1319 ~ indo1319 , afro1255",17, 1,ukra1253,sana1295,glottocodeBase,glottocodeBase,ukra1253,sana1295,0.78325,0.74877,glottocodeBase,glottocodeBase,ukra1253,sana1295,0.32665,0.02006,GBI available,TLI available,both
Ukrainian_Rovenskaya,Yemen_Marib,"70%, 80%, 90%",indo1319,afro1255,"indo1319 ~ indo1319 , afro1255",17, 1,ukra1253,sana1295,glottocodeBase,glottocodeBase,ukra1253,sana1295,0.78325,0.74877,glottocodeBase,glottocodeBase,ukra1253,sana1295,0.32665,0.02006,GBI available,TLI available,both
Ukrainian_Sumskaya,BedouinB,"70%, 80%, 90%",indo1319,afro1255,"indo1319 ~ indo1319 , afro1255",17, 1,ukra1253,east2690,glottocodeBase,glottocodeBase,ukra1253,east2690,0.78325,0.63547,glottocodeBase,no proxy,ukra1253,NA,0.32665,0.00000,GBI available,TLI NOT available,GBI only
Ukrainian_Sumskaya,Yemen_Ad_Dali,"70%, 80%, 90%",indo1319,afro1255,"indo1319 ~ indo1319 , afro1255",17, 1,ukra1253,sana1295,glottocodeBase,glottocodeBase,ukra1253,sana1295,0.78325,0.74877,glottocodeBase,glottocodeBase,ukra1253,sana1295,0.32665,0.02006,GBI available,TLI available,both
Ukrainian_Sumskaya,Yemen_Al_Bayda,"70%, 80%, 90%",indo1319,afro1255,"indo1319 ~ indo1319 , afro1255",17, 1,ukra1253,sana1295,glottocodeBase,glottocodeBase,ukra1253,sana1295,0.78325,0.74877,glottocodeBase,glottocodeBase,ukra1253,sana1295,0.32665,0.02006,GBI available,TLI available,both
Ukrainian_Sumskaya,Yemen_Al_Jawf,"70%, 80%, 90%",indo1319,afro1255,"indo1319 ~ indo1319 , afro1255",17, 1,ukra1253,sana1295,glottocodeBase,glottocodeBase,ukra1253,sana1295,0.78325,0.74877,glottocodeBase,glottocodeBase,ukra1253,sana1295,0.32665,0.02006,GBI available,TLI available,both
Ukrainian_Sumskaya,Yemen_Dhamar,"70%, 80%, 90%",indo1319,afro1255,"indo1319 ~ indo1319 , afro1255",17, 1,ukra1253,sana1295,glottocodeBase,glottocodeBase,ukra1253,sana1295,0.78325,0.74877,glottocodeBase,glottocodeBase,ukra1253,sana1295,0.32665,0.02006,GBI available,TLI available,both
Ukrainian_Sumskaya,Yemen_Marib,"70%, 80%, 90%",indo1319,afro1255,"indo1319 ~ indo1319 , afro1255",17, 1,ukra1253,sana1295,glottocodeBase,glottocodeBase,ukra1253,sana1295,0.78325,0.74877,glottocodeBase,glottocodeBase,ukra1253,sana1295,0.32665,0.02006,GBI available,TLI available,both
Ukrainian_West,BedouinB,"70%, 80%",indo1319,afro1255,"indo1319 ~ indo1319 , afro1255",17, 1,ukra1253,east2690,glottocodeBase,glottocodeBase,ukra1253,east2690,0.78325,0.63547,glottocodeBase,no proxy,ukra1253,NA,0.32665,0.00000,GBI available,TLI NOT available,GBI only
Ukrainian_West,Yemen_Ad_Dali,"70%, 80%",indo1319,afro1255,"indo1319 ~ indo1319 , afro1255",17, 1,ukra1253,sana1295,glottocodeBase,glottocodeBase,ukra1253,sana1295,0.78325,0.74877,glottocodeBase,glottocodeBase,ukra1253,sana1295,0.32665,0.02006,GBI available,TLI available,both
Ukrainian_West,Yemen_Al_Bayda,"70%, 80%",indo1319,afro1255,"indo1319 ~ indo1319 , afro1255",17, 1,ukra1253,sana1295,glottocodeBase,glottocodeBase,ukra1253,sana1295,0.78325,0.74877,glottocodeBase,glottocodeBase,ukra1253,sana1295,0.32665,0.02006,GBI available,TLI available,both
Ukrainian_West,Yemen_Al_Jawf,"70%, 80%",indo1319,afro1255,"indo1319 ~ indo1319 , afro1255",17, 1,ukra1253,sana1295,glottocodeBase,glottocodeBase,ukra1253,sana1295,0.78325,0.74877,glottocodeBase,glottocodeBase,ukra1253,sana1295,0.32665,0.02006,GBI available,TLI available,both
Ukrainian_West,Yemen_Dhamar,"70%, 80%",indo1319,afro1255,"indo1319 ~ indo1319 , afro1255",17, 1,ukra1253,sana1295,glottocodeBase,glottocodeBase,ukra1253,sana1295,0.78325,0.74877,glottocodeBase,glottocodeBase,ukra1253,sana1295,0.32665,0.02006,GBI available,TLI available,both
Ukrainian_West,Yemen_Marib,"70%, 80%",indo1319,afro1255,"indo1319 ~ indo1319 , afro1255",17, 1,ukra1253,sana1295,glottocodeBase,glottocodeBase,ukra1253,sana1295,0.78325,0.74877,glottocodeBase,glottocodeBase,ukra1253,sana1295,0.32665,0.02006,GBI available,TLI available,both
Ukrainian_Zhitomirskaya,BedouinB,"70%, 80%, 90%",indo1319,afro1255,"indo1319 ~ indo1319 , afro1255",17, 1,ukra1253,east2690,glottocodeBase,glottocodeBase,ukra1253,east2690,0.78325,0.63547,glottocodeBase,no proxy,ukra1253,NA,0.32665,0.00000,GBI available,TLI NOT available,GBI only
Ukrainian_Zhitomirskaya,Yemen_Ad_Dali,"70%, 80%, 90%",indo1319,afro1255,"indo1319 ~ indo1319 , afro1255",17, 1,ukra1253,sana1295,glottocodeBase,glottocodeBase,ukra1253,sana1295,0.78325,0.74877,glottocodeBase,glottocodeBase,ukra1253,sana1295,0.32665,0.02006,GBI available,TLI available,both
Ukrainian_Zhitomirskaya,Yemen_Al_Bayda,"70%, 80%, 90%",indo1319,afro1255,"indo1319 ~ indo1319 , afro1255",17, 1,ukra1253,sana1295,glottocodeBase,glottocodeBase,ukra1253,sana1295,0.78325,0.74877,glottocodeBase,glottocodeBase,ukra1253,sana1295,0.32665,0.02006,GBI available,TLI available,both
Ukrainian_Zhitomirskaya,Yemen_Al_Jawf,"70%, 80%, 90%",indo1319,afro1255,"indo1319 ~ indo1319 , afro1255",17, 1,ukra1253,sana1295,glottocodeBase,glottocodeBase,ukra1253,sana1295,0.78325,0.74877,glottocodeBase,glottocodeBase,ukra1253,sana1295,0.32665,0.02006,GBI available,TLI available,both
Ukrainian_Zhitomirskaya,Yemen_Dhamar,"70%, 80%, 90%",indo1319,afro1255,"indo1319 ~ indo1319 , afro1255",17, 1,ukra1253,sana1295,glottocodeBase,glottocodeBase,ukra1253,sana1295,0.78325,0.74877,glottocodeBase,glottocodeBase,ukra1253,sana1295,0.32665,0.02006,GBI available,TLI available,both
Ukrainian_Zhitomirskaya,Yemen_Marib,"70%, 80%, 90%",indo1319,afro1255,"indo1319 ~ indo1319 , afro1255",17, 1,ukra1253,sana1295,glottocodeBase,glottocodeBase,ukra1253,sana1295,0.78325,0.74877,glottocodeBase,glottocodeBase,ukra1253,sana1295,0.32665,0.02006,GBI available,TLI available,both
Vietnamese_North,Nganasan,"70%, 80%, 90%",aust1305,ural1272,"aust1305 ~ aust1305 , ural1272",17, 3,viet1252,ngan1291,glottocodeBase,glottocodeBase,viet1252,ngan1291,0.53695,0.83744,glottocodeBase,glottocodeBase,viet1252,ngan1291,0.5788,0.32378,GBI available,TLI available,both
Vietnamese_North,Nganasan_Dudinka,"70%, 80%, 90%",aust1305,ural1272,"aust1305 ~ aust1305 , ural1272",17, 3,viet1252,ngan1291,glottocodeBase,glottocodeBase,viet1252,ngan1291,0.53695,0.83744,glottocodeBase,glottocodeBase,viet1252,ngan1291,0.5788,0.32378,GBI available,TLI available,both
Vietnamese_North,Nganasan_UstAvam,"70%, 80%, 90%",aust1305,ural1272,"aust1305 ~ aust1305 , ural1272",17, 3,viet1252,ngan1291,glottocodeBase,glottocodeBase,viet1252,ngan1291,0.53695,0.83744,glottocodeBase,glottocodeBase,viet1252,ngan1291,0.5788,0.32378,GBI available,TLI available,both
Vietnamese_North,Nganasan_Volochanka,"70%, 80%, 90%",aust1305,ural1272,"aust1305 ~ aust1305 , ural1272",17, 3,viet1252,ngan1291,glottocodeBase,glottocodeBase,viet1252,ngan1291,0.53695,0.83744,glottocodeBase,glottocodeBase,viet1252,ngan1291,0.5788,0.32378,GBI available,TLI available,both
Vietnamese_South,Nganasan,"70%, 80%, 90%",aust1305,ural1272,"aust1305 ~ aust1305 , ural1272",17, 3,viet1252,ngan1291,glottocodeBase,glottocodeBase,viet1252,ngan1291,0.53695,0.83744,glottocodeBase,glottocodeBase,viet1252,ngan1291,0.5788,0.32378,GBI available,TLI available,both
Vietnamese_South,Nganasan_Dudinka,"70%, 80%, 90%",aust1305,ural1272,"aust1305 ~ aust1305 , ural1272",17, 3,viet1252,ngan1291,glottocodeBase,glottocodeBase,viet1252,ngan1291,0.53695,0.83744,glottocodeBase,glottocodeBase,viet1252,ngan1291,0.5788,0.32378,GBI available,TLI available,both
Vietnamese_South,Nganasan_UstAvam,"70%, 80%, 90%",aust1305,ural1272,"aust1305 ~ aust1305 , ural1272",17, 3,viet1252,ngan1291,glottocodeBase,glottocodeBase,viet1252,ngan1291,0.53695,0.83744,glottocodeBase,glottocodeBase,viet1252,ngan1291,0.5788,0.32378,GBI available,TLI available,both
Vietnamese_South,Nganasan_Volochanka,"70%, 80%, 90%",aust1305,ural1272,"aust1305 ~ aust1305 , ural1272",17, 3,viet1252,ngan1291,glottocodeBase,glottocodeBase,viet1252,ngan1291,0.53695,0.83744,glottocodeBase,glottocodeBase,viet1252,ngan1291,0.5788,0.32378,GBI available,TLI available,both
Finnish,Lithuanian,"70%, 80%, 90%",ural1272,indo1319,"ural1272 ~ ural1272 , indo1319",16,16,finn1318,lith1251,glottocodeBase,glottocodeBase,finn1318,lith1251,0.87192,0.86700,glottocodeBase,glottocodeBase,finn1318,lith1251,0.84527,0.53868,GBI available,TLI available,both
Finnish,Russian_Archangelsk_Pinezhsky,"70%, 80%, 90%",ural1272,indo1319,"ural1272 ~ ural1272 , indo1319",16,16,finn1318,russ1263,glottocodeBase,glottocodeBase,finn1318,russ1263,0.87192,0.92118,glottocodeBase,glottocodeBase,finn1318,russ1263,0.84527,0.85387,GBI available,TLI available,both
Finnish,Russian_Pskov_Ostrov,"70%, 80%, 90%",ural1272,indo1319,"ural1272 ~ ural1272 , indo1319",16,16,finn1318,russ1263,glottocodeBase,glottocodeBase,finn1318,russ1263,0.87192,0.92118,glottocodeBase,glottocodeBase,finn1318,russ1263,0.84527,0.85387,GBI available,TLI available,both
Finnish,Russian_Pskov_Porkhov,"70%, 80%, 90%",ural1272,indo1319,"ural1272 ~ ural1272 , indo1319",16,16,finn1318,russ1263,glottocodeBase,glottocodeBase,finn1318,russ1263,0.87192,0.92118,glottocodeBase,glottocodeBase,finn1318,russ1263,0.84527,0.85387,GBI available,TLI available,both
Finnish,Belarusian,"70%, 80%, 90%",ural1272,indo1319,"ural1272 ~ ural1272 , indo1319",16,15,finn1318,bela1254,glottocodeBase,glottocodeBase,finn1318,bela1254,0.87192,0.87685,glottocodeBase,glottocodeBase,finn1318,bela1254,0.84527,0.14040,GBI available,TLI available,both
Finnish,Russian_Archangelsk_Krasnoborsky,"70%, 80%, 90%",ural1272,indo1319,"ural1272 ~ ural1272 , indo1319",16,15,finn1318,russ1263,glottocodeBase,glottocodeBase,finn1318,russ1263,0.87192,0.92118,glottocodeBase,glottocodeBase,finn1318,russ1263,0.84527,0.85387,GBI available,TLI available,both
Finnish,Russian_Kaluga,"70%, 80%, 90%",ural1272,indo1319,"ural1272 ~ ural1272 , indo1319",16,15,finn1318,russ1263,glottocodeBase,glottocodeBase,finn1318,russ1263,0.87192,0.92118,glottocodeBase,glottocodeBase,finn1318,russ1263,0.84527,0.85387,GBI available,TLI available,both
Finnish,Russian_Smolensk,"70%, 80%, 90%",ural1272,indo1319,"ural1272 ~ ural1272 , indo1319",16,15,finn1318,russ1263,glottocodeBase,glottocodeBase,finn1318,russ1263,0.87192,0.92118,glottocodeBase,glottocodeBase,finn1318,russ1263,0.84527,0.85387,GBI available,TLI available,both
Finnish,Russian_Yaroslavl,"70%, 80%, 90%",ural1272,indo1319,"ural1272 ~ ural1272 , indo1319",16,15,finn1318,russ1263,glottocodeBase,glottocodeBase,finn1318,russ1263,0.87192,0.92118,glottocodeBase,glottocodeBase,finn1318,russ1263,0.84527,0.85387,GBI available,TLI available,both
Finnish,French_West,"70%, 80%, 90%",ural1272,indo1319,"ural1272 ~ ural1272 , indo1319",16, 9,finn1318,stan1290,glottocodeBase,glottocodeBase,finn1318,stan1290,0.87192,0.89655,glottocodeBase,glottocodeBase,finn1318,stan1290,0.84527,0.80802,GBI available,TLI available,both
Finnish,German_Lipsian,"70%, 80%, 90%",ural1272,indo1319,"ural1272 ~ ural1272 , indo1319",16, 9,finn1318,stan1295,glottocodeBase,no proxy,finn1318,NA,0.87192,0.00000,glottocodeBase,glottocodeBase,finn1318,stan1295,0.84527,0.79370,GBI NOT available,TLI available,TLI only
Finnish,German_Sorb,"70%, 80%, 90%",ural1272,indo1319,"ural1272 ~ ural1272 , indo1319",16, 9,finn1318,sorb1249,glottocodeBase,no proxy,finn1318,NA,0.87192,0.00000,glottocodeBase,glottocodeTLIproxy,finn1318,uppe1395,0.84527,0.28367,GBI NOT available,TLI available,TLI only
Finnish,Icelandic,"70%, 80%, 90%",ural1272,indo1319,"ural1272 ~ ural1272 , indo1319",16, 9,finn1318,icel1247,glottocodeBase,glottocodeBase,finn1318,icel1247,0.87192,0.86700,glottocodeBase,glottocodeBase,finn1318,icel1247,0.84527,0.59599,GBI available,TLI available,both
Finnish,Irish_Connacht,"70%, 80%, 90%",ural1272,indo1319,"ural1272 ~ ural1272 , indo1319",16, 9,finn1318,conn1243,glottocodeBase,glottocodeGBIproxy,finn1318,iris1253,0.87192,0.92118,glottocodeBase,glottocodeTLIproxy,finn1318,iris1253,0.84527,0.54441,GBI available,TLI available,both
Finnish,Irish_Cork_Kerry,"70%, 80%, 90%",ural1272,indo1319,"ural1272 ~ ural1272 , indo1319",16, 9,finn1318,iris1253,glottocodeBase,glottocodeBase,finn1318,iris1253,0.87192,0.92118,glottocodeBase,glottocodeBase,finn1318,iris1253,0.84527,0.54441,GBI available,TLI available,both
Finnish,Irish_Leinster,"70%, 80%, 90%",ural1272,indo1319,"ural1272 ~ ural1272 , indo1319",16, 9,finn1318,iris1253,glottocodeBase,glottocodeBase,finn1318,iris1253,0.87192,0.92118,glottocodeBase,glottocodeBase,finn1318,iris1253,0.84527,0.54441,GBI available,TLI available,both
Finnish,Irish_Munster,"70%, 80%, 90%",ural1272,indo1319,"ural1272 ~ ural1272 , indo1319",16, 9,finn1318,muns1250,glottocodeBase,glottocodeGBIproxy,finn1318,iris1253,0.87192,0.92118,glottocodeBase,glottocodeTLIproxy,finn1318,iris1253,0.84527,0.54441,GBI available,TLI available,both
Finnish,Irish_Ulster,"70%, 80%, 90%",ural1272,indo1319,"ural1272 ~ ural1272 , indo1319",16, 9,finn1318,done1238,glottocodeBase,glottocodeGBIproxy,finn1318,iris1253,0.87192,0.92118,glottocodeBase,glottocodeTLIproxy,finn1318,iris1253,0.84527,0.54441,GBI available,TLI available,both
Finnish,Norwegian,"70%, 80%, 90%",ural1272,indo1319,"ural1272 ~ ural1272 , indo1319",16, 9,finn1318,norw1258,glottocodeBase,no proxy,finn1318,NA,0.87192,0.00000,glottocodeBase,glottocodeBase,finn1318,norw1258,0.84527,0.34670,GBI NOT available,TLI available,TLI only
Finnish,Orcadian,"70%, 80%, 90%",ural1272,indo1319,"ural1272 ~ ural1272 , indo1319",16, 9,finn1318,scot1243,glottocodeBase,no proxy,finn1318,NA,0.87192,0.00000,glottocodeBase,glottocodeBase,finn1318,scot1243,0.84527,0.10315,GBI NOT available,TLI available,TLI only
Finnish,Polish_Lublin,"70%, 80%, 90%",ural1272,indo1319,"ural1272 ~ ural1272 , indo1319",16, 9,finn1318,poli1260,glottocodeBase,glottocodeBase,finn1318,poli1260,0.87192,0.93596,glottocodeBase,glottocodeBase,finn1318,poli1260,0.84527,0.56447,GBI available,TLI available,both
Finnish,Polish_Poznan,"70%, 80%, 90%",ural1272,indo1319,"ural1272 ~ ural1272 , indo1319",16, 9,finn1318,poli1260,glottocodeBase,glottocodeBase,finn1318,poli1260,0.87192,0.93596,glottocodeBase,glottocodeBase,finn1318,poli1260,0.84527,0.56447,GBI available,TLI available,both
Finnish,Russian,"70%, 80%, 90%",ural1272,indo1319,"ural1272 ~ ural1272 , indo1319",16, 9,finn1318,russ1263,glottocodeBase,glottocodeBase,finn1318,russ1263,0.87192,0.92118,glottocodeBase,glottocodeBase,finn1318,russ1263,0.84527,0.85387,GBI available,TLI available,both
Finnish,Russian_Belgorod,"70%, 80%, 90%",ural1272,indo1319,"ural1272 ~ ural1272 , indo1319",16, 9,finn1318,russ1263,glottocodeBase,glottocodeBase,finn1318,russ1263,0.87192,0.92118,glottocodeBase,glottocodeBase,finn1318,russ1263,0.84527,0.85387,GBI available,TLI available,both
Finnish,Russian_Kursk,"70%, 80%, 90%",ural1272,indo1319,"ural1272 ~ ural1272 , indo1319",16, 9,finn1318,russ1263,glottocodeBase,glottocodeBase,finn1318,russ1263,0.87192,0.92118,glottocodeBase,glottocodeBase,finn1318,russ1263,0.84527,0.85387,GBI available,TLI available,both
Finnish,Russian_Oryol,"70%, 80%, 90%",ural1272,indo1319,"ural1272 ~ ural1272 , indo1319",16, 9,finn1318,russ1263,glottocodeBase,glottocodeBase,finn1318,russ1263,0.87192,0.92118,glottocodeBase,glottocodeBase,finn1318,russ1263,0.84527,0.85387,GBI available,TLI available,both
Finnish,Russian_Ryazan_Mihailovsky,"70%, 80%, 90%",ural1272,indo1319,"ural1272 ~ ural1272 , indo1319",16, 9,finn1318,russ1263,glottocodeBase,glottocodeBase,finn1318,russ1263,0.87192,0.92118,glottocodeBase,glottocodeBase,finn1318,russ1263,0.84527,0.85387,GBI available,TLI available,both
Finnish,Russian_Ryazan_Spassk_Ryazansky,"70%, 80%, 90%",ural1272,indo1319,"ural1272 ~ ural1272 , indo1319",16, 9,finn1318,russ1263,glottocodeBase,glottocodeBase,finn1318,russ1263,0.87192,0.92118,glottocodeBase,glottocodeBase,finn1318,russ1263,0.84527,0.85387,GBI available,TLI available,both
Finnish,Russian_Tver,"70%, 80%, 90%",ural1272,indo1319,"ural1272 ~ ural1272 , indo1319",16, 9,finn1318,russ1263,glottocodeBase,glottocodeBase,finn1318,russ1263,0.87192,0.92118,glottocodeBase,glottocodeBase,finn1318,russ1263,0.84527,0.85387,GBI available,TLI available,both
Finnish,Scottish,"70%, 80%, 90%",ural1272,indo1319,"ural1272 ~ ural1272 , indo1319",16, 9,finn1318,scot1245,glottocodeBase,no proxy,finn1318,NA,0.87192,0.00000,glottocodeBase,glottocodeBase,finn1318,scot1245,0.84527,0.26934,GBI NOT available,TLI available,TLI only
Finnish,Scottish_Dumfries_Galloway,"70%, 80%, 90%",ural1272,indo1319,"ural1272 ~ ural1272 , indo1319",16, 9,finn1318,scot1245,glottocodeBase,no proxy,finn1318,NA,0.87192,0.00000,glottocodeBase,glottocodeBase,finn1318,scot1245,0.84527,0.26934,GBI NOT available,TLI available,TLI only
Finnish,Scottish_Fife,"70%, 80%, 90%",ural1272,indo1319,"ural1272 ~ ural1272 , indo1319",16, 9,finn1318,scot1245,glottocodeBase,no proxy,finn1318,NA,0.87192,0.00000,glottocodeBase,glottocodeBase,finn1318,scot1245,0.84527,0.26934,GBI NOT available,TLI available,TLI only
Finnish,Scottish_Grampian,"70%, 80%, 90%",ural1272,indo1319,"ural1272 ~ ural1272 , indo1319",16, 9,finn1318,scot1245,glottocodeBase,no proxy,finn1318,NA,0.87192,0.00000,glottocodeBase,glottocodeBase,finn1318,scot1245,0.84527,0.26934,GBI NOT available,TLI available,TLI only
Finnish,Scottish_Highlands,"70%, 80%, 90%",ural1272,indo1319,"ural1272 ~ ural1272 , indo1319",16, 9,finn1318,scot1245,glottocodeBase,no proxy,finn1318,NA,0.87192,0.00000,glottocodeBase,glottocodeBase,finn1318,scot1245,0.84527,0.26934,GBI NOT available,TLI available,TLI only
Finnish,Scottish_Shetlandic,"70%, 80%, 90%",ural1272,indo1319,"ural1272 ~ ural1272 , indo1319",16, 9,finn1318,scot1245,glottocodeBase,no proxy,finn1318,NA,0.87192,0.00000,glottocodeBase,glottocodeBase,finn1318,scot1245,0.84527,0.26934,GBI NOT available,TLI available,TLI only
Finnish,Ukrainian_East,"70%, 80%, 90%",ural1272,indo1319,"ural1272 ~ ural1272 , indo1319",16, 9,finn1318,ukra1253,glottocodeBase,glottocodeBase,finn1318,ukra1253,0.87192,0.78325,glottocodeBase,glottocodeBase,finn1318,ukra1253,0.84527,0.32665,GBI available,TLI available,both
Finnish,Ukrainian_Rovenskaya,"70%, 80%, 90%",ural1272,indo1319,"ural1272 ~ ural1272 , indo1319",16, 9,finn1318,ukra1253,glottocodeBase,glottocodeBase,finn1318,ukra1253,0.87192,0.78325,glottocodeBase,glottocodeBase,finn1318,ukra1253,0.84527,0.32665,GBI available,TLI available,both
Finnish,Ukrainian_Sumskaya,"70%, 80%, 90%",ural1272,indo1319,"ural1272 ~ ural1272 , indo1319",16, 9,finn1318,ukra1253,glottocodeBase,glottocodeBase,finn1318,ukra1253,0.87192,0.78325,glottocodeBase,glottocodeBase,finn1318,ukra1253,0.84527,0.32665,GBI available,TLI available,both
Finnish,Ukrainian_Zhitomirskaya,"70%, 80%, 90%",ural1272,indo1319,"ural1272 ~ ural1272 , indo1319",16, 9,finn1318,ukra1253,glottocodeBase,glottocodeBase,finn1318,ukra1253,0.87192,0.78325,glottocodeBase,glottocodeBase,finn1318,ukra1253,0.84527,0.32665,GBI available,TLI available,both
Finnish,Scottish_Borders,"70%, 80%, 90%",ural1272,indo1319,"ural1272 ~ ural1272 , indo1319",16, 8,finn1318,scot1245,glottocodeBase,no proxy,finn1318,NA,0.87192,0.00000,glottocodeBase,glottocodeBase,finn1318,scot1245,0.84527,0.26934,GBI NOT available,TLI available,TLI only
Finnish,Czech,"70%, 80%, 90%",ural1272,indo1319,"ural1272 ~ ural1272 , indo1319",16, 6,finn1318,czec1258,glottocodeBase,glottocodeBase,finn1318,czec1258,0.87192,0.86700,glottocodeBase,glottocodeBase,finn1318,czec1258,0.84527,0.32951,GBI available,TLI available,both
Finnish,English_Kent,"70%, 80%, 90%",ural1272,indo1319,"ural1272 ~ ural1272 , indo1319",16, 5,finn1318,stan1293,glottocodeBase,glottocodeBase,finn1318,stan1293,0.87192,0.85222,glottocodeBase,glottocodeBase,finn1318,stan1293,0.84527,0.82521,GBI available,TLI available,both
Finnish,English_Cornwall,"70%, 80%, 90%",ural1272,indo1319,"ural1272 ~ ural1272 , indo1319",16, 1,finn1318,stan1293,glottocodeBase,glottocodeBase,finn1318,stan1293,0.87192,0.85222,glottocodeBase,glottocodeBase,finn1318,stan1293,0.84527,0.82521,GBI available,TLI available,both
Finnish,Russian_Archangelsk_Leshukonsky,"70%, 80%, 90%",ural1272,indo1319,"ural1272 ~ ural1272 , indo1319",16, 1,finn1318,russ1263,glottocodeBase,glottocodeBase,finn1318,russ1263,0.87192,0.92118,glottocodeBase,glottocodeBase,finn1318,russ1263,0.84527,0.85387,GBI available,TLI available,both
Finnish,Ukrainian_West,"70%, 80%, 90%",ural1272,indo1319,"ural1272 ~ ural1272 , indo1319",16, 1,finn1318,ukra1253,glottocodeBase,glottocodeBase,finn1318,ukra1253,0.87192,0.78325,glottocodeBase,glottocodeBase,finn1318,ukra1253,0.84527,0.32665,GBI available,TLI available,both
Russian_Kaluga,BedouinB,"70%, 80%, 90%",indo1319,afro1255,"indo1319 ~ indo1319 , afro1255",16, 1,russ1263,east2690,glottocodeBase,glottocodeBase,russ1263,east2690,0.92118,0.63547,glottocodeBase,no proxy,russ1263,NA,0.85387,0.00000,GBI available,TLI NOT available,GBI only
Russian_Kaluga,Yemen_Ad_Dali,"70%, 80%, 90%",indo1319,afro1255,"indo1319 ~ indo1319 , afro1255",16, 1,russ1263,sana1295,glottocodeBase,glottocodeBase,russ1263,sana1295,0.92118,0.74877,glottocodeBase,glottocodeBase,russ1263,sana1295,0.85387,0.02006,GBI available,TLI available,both
Russian_Kaluga,Yemen_Al_Bayda,"70%, 80%, 90%",indo1319,afro1255,"indo1319 ~ indo1319 , afro1255",16, 1,russ1263,sana1295,glottocodeBase,glottocodeBase,russ1263,sana1295,0.92118,0.74877,glottocodeBase,glottocodeBase,russ1263,sana1295,0.85387,0.02006,GBI available,TLI available,both
Russian_Kaluga,Yemen_Al_Jawf,"70%, 80%, 90%",indo1319,afro1255,"indo1319 ~ indo1319 , afro1255",16, 1,russ1263,sana1295,glottocodeBase,glottocodeBase,russ1263,sana1295,0.92118,0.74877,glottocodeBase,glottocodeBase,russ1263,sana1295,0.85387,0.02006,GBI available,TLI available,both
Russian_Kaluga,Yemen_Dhamar,"70%, 80%, 90%",indo1319,afro1255,"indo1319 ~ indo1319 , afro1255",16, 1,russ1263,sana1295,glottocodeBase,glottocodeBase,russ1263,sana1295,0.92118,0.74877,glottocodeBase,glottocodeBase,russ1263,sana1295,0.85387,0.02006,GBI available,TLI available,both
Russian_Kaluga,Yemen_Marib,"70%, 80%, 90%",indo1319,afro1255,"indo1319 ~ indo1319 , afro1255",16, 1,russ1263,sana1295,glottocodeBase,glottocodeBase,russ1263,sana1295,0.92118,0.74877,glottocodeBase,glottocodeBase,russ1263,sana1295,0.85387,0.02006,GBI available,TLI available,both
Russian_Pskov_Porkhov,BedouinB,"70%, 80%, 90%",indo1319,afro1255,"indo1319 ~ indo1319 , afro1255",16, 1,russ1263,east2690,glottocodeBase,glottocodeBase,russ1263,east2690,0.92118,0.63547,glottocodeBase,no proxy,russ1263,NA,0.85387,0.00000,GBI available,TLI NOT available,GBI only
Russian_Pskov_Porkhov,Yemen_Ad_Dali,"70%, 80%, 90%",indo1319,afro1255,"indo1319 ~ indo1319 , afro1255",16, 1,russ1263,sana1295,glottocodeBase,glottocodeBase,russ1263,sana1295,0.92118,0.74877,glottocodeBase,glottocodeBase,russ1263,sana1295,0.85387,0.02006,GBI available,TLI available,both
Russian_Pskov_Porkhov,Yemen_Al_Bayda,"70%, 80%, 90%",indo1319,afro1255,"indo1319 ~ indo1319 , afro1255",16, 1,russ1263,sana1295,glottocodeBase,glottocodeBase,russ1263,sana1295,0.92118,0.74877,glottocodeBase,glottocodeBase,russ1263,sana1295,0.85387,0.02006,GBI available,TLI available,both
Russian_Pskov_Porkhov,Yemen_Al_Jawf,"70%, 80%, 90%",indo1319,afro1255,"indo1319 ~ indo1319 , afro1255",16, 1,russ1263,sana1295,glottocodeBase,glottocodeBase,russ1263,sana1295,0.92118,0.74877,glottocodeBase,glottocodeBase,russ1263,sana1295,0.85387,0.02006,GBI available,TLI available,both
Russian_Pskov_Porkhov,Yemen_Dhamar,"70%, 80%, 90%",indo1319,afro1255,"indo1319 ~ indo1319 , afro1255",16, 1,russ1263,sana1295,glottocodeBase,glottocodeBase,russ1263,sana1295,0.92118,0.74877,glottocodeBase,glottocodeBase,russ1263,sana1295,0.85387,0.02006,GBI available,TLI available,both
Russian_Pskov_Porkhov,Yemen_Marib,"70%, 80%, 90%",indo1319,afro1255,"indo1319 ~ indo1319 , afro1255",16, 1,russ1263,sana1295,glottocodeBase,glottocodeBase,russ1263,sana1295,0.92118,0.74877,glottocodeBase,glottocodeBase,russ1263,sana1295,0.85387,0.02006,GBI available,TLI available,both
Veps,Lithuanian,"70%, 80%, 90%",ural1272,indo1319,"ural1272 ~ ural1272 , indo1319",16,16,veps1250,lith1251,glottocodeBase,glottocodeBase,veps1250,lith1251,0.867,0.86700,glottocodeBase,glottocodeBase,veps1250,lith1251,0.18052,0.53868,GBI available,TLI available,both
Veps,Russian_Archangelsk_Pinezhsky,"70%, 80%, 90%",ural1272,indo1319,"ural1272 ~ ural1272 , indo1319",16,16,veps1250,russ1263,glottocodeBase,glottocodeBase,veps1250,russ1263,0.867,0.92118,glottocodeBase,glottocodeBase,veps1250,russ1263,0.18052,0.85387,GBI available,TLI available,both
Veps,Russian_Pskov_Ostrov,"70%, 80%, 90%",ural1272,indo1319,"ural1272 ~ ural1272 , indo1319",16,16,veps1250,russ1263,glottocodeBase,glottocodeBase,veps1250,russ1263,0.867,0.92118,glottocodeBase,glottocodeBase,veps1250,russ1263,0.18052,0.85387,GBI available,TLI available,both
Veps,Russian_Pskov_Porkhov,"70%, 80%, 90%",ural1272,indo1319,"ural1272 ~ ural1272 , indo1319",16,16,veps1250,russ1263,glottocodeBase,glottocodeBase,veps1250,russ1263,0.867,0.92118,glottocodeBase,glottocodeBase,veps1250,russ1263,0.18052,0.85387,GBI available,TLI available,both
Veps,Belarusian,"70%, 80%, 90%",ural1272,indo1319,"ural1272 ~ ural1272 , indo1319",16,15,veps1250,bela1254,glottocodeBase,glottocodeBase,veps1250,bela1254,0.867,0.87685,glottocodeBase,glottocodeBase,veps1250,bela1254,0.18052,0.14040,GBI available,TLI available,both
Veps,Russian_Archangelsk_Krasnoborsky,"70%, 80%, 90%",ural1272,indo1319,"ural1272 ~ ural1272 , indo1319",16,15,veps1250,russ1263,glottocodeBase,glottocodeBase,veps1250,russ1263,0.867,0.92118,glottocodeBase,glottocodeBase,veps1250,russ1263,0.18052,0.85387,GBI available,TLI available,both
Veps,Russian_Kaluga,"70%, 80%, 90%",ural1272,indo1319,"ural1272 ~ ural1272 , indo1319",16,15,veps1250,russ1263,glottocodeBase,glottocodeBase,veps1250,russ1263,0.867,0.92118,glottocodeBase,glottocodeBase,veps1250,russ1263,0.18052,0.85387,GBI available,TLI available,both
Veps,Russian_Smolensk,"70%, 80%, 90%",ural1272,indo1319,"ural1272 ~ ural1272 , indo1319",16,15,veps1250,russ1263,glottocodeBase,glottocodeBase,veps1250,russ1263,0.867,0.92118,glottocodeBase,glottocodeBase,veps1250,russ1263,0.18052,0.85387,GBI available,TLI available,both
Veps,Russian_Yaroslavl,"70%, 80%, 90%",ural1272,indo1319,"ural1272 ~ ural1272 , indo1319",16,15,veps1250,russ1263,glottocodeBase,glottocodeBase,veps1250,russ1263,0.867,0.92118,glottocodeBase,glottocodeBase,veps1250,russ1263,0.18052,0.85387,GBI available,TLI available,both
Veps,German_Sorb,"70%, 80%, 90%",ural1272,indo1319,"ural1272 ~ ural1272 , indo1319",16,10,veps1250,sorb1249,glottocodeBase,no proxy,veps1250,NA,0.867,0.00000,glottocodeBase,glottocodeTLIproxy,veps1250,uppe1395,0.18052,0.28367,GBI NOT available,TLI available,TLI only
Veps,Polish_Poznan,"70%, 80%, 90%",ural1272,indo1319,"ural1272 ~ ural1272 , indo1319",16,10,veps1250,poli1260,glottocodeBase,glottocodeBase,veps1250,poli1260,0.867,0.93596,glottocodeBase,glottocodeBase,veps1250,poli1260,0.18052,0.56447,GBI available,TLI available,both
Veps,Russian,"70%, 80%, 90%",ural1272,indo1319,"ural1272 ~ ural1272 , indo1319",16,10,veps1250,russ1263,glottocodeBase,glottocodeBase,veps1250,russ1263,0.867,0.92118,glottocodeBase,glottocodeBase,veps1250,russ1263,0.18052,0.85387,GBI available,TLI available,both
Veps,Russian_Kursk,"70%, 80%, 90%",ural1272,indo1319,"ural1272 ~ ural1272 , indo1319",16,10,veps1250,russ1263,glottocodeBase,glottocodeBase,veps1250,russ1263,0.867,0.92118,glottocodeBase,glottocodeBase,veps1250,russ1263,0.18052,0.85387,GBI available,TLI available,both
Veps,Russian_Oryol,"70%, 80%, 90%",ural1272,indo1319,"ural1272 ~ ural1272 , indo1319",16,10,veps1250,russ1263,glottocodeBase,glottocodeBase,veps1250,russ1263,0.867,0.92118,glottocodeBase,glottocodeBase,veps1250,russ1263,0.18052,0.85387,GBI available,TLI available,both
Veps,Russian_Ryazan_Spassk_Ryazansky,"70%, 80%, 90%",ural1272,indo1319,"ural1272 ~ ural1272 , indo1319",16,10,veps1250,russ1263,glottocodeBase,glottocodeBase,veps1250,russ1263,0.867,0.92118,glottocodeBase,glottocodeBase,veps1250,russ1263,0.18052,0.85387,GBI available,TLI available,both
Veps,Russian_Tver,"70%, 80%, 90%",ural1272,indo1319,"ural1272 ~ ural1272 , indo1319",16,10,veps1250,russ1263,glottocodeBase,glottocodeBase,veps1250,russ1263,0.867,0.92118,glottocodeBase,glottocodeBase,veps1250,russ1263,0.18052,0.85387,GBI available,TLI available,both
Veps,Ukrainian_East,"70%, 80%, 90%",ural1272,indo1319,"ural1272 ~ ural1272 , indo1319",16,10,veps1250,ukra1253,glottocodeBase,glottocodeBase,veps1250,ukra1253,0.867,0.78325,glottocodeBase,glottocodeBase,veps1250,ukra1253,0.18052,0.32665,GBI available,TLI available,both
Veps,Ukrainian_Rovenskaya,"70%, 80%, 90%",ural1272,indo1319,"ural1272 ~ ural1272 , indo1319",16,10,veps1250,ukra1253,glottocodeBase,glottocodeBase,veps1250,ukra1253,0.867,0.78325,glottocodeBase,glottocodeBase,veps1250,ukra1253,0.18052,0.32665,GBI available,TLI available,both
Veps,French_West,"70%, 80%, 90%",ural1272,indo1319,"ural1272 ~ ural1272 , indo1319",16, 9,veps1250,stan1290,glottocodeBase,glottocodeBase,veps1250,stan1290,0.867,0.89655,glottocodeBase,glottocodeBase,veps1250,stan1290,0.18052,0.80802,GBI available,TLI available,both
Veps,German_Lipsian,"70%, 80%, 90%",ural1272,indo1319,"ural1272 ~ ural1272 , indo1319",16, 9,veps1250,stan1295,glottocodeBase,no proxy,veps1250,NA,0.867,0.00000,glottocodeBase,glottocodeBase,veps1250,stan1295,0.18052,0.79370,GBI NOT available,TLI available,TLI only
Veps,Icelandic,"70%, 80%, 90%",ural1272,indo1319,"ural1272 ~ ural1272 , indo1319",16, 9,veps1250,icel1247,glottocodeBase,glottocodeBase,veps1250,icel1247,0.867,0.86700,glottocodeBase,glottocodeBase,veps1250,icel1247,0.18052,0.59599,GBI available,TLI available,both
Veps,Irish_Connacht,"70%, 80%, 90%",ural1272,indo1319,"ural1272 ~ ural1272 , indo1319",16, 9,veps1250,conn1243,glottocodeBase,glottocodeGBIproxy,veps1250,iris1253,0.867,0.92118,glottocodeBase,glottocodeTLIproxy,veps1250,iris1253,0.18052,0.54441,GBI available,TLI available,both
Veps,Irish_Cork_Kerry,"70%, 80%, 90%",ural1272,indo1319,"ural1272 ~ ural1272 , indo1319",16, 9,veps1250,iris1253,glottocodeBase,glottocodeBase,veps1250,iris1253,0.867,0.92118,glottocodeBase,glottocodeBase,veps1250,iris1253,0.18052,0.54441,GBI available,TLI available,both
Veps,Irish_Leinster,"70%, 80%, 90%",ural1272,indo1319,"ural1272 ~ ural1272 , indo1319",16, 9,veps1250,iris1253,glottocodeBase,glottocodeBase,veps1250,iris1253,0.867,0.92118,glottocodeBase,glottocodeBase,veps1250,iris1253,0.18052,0.54441,GBI available,TLI available,both
Veps,Irish_Munster,"70%, 80%, 90%",ural1272,indo1319,"ural1272 ~ ural1272 , indo1319",16, 9,veps1250,muns1250,glottocodeBase,glottocodeGBIproxy,veps1250,iris1253,0.867,0.92118,glottocodeBase,glottocodeTLIproxy,veps1250,iris1253,0.18052,0.54441,GBI available,TLI available,both
Veps,Irish_Ulster,"70%, 80%, 90%",ural1272,indo1319,"ural1272 ~ ural1272 , indo1319",16, 9,veps1250,done1238,glottocodeBase,glottocodeGBIproxy,veps1250,iris1253,0.867,0.92118,glottocodeBase,glottocodeTLIproxy,veps1250,iris1253,0.18052,0.54441,GBI available,TLI available,both
Veps,Norwegian,"70%, 80%, 90%",ural1272,indo1319,"ural1272 ~ ural1272 , indo1319",16, 9,veps1250,norw1258,glottocodeBase,no proxy,veps1250,NA,0.867,0.00000,glottocodeBase,glottocodeBase,veps1250,norw1258,0.18052,0.34670,GBI NOT available,TLI available,TLI only
Veps,Orcadian,"70%, 80%, 90%",ural1272,indo1319,"ural1272 ~ ural1272 , indo1319",16, 9,veps1250,scot1243,glottocodeBase,no proxy,veps1250,NA,0.867,0.00000,glottocodeBase,glottocodeBase,veps1250,scot1243,0.18052,0.10315,GBI NOT available,TLI available,TLI only
Veps,Polish_Lublin,"70%, 80%, 90%",ural1272,indo1319,"ural1272 ~ ural1272 , indo1319",16, 9,veps1250,poli1260,glottocodeBase,glottocodeBase,veps1250,poli1260,0.867,0.93596,glottocodeBase,glottocodeBase,veps1250,poli1260,0.18052,0.56447,GBI available,TLI available,both
Veps,Russian_Belgorod,"70%, 80%, 90%",ural1272,indo1319,"ural1272 ~ ural1272 , indo1319",16, 9,veps1250,russ1263,glottocodeBase,glottocodeBase,veps1250,russ1263,0.867,0.92118,glottocodeBase,glottocodeBase,veps1250,russ1263,0.18052,0.85387,GBI available,TLI available,both
Veps,Russian_Ryazan_Mihailovsky,"70%, 80%, 90%",ural1272,indo1319,"ural1272 ~ ural1272 , indo1319",16, 9,veps1250,russ1263,glottocodeBase,glottocodeBase,veps1250,russ1263,0.867,0.92118,glottocodeBase,glottocodeBase,veps1250,russ1263,0.18052,0.85387,GBI available,TLI available,both
Veps,Scottish,"70%, 80%, 90%",ural1272,indo1319,"ural1272 ~ ural1272 , indo1319",16, 9,veps1250,scot1245,glottocodeBase,no proxy,veps1250,NA,0.867,0.00000,glottocodeBase,glottocodeBase,veps1250,scot1245,0.18052,0.26934,GBI NOT available,TLI available,TLI only
Veps,Scottish_Dumfries_Galloway,"70%, 80%, 90%",ural1272,indo1319,"ural1272 ~ ural1272 , indo1319",16, 9,veps1250,scot1245,glottocodeBase,no proxy,veps1250,NA,0.867,0.00000,glottocodeBase,glottocodeBase,veps1250,scot1245,0.18052,0.26934,GBI NOT available,TLI available,TLI only
Veps,Scottish_Fife,"70%, 80%, 90%",ural1272,indo1319,"ural1272 ~ ural1272 , indo1319",16, 9,veps1250,scot1245,glottocodeBase,no proxy,veps1250,NA,0.867,0.00000,glottocodeBase,glottocodeBase,veps1250,scot1245,0.18052,0.26934,GBI NOT available,TLI available,TLI only
Veps,Scottish_Grampian,"70%, 80%, 90%",ural1272,indo1319,"ural1272 ~ ural1272 , indo1319",16, 9,veps1250,scot1245,glottocodeBase,no proxy,veps1250,NA,0.867,0.00000,glottocodeBase,glottocodeBase,veps1250,scot1245,0.18052,0.26934,GBI NOT available,TLI available,TLI only
Veps,Scottish_Highlands,"70%, 80%, 90%",ural1272,indo1319,"ural1272 ~ ural1272 , indo1319",16, 9,veps1250,scot1245,glottocodeBase,no proxy,veps1250,NA,0.867,0.00000,glottocodeBase,glottocodeBase,veps1250,scot1245,0.18052,0.26934,GBI NOT available,TLI available,TLI only
Veps,Scottish_Shetlandic,"70%, 80%, 90%",ural1272,indo1319,"ural1272 ~ ural1272 , indo1319",16, 9,veps1250,scot1245,glottocodeBase,no proxy,veps1250,NA,0.867,0.00000,glottocodeBase,glottocodeBase,veps1250,scot1245,0.18052,0.26934,GBI NOT available,TLI available,TLI only
Veps,Ukrainian_Sumskaya,"70%, 80%, 90%",ural1272,indo1319,"ural1272 ~ ural1272 , indo1319",16, 9,veps1250,ukra1253,glottocodeBase,glottocodeBase,veps1250,ukra1253,0.867,0.78325,glottocodeBase,glottocodeBase,veps1250,ukra1253,0.18052,0.32665,GBI available,TLI available,both
Veps,Ukrainian_Zhitomirskaya,"70%, 80%, 90%",ural1272,indo1319,"ural1272 ~ ural1272 , indo1319",16, 9,veps1250,ukra1253,glottocodeBase,glottocodeBase,veps1250,ukra1253,0.867,0.78325,glottocodeBase,glottocodeBase,veps1250,ukra1253,0.18052,0.32665,GBI available,TLI available,both
Veps,Scottish_Borders,"70%, 80%, 90%",ural1272,indo1319,"ural1272 ~ ural1272 , indo1319",16, 8,veps1250,scot1245,glottocodeBase,no proxy,veps1250,NA,0.867,0.00000,glottocodeBase,glottocodeBase,veps1250,scot1245,0.18052,0.26934,GBI NOT available,TLI available,TLI only
Veps,Czech,"70%, 80%, 90%",ural1272,indo1319,"ural1272 ~ ural1272 , indo1319",16, 6,veps1250,czec1258,glottocodeBase,glottocodeBase,veps1250,czec1258,0.867,0.86700,glottocodeBase,glottocodeBase,veps1250,czec1258,0.18052,0.32951,GBI available,TLI available,both
Veps,English_Kent,"70%, 80%, 90%",ural1272,indo1319,"ural1272 ~ ural1272 , indo1319",16, 5,veps1250,stan1293,glottocodeBase,glottocodeBase,veps1250,stan1293,0.867,0.85222,glottocodeBase,glottocodeBase,veps1250,stan1293,0.18052,0.82521,GBI available,TLI available,both
Veps,Ket,"70%, 80%, 90%",ural1272,yeni1252,"ural1272 ~ ural1272 , yeni1252",16, 1,veps1250,kett1243,glottocodeBase,glottocodeBase,veps1250,kett1243,0.867,0.86700,glottocodeBase,glottocodeBase,veps1250,kett1243,0.18052,0.52436,GBI available,TLI available,both
Veps,Ket_Southeast,"70%, 80%, 90%",ural1272,yeni1252,"ural1272 ~ ural1272 , yeni1252",16, 1,veps1250,kett1243,glottocodeBase,glottocodeBase,veps1250,kett1243,0.867,0.86700,glottocodeBase,glottocodeBase,veps1250,kett1243,0.18052,0.52436,GBI available,TLI available,both
Veps,English_Cornwall,"70%, 80%, 90%",ural1272,indo1319,"ural1272 ~ ural1272 , indo1319",16, 1,veps1250,stan1293,glottocodeBase,glottocodeBase,veps1250,stan1293,0.867,0.85222,glottocodeBase,glottocodeBase,veps1250,stan1293,0.18052,0.82521,GBI available,TLI available,both
Veps,Russian_Archangelsk_Leshukonsky,"70%, 80%, 90%",ural1272,indo1319,"ural1272 ~ ural1272 , indo1319",16, 1,veps1250,russ1263,glottocodeBase,glottocodeBase,veps1250,russ1263,0.867,0.92118,glottocodeBase,glottocodeBase,veps1250,russ1263,0.18052,0.85387,GBI available,TLI available,both
Veps,Ukrainian_West,"70%, 80%, 90%",ural1272,indo1319,"ural1272 ~ ural1272 , indo1319",16, 1,veps1250,ukra1253,glottocodeBase,glottocodeBase,veps1250,ukra1253,0.867,0.78325,glottocodeBase,glottocodeBase,veps1250,ukra1253,0.18052,0.32665,GBI available,TLI available,both
Kaqchikel,Karitiana,"70%, 80%, 90%",maya1287,tupi1275,"maya1287 ~ maya1287 , tupi1275",15, 7,kaqc1270,kari1311,glottocodeBase,glottocodeBase,kaqc1270,kari1311,0.83251,0.71921,glottocodeTLIproxy,glottocodeBase,tzut1248,kari1311,0.45845,0.17765,GBI available,TLI available,both
Kaqchikel,Karitiana_Rondonia,"70%, 80%, 90%",maya1287,tupi1275,"maya1287 ~ maya1287 , tupi1275",15, 7,kaqc1270,kari1311,glottocodeBase,glottocodeBase,kaqc1270,kari1311,0.83251,0.71921,glottocodeTLIproxy,glottocodeBase,tzut1248,kari1311,0.45845,0.17765,GBI available,TLI available,both
Kaqchikel,Surui,"70%, 80%, 90%",maya1287,tupi1275,"maya1287 ~ maya1287 , tupi1275",15, 7,kaqc1270,suru1262,glottocodeBase,glottocodeBase,kaqc1270,suru1262,0.83251,0.09360,glottocodeTLIproxy,glottocodeBase,tzut1248,suru1262,0.45845,0.10888,GBI available,TLI available,both
Kaqchikel,Chipewyan,"70%, 80%, 90%",maya1287,atha1245,"maya1287 ~ maya1287 , atha1245",15, 3,kaqc1270,chip1261,glottocodeBase,glottocodeBase,kaqc1270,chip1261,0.83251,0.80788,glottocodeTLIproxy,glottocodeBase,tzut1248,chip1261,0.45845,0.26934,GBI available,TLI available,both
Karelian_Northern,Lithuanian,"70%, 80%, 90%",ural1272,indo1319,"ural1272 ~ ural1272 , indo1319",15,15,nort2673,lith1251,glottocodeBase,glottocodeBase,nort2673,lith1251,0.85714,0.86700,glottocodeTLIproxy,glottocodeBase,kare1335,lith1251,0.20917,0.53868,GBI available,TLI available,both
Karelian_Northern,Russian_Archangelsk_Pinezhsky,"70%, 80%, 90%",ural1272,indo1319,"ural1272 ~ ural1272 , indo1319",15,15,nort2673,russ1263,glottocodeBase,glottocodeBase,nort2673,russ1263,0.85714,0.92118,glottocodeTLIproxy,glottocodeBase,kare1335,russ1263,0.20917,0.85387,GBI available,TLI available,both
Karelian_Northern,Russian_Pskov_Ostrov,"70%, 80%, 90%",ural1272,indo1319,"ural1272 ~ ural1272 , indo1319",15,15,nort2673,russ1263,glottocodeBase,glottocodeBase,nort2673,russ1263,0.85714,0.92118,glottocodeTLIproxy,glottocodeBase,kare1335,russ1263,0.20917,0.85387,GBI available,TLI available,both
Karelian_Northern,Russian_Pskov_Porkhov,"70%, 80%, 90%",ural1272,indo1319,"ural1272 ~ ural1272 , indo1319",15,15,nort2673,russ1263,glottocodeBase,glottocodeBase,nort2673,russ1263,0.85714,0.92118,glottocodeTLIproxy,glottocodeBase,kare1335,russ1263,0.20917,0.85387,GBI available,TLI available,both
Karelian_Northern,Belarusian,"70%, 80%, 90%",ural1272,indo1319,"ural1272 ~ ural1272 , indo1319",15,14,nort2673,bela1254,glottocodeBase,glottocodeBase,nort2673,bela1254,0.85714,0.87685,glottocodeTLIproxy,glottocodeBase,kare1335,bela1254,0.20917,0.14040,GBI available,TLI available,both
Karelian_Northern,Russian_Archangelsk_Krasnoborsky,"70%, 80%, 90%",ural1272,indo1319,"ural1272 ~ ural1272 , indo1319",15,14,nort2673,russ1263,glottocodeBase,glottocodeBase,nort2673,russ1263,0.85714,0.92118,glottocodeTLIproxy,glottocodeBase,kare1335,russ1263,0.20917,0.85387,GBI available,TLI available,both
Karelian_Northern,Russian_Kaluga,"70%, 80%, 90%",ural1272,indo1319,"ural1272 ~ ural1272 , indo1319",15,14,nort2673,russ1263,glottocodeBase,glottocodeBase,nort2673,russ1263,0.85714,0.92118,glottocodeTLIproxy,glottocodeBase,kare1335,russ1263,0.20917,0.85387,GBI available,TLI available,both
Karelian_Northern,Russian_Smolensk,"70%, 80%, 90%",ural1272,indo1319,"ural1272 ~ ural1272 , indo1319",15,14,nort2673,russ1263,glottocodeBase,glottocodeBase,nort2673,russ1263,0.85714,0.92118,glottocodeTLIproxy,glottocodeBase,kare1335,russ1263,0.20917,0.85387,GBI available,TLI available,both
Karelian_Northern,Russian_Yaroslavl,"70%, 80%, 90%",ural1272,indo1319,"ural1272 ~ ural1272 , indo1319",15,14,nort2673,russ1263,glottocodeBase,glottocodeBase,nort2673,russ1263,0.85714,0.92118,glottocodeTLIproxy,glottocodeBase,kare1335,russ1263,0.20917,0.85387,GBI available,TLI available,both
Karelian_Northern,French_West,"70%, 80%, 90%",ural1272,indo1319,"ural1272 ~ ural1272 , indo1319",15, 9,nort2673,stan1290,glottocodeBase,glottocodeBase,nort2673,stan1290,0.85714,0.89655,glottocodeTLIproxy,glottocodeBase,kare1335,stan1290,0.20917,0.80802,GBI available,TLI available,both
Karelian_Northern,German_Lipsian,"70%, 80%, 90%",ural1272,indo1319,"ural1272 ~ ural1272 , indo1319",15, 9,nort2673,stan1295,glottocodeBase,no proxy,nort2673,NA,0.85714,0.00000,glottocodeTLIproxy,glottocodeBase,kare1335,stan1295,0.20917,0.79370,GBI NOT available,TLI available,TLI only
Karelian_Northern,German_Sorb,"70%, 80%, 90%",ural1272,indo1319,"ural1272 ~ ural1272 , indo1319",15, 9,nort2673,sorb1249,glottocodeBase,no proxy,nort2673,NA,0.85714,0.00000,glottocodeTLIproxy,glottocodeTLIproxy,kare1335,uppe1395,0.20917,0.28367,GBI NOT available,TLI available,TLI only
Karelian_Northern,Icelandic,"70%, 80%, 90%",ural1272,indo1319,"ural1272 ~ ural1272 , indo1319",15, 9,nort2673,icel1247,glottocodeBase,glottocodeBase,nort2673,icel1247,0.85714,0.86700,glottocodeTLIproxy,glottocodeBase,kare1335,icel1247,0.20917,0.59599,GBI available,TLI available,both
Karelian_Northern,Irish_Connacht,"70%, 80%, 90%",ural1272,indo1319,"ural1272 ~ ural1272 , indo1319",15, 9,nort2673,conn1243,glottocodeBase,glottocodeGBIproxy,nort2673,iris1253,0.85714,0.92118,glottocodeTLIproxy,glottocodeTLIproxy,kare1335,iris1253,0.20917,0.54441,GBI available,TLI available,both
Karelian_Northern,Irish_Cork_Kerry,"70%, 80%, 90%",ural1272,indo1319,"ural1272 ~ ural1272 , indo1319",15, 9,nort2673,iris1253,glottocodeBase,glottocodeBase,nort2673,iris1253,0.85714,0.92118,glottocodeTLIproxy,glottocodeBase,kare1335,iris1253,0.20917,0.54441,GBI available,TLI available,both
Karelian_Northern,Irish_Leinster,"70%, 80%, 90%",ural1272,indo1319,"ural1272 ~ ural1272 , indo1319",15, 9,nort2673,iris1253,glottocodeBase,glottocodeBase,nort2673,iris1253,0.85714,0.92118,glottocodeTLIproxy,glottocodeBase,kare1335,iris1253,0.20917,0.54441,GBI available,TLI available,both
Karelian_Northern,Irish_Munster,"70%, 80%, 90%",ural1272,indo1319,"ural1272 ~ ural1272 , indo1319",15, 9,nort2673,muns1250,glottocodeBase,glottocodeGBIproxy,nort2673,iris1253,0.85714,0.92118,glottocodeTLIproxy,glottocodeTLIproxy,kare1335,iris1253,0.20917,0.54441,GBI available,TLI available,both
Karelian_Northern,Irish_Ulster,"70%, 80%, 90%",ural1272,indo1319,"ural1272 ~ ural1272 , indo1319",15, 9,nort2673,done1238,glottocodeBase,glottocodeGBIproxy,nort2673,iris1253,0.85714,0.92118,glottocodeTLIproxy,glottocodeTLIproxy,kare1335,iris1253,0.20917,0.54441,GBI available,TLI available,both
Karelian_Northern,Norwegian,"70%, 80%, 90%",ural1272,indo1319,"ural1272 ~ ural1272 , indo1319",15, 9,nort2673,norw1258,glottocodeBase,no proxy,nort2673,NA,0.85714,0.00000,glottocodeTLIproxy,glottocodeBase,kare1335,norw1258,0.20917,0.34670,GBI NOT available,TLI available,TLI only
Karelian_Northern,Orcadian,"70%, 80%, 90%",ural1272,indo1319,"ural1272 ~ ural1272 , indo1319",15, 9,nort2673,scot1243,glottocodeBase,no proxy,nort2673,NA,0.85714,0.00000,glottocodeTLIproxy,glottocodeBase,kare1335,scot1243,0.20917,0.10315,GBI NOT available,TLI available,TLI only
Karelian_Northern,Polish_Lublin,"70%, 80%, 90%",ural1272,indo1319,"ural1272 ~ ural1272 , indo1319",15, 9,nort2673,poli1260,glottocodeBase,glottocodeBase,nort2673,poli1260,0.85714,0.93596,glottocodeTLIproxy,glottocodeBase,kare1335,poli1260,0.20917,0.56447,GBI available,TLI available,both
Karelian_Northern,Polish_Poznan,"70%, 80%, 90%",ural1272,indo1319,"ural1272 ~ ural1272 , indo1319",15, 9,nort2673,poli1260,glottocodeBase,glottocodeBase,nort2673,poli1260,0.85714,0.93596,glottocodeTLIproxy,glottocodeBase,kare1335,poli1260,0.20917,0.56447,GBI available,TLI available,both
Karelian_Northern,Russian,"70%, 80%, 90%",ural1272,indo1319,"ural1272 ~ ural1272 , indo1319",15, 9,nort2673,russ1263,glottocodeBase,glottocodeBase,nort2673,russ1263,0.85714,0.92118,glottocodeTLIproxy,glottocodeBase,kare1335,russ1263,0.20917,0.85387,GBI available,TLI available,both
Karelian_Northern,Russian_Belgorod,"70%, 80%, 90%",ural1272,indo1319,"ural1272 ~ ural1272 , indo1319",15, 9,nort2673,russ1263,glottocodeBase,glottocodeBase,nort2673,russ1263,0.85714,0.92118,glottocodeTLIproxy,glottocodeBase,kare1335,russ1263,0.20917,0.85387,GBI available,TLI available,both
Karelian_Northern,Russian_Kursk,"70%, 80%, 90%",ural1272,indo1319,"ural1272 ~ ural1272 , indo1319",15, 9,nort2673,russ1263,glottocodeBase,glottocodeBase,nort2673,russ1263,0.85714,0.92118,glottocodeTLIproxy,glottocodeBase,kare1335,russ1263,0.20917,0.85387,GBI available,TLI available,both
Karelian_Northern,Russian_Oryol,"70%, 80%, 90%",ural1272,indo1319,"ural1272 ~ ural1272 , indo1319",15, 9,nort2673,russ1263,glottocodeBase,glottocodeBase,nort2673,russ1263,0.85714,0.92118,glottocodeTLIproxy,glottocodeBase,kare1335,russ1263,0.20917,0.85387,GBI available,TLI available,both
Karelian_Northern,Russian_Ryazan_Mihailovsky,"70%, 80%, 90%",ural1272,indo1319,"ural1272 ~ ural1272 , indo1319",15, 9,nort2673,russ1263,glottocodeBase,glottocodeBase,nort2673,russ1263,0.85714,0.92118,glottocodeTLIproxy,glottocodeBase,kare1335,russ1263,0.20917,0.85387,GBI available,TLI available,both
Karelian_Northern,Russian_Ryazan_Spassk_Ryazansky,"70%, 80%, 90%",ural1272,indo1319,"ural1272 ~ ural1272 , indo1319",15, 9,nort2673,russ1263,glottocodeBase,glottocodeBase,nort2673,russ1263,0.85714,0.92118,glottocodeTLIproxy,glottocodeBase,kare1335,russ1263,0.20917,0.85387,GBI available,TLI available,both
Karelian_Northern,Russian_Tver,"70%, 80%, 90%",ural1272,indo1319,"ural1272 ~ ural1272 , indo1319",15, 9,nort2673,russ1263,glottocodeBase,glottocodeBase,nort2673,russ1263,0.85714,0.92118,glottocodeTLIproxy,glottocodeBase,kare1335,russ1263,0.20917,0.85387,GBI available,TLI available,both
Karelian_Northern,Scottish,"70%, 80%, 90%",ural1272,indo1319,"ural1272 ~ ural1272 , indo1319",15, 9,nort2673,scot1245,glottocodeBase,no proxy,nort2673,NA,0.85714,0.00000,glottocodeTLIproxy,glottocodeBase,kare1335,scot1245,0.20917,0.26934,GBI NOT available,TLI available,TLI only
Karelian_Northern,Scottish_Dumfries_Galloway,"70%, 80%, 90%",ural1272,indo1319,"ural1272 ~ ural1272 , indo1319",15, 9,nort2673,scot1245,glottocodeBase,no proxy,nort2673,NA,0.85714,0.00000,glottocodeTLIproxy,glottocodeBase,kare1335,scot1245,0.20917,0.26934,GBI NOT available,TLI available,TLI only
Karelian_Northern,Scottish_Fife,"70%, 80%, 90%",ural1272,indo1319,"ural1272 ~ ural1272 , indo1319",15, 9,nort2673,scot1245,glottocodeBase,no proxy,nort2673,NA,0.85714,0.00000,glottocodeTLIproxy,glottocodeBase,kare1335,scot1245,0.20917,0.26934,GBI NOT available,TLI available,TLI only
Karelian_Northern,Scottish_Grampian,"70%, 80%, 90%",ural1272,indo1319,"ural1272 ~ ural1272 , indo1319",15, 9,nort2673,scot1245,glottocodeBase,no proxy,nort2673,NA,0.85714,0.00000,glottocodeTLIproxy,glottocodeBase,kare1335,scot1245,0.20917,0.26934,GBI NOT available,TLI available,TLI only
Karelian_Northern,Scottish_Highlands,"70%, 80%, 90%",ural1272,indo1319,"ural1272 ~ ural1272 , indo1319",15, 9,nort2673,scot1245,glottocodeBase,no proxy,nort2673,NA,0.85714,0.00000,glottocodeTLIproxy,glottocodeBase,kare1335,scot1245,0.20917,0.26934,GBI NOT available,TLI available,TLI only
Karelian_Northern,Scottish_Shetlandic,"70%, 80%, 90%",ural1272,indo1319,"ural1272 ~ ural1272 , indo1319",15, 9,nort2673,scot1245,glottocodeBase,no proxy,nort2673,NA,0.85714,0.00000,glottocodeTLIproxy,glottocodeBase,kare1335,scot1245,0.20917,0.26934,GBI NOT available,TLI available,TLI only
Karelian_Northern,Ukrainian_East,"70%, 80%, 90%",ural1272,indo1319,"ural1272 ~ ural1272 , indo1319",15, 9,nort2673,ukra1253,glottocodeBase,glottocodeBase,nort2673,ukra1253,0.85714,0.78325,glottocodeTLIproxy,glottocodeBase,kare1335,ukra1253,0.20917,0.32665,GBI available,TLI available,both
Karelian_Northern,Ukrainian_Rovenskaya,"70%, 80%, 90%",ural1272,indo1319,"ural1272 ~ ural1272 , indo1319",15, 9,nort2673,ukra1253,glottocodeBase,glottocodeBase,nort2673,ukra1253,0.85714,0.78325,glottocodeTLIproxy,glottocodeBase,kare1335,ukra1253,0.20917,0.32665,GBI available,TLI available,both
Karelian_Northern,Ukrainian_Sumskaya,"70%, 80%, 90%",ural1272,indo1319,"ural1272 ~ ural1272 , indo1319",15, 9,nort2673,ukra1253,glottocodeBase,glottocodeBase,nort2673,ukra1253,0.85714,0.78325,glottocodeTLIproxy,glottocodeBase,kare1335,ukra1253,0.20917,0.32665,GBI available,TLI available,both
Karelian_Northern,Ukrainian_Zhitomirskaya,"70%, 80%, 90%",ural1272,indo1319,"ural1272 ~ ural1272 , indo1319",15, 9,nort2673,ukra1253,glottocodeBase,glottocodeBase,nort2673,ukra1253,0.85714,0.78325,glottocodeTLIproxy,glottocodeBase,kare1335,ukra1253,0.20917,0.32665,GBI available,TLI available,both
Karelian_Northern,Scottish_Borders,"70%, 80%, 90%",ural1272,indo1319,"ural1272 ~ ural1272 , indo1319",15, 8,nort2673,scot1245,glottocodeBase,no proxy,nort2673,NA,0.85714,0.00000,glottocodeTLIproxy,glottocodeBase,kare1335,scot1245,0.20917,0.26934,GBI NOT available,TLI available,TLI only
Karelian_Northern,Czech,"70%, 80%, 90%",ural1272,indo1319,"ural1272 ~ ural1272 , indo1319",15, 6,nort2673,czec1258,glottocodeBase,glottocodeBase,nort2673,czec1258,0.85714,0.86700,glottocodeTLIproxy,glottocodeBase,kare1335,czec1258,0.20917,0.32951,GBI available,TLI available,both
Karelian_Northern,English_Kent,"70%, 80%, 90%",ural1272,indo1319,"ural1272 ~ ural1272 , indo1319",15, 5,nort2673,stan1293,glottocodeBase,glottocodeBase,nort2673,stan1293,0.85714,0.85222,glottocodeTLIproxy,glottocodeBase,kare1335,stan1293,0.20917,0.82521,GBI available,TLI available,both
Karelian_Northern,English_Cornwall,"70%, 80%, 90%",ural1272,indo1319,"ural1272 ~ ural1272 , indo1319",15, 1,nort2673,stan1293,glottocodeBase,glottocodeBase,nort2673,stan1293,0.85714,0.85222,glottocodeTLIproxy,glottocodeBase,kare1335,stan1293,0.20917,0.82521,GBI available,TLI available,both
Karelian_Northern,Russian_Archangelsk_Leshukonsky,"70%, 80%, 90%",ural1272,indo1319,"ural1272 ~ ural1272 , indo1319",15, 1,nort2673,russ1263,glottocodeBase,glottocodeBase,nort2673,russ1263,0.85714,0.92118,glottocodeTLIproxy,glottocodeBase,kare1335,russ1263,0.20917,0.85387,GBI available,TLI available,both
Karelian_Northern,Ukrainian_West,"70%, 80%, 90%",ural1272,indo1319,"ural1272 ~ ural1272 , indo1319",15, 1,nort2673,ukra1253,glottocodeBase,glottocodeBase,nort2673,ukra1253,0.85714,0.78325,glottocodeTLIproxy,glottocodeBase,kare1335,ukra1253,0.20917,0.32665,GBI available,TLI available,both
Ket,Nganasan,"70%, 80%, 90%",yeni1252,ural1272,"yeni1252 ~ yeni1252 , ural1272",15, 4,kett1243,ngan1291,glottocodeBase,glottocodeBase,kett1243,ngan1291,0.867,0.83744,glottocodeBase,glottocodeBase,kett1243,ngan1291,0.52436,0.32378,GBI available,TLI available,both
Ket,Nganasan_Dudinka,"70%, 80%, 90%",yeni1252,ural1272,"yeni1252 ~ yeni1252 , ural1272",15, 4,kett1243,ngan1291,glottocodeBase,glottocodeBase,kett1243,ngan1291,0.867,0.83744,glottocodeBase,glottocodeBase,kett1243,ngan1291,0.52436,0.32378,GBI available,TLI available,both
Ket,Nganasan_UstAvam,"70%, 80%, 90%",yeni1252,ural1272,"yeni1252 ~ yeni1252 , ural1272",15, 4,kett1243,ngan1291,glottocodeBase,glottocodeBase,kett1243,ngan1291,0.867,0.83744,glottocodeBase,glottocodeBase,kett1243,ngan1291,0.52436,0.32378,GBI available,TLI available,both
Ket,Nganasan_Volochanka,"70%, 80%, 90%",yeni1252,ural1272,"yeni1252 ~ yeni1252 , ural1272",15, 4,kett1243,ngan1291,glottocodeBase,glottocodeBase,kett1243,ngan1291,0.867,0.83744,glottocodeBase,glottocodeBase,kett1243,ngan1291,0.52436,0.32378,GBI available,TLI available,both
Mixe,Chipewyan,"70%, 80%, 90%",mixe1284,atha1245,"mixe1284 ~ mixe1284 , atha1245",15, 9,mixe1286,chip1261,glottocodeGBIproxy,glottocodeBase,olut1240,chip1261,0.77833,0.80788,glottocodeTLIproxy,glottocodeBase,olut1240,chip1261,0.18625,0.26934,GBI available,TLI available,both
Mixe,Karitiana,"70%, 80%, 90%",mixe1284,tupi1275,"mixe1284 ~ mixe1284 , tupi1275",15, 1,mixe1286,kari1311,glottocodeGBIproxy,glottocodeBase,olut1240,kari1311,0.77833,0.71921,glottocodeTLIproxy,glottocodeBase,olut1240,kari1311,0.18625,0.17765,GBI available,TLI available,both
Mixe,Karitiana_Rondonia,"70%, 80%, 90%",mixe1284,tupi1275,"mixe1284 ~ mixe1284 , tupi1275",15, 1,mixe1286,kari1311,glottocodeGBIproxy,glottocodeBase,olut1240,kari1311,0.77833,0.71921,glottocodeTLIproxy,glottocodeBase,olut1240,kari1311,0.18625,0.17765,GBI available,TLI available,both
Mixe,Surui,"70%, 80%, 90%",mixe1284,tupi1275,"mixe1284 ~ mixe1284 , tupi1275",15, 1,mixe1286,suru1262,glottocodeGBIproxy,glottocodeBase,olut1240,suru1262,0.77833,0.09360,glottocodeTLIproxy,glottocodeBase,olut1240,suru1262,0.18625,0.10888,GBI available,TLI available,both
Mixtec,Chipewyan,"70%, 80%, 90%",otom1299,atha1245,"otom1299 ~ otom1299 , atha1245",15, 9,mixt1427,chip1261,glottocodeGBIproxy,glottocodeBase,sant1436,chip1261,0.73399,0.80788,glottocodeTLIproxy,glottocodeBase,sanm1296,chip1261,0.35817,0.26934,GBI available,TLI available,both
Selkup_Farkovo,Belarusian,"70%, 80%, 90%",ural1272,indo1319,"ural1272 ~ ural1272 , indo1319",15, 9,selk1253,bela1254,glottocodeGBIproxy,glottocodeBase,sout3262,bela1254,0.84236,0.87685,glottocodeBase,glottocodeBase,selk1253,bela1254,0.45559,0.14040,GBI available,TLI available,both
Selkup_Farkovo,French_West,"70%, 80%, 90%",ural1272,indo1319,"ural1272 ~ ural1272 , indo1319",15, 9,selk1253,stan1290,glottocodeGBIproxy,glottocodeBase,sout3262,stan1290,0.84236,0.89655,glottocodeBase,glottocodeBase,selk1253,stan1290,0.45559,0.80802,GBI available,TLI available,both
Selkup_Farkovo,German_Lipsian,"70%, 80%, 90%",ural1272,indo1319,"ural1272 ~ ural1272 , indo1319",15, 9,selk1253,stan1295,glottocodeGBIproxy,no proxy,sout3262,NA,0.84236,0.00000,glottocodeBase,glottocodeBase,selk1253,stan1295,0.45559,0.79370,GBI NOT available,TLI available,TLI only
Selkup_Farkovo,German_Sorb,"70%, 80%, 90%",ural1272,indo1319,"ural1272 ~ ural1272 , indo1319",15, 9,selk1253,sorb1249,glottocodeGBIproxy,no proxy,sout3262,NA,0.84236,0.00000,glottocodeBase,glottocodeTLIproxy,selk1253,uppe1395,0.45559,0.28367,GBI NOT available,TLI available,TLI only
Selkup_Farkovo,Icelandic,"70%, 80%, 90%",ural1272,indo1319,"ural1272 ~ ural1272 , indo1319",15, 9,selk1253,icel1247,glottocodeGBIproxy,glottocodeBase,sout3262,icel1247,0.84236,0.86700,glottocodeBase,glottocodeBase,selk1253,icel1247,0.45559,0.59599,GBI available,TLI available,both
Selkup_Farkovo,Irish_Connacht,"70%, 80%, 90%",ural1272,indo1319,"ural1272 ~ ural1272 , indo1319",15, 9,selk1253,conn1243,glottocodeGBIproxy,glottocodeGBIproxy,sout3262,iris1253,0.84236,0.92118,glottocodeBase,glottocodeTLIproxy,selk1253,iris1253,0.45559,0.54441,GBI available,TLI available,both
Selkup_Farkovo,Irish_Cork_Kerry,"70%, 80%, 90%",ural1272,indo1319,"ural1272 ~ ural1272 , indo1319",15, 9,selk1253,iris1253,glottocodeGBIproxy,glottocodeBase,sout3262,iris1253,0.84236,0.92118,glottocodeBase,glottocodeBase,selk1253,iris1253,0.45559,0.54441,GBI available,TLI available,both
Selkup_Farkovo,Irish_Leinster,"70%, 80%, 90%",ural1272,indo1319,"ural1272 ~ ural1272 , indo1319",15, 9,selk1253,iris1253,glottocodeGBIproxy,glottocodeBase,sout3262,iris1253,0.84236,0.92118,glottocodeBase,glottocodeBase,selk1253,iris1253,0.45559,0.54441,GBI available,TLI available,both
Selkup_Farkovo,Irish_Munster,"70%, 80%, 90%",ural1272,indo1319,"ural1272 ~ ural1272 , indo1319",15, 9,selk1253,muns1250,glottocodeGBIproxy,glottocodeGBIproxy,sout3262,iris1253,0.84236,0.92118,glottocodeBase,glottocodeTLIproxy,selk1253,iris1253,0.45559,0.54441,GBI available,TLI available,both
Selkup_Farkovo,Irish_Ulster,"70%, 80%, 90%",ural1272,indo1319,"ural1272 ~ ural1272 , indo1319",15, 9,selk1253,done1238,glottocodeGBIproxy,glottocodeGBIproxy,sout3262,iris1253,0.84236,0.92118,glottocodeBase,glottocodeTLIproxy,selk1253,iris1253,0.45559,0.54441,GBI available,TLI available,both
Selkup_Farkovo,Lithuanian,"70%, 80%, 90%",ural1272,indo1319,"ural1272 ~ ural1272 , indo1319",15, 9,selk1253,lith1251,glottocodeGBIproxy,glottocodeBase,sout3262,lith1251,0.84236,0.86700,glottocodeBase,glottocodeBase,selk1253,lith1251,0.45559,0.53868,GBI available,TLI available,both
Selkup_Farkovo,Norwegian,"70%, 80%, 90%",ural1272,indo1319,"ural1272 ~ ural1272 , indo1319",15, 9,selk1253,norw1258,glottocodeGBIproxy,no proxy,sout3262,NA,0.84236,0.00000,glottocodeBase,glottocodeBase,selk1253,norw1258,0.45559,0.34670,GBI NOT available,TLI available,TLI only
Selkup_Farkovo,Orcadian,"70%, 80%, 90%",ural1272,indo1319,"ural1272 ~ ural1272 , indo1319",15, 9,selk1253,scot1243,glottocodeGBIproxy,no proxy,sout3262,NA,0.84236,0.00000,glottocodeBase,glottocodeBase,selk1253,scot1243,0.45559,0.10315,GBI NOT available,TLI available,TLI only
Selkup_Farkovo,Polish_Lublin,"70%, 80%, 90%",ural1272,indo1319,"ural1272 ~ ural1272 , indo1319",15, 9,selk1253,poli1260,glottocodeGBIproxy,glottocodeBase,sout3262,poli1260,0.84236,0.93596,glottocodeBase,glottocodeBase,selk1253,poli1260,0.45559,0.56447,GBI available,TLI available,both
Selkup_Farkovo,Polish_Poznan,"70%, 80%, 90%",ural1272,indo1319,"ural1272 ~ ural1272 , indo1319",15, 9,selk1253,poli1260,glottocodeGBIproxy,glottocodeBase,sout3262,poli1260,0.84236,0.93596,glottocodeBase,glottocodeBase,selk1253,poli1260,0.45559,0.56447,GBI available,TLI available,both
Selkup_Farkovo,Russian,"70%, 80%, 90%",ural1272,indo1319,"ural1272 ~ ural1272 , indo1319",15, 9,selk1253,russ1263,glottocodeGBIproxy,glottocodeBase,sout3262,russ1263,0.84236,0.92118,glottocodeBase,glottocodeBase,selk1253,russ1263,0.45559,0.85387,GBI available,TLI available,both
Selkup_Farkovo,Russian_Archangelsk_Krasnoborsky,"70%, 80%, 90%",ural1272,indo1319,"ural1272 ~ ural1272 , indo1319",15, 9,selk1253,russ1263,glottocodeGBIproxy,glottocodeBase,sout3262,russ1263,0.84236,0.92118,glottocodeBase,glottocodeBase,selk1253,russ1263,0.45559,0.85387,GBI available,TLI available,both
Selkup_Farkovo,Russian_Archangelsk_Pinezhsky,"70%, 80%, 90%",ural1272,indo1319,"ural1272 ~ ural1272 , indo1319",15, 9,selk1253,russ1263,glottocodeGBIproxy,glottocodeBase,sout3262,russ1263,0.84236,0.92118,glottocodeBase,glottocodeBase,selk1253,russ1263,0.45559,0.85387,GBI available,TLI available,both
Selkup_Farkovo,Russian_Belgorod,"70%, 80%, 90%",ural1272,indo1319,"ural1272 ~ ural1272 , indo1319",15, 9,selk1253,russ1263,glottocodeGBIproxy,glottocodeBase,sout3262,russ1263,0.84236,0.92118,glottocodeBase,glottocodeBase,selk1253,russ1263,0.45559,0.85387,GBI available,TLI available,both
Selkup_Farkovo,Russian_Kaluga,"70%, 80%, 90%",ural1272,indo1319,"ural1272 ~ ural1272 , indo1319",15, 9,selk1253,russ1263,glottocodeGBIproxy,glottocodeBase,sout3262,russ1263,0.84236,0.92118,glottocodeBase,glottocodeBase,selk1253,russ1263,0.45559,0.85387,GBI available,TLI available,both
Selkup_Farkovo,Russian_Kursk,"70%, 80%, 90%",ural1272,indo1319,"ural1272 ~ ural1272 , indo1319",15, 9,selk1253,russ1263,glottocodeGBIproxy,glottocodeBase,sout3262,russ1263,0.84236,0.92118,glottocodeBase,glottocodeBase,selk1253,russ1263,0.45559,0.85387,GBI available,TLI available,both
Selkup_Farkovo,Russian_Oryol,"70%, 80%, 90%",ural1272,indo1319,"ural1272 ~ ural1272 , indo1319",15, 9,selk1253,russ1263,glottocodeGBIproxy,glottocodeBase,sout3262,russ1263,0.84236,0.92118,glottocodeBase,glottocodeBase,selk1253,russ1263,0.45559,0.85387,GBI available,TLI available,both
Selkup_Farkovo,Russian_Pskov_Ostrov,"70%, 80%, 90%",ural1272,indo1319,"ural1272 ~ ural1272 , indo1319",15, 9,selk1253,russ1263,glottocodeGBIproxy,glottocodeBase,sout3262,russ1263,0.84236,0.92118,glottocodeBase,glottocodeBase,selk1253,russ1263,0.45559,0.85387,GBI available,TLI available,both
Selkup_Farkovo,Russian_Pskov_Porkhov,"70%, 80%, 90%",ural1272,indo1319,"ural1272 ~ ural1272 , indo1319",15, 9,selk1253,russ1263,glottocodeGBIproxy,glottocodeBase,sout3262,russ1263,0.84236,0.92118,glottocodeBase,glottocodeBase,selk1253,russ1263,0.45559,0.85387,GBI available,TLI available,both
Selkup_Farkovo,Russian_Ryazan_Mihailovsky,"70%, 80%, 90%",ural1272,indo1319,"ural1272 ~ ural1272 , indo1319",15, 9,selk1253,russ1263,glottocodeGBIproxy,glottocodeBase,sout3262,russ1263,0.84236,0.92118,glottocodeBase,glottocodeBase,selk1253,russ1263,0.45559,0.85387,GBI available,TLI available,both
Selkup_Farkovo,Russian_Ryazan_Spassk_Ryazansky,"70%, 80%, 90%",ural1272,indo1319,"ural1272 ~ ural1272 , indo1319",15, 9,selk1253,russ1263,glottocodeGBIproxy,glottocodeBase,sout3262,russ1263,0.84236,0.92118,glottocodeBase,glottocodeBase,selk1253,russ1263,0.45559,0.85387,GBI available,TLI available,both
Selkup_Farkovo,Russian_Smolensk,"70%, 80%, 90%",ural1272,indo1319,"ural1272 ~ ural1272 , indo1319",15, 9,selk1253,russ1263,glottocodeGBIproxy,glottocodeBase,sout3262,russ1263,0.84236,0.92118,glottocodeBase,glottocodeBase,selk1253,russ1263,0.45559,0.85387,GBI available,TLI available,both
Selkup_Farkovo,Russian_Tver,"70%, 80%, 90%",ural1272,indo1319,"ural1272 ~ ural1272 , indo1319",15, 9,selk1253,russ1263,glottocodeGBIproxy,glottocodeBase,sout3262,russ1263,0.84236,0.92118,glottocodeBase,glottocodeBase,selk1253,russ1263,0.45559,0.85387,GBI available,TLI available,both
Selkup_Farkovo,Russian_Yaroslavl,"70%, 80%, 90%",ural1272,indo1319,"ural1272 ~ ural1272 , indo1319",15, 9,selk1253,russ1263,glottocodeGBIproxy,glottocodeBase,sout3262,russ1263,0.84236,0.92118,glottocodeBase,glottocodeBase,selk1253,russ1263,0.45559,0.85387,GBI available,TLI available,both
Selkup_Farkovo,Scottish,"70%, 80%, 90%",ural1272,indo1319,"ural1272 ~ ural1272 , indo1319",15, 9,selk1253,scot1245,glottocodeGBIproxy,no proxy,sout3262,NA,0.84236,0.00000,glottocodeBase,glottocodeBase,selk1253,scot1245,0.45559,0.26934,GBI NOT available,TLI available,TLI only
Selkup_Farkovo,Scottish_Dumfries_Galloway,"70%, 80%, 90%",ural1272,indo1319,"ural1272 ~ ural1272 , indo1319",15, 9,selk1253,scot1245,glottocodeGBIproxy,no proxy,sout3262,NA,0.84236,0.00000,glottocodeBase,glottocodeBase,selk1253,scot1245,0.45559,0.26934,GBI NOT available,TLI available,TLI only
Selkup_Farkovo,Scottish_Fife,"70%, 80%, 90%",ural1272,indo1319,"ural1272 ~ ural1272 , indo1319",15, 9,selk1253,scot1245,glottocodeGBIproxy,no proxy,sout3262,NA,0.84236,0.00000,glottocodeBase,glottocodeBase,selk1253,scot1245,0.45559,0.26934,GBI NOT available,TLI available,TLI only
Selkup_Farkovo,Scottish_Grampian,"70%, 80%, 90%",ural1272,indo1319,"ural1272 ~ ural1272 , indo1319",15, 9,selk1253,scot1245,glottocodeGBIproxy,no proxy,sout3262,NA,0.84236,0.00000,glottocodeBase,glottocodeBase,selk1253,scot1245,0.45559,0.26934,GBI NOT available,TLI available,TLI only
Selkup_Farkovo,Scottish_Highlands,"70%, 80%, 90%",ural1272,indo1319,"ural1272 ~ ural1272 , indo1319",15, 9,selk1253,scot1245,glottocodeGBIproxy,no proxy,sout3262,NA,0.84236,0.00000,glottocodeBase,glottocodeBase,selk1253,scot1245,0.45559,0.26934,GBI NOT available,TLI available,TLI only
Selkup_Farkovo,Scottish_Shetlandic,"70%, 80%, 90%",ural1272,indo1319,"ural1272 ~ ural1272 , indo1319",15, 9,selk1253,scot1245,glottocodeGBIproxy,no proxy,sout3262,NA,0.84236,0.00000,glottocodeBase,glottocodeBase,selk1253,scot1245,0.45559,0.26934,GBI NOT available,TLI available,TLI only
Selkup_Farkovo,Ukrainian_East,"70%, 80%, 90%",ural1272,indo1319,"ural1272 ~ ural1272 , indo1319",15, 9,selk1253,ukra1253,glottocodeGBIproxy,glottocodeBase,sout3262,ukra1253,0.84236,0.78325,glottocodeBase,glottocodeBase,selk1253,ukra1253,0.45559,0.32665,GBI available,TLI available,both
Selkup_Farkovo,Ukrainian_Rovenskaya,"70%, 80%, 90%",ural1272,indo1319,"ural1272 ~ ural1272 , indo1319",15, 9,selk1253,ukra1253,glottocodeGBIproxy,glottocodeBase,sout3262,ukra1253,0.84236,0.78325,glottocodeBase,glottocodeBase,selk1253,ukra1253,0.45559,0.32665,GBI available,TLI available,both
Selkup_Farkovo,Ukrainian_Sumskaya,"70%, 80%, 90%",ural1272,indo1319,"ural1272 ~ ural1272 , indo1319",15, 9,selk1253,ukra1253,glottocodeGBIproxy,glottocodeBase,sout3262,ukra1253,0.84236,0.78325,glottocodeBase,glottocodeBase,selk1253,ukra1253,0.45559,0.32665,GBI available,TLI available,both
Selkup_Farkovo,Ukrainian_Zhitomirskaya,"70%, 80%, 90%",ural1272,indo1319,"ural1272 ~ ural1272 , indo1319",15, 9,selk1253,ukra1253,glottocodeGBIproxy,glottocodeBase,sout3262,ukra1253,0.84236,0.78325,glottocodeBase,glottocodeBase,selk1253,ukra1253,0.45559,0.32665,GBI available,TLI available,both
Selkup_Farkovo,Scottish_Borders,"70%, 80%, 90%",ural1272,indo1319,"ural1272 ~ ural1272 , indo1319",15, 8,selk1253,scot1245,glottocodeGBIproxy,no proxy,sout3262,NA,0.84236,0.00000,glottocodeBase,glottocodeBase,selk1253,scot1245,0.45559,0.26934,GBI NOT available,TLI available,TLI only
Selkup_Farkovo,Czech,"70%, 80%",ural1272,indo1319,"ural1272 ~ ural1272 , indo1319",15, 6,selk1253,czec1258,glottocodeGBIproxy,glottocodeBase,sout3262,czec1258,0.84236,0.86700,glottocodeBase,glottocodeBase,selk1253,czec1258,0.45559,0.32951,GBI available,TLI available,both
Selkup_Farkovo,English_Kent,"70%, 80%",ural1272,indo1319,"ural1272 ~ ural1272 , indo1319",15, 5,selk1253,stan1293,glottocodeGBIproxy,glottocodeBase,sout3262,stan1293,0.84236,0.85222,glottocodeBase,glottocodeBase,selk1253,stan1293,0.45559,0.82521,GBI available,TLI available,both
Selkup_Farkovo,Ket,"70%, 80%, 90%",ural1272,yeni1252,"ural1272 ~ ural1272 , yeni1252",15, 2,selk1253,kett1243,glottocodeGBIproxy,glottocodeBase,sout3262,kett1243,0.84236,0.86700,glottocodeBase,glottocodeBase,selk1253,kett1243,0.45559,0.52436,GBI available,TLI available,both
Selkup_Farkovo,English_Cornwall,"70%, 80%",ural1272,indo1319,"ural1272 ~ ural1272 , indo1319",15, 1,selk1253,stan1293,glottocodeGBIproxy,glottocodeBase,sout3262,stan1293,0.84236,0.85222,glottocodeBase,glottocodeBase,selk1253,stan1293,0.45559,0.82521,GBI available,TLI available,both
Selkup_Farkovo,Russian_Archangelsk_Leshukonsky,"70%, 80%",ural1272,indo1319,"ural1272 ~ ural1272 , indo1319",15, 1,selk1253,russ1263,glottocodeGBIproxy,glottocodeBase,sout3262,russ1263,0.84236,0.92118,glottocodeBase,glottocodeBase,selk1253,russ1263,0.45559,0.85387,GBI available,TLI available,both
Selkup_Farkovo,Ukrainian_West,"70%, 80%",ural1272,indo1319,"ural1272 ~ ural1272 , indo1319",15, 1,selk1253,ukra1253,glottocodeGBIproxy,glottocodeBase,sout3262,ukra1253,0.84236,0.78325,glottocodeBase,glottocodeBase,selk1253,ukra1253,0.45559,0.32665,GBI available,TLI available,both
Selkup_Turukhansk,Belarusian,"70%, 80%",ural1272,indo1319,"ural1272 ~ ural1272 , indo1319",15, 9,selk1253,bela1254,glottocodeGBIproxy,glottocodeBase,sout3262,bela1254,0.84236,0.87685,glottocodeBase,glottocodeBase,selk1253,bela1254,0.45559,0.14040,GBI available,TLI available,both
Selkup_Turukhansk,French_West,"70%, 80%",ural1272,indo1319,"ural1272 ~ ural1272 , indo1319",15, 9,selk1253,stan1290,glottocodeGBIproxy,glottocodeBase,sout3262,stan1290,0.84236,0.89655,glottocodeBase,glottocodeBase,selk1253,stan1290,0.45559,0.80802,GBI available,TLI available,both
Selkup_Turukhansk,German_Lipsian,"70%, 80%",ural1272,indo1319,"ural1272 ~ ural1272 , indo1319",15, 9,selk1253,stan1295,glottocodeGBIproxy,no proxy,sout3262,NA,0.84236,0.00000,glottocodeBase,glottocodeBase,selk1253,stan1295,0.45559,0.79370,GBI NOT available,TLI available,TLI only
Selkup_Turukhansk,German_Sorb,"70%, 80%",ural1272,indo1319,"ural1272 ~ ural1272 , indo1319",15, 9,selk1253,sorb1249,glottocodeGBIproxy,no proxy,sout3262,NA,0.84236,0.00000,glottocodeBase,glottocodeTLIproxy,selk1253,uppe1395,0.45559,0.28367,GBI NOT available,TLI available,TLI only
Selkup_Turukhansk,Icelandic,"70%, 80%",ural1272,indo1319,"ural1272 ~ ural1272 , indo1319",15, 9,selk1253,icel1247,glottocodeGBIproxy,glottocodeBase,sout3262,icel1247,0.84236,0.86700,glottocodeBase,glottocodeBase,selk1253,icel1247,0.45559,0.59599,GBI available,TLI available,both
Selkup_Turukhansk,Irish_Connacht,"70%, 80%",ural1272,indo1319,"ural1272 ~ ural1272 , indo1319",15, 9,selk1253,conn1243,glottocodeGBIproxy,glottocodeGBIproxy,sout3262,iris1253,0.84236,0.92118,glottocodeBase,glottocodeTLIproxy,selk1253,iris1253,0.45559,0.54441,GBI available,TLI available,both
Selkup_Turukhansk,Irish_Cork_Kerry,"70%, 80%",ural1272,indo1319,"ural1272 ~ ural1272 , indo1319",15, 9,selk1253,iris1253,glottocodeGBIproxy,glottocodeBase,sout3262,iris1253,0.84236,0.92118,glottocodeBase,glottocodeBase,selk1253,iris1253,0.45559,0.54441,GBI available,TLI available,both
Selkup_Turukhansk,Irish_Leinster,"70%, 80%",ural1272,indo1319,"ural1272 ~ ural1272 , indo1319",15, 9,selk1253,iris1253,glottocodeGBIproxy,glottocodeBase,sout3262,iris1253,0.84236,0.92118,glottocodeBase,glottocodeBase,selk1253,iris1253,0.45559,0.54441,GBI available,TLI available,both
Selkup_Turukhansk,Irish_Munster,"70%, 80%",ural1272,indo1319,"ural1272 ~ ural1272 , indo1319",15, 9,selk1253,muns1250,glottocodeGBIproxy,glottocodeGBIproxy,sout3262,iris1253,0.84236,0.92118,glottocodeBase,glottocodeTLIproxy,selk1253,iris1253,0.45559,0.54441,GBI available,TLI available,both
Selkup_Turukhansk,Irish_Ulster,"70%, 80%",ural1272,indo1319,"ural1272 ~ ural1272 , indo1319",15, 9,selk1253,done1238,glottocodeGBIproxy,glottocodeGBIproxy,sout3262,iris1253,0.84236,0.92118,glottocodeBase,glottocodeTLIproxy,selk1253,iris1253,0.45559,0.54441,GBI available,TLI available,both
Selkup_Turukhansk,Lithuanian,"70%, 80%",ural1272,indo1319,"ural1272 ~ ural1272 , indo1319",15, 9,selk1253,lith1251,glottocodeGBIproxy,glottocodeBase,sout3262,lith1251,0.84236,0.86700,glottocodeBase,glottocodeBase,selk1253,lith1251,0.45559,0.53868,GBI available,TLI available,both
Selkup_Turukhansk,Norwegian,"70%, 80%",ural1272,indo1319,"ural1272 ~ ural1272 , indo1319",15, 9,selk1253,norw1258,glottocodeGBIproxy,no proxy,sout3262,NA,0.84236,0.00000,glottocodeBase,glottocodeBase,selk1253,norw1258,0.45559,0.34670,GBI NOT available,TLI available,TLI only
Selkup_Turukhansk,Orcadian,"70%, 80%",ural1272,indo1319,"ural1272 ~ ural1272 , indo1319",15, 9,selk1253,scot1243,glottocodeGBIproxy,no proxy,sout3262,NA,0.84236,0.00000,glottocodeBase,glottocodeBase,selk1253,scot1243,0.45559,0.10315,GBI NOT available,TLI available,TLI only
Selkup_Turukhansk,Polish_Lublin,"70%, 80%",ural1272,indo1319,"ural1272 ~ ural1272 , indo1319",15, 9,selk1253,poli1260,glottocodeGBIproxy,glottocodeBase,sout3262,poli1260,0.84236,0.93596,glottocodeBase,glottocodeBase,selk1253,poli1260,0.45559,0.56447,GBI available,TLI available,both
Selkup_Turukhansk,Polish_Poznan,"70%, 80%",ural1272,indo1319,"ural1272 ~ ural1272 , indo1319",15, 9,selk1253,poli1260,glottocodeGBIproxy,glottocodeBase,sout3262,poli1260,0.84236,0.93596,glottocodeBase,glottocodeBase,selk1253,poli1260,0.45559,0.56447,GBI available,TLI available,both
Selkup_Turukhansk,Russian,"70%, 80%",ural1272,indo1319,"ural1272 ~ ural1272 , indo1319",15, 9,selk1253,russ1263,glottocodeGBIproxy,glottocodeBase,sout3262,russ1263,0.84236,0.92118,glottocodeBase,glottocodeBase,selk1253,russ1263,0.45559,0.85387,GBI available,TLI available,both
Selkup_Turukhansk,Russian_Archangelsk_Krasnoborsky,"70%, 80%",ural1272,indo1319,"ural1272 ~ ural1272 , indo1319",15, 9,selk1253,russ1263,glottocodeGBIproxy,glottocodeBase,sout3262,russ1263,0.84236,0.92118,glottocodeBase,glottocodeBase,selk1253,russ1263,0.45559,0.85387,GBI available,TLI available,both
Selkup_Turukhansk,Russian_Archangelsk_Pinezhsky,"70%, 80%",ural1272,indo1319,"ural1272 ~ ural1272 , indo1319",15, 9,selk1253,russ1263,glottocodeGBIproxy,glottocodeBase,sout3262,russ1263,0.84236,0.92118,glottocodeBase,glottocodeBase,selk1253,russ1263,0.45559,0.85387,GBI available,TLI available,both
Selkup_Turukhansk,Russian_Belgorod,"70%, 80%",ural1272,indo1319,"ural1272 ~ ural1272 , indo1319",15, 9,selk1253,russ1263,glottocodeGBIproxy,glottocodeBase,sout3262,russ1263,0.84236,0.92118,glottocodeBase,glottocodeBase,selk1253,russ1263,0.45559,0.85387,GBI available,TLI available,both
Selkup_Turukhansk,Russian_Kaluga,"70%, 80%",ural1272,indo1319,"ural1272 ~ ural1272 , indo1319",15, 9,selk1253,russ1263,glottocodeGBIproxy,glottocodeBase,sout3262,russ1263,0.84236,0.92118,glottocodeBase,glottocodeBase,selk1253,russ1263,0.45559,0.85387,GBI available,TLI available,both
Selkup_Turukhansk,Russian_Kursk,"70%, 80%",ural1272,indo1319,"ural1272 ~ ural1272 , indo1319",15, 9,selk1253,russ1263,glottocodeGBIproxy,glottocodeBase,sout3262,russ1263,0.84236,0.92118,glottocodeBase,glottocodeBase,selk1253,russ1263,0.45559,0.85387,GBI available,TLI available,both
Selkup_Turukhansk,Russian_Oryol,"70%, 80%",ural1272,indo1319,"ural1272 ~ ural1272 , indo1319",15, 9,selk1253,russ1263,glottocodeGBIproxy,glottocodeBase,sout3262,russ1263,0.84236,0.92118,glottocodeBase,glottocodeBase,selk1253,russ1263,0.45559,0.85387,GBI available,TLI available,both
Selkup_Turukhansk,Russian_Pskov_Ostrov,"70%, 80%",ural1272,indo1319,"ural1272 ~ ural1272 , indo1319",15, 9,selk1253,russ1263,glottocodeGBIproxy,glottocodeBase,sout3262,russ1263,0.84236,0.92118,glottocodeBase,glottocodeBase,selk1253,russ1263,0.45559,0.85387,GBI available,TLI available,both
Selkup_Turukhansk,Russian_Pskov_Porkhov,"70%, 80%",ural1272,indo1319,"ural1272 ~ ural1272 , indo1319",15, 9,selk1253,russ1263,glottocodeGBIproxy,glottocodeBase,sout3262,russ1263,0.84236,0.92118,glottocodeBase,glottocodeBase,selk1253,russ1263,0.45559,0.85387,GBI available,TLI available,both
Selkup_Turukhansk,Russian_Ryazan_Mihailovsky,"70%, 80%",ural1272,indo1319,"ural1272 ~ ural1272 , indo1319",15, 9,selk1253,russ1263,glottocodeGBIproxy,glottocodeBase,sout3262,russ1263,0.84236,0.92118,glottocodeBase,glottocodeBase,selk1253,russ1263,0.45559,0.85387,GBI available,TLI available,both
Selkup_Turukhansk,Russian_Ryazan_Spassk_Ryazansky,"70%, 80%",ural1272,indo1319,"ural1272 ~ ural1272 , indo1319",15, 9,selk1253,russ1263,glottocodeGBIproxy,glottocodeBase,sout3262,russ1263,0.84236,0.92118,glottocodeBase,glottocodeBase,selk1253,russ1263,0.45559,0.85387,GBI available,TLI available,both
Selkup_Turukhansk,Russian_Smolensk,"70%, 80%",ural1272,indo1319,"ural1272 ~ ural1272 , indo1319",15, 9,selk1253,russ1263,glottocodeGBIproxy,glottocodeBase,sout3262,russ1263,0.84236,0.92118,glottocodeBase,glottocodeBase,selk1253,russ1263,0.45559,0.85387,GBI available,TLI available,both
Selkup_Turukhansk,Russian_Tver,"70%, 80%",ural1272,indo1319,"ural1272 ~ ural1272 , indo1319",15, 9,selk1253,russ1263,glottocodeGBIproxy,glottocodeBase,sout3262,russ1263,0.84236,0.92118,glottocodeBase,glottocodeBase,selk1253,russ1263,0.45559,0.85387,GBI available,TLI available,both
Selkup_Turukhansk,Russian_Yaroslavl,"70%, 80%",ural1272,indo1319,"ural1272 ~ ural1272 , indo1319",15, 9,selk1253,russ1263,glottocodeGBIproxy,glottocodeBase,sout3262,russ1263,0.84236,0.92118,glottocodeBase,glottocodeBase,selk1253,russ1263,0.45559,0.85387,GBI available,TLI available,both
Selkup_Turukhansk,Scottish,"70%, 80%",ural1272,indo1319,"ural1272 ~ ural1272 , indo1319",15, 9,selk1253,scot1245,glottocodeGBIproxy,no proxy,sout3262,NA,0.84236,0.00000,glottocodeBase,glottocodeBase,selk1253,scot1245,0.45559,0.26934,GBI NOT available,TLI available,TLI only
Selkup_Turukhansk,Scottish_Dumfries_Galloway,"70%, 80%",ural1272,indo1319,"ural1272 ~ ural1272 , indo1319",15, 9,selk1253,scot1245,glottocodeGBIproxy,no proxy,sout3262,NA,0.84236,0.00000,glottocodeBase,glottocodeBase,selk1253,scot1245,0.45559,0.26934,GBI NOT available,TLI available,TLI only
Selkup_Turukhansk,Scottish_Fife,"70%, 80%",ural1272,indo1319,"ural1272 ~ ural1272 , indo1319",15, 9,selk1253,scot1245,glottocodeGBIproxy,no proxy,sout3262,NA,0.84236,0.00000,glottocodeBase,glottocodeBase,selk1253,scot1245,0.45559,0.26934,GBI NOT available,TLI available,TLI only
Selkup_Turukhansk,Scottish_Grampian,"70%, 80%",ural1272,indo1319,"ural1272 ~ ural1272 , indo1319",15, 9,selk1253,scot1245,glottocodeGBIproxy,no proxy,sout3262,NA,0.84236,0.00000,glottocodeBase,glottocodeBase,selk1253,scot1245,0.45559,0.26934,GBI NOT available,TLI available,TLI only
Selkup_Turukhansk,Scottish_Highlands,"70%, 80%",ural1272,indo1319,"ural1272 ~ ural1272 , indo1319",15, 9,selk1253,scot1245,glottocodeGBIproxy,no proxy,sout3262,NA,0.84236,0.00000,glottocodeBase,glottocodeBase,selk1253,scot1245,0.45559,0.26934,GBI NOT available,TLI available,TLI only
Selkup_Turukhansk,Scottish_Shetlandic,"70%, 80%",ural1272,indo1319,"ural1272 ~ ural1272 , indo1319",15, 9,selk1253,scot1245,glottocodeGBIproxy,no proxy,sout3262,NA,0.84236,0.00000,glottocodeBase,glottocodeBase,selk1253,scot1245,0.45559,0.26934,GBI NOT available,TLI available,TLI only
Selkup_Turukhansk,Ukrainian_East,"70%, 80%",ural1272,indo1319,"ural1272 ~ ural1272 , indo1319",15, 9,selk1253,ukra1253,glottocodeGBIproxy,glottocodeBase,sout3262,ukra1253,0.84236,0.78325,glottocodeBase,glottocodeBase,selk1253,ukra1253,0.45559,0.32665,GBI available,TLI available,both
Selkup_Turukhansk,Ukrainian_Rovenskaya,"70%, 80%",ural1272,indo1319,"ural1272 ~ ural1272 , indo1319",15, 9,selk1253,ukra1253,glottocodeGBIproxy,glottocodeBase,sout3262,ukra1253,0.84236,0.78325,glottocodeBase,glottocodeBase,selk1253,ukra1253,0.45559,0.32665,GBI available,TLI available,both
Selkup_Turukhansk,Ukrainian_Sumskaya,"70%, 80%",ural1272,indo1319,"ural1272 ~ ural1272 , indo1319",15, 9,selk1253,ukra1253,glottocodeGBIproxy,glottocodeBase,sout3262,ukra1253,0.84236,0.78325,glottocodeBase,glottocodeBase,selk1253,ukra1253,0.45559,0.32665,GBI available,TLI available,both
Selkup_Turukhansk,Ukrainian_Zhitomirskaya,"70%, 80%",ural1272,indo1319,"ural1272 ~ ural1272 , indo1319",15, 9,selk1253,ukra1253,glottocodeGBIproxy,glottocodeBase,sout3262,ukra1253,0.84236,0.78325,glottocodeBase,glottocodeBase,selk1253,ukra1253,0.45559,0.32665,GBI available,TLI available,both
Selkup_Turukhansk,Scottish_Borders,"70%, 80%",ural1272,indo1319,"ural1272 ~ ural1272 , indo1319",15, 8,selk1253,scot1245,glottocodeGBIproxy,no proxy,sout3262,NA,0.84236,0.00000,glottocodeBase,glottocodeBase,selk1253,scot1245,0.45559,0.26934,GBI NOT available,TLI available,TLI only
Selkup_Turukhansk,Czech,"70%, 80%",ural1272,indo1319,"ural1272 ~ ural1272 , indo1319",15, 6,selk1253,czec1258,glottocodeGBIproxy,glottocodeBase,sout3262,czec1258,0.84236,0.86700,glottocodeBase,glottocodeBase,selk1253,czec1258,0.45559,0.32951,GBI available,TLI available,both
Selkup_Turukhansk,English_Kent,"70%, 80%",ural1272,indo1319,"ural1272 ~ ural1272 , indo1319",15, 5,selk1253,stan1293,glottocodeGBIproxy,glottocodeBase,sout3262,stan1293,0.84236,0.85222,glottocodeBase,glottocodeBase,selk1253,stan1293,0.45559,0.82521,GBI available,TLI available,both
Selkup_Turukhansk,Ket,"70%, 80%, 90%",ural1272,yeni1252,"ural1272 ~ ural1272 , yeni1252",15, 2,selk1253,kett1243,glottocodeGBIproxy,glottocodeBase,sout3262,kett1243,0.84236,0.86700,glottocodeBase,glottocodeBase,selk1253,kett1243,0.45559,0.52436,GBI available,TLI available,both
Selkup_Turukhansk,English_Cornwall,"70%, 80%",ural1272,indo1319,"ural1272 ~ ural1272 , indo1319",15, 1,selk1253,stan1293,glottocodeGBIproxy,glottocodeBase,sout3262,stan1293,0.84236,0.85222,glottocodeBase,glottocodeBase,selk1253,stan1293,0.45559,0.82521,GBI available,TLI available,both
Selkup_Turukhansk,Russian_Archangelsk_Leshukonsky,"70%, 80%",ural1272,indo1319,"ural1272 ~ ural1272 , indo1319",15, 1,selk1253,russ1263,glottocodeGBIproxy,glottocodeBase,sout3262,russ1263,0.84236,0.92118,glottocodeBase,glottocodeBase,selk1253,russ1263,0.45559,0.85387,GBI available,TLI available,both
Selkup_Turukhansk,Ukrainian_West,"70%, 80%",ural1272,indo1319,"ural1272 ~ ural1272 , indo1319",15, 1,selk1253,ukra1253,glottocodeGBIproxy,glottocodeBase,sout3262,ukra1253,0.84236,0.78325,glottocodeBase,glottocodeBase,selk1253,ukra1253,0.45559,0.32665,GBI available,TLI available,both
Besermyan,Belarusian,70%,ural1272,indo1319,"ural1272 ~ ural1272 , indo1319",14,14,bese1243,bela1254,no proxy,glottocodeBase,NA,bela1254,0,0.87685,glottocodeTLIproxy,glottocodeBase,udmu1245,bela1254,0.3639,0.14040,GBI NOT available,TLI available,TLI only
Besermyan,Lithuanian,70%,ural1272,indo1319,"ural1272 ~ ural1272 , indo1319",14,14,bese1243,lith1251,no proxy,glottocodeBase,NA,lith1251,0,0.86700,glottocodeTLIproxy,glottocodeBase,udmu1245,lith1251,0.3639,0.53868,GBI NOT available,TLI available,TLI only
Besermyan,Russian_Archangelsk_Krasnoborsky,70%,ural1272,indo1319,"ural1272 ~ ural1272 , indo1319",14,14,bese1243,russ1263,no proxy,glottocodeBase,NA,russ1263,0,0.92118,glottocodeTLIproxy,glottocodeBase,udmu1245,russ1263,0.3639,0.85387,GBI NOT available,TLI available,TLI only
Besermyan,Russian_Archangelsk_Pinezhsky,70%,ural1272,indo1319,"ural1272 ~ ural1272 , indo1319",14,14,bese1243,russ1263,no proxy,glottocodeBase,NA,russ1263,0,0.92118,glottocodeTLIproxy,glottocodeBase,udmu1245,russ1263,0.3639,0.85387,GBI NOT available,TLI available,TLI only
Besermyan,Russian_Kaluga,70%,ural1272,indo1319,"ural1272 ~ ural1272 , indo1319",14,14,bese1243,russ1263,no proxy,glottocodeBase,NA,russ1263,0,0.92118,glottocodeTLIproxy,glottocodeBase,udmu1245,russ1263,0.3639,0.85387,GBI NOT available,TLI available,TLI only
Besermyan,Russian_Pskov_Ostrov,70%,ural1272,indo1319,"ural1272 ~ ural1272 , indo1319",14,14,bese1243,russ1263,no proxy,glottocodeBase,NA,russ1263,0,0.92118,glottocodeTLIproxy,glottocodeBase,udmu1245,russ1263,0.3639,0.85387,GBI NOT available,TLI available,TLI only
Besermyan,Russian_Pskov_Porkhov,70%,ural1272,indo1319,"ural1272 ~ ural1272 , indo1319",14,14,bese1243,russ1263,no proxy,glottocodeBase,NA,russ1263,0,0.92118,glottocodeTLIproxy,glottocodeBase,udmu1245,russ1263,0.3639,0.85387,GBI NOT available,TLI available,TLI only
Besermyan,Russian_Smolensk,70%,ural1272,indo1319,"ural1272 ~ ural1272 , indo1319",14,14,bese1243,russ1263,no proxy,glottocodeBase,NA,russ1263,0,0.92118,glottocodeTLIproxy,glottocodeBase,udmu1245,russ1263,0.3639,0.85387,GBI NOT available,TLI available,TLI only
Besermyan,Russian_Yaroslavl,70%,ural1272,indo1319,"ural1272 ~ ural1272 , indo1319",14,14,bese1243,russ1263,no proxy,glottocodeBase,NA,russ1263,0,0.92118,glottocodeTLIproxy,glottocodeBase,udmu1245,russ1263,0.3639,0.85387,GBI NOT available,TLI available,TLI only
Besermyan,German_Sorb,70%,ural1272,indo1319,"ural1272 ~ ural1272 , indo1319",14,10,bese1243,sorb1249,no proxy,no proxy,NA,NA,0,0.00000,glottocodeTLIproxy,glottocodeTLIproxy,udmu1245,uppe1395,0.3639,0.28367,GBI NOT available,TLI available,TLI only
Besermyan,Polish_Poznan,70%,ural1272,indo1319,"ural1272 ~ ural1272 , indo1319",14,10,bese1243,poli1260,no proxy,glottocodeBase,NA,poli1260,0,0.93596,glottocodeTLIproxy,glottocodeBase,udmu1245,poli1260,0.3639,0.56447,GBI NOT available,TLI available,TLI only
Besermyan,Russian,70%,ural1272,indo1319,"ural1272 ~ ural1272 , indo1319",14,10,bese1243,russ1263,no proxy,glottocodeBase,NA,russ1263,0,0.92118,glottocodeTLIproxy,glottocodeBase,udmu1245,russ1263,0.3639,0.85387,GBI NOT available,TLI available,TLI only
Besermyan,Russian_Kursk,70%,ural1272,indo1319,"ural1272 ~ ural1272 , indo1319",14,10,bese1243,russ1263,no proxy,glottocodeBase,NA,russ1263,0,0.92118,glottocodeTLIproxy,glottocodeBase,udmu1245,russ1263,0.3639,0.85387,GBI NOT available,TLI available,TLI only
Besermyan,Russian_Oryol,70%,ural1272,indo1319,"ural1272 ~ ural1272 , indo1319",14,10,bese1243,russ1263,no proxy,glottocodeBase,NA,russ1263,0,0.92118,glottocodeTLIproxy,glottocodeBase,udmu1245,russ1263,0.3639,0.85387,GBI NOT available,TLI available,TLI only
Besermyan,Russian_Ryazan_Spassk_Ryazansky,70%,ural1272,indo1319,"ural1272 ~ ural1272 , indo1319",14,10,bese1243,russ1263,no proxy,glottocodeBase,NA,russ1263,0,0.92118,glottocodeTLIproxy,glottocodeBase,udmu1245,russ1263,0.3639,0.85387,GBI NOT available,TLI available,TLI only
Besermyan,Russian_Tver,70%,ural1272,indo1319,"ural1272 ~ ural1272 , indo1319",14,10,bese1243,russ1263,no proxy,glottocodeBase,NA,russ1263,0,0.92118,glottocodeTLIproxy,glottocodeBase,udmu1245,russ1263,0.3639,0.85387,GBI NOT available,TLI available,TLI only
Besermyan,Ukrainian_East,70%,ural1272,indo1319,"ural1272 ~ ural1272 , indo1319",14,10,bese1243,ukra1253,no proxy,glottocodeBase,NA,ukra1253,0,0.78325,glottocodeTLIproxy,glottocodeBase,udmu1245,ukra1253,0.3639,0.32665,GBI NOT available,TLI available,TLI only
Besermyan,Ukrainian_Rovenskaya,70%,ural1272,indo1319,"ural1272 ~ ural1272 , indo1319",14,10,bese1243,ukra1253,no proxy,glottocodeBase,NA,ukra1253,0,0.78325,glottocodeTLIproxy,glottocodeBase,udmu1245,ukra1253,0.3639,0.32665,GBI NOT available,TLI available,TLI only
Besermyan,French_West,70%,ural1272,indo1319,"ural1272 ~ ural1272 , indo1319",14, 9,bese1243,stan1290,no proxy,glottocodeBase,NA,stan1290,0,0.89655,glottocodeTLIproxy,glottocodeBase,udmu1245,stan1290,0.3639,0.80802,GBI NOT available,TLI available,TLI only
Besermyan,German_Lipsian,70%,ural1272,indo1319,"ural1272 ~ ural1272 , indo1319",14, 9,bese1243,stan1295,no proxy,no proxy,NA,NA,0,0.00000,glottocodeTLIproxy,glottocodeBase,udmu1245,stan1295,0.3639,0.79370,GBI NOT available,TLI available,TLI only
Besermyan,Icelandic,70%,ural1272,indo1319,"ural1272 ~ ural1272 , indo1319",14, 9,bese1243,icel1247,no proxy,glottocodeBase,NA,icel1247,0,0.86700,glottocodeTLIproxy,glottocodeBase,udmu1245,icel1247,0.3639,0.59599,GBI NOT available,TLI available,TLI only
Besermyan,Irish_Connacht,70%,ural1272,indo1319,"ural1272 ~ ural1272 , indo1319",14, 9,bese1243,conn1243,no proxy,glottocodeGBIproxy,NA,iris1253,0,0.92118,glottocodeTLIproxy,glottocodeTLIproxy,udmu1245,iris1253,0.3639,0.54441,GBI NOT available,TLI available,TLI only
Besermyan,Irish_Cork_Kerry,70%,ural1272,indo1319,"ural1272 ~ ural1272 , indo1319",14, 9,bese1243,iris1253,no proxy,glottocodeBase,NA,iris1253,0,0.92118,glottocodeTLIproxy,glottocodeBase,udmu1245,iris1253,0.3639,0.54441,GBI NOT available,TLI available,TLI only
Besermyan,Irish_Leinster,70%,ural1272,indo1319,"ural1272 ~ ural1272 , indo1319",14, 9,bese1243,iris1253,no proxy,glottocodeBase,NA,iris1253,0,0.92118,glottocodeTLIproxy,glottocodeBase,udmu1245,iris1253,0.3639,0.54441,GBI NOT available,TLI available,TLI only
Besermyan,Irish_Munster,70%,ural1272,indo1319,"ural1272 ~ ural1272 , indo1319",14, 9,bese1243,muns1250,no proxy,glottocodeGBIproxy,NA,iris1253,0,0.92118,glottocodeTLIproxy,glottocodeTLIproxy,udmu1245,iris1253,0.3639,0.54441,GBI NOT available,TLI available,TLI only
Besermyan,Irish_Ulster,70%,ural1272,indo1319,"ural1272 ~ ural1272 , indo1319",14, 9,bese1243,done1238,no proxy,glottocodeGBIproxy,NA,iris1253,0,0.92118,glottocodeTLIproxy,glottocodeTLIproxy,udmu1245,iris1253,0.3639,0.54441,GBI NOT available,TLI available,TLI only
Besermyan,Norwegian,70%,ural1272,indo1319,"ural1272 ~ ural1272 , indo1319",14, 9,bese1243,norw1258,no proxy,no proxy,NA,NA,0,0.00000,glottocodeTLIproxy,glottocodeBase,udmu1245,norw1258,0.3639,0.34670,GBI NOT available,TLI available,TLI only
Besermyan,Orcadian,70%,ural1272,indo1319,"ural1272 ~ ural1272 , indo1319",14, 9,bese1243,scot1243,no proxy,no proxy,NA,NA,0,0.00000,glottocodeTLIproxy,glottocodeBase,udmu1245,scot1243,0.3639,0.10315,GBI NOT available,TLI available,TLI only
Besermyan,Polish_Lublin,70%,ural1272,indo1319,"ural1272 ~ ural1272 , indo1319",14, 9,bese1243,poli1260,no proxy,glottocodeBase,NA,poli1260,0,0.93596,glottocodeTLIproxy,glottocodeBase,udmu1245,poli1260,0.3639,0.56447,GBI NOT available,TLI available,TLI only
Besermyan,Russian_Belgorod,70%,ural1272,indo1319,"ural1272 ~ ural1272 , indo1319",14, 9,bese1243,russ1263,no proxy,glottocodeBase,NA,russ1263,0,0.92118,glottocodeTLIproxy,glottocodeBase,udmu1245,russ1263,0.3639,0.85387,GBI NOT available,TLI available,TLI only
Besermyan,Russian_Ryazan_Mihailovsky,70%,ural1272,indo1319,"ural1272 ~ ural1272 , indo1319",14, 9,bese1243,russ1263,no proxy,glottocodeBase,NA,russ1263,0,0.92118,glottocodeTLIproxy,glottocodeBase,udmu1245,russ1263,0.3639,0.85387,GBI NOT available,TLI available,TLI only
Besermyan,Scottish,70%,ural1272,indo1319,"ural1272 ~ ural1272 , indo1319",14, 9,bese1243,scot1245,no proxy,no proxy,NA,NA,0,0.00000,glottocodeTLIproxy,glottocodeBase,udmu1245,scot1245,0.3639,0.26934,GBI NOT available,TLI available,TLI only
Besermyan,Scottish_Dumfries_Galloway,70%,ural1272,indo1319,"ural1272 ~ ural1272 , indo1319",14, 9,bese1243,scot1245,no proxy,no proxy,NA,NA,0,0.00000,glottocodeTLIproxy,glottocodeBase,udmu1245,scot1245,0.3639,0.26934,GBI NOT available,TLI available,TLI only
Besermyan,Scottish_Fife,70%,ural1272,indo1319,"ural1272 ~ ural1272 , indo1319",14, 9,bese1243,scot1245,no proxy,no proxy,NA,NA,0,0.00000,glottocodeTLIproxy,glottocodeBase,udmu1245,scot1245,0.3639,0.26934,GBI NOT available,TLI available,TLI only
Besermyan,Scottish_Grampian,70%,ural1272,indo1319,"ural1272 ~ ural1272 , indo1319",14, 9,bese1243,scot1245,no proxy,no proxy,NA,NA,0,0.00000,glottocodeTLIproxy,glottocodeBase,udmu1245,scot1245,0.3639,0.26934,GBI NOT available,TLI available,TLI only
Besermyan,Scottish_Highlands,70%,ural1272,indo1319,"ural1272 ~ ural1272 , indo1319",14, 9,bese1243,scot1245,no proxy,no proxy,NA,NA,0,0.00000,glottocodeTLIproxy,glottocodeBase,udmu1245,scot1245,0.3639,0.26934,GBI NOT available,TLI available,TLI only
Besermyan,Scottish_Shetlandic,70%,ural1272,indo1319,"ural1272 ~ ural1272 , indo1319",14, 9,bese1243,scot1245,no proxy,no proxy,NA,NA,0,0.00000,glottocodeTLIproxy,glottocodeBase,udmu1245,scot1245,0.3639,0.26934,GBI NOT available,TLI available,TLI only
Besermyan,Ukrainian_Sumskaya,70%,ural1272,indo1319,"ural1272 ~ ural1272 , indo1319",14, 9,bese1243,ukra1253,no proxy,glottocodeBase,NA,ukra1253,0,0.78325,glottocodeTLIproxy,glottocodeBase,udmu1245,ukra1253,0.3639,0.32665,GBI NOT available,TLI available,TLI only
Besermyan,Ukrainian_Zhitomirskaya,70%,ural1272,indo1319,"ural1272 ~ ural1272 , indo1319",14, 9,bese1243,ukra1253,no proxy,glottocodeBase,NA,ukra1253,0,0.78325,glottocodeTLIproxy,glottocodeBase,udmu1245,ukra1253,0.3639,0.32665,GBI NOT available,TLI available,TLI only
Besermyan,Scottish_Borders,70%,ural1272,indo1319,"ural1272 ~ ural1272 , indo1319",14, 8,bese1243,scot1245,no proxy,no proxy,NA,NA,0,0.00000,glottocodeTLIproxy,glottocodeBase,udmu1245,scot1245,0.3639,0.26934,GBI NOT available,TLI available,TLI only
Besermyan,Czech,70%,ural1272,indo1319,"ural1272 ~ ural1272 , indo1319",14, 6,bese1243,czec1258,no proxy,glottocodeBase,NA,czec1258,0,0.86700,glottocodeTLIproxy,glottocodeBase,udmu1245,czec1258,0.3639,0.32951,GBI NOT available,TLI available,TLI only
Besermyan,English_Kent,70%,ural1272,indo1319,"ural1272 ~ ural1272 , indo1319",14, 5,bese1243,stan1293,no proxy,glottocodeBase,NA,stan1293,0,0.85222,glottocodeTLIproxy,glottocodeBase,udmu1245,stan1293,0.3639,0.82521,GBI NOT available,TLI available,TLI only
Besermyan,Ket,70%,ural1272,yeni1252,"ural1272 ~ ural1272 , yeni1252",14, 4,bese1243,kett1243,no proxy,glottocodeBase,NA,kett1243,0,0.86700,glottocodeTLIproxy,glottocodeBase,udmu1245,kett1243,0.3639,0.52436,GBI NOT available,TLI available,TLI only
Besermyan,Ket_Southeast,70%,ural1272,yeni1252,"ural1272 ~ ural1272 , yeni1252",14, 3,bese1243,kett1243,no proxy,glottocodeBase,NA,kett1243,0,0.86700,glottocodeTLIproxy,glottocodeBase,udmu1245,kett1243,0.3639,0.52436,GBI NOT available,TLI available,TLI only
Besermyan,English_Cornwall,70%,ural1272,indo1319,"ural1272 ~ ural1272 , indo1319",14, 1,bese1243,stan1293,no proxy,glottocodeBase,NA,stan1293,0,0.85222,glottocodeTLIproxy,glottocodeBase,udmu1245,stan1293,0.3639,0.82521,GBI NOT available,TLI available,TLI only
Besermyan,Russian_Archangelsk_Leshukonsky,70%,ural1272,indo1319,"ural1272 ~ ural1272 , indo1319",14, 1,bese1243,russ1263,no proxy,glottocodeBase,NA,russ1263,0,0.92118,glottocodeTLIproxy,glottocodeBase,udmu1245,russ1263,0.3639,0.85387,GBI NOT available,TLI available,TLI only
Besermyan,Ukrainian_West,70%,ural1272,indo1319,"ural1272 ~ ural1272 , indo1319",14, 1,bese1243,ukra1253,no proxy,glottocodeBase,NA,ukra1253,0,0.78325,glottocodeTLIproxy,glottocodeBase,udmu1245,ukra1253,0.3639,0.32665,GBI NOT available,TLI available,TLI only
Cabecar,Karitiana,"70%, 80%, 90%",chib1249,tupi1275,"chib1249 ~ chib1249 , tupi1275",14, 7,cabe1245,kari1311,glottocodeBase,glottocodeBase,cabe1245,kari1311,0.58128,0.71921,glottocodeTLIproxy,glottocodeBase,brib1243,kari1311,0.2808,0.17765,GBI available,TLI available,both
Cabecar,Karitiana_Rondonia,"70%, 80%, 90%",chib1249,tupi1275,"chib1249 ~ chib1249 , tupi1275",14, 7,cabe1245,kari1311,glottocodeBase,glottocodeBase,cabe1245,kari1311,0.58128,0.71921,glottocodeTLIproxy,glottocodeBase,brib1243,kari1311,0.2808,0.17765,GBI available,TLI available,both
Cabecar,Surui,"70%, 80%, 90%",chib1249,tupi1275,"chib1249 ~ chib1249 , tupi1275",14, 7,cabe1245,suru1262,glottocodeBase,glottocodeBase,cabe1245,suru1262,0.58128,0.09360,glottocodeTLIproxy,glottocodeBase,brib1243,suru1262,0.2808,0.10888,GBI available,TLI available,both
Cabecar,Chipewyan,"70%, 80%, 90%",chib1249,atha1245,"chib1249 ~ chib1249 , atha1245",14, 2,cabe1245,chip1261,glottocodeBase,glottocodeBase,cabe1245,chip1261,0.58128,0.80788,glottocodeTLIproxy,glottocodeBase,brib1243,chip1261,0.2808,0.26934,GBI available,TLI available,both
Chipewyan,Belarusian,"70%, 80%, 90%",atha1245,indo1319,"atha1245 ~ atha1245 , indo1319",14, 7,chip1261,bela1254,glottocodeBase,glottocodeBase,chip1261,bela1254,0.80788,0.87685,glottocodeBase,glottocodeBase,chip1261,bela1254,0.26934,0.14040,GBI available,TLI available,both
Chipewyan,Estonian,"70%, 80%, 90%",atha1245,ural1272,"atha1245 ~ atha1245 , ural1272",14, 7,chip1261,esto1258,glottocodeBase,glottocodeBase,chip1261,esto1258,0.80788,0.86207,glottocodeBase,glottocodeBase,chip1261,esto1258,0.26934,0.46418,GBI available,TLI available,both
Chipewyan,Finnish,"70%, 80%, 90%",atha1245,ural1272,"atha1245 ~ atha1245 , ural1272",14, 7,chip1261,finn1318,glottocodeBase,glottocodeBase,chip1261,finn1318,0.80788,0.87192,glottocodeBase,glottocodeBase,chip1261,finn1318,0.26934,0.84527,GBI available,TLI available,both
Chipewyan,Karelian_Northern,"70%, 80%, 90%",atha1245,ural1272,"atha1245 ~ atha1245 , ural1272",14, 7,chip1261,nort2673,glottocodeBase,glottocodeBase,chip1261,nort2673,0.80788,0.85714,glottocodeBase,glottocodeTLIproxy,chip1261,kare1335,0.26934,0.20917,GBI available,TLI available,both
Chipewyan,Karelian_Southern,"70%, 80%, 90%",atha1245,ural1272,"atha1245 ~ atha1245 , ural1272",14, 7,chip1261,sout2676,glottocodeBase,glottocodeGBIproxy,chip1261,tver1240,0.80788,0.87192,glottocodeBase,glottocodeTLIproxy,chip1261,kare1335,0.26934,0.20917,GBI available,TLI available,both
Chipewyan,Lithuanian,"70%, 80%, 90%",atha1245,indo1319,"atha1245 ~ atha1245 , indo1319",14, 7,chip1261,lith1251,glottocodeBase,glottocodeBase,chip1261,lith1251,0.80788,0.86700,glottocodeBase,glottocodeBase,chip1261,lith1251,0.26934,0.53868,GBI available,TLI available,both
Chipewyan,Russian_Archangelsk_Krasnoborsky,"70%, 80%, 90%",atha1245,indo1319,"atha1245 ~ atha1245 , indo1319",14, 7,chip1261,russ1263,glottocodeBase,glottocodeBase,chip1261,russ1263,0.80788,0.92118,glottocodeBase,glottocodeBase,chip1261,russ1263,0.26934,0.85387,GBI available,TLI available,both
Chipewyan,Russian_Archangelsk_Pinezhsky,"70%, 80%, 90%",atha1245,indo1319,"atha1245 ~ atha1245 , indo1319",14, 7,chip1261,russ1263,glottocodeBase,glottocodeBase,chip1261,russ1263,0.80788,0.92118,glottocodeBase,glottocodeBase,chip1261,russ1263,0.26934,0.85387,GBI available,TLI available,both
Chipewyan,Russian_Kaluga,"70%, 80%, 90%",atha1245,indo1319,"atha1245 ~ atha1245 , indo1319",14, 7,chip1261,russ1263,glottocodeBase,glottocodeBase,chip1261,russ1263,0.80788,0.92118,glottocodeBase,glottocodeBase,chip1261,russ1263,0.26934,0.85387,GBI available,TLI available,both
Chipewyan,Russian_Pskov_Ostrov,"70%, 80%, 90%",atha1245,indo1319,"atha1245 ~ atha1245 , indo1319",14, 7,chip1261,russ1263,glottocodeBase,glottocodeBase,chip1261,russ1263,0.80788,0.92118,glottocodeBase,glottocodeBase,chip1261,russ1263,0.26934,0.85387,GBI available,TLI available,both
Chipewyan,Russian_Pskov_Porkhov,"70%, 80%, 90%",atha1245,indo1319,"atha1245 ~ atha1245 , indo1319",14, 7,chip1261,russ1263,glottocodeBase,glottocodeBase,chip1261,russ1263,0.80788,0.92118,glottocodeBase,glottocodeBase,chip1261,russ1263,0.26934,0.85387,GBI available,TLI available,both
Chipewyan,Russian_Smolensk,"70%, 80%, 90%",atha1245,indo1319,"atha1245 ~ atha1245 , indo1319",14, 7,chip1261,russ1263,glottocodeBase,glottocodeBase,chip1261,russ1263,0.80788,0.92118,glottocodeBase,glottocodeBase,chip1261,russ1263,0.26934,0.85387,GBI available,TLI available,both
Chipewyan,Russian_Yaroslavl,"70%, 80%, 90%",atha1245,indo1319,"atha1245 ~ atha1245 , indo1319",14, 7,chip1261,russ1263,glottocodeBase,glottocodeBase,chip1261,russ1263,0.80788,0.92118,glottocodeBase,glottocodeBase,chip1261,russ1263,0.26934,0.85387,GBI available,TLI available,both
Chipewyan,Veps,"70%, 80%, 90%",atha1245,ural1272,"atha1245 ~ atha1245 , ural1272",14, 7,chip1261,veps1250,glottocodeBase,glottocodeBase,chip1261,veps1250,0.80788,0.86700,glottocodeBase,glottocodeBase,chip1261,veps1250,0.26934,0.18052,GBI available,TLI available,both
Chipewyan,French_West,"70%, 80%, 90%",atha1245,indo1319,"atha1245 ~ atha1245 , indo1319",14, 4,chip1261,stan1290,glottocodeBase,glottocodeBase,chip1261,stan1290,0.80788,0.89655,glottocodeBase,glottocodeBase,chip1261,stan1290,0.26934,0.80802,GBI available,TLI available,both
Chipewyan,German_Lipsian,"70%, 80%, 90%",atha1245,indo1319,"atha1245 ~ atha1245 , indo1319",14, 4,chip1261,stan1295,glottocodeBase,no proxy,chip1261,NA,0.80788,0.00000,glottocodeBase,glottocodeBase,chip1261,stan1295,0.26934,0.79370,GBI NOT available,TLI available,TLI only
Chipewyan,German_Sorb,"70%, 80%, 90%",atha1245,indo1319,"atha1245 ~ atha1245 , indo1319",14, 4,chip1261,sorb1249,glottocodeBase,no proxy,chip1261,NA,0.80788,0.00000,glottocodeBase,glottocodeTLIproxy,chip1261,uppe1395,0.26934,0.28367,GBI NOT available,TLI available,TLI only
Chipewyan,Icelandic,"70%, 80%, 90%",atha1245,indo1319,"atha1245 ~ atha1245 , indo1319",14, 4,chip1261,icel1247,glottocodeBase,glottocodeBase,chip1261,icel1247,0.80788,0.86700,glottocodeBase,glottocodeBase,chip1261,icel1247,0.26934,0.59599,GBI available,TLI available,both
Chipewyan,Irish_Connacht,"70%, 80%, 90%",atha1245,indo1319,"atha1245 ~ atha1245 , indo1319",14, 4,chip1261,conn1243,glottocodeBase,glottocodeGBIproxy,chip1261,iris1253,0.80788,0.92118,glottocodeBase,glottocodeTLIproxy,chip1261,iris1253,0.26934,0.54441,GBI available,TLI available,both
Chipewyan,Irish_Cork_Kerry,"70%, 80%, 90%",atha1245,indo1319,"atha1245 ~ atha1245 , indo1319",14, 4,chip1261,iris1253,glottocodeBase,glottocodeBase,chip1261,iris1253,0.80788,0.92118,glottocodeBase,glottocodeBase,chip1261,iris1253,0.26934,0.54441,GBI available,TLI available,both
Chipewyan,Irish_Leinster,"70%, 80%, 90%",atha1245,indo1319,"atha1245 ~ atha1245 , indo1319",14, 4,chip1261,iris1253,glottocodeBase,glottocodeBase,chip1261,iris1253,0.80788,0.92118,glottocodeBase,glottocodeBase,chip1261,iris1253,0.26934,0.54441,GBI available,TLI available,both
Chipewyan,Irish_Munster,"70%, 80%, 90%",atha1245,indo1319,"atha1245 ~ atha1245 , indo1319",14, 4,chip1261,muns1250,glottocodeBase,glottocodeGBIproxy,chip1261,iris1253,0.80788,0.92118,glottocodeBase,glottocodeTLIproxy,chip1261,iris1253,0.26934,0.54441,GBI available,TLI available,both
Chipewyan,Irish_Ulster,"70%, 80%, 90%",atha1245,indo1319,"atha1245 ~ atha1245 , indo1319",14, 4,chip1261,done1238,glottocodeBase,glottocodeGBIproxy,chip1261,iris1253,0.80788,0.92118,glottocodeBase,glottocodeTLIproxy,chip1261,iris1253,0.26934,0.54441,GBI available,TLI available,both
Chipewyan,Norwegian,"70%, 80%, 90%",atha1245,indo1319,"atha1245 ~ atha1245 , indo1319",14, 4,chip1261,norw1258,glottocodeBase,no proxy,chip1261,NA,0.80788,0.00000,glottocodeBase,glottocodeBase,chip1261,norw1258,0.26934,0.34670,GBI NOT available,TLI available,TLI only
Chipewyan,Orcadian,"70%, 80%, 90%",atha1245,indo1319,"atha1245 ~ atha1245 , indo1319",14, 4,chip1261,scot1243,glottocodeBase,no proxy,chip1261,NA,0.80788,0.00000,glottocodeBase,glottocodeBase,chip1261,scot1243,0.26934,0.10315,GBI NOT available,TLI available,TLI only
Chipewyan,Polish_Lublin,"70%, 80%, 90%",atha1245,indo1319,"atha1245 ~ atha1245 , indo1319",14, 4,chip1261,poli1260,glottocodeBase,glottocodeBase,chip1261,poli1260,0.80788,0.93596,glottocodeBase,glottocodeBase,chip1261,poli1260,0.26934,0.56447,GBI available,TLI available,both
Chipewyan,Polish_Poznan,"70%, 80%, 90%",atha1245,indo1319,"atha1245 ~ atha1245 , indo1319",14, 4,chip1261,poli1260,glottocodeBase,glottocodeBase,chip1261,poli1260,0.80788,0.93596,glottocodeBase,glottocodeBase,chip1261,poli1260,0.26934,0.56447,GBI available,TLI available,both
Chipewyan,Russian,"70%, 80%, 90%",atha1245,indo1319,"atha1245 ~ atha1245 , indo1319",14, 4,chip1261,russ1263,glottocodeBase,glottocodeBase,chip1261,russ1263,0.80788,0.92118,glottocodeBase,glottocodeBase,chip1261,russ1263,0.26934,0.85387,GBI available,TLI available,both
Chipewyan,Russian_Belgorod,"70%, 80%, 90%",atha1245,indo1319,"atha1245 ~ atha1245 , indo1319",14, 4,chip1261,russ1263,glottocodeBase,glottocodeBase,chip1261,russ1263,0.80788,0.92118,glottocodeBase,glottocodeBase,chip1261,russ1263,0.26934,0.85387,GBI available,TLI available,both
Chipewyan,Russian_Kursk,"70%, 80%, 90%",atha1245,indo1319,"atha1245 ~ atha1245 , indo1319",14, 4,chip1261,russ1263,glottocodeBase,glottocodeBase,chip1261,russ1263,0.80788,0.92118,glottocodeBase,glottocodeBase,chip1261,russ1263,0.26934,0.85387,GBI available,TLI available,both
Chipewyan,Russian_Oryol,"70%, 80%, 90%",atha1245,indo1319,"atha1245 ~ atha1245 , indo1319",14, 4,chip1261,russ1263,glottocodeBase,glottocodeBase,chip1261,russ1263,0.80788,0.92118,glottocodeBase,glottocodeBase,chip1261,russ1263,0.26934,0.85387,GBI available,TLI available,both
Chipewyan,Russian_Ryazan_Mihailovsky,"70%, 80%, 90%",atha1245,indo1319,"atha1245 ~ atha1245 , indo1319",14, 4,chip1261,russ1263,glottocodeBase,glottocodeBase,chip1261,russ1263,0.80788,0.92118,glottocodeBase,glottocodeBase,chip1261,russ1263,0.26934,0.85387,GBI available,TLI available,both
Chipewyan,Russian_Ryazan_Spassk_Ryazansky,"70%, 80%, 90%",atha1245,indo1319,"atha1245 ~ atha1245 , indo1319",14, 4,chip1261,russ1263,glottocodeBase,glottocodeBase,chip1261,russ1263,0.80788,0.92118,glottocodeBase,glottocodeBase,chip1261,russ1263,0.26934,0.85387,GBI available,TLI available,both
Chipewyan,Russian_Tver,"70%, 80%, 90%",atha1245,indo1319,"atha1245 ~ atha1245 , indo1319",14, 4,chip1261,russ1263,glottocodeBase,glottocodeBase,chip1261,russ1263,0.80788,0.92118,glottocodeBase,glottocodeBase,chip1261,russ1263,0.26934,0.85387,GBI available,TLI available,both
Chipewyan,Scottish,"70%, 80%, 90%",atha1245,indo1319,"atha1245 ~ atha1245 , indo1319",14, 4,chip1261,scot1245,glottocodeBase,no proxy,chip1261,NA,0.80788,0.00000,glottocodeBase,glottocodeBase,chip1261,scot1245,0.26934,0.26934,GBI NOT available,TLI available,TLI only
Chipewyan,Scottish_Dumfries_Galloway,"70%, 80%, 90%",atha1245,indo1319,"atha1245 ~ atha1245 , indo1319",14, 4,chip1261,scot1245,glottocodeBase,no proxy,chip1261,NA,0.80788,0.00000,glottocodeBase,glottocodeBase,chip1261,scot1245,0.26934,0.26934,GBI NOT available,TLI available,TLI only
Chipewyan,Scottish_Fife,"70%, 80%, 90%",atha1245,indo1319,"atha1245 ~ atha1245 , indo1319",14, 4,chip1261,scot1245,glottocodeBase,no proxy,chip1261,NA,0.80788,0.00000,glottocodeBase,glottocodeBase,chip1261,scot1245,0.26934,0.26934,GBI NOT available,TLI available,TLI only
Chipewyan,Scottish_Grampian,"70%, 80%, 90%",atha1245,indo1319,"atha1245 ~ atha1245 , indo1319",14, 4,chip1261,scot1245,glottocodeBase,no proxy,chip1261,NA,0.80788,0.00000,glottocodeBase,glottocodeBase,chip1261,scot1245,0.26934,0.26934,GBI NOT available,TLI available,TLI only
Chipewyan,Scottish_Highlands,"70%, 80%, 90%",atha1245,indo1319,"atha1245 ~ atha1245 , indo1319",14, 4,chip1261,scot1245,glottocodeBase,no proxy,chip1261,NA,0.80788,0.00000,glottocodeBase,glottocodeBase,chip1261,scot1245,0.26934,0.26934,GBI NOT available,TLI available,TLI only
Chipewyan,Scottish_Shetlandic,"70%, 80%, 90%",atha1245,indo1319,"atha1245 ~ atha1245 , indo1319",14, 4,chip1261,scot1245,glottocodeBase,no proxy,chip1261,NA,0.80788,0.00000,glottocodeBase,glottocodeBase,chip1261,scot1245,0.26934,0.26934,GBI NOT available,TLI available,TLI only
Chipewyan,Ukrainian_East,"70%, 80%, 90%",atha1245,indo1319,"atha1245 ~ atha1245 , indo1319",14, 4,chip1261,ukra1253,glottocodeBase,glottocodeBase,chip1261,ukra1253,0.80788,0.78325,glottocodeBase,glottocodeBase,chip1261,ukra1253,0.26934,0.32665,GBI available,TLI available,both
Chipewyan,Ukrainian_Rovenskaya,"70%, 80%, 90%",atha1245,indo1319,"atha1245 ~ atha1245 , indo1319",14, 4,chip1261,ukra1253,glottocodeBase,glottocodeBase,chip1261,ukra1253,0.80788,0.78325,glottocodeBase,glottocodeBase,chip1261,ukra1253,0.26934,0.32665,GBI available,TLI available,both
Chipewyan,Ukrainian_Sumskaya,"70%, 80%, 90%",atha1245,indo1319,"atha1245 ~ atha1245 , indo1319",14, 4,chip1261,ukra1253,glottocodeBase,glottocodeBase,chip1261,ukra1253,0.80788,0.78325,glottocodeBase,glottocodeBase,chip1261,ukra1253,0.26934,0.32665,GBI available,TLI available,both
Chipewyan,Ukrainian_Zhitomirskaya,"70%, 80%, 90%",atha1245,indo1319,"atha1245 ~ atha1245 , indo1319",14, 4,chip1261,ukra1253,glottocodeBase,glottocodeBase,chip1261,ukra1253,0.80788,0.78325,glottocodeBase,glottocodeBase,chip1261,ukra1253,0.26934,0.32665,GBI available,TLI available,both
Chipewyan,Czech,"70%, 80%, 90%",atha1245,indo1319,"atha1245 ~ atha1245 , indo1319",14, 3,chip1261,czec1258,glottocodeBase,glottocodeBase,chip1261,czec1258,0.80788,0.86700,glottocodeBase,glottocodeBase,chip1261,czec1258,0.26934,0.32951,GBI available,TLI available,both
Chipewyan,English_Kent,"70%, 80%, 90%",atha1245,indo1319,"atha1245 ~ atha1245 , indo1319",14, 3,chip1261,stan1293,glottocodeBase,glottocodeBase,chip1261,stan1293,0.80788,0.85222,glottocodeBase,glottocodeBase,chip1261,stan1293,0.26934,0.82521,GBI available,TLI available,both
Chipewyan,Scottish_Borders,"70%, 80%, 90%",atha1245,indo1319,"atha1245 ~ atha1245 , indo1319",14, 3,chip1261,scot1245,glottocodeBase,no proxy,chip1261,NA,0.80788,0.00000,glottocodeBase,glottocodeBase,chip1261,scot1245,0.26934,0.26934,GBI NOT available,TLI available,TLI only
LaJalca,Belarusian,"70%, 80%, 90%",quec1387,indo1319,"quec1387 ~ quec1387 , indo1319",14, 8,chac1250,bela1254,no proxy,glottocodeBase,NA,bela1254,0,0.87685,glottocodeBase,glottocodeBase,chac1250,bela1254,0.10602,0.14040,GBI NOT available,TLI available,TLI only
LaJalca,Estonian,"70%, 80%, 90%",quec1387,ural1272,"quec1387 ~ quec1387 , ural1272",14, 8,chac1250,esto1258,no proxy,glottocodeBase,NA,esto1258,0,0.86207,glottocodeBase,glottocodeBase,chac1250,esto1258,0.10602,0.46418,GBI NOT available,TLI available,TLI only
LaJalca,Finnish,"70%, 80%, 90%",quec1387,ural1272,"quec1387 ~ quec1387 , ural1272",14, 8,chac1250,finn1318,no proxy,glottocodeBase,NA,finn1318,0,0.87192,glottocodeBase,glottocodeBase,chac1250,finn1318,0.10602,0.84527,GBI NOT available,TLI available,TLI only
LaJalca,French_West,"70%, 80%, 90%",quec1387,indo1319,"quec1387 ~ quec1387 , indo1319",14, 8,chac1250,stan1290,no proxy,glottocodeBase,NA,stan1290,0,0.89655,glottocodeBase,glottocodeBase,chac1250,stan1290,0.10602,0.80802,GBI NOT available,TLI available,TLI only
LaJalca,German_Lipsian,"70%, 80%, 90%",quec1387,indo1319,"quec1387 ~ quec1387 , indo1319",14, 8,chac1250,stan1295,no proxy,no proxy,NA,NA,0,0.00000,glottocodeBase,glottocodeBase,chac1250,stan1295,0.10602,0.79370,GBI NOT available,TLI available,TLI only
LaJalca,German_Sorb,"70%, 80%, 90%",quec1387,indo1319,"quec1387 ~ quec1387 , indo1319",14, 8,chac1250,sorb1249,no proxy,no proxy,NA,NA,0,0.00000,glottocodeBase,glottocodeTLIproxy,chac1250,uppe1395,0.10602,0.28367,GBI NOT available,TLI available,TLI only
LaJalca,Icelandic,"70%, 80%, 90%",quec1387,indo1319,"quec1387 ~ quec1387 , indo1319",14, 8,chac1250,icel1247,no proxy,glottocodeBase,NA,icel1247,0,0.86700,glottocodeBase,glottocodeBase,chac1250,icel1247,0.10602,0.59599,GBI NOT available,TLI available,TLI only
LaJalca,Irish_Connacht,"70%, 80%, 90%",quec1387,indo1319,"quec1387 ~ quec1387 , indo1319",14, 8,chac1250,conn1243,no proxy,glottocodeGBIproxy,NA,iris1253,0,0.92118,glottocodeBase,glottocodeTLIproxy,chac1250,iris1253,0.10602,0.54441,GBI NOT available,TLI available,TLI only
LaJalca,Irish_Cork_Kerry,"70%, 80%, 90%",quec1387,indo1319,"quec1387 ~ quec1387 , indo1319",14, 8,chac1250,iris1253,no proxy,glottocodeBase,NA,iris1253,0,0.92118,glottocodeBase,glottocodeBase,chac1250,iris1253,0.10602,0.54441,GBI NOT available,TLI available,TLI only
LaJalca,Irish_Leinster,"70%, 80%, 90%",quec1387,indo1319,"quec1387 ~ quec1387 , indo1319",14, 8,chac1250,iris1253,no proxy,glottocodeBase,NA,iris1253,0,0.92118,glottocodeBase,glottocodeBase,chac1250,iris1253,0.10602,0.54441,GBI NOT available,TLI available,TLI only
LaJalca,Irish_Munster,"70%, 80%, 90%",quec1387,indo1319,"quec1387 ~ quec1387 , indo1319",14, 8,chac1250,muns1250,no proxy,glottocodeGBIproxy,NA,iris1253,0,0.92118,glottocodeBase,glottocodeTLIproxy,chac1250,iris1253,0.10602,0.54441,GBI NOT available,TLI available,TLI only
LaJalca,Irish_Ulster,"70%, 80%, 90%",quec1387,indo1319,"quec1387 ~ quec1387 , indo1319",14, 8,chac1250,done1238,no proxy,glottocodeGBIproxy,NA,iris1253,0,0.92118,glottocodeBase,glottocodeTLIproxy,chac1250,iris1253,0.10602,0.54441,GBI NOT available,TLI available,TLI only
LaJalca,Karelian_Northern,"70%, 80%, 90%",quec1387,ural1272,"quec1387 ~ quec1387 , ural1272",14, 8,chac1250,nort2673,no proxy,glottocodeBase,NA,nort2673,0,0.85714,glottocodeBase,glottocodeTLIproxy,chac1250,kare1335,0.10602,0.20917,GBI NOT available,TLI available,TLI only
LaJalca,Karelian_Southern,"70%, 80%, 90%",quec1387,ural1272,"quec1387 ~ quec1387 , ural1272",14, 8,chac1250,sout2676,no proxy,glottocodeGBIproxy,NA,tver1240,0,0.87192,glottocodeBase,glottocodeTLIproxy,chac1250,kare1335,0.10602,0.20917,GBI NOT available,TLI available,TLI only
LaJalca,Lithuanian,"70%, 80%, 90%",quec1387,indo1319,"quec1387 ~ quec1387 , indo1319",14, 8,chac1250,lith1251,no proxy,glottocodeBase,NA,lith1251,0,0.86700,glottocodeBase,glottocodeBase,chac1250,lith1251,0.10602,0.53868,GBI NOT available,TLI available,TLI only
LaJalca,Norwegian,"70%, 80%, 90%",quec1387,indo1319,"quec1387 ~ quec1387 , indo1319",14, 8,chac1250,norw1258,no proxy,no proxy,NA,NA,0,0.00000,glottocodeBase,glottocodeBase,chac1250,norw1258,0.10602,0.34670,GBI NOT available,TLI available,TLI only
LaJalca,Orcadian,"70%, 80%, 90%",quec1387,indo1319,"quec1387 ~ quec1387 , indo1319",14, 8,chac1250,scot1243,no proxy,no proxy,NA,NA,0,0.00000,glottocodeBase,glottocodeBase,chac1250,scot1243,0.10602,0.10315,GBI NOT available,TLI available,TLI only
LaJalca,Polish_Lublin,"70%, 80%, 90%",quec1387,indo1319,"quec1387 ~ quec1387 , indo1319",14, 8,chac1250,poli1260,no proxy,glottocodeBase,NA,poli1260,0,0.93596,glottocodeBase,glottocodeBase,chac1250,poli1260,0.10602,0.56447,GBI NOT available,TLI available,TLI only
LaJalca,Polish_Poznan,"70%, 80%, 90%",quec1387,indo1319,"quec1387 ~ quec1387 , indo1319",14, 8,chac1250,poli1260,no proxy,glottocodeBase,NA,poli1260,0,0.93596,glottocodeBase,glottocodeBase,chac1250,poli1260,0.10602,0.56447,GBI NOT available,TLI available,TLI only
LaJalca,Russian,"70%, 80%, 90%",quec1387,indo1319,"quec1387 ~ quec1387 , indo1319",14, 8,chac1250,russ1263,no proxy,glottocodeBase,NA,russ1263,0,0.92118,glottocodeBase,glottocodeBase,chac1250,russ1263,0.10602,0.85387,GBI NOT available,TLI available,TLI only
LaJalca,Russian_Archangelsk_Krasnoborsky,"70%, 80%, 90%",quec1387,indo1319,"quec1387 ~ quec1387 , indo1319",14, 8,chac1250,russ1263,no proxy,glottocodeBase,NA,russ1263,0,0.92118,glottocodeBase,glottocodeBase,chac1250,russ1263,0.10602,0.85387,GBI NOT available,TLI available,TLI only
LaJalca,Russian_Archangelsk_Pinezhsky,"70%, 80%, 90%",quec1387,indo1319,"quec1387 ~ quec1387 , indo1319",14, 8,chac1250,russ1263,no proxy,glottocodeBase,NA,russ1263,0,0.92118,glottocodeBase,glottocodeBase,chac1250,russ1263,0.10602,0.85387,GBI NOT available,TLI available,TLI only
LaJalca,Russian_Belgorod,"70%, 80%, 90%",quec1387,indo1319,"quec1387 ~ quec1387 , indo1319",14, 8,chac1250,russ1263,no proxy,glottocodeBase,NA,russ1263,0,0.92118,glottocodeBase,glottocodeBase,chac1250,russ1263,0.10602,0.85387,GBI NOT available,TLI available,TLI only
LaJalca,Russian_Kaluga,"70%, 80%, 90%",quec1387,indo1319,"quec1387 ~ quec1387 , indo1319",14, 8,chac1250,russ1263,no proxy,glottocodeBase,NA,russ1263,0,0.92118,glottocodeBase,glottocodeBase,chac1250,russ1263,0.10602,0.85387,GBI NOT available,TLI available,TLI only
LaJalca,Russian_Kursk,"70%, 80%, 90%",quec1387,indo1319,"quec1387 ~ quec1387 , indo1319",14, 8,chac1250,russ1263,no proxy,glottocodeBase,NA,russ1263,0,0.92118,glottocodeBase,glottocodeBase,chac1250,russ1263,0.10602,0.85387,GBI NOT available,TLI available,TLI only
LaJalca,Russian_Oryol,"70%, 80%, 90%",quec1387,indo1319,"quec1387 ~ quec1387 , indo1319",14, 8,chac1250,russ1263,no proxy,glottocodeBase,NA,russ1263,0,0.92118,glottocodeBase,glottocodeBase,chac1250,russ1263,0.10602,0.85387,GBI NOT available,TLI available,TLI only
LaJalca,Russian_Pskov_Ostrov,"70%, 80%, 90%",quec1387,indo1319,"quec1387 ~ quec1387 , indo1319",14, 8,chac1250,russ1263,no proxy,glottocodeBase,NA,russ1263,0,0.92118,glottocodeBase,glottocodeBase,chac1250,russ1263,0.10602,0.85387,GBI NOT available,TLI available,TLI only
LaJalca,Russian_Pskov_Porkhov,"70%, 80%, 90%",quec1387,indo1319,"quec1387 ~ quec1387 , indo1319",14, 8,chac1250,russ1263,no proxy,glottocodeBase,NA,russ1263,0,0.92118,glottocodeBase,glottocodeBase,chac1250,russ1263,0.10602,0.85387,GBI NOT available,TLI available,TLI only
LaJalca,Russian_Ryazan_Mihailovsky,"70%, 80%, 90%",quec1387,indo1319,"quec1387 ~ quec1387 , indo1319",14, 8,chac1250,russ1263,no proxy,glottocodeBase,NA,russ1263,0,0.92118,glottocodeBase,glottocodeBase,chac1250,russ1263,0.10602,0.85387,GBI NOT available,TLI available,TLI only
LaJalca,Russian_Ryazan_Spassk_Ryazansky,"70%, 80%, 90%",quec1387,indo1319,"quec1387 ~ quec1387 , indo1319",14, 8,chac1250,russ1263,no proxy,glottocodeBase,NA,russ1263,0,0.92118,glottocodeBase,glottocodeBase,chac1250,russ1263,0.10602,0.85387,GBI NOT available,TLI available,TLI only
LaJalca,Russian_Smolensk,"70%, 80%, 90%",quec1387,indo1319,"quec1387 ~ quec1387 , indo1319",14, 8,chac1250,russ1263,no proxy,glottocodeBase,NA,russ1263,0,0.92118,glottocodeBase,glottocodeBase,chac1250,russ1263,0.10602,0.85387,GBI NOT available,TLI available,TLI only
LaJalca,Russian_Tver,"70%, 80%, 90%",quec1387,indo1319,"quec1387 ~ quec1387 , indo1319",14, 8,chac1250,russ1263,no proxy,glottocodeBase,NA,russ1263,0,0.92118,glottocodeBase,glottocodeBase,chac1250,russ1263,0.10602,0.85387,GBI NOT available,TLI available,TLI only
LaJalca,Russian_Yaroslavl,"70%, 80%, 90%",quec1387,indo1319,"quec1387 ~ quec1387 , indo1319",14, 8,chac1250,russ1263,no proxy,glottocodeBase,NA,russ1263,0,0.92118,glottocodeBase,glottocodeBase,chac1250,russ1263,0.10602,0.85387,GBI NOT available,TLI available,TLI only
LaJalca,Scottish,"70%, 80%, 90%",quec1387,indo1319,"quec1387 ~ quec1387 , indo1319",14, 8,chac1250,scot1245,no proxy,no proxy,NA,NA,0,0.00000,glottocodeBase,glottocodeBase,chac1250,scot1245,0.10602,0.26934,GBI NOT available,TLI available,TLI only
LaJalca,Scottish_Dumfries_Galloway,"70%, 80%, 90%",quec1387,indo1319,"quec1387 ~ quec1387 , indo1319",14, 8,chac1250,scot1245,no proxy,no proxy,NA,NA,0,0.00000,glottocodeBase,glottocodeBase,chac1250,scot1245,0.10602,0.26934,GBI NOT available,TLI available,TLI only
LaJalca,Scottish_Fife,"70%, 80%, 90%",quec1387,indo1319,"quec1387 ~ quec1387 , indo1319",14, 8,chac1250,scot1245,no proxy,no proxy,NA,NA,0,0.00000,glottocodeBase,glottocodeBase,chac1250,scot1245,0.10602,0.26934,GBI NOT available,TLI available,TLI only
LaJalca,Scottish_Grampian,"70%, 80%, 90%",quec1387,indo1319,"quec1387 ~ quec1387 , indo1319",14, 8,chac1250,scot1245,no proxy,no proxy,NA,NA,0,0.00000,glottocodeBase,glottocodeBase,chac1250,scot1245,0.10602,0.26934,GBI NOT available,TLI available,TLI only
LaJalca,Scottish_Highlands,"70%, 80%, 90%",quec1387,indo1319,"quec1387 ~ quec1387 , indo1319",14, 8,chac1250,scot1245,no proxy,no proxy,NA,NA,0,0.00000,glottocodeBase,glottocodeBase,chac1250,scot1245,0.10602,0.26934,GBI NOT available,TLI available,TLI only
LaJalca,Scottish_Shetlandic,"70%, 80%, 90%",quec1387,indo1319,"quec1387 ~ quec1387 , indo1319",14, 8,chac1250,scot1245,no proxy,no proxy,NA,NA,0,0.00000,glottocodeBase,glottocodeBase,chac1250,scot1245,0.10602,0.26934,GBI NOT available,TLI available,TLI only
LaJalca,Ukrainian_East,"70%, 80%, 90%",quec1387,indo1319,"quec1387 ~ quec1387 , indo1319",14, 8,chac1250,ukra1253,no proxy,glottocodeBase,NA,ukra1253,0,0.78325,glottocodeBase,glottocodeBase,chac1250,ukra1253,0.10602,0.32665,GBI NOT available,TLI available,TLI only
LaJalca,Ukrainian_Rovenskaya,"70%, 80%, 90%",quec1387,indo1319,"quec1387 ~ quec1387 , indo1319",14, 8,chac1250,ukra1253,no proxy,glottocodeBase,NA,ukra1253,0,0.78325,glottocodeBase,glottocodeBase,chac1250,ukra1253,0.10602,0.32665,GBI NOT available,TLI available,TLI only
LaJalca,Ukrainian_Sumskaya,"70%, 80%, 90%",quec1387,indo1319,"quec1387 ~ quec1387 , indo1319",14, 8,chac1250,ukra1253,no proxy,glottocodeBase,NA,ukra1253,0,0.78325,glottocodeBase,glottocodeBase,chac1250,ukra1253,0.10602,0.32665,GBI NOT available,TLI available,TLI only
LaJalca,Ukrainian_Zhitomirskaya,"70%, 80%, 90%",quec1387,indo1319,"quec1387 ~ quec1387 , indo1319",14, 8,chac1250,ukra1253,no proxy,glottocodeBase,NA,ukra1253,0,0.78325,glottocodeBase,glottocodeBase,chac1250,ukra1253,0.10602,0.32665,GBI NOT available,TLI available,TLI only
LaJalca,Veps,"70%, 80%, 90%",quec1387,ural1272,"quec1387 ~ quec1387 , ural1272",14, 8,chac1250,veps1250,no proxy,glottocodeBase,NA,veps1250,0,0.86700,glottocodeBase,glottocodeBase,chac1250,veps1250,0.10602,0.18052,GBI NOT available,TLI available,TLI only
LaJalca,Scottish_Borders,"70%, 80%, 90%",quec1387,indo1319,"quec1387 ~ quec1387 , indo1319",14, 7,chac1250,scot1245,no proxy,no proxy,NA,NA,0,0.00000,glottocodeBase,glottocodeBase,chac1250,scot1245,0.10602,0.26934,GBI NOT available,TLI available,TLI only
LaJalca,Czech,"70%, 80%, 90%",quec1387,indo1319,"quec1387 ~ quec1387 , indo1319",14, 6,chac1250,czec1258,no proxy,glottocodeBase,NA,czec1258,0,0.86700,glottocodeBase,glottocodeBase,chac1250,czec1258,0.10602,0.32951,GBI NOT available,TLI available,TLI only
LaJalca,English_Kent,"70%, 80%, 90%",quec1387,indo1319,"quec1387 ~ quec1387 , indo1319",14, 5,chac1250,stan1293,no proxy,glottocodeBase,NA,stan1293,0,0.85222,glottocodeBase,glottocodeBase,chac1250,stan1293,0.10602,0.82521,GBI NOT available,TLI available,TLI only
LaJalca,English_Cornwall,"70%, 80%, 90%",quec1387,indo1319,"quec1387 ~ quec1387 , indo1319",14, 1,chac1250,stan1293,no proxy,glottocodeBase,NA,stan1293,0,0.85222,glottocodeBase,glottocodeBase,chac1250,stan1293,0.10602,0.82521,GBI NOT available,TLI available,TLI only
LaJalca,Mordovian,"70%, 80%, 90%",quec1387,ural1272,"quec1387 ~ quec1387 , ural1272",14, 1,chac1250,erzy1239,no proxy,glottocodeBase,NA,erzy1239,0,0.84729,glottocodeBase,glottocodeBase,chac1250,erzy1239,0.10602,0.30659,GBI NOT available,TLI available,TLI only
LaJalca,Mordovian_Erzya,"70%, 80%, 90%",quec1387,ural1272,"quec1387 ~ quec1387 , ural1272",14, 1,chac1250,erzy1239,no proxy,glottocodeBase,NA,erzy1239,0,0.84729,glottocodeBase,glottocodeBase,chac1250,erzy1239,0.10602,0.30659,GBI NOT available,TLI available,TLI only
LaJalca,Mordovian_Moksha,"70%, 80%, 90%",quec1387,ural1272,"quec1387 ~ quec1387 , ural1272",14, 1,chac1250,moks1248,no proxy,glottocodeBase,NA,moks1248,0,0.88177,glottocodeBase,glottocodeBase,chac1250,moks1248,0.10602,0.19771,GBI NOT available,TLI available,TLI only
LaJalca,Russian_Archangelsk_Leshukonsky,"70%, 80%, 90%",quec1387,indo1319,"quec1387 ~ quec1387 , indo1319",14, 1,chac1250,russ1263,no proxy,glottocodeBase,NA,russ1263,0,0.92118,glottocodeBase,glottocodeBase,chac1250,russ1263,0.10602,0.85387,GBI NOT available,TLI available,TLI only
LaJalca,Ukrainian_West,"70%, 80%, 90%",quec1387,indo1319,"quec1387 ~ quec1387 , indo1319",14, 1,chac1250,ukra1253,no proxy,glottocodeBase,NA,ukra1253,0,0.78325,glottocodeBase,glottocodeBase,chac1250,ukra1253,0.10602,0.32665,GBI NOT available,TLI available,TLI only
LaJalca,Karitiana,"70%, 80%, 90%",quec1387,tupi1275,"quec1387 ~ quec1387 , tupi1275",14, 1,chac1250,kari1311,no proxy,glottocodeBase,NA,kari1311,0,0.71921,glottocodeBase,glottocodeBase,chac1250,kari1311,0.10602,0.17765,GBI NOT available,TLI available,TLI only
LaJalca,Karitiana_Rondonia,"70%, 80%, 90%",quec1387,tupi1275,"quec1387 ~ quec1387 , tupi1275",14, 1,chac1250,kari1311,no proxy,glottocodeBase,NA,kari1311,0,0.71921,glottocodeBase,glottocodeBase,chac1250,kari1311,0.10602,0.17765,GBI NOT available,TLI available,TLI only
LaJalca,Surui,"70%, 80%, 90%",quec1387,tupi1275,"quec1387 ~ quec1387 , tupi1275",14, 1,chac1250,suru1262,no proxy,glottocodeBase,NA,suru1262,0,0.09360,glottocodeBase,glottocodeBase,chac1250,suru1262,0.10602,0.10888,GBI NOT available,TLI available,TLI only
Pima,Chukchi,"70%, 80%, 90%",utoa1244,chuk1271,"utoa1244 ~ utoa1244 , chuk1271",14, 5,pima1248,chuk1273,glottocodeBase,glottocodeBase,pima1248,chuk1273,0.74384,0.81773,glottocodeBase,glottocodeBase,pima1248,chuk1273,0.11175,0.76791,GBI available,TLI available,both
Pima,Chukchi_Ayon,"70%, 80%, 90%",utoa1244,chuk1271,"utoa1244 ~ utoa1244 , chuk1271",14, 5,pima1248,chuk1273,glottocodeBase,glottocodeBase,pima1248,chuk1273,0.74384,0.81773,glottocodeBase,glottocodeBase,pima1248,chuk1273,0.11175,0.76791,GBI available,TLI available,both
Pima,Eskimo_Sireniki,"70%, 80%, 90%",utoa1244,eski1264,"utoa1244 ~ utoa1244 , eski1264",14, 5,pima1248,sire1246,glottocodeBase,no proxy,pima1248,NA,0.74384,0.00000,glottocodeBase,glottocodeBase,pima1248,sire1246,0.11175,0.01719,GBI NOT available,TLI available,TLI only
Pima,Koryak,"70%, 80%, 90%",utoa1244,chuk1271,"utoa1244 ~ utoa1244 , chuk1271",14, 1,pima1248,kory1246,glottocodeBase,no proxy,pima1248,NA,0.74384,0.00000,glottocodeBase,glottocodeBase,pima1248,kory1246,0.11175,0.20057,GBI NOT available,TLI available,TLI only
Russian_Archangelsk_Krasnoborsky,Nganasan,"70%, 80%, 90%",indo1319,ural1272,"indo1319 ~ indo1319 , ural1272",14,11,russ1263,ngan1291,glottocodeBase,glottocodeBase,russ1263,ngan1291,0.92118,0.83744,glottocodeBase,glottocodeBase,russ1263,ngan1291,0.85387,0.32378,GBI available,TLI available,both
Russian_Archangelsk_Krasnoborsky,Nganasan_Dudinka,"70%, 80%, 90%",indo1319,ural1272,"indo1319 ~ indo1319 , ural1272",14,11,russ1263,ngan1291,glottocodeBase,glottocodeBase,russ1263,ngan1291,0.92118,0.83744,glottocodeBase,glottocodeBase,russ1263,ngan1291,0.85387,0.32378,GBI available,TLI available,both
Russian_Archangelsk_Krasnoborsky,Nganasan_UstAvam,"70%, 80%, 90%",indo1319,ural1272,"indo1319 ~ indo1319 , ural1272",14,11,russ1263,ngan1291,glottocodeBase,glottocodeBase,russ1263,ngan1291,0.92118,0.83744,glottocodeBase,glottocodeBase,russ1263,ngan1291,0.85387,0.32378,GBI available,TLI available,both
Russian_Archangelsk_Krasnoborsky,Nganasan_Volochanka,"70%, 80%, 90%",indo1319,ural1272,"indo1319 ~ indo1319 , ural1272",14,11,russ1263,ngan1291,glottocodeBase,glottocodeBase,russ1263,ngan1291,0.92118,0.83744,glottocodeBase,glottocodeBase,russ1263,ngan1291,0.85387,0.32378,GBI available,TLI available,both
Spanish_Cataluna,BedouinB,"70%, 80%, 90%",indo1319,afro1255,"indo1319 ~ indo1319 , afro1255",14, 1,stan1289,east2690,glottocodeBase,glottocodeBase,stan1289,east2690,0.9064,0.63547,glottocodeBase,no proxy,stan1289,NA,0.32092,0.00000,GBI available,TLI NOT available,GBI only
Spanish_Cataluna,Yemen_Ad_Dali,"70%, 80%, 90%",indo1319,afro1255,"indo1319 ~ indo1319 , afro1255",14, 1,stan1289,sana1295,glottocodeBase,glottocodeBase,stan1289,sana1295,0.9064,0.74877,glottocodeBase,glottocodeBase,stan1289,sana1295,0.32092,0.02006,GBI available,TLI available,both
Spanish_Cataluna,Yemen_Al_Bayda,"70%, 80%, 90%",indo1319,afro1255,"indo1319 ~ indo1319 , afro1255",14, 1,stan1289,sana1295,glottocodeBase,glottocodeBase,stan1289,sana1295,0.9064,0.74877,glottocodeBase,glottocodeBase,stan1289,sana1295,0.32092,0.02006,GBI available,TLI available,both
Spanish_Cataluna,Yemen_Al_Jawf,"70%, 80%, 90%",indo1319,afro1255,"indo1319 ~ indo1319 , afro1255",14, 1,stan1289,sana1295,glottocodeBase,glottocodeBase,stan1289,sana1295,0.9064,0.74877,glottocodeBase,glottocodeBase,stan1289,sana1295,0.32092,0.02006,GBI available,TLI available,both
Spanish_Cataluna,Yemen_Dhamar,"70%, 80%, 90%",indo1319,afro1255,"indo1319 ~ indo1319 , afro1255",14, 1,stan1289,sana1295,glottocodeBase,glottocodeBase,stan1289,sana1295,0.9064,0.74877,glottocodeBase,glottocodeBase,stan1289,sana1295,0.32092,0.02006,GBI available,TLI available,both
Spanish_Cataluna,Yemen_Marib,"70%, 80%, 90%",indo1319,afro1255,"indo1319 ~ indo1319 , afro1255",14, 1,stan1289,sana1295,glottocodeBase,glottocodeBase,stan1289,sana1295,0.9064,0.74877,glottocodeBase,glottocodeBase,stan1289,sana1295,0.32092,0.02006,GBI available,TLI available,both
Spanish_Galicia,BedouinB,"70%, 80%, 90%",indo1319,afro1255,"indo1319 ~ indo1319 , afro1255",14, 1,gali1258,east2690,glottocodeBase,glottocodeBase,gali1258,east2690,0.87685,0.63547,glottocodeBase,no proxy,gali1258,NA,0.12321,0.00000,GBI available,TLI NOT available,GBI only
Spanish_Galicia,Yemen_Ad_Dali,"70%, 80%, 90%",indo1319,afro1255,"indo1319 ~ indo1319 , afro1255",14, 1,gali1258,sana1295,glottocodeBase,glottocodeBase,gali1258,sana1295,0.87685,0.74877,glottocodeBase,glottocodeBase,gali1258,sana1295,0.12321,0.02006,GBI available,TLI available,both
Spanish_Galicia,Yemen_Al_Bayda,"70%, 80%, 90%",indo1319,afro1255,"indo1319 ~ indo1319 , afro1255",14, 1,gali1258,sana1295,glottocodeBase,glottocodeBase,gali1258,sana1295,0.87685,0.74877,glottocodeBase,glottocodeBase,gali1258,sana1295,0.12321,0.02006,GBI available,TLI available,both
Spanish_Galicia,Yemen_Al_Jawf,"70%, 80%, 90%",indo1319,afro1255,"indo1319 ~ indo1319 , afro1255",14, 1,gali1258,sana1295,glottocodeBase,glottocodeBase,gali1258,sana1295,0.87685,0.74877,glottocodeBase,glottocodeBase,gali1258,sana1295,0.12321,0.02006,GBI available,TLI available,both
Spanish_Galicia,Yemen_Dhamar,"70%, 80%, 90%",indo1319,afro1255,"indo1319 ~ indo1319 , afro1255",14, 1,gali1258,sana1295,glottocodeBase,glottocodeBase,gali1258,sana1295,0.87685,0.74877,glottocodeBase,glottocodeBase,gali1258,sana1295,0.12321,0.02006,GBI available,TLI available,both
Spanish_Galicia,Yemen_Marib,"70%, 80%, 90%",indo1319,afro1255,"indo1319 ~ indo1319 , afro1255",14, 1,gali1258,sana1295,glottocodeBase,glottocodeBase,gali1258,sana1295,0.87685,0.74877,glottocodeBase,glottocodeBase,gali1258,sana1295,0.12321,0.02006,GBI available,TLI available,both
Ata_Uassilau,Baining_Malasait,"70%, 80%, 90%",pele1245,bain1263,"pele1245 ~ pele1245 , bain1263",13, 9,pele1245,bain1263,glottocodeBase,glottocodeGBIproxy,pele1245,qaqe1238,0.23645,0.26108,glottocodeBase,glottocodeTLIproxy,pele1245,qaqe1238,0.00287,0.14327,GBI available,TLI available,both
Ata_Uassilau,Baining_Marabu,"70%, 80%, 90%",pele1245,bain1263,"pele1245 ~ pele1245 , bain1263",13, 9,pele1245,bain1263,glottocodeBase,glottocodeGBIproxy,pele1245,mali1284,0.23645,0.50739,glottocodeBase,glottocodeTLIproxy,pele1245,mali1284,0.00287,0.08309,GBI available,TLI available,both
Ata_Uassilau,Rennell_and_Bellona,"70%, 80%, 90%",pele1245,aust1307,"pele1245 ~ pele1245 , aust1307",13, 2,pele1245,renn1242,glottocodeBase,glottocodeBase,pele1245,renn1242,0.23645,0.68966,glottocodeBase,glottocodeBase,pele1245,renn1242,0.00287,0.01146,GBI available,TLI available,both
Ata_Uassilau,Tahiti,"70%, 80%, 90%",pele1245,aust1307,"pele1245 ~ pele1245 , aust1307",13, 2,pele1245,tahi1242,glottocodeBase,glottocodeBase,pele1245,tahi1242,0.23645,0.78818,glottocodeBase,glottocodeBase,pele1245,tahi1242,0.00287,0.16046,GBI available,TLI available,both
Ata_Uassilau,Tikopia,"70%, 80%, 90%",pele1245,aust1307,"pele1245 ~ pele1245 , aust1307",13, 2,pele1245,tiko1237,glottocodeBase,glottocodeBase,pele1245,tiko1237,0.23645,0.72906,glottocodeBase,glottocodeBase,pele1245,tiko1237,0.00287,0.00573,GBI available,TLI available,both
Ata_Uassilau,Tongan,"70%, 80%, 90%",pele1245,aust1307,"pele1245 ~ pele1245 , aust1307",13, 2,pele1245,tong1325,glottocodeBase,glottocodeBase,pele1245,tong1325,0.23645,0.68966,glottocodeBase,glottocodeBase,pele1245,tong1325,0.00287,0.26074,GBI available,TLI available,both
BantuSA_Ovambo,MbutiPygmy,"70%, 80%, 90%",atla1278,cent2225,"atla1278 ~ atla1278 , cent2225",13,13,ndon1254,lese1243,glottocodeGBIproxy,glottocodeBase,mbal1255,lese1243,0.46305,0.68473,glottocodeBase,glottocodeBase,ndon1254,lese1243,0.22636,0.16046,GBI available,TLI available,both
Chane,Surui,"70%, 80%, 90%",araw1281,tupi1275,"araw1281 ~ araw1281 , tupi1275",13,13,chan1322,suru1262,glottocodeGBIproxy,glottocodeBase,tere1281,suru1262,0.42365,0.09360,glottocodeTLIproxy,glottocodeBase,tere1279,suru1262,0.11175,0.10888,GBI available,TLI available,both
Chane,Karitiana,"70%, 80%, 90%",araw1281,tupi1275,"araw1281 ~ araw1281 , tupi1275",13, 7,chan1322,kari1311,glottocodeGBIproxy,glottocodeBase,tere1281,kari1311,0.42365,0.71921,glottocodeTLIproxy,glottocodeBase,tere1279,kari1311,0.11175,0.17765,GBI available,TLI available,both
Chane,Karitiana_Rondonia,"70%, 80%, 90%",araw1281,tupi1275,"araw1281 ~ araw1281 , tupi1275",13, 7,chan1322,kari1311,glottocodeGBIproxy,glottocodeBase,tere1281,kari1311,0.42365,0.71921,glottocodeTLIproxy,glottocodeBase,tere1279,kari1311,0.11175,0.17765,GBI available,TLI available,both
Cocama,Aymara,"70%, 80%, 90%",tupi1275,ayma1253,"tupi1275 ~ tupi1275 , ayma1253",13,13,coca1260,sout2996,glottocodeGBIproxy,glottocodeBase,coca1259,sout2996,0.79803,0.81281,glottocodeTLIproxy,glottocodeTLIproxy,coca1259,cent2142,0.23496,0.50143,GBI available,TLI available,both
Cocama,Bolivia_Quechua,"70%, 80%, 90%",tupi1275,quec1387,"tupi1275 ~ tupi1275 , quec1387",13,13,coca1260,sout2991,glottocodeGBIproxy,no proxy,coca1259,NA,0.79803,0.00000,glottocodeTLIproxy,glottocodeBase,coca1259,sout2991,0.23496,0.26934,GBI NOT available,TLI available,TLI only
Cocama,Cusco,"70%, 80%, 90%",tupi1275,quec1387,"tupi1275 ~ tupi1275 , quec1387",13,13,coca1260,cusc1236,glottocodeGBIproxy,glottocodeBase,coca1259,cusc1236,0.79803,0.75369,glottocodeTLIproxy,glottocodeBase,coca1259,cusc1236,0.23496,0.15473,GBI available,TLI available,both
Cocama,Puno,"70%, 80%, 90%",tupi1275,quec1387,"tupi1275 ~ tupi1275 , quec1387",13,13,coca1260,puno1238,glottocodeGBIproxy,glottocodeGBIproxy,coca1259,cusc1236,0.79803,0.75369,glottocodeTLIproxy,glottocodeTLIproxy,coca1259,cusc1236,0.23496,0.15473,GBI available,TLI available,both
Cocama,Cofan,"70%, 80%, 90%",tupi1275,cofa1242,"tupi1275 ~ tupi1275 , cofa1242",13,12,coca1260,cofa1242,glottocodeGBIproxy,glottocodeBase,coca1259,cofa1242,0.79803,0.60591,glottocodeTLIproxy,glottocodeBase,coca1259,cofa1242,0.23496,0.16619,GBI available,TLI available,both
Cocama,Huancas,"70%, 80%, 90%",tupi1275,quec1387,"tupi1275 ~ tupi1275 , quec1387",13,12,coca1260,chac1250,glottocodeGBIproxy,no proxy,coca1259,NA,0.79803,0.00000,glottocodeTLIproxy,glottocodeBase,coca1259,chac1250,0.23496,0.10602,GBI NOT available,TLI available,TLI only
Cocama,Kamentsa,"70%, 80%, 90%",tupi1275,cams1241,"tupi1275 ~ tupi1275 , cams1241",13,12,coca1260,cams1241,glottocodeGBIproxy,glottocodeBase,coca1259,cams1241,0.79803,0.50739,glottocodeTLIproxy,glottocodeBase,coca1259,cams1241,0.23496,0.22350,GBI available,TLI available,both
Cocama,KichwaOrellana,"70%, 80%, 90%",tupi1275,quec1387,"tupi1275 ~ tupi1275 , quec1387",13,12,coca1260,tena1240,glottocodeGBIproxy,no proxy,coca1259,NA,0.79803,0.00000,glottocodeTLIproxy,glottocodeBase,coca1259,tena1240,0.23496,0.10888,GBI NOT available,TLI available,TLI only
Cocama,LaJalca,"70%, 80%, 90%",tupi1275,quec1387,"tupi1275 ~ tupi1275 , quec1387",13,12,coca1260,chac1250,glottocodeGBIproxy,no proxy,coca1259,NA,0.79803,0.00000,glottocodeTLIproxy,glottocodeBase,coca1259,chac1250,0.23496,0.10602,GBI NOT available,TLI available,TLI only
Cocama,Luya,"70%, 80%, 90%",tupi1275,quec1387,"tupi1275 ~ tupi1275 , quec1387",13,12,coca1260,chac1250,glottocodeGBIproxy,no proxy,coca1259,NA,0.79803,0.00000,glottocodeTLIproxy,glottocodeBase,coca1259,chac1250,0.23496,0.10602,GBI NOT available,TLI available,TLI only
Cocama,Peru_Quechua,"70%, 80%, 90%",tupi1275,quec1387,"tupi1275 ~ tupi1275 , quec1387",13,12,coca1260,cusc1236,glottocodeGBIproxy,glottocodeBase,coca1259,cusc1236,0.79803,0.75369,glottocodeTLIproxy,glottocodeBase,coca1259,cusc1236,0.23496,0.15473,GBI available,TLI available,both
Cocama,Ticuna,"70%, 80%, 90%",tupi1275,ticu1244,"tupi1275 ~ tupi1275 , ticu1244",13,12,coca1260,ticu1245,glottocodeGBIproxy,glottocodeBase,coca1259,ticu1245,0.79803,0.71921,glottocodeTLIproxy,glottocodeBase,coca1259,ticu1245,0.23496,0.17192,GBI available,TLI available,both
Cocama,Wayku,"70%, 80%, 90%",tupi1275,quec1387,"tupi1275 ~ tupi1275 , quec1387",13,12,coca1260,sanm1289,glottocodeGBIproxy,glottocodeBase,coca1259,sanm1289,0.79803,0.70443,glottocodeTLIproxy,glottocodeBase,coca1259,sanm1289,0.23496,0.10602,GBI available,TLI available,both
Cocama,Cabecar,"70%, 80%, 90%",tupi1275,chib1249,"tupi1275 ~ tupi1275 , chib1249",13, 8,coca1260,cabe1245,glottocodeGBIproxy,glottocodeBase,coca1259,cabe1245,0.79803,0.58128,glottocodeTLIproxy,glottocodeTLIproxy,coca1259,brib1243,0.23496,0.28080,GBI available,TLI available,both
Cocama,Mixe,"70%, 80%, 90%",tupi1275,mixe1284,"tupi1275 ~ tupi1275 , mixe1284",13, 8,coca1260,mixe1286,glottocodeGBIproxy,glottocodeGBIproxy,coca1259,olut1240,0.79803,0.77833,glottocodeTLIproxy,glottocodeTLIproxy,coca1259,olut1240,0.23496,0.18625,GBI available,TLI available,both
Cocama,Chane,"70%, 80%, 90%",tupi1275,araw1281,"tupi1275 ~ tupi1275 , araw1281",13, 7,coca1260,chan1322,glottocodeGBIproxy,glottocodeGBIproxy,coca1259,tere1281,0.79803,0.42365,glottocodeTLIproxy,glottocodeTLIproxy,coca1259,tere1279,0.23496,0.11175,GBI available,TLI available,both
Cocama,Kaqchikel,"70%, 80%, 90%",tupi1275,maya1287,"tupi1275 ~ tupi1275 , maya1287",13, 7,coca1260,kaqc1270,glottocodeGBIproxy,glottocodeBase,coca1259,kaqc1270,0.79803,0.83251,glottocodeTLIproxy,glottocodeTLIproxy,coca1259,tzut1248,0.23496,0.45845,GBI available,TLI available,both
Cocama,Mixtec,"70%, 80%, 90%",tupi1275,otom1299,"tupi1275 ~ tupi1275 , otom1299",13, 7,coca1260,mixt1427,glottocodeGBIproxy,glottocodeGBIproxy,coca1259,sant1436,0.79803,0.73399,glottocodeTLIproxy,glottocodeTLIproxy,coca1259,sanm1296,0.23496,0.35817,GBI available,TLI available,both
Cocama,Wayuu,"70%, 80%, 90%",tupi1275,araw1281,"tupi1275 ~ tupi1275 , araw1281",13, 7,coca1260,wayu1243,glottocodeGBIproxy,glottocodeBase,coca1259,wayu1243,0.79803,0.55665,glottocodeTLIproxy,glottocodeBase,coca1259,wayu1243,0.23496,0.28367,GBI available,TLI available,both
Cocama,Zapotec,"70%, 80%, 90%",tupi1275,otom1299,"tupi1275 ~ tupi1275 , otom1299",13, 7,coca1260,zapo1437,glottocodeGBIproxy,glottocodeGBIproxy,coca1259,sanj1284,0.79803,0.60099,glottocodeTLIproxy,glottocodeTLIproxy,coca1259,sanj1284,0.23496,0.14040,GBI available,TLI available,both
Cocama,Piapoco,"70%, 80%, 90%",tupi1275,araw1281,"tupi1275 ~ tupi1275 , araw1281",13, 6,coca1260,piap1246,glottocodeGBIproxy,glottocodeBase,coca1259,piap1246,0.79803,0.25616,glottocodeTLIproxy,glottocodeBase,coca1259,piap1246,0.23496,0.15473,GBI available,TLI available,both
Cocama,Pima,"70%, 80%, 90%",tupi1275,utoa1244,"tupi1275 ~ tupi1275 , utoa1244",13, 1,coca1260,pima1248,glottocodeGBIproxy,glottocodeBase,coca1259,pima1248,0.79803,0.74384,glottocodeTLIproxy,glottocodeBase,coca1259,pima1248,0.23496,0.11175,GBI available,TLI available,both
Cofan,Karitiana,"70%, 80%, 90%",cofa1242,tupi1275,"cofa1242 ~ cofa1242 , tupi1275",13, 7,cofa1242,kari1311,glottocodeBase,glottocodeBase,cofa1242,kari1311,0.60591,0.71921,glottocodeBase,glottocodeBase,cofa1242,kari1311,0.16619,0.17765,GBI available,TLI available,both
Cofan,Karitiana_Rondonia,"70%, 80%, 90%",cofa1242,tupi1275,"cofa1242 ~ cofa1242 , tupi1275",13, 7,cofa1242,kari1311,glottocodeBase,glottocodeBase,cofa1242,kari1311,0.60591,0.71921,glottocodeBase,glottocodeBase,cofa1242,kari1311,0.16619,0.17765,GBI available,TLI available,both
Cofan,Surui,"70%, 80%, 90%",cofa1242,tupi1275,"cofa1242 ~ cofa1242 , tupi1275",13, 7,cofa1242,suru1262,glottocodeBase,glottocodeBase,cofa1242,suru1262,0.60591,0.09360,glottocodeBase,glottocodeBase,cofa1242,suru1262,0.16619,0.10888,GBI available,TLI available,both
Cofan,Belarusian,"70%, 80%, 90%",cofa1242,indo1319,"cofa1242 ~ cofa1242 , indo1319",13, 6,cofa1242,bela1254,glottocodeBase,glottocodeBase,cofa1242,bela1254,0.60591,0.87685,glottocodeBase,glottocodeBase,cofa1242,bela1254,0.16619,0.14040,GBI available,TLI available,both
Cofan,Estonian,"70%, 80%, 90%",cofa1242,ural1272,"cofa1242 ~ cofa1242 , ural1272",13, 6,cofa1242,esto1258,glottocodeBase,glottocodeBase,cofa1242,esto1258,0.60591,0.86207,glottocodeBase,glottocodeBase,cofa1242,esto1258,0.16619,0.46418,GBI available,TLI available,both
Cofan,Finnish,"70%, 80%, 90%",cofa1242,ural1272,"cofa1242 ~ cofa1242 , ural1272",13, 6,cofa1242,finn1318,glottocodeBase,glottocodeBase,cofa1242,finn1318,0.60591,0.87192,glottocodeBase,glottocodeBase,cofa1242,finn1318,0.16619,0.84527,GBI available,TLI available,both
Cofan,French_West,"70%, 80%, 90%",cofa1242,indo1319,"cofa1242 ~ cofa1242 , indo1319",13, 6,cofa1242,stan1290,glottocodeBase,glottocodeBase,cofa1242,stan1290,0.60591,0.89655,glottocodeBase,glottocodeBase,cofa1242,stan1290,0.16619,0.80802,GBI available,TLI available,both
Cofan,German_Lipsian,"70%, 80%, 90%",cofa1242,indo1319,"cofa1242 ~ cofa1242 , indo1319",13, 6,cofa1242,stan1295,glottocodeBase,no proxy,cofa1242,NA,0.60591,0.00000,glottocodeBase,glottocodeBase,cofa1242,stan1295,0.16619,0.79370,GBI NOT available,TLI available,TLI only
Cofan,German_Sorb,"70%, 80%, 90%",cofa1242,indo1319,"cofa1242 ~ cofa1242 , indo1319",13, 6,cofa1242,sorb1249,glottocodeBase,no proxy,cofa1242,NA,0.60591,0.00000,glottocodeBase,glottocodeTLIproxy,cofa1242,uppe1395,0.16619,0.28367,GBI NOT available,TLI available,TLI only
Cofan,Icelandic,"70%, 80%, 90%",cofa1242,indo1319,"cofa1242 ~ cofa1242 , indo1319",13, 6,cofa1242,icel1247,glottocodeBase,glottocodeBase,cofa1242,icel1247,0.60591,0.86700,glottocodeBase,glottocodeBase,cofa1242,icel1247,0.16619,0.59599,GBI available,TLI available,both
Cofan,Irish_Connacht,"70%, 80%, 90%",cofa1242,indo1319,"cofa1242 ~ cofa1242 , indo1319",13, 6,cofa1242,conn1243,glottocodeBase,glottocodeGBIproxy,cofa1242,iris1253,0.60591,0.92118,glottocodeBase,glottocodeTLIproxy,cofa1242,iris1253,0.16619,0.54441,GBI available,TLI available,both
Cofan,Irish_Cork_Kerry,"70%, 80%, 90%",cofa1242,indo1319,"cofa1242 ~ cofa1242 , indo1319",13, 6,cofa1242,iris1253,glottocodeBase,glottocodeBase,cofa1242,iris1253,0.60591,0.92118,glottocodeBase,glottocodeBase,cofa1242,iris1253,0.16619,0.54441,GBI available,TLI available,both
Cofan,Irish_Leinster,"70%, 80%, 90%",cofa1242,indo1319,"cofa1242 ~ cofa1242 , indo1319",13, 6,cofa1242,iris1253,glottocodeBase,glottocodeBase,cofa1242,iris1253,0.60591,0.92118,glottocodeBase,glottocodeBase,cofa1242,iris1253,0.16619,0.54441,GBI available,TLI available,both
Cofan,Irish_Munster,"70%, 80%, 90%",cofa1242,indo1319,"cofa1242 ~ cofa1242 , indo1319",13, 6,cofa1242,muns1250,glottocodeBase,glottocodeGBIproxy,cofa1242,iris1253,0.60591,0.92118,glottocodeBase,glottocodeTLIproxy,cofa1242,iris1253,0.16619,0.54441,GBI available,TLI available,both
Cofan,Irish_Ulster,"70%, 80%, 90%",cofa1242,indo1319,"cofa1242 ~ cofa1242 , indo1319",13, 6,cofa1242,done1238,glottocodeBase,glottocodeGBIproxy,cofa1242,iris1253,0.60591,0.92118,glottocodeBase,glottocodeTLIproxy,cofa1242,iris1253,0.16619,0.54441,GBI available,TLI available,both
Cofan,Karelian_Northern,"70%, 80%, 90%",cofa1242,ural1272,"cofa1242 ~ cofa1242 , ural1272",13, 6,cofa1242,nort2673,glottocodeBase,glottocodeBase,cofa1242,nort2673,0.60591,0.85714,glottocodeBase,glottocodeTLIproxy,cofa1242,kare1335,0.16619,0.20917,GBI available,TLI available,both
Cofan,Karelian_Southern,"70%, 80%, 90%",cofa1242,ural1272,"cofa1242 ~ cofa1242 , ural1272",13, 6,cofa1242,sout2676,glottocodeBase,glottocodeGBIproxy,cofa1242,tver1240,0.60591,0.87192,glottocodeBase,glottocodeTLIproxy,cofa1242,kare1335,0.16619,0.20917,GBI available,TLI available,both
Cofan,Lithuanian,"70%, 80%, 90%",cofa1242,indo1319,"cofa1242 ~ cofa1242 , indo1319",13, 6,cofa1242,lith1251,glottocodeBase,glottocodeBase,cofa1242,lith1251,0.60591,0.86700,glottocodeBase,glottocodeBase,cofa1242,lith1251,0.16619,0.53868,GBI available,TLI available,both
Cofan,Norwegian,"70%, 80%, 90%",cofa1242,indo1319,"cofa1242 ~ cofa1242 , indo1319",13, 6,cofa1242,norw1258,glottocodeBase,no proxy,cofa1242,NA,0.60591,0.00000,glottocodeBase,glottocodeBase,cofa1242,norw1258,0.16619,0.34670,GBI NOT available,TLI available,TLI only
Cofan,Orcadian,"70%, 80%, 90%",cofa1242,indo1319,"cofa1242 ~ cofa1242 , indo1319",13, 6,cofa1242,scot1243,glottocodeBase,no proxy,cofa1242,NA,0.60591,0.00000,glottocodeBase,glottocodeBase,cofa1242,scot1243,0.16619,0.10315,GBI NOT available,TLI available,TLI only
Cofan,Polish_Lublin,"70%, 80%, 90%",cofa1242,indo1319,"cofa1242 ~ cofa1242 , indo1319",13, 6,cofa1242,poli1260,glottocodeBase,glottocodeBase,cofa1242,poli1260,0.60591,0.93596,glottocodeBase,glottocodeBase,cofa1242,poli1260,0.16619,0.56447,GBI available,TLI available,both
Cofan,Polish_Poznan,"70%, 80%, 90%",cofa1242,indo1319,"cofa1242 ~ cofa1242 , indo1319",13, 6,cofa1242,poli1260,glottocodeBase,glottocodeBase,cofa1242,poli1260,0.60591,0.93596,glottocodeBase,glottocodeBase,cofa1242,poli1260,0.16619,0.56447,GBI available,TLI available,both
Cofan,Russian,"70%, 80%, 90%",cofa1242,indo1319,"cofa1242 ~ cofa1242 , indo1319",13, 6,cofa1242,russ1263,glottocodeBase,glottocodeBase,cofa1242,russ1263,0.60591,0.92118,glottocodeBase,glottocodeBase,cofa1242,russ1263,0.16619,0.85387,GBI available,TLI available,both
Cofan,Russian_Archangelsk_Krasnoborsky,"70%, 80%, 90%",cofa1242,indo1319,"cofa1242 ~ cofa1242 , indo1319",13, 6,cofa1242,russ1263,glottocodeBase,glottocodeBase,cofa1242,russ1263,0.60591,0.92118,glottocodeBase,glottocodeBase,cofa1242,russ1263,0.16619,0.85387,GBI available,TLI available,both
Cofan,Russian_Archangelsk_Pinezhsky,"70%, 80%, 90%",cofa1242,indo1319,"cofa1242 ~ cofa1242 , indo1319",13, 6,cofa1242,russ1263,glottocodeBase,glottocodeBase,cofa1242,russ1263,0.60591,0.92118,glottocodeBase,glottocodeBase,cofa1242,russ1263,0.16619,0.85387,GBI available,TLI available,both
Cofan,Russian_Belgorod,"70%, 80%, 90%",cofa1242,indo1319,"cofa1242 ~ cofa1242 , indo1319",13, 6,cofa1242,russ1263,glottocodeBase,glottocodeBase,cofa1242,russ1263,0.60591,0.92118,glottocodeBase,glottocodeBase,cofa1242,russ1263,0.16619,0.85387,GBI available,TLI available,both
Cofan,Russian_Kaluga,"70%, 80%, 90%",cofa1242,indo1319,"cofa1242 ~ cofa1242 , indo1319",13, 6,cofa1242,russ1263,glottocodeBase,glottocodeBase,cofa1242,russ1263,0.60591,0.92118,glottocodeBase,glottocodeBase,cofa1242,russ1263,0.16619,0.85387,GBI available,TLI available,both
Cofan,Russian_Kursk,"70%, 80%, 90%",cofa1242,indo1319,"cofa1242 ~ cofa1242 , indo1319",13, 6,cofa1242,russ1263,glottocodeBase,glottocodeBase,cofa1242,russ1263,0.60591,0.92118,glottocodeBase,glottocodeBase,cofa1242,russ1263,0.16619,0.85387,GBI available,TLI available,both
Cofan,Russian_Oryol,"70%, 80%, 90%",cofa1242,indo1319,"cofa1242 ~ cofa1242 , indo1319",13, 6,cofa1242,russ1263,glottocodeBase,glottocodeBase,cofa1242,russ1263,0.60591,0.92118,glottocodeBase,glottocodeBase,cofa1242,russ1263,0.16619,0.85387,GBI available,TLI available,both
Cofan,Russian_Pskov_Ostrov,"70%, 80%, 90%",cofa1242,indo1319,"cofa1242 ~ cofa1242 , indo1319",13, 6,cofa1242,russ1263,glottocodeBase,glottocodeBase,cofa1242,russ1263,0.60591,0.92118,glottocodeBase,glottocodeBase,cofa1242,russ1263,0.16619,0.85387,GBI available,TLI available,both
Cofan,Russian_Pskov_Porkhov,"70%, 80%, 90%",cofa1242,indo1319,"cofa1242 ~ cofa1242 , indo1319",13, 6,cofa1242,russ1263,glottocodeBase,glottocodeBase,cofa1242,russ1263,0.60591,0.92118,glottocodeBase,glottocodeBase,cofa1242,russ1263,0.16619,0.85387,GBI available,TLI available,both
Cofan,Russian_Ryazan_Mihailovsky,"70%, 80%, 90%",cofa1242,indo1319,"cofa1242 ~ cofa1242 , indo1319",13, 6,cofa1242,russ1263,glottocodeBase,glottocodeBase,cofa1242,russ1263,0.60591,0.92118,glottocodeBase,glottocodeBase,cofa1242,russ1263,0.16619,0.85387,GBI available,TLI available,both
Cofan,Russian_Ryazan_Spassk_Ryazansky,"70%, 80%, 90%",cofa1242,indo1319,"cofa1242 ~ cofa1242 , indo1319",13, 6,cofa1242,russ1263,glottocodeBase,glottocodeBase,cofa1242,russ1263,0.60591,0.92118,glottocodeBase,glottocodeBase,cofa1242,russ1263,0.16619,0.85387,GBI available,TLI available,both
Cofan,Russian_Smolensk,"70%, 80%, 90%",cofa1242,indo1319,"cofa1242 ~ cofa1242 , indo1319",13, 6,cofa1242,russ1263,glottocodeBase,glottocodeBase,cofa1242,russ1263,0.60591,0.92118,glottocodeBase,glottocodeBase,cofa1242,russ1263,0.16619,0.85387,GBI available,TLI available,both
Cofan,Russian_Tver,"70%, 80%, 90%",cofa1242,indo1319,"cofa1242 ~ cofa1242 , indo1319",13, 6,cofa1242,russ1263,glottocodeBase,glottocodeBase,cofa1242,russ1263,0.60591,0.92118,glottocodeBase,glottocodeBase,cofa1242,russ1263,0.16619,0.85387,GBI available,TLI available,both
Cofan,Russian_Yaroslavl,"70%, 80%, 90%",cofa1242,indo1319,"cofa1242 ~ cofa1242 , indo1319",13, 6,cofa1242,russ1263,glottocodeBase,glottocodeBase,cofa1242,russ1263,0.60591,0.92118,glottocodeBase,glottocodeBase,cofa1242,russ1263,0.16619,0.85387,GBI available,TLI available,both
Cofan,Scottish,"70%, 80%, 90%",cofa1242,indo1319,"cofa1242 ~ cofa1242 , indo1319",13, 6,cofa1242,scot1245,glottocodeBase,no proxy,cofa1242,NA,0.60591,0.00000,glottocodeBase,glottocodeBase,cofa1242,scot1245,0.16619,0.26934,GBI NOT available,TLI available,TLI only
Cofan,Scottish_Dumfries_Galloway,"70%, 80%, 90%",cofa1242,indo1319,"cofa1242 ~ cofa1242 , indo1319",13, 6,cofa1242,scot1245,glottocodeBase,no proxy,cofa1242,NA,0.60591,0.00000,glottocodeBase,glottocodeBase,cofa1242,scot1245,0.16619,0.26934,GBI NOT available,TLI available,TLI only
Cofan,Scottish_Fife,"70%, 80%, 90%",cofa1242,indo1319,"cofa1242 ~ cofa1242 , indo1319",13, 6,cofa1242,scot1245,glottocodeBase,no proxy,cofa1242,NA,0.60591,0.00000,glottocodeBase,glottocodeBase,cofa1242,scot1245,0.16619,0.26934,GBI NOT available,TLI available,TLI only
Cofan,Scottish_Grampian,"70%, 80%, 90%",cofa1242,indo1319,"cofa1242 ~ cofa1242 , indo1319",13, 6,cofa1242,scot1245,glottocodeBase,no proxy,cofa1242,NA,0.60591,0.00000,glottocodeBase,glottocodeBase,cofa1242,scot1245,0.16619,0.26934,GBI NOT available,TLI available,TLI only
Cofan,Scottish_Highlands,"70%, 80%, 90%",cofa1242,indo1319,"cofa1242 ~ cofa1242 , indo1319",13, 6,cofa1242,scot1245,glottocodeBase,no proxy,cofa1242,NA,0.60591,0.00000,glottocodeBase,glottocodeBase,cofa1242,scot1245,0.16619,0.26934,GBI NOT available,TLI available,TLI only
Cofan,Scottish_Shetlandic,"70%, 80%, 90%",cofa1242,indo1319,"cofa1242 ~ cofa1242 , indo1319",13, 6,cofa1242,scot1245,glottocodeBase,no proxy,cofa1242,NA,0.60591,0.00000,glottocodeBase,glottocodeBase,cofa1242,scot1245,0.16619,0.26934,GBI NOT available,TLI available,TLI only
Cofan,Ukrainian_East,"70%, 80%, 90%",cofa1242,indo1319,"cofa1242 ~ cofa1242 , indo1319",13, 6,cofa1242,ukra1253,glottocodeBase,glottocodeBase,cofa1242,ukra1253,0.60591,0.78325,glottocodeBase,glottocodeBase,cofa1242,ukra1253,0.16619,0.32665,GBI available,TLI available,both
Cofan,Ukrainian_Rovenskaya,"70%, 80%, 90%",cofa1242,indo1319,"cofa1242 ~ cofa1242 , indo1319",13, 6,cofa1242,ukra1253,glottocodeBase,glottocodeBase,cofa1242,ukra1253,0.60591,0.78325,glottocodeBase,glottocodeBase,cofa1242,ukra1253,0.16619,0.32665,GBI available,TLI available,both
Cofan,Ukrainian_Sumskaya,"70%, 80%, 90%",cofa1242,indo1319,"cofa1242 ~ cofa1242 , indo1319",13, 6,cofa1242,ukra1253,glottocodeBase,glottocodeBase,cofa1242,ukra1253,0.60591,0.78325,glottocodeBase,glottocodeBase,cofa1242,ukra1253,0.16619,0.32665,GBI available,TLI available,both
Cofan,Ukrainian_Zhitomirskaya,"70%, 80%, 90%",cofa1242,indo1319,"cofa1242 ~ cofa1242 , indo1319",13, 6,cofa1242,ukra1253,glottocodeBase,glottocodeBase,cofa1242,ukra1253,0.60591,0.78325,glottocodeBase,glottocodeBase,cofa1242,ukra1253,0.16619,0.32665,GBI available,TLI available,both
Cofan,Veps,"70%, 80%, 90%",cofa1242,ural1272,"cofa1242 ~ cofa1242 , ural1272",13, 6,cofa1242,veps1250,glottocodeBase,glottocodeBase,cofa1242,veps1250,0.60591,0.86700,glottocodeBase,glottocodeBase,cofa1242,veps1250,0.16619,0.18052,GBI available,TLI available,both
Cofan,Scottish_Borders,"70%, 80%, 90%",cofa1242,indo1319,"cofa1242 ~ cofa1242 , indo1319",13, 5,cofa1242,scot1245,glottocodeBase,no proxy,cofa1242,NA,0.60591,0.00000,glottocodeBase,glottocodeBase,cofa1242,scot1245,0.16619,0.26934,GBI NOT available,TLI available,TLI only
Cofan,Czech,"70%, 80%, 90%",cofa1242,indo1319,"cofa1242 ~ cofa1242 , indo1319",13, 4,cofa1242,czec1258,glottocodeBase,glottocodeBase,cofa1242,czec1258,0.60591,0.86700,glottocodeBase,glottocodeBase,cofa1242,czec1258,0.16619,0.32951,GBI available,TLI available,both
Cofan,English_Kent,"70%, 80%, 90%",cofa1242,indo1319,"cofa1242 ~ cofa1242 , indo1319",13, 3,cofa1242,stan1293,glottocodeBase,glottocodeBase,cofa1242,stan1293,0.60591,0.85222,glottocodeBase,glottocodeBase,cofa1242,stan1293,0.16619,0.82521,GBI available,TLI available,both
Cofan,English_Cornwall,"70%, 80%, 90%",cofa1242,indo1319,"cofa1242 ~ cofa1242 , indo1319",13, 1,cofa1242,stan1293,glottocodeBase,glottocodeBase,cofa1242,stan1293,0.60591,0.85222,glottocodeBase,glottocodeBase,cofa1242,stan1293,0.16619,0.82521,GBI available,TLI available,both
Cofan,Mordovian,"70%, 80%, 90%",cofa1242,ural1272,"cofa1242 ~ cofa1242 , ural1272",13, 1,cofa1242,erzy1239,glottocodeBase,glottocodeBase,cofa1242,erzy1239,0.60591,0.84729,glottocodeBase,glottocodeBase,cofa1242,erzy1239,0.16619,0.30659,GBI available,TLI available,both
Cofan,Mordovian_Erzya,"70%, 80%, 90%",cofa1242,ural1272,"cofa1242 ~ cofa1242 , ural1272",13, 1,cofa1242,erzy1239,glottocodeBase,glottocodeBase,cofa1242,erzy1239,0.60591,0.84729,glottocodeBase,glottocodeBase,cofa1242,erzy1239,0.16619,0.30659,GBI available,TLI available,both
Cofan,Mordovian_Moksha,"70%, 80%, 90%",cofa1242,ural1272,"cofa1242 ~ cofa1242 , ural1272",13, 1,cofa1242,moks1248,glottocodeBase,glottocodeBase,cofa1242,moks1248,0.60591,0.88177,glottocodeBase,glottocodeBase,cofa1242,moks1248,0.16619,0.19771,GBI available,TLI available,both
Cofan,Russian_Archangelsk_Leshukonsky,"70%, 80%, 90%",cofa1242,indo1319,"cofa1242 ~ cofa1242 , indo1319",13, 1,cofa1242,russ1263,glottocodeBase,glottocodeBase,cofa1242,russ1263,0.60591,0.92118,glottocodeBase,glottocodeBase,cofa1242,russ1263,0.16619,0.85387,GBI available,TLI available,both
Cofan,Ukrainian_West,"70%, 80%, 90%",cofa1242,indo1319,"cofa1242 ~ cofa1242 , indo1319",13, 1,cofa1242,ukra1253,glottocodeBase,glottocodeBase,cofa1242,ukra1253,0.60591,0.78325,glottocodeBase,glottocodeBase,cofa1242,ukra1253,0.16619,0.32665,GBI available,TLI available,both
Datog,Yemen_Ad_Dali,70%,nilo1247,afro1255,"nilo1247 ~ nilo1247 , afro1255",13, 1,dato1239,sana1295,no proxy,glottocodeBase,NA,sana1295,0,0.74877,glottocodeBase,glottocodeBase,dato1239,sana1295,0.00573,0.02006,GBI NOT available,TLI available,TLI only
Datog,Yemen_Al_Bayda,70%,nilo1247,afro1255,"nilo1247 ~ nilo1247 , afro1255",13, 1,dato1239,sana1295,no proxy,glottocodeBase,NA,sana1295,0,0.74877,glottocodeBase,glottocodeBase,dato1239,sana1295,0.00573,0.02006,GBI NOT available,TLI available,TLI only
Datog,Yemen_Al_Jawf,70%,nilo1247,afro1255,"nilo1247 ~ nilo1247 , afro1255",13, 1,dato1239,sana1295,no proxy,glottocodeBase,NA,sana1295,0,0.74877,glottocodeBase,glottocodeBase,dato1239,sana1295,0.00573,0.02006,GBI NOT available,TLI available,TLI only
Datog,Yemen_Dhamar,70%,nilo1247,afro1255,"nilo1247 ~ nilo1247 , afro1255",13, 1,dato1239,sana1295,no proxy,glottocodeBase,NA,sana1295,0,0.74877,glottocodeBase,glottocodeBase,dato1239,sana1295,0.00573,0.02006,GBI NOT available,TLI available,TLI only
Datog,Yemen_Marib,70%,nilo1247,afro1255,"nilo1247 ~ nilo1247 , afro1255",13, 1,dato1239,sana1295,no proxy,glottocodeBase,NA,sana1295,0,0.74877,glottocodeBase,glottocodeBase,dato1239,sana1295,0.00573,0.02006,GBI NOT available,TLI available,TLI only
Dinka,Hadza1,"70%, 80%, 90%",nilo1247,hadz1240,"nilo1247 ~ nilo1247 , hadz1240",13,13,dink1262,hadz1240,no proxy,glottocodeBase,NA,hadz1240,0,0.80788,glottocodeBase,glottocodeBase,dink1262,hadz1240,0.22063,0.14327,GBI NOT available,TLI available,TLI only
French_South,BedouinB,"70%, 80%, 90%",indo1319,afro1255,"indo1319 ~ indo1319 , afro1255",13, 1,stan1290,east2690,glottocodeBase,glottocodeBase,stan1290,east2690,0.89655,0.63547,glottocodeBase,no proxy,stan1290,NA,0.80802,0.00000,GBI available,TLI NOT available,GBI only
French_South,Yemen_Ad_Dali,"70%, 80%, 90%",indo1319,afro1255,"indo1319 ~ indo1319 , afro1255",13, 1,stan1290,sana1295,glottocodeBase,glottocodeBase,stan1290,sana1295,0.89655,0.74877,glottocodeBase,glottocodeBase,stan1290,sana1295,0.80802,0.02006,GBI available,TLI available,both
French_South,Yemen_Al_Bayda,"70%, 80%, 90%",indo1319,afro1255,"indo1319 ~ indo1319 , afro1255",13, 1,stan1290,sana1295,glottocodeBase,glottocodeBase,stan1290,sana1295,0.89655,0.74877,glottocodeBase,glottocodeBase,stan1290,sana1295,0.80802,0.02006,GBI available,TLI available,both
French_South,Yemen_Al_Jawf,"70%, 80%, 90%",indo1319,afro1255,"indo1319 ~ indo1319 , afro1255",13, 1,stan1290,sana1295,glottocodeBase,glottocodeBase,stan1290,sana1295,0.89655,0.74877,glottocodeBase,glottocodeBase,stan1290,sana1295,0.80802,0.02006,GBI available,TLI available,both
French_South,Yemen_Dhamar,"70%, 80%, 90%",indo1319,afro1255,"indo1319 ~ indo1319 , afro1255",13, 1,stan1290,sana1295,glottocodeBase,glottocodeBase,stan1290,sana1295,0.89655,0.74877,glottocodeBase,glottocodeBase,stan1290,sana1295,0.80802,0.02006,GBI available,TLI available,both
French_South,Yemen_Marib,"70%, 80%, 90%",indo1319,afro1255,"indo1319 ~ indo1319 , afro1255",13, 1,stan1290,sana1295,glottocodeBase,glottocodeBase,stan1290,sana1295,0.89655,0.74877,glottocodeBase,glottocodeBase,stan1290,sana1295,0.80802,0.02006,GBI available,TLI available,both
Guarani,Aymara,"70%, 80%, 90%",tupi1275,ayma1253,"tupi1275 ~ tupi1275 , ayma1253",13,13,mbya1239,sout2996,glottocodeBase,glottocodeBase,mbya1239,sout2996,0.68966,0.81281,glottocodeBase,glottocodeTLIproxy,mbya1239,cent2142,0.11175,0.50143,GBI available,TLI available,both
Guarani,Bolivia_Quechua,"70%, 80%, 90%",tupi1275,quec1387,"tupi1275 ~ tupi1275 , quec1387",13,13,mbya1239,sout2991,glottocodeBase,no proxy,mbya1239,NA,0.68966,0.00000,glottocodeBase,glottocodeBase,mbya1239,sout2991,0.11175,0.26934,GBI NOT available,TLI available,TLI only
Guarani,Cusco,"70%, 80%, 90%",tupi1275,quec1387,"tupi1275 ~ tupi1275 , quec1387",13,13,mbya1239,cusc1236,glottocodeBase,glottocodeBase,mbya1239,cusc1236,0.68966,0.75369,glottocodeBase,glottocodeBase,mbya1239,cusc1236,0.11175,0.15473,GBI available,TLI available,both
Guarani,Puno,"70%, 80%, 90%",tupi1275,quec1387,"tupi1275 ~ tupi1275 , quec1387",13,13,mbya1239,puno1238,glottocodeBase,glottocodeGBIproxy,mbya1239,cusc1236,0.68966,0.75369,glottocodeBase,glottocodeTLIproxy,mbya1239,cusc1236,0.11175,0.15473,GBI available,TLI available,both
Guarani,Cofan,"70%, 80%, 90%",tupi1275,cofa1242,"tupi1275 ~ tupi1275 , cofa1242",13,12,mbya1239,cofa1242,glottocodeBase,glottocodeBase,mbya1239,cofa1242,0.68966,0.60591,glottocodeBase,glottocodeBase,mbya1239,cofa1242,0.11175,0.16619,GBI available,TLI available,both
Guarani,Huancas,"70%, 80%, 90%",tupi1275,quec1387,"tupi1275 ~ tupi1275 , quec1387",13,12,mbya1239,chac1250,glottocodeBase,no proxy,mbya1239,NA,0.68966,0.00000,glottocodeBase,glottocodeBase,mbya1239,chac1250,0.11175,0.10602,GBI NOT available,TLI available,TLI only
Guarani,Kamentsa,"70%, 80%, 90%",tupi1275,cams1241,"tupi1275 ~ tupi1275 , cams1241",13,12,mbya1239,cams1241,glottocodeBase,glottocodeBase,mbya1239,cams1241,0.68966,0.50739,glottocodeBase,glottocodeBase,mbya1239,cams1241,0.11175,0.22350,GBI available,TLI available,both
Guarani,KichwaOrellana,"70%, 80%, 90%",tupi1275,quec1387,"tupi1275 ~ tupi1275 , quec1387",13,12,mbya1239,tena1240,glottocodeBase,no proxy,mbya1239,NA,0.68966,0.00000,glottocodeBase,glottocodeBase,mbya1239,tena1240,0.11175,0.10888,GBI NOT available,TLI available,TLI only
Guarani,LaJalca,"70%, 80%, 90%",tupi1275,quec1387,"tupi1275 ~ tupi1275 , quec1387",13,12,mbya1239,chac1250,glottocodeBase,no proxy,mbya1239,NA,0.68966,0.00000,glottocodeBase,glottocodeBase,mbya1239,chac1250,0.11175,0.10602,GBI NOT available,TLI available,TLI only
Guarani,Luya,"70%, 80%, 90%",tupi1275,quec1387,"tupi1275 ~ tupi1275 , quec1387",13,12,mbya1239,chac1250,glottocodeBase,no proxy,mbya1239,NA,0.68966,0.00000,glottocodeBase,glottocodeBase,mbya1239,chac1250,0.11175,0.10602,GBI NOT available,TLI available,TLI only
Guarani,Peru_Quechua,"70%, 80%, 90%",tupi1275,quec1387,"tupi1275 ~ tupi1275 , quec1387",13,12,mbya1239,cusc1236,glottocodeBase,glottocodeBase,mbya1239,cusc1236,0.68966,0.75369,glottocodeBase,glottocodeBase,mbya1239,cusc1236,0.11175,0.15473,GBI available,TLI available,both
Guarani,Ticuna,"70%, 80%, 90%",tupi1275,ticu1244,"tupi1275 ~ tupi1275 , ticu1244",13,12,mbya1239,ticu1245,glottocodeBase,glottocodeBase,mbya1239,ticu1245,0.68966,0.71921,glottocodeBase,glottocodeBase,mbya1239,ticu1245,0.11175,0.17192,GBI available,TLI available,both
Guarani,Wayku,"70%, 80%, 90%",tupi1275,quec1387,"tupi1275 ~ tupi1275 , quec1387",13,12,mbya1239,sanm1289,glottocodeBase,glottocodeBase,mbya1239,sanm1289,0.68966,0.70443,glottocodeBase,glottocodeBase,mbya1239,sanm1289,0.11175,0.10602,GBI available,TLI available,both
Guarani,Cabecar,"70%, 80%, 90%",tupi1275,chib1249,"tupi1275 ~ tupi1275 , chib1249",13, 8,mbya1239,cabe1245,glottocodeBase,glottocodeBase,mbya1239,cabe1245,0.68966,0.58128,glottocodeBase,glottocodeTLIproxy,mbya1239,brib1243,0.11175,0.28080,GBI available,TLI available,both
Guarani,Mixe,"70%, 80%, 90%",tupi1275,mixe1284,"tupi1275 ~ tupi1275 , mixe1284",13, 8,mbya1239,mixe1286,glottocodeBase,glottocodeGBIproxy,mbya1239,olut1240,0.68966,0.77833,glottocodeBase,glottocodeTLIproxy,mbya1239,olut1240,0.11175,0.18625,GBI available,TLI available,both
Guarani,Chane,"70%, 80%, 90%",tupi1275,araw1281,"tupi1275 ~ tupi1275 , araw1281",13, 7,mbya1239,chan1322,glottocodeBase,glottocodeGBIproxy,mbya1239,tere1281,0.68966,0.42365,glottocodeBase,glottocodeTLIproxy,mbya1239,tere1279,0.11175,0.11175,GBI available,TLI available,both
Guarani,Kaqchikel,"70%, 80%, 90%",tupi1275,maya1287,"tupi1275 ~ tupi1275 , maya1287",13, 7,mbya1239,kaqc1270,glottocodeBase,glottocodeBase,mbya1239,kaqc1270,0.68966,0.83251,glottocodeBase,glottocodeTLIproxy,mbya1239,tzut1248,0.11175,0.45845,GBI available,TLI available,both
Guarani,Mixtec,"70%, 80%, 90%",tupi1275,otom1299,"tupi1275 ~ tupi1275 , otom1299",13, 7,mbya1239,mixt1427,glottocodeBase,glottocodeGBIproxy,mbya1239,sant1436,0.68966,0.73399,glottocodeBase,glottocodeTLIproxy,mbya1239,sanm1296,0.11175,0.35817,GBI available,TLI available,both
Guarani,Wayuu,"70%, 80%, 90%",tupi1275,araw1281,"tupi1275 ~ tupi1275 , araw1281",13, 7,mbya1239,wayu1243,glottocodeBase,glottocodeBase,mbya1239,wayu1243,0.68966,0.55665,glottocodeBase,glottocodeBase,mbya1239,wayu1243,0.11175,0.28367,GBI available,TLI available,both
Guarani,Zapotec,"70%, 80%, 90%",tupi1275,otom1299,"tupi1275 ~ tupi1275 , otom1299",13, 7,mbya1239,zapo1437,glottocodeBase,glottocodeGBIproxy,mbya1239,sanj1284,0.68966,0.60099,glottocodeBase,glottocodeTLIproxy,mbya1239,sanj1284,0.11175,0.14040,GBI available,TLI available,both
Guarani,Piapoco,"70%, 80%, 90%",tupi1275,araw1281,"tupi1275 ~ tupi1275 , araw1281",13, 6,mbya1239,piap1246,glottocodeBase,glottocodeBase,mbya1239,piap1246,0.68966,0.25616,glottocodeBase,glottocodeBase,mbya1239,piap1246,0.11175,0.15473,GBI available,TLI available,both
Guarani,Pima,"70%, 80%, 90%",tupi1275,utoa1244,"tupi1275 ~ tupi1275 , utoa1244",13, 1,mbya1239,pima1248,glottocodeBase,glottocodeBase,mbya1239,pima1248,0.68966,0.74384,glottocodeBase,glottocodeBase,mbya1239,pima1248,0.11175,0.11175,GBI available,TLI available,both
Guarani_GN,Aymara,"70%, 80%, 90%",tupi1275,ayma1253,"tupi1275 ~ tupi1275 , ayma1253",13,13,mbya1239,sout2996,glottocodeBase,glottocodeBase,mbya1239,sout2996,0.68966,0.81281,glottocodeBase,glottocodeTLIproxy,mbya1239,cent2142,0.11175,0.50143,GBI available,TLI available,both
Guarani_GN,Bolivia_Quechua,"70%, 80%, 90%",tupi1275,quec1387,"tupi1275 ~ tupi1275 , quec1387",13,13,mbya1239,sout2991,glottocodeBase,no proxy,mbya1239,NA,0.68966,0.00000,glottocodeBase,glottocodeBase,mbya1239,sout2991,0.11175,0.26934,GBI NOT available,TLI available,TLI only
Guarani_GN,Cusco,"70%, 80%, 90%",tupi1275,quec1387,"tupi1275 ~ tupi1275 , quec1387",13,13,mbya1239,cusc1236,glottocodeBase,glottocodeBase,mbya1239,cusc1236,0.68966,0.75369,glottocodeBase,glottocodeBase,mbya1239,cusc1236,0.11175,0.15473,GBI available,TLI available,both
Guarani_GN,Puno,"70%, 80%, 90%",tupi1275,quec1387,"tupi1275 ~ tupi1275 , quec1387",13,13,mbya1239,puno1238,glottocodeBase,glottocodeGBIproxy,mbya1239,cusc1236,0.68966,0.75369,glottocodeBase,glottocodeTLIproxy,mbya1239,cusc1236,0.11175,0.15473,GBI available,TLI available,both
Guarani_GN,Cofan,"70%, 80%, 90%",tupi1275,cofa1242,"tupi1275 ~ tupi1275 , cofa1242",13,12,mbya1239,cofa1242,glottocodeBase,glottocodeBase,mbya1239,cofa1242,0.68966,0.60591,glottocodeBase,glottocodeBase,mbya1239,cofa1242,0.11175,0.16619,GBI available,TLI available,both
Guarani_GN,Huancas,"70%, 80%, 90%",tupi1275,quec1387,"tupi1275 ~ tupi1275 , quec1387",13,12,mbya1239,chac1250,glottocodeBase,no proxy,mbya1239,NA,0.68966,0.00000,glottocodeBase,glottocodeBase,mbya1239,chac1250,0.11175,0.10602,GBI NOT available,TLI available,TLI only
Guarani_GN,Kamentsa,"70%, 80%, 90%",tupi1275,cams1241,"tupi1275 ~ tupi1275 , cams1241",13,12,mbya1239,cams1241,glottocodeBase,glottocodeBase,mbya1239,cams1241,0.68966,0.50739,glottocodeBase,glottocodeBase,mbya1239,cams1241,0.11175,0.22350,GBI available,TLI available,both
Guarani_GN,KichwaOrellana,"70%, 80%, 90%",tupi1275,quec1387,"tupi1275 ~ tupi1275 , quec1387",13,12,mbya1239,tena1240,glottocodeBase,no proxy,mbya1239,NA,0.68966,0.00000,glottocodeBase,glottocodeBase,mbya1239,tena1240,0.11175,0.10888,GBI NOT available,TLI available,TLI only
Guarani_GN,LaJalca,"70%, 80%, 90%",tupi1275,quec1387,"tupi1275 ~ tupi1275 , quec1387",13,12,mbya1239,chac1250,glottocodeBase,no proxy,mbya1239,NA,0.68966,0.00000,glottocodeBase,glottocodeBase,mbya1239,chac1250,0.11175,0.10602,GBI NOT available,TLI available,TLI only
Guarani_GN,Luya,"70%, 80%, 90%",tupi1275,quec1387,"tupi1275 ~ tupi1275 , quec1387",13,12,mbya1239,chac1250,glottocodeBase,no proxy,mbya1239,NA,0.68966,0.00000,glottocodeBase,glottocodeBase,mbya1239,chac1250,0.11175,0.10602,GBI NOT available,TLI available,TLI only
Guarani_GN,Peru_Quechua,"70%, 80%, 90%",tupi1275,quec1387,"tupi1275 ~ tupi1275 , quec1387",13,12,mbya1239,cusc1236,glottocodeBase,glottocodeBase,mbya1239,cusc1236,0.68966,0.75369,glottocodeBase,glottocodeBase,mbya1239,cusc1236,0.11175,0.15473,GBI available,TLI available,both
Guarani_GN,Ticuna,"70%, 80%, 90%",tupi1275,ticu1244,"tupi1275 ~ tupi1275 , ticu1244",13,12,mbya1239,ticu1245,glottocodeBase,glottocodeBase,mbya1239,ticu1245,0.68966,0.71921,glottocodeBase,glottocodeBase,mbya1239,ticu1245,0.11175,0.17192,GBI available,TLI available,both
Guarani_GN,Wayku,"70%, 80%, 90%",tupi1275,quec1387,"tupi1275 ~ tupi1275 , quec1387",13,12,mbya1239,sanm1289,glottocodeBase,glottocodeBase,mbya1239,sanm1289,0.68966,0.70443,glottocodeBase,glottocodeBase,mbya1239,sanm1289,0.11175,0.10602,GBI available,TLI available,both
Guarani_GN,Cabecar,"70%, 80%, 90%",tupi1275,chib1249,"tupi1275 ~ tupi1275 , chib1249",13, 8,mbya1239,cabe1245,glottocodeBase,glottocodeBase,mbya1239,cabe1245,0.68966,0.58128,glottocodeBase,glottocodeTLIproxy,mbya1239,brib1243,0.11175,0.28080,GBI available,TLI available,both
Guarani_GN,Mixe,"70%, 80%, 90%",tupi1275,mixe1284,"tupi1275 ~ tupi1275 , mixe1284",13, 8,mbya1239,mixe1286,glottocodeBase,glottocodeGBIproxy,mbya1239,olut1240,0.68966,0.77833,glottocodeBase,glottocodeTLIproxy,mbya1239,olut1240,0.11175,0.18625,GBI available,TLI available,both
Guarani_GN,Chane,"70%, 80%, 90%",tupi1275,araw1281,"tupi1275 ~ tupi1275 , araw1281",13, 7,mbya1239,chan1322,glottocodeBase,glottocodeGBIproxy,mbya1239,tere1281,0.68966,0.42365,glottocodeBase,glottocodeTLIproxy,mbya1239,tere1279,0.11175,0.11175,GBI available,TLI available,both
Guarani_GN,Kaqchikel,"70%, 80%, 90%",tupi1275,maya1287,"tupi1275 ~ tupi1275 , maya1287",13, 7,mbya1239,kaqc1270,glottocodeBase,glottocodeBase,mbya1239,kaqc1270,0.68966,0.83251,glottocodeBase,glottocodeTLIproxy,mbya1239,tzut1248,0.11175,0.45845,GBI available,TLI available,both
Guarani_GN,Mixtec,"70%, 80%, 90%",tupi1275,otom1299,"tupi1275 ~ tupi1275 , otom1299",13, 7,mbya1239,mixt1427,glottocodeBase,glottocodeGBIproxy,mbya1239,sant1436,0.68966,0.73399,glottocodeBase,glottocodeTLIproxy,mbya1239,sanm1296,0.11175,0.35817,GBI available,TLI available,both
Guarani_GN,Wayuu,"70%, 80%, 90%",tupi1275,araw1281,"tupi1275 ~ tupi1275 , araw1281",13, 7,mbya1239,wayu1243,glottocodeBase,glottocodeBase,mbya1239,wayu1243,0.68966,0.55665,glottocodeBase,glottocodeBase,mbya1239,wayu1243,0.11175,0.28367,GBI available,TLI available,both
Guarani_GN,Zapotec,"70%, 80%, 90%",tupi1275,otom1299,"tupi1275 ~ tupi1275 , otom1299",13, 7,mbya1239,zapo1437,glottocodeBase,glottocodeGBIproxy,mbya1239,sanj1284,0.68966,0.60099,glottocodeBase,glottocodeTLIproxy,mbya1239,sanj1284,0.11175,0.14040,GBI available,TLI available,both
Guarani_GN,Piapoco,"70%, 80%, 90%",tupi1275,araw1281,"tupi1275 ~ tupi1275 , araw1281",13, 6,mbya1239,piap1246,glottocodeBase,glottocodeBase,mbya1239,piap1246,0.68966,0.25616,glottocodeBase,glottocodeBase,mbya1239,piap1246,0.11175,0.15473,GBI available,TLI available,both
Guarani_GN,Pima,"70%, 80%, 90%",tupi1275,utoa1244,"tupi1275 ~ tupi1275 , utoa1244",13, 1,mbya1239,pima1248,glottocodeBase,glottocodeBase,mbya1239,pima1248,0.68966,0.74384,glottocodeBase,glottocodeBase,mbya1239,pima1248,0.11175,0.11175,GBI available,TLI available,both
Guarani_KW,Aymara,"70%, 80%, 90%",tupi1275,ayma1253,"tupi1275 ~ tupi1275 , ayma1253",13,13,mbya1239,sout2996,glottocodeBase,glottocodeBase,mbya1239,sout2996,0.68966,0.81281,glottocodeBase,glottocodeTLIproxy,mbya1239,cent2142,0.11175,0.50143,GBI available,TLI available,both
Guarani_KW,Bolivia_Quechua,"70%, 80%, 90%",tupi1275,quec1387,"tupi1275 ~ tupi1275 , quec1387",13,13,mbya1239,sout2991,glottocodeBase,no proxy,mbya1239,NA,0.68966,0.00000,glottocodeBase,glottocodeBase,mbya1239,sout2991,0.11175,0.26934,GBI NOT available,TLI available,TLI only
Guarani_KW,Cusco,"70%, 80%, 90%",tupi1275,quec1387,"tupi1275 ~ tupi1275 , quec1387",13,13,mbya1239,cusc1236,glottocodeBase,glottocodeBase,mbya1239,cusc1236,0.68966,0.75369,glottocodeBase,glottocodeBase,mbya1239,cusc1236,0.11175,0.15473,GBI available,TLI available,both
Guarani_KW,Puno,"70%, 80%, 90%",tupi1275,quec1387,"tupi1275 ~ tupi1275 , quec1387",13,13,mbya1239,puno1238,glottocodeBase,glottocodeGBIproxy,mbya1239,cusc1236,0.68966,0.75369,glottocodeBase,glottocodeTLIproxy,mbya1239,cusc1236,0.11175,0.15473,GBI available,TLI available,both
Guarani_KW,Cofan,"70%, 80%, 90%",tupi1275,cofa1242,"tupi1275 ~ tupi1275 , cofa1242",13,12,mbya1239,cofa1242,glottocodeBase,glottocodeBase,mbya1239,cofa1242,0.68966,0.60591,glottocodeBase,glottocodeBase,mbya1239,cofa1242,0.11175,0.16619,GBI available,TLI available,both
Guarani_KW,Huancas,"70%, 80%, 90%",tupi1275,quec1387,"tupi1275 ~ tupi1275 , quec1387",13,12,mbya1239,chac1250,glottocodeBase,no proxy,mbya1239,NA,0.68966,0.00000,glottocodeBase,glottocodeBase,mbya1239,chac1250,0.11175,0.10602,GBI NOT available,TLI available,TLI only
Guarani_KW,Kamentsa,"70%, 80%, 90%",tupi1275,cams1241,"tupi1275 ~ tupi1275 , cams1241",13,12,mbya1239,cams1241,glottocodeBase,glottocodeBase,mbya1239,cams1241,0.68966,0.50739,glottocodeBase,glottocodeBase,mbya1239,cams1241,0.11175,0.22350,GBI available,TLI available,both
Guarani_KW,KichwaOrellana,"70%, 80%, 90%",tupi1275,quec1387,"tupi1275 ~ tupi1275 , quec1387",13,12,mbya1239,tena1240,glottocodeBase,no proxy,mbya1239,NA,0.68966,0.00000,glottocodeBase,glottocodeBase,mbya1239,tena1240,0.11175,0.10888,GBI NOT available,TLI available,TLI only
Guarani_KW,LaJalca,"70%, 80%, 90%",tupi1275,quec1387,"tupi1275 ~ tupi1275 , quec1387",13,12,mbya1239,chac1250,glottocodeBase,no proxy,mbya1239,NA,0.68966,0.00000,glottocodeBase,glottocodeBase,mbya1239,chac1250,0.11175,0.10602,GBI NOT available,TLI available,TLI only
Guarani_KW,Luya,"70%, 80%, 90%",tupi1275,quec1387,"tupi1275 ~ tupi1275 , quec1387",13,12,mbya1239,chac1250,glottocodeBase,no proxy,mbya1239,NA,0.68966,0.00000,glottocodeBase,glottocodeBase,mbya1239,chac1250,0.11175,0.10602,GBI NOT available,TLI available,TLI only
Guarani_KW,Peru_Quechua,"70%, 80%, 90%",tupi1275,quec1387,"tupi1275 ~ tupi1275 , quec1387",13,12,mbya1239,cusc1236,glottocodeBase,glottocodeBase,mbya1239,cusc1236,0.68966,0.75369,glottocodeBase,glottocodeBase,mbya1239,cusc1236,0.11175,0.15473,GBI available,TLI available,both
Guarani_KW,Ticuna,"70%, 80%, 90%",tupi1275,ticu1244,"tupi1275 ~ tupi1275 , ticu1244",13,12,mbya1239,ticu1245,glottocodeBase,glottocodeBase,mbya1239,ticu1245,0.68966,0.71921,glottocodeBase,glottocodeBase,mbya1239,ticu1245,0.11175,0.17192,GBI available,TLI available,both
Guarani_KW,Wayku,"70%, 80%, 90%",tupi1275,quec1387,"tupi1275 ~ tupi1275 , quec1387",13,12,mbya1239,sanm1289,glottocodeBase,glottocodeBase,mbya1239,sanm1289,0.68966,0.70443,glottocodeBase,glottocodeBase,mbya1239,sanm1289,0.11175,0.10602,GBI available,TLI available,both
Guarani_KW,Cabecar,"70%, 80%, 90%",tupi1275,chib1249,"tupi1275 ~ tupi1275 , chib1249",13, 8,mbya1239,cabe1245,glottocodeBase,glottocodeBase,mbya1239,cabe1245,0.68966,0.58128,glottocodeBase,glottocodeTLIproxy,mbya1239,brib1243,0.11175,0.28080,GBI available,TLI available,both
Guarani_KW,Mixe,"70%, 80%, 90%",tupi1275,mixe1284,"tupi1275 ~ tupi1275 , mixe1284",13, 8,mbya1239,mixe1286,glottocodeBase,glottocodeGBIproxy,mbya1239,olut1240,0.68966,0.77833,glottocodeBase,glottocodeTLIproxy,mbya1239,olut1240,0.11175,0.18625,GBI available,TLI available,both
Guarani_KW,Chane,"70%, 80%, 90%",tupi1275,araw1281,"tupi1275 ~ tupi1275 , araw1281",13, 7,mbya1239,chan1322,glottocodeBase,glottocodeGBIproxy,mbya1239,tere1281,0.68966,0.42365,glottocodeBase,glottocodeTLIproxy,mbya1239,tere1279,0.11175,0.11175,GBI available,TLI available,both
Guarani_KW,Kaqchikel,"70%, 80%, 90%",tupi1275,maya1287,"tupi1275 ~ tupi1275 , maya1287",13, 7,mbya1239,kaqc1270,glottocodeBase,glottocodeBase,mbya1239,kaqc1270,0.68966,0.83251,glottocodeBase,glottocodeTLIproxy,mbya1239,tzut1248,0.11175,0.45845,GBI available,TLI available,both
Guarani_KW,Mixtec,"70%, 80%, 90%",tupi1275,otom1299,"tupi1275 ~ tupi1275 , otom1299",13, 7,mbya1239,mixt1427,glottocodeBase,glottocodeGBIproxy,mbya1239,sant1436,0.68966,0.73399,glottocodeBase,glottocodeTLIproxy,mbya1239,sanm1296,0.11175,0.35817,GBI available,TLI available,both
Guarani_KW,Wayuu,"70%, 80%, 90%",tupi1275,araw1281,"tupi1275 ~ tupi1275 , araw1281",13, 7,mbya1239,wayu1243,glottocodeBase,glottocodeBase,mbya1239,wayu1243,0.68966,0.55665,glottocodeBase,glottocodeBase,mbya1239,wayu1243,0.11175,0.28367,GBI available,TLI available,both
Guarani_KW,Zapotec,"70%, 80%, 90%",tupi1275,otom1299,"tupi1275 ~ tupi1275 , otom1299",13, 7,mbya1239,zapo1437,glottocodeBase,glottocodeGBIproxy,mbya1239,sanj1284,0.68966,0.60099,glottocodeBase,glottocodeTLIproxy,mbya1239,sanj1284,0.11175,0.14040,GBI available,TLI available,both
Guarani_KW,Piapoco,"70%, 80%, 90%",tupi1275,araw1281,"tupi1275 ~ tupi1275 , araw1281",13, 6,mbya1239,piap1246,glottocodeBase,glottocodeBase,mbya1239,piap1246,0.68966,0.25616,glottocodeBase,glottocodeBase,mbya1239,piap1246,0.11175,0.15473,GBI available,TLI available,both
Guarani_KW,Pima,"70%, 80%, 90%",tupi1275,utoa1244,"tupi1275 ~ tupi1275 , utoa1244",13, 1,mbya1239,pima1248,glottocodeBase,glottocodeBase,mbya1239,pima1248,0.68966,0.74384,glottocodeBase,glottocodeBase,mbya1239,pima1248,0.11175,0.11175,GBI available,TLI available,both
Himba,MbutiPygmy,"70%, 80%, 90%",atla1278,cent2225,"atla1278 ~ atla1278 , cent2225",13,13,here1253,lese1243,glottocodeBase,glottocodeBase,here1253,lese1243,0.85222,0.68473,glottocodeBase,glottocodeBase,here1253,lese1243,0.12321,0.16046,GBI available,TLI available,both
Kamentsa,Belarusian,"70%, 80%, 90%",cams1241,indo1319,"cams1241 ~ cams1241 , indo1319",13, 8,cams1241,bela1254,glottocodeBase,glottocodeBase,cams1241,bela1254,0.50739,0.87685,glottocodeBase,glottocodeBase,cams1241,bela1254,0.2235,0.14040,GBI available,TLI available,both
Kamentsa,Estonian,"70%, 80%, 90%",cams1241,ural1272,"cams1241 ~ cams1241 , ural1272",13, 8,cams1241,esto1258,glottocodeBase,glottocodeBase,cams1241,esto1258,0.50739,0.86207,glottocodeBase,glottocodeBase,cams1241,esto1258,0.2235,0.46418,GBI available,TLI available,both
Kamentsa,Finnish,"70%, 80%, 90%",cams1241,ural1272,"cams1241 ~ cams1241 , ural1272",13, 8,cams1241,finn1318,glottocodeBase,glottocodeBase,cams1241,finn1318,0.50739,0.87192,glottocodeBase,glottocodeBase,cams1241,finn1318,0.2235,0.84527,GBI available,TLI available,both
Kamentsa,French_West,"70%, 80%, 90%",cams1241,indo1319,"cams1241 ~ cams1241 , indo1319",13, 8,cams1241,stan1290,glottocodeBase,glottocodeBase,cams1241,stan1290,0.50739,0.89655,glottocodeBase,glottocodeBase,cams1241,stan1290,0.2235,0.80802,GBI available,TLI available,both
Kamentsa,German_Lipsian,"70%, 80%, 90%",cams1241,indo1319,"cams1241 ~ cams1241 , indo1319",13, 8,cams1241,stan1295,glottocodeBase,no proxy,cams1241,NA,0.50739,0.00000,glottocodeBase,glottocodeBase,cams1241,stan1295,0.2235,0.79370,GBI NOT available,TLI available,TLI only
Kamentsa,German_Sorb,"70%, 80%, 90%",cams1241,indo1319,"cams1241 ~ cams1241 , indo1319",13, 8,cams1241,sorb1249,glottocodeBase,no proxy,cams1241,NA,0.50739,0.00000,glottocodeBase,glottocodeTLIproxy,cams1241,uppe1395,0.2235,0.28367,GBI NOT available,TLI available,TLI only
Kamentsa,Icelandic,"70%, 80%, 90%",cams1241,indo1319,"cams1241 ~ cams1241 , indo1319",13, 8,cams1241,icel1247,glottocodeBase,glottocodeBase,cams1241,icel1247,0.50739,0.86700,glottocodeBase,glottocodeBase,cams1241,icel1247,0.2235,0.59599,GBI available,TLI available,both
Kamentsa,Irish_Connacht,"70%, 80%, 90%",cams1241,indo1319,"cams1241 ~ cams1241 , indo1319",13, 8,cams1241,conn1243,glottocodeBase,glottocodeGBIproxy,cams1241,iris1253,0.50739,0.92118,glottocodeBase,glottocodeTLIproxy,cams1241,iris1253,0.2235,0.54441,GBI available,TLI available,both
Kamentsa,Irish_Cork_Kerry,"70%, 80%, 90%",cams1241,indo1319,"cams1241 ~ cams1241 , indo1319",13, 8,cams1241,iris1253,glottocodeBase,glottocodeBase,cams1241,iris1253,0.50739,0.92118,glottocodeBase,glottocodeBase,cams1241,iris1253,0.2235,0.54441,GBI available,TLI available,both
Kamentsa,Irish_Leinster,"70%, 80%, 90%",cams1241,indo1319,"cams1241 ~ cams1241 , indo1319",13, 8,cams1241,iris1253,glottocodeBase,glottocodeBase,cams1241,iris1253,0.50739,0.92118,glottocodeBase,glottocodeBase,cams1241,iris1253,0.2235,0.54441,GBI available,TLI available,both
Kamentsa,Irish_Munster,"70%, 80%, 90%",cams1241,indo1319,"cams1241 ~ cams1241 , indo1319",13, 8,cams1241,muns1250,glottocodeBase,glottocodeGBIproxy,cams1241,iris1253,0.50739,0.92118,glottocodeBase,glottocodeTLIproxy,cams1241,iris1253,0.2235,0.54441,GBI available,TLI available,both
Kamentsa,Irish_Ulster,"70%, 80%, 90%",cams1241,indo1319,"cams1241 ~ cams1241 , indo1319",13, 8,cams1241,done1238,glottocodeBase,glottocodeGBIproxy,cams1241,iris1253,0.50739,0.92118,glottocodeBase,glottocodeTLIproxy,cams1241,iris1253,0.2235,0.54441,GBI available,TLI available,both
Kamentsa,Karelian_Northern,"70%, 80%, 90%",cams1241,ural1272,"cams1241 ~ cams1241 , ural1272",13, 8,cams1241,nort2673,glottocodeBase,glottocodeBase,cams1241,nort2673,0.50739,0.85714,glottocodeBase,glottocodeTLIproxy,cams1241,kare1335,0.2235,0.20917,GBI available,TLI available,both
Kamentsa,Karelian_Southern,"70%, 80%, 90%",cams1241,ural1272,"cams1241 ~ cams1241 , ural1272",13, 8,cams1241,sout2676,glottocodeBase,glottocodeGBIproxy,cams1241,tver1240,0.50739,0.87192,glottocodeBase,glottocodeTLIproxy,cams1241,kare1335,0.2235,0.20917,GBI available,TLI available,both
Kamentsa,Lithuanian,"70%, 80%, 90%",cams1241,indo1319,"cams1241 ~ cams1241 , indo1319",13, 8,cams1241,lith1251,glottocodeBase,glottocodeBase,cams1241,lith1251,0.50739,0.86700,glottocodeBase,glottocodeBase,cams1241,lith1251,0.2235,0.53868,GBI available,TLI available,both
Kamentsa,Norwegian,"70%, 80%, 90%",cams1241,indo1319,"cams1241 ~ cams1241 , indo1319",13, 8,cams1241,norw1258,glottocodeBase,no proxy,cams1241,NA,0.50739,0.00000,glottocodeBase,glottocodeBase,cams1241,norw1258,0.2235,0.34670,GBI NOT available,TLI available,TLI only
Kamentsa,Orcadian,"70%, 80%, 90%",cams1241,indo1319,"cams1241 ~ cams1241 , indo1319",13, 8,cams1241,scot1243,glottocodeBase,no proxy,cams1241,NA,0.50739,0.00000,glottocodeBase,glottocodeBase,cams1241,scot1243,0.2235,0.10315,GBI NOT available,TLI available,TLI only
Kamentsa,Polish_Lublin,"70%, 80%, 90%",cams1241,indo1319,"cams1241 ~ cams1241 , indo1319",13, 8,cams1241,poli1260,glottocodeBase,glottocodeBase,cams1241,poli1260,0.50739,0.93596,glottocodeBase,glottocodeBase,cams1241,poli1260,0.2235,0.56447,GBI available,TLI available,both
Kamentsa,Polish_Poznan,"70%, 80%, 90%",cams1241,indo1319,"cams1241 ~ cams1241 , indo1319",13, 8,cams1241,poli1260,glottocodeBase,glottocodeBase,cams1241,poli1260,0.50739,0.93596,glottocodeBase,glottocodeBase,cams1241,poli1260,0.2235,0.56447,GBI available,TLI available,both
Kamentsa,Russian,"70%, 80%, 90%",cams1241,indo1319,"cams1241 ~ cams1241 , indo1319",13, 8,cams1241,russ1263,glottocodeBase,glottocodeBase,cams1241,russ1263,0.50739,0.92118,glottocodeBase,glottocodeBase,cams1241,russ1263,0.2235,0.85387,GBI available,TLI available,both
Kamentsa,Russian_Archangelsk_Krasnoborsky,"70%, 80%, 90%",cams1241,indo1319,"cams1241 ~ cams1241 , indo1319",13, 8,cams1241,russ1263,glottocodeBase,glottocodeBase,cams1241,russ1263,0.50739,0.92118,glottocodeBase,glottocodeBase,cams1241,russ1263,0.2235,0.85387,GBI available,TLI available,both
Kamentsa,Russian_Archangelsk_Pinezhsky,"70%, 80%, 90%",cams1241,indo1319,"cams1241 ~ cams1241 , indo1319",13, 8,cams1241,russ1263,glottocodeBase,glottocodeBase,cams1241,russ1263,0.50739,0.92118,glottocodeBase,glottocodeBase,cams1241,russ1263,0.2235,0.85387,GBI available,TLI available,both
Kamentsa,Russian_Belgorod,"70%, 80%, 90%",cams1241,indo1319,"cams1241 ~ cams1241 , indo1319",13, 8,cams1241,russ1263,glottocodeBase,glottocodeBase,cams1241,russ1263,0.50739,0.92118,glottocodeBase,glottocodeBase,cams1241,russ1263,0.2235,0.85387,GBI available,TLI available,both
Kamentsa,Russian_Kaluga,"70%, 80%, 90%",cams1241,indo1319,"cams1241 ~ cams1241 , indo1319",13, 8,cams1241,russ1263,glottocodeBase,glottocodeBase,cams1241,russ1263,0.50739,0.92118,glottocodeBase,glottocodeBase,cams1241,russ1263,0.2235,0.85387,GBI available,TLI available,both
Kamentsa,Russian_Kursk,"70%, 80%, 90%",cams1241,indo1319,"cams1241 ~ cams1241 , indo1319",13, 8,cams1241,russ1263,glottocodeBase,glottocodeBase,cams1241,russ1263,0.50739,0.92118,glottocodeBase,glottocodeBase,cams1241,russ1263,0.2235,0.85387,GBI available,TLI available,both
Kamentsa,Russian_Oryol,"70%, 80%, 90%",cams1241,indo1319,"cams1241 ~ cams1241 , indo1319",13, 8,cams1241,russ1263,glottocodeBase,glottocodeBase,cams1241,russ1263,0.50739,0.92118,glottocodeBase,glottocodeBase,cams1241,russ1263,0.2235,0.85387,GBI available,TLI available,both
Kamentsa,Russian_Pskov_Ostrov,"70%, 80%, 90%",cams1241,indo1319,"cams1241 ~ cams1241 , indo1319",13, 8,cams1241,russ1263,glottocodeBase,glottocodeBase,cams1241,russ1263,0.50739,0.92118,glottocodeBase,glottocodeBase,cams1241,russ1263,0.2235,0.85387,GBI available,TLI available,both
Kamentsa,Russian_Pskov_Porkhov,"70%, 80%, 90%",cams1241,indo1319,"cams1241 ~ cams1241 , indo1319",13, 8,cams1241,russ1263,glottocodeBase,glottocodeBase,cams1241,russ1263,0.50739,0.92118,glottocodeBase,glottocodeBase,cams1241,russ1263,0.2235,0.85387,GBI available,TLI available,both
Kamentsa,Russian_Ryazan_Mihailovsky,"70%, 80%, 90%",cams1241,indo1319,"cams1241 ~ cams1241 , indo1319",13, 8,cams1241,russ1263,glottocodeBase,glottocodeBase,cams1241,russ1263,0.50739,0.92118,glottocodeBase,glottocodeBase,cams1241,russ1263,0.2235,0.85387,GBI available,TLI available,both
Kamentsa,Russian_Ryazan_Spassk_Ryazansky,"70%, 80%, 90%",cams1241,indo1319,"cams1241 ~ cams1241 , indo1319",13, 8,cams1241,russ1263,glottocodeBase,glottocodeBase,cams1241,russ1263,0.50739,0.92118,glottocodeBase,glottocodeBase,cams1241,russ1263,0.2235,0.85387,GBI available,TLI available,both
Kamentsa,Russian_Smolensk,"70%, 80%, 90%",cams1241,indo1319,"cams1241 ~ cams1241 , indo1319",13, 8,cams1241,russ1263,glottocodeBase,glottocodeBase,cams1241,russ1263,0.50739,0.92118,glottocodeBase,glottocodeBase,cams1241,russ1263,0.2235,0.85387,GBI available,TLI available,both
Kamentsa,Russian_Tver,"70%, 80%, 90%",cams1241,indo1319,"cams1241 ~ cams1241 , indo1319",13, 8,cams1241,russ1263,glottocodeBase,glottocodeBase,cams1241,russ1263,0.50739,0.92118,glottocodeBase,glottocodeBase,cams1241,russ1263,0.2235,0.85387,GBI available,TLI available,both
Kamentsa,Russian_Yaroslavl,"70%, 80%, 90%",cams1241,indo1319,"cams1241 ~ cams1241 , indo1319",13, 8,cams1241,russ1263,glottocodeBase,glottocodeBase,cams1241,russ1263,0.50739,0.92118,glottocodeBase,glottocodeBase,cams1241,russ1263,0.2235,0.85387,GBI available,TLI available,both
Kamentsa,Scottish,"70%, 80%, 90%",cams1241,indo1319,"cams1241 ~ cams1241 , indo1319",13, 8,cams1241,scot1245,glottocodeBase,no proxy,cams1241,NA,0.50739,0.00000,glottocodeBase,glottocodeBase,cams1241,scot1245,0.2235,0.26934,GBI NOT available,TLI available,TLI only
Kamentsa,Scottish_Dumfries_Galloway,"70%, 80%, 90%",cams1241,indo1319,"cams1241 ~ cams1241 , indo1319",13, 8,cams1241,scot1245,glottocodeBase,no proxy,cams1241,NA,0.50739,0.00000,glottocodeBase,glottocodeBase,cams1241,scot1245,0.2235,0.26934,GBI NOT available,TLI available,TLI only
Kamentsa,Scottish_Fife,"70%, 80%, 90%",cams1241,indo1319,"cams1241 ~ cams1241 , indo1319",13, 8,cams1241,scot1245,glottocodeBase,no proxy,cams1241,NA,0.50739,0.00000,glottocodeBase,glottocodeBase,cams1241,scot1245,0.2235,0.26934,GBI NOT available,TLI available,TLI only
Kamentsa,Scottish_Grampian,"70%, 80%, 90%",cams1241,indo1319,"cams1241 ~ cams1241 , indo1319",13, 8,cams1241,scot1245,glottocodeBase,no proxy,cams1241,NA,0.50739,0.00000,glottocodeBase,glottocodeBase,cams1241,scot1245,0.2235,0.26934,GBI NOT available,TLI available,TLI only
Kamentsa,Scottish_Highlands,"70%, 80%, 90%",cams1241,indo1319,"cams1241 ~ cams1241 , indo1319",13, 8,cams1241,scot1245,glottocodeBase,no proxy,cams1241,NA,0.50739,0.00000,glottocodeBase,glottocodeBase,cams1241,scot1245,0.2235,0.26934,GBI NOT available,TLI available,TLI only
Kamentsa,Scottish_Shetlandic,"70%, 80%, 90%",cams1241,indo1319,"cams1241 ~ cams1241 , indo1319",13, 8,cams1241,scot1245,glottocodeBase,no proxy,cams1241,NA,0.50739,0.00000,glottocodeBase,glottocodeBase,cams1241,scot1245,0.2235,0.26934,GBI NOT available,TLI available,TLI only
Kamentsa,Ukrainian_East,"70%, 80%, 90%",cams1241,indo1319,"cams1241 ~ cams1241 , indo1319",13, 8,cams1241,ukra1253,glottocodeBase,glottocodeBase,cams1241,ukra1253,0.50739,0.78325,glottocodeBase,glottocodeBase,cams1241,ukra1253,0.2235,0.32665,GBI available,TLI available,both
Kamentsa,Ukrainian_Rovenskaya,"70%, 80%, 90%",cams1241,indo1319,"cams1241 ~ cams1241 , indo1319",13, 8,cams1241,ukra1253,glottocodeBase,glottocodeBase,cams1241,ukra1253,0.50739,0.78325,glottocodeBase,glottocodeBase,cams1241,ukra1253,0.2235,0.32665,GBI available,TLI available,both
Kamentsa,Ukrainian_Sumskaya,"70%, 80%, 90%",cams1241,indo1319,"cams1241 ~ cams1241 , indo1319",13, 8,cams1241,ukra1253,glottocodeBase,glottocodeBase,cams1241,ukra1253,0.50739,0.78325,glottocodeBase,glottocodeBase,cams1241,ukra1253,0.2235,0.32665,GBI available,TLI available,both
Kamentsa,Ukrainian_Zhitomirskaya,"70%, 80%, 90%",cams1241,indo1319,"cams1241 ~ cams1241 , indo1319",13, 8,cams1241,ukra1253,glottocodeBase,glottocodeBase,cams1241,ukra1253,0.50739,0.78325,glottocodeBase,glottocodeBase,cams1241,ukra1253,0.2235,0.32665,GBI available,TLI available,both
Kamentsa,Veps,"70%, 80%, 90%",cams1241,ural1272,"cams1241 ~ cams1241 , ural1272",13, 8,cams1241,veps1250,glottocodeBase,glottocodeBase,cams1241,veps1250,0.50739,0.86700,glottocodeBase,glottocodeBase,cams1241,veps1250,0.2235,0.18052,GBI available,TLI available,both
Kamentsa,Scottish_Borders,"70%, 80%, 90%",cams1241,indo1319,"cams1241 ~ cams1241 , indo1319",13, 7,cams1241,scot1245,glottocodeBase,no proxy,cams1241,NA,0.50739,0.00000,glottocodeBase,glottocodeBase,cams1241,scot1245,0.2235,0.26934,GBI NOT available,TLI available,TLI only
Kamentsa,Czech,"70%, 80%, 90%",cams1241,indo1319,"cams1241 ~ cams1241 , indo1319",13, 6,cams1241,czec1258,glottocodeBase,glottocodeBase,cams1241,czec1258,0.50739,0.86700,glottocodeBase,glottocodeBase,cams1241,czec1258,0.2235,0.32951,GBI available,TLI available,both
Kamentsa,English_Kent,"70%, 80%, 90%",cams1241,indo1319,"cams1241 ~ cams1241 , indo1319",13, 5,cams1241,stan1293,glottocodeBase,glottocodeBase,cams1241,stan1293,0.50739,0.85222,glottocodeBase,glottocodeBase,cams1241,stan1293,0.2235,0.82521,GBI available,TLI available,both
Kamentsa,Karitiana,"70%, 80%",cams1241,tupi1275,"cams1241 ~ cams1241 , tupi1275",13, 3,cams1241,kari1311,glottocodeBase,glottocodeBase,cams1241,kari1311,0.50739,0.71921,glottocodeBase,glottocodeBase,cams1241,kari1311,0.2235,0.17765,GBI available,TLI available,both
Kamentsa,Karitiana_Rondonia,"70%, 80%",cams1241,tupi1275,"cams1241 ~ cams1241 , tupi1275",13, 3,cams1241,kari1311,glottocodeBase,glottocodeBase,cams1241,kari1311,0.50739,0.71921,glottocodeBase,glottocodeBase,cams1241,kari1311,0.2235,0.17765,GBI available,TLI available,both
Kamentsa,Surui,"70%, 80%",cams1241,tupi1275,"cams1241 ~ cams1241 , tupi1275",13, 3,cams1241,suru1262,glottocodeBase,glottocodeBase,cams1241,suru1262,0.50739,0.09360,glottocodeBase,glottocodeBase,cams1241,suru1262,0.2235,0.10888,GBI available,TLI available,both
Kamentsa,English_Cornwall,"70%, 80%, 90%",cams1241,indo1319,"cams1241 ~ cams1241 , indo1319",13, 1,cams1241,stan1293,glottocodeBase,glottocodeBase,cams1241,stan1293,0.50739,0.85222,glottocodeBase,glottocodeBase,cams1241,stan1293,0.2235,0.82521,GBI available,TLI available,both
Kamentsa,Mordovian,"70%, 80%, 90%",cams1241,ural1272,"cams1241 ~ cams1241 , ural1272",13, 1,cams1241,erzy1239,glottocodeBase,glottocodeBase,cams1241,erzy1239,0.50739,0.84729,glottocodeBase,glottocodeBase,cams1241,erzy1239,0.2235,0.30659,GBI available,TLI available,both
Kamentsa,Mordovian_Erzya,"70%, 80%, 90%",cams1241,ural1272,"cams1241 ~ cams1241 , ural1272",13, 1,cams1241,erzy1239,glottocodeBase,glottocodeBase,cams1241,erzy1239,0.50739,0.84729,glottocodeBase,glottocodeBase,cams1241,erzy1239,0.2235,0.30659,GBI available,TLI available,both
Kamentsa,Mordovian_Moksha,"70%, 80%, 90%",cams1241,ural1272,"cams1241 ~ cams1241 , ural1272",13, 1,cams1241,moks1248,glottocodeBase,glottocodeBase,cams1241,moks1248,0.50739,0.88177,glottocodeBase,glottocodeBase,cams1241,moks1248,0.2235,0.19771,GBI available,TLI available,both
Kamentsa,Russian_Archangelsk_Leshukonsky,"70%, 80%, 90%",cams1241,indo1319,"cams1241 ~ cams1241 , indo1319",13, 1,cams1241,russ1263,glottocodeBase,glottocodeBase,cams1241,russ1263,0.50739,0.92118,glottocodeBase,glottocodeBase,cams1241,russ1263,0.2235,0.85387,GBI available,TLI available,both
Kamentsa,Ukrainian_West,"70%, 80%, 90%",cams1241,indo1319,"cams1241 ~ cams1241 , indo1319",13, 1,cams1241,ukra1253,glottocodeBase,glottocodeBase,cams1241,ukra1253,0.50739,0.78325,glottocodeBase,glottocodeBase,cams1241,ukra1253,0.2235,0.32665,GBI available,TLI available,both
Kikuyu,BedouinB,"70%, 80%",atla1278,afro1255,"atla1278 ~ atla1278 , afro1255",13, 1,kiku1240,east2690,glottocodeBase,glottocodeBase,kiku1240,east2690,0.69951,0.63547,glottocodeBase,no proxy,kiku1240,NA,0.19771,0.00000,GBI available,TLI NOT available,GBI only
Kikuyu,Yemen_Ad_Dali,"70%, 80%",atla1278,afro1255,"atla1278 ~ atla1278 , afro1255",13, 1,kiku1240,sana1295,glottocodeBase,glottocodeBase,kiku1240,sana1295,0.69951,0.74877,glottocodeBase,glottocodeBase,kiku1240,sana1295,0.19771,0.02006,GBI available,TLI available,both
Kikuyu,Yemen_Al_Bayda,"70%, 80%",atla1278,afro1255,"atla1278 ~ atla1278 , afro1255",13, 1,kiku1240,sana1295,glottocodeBase,glottocodeBase,kiku1240,sana1295,0.69951,0.74877,glottocodeBase,glottocodeBase,kiku1240,sana1295,0.19771,0.02006,GBI available,TLI available,both
Kikuyu,Yemen_Al_Jawf,"70%, 80%",atla1278,afro1255,"atla1278 ~ atla1278 , afro1255",13, 1,kiku1240,sana1295,glottocodeBase,glottocodeBase,kiku1240,sana1295,0.69951,0.74877,glottocodeBase,glottocodeBase,kiku1240,sana1295,0.19771,0.02006,GBI available,TLI available,both
Kikuyu,Yemen_Dhamar,"70%, 80%",atla1278,afro1255,"atla1278 ~ atla1278 , afro1255",13, 1,kiku1240,sana1295,glottocodeBase,glottocodeBase,kiku1240,sana1295,0.69951,0.74877,glottocodeBase,glottocodeBase,kiku1240,sana1295,0.19771,0.02006,GBI available,TLI available,both
Kikuyu,Yemen_Marib,"70%, 80%",atla1278,afro1255,"atla1278 ~ atla1278 , afro1255",13, 1,kiku1240,sana1295,glottocodeBase,glottocodeBase,kiku1240,sana1295,0.69951,0.74877,glottocodeBase,glottocodeBase,kiku1240,sana1295,0.19771,0.02006,GBI available,TLI available,both
Malawi_Chewa,MbutiPygmy,"70%, 80%, 90%",atla1278,cent2225,"atla1278 ~ atla1278 , cent2225",13,12,nyan1308,lese1243,no proxy,glottocodeBase,NA,lese1243,0,0.68473,glottocodeBase,glottocodeBase,nyan1308,lese1243,0.12034,0.16046,GBI NOT available,TLI available,TLI only
Malawi_Ngoni,MbutiPygmy,"70%, 80%, 90%",atla1278,cent2225,"atla1278 ~ atla1278 , cent2225",13,13,ngon1269,lese1243,glottocodeGBIproxy,glottocodeBase,tanz1241,lese1243,0.82759,0.68473,glottocodeBase,glottocodeBase,ngon1269,lese1243,0.06877,0.16046,GBI available,TLI available,both
Malawi_Yao,MbutiPygmy,"70%, 80%, 90%",atla1278,cent2225,"atla1278 ~ atla1278 , cent2225",13,13,yaoo1241,lese1243,glottocodeBase,glottocodeBase,yaoo1241,lese1243,0.60099,0.68473,glottocodeBase,glottocodeBase,yaoo1241,lese1243,0.16332,0.16046,GBI available,TLI available,both
Mansi,Lithuanian,"70%, 80%",ural1272,indo1319,"ural1272 ~ ural1272 , indo1319",13,13,sout3253,lith1251,glottocodeGBIproxy,glottocodeBase,cent2322,lith1251,0.76847,0.86700,glottocodeTLIproxy,glottocodeBase,mans1258,lith1251,0.36676,0.53868,GBI available,TLI available,both
Mansi,Russian_Archangelsk_Pinezhsky,"70%, 80%",ural1272,indo1319,"ural1272 ~ ural1272 , indo1319",13,13,sout3253,russ1263,glottocodeGBIproxy,glottocodeBase,cent2322,russ1263,0.76847,0.92118,glottocodeTLIproxy,glottocodeBase,mans1258,russ1263,0.36676,0.85387,GBI available,TLI available,both
Mansi,Russian_Pskov_Ostrov,"70%, 80%",ural1272,indo1319,"ural1272 ~ ural1272 , indo1319",13,13,sout3253,russ1263,glottocodeGBIproxy,glottocodeBase,cent2322,russ1263,0.76847,0.92118,glottocodeTLIproxy,glottocodeBase,mans1258,russ1263,0.36676,0.85387,GBI available,TLI available,both
Mansi,Russian_Pskov_Porkhov,"70%, 80%",ural1272,indo1319,"ural1272 ~ ural1272 , indo1319",13,13,sout3253,russ1263,glottocodeGBIproxy,glottocodeBase,cent2322,russ1263,0.76847,0.92118,glottocodeTLIproxy,glottocodeBase,mans1258,russ1263,0.36676,0.85387,GBI available,TLI available,both
Mansi,Belarusian,"70%, 80%",ural1272,indo1319,"ural1272 ~ ural1272 , indo1319",13,12,sout3253,bela1254,glottocodeGBIproxy,glottocodeBase,cent2322,bela1254,0.76847,0.87685,glottocodeTLIproxy,glottocodeBase,mans1258,bela1254,0.36676,0.14040,GBI available,TLI available,both
Mansi,Russian_Archangelsk_Krasnoborsky,"70%, 80%",ural1272,indo1319,"ural1272 ~ ural1272 , indo1319",13,12,sout3253,russ1263,glottocodeGBIproxy,glottocodeBase,cent2322,russ1263,0.76847,0.92118,glottocodeTLIproxy,glottocodeBase,mans1258,russ1263,0.36676,0.85387,GBI available,TLI available,both
Mansi,Russian_Kaluga,"70%, 80%",ural1272,indo1319,"ural1272 ~ ural1272 , indo1319",13,12,sout3253,russ1263,glottocodeGBIproxy,glottocodeBase,cent2322,russ1263,0.76847,0.92118,glottocodeTLIproxy,glottocodeBase,mans1258,russ1263,0.36676,0.85387,GBI available,TLI available,both
Mansi,Russian_Smolensk,"70%, 80%",ural1272,indo1319,"ural1272 ~ ural1272 , indo1319",13,12,sout3253,russ1263,glottocodeGBIproxy,glottocodeBase,cent2322,russ1263,0.76847,0.92118,glottocodeTLIproxy,glottocodeBase,mans1258,russ1263,0.36676,0.85387,GBI available,TLI available,both
Mansi,Russian_Yaroslavl,"70%, 80%",ural1272,indo1319,"ural1272 ~ ural1272 , indo1319",13,12,sout3253,russ1263,glottocodeGBIproxy,glottocodeBase,cent2322,russ1263,0.76847,0.92118,glottocodeTLIproxy,glottocodeBase,mans1258,russ1263,0.36676,0.85387,GBI available,TLI available,both
Mansi,German_Sorb,"70%, 80%",ural1272,indo1319,"ural1272 ~ ural1272 , indo1319",13,10,sout3253,sorb1249,glottocodeGBIproxy,no proxy,cent2322,NA,0.76847,0.00000,glottocodeTLIproxy,glottocodeTLIproxy,mans1258,uppe1395,0.36676,0.28367,GBI NOT available,TLI available,TLI only
Mansi,Polish_Poznan,"70%, 80%",ural1272,indo1319,"ural1272 ~ ural1272 , indo1319",13,10,sout3253,poli1260,glottocodeGBIproxy,glottocodeBase,cent2322,poli1260,0.76847,0.93596,glottocodeTLIproxy,glottocodeBase,mans1258,poli1260,0.36676,0.56447,GBI available,TLI available,both
Mansi,Russian,"70%, 80%",ural1272,indo1319,"ural1272 ~ ural1272 , indo1319",13,10,sout3253,russ1263,glottocodeGBIproxy,glottocodeBase,cent2322,russ1263,0.76847,0.92118,glottocodeTLIproxy,glottocodeBase,mans1258,russ1263,0.36676,0.85387,GBI available,TLI available,both
Mansi,Russian_Kursk,"70%, 80%",ural1272,indo1319,"ural1272 ~ ural1272 , indo1319",13,10,sout3253,russ1263,glottocodeGBIproxy,glottocodeBase,cent2322,russ1263,0.76847,0.92118,glottocodeTLIproxy,glottocodeBase,mans1258,russ1263,0.36676,0.85387,GBI available,TLI available,both
Mansi,Russian_Oryol,"70%, 80%",ural1272,indo1319,"ural1272 ~ ural1272 , indo1319",13,10,sout3253,russ1263,glottocodeGBIproxy,glottocodeBase,cent2322,russ1263,0.76847,0.92118,glottocodeTLIproxy,glottocodeBase,mans1258,russ1263,0.36676,0.85387,GBI available,TLI available,both
Mansi,Russian_Ryazan_Spassk_Ryazansky,"70%, 80%",ural1272,indo1319,"ural1272 ~ ural1272 , indo1319",13,10,sout3253,russ1263,glottocodeGBIproxy,glottocodeBase,cent2322,russ1263,0.76847,0.92118,glottocodeTLIproxy,glottocodeBase,mans1258,russ1263,0.36676,0.85387,GBI available,TLI available,both
Mansi,Russian_Tver,"70%, 80%",ural1272,indo1319,"ural1272 ~ ural1272 , indo1319",13,10,sout3253,russ1263,glottocodeGBIproxy,glottocodeBase,cent2322,russ1263,0.76847,0.92118,glottocodeTLIproxy,glottocodeBase,mans1258,russ1263,0.36676,0.85387,GBI available,TLI available,both
Mansi,Ukrainian_East,"70%, 80%",ural1272,indo1319,"ural1272 ~ ural1272 , indo1319",13,10,sout3253,ukra1253,glottocodeGBIproxy,glottocodeBase,cent2322,ukra1253,0.76847,0.78325,glottocodeTLIproxy,glottocodeBase,mans1258,ukra1253,0.36676,0.32665,GBI available,TLI available,both
Mansi,Ukrainian_Rovenskaya,"70%, 80%",ural1272,indo1319,"ural1272 ~ ural1272 , indo1319",13,10,sout3253,ukra1253,glottocodeGBIproxy,glottocodeBase,cent2322,ukra1253,0.76847,0.78325,glottocodeTLIproxy,glottocodeBase,mans1258,ukra1253,0.36676,0.32665,GBI available,TLI available,both
Mansi,French_West,"70%, 80%",ural1272,indo1319,"ural1272 ~ ural1272 , indo1319",13, 9,sout3253,stan1290,glottocodeGBIproxy,glottocodeBase,cent2322,stan1290,0.76847,0.89655,glottocodeTLIproxy,glottocodeBase,mans1258,stan1290,0.36676,0.80802,GBI available,TLI available,both
Mansi,German_Lipsian,"70%, 80%",ural1272,indo1319,"ural1272 ~ ural1272 , indo1319",13, 9,sout3253,stan1295,glottocodeGBIproxy,no proxy,cent2322,NA,0.76847,0.00000,glottocodeTLIproxy,glottocodeBase,mans1258,stan1295,0.36676,0.79370,GBI NOT available,TLI available,TLI only
Mansi,Icelandic,"70%, 80%",ural1272,indo1319,"ural1272 ~ ural1272 , indo1319",13, 9,sout3253,icel1247,glottocodeGBIproxy,glottocodeBase,cent2322,icel1247,0.76847,0.86700,glottocodeTLIproxy,glottocodeBase,mans1258,icel1247,0.36676,0.59599,GBI available,TLI available,both
Mansi,Irish_Connacht,"70%, 80%",ural1272,indo1319,"ural1272 ~ ural1272 , indo1319",13, 9,sout3253,conn1243,glottocodeGBIproxy,glottocodeGBIproxy,cent2322,iris1253,0.76847,0.92118,glottocodeTLIproxy,glottocodeTLIproxy,mans1258,iris1253,0.36676,0.54441,GBI available,TLI available,both
Mansi,Irish_Cork_Kerry,"70%, 80%",ural1272,indo1319,"ural1272 ~ ural1272 , indo1319",13, 9,sout3253,iris1253,glottocodeGBIproxy,glottocodeBase,cent2322,iris1253,0.76847,0.92118,glottocodeTLIproxy,glottocodeBase,mans1258,iris1253,0.36676,0.54441,GBI available,TLI available,both
Mansi,Irish_Leinster,"70%, 80%",ural1272,indo1319,"ural1272 ~ ural1272 , indo1319",13, 9,sout3253,iris1253,glottocodeGBIproxy,glottocodeBase,cent2322,iris1253,0.76847,0.92118,glottocodeTLIproxy,glottocodeBase,mans1258,iris1253,0.36676,0.54441,GBI available,TLI available,both
Mansi,Irish_Munster,"70%, 80%",ural1272,indo1319,"ural1272 ~ ural1272 , indo1319",13, 9,sout3253,muns1250,glottocodeGBIproxy,glottocodeGBIproxy,cent2322,iris1253,0.76847,0.92118,glottocodeTLIproxy,glottocodeTLIproxy,mans1258,iris1253,0.36676,0.54441,GBI available,TLI available,both
Mansi,Irish_Ulster,"70%, 80%",ural1272,indo1319,"ural1272 ~ ural1272 , indo1319",13, 9,sout3253,done1238,glottocodeGBIproxy,glottocodeGBIproxy,cent2322,iris1253,0.76847,0.92118,glottocodeTLIproxy,glottocodeTLIproxy,mans1258,iris1253,0.36676,0.54441,GBI available,TLI available,both
Mansi,Norwegian,"70%, 80%",ural1272,indo1319,"ural1272 ~ ural1272 , indo1319",13, 9,sout3253,norw1258,glottocodeGBIproxy,no proxy,cent2322,NA,0.76847,0.00000,glottocodeTLIproxy,glottocodeBase,mans1258,norw1258,0.36676,0.34670,GBI NOT available,TLI available,TLI only
Mansi,Orcadian,"70%, 80%",ural1272,indo1319,"ural1272 ~ ural1272 , indo1319",13, 9,sout3253,scot1243,glottocodeGBIproxy,no proxy,cent2322,NA,0.76847,0.00000,glottocodeTLIproxy,glottocodeBase,mans1258,scot1243,0.36676,0.10315,GBI NOT available,TLI available,TLI only
Mansi,Polish_Lublin,"70%, 80%",ural1272,indo1319,"ural1272 ~ ural1272 , indo1319",13, 9,sout3253,poli1260,glottocodeGBIproxy,glottocodeBase,cent2322,poli1260,0.76847,0.93596,glottocodeTLIproxy,glottocodeBase,mans1258,poli1260,0.36676,0.56447,GBI available,TLI available,both
Mansi,Russian_Belgorod,"70%, 80%",ural1272,indo1319,"ural1272 ~ ural1272 , indo1319",13, 9,sout3253,russ1263,glottocodeGBIproxy,glottocodeBase,cent2322,russ1263,0.76847,0.92118,glottocodeTLIproxy,glottocodeBase,mans1258,russ1263,0.36676,0.85387,GBI available,TLI available,both
Mansi,Russian_Ryazan_Mihailovsky,"70%, 80%",ural1272,indo1319,"ural1272 ~ ural1272 , indo1319",13, 9,sout3253,russ1263,glottocodeGBIproxy,glottocodeBase,cent2322,russ1263,0.76847,0.92118,glottocodeTLIproxy,glottocodeBase,mans1258,russ1263,0.36676,0.85387,GBI available,TLI available,both
Mansi,Scottish,"70%, 80%",ural1272,indo1319,"ural1272 ~ ural1272 , indo1319",13, 9,sout3253,scot1245,glottocodeGBIproxy,no proxy,cent2322,NA,0.76847,0.00000,glottocodeTLIproxy,glottocodeBase,mans1258,scot1245,0.36676,0.26934,GBI NOT available,TLI available,TLI only
Mansi,Scottish_Dumfries_Galloway,"70%, 80%",ural1272,indo1319,"ural1272 ~ ural1272 , indo1319",13, 9,sout3253,scot1245,glottocodeGBIproxy,no proxy,cent2322,NA,0.76847,0.00000,glottocodeTLIproxy,glottocodeBase,mans1258,scot1245,0.36676,0.26934,GBI NOT available,TLI available,TLI only
Mansi,Scottish_Fife,"70%, 80%",ural1272,indo1319,"ural1272 ~ ural1272 , indo1319",13, 9,sout3253,scot1245,glottocodeGBIproxy,no proxy,cent2322,NA,0.76847,0.00000,glottocodeTLIproxy,glottocodeBase,mans1258,scot1245,0.36676,0.26934,GBI NOT available,TLI available,TLI only
Mansi,Scottish_Grampian,"70%, 80%",ural1272,indo1319,"ural1272 ~ ural1272 , indo1319",13, 9,sout3253,scot1245,glottocodeGBIproxy,no proxy,cent2322,NA,0.76847,0.00000,glottocodeTLIproxy,glottocodeBase,mans1258,scot1245,0.36676,0.26934,GBI NOT available,TLI available,TLI only
Mansi,Scottish_Highlands,"70%, 80%",ural1272,indo1319,"ural1272 ~ ural1272 , indo1319",13, 9,sout3253,scot1245,glottocodeGBIproxy,no proxy,cent2322,NA,0.76847,0.00000,glottocodeTLIproxy,glottocodeBase,mans1258,scot1245,0.36676,0.26934,GBI NOT available,TLI available,TLI only
Mansi,Scottish_Shetlandic,"70%, 80%",ural1272,indo1319,"ural1272 ~ ural1272 , indo1319",13, 9,sout3253,scot1245,glottocodeGBIproxy,no proxy,cent2322,NA,0.76847,0.00000,glottocodeTLIproxy,glottocodeBase,mans1258,scot1245,0.36676,0.26934,GBI NOT available,TLI available,TLI only
Mansi,Ukrainian_Sumskaya,"70%, 80%",ural1272,indo1319,"ural1272 ~ ural1272 , indo1319",13, 9,sout3253,ukra1253,glottocodeGBIproxy,glottocodeBase,cent2322,ukra1253,0.76847,0.78325,glottocodeTLIproxy,glottocodeBase,mans1258,ukra1253,0.36676,0.32665,GBI available,TLI available,both
Mansi,Ukrainian_Zhitomirskaya,"70%, 80%",ural1272,indo1319,"ural1272 ~ ural1272 , indo1319",13, 9,sout3253,ukra1253,glottocodeGBIproxy,glottocodeBase,cent2322,ukra1253,0.76847,0.78325,glottocodeTLIproxy,glottocodeBase,mans1258,ukra1253,0.36676,0.32665,GBI available,TLI available,both
Mansi,Scottish_Borders,"70%, 80%",ural1272,indo1319,"ural1272 ~ ural1272 , indo1319",13, 8,sout3253,scot1245,glottocodeGBIproxy,no proxy,cent2322,NA,0.76847,0.00000,glottocodeTLIproxy,glottocodeBase,mans1258,scot1245,0.36676,0.26934,GBI NOT available,TLI available,TLI only
Mansi,Czech,"70%, 80%",ural1272,indo1319,"ural1272 ~ ural1272 , indo1319",13, 6,sout3253,czec1258,glottocodeGBIproxy,glottocodeBase,cent2322,czec1258,0.76847,0.86700,glottocodeTLIproxy,glottocodeBase,mans1258,czec1258,0.36676,0.32951,GBI available,TLI available,both
Mansi,English_Kent,"70%, 80%",ural1272,indo1319,"ural1272 ~ ural1272 , indo1319",13, 5,sout3253,stan1293,glottocodeGBIproxy,glottocodeBase,cent2322,stan1293,0.76847,0.85222,glottocodeTLIproxy,glottocodeBase,mans1258,stan1293,0.36676,0.82521,GBI available,TLI available,both
Mansi,Ket,70%,ural1272,yeni1252,"ural1272 ~ ural1272 , yeni1252",13, 4,sout3253,kett1243,glottocodeGBIproxy,glottocodeBase,cent2322,kett1243,0.76847,0.86700,glottocodeTLIproxy,glottocodeBase,mans1258,kett1243,0.36676,0.52436,GBI available,TLI available,both
Mansi,Ket_Southeast,70%,ural1272,yeni1252,"ural1272 ~ ural1272 , yeni1252",13, 4,sout3253,kett1243,glottocodeGBIproxy,glottocodeBase,cent2322,kett1243,0.76847,0.86700,glottocodeTLIproxy,glottocodeBase,mans1258,kett1243,0.36676,0.52436,GBI available,TLI available,both
Mansi,Lithuanian,70%,ural1272,indo1319,"ural1272 ~ ural1272 , indo1319",13,13,sout3253,lith1251,glottocodeGBIproxy,glottocodeBase,cent2322,lith1251,0.76847,0.86700,glottocodeTLIproxy,glottocodeBase,mans1258,lith1251,0.36676,0.53868,GBI available,TLI available,both
Mansi,Russian_Archangelsk_Pinezhsky,70%,ural1272,indo1319,"ural1272 ~ ural1272 , indo1319",13,13,sout3253,russ1263,glottocodeGBIproxy,glottocodeBase,cent2322,russ1263,0.76847,0.92118,glottocodeTLIproxy,glottocodeBase,mans1258,russ1263,0.36676,0.85387,GBI available,TLI available,both
Mansi,Russian_Pskov_Ostrov,70%,ural1272,indo1319,"ural1272 ~ ural1272 , indo1319",13,13,sout3253,russ1263,glottocodeGBIproxy,glottocodeBase,cent2322,russ1263,0.76847,0.92118,glottocodeTLIproxy,glottocodeBase,mans1258,russ1263,0.36676,0.85387,GBI available,TLI available,both
Mansi,Russian_Pskov_Porkhov,70%,ural1272,indo1319,"ural1272 ~ ural1272 , indo1319",13,13,sout3253,russ1263,glottocodeGBIproxy,glottocodeBase,cent2322,russ1263,0.76847,0.92118,glottocodeTLIproxy,glottocodeBase,mans1258,russ1263,0.36676,0.85387,GBI available,TLI available,both
Mansi,Belarusian,70%,ural1272,indo1319,"ural1272 ~ ural1272 , indo1319",13,12,sout3253,bela1254,glottocodeGBIproxy,glottocodeBase,cent2322,bela1254,0.76847,0.87685,glottocodeTLIproxy,glottocodeBase,mans1258,bela1254,0.36676,0.14040,GBI available,TLI available,both
Mansi,Russian_Archangelsk_Krasnoborsky,70%,ural1272,indo1319,"ural1272 ~ ural1272 , indo1319",13,12,sout3253,russ1263,glottocodeGBIproxy,glottocodeBase,cent2322,russ1263,0.76847,0.92118,glottocodeTLIproxy,glottocodeBase,mans1258,russ1263,0.36676,0.85387,GBI available,TLI available,both
Mansi,Russian_Kaluga,70%,ural1272,indo1319,"ural1272 ~ ural1272 , indo1319",13,12,sout3253,russ1263,glottocodeGBIproxy,glottocodeBase,cent2322,russ1263,0.76847,0.92118,glottocodeTLIproxy,glottocodeBase,mans1258,russ1263,0.36676,0.85387,GBI available,TLI available,both
Mansi,Russian_Smolensk,70%,ural1272,indo1319,"ural1272 ~ ural1272 , indo1319",13,12,sout3253,russ1263,glottocodeGBIproxy,glottocodeBase,cent2322,russ1263,0.76847,0.92118,glottocodeTLIproxy,glottocodeBase,mans1258,russ1263,0.36676,0.85387,GBI available,TLI available,both
Mansi,Russian_Yaroslavl,70%,ural1272,indo1319,"ural1272 ~ ural1272 , indo1319",13,12,sout3253,russ1263,glottocodeGBIproxy,glottocodeBase,cent2322,russ1263,0.76847,0.92118,glottocodeTLIproxy,glottocodeBase,mans1258,russ1263,0.36676,0.85387,GBI available,TLI available,both
Mansi,English_Cornwall,"70%, 80%",ural1272,indo1319,"ural1272 ~ ural1272 , indo1319",13, 1,sout3253,stan1293,glottocodeGBIproxy,glottocodeBase,cent2322,stan1293,0.76847,0.85222,glottocodeTLIproxy,glottocodeBase,mans1258,stan1293,0.36676,0.82521,GBI available,TLI available,both
Mansi,Russian_Archangelsk_Leshukonsky,"70%, 80%",ural1272,indo1319,"ural1272 ~ ural1272 , indo1319",13, 1,sout3253,russ1263,glottocodeGBIproxy,glottocodeBase,cent2322,russ1263,0.76847,0.92118,glottocodeTLIproxy,glottocodeBase,mans1258,russ1263,0.36676,0.85387,GBI available,TLI available,both
Mansi,Ukrainian_West,"70%, 80%",ural1272,indo1319,"ural1272 ~ ural1272 , indo1319",13, 1,sout3253,ukra1253,glottocodeGBIproxy,glottocodeBase,cent2322,ukra1253,0.76847,0.78325,glottocodeTLIproxy,glottocodeBase,mans1258,ukra1253,0.36676,0.32665,GBI available,TLI available,both
Mansi,German_Sorb,70%,ural1272,indo1319,"ural1272 ~ ural1272 , indo1319",13,10,sout3253,sorb1249,glottocodeGBIproxy,no proxy,cent2322,NA,0.76847,0.00000,glottocodeTLIproxy,glottocodeTLIproxy,mans1258,uppe1395,0.36676,0.28367,GBI NOT available,TLI available,TLI only
Mansi,Polish_Poznan,70%,ural1272,indo1319,"ural1272 ~ ural1272 , indo1319",13,10,sout3253,poli1260,glottocodeGBIproxy,glottocodeBase,cent2322,poli1260,0.76847,0.93596,glottocodeTLIproxy,glottocodeBase,mans1258,poli1260,0.36676,0.56447,GBI available,TLI available,both
Mansi,Russian,70%,ural1272,indo1319,"ural1272 ~ ural1272 , indo1319",13,10,sout3253,russ1263,glottocodeGBIproxy,glottocodeBase,cent2322,russ1263,0.76847,0.92118,glottocodeTLIproxy,glottocodeBase,mans1258,russ1263,0.36676,0.85387,GBI available,TLI available,both
Mansi,Russian_Kursk,70%,ural1272,indo1319,"ural1272 ~ ural1272 , indo1319",13,10,sout3253,russ1263,glottocodeGBIproxy,glottocodeBase,cent2322,russ1263,0.76847,0.92118,glottocodeTLIproxy,glottocodeBase,mans1258,russ1263,0.36676,0.85387,GBI available,TLI available,both
Mansi,Russian_Oryol,70%,ural1272,indo1319,"ural1272 ~ ural1272 , indo1319",13,10,sout3253,russ1263,glottocodeGBIproxy,glottocodeBase,cent2322,russ1263,0.76847,0.92118,glottocodeTLIproxy,glottocodeBase,mans1258,russ1263,0.36676,0.85387,GBI available,TLI available,both
Mansi,Russian_Ryazan_Spassk_Ryazansky,70%,ural1272,indo1319,"ural1272 ~ ural1272 , indo1319",13,10,sout3253,russ1263,glottocodeGBIproxy,glottocodeBase,cent2322,russ1263,0.76847,0.92118,glottocodeTLIproxy,glottocodeBase,mans1258,russ1263,0.36676,0.85387,GBI available,TLI available,both
Mansi,Russian_Tver,70%,ural1272,indo1319,"ural1272 ~ ural1272 , indo1319",13,10,sout3253,russ1263,glottocodeGBIproxy,glottocodeBase,cent2322,russ1263,0.76847,0.92118,glottocodeTLIproxy,glottocodeBase,mans1258,russ1263,0.36676,0.85387,GBI available,TLI available,both
Mansi,Ukrainian_East,70%,ural1272,indo1319,"ural1272 ~ ural1272 , indo1319",13,10,sout3253,ukra1253,glottocodeGBIproxy,glottocodeBase,cent2322,ukra1253,0.76847,0.78325,glottocodeTLIproxy,glottocodeBase,mans1258,ukra1253,0.36676,0.32665,GBI available,TLI available,both
Mansi,Ukrainian_Rovenskaya,70%,ural1272,indo1319,"ural1272 ~ ural1272 , indo1319",13,10,sout3253,ukra1253,glottocodeGBIproxy,glottocodeBase,cent2322,ukra1253,0.76847,0.78325,glottocodeTLIproxy,glottocodeBase,mans1258,ukra1253,0.36676,0.32665,GBI available,TLI available,both
Masai1,BedouinB,70%,nilo1247,afro1255,"nilo1247 ~ nilo1247 , afro1255",13, 1,masa1300,east2690,glottocodeBase,glottocodeBase,masa1300,east2690,0.39409,0.63547,glottocodeBase,no proxy,masa1300,NA,0.40974,0.00000,GBI available,TLI NOT available,GBI only
Masai1,Yemen_Ad_Dali,70%,nilo1247,afro1255,"nilo1247 ~ nilo1247 , afro1255",13, 1,masa1300,sana1295,glottocodeBase,glottocodeBase,masa1300,sana1295,0.39409,0.74877,glottocodeBase,glottocodeBase,masa1300,sana1295,0.40974,0.02006,GBI available,TLI available,both
Masai1,Yemen_Al_Bayda,70%,nilo1247,afro1255,"nilo1247 ~ nilo1247 , afro1255",13, 1,masa1300,sana1295,glottocodeBase,glottocodeBase,masa1300,sana1295,0.39409,0.74877,glottocodeBase,glottocodeBase,masa1300,sana1295,0.40974,0.02006,GBI available,TLI available,both
Masai1,Yemen_Al_Jawf,70%,nilo1247,afro1255,"nilo1247 ~ nilo1247 , afro1255",13, 1,masa1300,sana1295,glottocodeBase,glottocodeBase,masa1300,sana1295,0.39409,0.74877,glottocodeBase,glottocodeBase,masa1300,sana1295,0.40974,0.02006,GBI available,TLI available,both
Masai1,Yemen_Dhamar,70%,nilo1247,afro1255,"nilo1247 ~ nilo1247 , afro1255",13, 1,masa1300,sana1295,glottocodeBase,glottocodeBase,masa1300,sana1295,0.39409,0.74877,glottocodeBase,glottocodeBase,masa1300,sana1295,0.40974,0.02006,GBI available,TLI available,both
Masai1,Yemen_Marib,70%,nilo1247,afro1255,"nilo1247 ~ nilo1247 , afro1255",13, 1,masa1300,sana1295,glottocodeBase,glottocodeBase,masa1300,sana1295,0.39409,0.74877,glottocodeBase,glottocodeBase,masa1300,sana1295,0.40974,0.02006,GBI available,TLI available,both
Masai_Kinyawa_MKK,BedouinB,70%,nilo1247,afro1255,"nilo1247 ~ nilo1247 , afro1255",13, 1,masa1300,east2690,glottocodeBase,glottocodeBase,masa1300,east2690,0.39409,0.63547,glottocodeBase,no proxy,masa1300,NA,0.40974,0.00000,GBI available,TLI NOT available,GBI only
Masai_Kinyawa_MKK,Yemen_Ad_Dali,70%,nilo1247,afro1255,"nilo1247 ~ nilo1247 , afro1255",13, 1,masa1300,sana1295,glottocodeBase,glottocodeBase,masa1300,sana1295,0.39409,0.74877,glottocodeBase,glottocodeBase,masa1300,sana1295,0.40974,0.02006,GBI available,TLI available,both
Masai_Kinyawa_MKK,Yemen_Al_Bayda,70%,nilo1247,afro1255,"nilo1247 ~ nilo1247 , afro1255",13, 1,masa1300,sana1295,glottocodeBase,glottocodeBase,masa1300,sana1295,0.39409,0.74877,glottocodeBase,glottocodeBase,masa1300,sana1295,0.40974,0.02006,GBI available,TLI available,both
Masai_Kinyawa_MKK,Yemen_Al_Jawf,70%,nilo1247,afro1255,"nilo1247 ~ nilo1247 , afro1255",13, 1,masa1300,sana1295,glottocodeBase,glottocodeBase,masa1300,sana1295,0.39409,0.74877,glottocodeBase,glottocodeBase,masa1300,sana1295,0.40974,0.02006,GBI available,TLI available,both
Masai_Kinyawa_MKK,Yemen_Dhamar,70%,nilo1247,afro1255,"nilo1247 ~ nilo1247 , afro1255",13, 1,masa1300,sana1295,glottocodeBase,glottocodeBase,masa1300,sana1295,0.39409,0.74877,glottocodeBase,glottocodeBase,masa1300,sana1295,0.40974,0.02006,GBI available,TLI available,both
Masai_Kinyawa_MKK,Yemen_Marib,70%,nilo1247,afro1255,"nilo1247 ~ nilo1247 , afro1255",13, 1,masa1300,sana1295,glottocodeBase,glottocodeBase,masa1300,sana1295,0.39409,0.74877,glottocodeBase,glottocodeBase,masa1300,sana1295,0.40974,0.02006,GBI available,TLI available,both
Piapoco,Surui,"70%, 80%, 90%",araw1281,tupi1275,"araw1281 ~ araw1281 , tupi1275",13,13,piap1246,suru1262,glottocodeBase,glottocodeBase,piap1246,suru1262,0.25616,0.09360,glottocodeBase,glottocodeBase,piap1246,suru1262,0.15473,0.10888,GBI available,TLI available,both
Piapoco,Karitiana,"70%, 80%, 90%",araw1281,tupi1275,"araw1281 ~ araw1281 , tupi1275",13, 7,piap1246,kari1311,glottocodeBase,glottocodeBase,piap1246,kari1311,0.25616,0.71921,glottocodeBase,glottocodeBase,piap1246,kari1311,0.15473,0.17765,GBI available,TLI available,both
Piapoco,Karitiana_Rondonia,"70%, 80%, 90%",araw1281,tupi1275,"araw1281 ~ araw1281 , tupi1275",13, 7,piap1246,kari1311,glottocodeBase,glottocodeBase,piap1246,kari1311,0.25616,0.71921,glottocodeBase,glottocodeBase,piap1246,kari1311,0.15473,0.17765,GBI available,TLI available,both
Ticuna,Karitiana,"70%, 80%, 90%",ticu1244,tupi1275,"ticu1244 ~ ticu1244 , tupi1275",13,13,ticu1245,kari1311,glottocodeBase,glottocodeBase,ticu1245,kari1311,0.71921,0.71921,glottocodeBase,glottocodeBase,ticu1245,kari1311,0.17192,0.17765,GBI available,TLI available,both
Ticuna,Karitiana_Rondonia,"70%, 80%, 90%",ticu1244,tupi1275,"ticu1244 ~ ticu1244 , tupi1275",13,13,ticu1245,kari1311,glottocodeBase,glottocodeBase,ticu1245,kari1311,0.71921,0.71921,glottocodeBase,glottocodeBase,ticu1245,kari1311,0.17192,0.17765,GBI available,TLI available,both
Ticuna,Surui,"70%, 80%, 90%",ticu1244,tupi1275,"ticu1244 ~ ticu1244 , tupi1275",13, 7,ticu1245,suru1262,glottocodeBase,glottocodeBase,ticu1245,suru1262,0.71921,0.09360,glottocodeBase,glottocodeBase,ticu1245,suru1262,0.17192,0.10888,GBI available,TLI available,both
UrubuKaapor,Aymara,"70%, 80%, 90%",tupi1275,ayma1253,"tupi1275 ~ tupi1275 , ayma1253",13,13,urub1250,sout2996,no proxy,glottocodeBase,NA,sout2996,0,0.81281,glottocodeBase,glottocodeTLIproxy,urub1250,cent2142,0.40688,0.50143,GBI NOT available,TLI available,TLI only
UrubuKaapor,Bolivia_Quechua,"70%, 80%, 90%",tupi1275,quec1387,"tupi1275 ~ tupi1275 , quec1387",13,13,urub1250,sout2991,no proxy,no proxy,NA,NA,0,0.00000,glottocodeBase,glottocodeBase,urub1250,sout2991,0.40688,0.26934,GBI NOT available,TLI available,TLI only
UrubuKaapor,Cusco,"70%, 80%, 90%",tupi1275,quec1387,"tupi1275 ~ tupi1275 , quec1387",13,13,urub1250,cusc1236,no proxy,glottocodeBase,NA,cusc1236,0,0.75369,glottocodeBase,glottocodeBase,urub1250,cusc1236,0.40688,0.15473,GBI NOT available,TLI available,TLI only
UrubuKaapor,Puno,"70%, 80%, 90%",tupi1275,quec1387,"tupi1275 ~ tupi1275 , quec1387",13,13,urub1250,puno1238,no proxy,glottocodeGBIproxy,NA,cusc1236,0,0.75369,glottocodeBase,glottocodeTLIproxy,urub1250,cusc1236,0.40688,0.15473,GBI NOT available,TLI available,TLI only
UrubuKaapor,Cofan,"70%, 80%, 90%",tupi1275,cofa1242,"tupi1275 ~ tupi1275 , cofa1242",13,12,urub1250,cofa1242,no proxy,glottocodeBase,NA,cofa1242,0,0.60591,glottocodeBase,glottocodeBase,urub1250,cofa1242,0.40688,0.16619,GBI NOT available,TLI available,TLI only
UrubuKaapor,Huancas,"70%, 80%, 90%",tupi1275,quec1387,"tupi1275 ~ tupi1275 , quec1387",13,12,urub1250,chac1250,no proxy,no proxy,NA,NA,0,0.00000,glottocodeBase,glottocodeBase,urub1250,chac1250,0.40688,0.10602,GBI NOT available,TLI available,TLI only
UrubuKaapor,Kamentsa,"70%, 80%, 90%",tupi1275,cams1241,"tupi1275 ~ tupi1275 , cams1241",13,12,urub1250,cams1241,no proxy,glottocodeBase,NA,cams1241,0,0.50739,glottocodeBase,glottocodeBase,urub1250,cams1241,0.40688,0.22350,GBI NOT available,TLI available,TLI only
UrubuKaapor,KichwaOrellana,"70%, 80%, 90%",tupi1275,quec1387,"tupi1275 ~ tupi1275 , quec1387",13,12,urub1250,tena1240,no proxy,no proxy,NA,NA,0,0.00000,glottocodeBase,glottocodeBase,urub1250,tena1240,0.40688,0.10888,GBI NOT available,TLI available,TLI only
UrubuKaapor,LaJalca,"70%, 80%, 90%",tupi1275,quec1387,"tupi1275 ~ tupi1275 , quec1387",13,12,urub1250,chac1250,no proxy,no proxy,NA,NA,0,0.00000,glottocodeBase,glottocodeBase,urub1250,chac1250,0.40688,0.10602,GBI NOT available,TLI available,TLI only
UrubuKaapor,Luya,"70%, 80%, 90%",tupi1275,quec1387,"tupi1275 ~ tupi1275 , quec1387",13,12,urub1250,chac1250,no proxy,no proxy,NA,NA,0,0.00000,glottocodeBase,glottocodeBase,urub1250,chac1250,0.40688,0.10602,GBI NOT available,TLI available,TLI only
UrubuKaapor,Peru_Quechua,"70%, 80%, 90%",tupi1275,quec1387,"tupi1275 ~ tupi1275 , quec1387",13,12,urub1250,cusc1236,no proxy,glottocodeBase,NA,cusc1236,0,0.75369,glottocodeBase,glottocodeBase,urub1250,cusc1236,0.40688,0.15473,GBI NOT available,TLI available,TLI only
UrubuKaapor,Ticuna,"70%, 80%, 90%",tupi1275,ticu1244,"tupi1275 ~ tupi1275 , ticu1244",13,12,urub1250,ticu1245,no proxy,glottocodeBase,NA,ticu1245,0,0.71921,glottocodeBase,glottocodeBase,urub1250,ticu1245,0.40688,0.17192,GBI NOT available,TLI available,TLI only
UrubuKaapor,Wayku,"70%, 80%, 90%",tupi1275,quec1387,"tupi1275 ~ tupi1275 , quec1387",13,12,urub1250,sanm1289,no proxy,glottocodeBase,NA,sanm1289,0,0.70443,glottocodeBase,glottocodeBase,urub1250,sanm1289,0.40688,0.10602,GBI NOT available,TLI available,TLI only
UrubuKaapor,Cabecar,"70%, 80%, 90%",tupi1275,chib1249,"tupi1275 ~ tupi1275 , chib1249",13, 8,urub1250,cabe1245,no proxy,glottocodeBase,NA,cabe1245,0,0.58128,glottocodeBase,glottocodeTLIproxy,urub1250,brib1243,0.40688,0.28080,GBI NOT available,TLI available,TLI only
UrubuKaapor,Mixe,"70%, 80%, 90%",tupi1275,mixe1284,"tupi1275 ~ tupi1275 , mixe1284",13, 8,urub1250,mixe1286,no proxy,glottocodeGBIproxy,NA,olut1240,0,0.77833,glottocodeBase,glottocodeTLIproxy,urub1250,olut1240,0.40688,0.18625,GBI NOT available,TLI available,TLI only
UrubuKaapor,Chane,"70%, 80%, 90%",tupi1275,araw1281,"tupi1275 ~ tupi1275 , araw1281",13, 7,urub1250,chan1322,no proxy,glottocodeGBIproxy,NA,tere1281,0,0.42365,glottocodeBase,glottocodeTLIproxy,urub1250,tere1279,0.40688,0.11175,GBI NOT available,TLI available,TLI only
UrubuKaapor,Kaqchikel,"70%, 80%, 90%",tupi1275,maya1287,"tupi1275 ~ tupi1275 , maya1287",13, 7,urub1250,kaqc1270,no proxy,glottocodeBase,NA,kaqc1270,0,0.83251,glottocodeBase,glottocodeTLIproxy,urub1250,tzut1248,0.40688,0.45845,GBI NOT available,TLI available,TLI only
UrubuKaapor,Mixtec,"70%, 80%, 90%",tupi1275,otom1299,"tupi1275 ~ tupi1275 , otom1299",13, 7,urub1250,mixt1427,no proxy,glottocodeGBIproxy,NA,sant1436,0,0.73399,glottocodeBase,glottocodeTLIproxy,urub1250,sanm1296,0.40688,0.35817,GBI NOT available,TLI available,TLI only
UrubuKaapor,Wayuu,"70%, 80%, 90%",tupi1275,araw1281,"tupi1275 ~ tupi1275 , araw1281",13, 7,urub1250,wayu1243,no proxy,glottocodeBase,NA,wayu1243,0,0.55665,glottocodeBase,glottocodeBase,urub1250,wayu1243,0.40688,0.28367,GBI NOT available,TLI available,TLI only
UrubuKaapor,Zapotec,"70%, 80%, 90%",tupi1275,otom1299,"tupi1275 ~ tupi1275 , otom1299",13, 7,urub1250,zapo1437,no proxy,glottocodeGBIproxy,NA,sanj1284,0,0.60099,glottocodeBase,glottocodeTLIproxy,urub1250,sanj1284,0.40688,0.14040,GBI NOT available,TLI available,TLI only
UrubuKaapor,Piapoco,"70%, 80%, 90%",tupi1275,araw1281,"tupi1275 ~ tupi1275 , araw1281",13, 6,urub1250,piap1246,no proxy,glottocodeBase,NA,piap1246,0,0.25616,glottocodeBase,glottocodeBase,urub1250,piap1246,0.40688,0.15473,GBI NOT available,TLI available,TLI only
UrubuKaapor,Pima,"70%, 80%, 90%",tupi1275,utoa1244,"tupi1275 ~ tupi1275 , utoa1244",13, 1,urub1250,pima1248,no proxy,glottocodeBase,NA,pima1248,0,0.74384,glottocodeBase,glottocodeBase,urub1250,pima1248,0.40688,0.11175,GBI NOT available,TLI available,TLI only
Vanuatu_Futuna,Baining_Malasait,70%,aust1307,bain1263,"aust1307 ~ aust1307 , bain1263",13,13,futu1245,bain1263,glottocodeBase,glottocodeGBIproxy,futu1245,qaqe1238,0.81773,0.26108,glottocodeBase,glottocodeTLIproxy,futu1245,qaqe1238,0.15186,0.14327,GBI available,TLI available,both
Vanuatu_Futuna,Baining_Marabu,70%,aust1307,bain1263,"aust1307 ~ aust1307 , bain1263",13,13,futu1245,bain1263,glottocodeBase,glottocodeGBIproxy,futu1245,mali1284,0.81773,0.50739,glottocodeBase,glottocodeTLIproxy,futu1245,mali1284,0.15186,0.08309,GBI available,TLI available,both
Vanuatu_Futuna,Ata_Bili,70%,aust1307,pele1245,"aust1307 ~ aust1307 , pele1245",13, 2,futu1245,pele1245,glottocodeBase,glottocodeBase,futu1245,pele1245,0.81773,0.23645,glottocodeBase,glottocodeBase,futu1245,pele1245,0.15186,0.00287,GBI available,TLI available,both
Vanuatu_Futuna,Ata_Luge,70%,aust1307,pele1245,"aust1307 ~ aust1307 , pele1245",13, 2,futu1245,pele1245,glottocodeBase,glottocodeBase,futu1245,pele1245,0.81773,0.23645,glottocodeBase,glottocodeBase,futu1245,pele1245,0.15186,0.00287,GBI available,TLI available,both
Vanuatu_Futuna,Ata_Uassilau,70%,aust1307,pele1245,"aust1307 ~ aust1307 , pele1245",13, 2,futu1245,pele1245,glottocodeBase,glottocodeBase,futu1245,pele1245,0.81773,0.23645,glottocodeBase,glottocodeBase,futu1245,pele1245,0.15186,0.00287,GBI available,TLI available,both
Wambo,MbutiPygmy,"70%, 80%, 90%",atla1278,cent2225,"atla1278 ~ atla1278 , cent2225",13,13,ndon1254,lese1243,glottocodeGBIproxy,glottocodeBase,mbal1255,lese1243,0.46305,0.68473,glottocodeBase,glottocodeBase,ndon1254,lese1243,0.22636,0.16046,GBI available,TLI available,both
Wayku,Surui,"70%, 80%, 90%",quec1387,tupi1275,"quec1387 ~ quec1387 , tupi1275",13,13,sanm1289,suru1262,glottocodeBase,glottocodeBase,sanm1289,suru1262,0.70443,0.09360,glottocodeBase,glottocodeBase,sanm1289,suru1262,0.10602,0.10888,GBI available,TLI available,both
Wayku,Karitiana,"70%, 80%, 90%",quec1387,tupi1275,"quec1387 ~ quec1387 , tupi1275",13, 7,sanm1289,kari1311,glottocodeBase,glottocodeBase,sanm1289,kari1311,0.70443,0.71921,glottocodeBase,glottocodeBase,sanm1289,kari1311,0.10602,0.17765,GBI available,TLI available,both
Wayku,Karitiana_Rondonia,"70%, 80%, 90%",quec1387,tupi1275,"quec1387 ~ quec1387 , tupi1275",13, 7,sanm1289,kari1311,glottocodeBase,glottocodeBase,sanm1289,kari1311,0.70443,0.71921,glottocodeBase,glottocodeBase,sanm1289,kari1311,0.10602,0.17765,GBI available,TLI available,both
Wayuu,Surui,"70%, 80%, 90%",araw1281,tupi1275,"araw1281 ~ araw1281 , tupi1275",13, 8,wayu1243,suru1262,glottocodeBase,glottocodeBase,wayu1243,suru1262,0.55665,0.09360,glottocodeBase,glottocodeBase,wayu1243,suru1262,0.28367,0.10888,GBI available,TLI available,both
Wayuu,Karitiana,"70%, 80%, 90%",araw1281,tupi1275,"araw1281 ~ araw1281 , tupi1275",13, 7,wayu1243,kari1311,glottocodeBase,glottocodeBase,wayu1243,kari1311,0.55665,0.71921,glottocodeBase,glottocodeBase,wayu1243,kari1311,0.28367,0.17765,GBI available,TLI available,both
Wayuu,Karitiana_Rondonia,"70%, 80%, 90%",araw1281,tupi1275,"araw1281 ~ araw1281 , tupi1275",13, 7,wayu1243,kari1311,glottocodeBase,glottocodeBase,wayu1243,kari1311,0.55665,0.71921,glottocodeBase,glottocodeBase,wayu1243,kari1311,0.28367,0.17765,GBI available,TLI available,both
Zoro,Aymara,"70%, 80%, 90%",tupi1275,ayma1253,"tupi1275 ~ tupi1275 , ayma1253",13,12,gavi1246,sout2996,no proxy,glottocodeBase,NA,sout2996,0,0.81281,glottocodeBase,glottocodeTLIproxy,gavi1246,cent2142,0.16332,0.50143,GBI NOT available,TLI available,TLI only
Zoro,Bolivia_Quechua,"70%, 80%, 90%",tupi1275,quec1387,"tupi1275 ~ tupi1275 , quec1387",13,12,gavi1246,sout2991,no proxy,no proxy,NA,NA,0,0.00000,glottocodeBase,glottocodeBase,gavi1246,sout2991,0.16332,0.26934,GBI NOT available,TLI available,TLI only
Zoro,Cofan,"70%, 80%, 90%",tupi1275,cofa1242,"tupi1275 ~ tupi1275 , cofa1242",13,12,gavi1246,cofa1242,no proxy,glottocodeBase,NA,cofa1242,0,0.60591,glottocodeBase,glottocodeBase,gavi1246,cofa1242,0.16332,0.16619,GBI NOT available,TLI available,TLI only
Zoro,Cusco,"70%, 80%, 90%",tupi1275,quec1387,"tupi1275 ~ tupi1275 , quec1387",13,12,gavi1246,cusc1236,no proxy,glottocodeBase,NA,cusc1236,0,0.75369,glottocodeBase,glottocodeBase,gavi1246,cusc1236,0.16332,0.15473,GBI NOT available,TLI available,TLI only
Zoro,Huancas,"70%, 80%, 90%",tupi1275,quec1387,"tupi1275 ~ tupi1275 , quec1387",13,12,gavi1246,chac1250,no proxy,no proxy,NA,NA,0,0.00000,glottocodeBase,glottocodeBase,gavi1246,chac1250,0.16332,0.10602,GBI NOT available,TLI available,TLI only
Zoro,Kamentsa,"70%, 80%, 90%",tupi1275,cams1241,"tupi1275 ~ tupi1275 , cams1241",13,12,gavi1246,cams1241,no proxy,glottocodeBase,NA,cams1241,0,0.50739,glottocodeBase,glottocodeBase,gavi1246,cams1241,0.16332,0.22350,GBI NOT available,TLI available,TLI only
Zoro,KichwaOrellana,"70%, 80%, 90%",tupi1275,quec1387,"tupi1275 ~ tupi1275 , quec1387",13,12,gavi1246,tena1240,no proxy,no proxy,NA,NA,0,0.00000,glottocodeBase,glottocodeBase,gavi1246,tena1240,0.16332,0.10888,GBI NOT available,TLI available,TLI only
Zoro,LaJalca,"70%, 80%, 90%",tupi1275,quec1387,"tupi1275 ~ tupi1275 , quec1387",13,12,gavi1246,chac1250,no proxy,no proxy,NA,NA,0,0.00000,glottocodeBase,glottocodeBase,gavi1246,chac1250,0.16332,0.10602,GBI NOT available,TLI available,TLI only
Zoro,Luya,"70%, 80%, 90%",tupi1275,quec1387,"tupi1275 ~ tupi1275 , quec1387",13,12,gavi1246,chac1250,no proxy,no proxy,NA,NA,0,0.00000,glottocodeBase,glottocodeBase,gavi1246,chac1250,0.16332,0.10602,GBI NOT available,TLI available,TLI only
Zoro,Peru_Quechua,"70%, 80%, 90%",tupi1275,quec1387,"tupi1275 ~ tupi1275 , quec1387",13,12,gavi1246,cusc1236,no proxy,glottocodeBase,NA,cusc1236,0,0.75369,glottocodeBase,glottocodeBase,gavi1246,cusc1236,0.16332,0.15473,GBI NOT available,TLI available,TLI only
Zoro,Puno,"70%, 80%, 90%",tupi1275,quec1387,"tupi1275 ~ tupi1275 , quec1387",13,12,gavi1246,puno1238,no proxy,glottocodeGBIproxy,NA,cusc1236,0,0.75369,glottocodeBase,glottocodeTLIproxy,gavi1246,cusc1236,0.16332,0.15473,GBI NOT available,TLI available,TLI only
Zoro,Ticuna,"70%, 80%, 90%",tupi1275,ticu1244,"tupi1275 ~ tupi1275 , ticu1244",13,12,gavi1246,ticu1245,no proxy,glottocodeBase,NA,ticu1245,0,0.71921,glottocodeBase,glottocodeBase,gavi1246,ticu1245,0.16332,0.17192,GBI NOT available,TLI available,TLI only
Zoro,Wayku,"70%, 80%, 90%",tupi1275,quec1387,"tupi1275 ~ tupi1275 , quec1387",13,12,gavi1246,sanm1289,no proxy,glottocodeBase,NA,sanm1289,0,0.70443,glottocodeBase,glottocodeBase,gavi1246,sanm1289,0.16332,0.10602,GBI NOT available,TLI available,TLI only
Zoro,Cabecar,"70%, 80%, 90%",tupi1275,chib1249,"tupi1275 ~ tupi1275 , chib1249",13, 7,gavi1246,cabe1245,no proxy,glottocodeBase,NA,cabe1245,0,0.58128,glottocodeBase,glottocodeTLIproxy,gavi1246,brib1243,0.16332,0.28080,GBI NOT available,TLI available,TLI only
Zoro,Chane,"70%, 80%, 90%",tupi1275,araw1281,"tupi1275 ~ tupi1275 , araw1281",13, 7,gavi1246,chan1322,no proxy,glottocodeGBIproxy,NA,tere1281,0,0.42365,glottocodeBase,glottocodeTLIproxy,gavi1246,tere1279,0.16332,0.11175,GBI NOT available,TLI available,TLI only
Zoro,Kaqchikel,"70%, 80%, 90%",tupi1275,maya1287,"tupi1275 ~ tupi1275 , maya1287",13, 7,gavi1246,kaqc1270,no proxy,glottocodeBase,NA,kaqc1270,0,0.83251,glottocodeBase,glottocodeTLIproxy,gavi1246,tzut1248,0.16332,0.45845,GBI NOT available,TLI available,TLI only
Zoro,Mixe,"70%, 80%, 90%",tupi1275,mixe1284,"tupi1275 ~ tupi1275 , mixe1284",13, 7,gavi1246,mixe1286,no proxy,glottocodeGBIproxy,NA,olut1240,0,0.77833,glottocodeBase,glottocodeTLIproxy,gavi1246,olut1240,0.16332,0.18625,GBI NOT available,TLI available,TLI only
Zoro,Mixtec,"70%, 80%, 90%",tupi1275,otom1299,"tupi1275 ~ tupi1275 , otom1299",13, 7,gavi1246,mixt1427,no proxy,glottocodeGBIproxy,NA,sant1436,0,0.73399,glottocodeBase,glottocodeTLIproxy,gavi1246,sanm1296,0.16332,0.35817,GBI NOT available,TLI available,TLI only
Zoro,Wayuu,"70%, 80%, 90%",tupi1275,araw1281,"tupi1275 ~ tupi1275 , araw1281",13, 7,gavi1246,wayu1243,no proxy,glottocodeBase,NA,wayu1243,0,0.55665,glottocodeBase,glottocodeBase,gavi1246,wayu1243,0.16332,0.28367,GBI NOT available,TLI available,TLI only
Zoro,Zapotec,"70%, 80%, 90%",tupi1275,otom1299,"tupi1275 ~ tupi1275 , otom1299",13, 7,gavi1246,zapo1437,no proxy,glottocodeGBIproxy,NA,sanj1284,0,0.60099,glottocodeBase,glottocodeTLIproxy,gavi1246,sanj1284,0.16332,0.14040,GBI NOT available,TLI available,TLI only
Zoro,Piapoco,"70%, 80%, 90%",tupi1275,araw1281,"tupi1275 ~ tupi1275 , araw1281",13, 6,gavi1246,piap1246,no proxy,glottocodeBase,NA,piap1246,0,0.25616,glottocodeBase,glottocodeBase,gavi1246,piap1246,0.16332,0.15473,GBI NOT available,TLI available,TLI only
Zoro,Aymara,"70%, 80%, 90%",tupi1275,ayma1253,"tupi1275 ~ tupi1275 , ayma1253",13, 1,gavi1246,sout2996,no proxy,glottocodeBase,NA,sout2996,0,0.81281,glottocodeBase,glottocodeTLIproxy,gavi1246,cent2142,0.16332,0.50143,GBI NOT available,TLI available,TLI only
Zoro,Bolivia_Quechua,"70%, 80%, 90%",tupi1275,quec1387,"tupi1275 ~ tupi1275 , quec1387",13, 1,gavi1246,sout2991,no proxy,no proxy,NA,NA,0,0.00000,glottocodeBase,glottocodeBase,gavi1246,sout2991,0.16332,0.26934,GBI NOT available,TLI available,TLI only
Zoro,Cabecar,"70%, 80%, 90%",tupi1275,chib1249,"tupi1275 ~ tupi1275 , chib1249",13, 1,gavi1246,cabe1245,no proxy,glottocodeBase,NA,cabe1245,0,0.58128,glottocodeBase,glottocodeTLIproxy,gavi1246,brib1243,0.16332,0.28080,GBI NOT available,TLI available,TLI only
Zoro,Cusco,"70%, 80%, 90%",tupi1275,quec1387,"tupi1275 ~ tupi1275 , quec1387",13, 1,gavi1246,cusc1236,no proxy,glottocodeBase,NA,cusc1236,0,0.75369,glottocodeBase,glottocodeBase,gavi1246,cusc1236,0.16332,0.15473,GBI NOT available,TLI available,TLI only
Zoro,Mixe,"70%, 80%, 90%",tupi1275,mixe1284,"tupi1275 ~ tupi1275 , mixe1284",13, 1,gavi1246,mixe1286,no proxy,glottocodeGBIproxy,NA,olut1240,0,0.77833,glottocodeBase,glottocodeTLIproxy,gavi1246,olut1240,0.16332,0.18625,GBI NOT available,TLI available,TLI only
Zoro,Pima,"70%, 80%, 90%",tupi1275,utoa1244,"tupi1275 ~ tupi1275 , utoa1244",13, 1,gavi1246,pima1248,no proxy,glottocodeBase,NA,pima1248,0,0.74384,glottocodeBase,glottocodeBase,gavi1246,pima1248,0.16332,0.11175,GBI NOT available,TLI available,TLI only
Zoro,Puno,"70%, 80%, 90%",tupi1275,quec1387,"tupi1275 ~ tupi1275 , quec1387",13, 1,gavi1246,puno1238,no proxy,glottocodeGBIproxy,NA,cusc1236,0,0.75369,glottocodeBase,glottocodeTLIproxy,gavi1246,cusc1236,0.16332,0.15473,GBI NOT available,TLI available,TLI only
Burmese,Nganasan,70%,sino1245,ural1272,"sino1245 ~ sino1245 , ural1272",12, 3,nucl1310,ngan1291,glottocodeBase,glottocodeBase,nucl1310,ngan1291,0.867,0.83744,glottocodeBase,glottocodeBase,nucl1310,ngan1291,0.62464,0.32378,GBI available,TLI available,both
Burmese,Nganasan_Dudinka,70%,sino1245,ural1272,"sino1245 ~ sino1245 , ural1272",12, 3,nucl1310,ngan1291,glottocodeBase,glottocodeBase,nucl1310,ngan1291,0.867,0.83744,glottocodeBase,glottocodeBase,nucl1310,ngan1291,0.62464,0.32378,GBI available,TLI available,both
Burmese,Nganasan_UstAvam,70%,sino1245,ural1272,"sino1245 ~ sino1245 , ural1272",12, 3,nucl1310,ngan1291,glottocodeBase,glottocodeBase,nucl1310,ngan1291,0.867,0.83744,glottocodeBase,glottocodeBase,nucl1310,ngan1291,0.62464,0.32378,GBI available,TLI available,both
Burmese,Nganasan_Volochanka,70%,sino1245,ural1272,"sino1245 ~ sino1245 , ural1272",12, 3,nucl1310,ngan1291,glottocodeBase,glottocodeBase,nucl1310,ngan1291,0.867,0.83744,glottocodeBase,glottocodeBase,nucl1310,ngan1291,0.62464,0.32378,GBI available,TLI available,both
Hakka_Taiwan,Nganasan,"70%, 80%, 90%",sino1245,ural1272,"sino1245 ~ sino1245 , ural1272",12, 3,yuet1238,ngan1291,glottocodeGBIproxy,glottocodeBase,hakk1236,ngan1291,0.55665,0.83744,glottocodeTLIproxy,glottocodeBase,hakk1236,ngan1291,0.16619,0.32378,GBI available,TLI available,both
Hakka_Taiwan,Nganasan_Dudinka,"70%, 80%, 90%",sino1245,ural1272,"sino1245 ~ sino1245 , ural1272",12, 3,yuet1238,ngan1291,glottocodeGBIproxy,glottocodeBase,hakk1236,ngan1291,0.55665,0.83744,glottocodeTLIproxy,glottocodeBase,hakk1236,ngan1291,0.16619,0.32378,GBI available,TLI available,both
Hakka_Taiwan,Nganasan_UstAvam,"70%, 80%, 90%",sino1245,ural1272,"sino1245 ~ sino1245 , ural1272",12, 3,yuet1238,ngan1291,glottocodeGBIproxy,glottocodeBase,hakk1236,ngan1291,0.55665,0.83744,glottocodeTLIproxy,glottocodeBase,hakk1236,ngan1291,0.16619,0.32378,GBI available,TLI available,both
Hakka_Taiwan,Nganasan_Volochanka,"70%, 80%, 90%",sino1245,ural1272,"sino1245 ~ sino1245 , ural1272",12, 3,yuet1238,ngan1291,glottocodeGBIproxy,glottocodeBase,hakk1236,ngan1291,0.55665,0.83744,glottocodeTLIproxy,glottocodeBase,hakk1236,ngan1291,0.16619,0.32378,GBI available,TLI available,both
Han_HGDP,Nganasan,"70%, 80%, 90%",sino1245,ural1272,"sino1245 ~ sino1245 , ural1272",12, 3,mand1415,ngan1291,glottocodeBase,glottocodeBase,mand1415,ngan1291,0.72414,0.83744,glottocodeBase,glottocodeBase,mand1415,ngan1291,0.75072,0.32378,GBI available,TLI available,both
Han_HGDP,Nganasan_Dudinka,"70%, 80%, 90%",sino1245,ural1272,"sino1245 ~ sino1245 , ural1272",12, 3,mand1415,ngan1291,glottocodeBase,glottocodeBase,mand1415,ngan1291,0.72414,0.83744,glottocodeBase,glottocodeBase,mand1415,ngan1291,0.75072,0.32378,GBI available,TLI available,both
Han_HGDP,Nganasan_UstAvam,"70%, 80%, 90%",sino1245,ural1272,"sino1245 ~ sino1245 , ural1272",12, 3,mand1415,ngan1291,glottocodeBase,glottocodeBase,mand1415,ngan1291,0.72414,0.83744,glottocodeBase,glottocodeBase,mand1415,ngan1291,0.75072,0.32378,GBI available,TLI available,both
Han_HGDP,Nganasan_Volochanka,"70%, 80%, 90%",sino1245,ural1272,"sino1245 ~ sino1245 , ural1272",12, 3,mand1415,ngan1291,glottocodeBase,glottocodeBase,mand1415,ngan1291,0.72414,0.83744,glottocodeBase,glottocodeBase,mand1415,ngan1291,0.75072,0.32378,GBI available,TLI available,both
Lahu,Nganasan,"70%, 80%, 90%",sino1245,ural1272,"sino1245 ~ sino1245 , ural1272",12, 3,lahu1253,ngan1291,glottocodeBase,glottocodeBase,lahu1253,ngan1291,0.6798,0.83744,glottocodeBase,glottocodeBase,lahu1253,ngan1291,0.53582,0.32378,GBI available,TLI available,both
Lahu,Nganasan_Dudinka,"70%, 80%, 90%",sino1245,ural1272,"sino1245 ~ sino1245 , ural1272",12, 3,lahu1253,ngan1291,glottocodeBase,glottocodeBase,lahu1253,ngan1291,0.6798,0.83744,glottocodeBase,glottocodeBase,lahu1253,ngan1291,0.53582,0.32378,GBI available,TLI available,both
Lahu,Nganasan_UstAvam,"70%, 80%, 90%",sino1245,ural1272,"sino1245 ~ sino1245 , ural1272",12, 3,lahu1253,ngan1291,glottocodeBase,glottocodeBase,lahu1253,ngan1291,0.6798,0.83744,glottocodeBase,glottocodeBase,lahu1253,ngan1291,0.53582,0.32378,GBI available,TLI available,both
Lahu,Nganasan_Volochanka,"70%, 80%, 90%",sino1245,ural1272,"sino1245 ~ sino1245 , ural1272",12, 3,lahu1253,ngan1291,glottocodeBase,glottocodeBase,lahu1253,ngan1291,0.6798,0.83744,glottocodeBase,glottocodeBase,lahu1253,ngan1291,0.53582,0.32378,GBI available,TLI available,both
Miao,Nganasan,"70%, 80%, 90%",hmon1336,ural1272,"hmon1336 ~ hmon1336 , ural1272",12, 3,hmon1333,ngan1291,no proxy,glottocodeBase,NA,ngan1291,0,0.83744,glottocodeBase,glottocodeBase,hmon1333,ngan1291,0.06017,0.32378,GBI NOT available,TLI available,TLI only
Miao,Nganasan_Dudinka,"70%, 80%, 90%",hmon1336,ural1272,"hmon1336 ~ hmon1336 , ural1272",12, 3,hmon1333,ngan1291,no proxy,glottocodeBase,NA,ngan1291,0,0.83744,glottocodeBase,glottocodeBase,hmon1333,ngan1291,0.06017,0.32378,GBI NOT available,TLI available,TLI only
Miao,Nganasan_UstAvam,"70%, 80%, 90%",hmon1336,ural1272,"hmon1336 ~ hmon1336 , ural1272",12, 3,hmon1333,ngan1291,no proxy,glottocodeBase,NA,ngan1291,0,0.83744,glottocodeBase,glottocodeBase,hmon1333,ngan1291,0.06017,0.32378,GBI NOT available,TLI available,TLI only
Miao,Nganasan_Volochanka,"70%, 80%, 90%",hmon1336,ural1272,"hmon1336 ~ hmon1336 , ural1272",12, 3,hmon1333,ngan1291,no proxy,glottocodeBase,NA,ngan1291,0,0.83744,glottocodeBase,glottocodeBase,hmon1333,ngan1291,0.06017,0.32378,GBI NOT available,TLI available,TLI only
Peru_Quechua,Belarusian,"70%, 80%, 90%",quec1387,indo1319,"quec1387 ~ quec1387 , indo1319",12, 8,cusc1236,bela1254,glottocodeBase,glottocodeBase,cusc1236,bela1254,0.75369,0.87685,glottocodeBase,glottocodeBase,cusc1236,bela1254,0.15473,0.14040,GBI available,TLI available,both
Peru_Quechua,Estonian,"70%, 80%, 90%",quec1387,ural1272,"quec1387 ~ quec1387 , ural1272",12, 8,cusc1236,esto1258,glottocodeBase,glottocodeBase,cusc1236,esto1258,0.75369,0.86207,glottocodeBase,glottocodeBase,cusc1236,esto1258,0.15473,0.46418,GBI available,TLI available,both
Peru_Quechua,Finnish,"70%, 80%, 90%",quec1387,ural1272,"quec1387 ~ quec1387 , ural1272",12, 8,cusc1236,finn1318,glottocodeBase,glottocodeBase,cusc1236,finn1318,0.75369,0.87192,glottocodeBase,glottocodeBase,cusc1236,finn1318,0.15473,0.84527,GBI available,TLI available,both
Peru_Quechua,French_West,"70%, 80%, 90%",quec1387,indo1319,"quec1387 ~ quec1387 , indo1319",12, 8,cusc1236,stan1290,glottocodeBase,glottocodeBase,cusc1236,stan1290,0.75369,0.89655,glottocodeBase,glottocodeBase,cusc1236,stan1290,0.15473,0.80802,GBI available,TLI available,both
Peru_Quechua,German_Lipsian,"70%, 80%, 90%",quec1387,indo1319,"quec1387 ~ quec1387 , indo1319",12, 8,cusc1236,stan1295,glottocodeBase,no proxy,cusc1236,NA,0.75369,0.00000,glottocodeBase,glottocodeBase,cusc1236,stan1295,0.15473,0.79370,GBI NOT available,TLI available,TLI only
Peru_Quechua,German_Sorb,"70%, 80%, 90%",quec1387,indo1319,"quec1387 ~ quec1387 , indo1319",12, 8,cusc1236,sorb1249,glottocodeBase,no proxy,cusc1236,NA,0.75369,0.00000,glottocodeBase,glottocodeTLIproxy,cusc1236,uppe1395,0.15473,0.28367,GBI NOT available,TLI available,TLI only
Peru_Quechua,Icelandic,"70%, 80%, 90%",quec1387,indo1319,"quec1387 ~ quec1387 , indo1319",12, 8,cusc1236,icel1247,glottocodeBase,glottocodeBase,cusc1236,icel1247,0.75369,0.86700,glottocodeBase,glottocodeBase,cusc1236,icel1247,0.15473,0.59599,GBI available,TLI available,both
Peru_Quechua,Irish_Connacht,"70%, 80%, 90%",quec1387,indo1319,"quec1387 ~ quec1387 , indo1319",12, 8,cusc1236,conn1243,glottocodeBase,glottocodeGBIproxy,cusc1236,iris1253,0.75369,0.92118,glottocodeBase,glottocodeTLIproxy,cusc1236,iris1253,0.15473,0.54441,GBI available,TLI available,both
Peru_Quechua,Irish_Cork_Kerry,"70%, 80%, 90%",quec1387,indo1319,"quec1387 ~ quec1387 , indo1319",12, 8,cusc1236,iris1253,glottocodeBase,glottocodeBase,cusc1236,iris1253,0.75369,0.92118,glottocodeBase,glottocodeBase,cusc1236,iris1253,0.15473,0.54441,GBI available,TLI available,both
Peru_Quechua,Irish_Leinster,"70%, 80%, 90%",quec1387,indo1319,"quec1387 ~ quec1387 , indo1319",12, 8,cusc1236,iris1253,glottocodeBase,glottocodeBase,cusc1236,iris1253,0.75369,0.92118,glottocodeBase,glottocodeBase,cusc1236,iris1253,0.15473,0.54441,GBI available,TLI available,both
Peru_Quechua,Irish_Munster,"70%, 80%, 90%",quec1387,indo1319,"quec1387 ~ quec1387 , indo1319",12, 8,cusc1236,muns1250,glottocodeBase,glottocodeGBIproxy,cusc1236,iris1253,0.75369,0.92118,glottocodeBase,glottocodeTLIproxy,cusc1236,iris1253,0.15473,0.54441,GBI available,TLI available,both
Peru_Quechua,Irish_Ulster,"70%, 80%, 90%",quec1387,indo1319,"quec1387 ~ quec1387 , indo1319",12, 8,cusc1236,done1238,glottocodeBase,glottocodeGBIproxy,cusc1236,iris1253,0.75369,0.92118,glottocodeBase,glottocodeTLIproxy,cusc1236,iris1253,0.15473,0.54441,GBI available,TLI available,both
Peru_Quechua,Karelian_Northern,"70%, 80%, 90%",quec1387,ural1272,"quec1387 ~ quec1387 , ural1272",12, 8,cusc1236,nort2673,glottocodeBase,glottocodeBase,cusc1236,nort2673,0.75369,0.85714,glottocodeBase,glottocodeTLIproxy,cusc1236,kare1335,0.15473,0.20917,GBI available,TLI available,both
Peru_Quechua,Karelian_Southern,"70%, 80%, 90%",quec1387,ural1272,"quec1387 ~ quec1387 , ural1272",12, 8,cusc1236,sout2676,glottocodeBase,glottocodeGBIproxy,cusc1236,tver1240,0.75369,0.87192,glottocodeBase,glottocodeTLIproxy,cusc1236,kare1335,0.15473,0.20917,GBI available,TLI available,both
Peru_Quechua,Lithuanian,"70%, 80%, 90%",quec1387,indo1319,"quec1387 ~ quec1387 , indo1319",12, 8,cusc1236,lith1251,glottocodeBase,glottocodeBase,cusc1236,lith1251,0.75369,0.86700,glottocodeBase,glottocodeBase,cusc1236,lith1251,0.15473,0.53868,GBI available,TLI available,both
Peru_Quechua,Norwegian,"70%, 80%, 90%",quec1387,indo1319,"quec1387 ~ quec1387 , indo1319",12, 8,cusc1236,norw1258,glottocodeBase,no proxy,cusc1236,NA,0.75369,0.00000,glottocodeBase,glottocodeBase,cusc1236,norw1258,0.15473,0.34670,GBI NOT available,TLI available,TLI only
Peru_Quechua,Orcadian,"70%, 80%, 90%",quec1387,indo1319,"quec1387 ~ quec1387 , indo1319",12, 8,cusc1236,scot1243,glottocodeBase,no proxy,cusc1236,NA,0.75369,0.00000,glottocodeBase,glottocodeBase,cusc1236,scot1243,0.15473,0.10315,GBI NOT available,TLI available,TLI only
Peru_Quechua,Polish_Lublin,"70%, 80%, 90%",quec1387,indo1319,"quec1387 ~ quec1387 , indo1319",12, 8,cusc1236,poli1260,glottocodeBase,glottocodeBase,cusc1236,poli1260,0.75369,0.93596,glottocodeBase,glottocodeBase,cusc1236,poli1260,0.15473,0.56447,GBI available,TLI available,both
Peru_Quechua,Polish_Poznan,"70%, 80%, 90%",quec1387,indo1319,"quec1387 ~ quec1387 , indo1319",12, 8,cusc1236,poli1260,glottocodeBase,glottocodeBase,cusc1236,poli1260,0.75369,0.93596,glottocodeBase,glottocodeBase,cusc1236,poli1260,0.15473,0.56447,GBI available,TLI available,both
Peru_Quechua,Russian,"70%, 80%, 90%",quec1387,indo1319,"quec1387 ~ quec1387 , indo1319",12, 8,cusc1236,russ1263,glottocodeBase,glottocodeBase,cusc1236,russ1263,0.75369,0.92118,glottocodeBase,glottocodeBase,cusc1236,russ1263,0.15473,0.85387,GBI available,TLI available,both
Peru_Quechua,Russian_Archangelsk_Krasnoborsky,"70%, 80%, 90%",quec1387,indo1319,"quec1387 ~ quec1387 , indo1319",12, 8,cusc1236,russ1263,glottocodeBase,glottocodeBase,cusc1236,russ1263,0.75369,0.92118,glottocodeBase,glottocodeBase,cusc1236,russ1263,0.15473,0.85387,GBI available,TLI available,both
Peru_Quechua,Russian_Archangelsk_Pinezhsky,"70%, 80%, 90%",quec1387,indo1319,"quec1387 ~ quec1387 , indo1319",12, 8,cusc1236,russ1263,glottocodeBase,glottocodeBase,cusc1236,russ1263,0.75369,0.92118,glottocodeBase,glottocodeBase,cusc1236,russ1263,0.15473,0.85387,GBI available,TLI available,both
Peru_Quechua,Russian_Belgorod,"70%, 80%, 90%",quec1387,indo1319,"quec1387 ~ quec1387 , indo1319",12, 8,cusc1236,russ1263,glottocodeBase,glottocodeBase,cusc1236,russ1263,0.75369,0.92118,glottocodeBase,glottocodeBase,cusc1236,russ1263,0.15473,0.85387,GBI available,TLI available,both
Peru_Quechua,Russian_Kaluga,"70%, 80%, 90%",quec1387,indo1319,"quec1387 ~ quec1387 , indo1319",12, 8,cusc1236,russ1263,glottocodeBase,glottocodeBase,cusc1236,russ1263,0.75369,0.92118,glottocodeBase,glottocodeBase,cusc1236,russ1263,0.15473,0.85387,GBI available,TLI available,both
Peru_Quechua,Russian_Kursk,"70%, 80%, 90%",quec1387,indo1319,"quec1387 ~ quec1387 , indo1319",12, 8,cusc1236,russ1263,glottocodeBase,glottocodeBase,cusc1236,russ1263,0.75369,0.92118,glottocodeBase,glottocodeBase,cusc1236,russ1263,0.15473,0.85387,GBI available,TLI available,both
Peru_Quechua,Russian_Oryol,"70%, 80%, 90%",quec1387,indo1319,"quec1387 ~ quec1387 , indo1319",12, 8,cusc1236,russ1263,glottocodeBase,glottocodeBase,cusc1236,russ1263,0.75369,0.92118,glottocodeBase,glottocodeBase,cusc1236,russ1263,0.15473,0.85387,GBI available,TLI available,both
Peru_Quechua,Russian_Pskov_Ostrov,"70%, 80%, 90%",quec1387,indo1319,"quec1387 ~ quec1387 , indo1319",12, 8,cusc1236,russ1263,glottocodeBase,glottocodeBase,cusc1236,russ1263,0.75369,0.92118,glottocodeBase,glottocodeBase,cusc1236,russ1263,0.15473,0.85387,GBI available,TLI available,both
Peru_Quechua,Russian_Pskov_Porkhov,"70%, 80%, 90%",quec1387,indo1319,"quec1387 ~ quec1387 , indo1319",12, 8,cusc1236,russ1263,glottocodeBase,glottocodeBase,cusc1236,russ1263,0.75369,0.92118,glottocodeBase,glottocodeBase,cusc1236,russ1263,0.15473,0.85387,GBI available,TLI available,both
Peru_Quechua,Russian_Ryazan_Mihailovsky,"70%, 80%, 90%",quec1387,indo1319,"quec1387 ~ quec1387 , indo1319",12, 8,cusc1236,russ1263,glottocodeBase,glottocodeBase,cusc1236,russ1263,0.75369,0.92118,glottocodeBase,glottocodeBase,cusc1236,russ1263,0.15473,0.85387,GBI available,TLI available,both
Peru_Quechua,Russian_Ryazan_Spassk_Ryazansky,"70%, 80%, 90%",quec1387,indo1319,"quec1387 ~ quec1387 , indo1319",12, 8,cusc1236,russ1263,glottocodeBase,glottocodeBase,cusc1236,russ1263,0.75369,0.92118,glottocodeBase,glottocodeBase,cusc1236,russ1263,0.15473,0.85387,GBI available,TLI available,both
Peru_Quechua,Russian_Smolensk,"70%, 80%, 90%",quec1387,indo1319,"quec1387 ~ quec1387 , indo1319",12, 8,cusc1236,russ1263,glottocodeBase,glottocodeBase,cusc1236,russ1263,0.75369,0.92118,glottocodeBase,glottocodeBase,cusc1236,russ1263,0.15473,0.85387,GBI available,TLI available,both
Peru_Quechua,Russian_Tver,"70%, 80%, 90%",quec1387,indo1319,"quec1387 ~ quec1387 , indo1319",12, 8,cusc1236,russ1263,glottocodeBase,glottocodeBase,cusc1236,russ1263,0.75369,0.92118,glottocodeBase,glottocodeBase,cusc1236,russ1263,0.15473,0.85387,GBI available,TLI available,both
Peru_Quechua,Russian_Yaroslavl,"70%, 80%, 90%",quec1387,indo1319,"quec1387 ~ quec1387 , indo1319",12, 8,cusc1236,russ1263,glottocodeBase,glottocodeBase,cusc1236,russ1263,0.75369,0.92118,glottocodeBase,glottocodeBase,cusc1236,russ1263,0.15473,0.85387,GBI available,TLI available,both
Peru_Quechua,Scottish,"70%, 80%, 90%",quec1387,indo1319,"quec1387 ~ quec1387 , indo1319",12, 8,cusc1236,scot1245,glottocodeBase,no proxy,cusc1236,NA,0.75369,0.00000,glottocodeBase,glottocodeBase,cusc1236,scot1245,0.15473,0.26934,GBI NOT available,TLI available,TLI only
Peru_Quechua,Scottish_Dumfries_Galloway,"70%, 80%, 90%",quec1387,indo1319,"quec1387 ~ quec1387 , indo1319",12, 8,cusc1236,scot1245,glottocodeBase,no proxy,cusc1236,NA,0.75369,0.00000,glottocodeBase,glottocodeBase,cusc1236,scot1245,0.15473,0.26934,GBI NOT available,TLI available,TLI only
Peru_Quechua,Scottish_Fife,"70%, 80%, 90%",quec1387,indo1319,"quec1387 ~ quec1387 , indo1319",12, 8,cusc1236,scot1245,glottocodeBase,no proxy,cusc1236,NA,0.75369,0.00000,glottocodeBase,glottocodeBase,cusc1236,scot1245,0.15473,0.26934,GBI NOT available,TLI available,TLI only
Peru_Quechua,Scottish_Grampian,"70%, 80%, 90%",quec1387,indo1319,"quec1387 ~ quec1387 , indo1319",12, 8,cusc1236,scot1245,glottocodeBase,no proxy,cusc1236,NA,0.75369,0.00000,glottocodeBase,glottocodeBase,cusc1236,scot1245,0.15473,0.26934,GBI NOT available,TLI available,TLI only
Peru_Quechua,Scottish_Highlands,"70%, 80%, 90%",quec1387,indo1319,"quec1387 ~ quec1387 , indo1319",12, 8,cusc1236,scot1245,glottocodeBase,no proxy,cusc1236,NA,0.75369,0.00000,glottocodeBase,glottocodeBase,cusc1236,scot1245,0.15473,0.26934,GBI NOT available,TLI available,TLI only
Peru_Quechua,Scottish_Shetlandic,"70%, 80%, 90%",quec1387,indo1319,"quec1387 ~ quec1387 , indo1319",12, 8,cusc1236,scot1245,glottocodeBase,no proxy,cusc1236,NA,0.75369,0.00000,glottocodeBase,glottocodeBase,cusc1236,scot1245,0.15473,0.26934,GBI NOT available,TLI available,TLI only
Peru_Quechua,Ukrainian_East,"70%, 80%, 90%",quec1387,indo1319,"quec1387 ~ quec1387 , indo1319",12, 8,cusc1236,ukra1253,glottocodeBase,glottocodeBase,cusc1236,ukra1253,0.75369,0.78325,glottocodeBase,glottocodeBase,cusc1236,ukra1253,0.15473,0.32665,GBI available,TLI available,both
Peru_Quechua,Ukrainian_Rovenskaya,"70%, 80%, 90%",quec1387,indo1319,"quec1387 ~ quec1387 , indo1319",12, 8,cusc1236,ukra1253,glottocodeBase,glottocodeBase,cusc1236,ukra1253,0.75369,0.78325,glottocodeBase,glottocodeBase,cusc1236,ukra1253,0.15473,0.32665,GBI available,TLI available,both
Peru_Quechua,Ukrainian_Sumskaya,"70%, 80%, 90%",quec1387,indo1319,"quec1387 ~ quec1387 , indo1319",12, 8,cusc1236,ukra1253,glottocodeBase,glottocodeBase,cusc1236,ukra1253,0.75369,0.78325,glottocodeBase,glottocodeBase,cusc1236,ukra1253,0.15473,0.32665,GBI available,TLI available,both
Peru_Quechua,Ukrainian_Zhitomirskaya,"70%, 80%, 90%",quec1387,indo1319,"quec1387 ~ quec1387 , indo1319",12, 8,cusc1236,ukra1253,glottocodeBase,glottocodeBase,cusc1236,ukra1253,0.75369,0.78325,glottocodeBase,glottocodeBase,cusc1236,ukra1253,0.15473,0.32665,GBI available,TLI available,both
Peru_Quechua,Veps,"70%, 80%, 90%",quec1387,ural1272,"quec1387 ~ quec1387 , ural1272",12, 8,cusc1236,veps1250,glottocodeBase,glottocodeBase,cusc1236,veps1250,0.75369,0.86700,glottocodeBase,glottocodeBase,cusc1236,veps1250,0.15473,0.18052,GBI available,TLI available,both
Peru_Quechua,Scottish_Borders,"70%, 80%, 90%",quec1387,indo1319,"quec1387 ~ quec1387 , indo1319",12, 7,cusc1236,scot1245,glottocodeBase,no proxy,cusc1236,NA,0.75369,0.00000,glottocodeBase,glottocodeBase,cusc1236,scot1245,0.15473,0.26934,GBI NOT available,TLI available,TLI only
Peru_Quechua,Czech,"70%, 80%, 90%",quec1387,indo1319,"quec1387 ~ quec1387 , indo1319",12, 6,cusc1236,czec1258,glottocodeBase,glottocodeBase,cusc1236,czec1258,0.75369,0.86700,glottocodeBase,glottocodeBase,cusc1236,czec1258,0.15473,0.32951,GBI available,TLI available,both
Peru_Quechua,English_Kent,"70%, 80%, 90%",quec1387,indo1319,"quec1387 ~ quec1387 , indo1319",12, 5,cusc1236,stan1293,glottocodeBase,glottocodeBase,cusc1236,stan1293,0.75369,0.85222,glottocodeBase,glottocodeBase,cusc1236,stan1293,0.15473,0.82521,GBI available,TLI available,both
Peru_Quechua,English_Cornwall,"70%, 80%, 90%",quec1387,indo1319,"quec1387 ~ quec1387 , indo1319",12, 1,cusc1236,stan1293,glottocodeBase,glottocodeBase,cusc1236,stan1293,0.75369,0.85222,glottocodeBase,glottocodeBase,cusc1236,stan1293,0.15473,0.82521,GBI available,TLI available,both
Peru_Quechua,Mordovian,"70%, 80%, 90%",quec1387,ural1272,"quec1387 ~ quec1387 , ural1272",12, 1,cusc1236,erzy1239,glottocodeBase,glottocodeBase,cusc1236,erzy1239,0.75369,0.84729,glottocodeBase,glottocodeBase,cusc1236,erzy1239,0.15473,0.30659,GBI available,TLI available,both
Peru_Quechua,Mordovian_Erzya,"70%, 80%, 90%",quec1387,ural1272,"quec1387 ~ quec1387 , ural1272",12, 1,cusc1236,erzy1239,glottocodeBase,glottocodeBase,cusc1236,erzy1239,0.75369,0.84729,glottocodeBase,glottocodeBase,cusc1236,erzy1239,0.15473,0.30659,GBI available,TLI available,both
Peru_Quechua,Mordovian_Moksha,"70%, 80%, 90%",quec1387,ural1272,"quec1387 ~ quec1387 , ural1272",12, 1,cusc1236,moks1248,glottocodeBase,glottocodeBase,cusc1236,moks1248,0.75369,0.88177,glottocodeBase,glottocodeBase,cusc1236,moks1248,0.15473,0.19771,GBI available,TLI available,both
Peru_Quechua,Russian_Archangelsk_Leshukonsky,"70%, 80%, 90%",quec1387,indo1319,"quec1387 ~ quec1387 , indo1319",12, 1,cusc1236,russ1263,glottocodeBase,glottocodeBase,cusc1236,russ1263,0.75369,0.92118,glottocodeBase,glottocodeBase,cusc1236,russ1263,0.15473,0.85387,GBI available,TLI available,both
Peru_Quechua,Ukrainian_West,"70%, 80%, 90%",quec1387,indo1319,"quec1387 ~ quec1387 , indo1319",12, 1,cusc1236,ukra1253,glottocodeBase,glottocodeBase,cusc1236,ukra1253,0.75369,0.78325,glottocodeBase,glottocodeBase,cusc1236,ukra1253,0.15473,0.32665,GBI available,TLI available,both
Peru_Quechua,Karitiana,"70%, 80%, 90%",quec1387,tupi1275,"quec1387 ~ quec1387 , tupi1275",12, 1,cusc1236,kari1311,glottocodeBase,glottocodeBase,cusc1236,kari1311,0.75369,0.71921,glottocodeBase,glottocodeBase,cusc1236,kari1311,0.15473,0.17765,GBI available,TLI available,both
Peru_Quechua,Karitiana_Rondonia,"70%, 80%, 90%",quec1387,tupi1275,"quec1387 ~ quec1387 , tupi1275",12, 1,cusc1236,kari1311,glottocodeBase,glottocodeBase,cusc1236,kari1311,0.75369,0.71921,glottocodeBase,glottocodeBase,cusc1236,kari1311,0.15473,0.17765,GBI available,TLI available,both
Peru_Quechua,Surui,"70%, 80%, 90%",quec1387,tupi1275,"quec1387 ~ quec1387 , tupi1275",12, 1,cusc1236,suru1262,glottocodeBase,glottocodeBase,cusc1236,suru1262,0.75369,0.09360,glottocodeBase,glottocodeBase,cusc1236,suru1262,0.15473,0.10888,GBI available,TLI available,both
Russian,Nganasan,"70%, 80%",indo1319,ural1272,"indo1319 ~ indo1319 , ural1272",12, 7,russ1263,ngan1291,glottocodeBase,glottocodeBase,russ1263,ngan1291,0.92118,0.83744,glottocodeBase,glottocodeBase,russ1263,ngan1291,0.85387,0.32378,GBI available,TLI available,both
Russian,Nganasan_Dudinka,"70%, 80%",indo1319,ural1272,"indo1319 ~ indo1319 , ural1272",12, 7,russ1263,ngan1291,glottocodeBase,glottocodeBase,russ1263,ngan1291,0.92118,0.83744,glottocodeBase,glottocodeBase,russ1263,ngan1291,0.85387,0.32378,GBI available,TLI available,both
Russian,Nganasan_UstAvam,"70%, 80%",indo1319,ural1272,"indo1319 ~ indo1319 , ural1272",12, 7,russ1263,ngan1291,glottocodeBase,glottocodeBase,russ1263,ngan1291,0.92118,0.83744,glottocodeBase,glottocodeBase,russ1263,ngan1291,0.85387,0.32378,GBI available,TLI available,both
Russian,Nganasan_Volochanka,"70%, 80%",indo1319,ural1272,"indo1319 ~ indo1319 , ural1272",12, 7,russ1263,ngan1291,glottocodeBase,glottocodeBase,russ1263,ngan1291,0.92118,0.83744,glottocodeBase,glottocodeBase,russ1263,ngan1291,0.85387,0.32378,GBI available,TLI available,both
She,Nganasan,"70%, 80%, 90%",hmon1336,ural1272,"hmon1336 ~ hmon1336 , ural1272",12, 3,shee1238,ngan1291,glottocodeBase,glottocodeBase,shee1238,ngan1291,0.58128,0.83744,glottocodeBase,glottocodeBase,shee1238,ngan1291,0.04011,0.32378,GBI available,TLI available,both
She,Nganasan_Dudinka,"70%, 80%, 90%",hmon1336,ural1272,"hmon1336 ~ hmon1336 , ural1272",12, 3,shee1238,ngan1291,glottocodeBase,glottocodeBase,shee1238,ngan1291,0.58128,0.83744,glottocodeBase,glottocodeBase,shee1238,ngan1291,0.04011,0.32378,GBI available,TLI available,both
She,Nganasan_UstAvam,"70%, 80%, 90%",hmon1336,ural1272,"hmon1336 ~ hmon1336 , ural1272",12, 3,shee1238,ngan1291,glottocodeBase,glottocodeBase,shee1238,ngan1291,0.58128,0.83744,glottocodeBase,glottocodeBase,shee1238,ngan1291,0.04011,0.32378,GBI available,TLI available,both
She,Nganasan_Volochanka,"70%, 80%, 90%",hmon1336,ural1272,"hmon1336 ~ hmon1336 , ural1272",12, 3,shee1238,ngan1291,glottocodeBase,glottocodeBase,shee1238,ngan1291,0.58128,0.83744,glottocodeBase,glottocodeBase,shee1238,ngan1291,0.04011,0.32378,GBI available,TLI available,both
Vanuatu_Santo_Port,Baining_Malasait,70%,aust1307,bain1263,"aust1307 ~ aust1307 , bain1263",12,12,saka1289,bain1263,glottocodeBase,glottocodeGBIproxy,saka1289,qaqe1238,0.81281,0.26108,glottocodeBase,glottocodeTLIproxy,saka1289,qaqe1238,0.09169,0.14327,GBI available,TLI available,both
Vanuatu_Santo_Port,Baining_Marabu,70%,aust1307,bain1263,"aust1307 ~ aust1307 , bain1263",12,12,saka1289,bain1263,glottocodeBase,glottocodeGBIproxy,saka1289,mali1284,0.81281,0.50739,glottocodeBase,glottocodeTLIproxy,saka1289,mali1284,0.09169,0.08309,GBI available,TLI available,both
Vanuatu_Santo_Port,Ata_Bili,70%,aust1307,pele1245,"aust1307 ~ aust1307 , pele1245",12, 8,saka1289,pele1245,glottocodeBase,glottocodeBase,saka1289,pele1245,0.81281,0.23645,glottocodeBase,glottocodeBase,saka1289,pele1245,0.09169,0.00287,GBI available,TLI available,both
Vanuatu_Santo_Port,Ata_Luge,70%,aust1307,pele1245,"aust1307 ~ aust1307 , pele1245",12, 8,saka1289,pele1245,glottocodeBase,glottocodeBase,saka1289,pele1245,0.81281,0.23645,glottocodeBase,glottocodeBase,saka1289,pele1245,0.09169,0.00287,GBI available,TLI available,both
Vanuatu_Santo_Port,Ata_Uassilau,70%,aust1307,pele1245,"aust1307 ~ aust1307 , pele1245",12, 8,saka1289,pele1245,glottocodeBase,glottocodeBase,saka1289,pele1245,0.81281,0.23645,glottocodeBase,glottocodeBase,saka1289,pele1245,0.09169,0.00287,GBI available,TLI available,both
Vanuatu_Santo_Port,Nasioi,70%,aust1307,sout2948,"aust1307 ~ aust1307 , sout2948",12, 5,saka1289,nasi1247,glottocodeBase,glottocodeGBIproxy,saka1289,naas1242,0.81281,0.28079,glottocodeBase,glottocodeTLIproxy,saka1289,naas1242,0.09169,0.21777,GBI available,TLI available,both
Vanuatu_Santo_Port,Vella_Lavella,70%,aust1307,bilu1245,"aust1307 ~ aust1307 , bilu1245",12, 5,saka1289,bilu1245,glottocodeBase,glottocodeBase,saka1289,bilu1245,0.81281,0.47291,glottocodeBase,glottocodeBase,saka1289,bilu1245,0.09169,0.20057,GBI available,TLI available,both
Tujia,Nganasan,"70%, 80%, 90%",sino1245,ural1272,"sino1245 ~ sino1245 , ural1272",11, 3,tuji1244,ngan1291,glottocodeGBIproxy,glottocodeBase,nort2732,ngan1291,0.73399,0.83744,glottocodeTLIproxy,glottocodeBase,nort2732,ngan1291,0.12034,0.32378,GBI available,TLI available,both
Tujia,Nganasan_Dudinka,"70%, 80%, 90%",sino1245,ural1272,"sino1245 ~ sino1245 , ural1272",11, 3,tuji1244,ngan1291,glottocodeGBIproxy,glottocodeBase,nort2732,ngan1291,0.73399,0.83744,glottocodeTLIproxy,glottocodeBase,nort2732,ngan1291,0.12034,0.32378,GBI available,TLI available,both
Tujia,Nganasan_UstAvam,"70%, 80%, 90%",sino1245,ural1272,"sino1245 ~ sino1245 , ural1272",11, 3,tuji1244,ngan1291,glottocodeGBIproxy,glottocodeBase,nort2732,ngan1291,0.73399,0.83744,glottocodeTLIproxy,glottocodeBase,nort2732,ngan1291,0.12034,0.32378,GBI available,TLI available,both
Tujia,Nganasan_Volochanka,"70%, 80%, 90%",sino1245,ural1272,"sino1245 ~ sino1245 , ural1272",11, 3,tuji1244,ngan1291,glottocodeGBIproxy,glottocodeBase,nort2732,ngan1291,0.73399,0.83744,glottocodeTLIproxy,glottocodeBase,nort2732,ngan1291,0.12034,0.32378,GBI available,TLI available,both
Baining_Malasait,Kolombangara,"70%, 80%, 90%",bain1263,aust1307,"bain1263 ~ bain1263 , aust1307",10, 2,bain1263,duke1237,glottocodeGBIproxy,no proxy,qaqe1238,NA,0.26108,0.00000,glottocodeTLIproxy,glottocodeBase,qaqe1238,duke1237,0.14327,0.00573,GBI NOT available,TLI available,TLI only
Baining_Malasait,Nasioi,"70%, 80%, 90%",bain1263,sout2948,"bain1263 ~ bain1263 , sout2948",10, 2,bain1263,nasi1247,glottocodeGBIproxy,glottocodeGBIproxy,qaqe1238,naas1242,0.26108,0.28079,glottocodeTLIproxy,glottocodeTLIproxy,qaqe1238,naas1242,0.14327,0.21777,GBI available,TLI available,both
Baining_Malasait,Ranongga,"70%, 80%, 90%",bain1263,aust1307,"bain1263 ~ bain1263 , aust1307",10, 2,bain1263,ghan1242,glottocodeGBIproxy,glottocodeBase,qaqe1238,ghan1242,0.26108,0.68966,glottocodeTLIproxy,glottocodeBase,qaqe1238,ghan1242,0.14327,0.00573,GBI available,TLI available,both
Baining_Malasait,Teop,"70%, 80%, 90%",bain1263,aust1307,"bain1263 ~ bain1263 , aust1307",10, 2,bain1263,teop1238,glottocodeGBIproxy,glottocodeBase,qaqe1238,teop1238,0.26108,0.66995,glottocodeTLIproxy,glottocodeBase,qaqe1238,teop1238,0.14327,0.08596,GBI available,TLI available,both
Baining_Malasait,Vella_Lavella,"70%, 80%, 90%",bain1263,bilu1245,"bain1263 ~ bain1263 , bilu1245",10, 2,bain1263,bilu1245,glottocodeGBIproxy,glottocodeBase,qaqe1238,bilu1245,0.26108,0.47291,glottocodeTLIproxy,glottocodeBase,qaqe1238,bilu1245,0.14327,0.20057,GBI available,TLI available,both
Bajo,Onge,"70%, 80%",aust1307,jara1244,"aust1307 ~ aust1307 , jara1244",10, 2,indo1317,onge1236,no proxy,glottocodeBase,NA,onge1236,0,0.21675,glottocodeBase,glottocodeBase,indo1317,onge1236,0.19198,0.18052,GBI NOT available,TLI available,TLI only
Bajo,Nasioi,"70%, 80%",aust1307,sout2948,"aust1307 ~ aust1307 , sout2948",10, 1,indo1317,nasi1247,no proxy,glottocodeGBIproxy,NA,naas1242,0,0.28079,glottocodeBase,glottocodeTLIproxy,indo1317,naas1242,0.19198,0.21777,GBI NOT available,TLI available,TLI only
Bajo,Vella_Lavella,"70%, 80%",aust1307,bilu1245,"aust1307 ~ aust1307 , bilu1245",10, 1,indo1317,bilu1245,no proxy,glottocodeBase,NA,bilu1245,0,0.47291,glottocodeBase,glottocodeBase,indo1317,bilu1245,0.19198,0.20057,GBI NOT available,TLI available,TLI only
Bajo,Dai,"70%, 80%",aust1307,taik1256,"aust1307 ~ aust1307 , taik1256",10, 3,indo1317,luuu1242,no proxy,no proxy,NA,NA,0,0.00000,glottocodeBase,glottocodeBase,indo1317,luuu1242,0.19198,0.12894,GBI NOT available,TLI available,TLI only
Bajo,Hakka_Taiwan,"70%, 80%",aust1307,sino1245,"aust1307 ~ aust1307 , sino1245",10, 3,indo1317,yuet1238,no proxy,glottocodeGBIproxy,NA,hakk1236,0,0.55665,glottocodeBase,glottocodeTLIproxy,indo1317,hakk1236,0.19198,0.16619,GBI NOT available,TLI available,TLI only
Bajo,Kinh,"70%, 80%",aust1307,aust1305,"aust1307 ~ aust1307 , aust1305",10, 3,indo1317,viet1252,no proxy,glottocodeBase,NA,viet1252,0,0.53695,glottocodeBase,glottocodeBase,indo1317,viet1252,0.19198,0.57880,GBI NOT available,TLI available,TLI only
Bajo,She,"70%, 80%",aust1307,hmon1336,"aust1307 ~ aust1307 , hmon1336",10, 3,indo1317,shee1238,no proxy,glottocodeBase,NA,shee1238,0,0.58128,glottocodeBase,glottocodeBase,indo1317,shee1238,0.19198,0.04011,GBI NOT available,TLI available,TLI only
Bajo,Vietnamese_North,"70%, 80%",aust1307,aust1305,"aust1307 ~ aust1307 , aust1305",10, 3,indo1317,viet1252,no proxy,glottocodeBase,NA,viet1252,0,0.53695,glottocodeBase,glottocodeBase,indo1317,viet1252,0.19198,0.57880,GBI NOT available,TLI available,TLI only
Bajo,Vietnamese_South,"70%, 80%",aust1307,aust1305,"aust1307 ~ aust1307 , aust1305",10, 3,indo1317,viet1252,no proxy,glottocodeBase,NA,viet1252,0,0.53695,glottocodeBase,glottocodeBase,indo1317,viet1252,0.19198,0.57880,GBI NOT available,TLI available,TLI only
Bajo,Lahu,"70%, 80%",aust1307,sino1245,"aust1307 ~ aust1307 , sino1245",10, 1,indo1317,lahu1253,no proxy,glottocodeBase,NA,lahu1253,0,0.67980,glottocodeBase,glottocodeBase,indo1317,lahu1253,0.19198,0.53582,GBI NOT available,TLI available,TLI only
Bergamo,BedouinB,"70%, 80%",indo1319,afro1255,"indo1319 ~ indo1319 , afro1255",10, 1,ital1282,east2690,glottocodeBase,glottocodeBase,ital1282,east2690,0.8867,0.63547,glottocodeBase,no proxy,ital1282,NA,0.58453,0.00000,GBI available,TLI NOT available,GBI only
Bergamo,Yemen_Ad_Dali,"70%, 80%",indo1319,afro1255,"indo1319 ~ indo1319 , afro1255",10, 1,ital1282,sana1295,glottocodeBase,glottocodeBase,ital1282,sana1295,0.8867,0.74877,glottocodeBase,glottocodeBase,ital1282,sana1295,0.58453,0.02006,GBI available,TLI available,both
Bergamo,Yemen_Al_Bayda,"70%, 80%",indo1319,afro1255,"indo1319 ~ indo1319 , afro1255",10, 1,ital1282,sana1295,glottocodeBase,glottocodeBase,ital1282,sana1295,0.8867,0.74877,glottocodeBase,glottocodeBase,ital1282,sana1295,0.58453,0.02006,GBI available,TLI available,both
Bergamo,Yemen_Al_Jawf,"70%, 80%",indo1319,afro1255,"indo1319 ~ indo1319 , afro1255",10, 1,ital1282,sana1295,glottocodeBase,glottocodeBase,ital1282,sana1295,0.8867,0.74877,glottocodeBase,glottocodeBase,ital1282,sana1295,0.58453,0.02006,GBI available,TLI available,both
Bergamo,Yemen_Dhamar,"70%, 80%",indo1319,afro1255,"indo1319 ~ indo1319 , afro1255",10, 1,ital1282,sana1295,glottocodeBase,glottocodeBase,ital1282,sana1295,0.8867,0.74877,glottocodeBase,glottocodeBase,ital1282,sana1295,0.58453,0.02006,GBI available,TLI available,both
Bergamo,Yemen_Marib,"70%, 80%",indo1319,afro1255,"indo1319 ~ indo1319 , afro1255",10, 1,ital1282,sana1295,glottocodeBase,glottocodeBase,ital1282,sana1295,0.8867,0.74877,glottocodeBase,glottocodeBase,ital1282,sana1295,0.58453,0.02006,GBI available,TLI available,both
Kharia,Onge,70%,aust1305,jara1244,"aust1305 ~ aust1305 , jara1244",10, 4,khar1287,onge1236,glottocodeBase,glottocodeBase,khar1287,onge1236,0.75862,0.21675,glottocodeBase,glottocodeBase,khar1287,onge1236,0.32951,0.18052,GBI available,TLI available,both
Melamela,Baining_Malasait,70%,aust1307,bain1263,"aust1307 ~ aust1307 , bain1263",10,10,mera1242,bain1263,glottocodeBase,glottocodeGBIproxy,mera1242,qaqe1238,0.24138,0.26108,glottocodeBase,glottocodeTLIproxy,mera1242,qaqe1238,0.00573,0.14327,GBI available,TLI available,both
Melamela,Baining_Marabu,70%,aust1307,bain1263,"aust1307 ~ aust1307 , bain1263",10,10,mera1242,bain1263,glottocodeBase,glottocodeGBIproxy,mera1242,mali1284,0.24138,0.50739,glottocodeBase,glottocodeTLIproxy,mera1242,mali1284,0.00573,0.08309,GBI available,TLI available,both
Melamela,Ata_Bili,70%,aust1307,pele1245,"aust1307 ~ aust1307 , pele1245",10, 8,mera1242,pele1245,glottocodeBase,glottocodeBase,mera1242,pele1245,0.24138,0.23645,glottocodeBase,glottocodeBase,mera1242,pele1245,0.00573,0.00287,GBI available,TLI available,both
Melamela,Ata_Luge,70%,aust1307,pele1245,"aust1307 ~ aust1307 , pele1245",10, 8,mera1242,pele1245,glottocodeBase,glottocodeBase,mera1242,pele1245,0.24138,0.23645,glottocodeBase,glottocodeBase,mera1242,pele1245,0.00573,0.00287,GBI available,TLI available,both
Melamela,Ata_Uassilau,70%,aust1307,pele1245,"aust1307 ~ aust1307 , pele1245",10, 8,mera1242,pele1245,glottocodeBase,glottocodeBase,mera1242,pele1245,0.24138,0.23645,glottocodeBase,glottocodeBase,mera1242,pele1245,0.00573,0.00287,GBI available,TLI available,both
Melamela,Nasioi,70%,aust1307,sout2948,"aust1307 ~ aust1307 , sout2948",10, 8,mera1242,nasi1247,glottocodeBase,glottocodeGBIproxy,mera1242,naas1242,0.24138,0.28079,glottocodeBase,glottocodeTLIproxy,mera1242,naas1242,0.00573,0.21777,GBI available,TLI available,both
Melamela,Vella_Lavella,70%,aust1307,bilu1245,"aust1307 ~ aust1307 , bilu1245",10, 8,mera1242,bilu1245,glottocodeBase,glottocodeBase,mera1242,bilu1245,0.24138,0.47291,glottocodeBase,glottocodeBase,mera1242,bilu1245,0.00573,0.20057,GBI available,TLI available,both
Nakanai_Bileki,Baining_Malasait,70%,aust1307,bain1263,"aust1307 ~ aust1307 , bain1263",10,10,bile1245,bain1263,glottocodeGBIproxy,glottocodeGBIproxy,naka1262,qaqe1238,0.66995,0.26108,glottocodeTLIproxy,glottocodeTLIproxy,naka1262,qaqe1238,0.12321,0.14327,GBI available,TLI available,both
Nakanai_Bileki,Baining_Marabu,70%,aust1307,bain1263,"aust1307 ~ aust1307 , bain1263",10,10,bile1245,bain1263,glottocodeGBIproxy,glottocodeGBIproxy,naka1262,mali1284,0.66995,0.50739,glottocodeTLIproxy,glottocodeTLIproxy,naka1262,mali1284,0.12321,0.08309,GBI available,TLI available,both
Nakanai_Bileki,Ata_Bili,70%,aust1307,pele1245,"aust1307 ~ aust1307 , pele1245",10, 8,bile1245,pele1245,glottocodeGBIproxy,glottocodeBase,naka1262,pele1245,0.66995,0.23645,glottocodeTLIproxy,glottocodeBase,naka1262,pele1245,0.12321,0.00287,GBI available,TLI available,both
Nakanai_Bileki,Ata_Luge,70%,aust1307,pele1245,"aust1307 ~ aust1307 , pele1245",10, 8,bile1245,pele1245,glottocodeGBIproxy,glottocodeBase,naka1262,pele1245,0.66995,0.23645,glottocodeTLIproxy,glottocodeBase,naka1262,pele1245,0.12321,0.00287,GBI available,TLI available,both
Nakanai_Bileki,Ata_Uassilau,70%,aust1307,pele1245,"aust1307 ~ aust1307 , pele1245",10, 8,bile1245,pele1245,glottocodeGBIproxy,glottocodeBase,naka1262,pele1245,0.66995,0.23645,glottocodeTLIproxy,glottocodeBase,naka1262,pele1245,0.12321,0.00287,GBI available,TLI available,both
Nakanai_Bileki,Nasioi,70%,aust1307,sout2948,"aust1307 ~ aust1307 , sout2948",10, 8,bile1245,nasi1247,glottocodeGBIproxy,glottocodeGBIproxy,naka1262,naas1242,0.66995,0.28079,glottocodeTLIproxy,glottocodeTLIproxy,naka1262,naas1242,0.12321,0.21777,GBI available,TLI available,both
Nakanai_Bileki,Vella_Lavella,70%,aust1307,bilu1245,"aust1307 ~ aust1307 , bilu1245",10, 8,bile1245,bilu1245,glottocodeGBIproxy,glottocodeBase,naka1262,bilu1245,0.66995,0.47291,glottocodeTLIproxy,glottocodeBase,naka1262,bilu1245,0.12321,0.20057,GBI available,TLI available,both
Santa_Cruz,Baining_Malasait,70%,aust1307,bain1263,"aust1307 ~ aust1307 , bain1263",10,10,natu1250,bain1263,glottocodeGBIproxy,glottocodeGBIproxy,natu1246,qaqe1238,0.43842,0.26108,glottocodeTLIproxy,glottocodeTLIproxy,natu1246,qaqe1238,0.12894,0.14327,GBI available,TLI available,both
Santa_Cruz,Baining_Marabu,70%,aust1307,bain1263,"aust1307 ~ aust1307 , bain1263",10,10,natu1250,bain1263,glottocodeGBIproxy,glottocodeGBIproxy,natu1246,mali1284,0.43842,0.50739,glottocodeTLIproxy,glottocodeTLIproxy,natu1246,mali1284,0.12894,0.08309,GBI available,TLI available,both
Santa_Cruz,Nasioi,70%,aust1307,sout2948,"aust1307 ~ aust1307 , sout2948",10,10,natu1250,nasi1247,glottocodeGBIproxy,glottocodeGBIproxy,natu1246,naas1242,0.43842,0.28079,glottocodeTLIproxy,glottocodeTLIproxy,natu1246,naas1242,0.12894,0.21777,GBI available,TLI available,both
Santa_Cruz,Ata_Bili,70%,aust1307,pele1245,"aust1307 ~ aust1307 , pele1245",10, 8,natu1250,pele1245,glottocodeGBIproxy,glottocodeBase,natu1246,pele1245,0.43842,0.23645,glottocodeTLIproxy,glottocodeBase,natu1246,pele1245,0.12894,0.00287,GBI available,TLI available,both
Santa_Cruz,Ata_Luge,70%,aust1307,pele1245,"aust1307 ~ aust1307 , pele1245",10, 8,natu1250,pele1245,glottocodeGBIproxy,glottocodeBase,natu1246,pele1245,0.43842,0.23645,glottocodeTLIproxy,glottocodeBase,natu1246,pele1245,0.12894,0.00287,GBI available,TLI available,both
Santa_Cruz,Ata_Uassilau,70%,aust1307,pele1245,"aust1307 ~ aust1307 , pele1245",10, 8,natu1250,pele1245,glottocodeGBIproxy,glottocodeBase,natu1246,pele1245,0.43842,0.23645,glottocodeTLIproxy,glottocodeBase,natu1246,pele1245,0.12894,0.00287,GBI available,TLI available,both
Santa_Cruz,Vella_Lavella,70%,aust1307,bilu1245,"aust1307 ~ aust1307 , bilu1245",10, 8,natu1250,bilu1245,glottocodeGBIproxy,glottocodeBase,natu1246,bilu1245,0.43842,0.47291,glottocodeTLIproxy,glottocodeBase,natu1246,bilu1245,0.12894,0.20057,GBI available,TLI available,both
Spanish_Andalucia,Yemen_Ad_Dali,"70%, 80%, 90%",indo1319,afro1255,"indo1319 ~ indo1319 , afro1255",10, 1,anda1279,sana1295,no proxy,glottocodeBase,NA,sana1295,0,0.74877,glottocodeTLIproxy,glottocodeBase,stan1288,sana1295,0.81662,0.02006,GBI NOT available,TLI available,TLI only
Spanish_Andalucia,Yemen_Al_Bayda,"70%, 80%, 90%",indo1319,afro1255,"indo1319 ~ indo1319 , afro1255",10, 1,anda1279,sana1295,no proxy,glottocodeBase,NA,sana1295,0,0.74877,glottocodeTLIproxy,glottocodeBase,stan1288,sana1295,0.81662,0.02006,GBI NOT available,TLI available,TLI only
Spanish_Andalucia,Yemen_Al_Jawf,"70%, 80%, 90%",indo1319,afro1255,"indo1319 ~ indo1319 , afro1255",10, 1,anda1279,sana1295,no proxy,glottocodeBase,NA,sana1295,0,0.74877,glottocodeTLIproxy,glottocodeBase,stan1288,sana1295,0.81662,0.02006,GBI NOT available,TLI available,TLI only
Spanish_Andalucia,Yemen_Dhamar,"70%, 80%, 90%",indo1319,afro1255,"indo1319 ~ indo1319 , afro1255",10, 1,anda1279,sana1295,no proxy,glottocodeBase,NA,sana1295,0,0.74877,glottocodeTLIproxy,glottocodeBase,stan1288,sana1295,0.81662,0.02006,GBI NOT available,TLI available,TLI only
Spanish_Andalucia,Yemen_Marib,"70%, 80%, 90%",indo1319,afro1255,"indo1319 ~ indo1319 , afro1255",10, 1,anda1279,sana1295,no proxy,glottocodeBase,NA,sana1295,0,0.74877,glottocodeTLIproxy,glottocodeBase,stan1288,sana1295,0.81662,0.02006,GBI NOT available,TLI available,TLI only
Spanish_Aragon,Yemen_Ad_Dali,"70%, 80%, 90%",indo1319,afro1255,"indo1319 ~ indo1319 , afro1255",10, 1,arag1245,sana1295,no proxy,glottocodeBase,NA,sana1295,0,0.74877,glottocodeBase,glottocodeBase,arag1245,sana1295,0.10315,0.02006,GBI NOT available,TLI available,TLI only
Spanish_Aragon,Yemen_Al_Bayda,"70%, 80%, 90%",indo1319,afro1255,"indo1319 ~ indo1319 , afro1255",10, 1,arag1245,sana1295,no proxy,glottocodeBase,NA,sana1295,0,0.74877,glottocodeBase,glottocodeBase,arag1245,sana1295,0.10315,0.02006,GBI NOT available,TLI available,TLI only
Spanish_Aragon,Yemen_Al_Jawf,"70%, 80%, 90%",indo1319,afro1255,"indo1319 ~ indo1319 , afro1255",10, 1,arag1245,sana1295,no proxy,glottocodeBase,NA,sana1295,0,0.74877,glottocodeBase,glottocodeBase,arag1245,sana1295,0.10315,0.02006,GBI NOT available,TLI available,TLI only
Spanish_Aragon,Yemen_Dhamar,"70%, 80%, 90%",indo1319,afro1255,"indo1319 ~ indo1319 , afro1255",10, 1,arag1245,sana1295,no proxy,glottocodeBase,NA,sana1295,0,0.74877,glottocodeBase,glottocodeBase,arag1245,sana1295,0.10315,0.02006,GBI NOT available,TLI available,TLI only
Spanish_Aragon,Yemen_Marib,"70%, 80%, 90%",indo1319,afro1255,"indo1319 ~ indo1319 , afro1255",10, 1,arag1245,sana1295,no proxy,glottocodeBase,NA,sana1295,0,0.74877,glottocodeBase,glottocodeBase,arag1245,sana1295,0.10315,0.02006,GBI NOT available,TLI available,TLI only
Spanish_Balearic,Yemen_Ad_Dali,"70%, 80%, 90%",indo1319,afro1255,"indo1319 ~ indo1319 , afro1255",10, 1,stan1288,sana1295,no proxy,glottocodeBase,NA,sana1295,0,0.74877,glottocodeBase,glottocodeBase,stan1288,sana1295,0.81662,0.02006,GBI NOT available,TLI available,TLI only
Spanish_Balearic,Yemen_Al_Bayda,"70%, 80%, 90%",indo1319,afro1255,"indo1319 ~ indo1319 , afro1255",10, 1,stan1288,sana1295,no proxy,glottocodeBase,NA,sana1295,0,0.74877,glottocodeBase,glottocodeBase,stan1288,sana1295,0.81662,0.02006,GBI NOT available,TLI available,TLI only
Spanish_Balearic,Yemen_Al_Jawf,"70%, 80%, 90%",indo1319,afro1255,"indo1319 ~ indo1319 , afro1255",10, 1,stan1288,sana1295,no proxy,glottocodeBase,NA,sana1295,0,0.74877,glottocodeBase,glottocodeBase,stan1288,sana1295,0.81662,0.02006,GBI NOT available,TLI available,TLI only
Spanish_Balearic,Yemen_Dhamar,"70%, 80%, 90%",indo1319,afro1255,"indo1319 ~ indo1319 , afro1255",10, 1,stan1288,sana1295,no proxy,glottocodeBase,NA,sana1295,0,0.74877,glottocodeBase,glottocodeBase,stan1288,sana1295,0.81662,0.02006,GBI NOT available,TLI available,TLI only
Spanish_Balearic,Yemen_Marib,"70%, 80%, 90%",indo1319,afro1255,"indo1319 ~ indo1319 , afro1255",10, 1,stan1288,sana1295,no proxy,glottocodeBase,NA,sana1295,0,0.74877,glottocodeBase,glottocodeBase,stan1288,sana1295,0.81662,0.02006,GBI NOT available,TLI available,TLI only
Spanish_Cantabria,Yemen_Ad_Dali,"70%, 80%, 90%",indo1319,afro1255,"indo1319 ~ indo1319 , afro1255",10, 1,astu1245,sana1295,no proxy,glottocodeBase,NA,sana1295,0,0.74877,glottocodeBase,glottocodeBase,astu1245,sana1295,0.10315,0.02006,GBI NOT available,TLI available,TLI only
Spanish_Cantabria,Yemen_Al_Bayda,"70%, 80%, 90%",indo1319,afro1255,"indo1319 ~ indo1319 , afro1255",10, 1,astu1245,sana1295,no proxy,glottocodeBase,NA,sana1295,0,0.74877,glottocodeBase,glottocodeBase,astu1245,sana1295,0.10315,0.02006,GBI NOT available,TLI available,TLI only
Spanish_Cantabria,Yemen_Al_Jawf,"70%, 80%, 90%",indo1319,afro1255,"indo1319 ~ indo1319 , afro1255",10, 1,astu1245,sana1295,no proxy,glottocodeBase,NA,sana1295,0,0.74877,glottocodeBase,glottocodeBase,astu1245,sana1295,0.10315,0.02006,GBI NOT available,TLI available,TLI only
Spanish_Cantabria,Yemen_Dhamar,"70%, 80%, 90%",indo1319,afro1255,"indo1319 ~ indo1319 , afro1255",10, 1,astu1245,sana1295,no proxy,glottocodeBase,NA,sana1295,0,0.74877,glottocodeBase,glottocodeBase,astu1245,sana1295,0.10315,0.02006,GBI NOT available,TLI available,TLI only
Spanish_Cantabria,Yemen_Marib,"70%, 80%, 90%",indo1319,afro1255,"indo1319 ~ indo1319 , afro1255",10, 1,astu1245,sana1295,no proxy,glottocodeBase,NA,sana1295,0,0.74877,glottocodeBase,glottocodeBase,astu1245,sana1295,0.10315,0.02006,GBI NOT available,TLI available,TLI only
Spanish_CastillaLaMancha,Yemen_Ad_Dali,"70%, 80%, 90%",indo1319,afro1255,"indo1319 ~ indo1319 , afro1255",10, 1,cast1244,sana1295,no proxy,glottocodeBase,NA,sana1295,0,0.74877,glottocodeTLIproxy,glottocodeBase,stan1288,sana1295,0.81662,0.02006,GBI NOT available,TLI available,TLI only
Spanish_CastillaLaMancha,Yemen_Al_Bayda,"70%, 80%, 90%",indo1319,afro1255,"indo1319 ~ indo1319 , afro1255",10, 1,cast1244,sana1295,no proxy,glottocodeBase,NA,sana1295,0,0.74877,glottocodeTLIproxy,glottocodeBase,stan1288,sana1295,0.81662,0.02006,GBI NOT available,TLI available,TLI only
Spanish_CastillaLaMancha,Yemen_Al_Jawf,"70%, 80%, 90%",indo1319,afro1255,"indo1319 ~ indo1319 , afro1255",10, 1,cast1244,sana1295,no proxy,glottocodeBase,NA,sana1295,0,0.74877,glottocodeTLIproxy,glottocodeBase,stan1288,sana1295,0.81662,0.02006,GBI NOT available,TLI available,TLI only
Spanish_CastillaLaMancha,Yemen_Dhamar,"70%, 80%, 90%",indo1319,afro1255,"indo1319 ~ indo1319 , afro1255",10, 1,cast1244,sana1295,no proxy,glottocodeBase,NA,sana1295,0,0.74877,glottocodeTLIproxy,glottocodeBase,stan1288,sana1295,0.81662,0.02006,GBI NOT available,TLI available,TLI only
Spanish_CastillaLaMancha,Yemen_Marib,"70%, 80%, 90%",indo1319,afro1255,"indo1319 ~ indo1319 , afro1255",10, 1,cast1244,sana1295,no proxy,glottocodeBase,NA,sana1295,0,0.74877,glottocodeTLIproxy,glottocodeBase,stan1288,sana1295,0.81662,0.02006,GBI NOT available,TLI available,TLI only
Spanish_CastillaLeon,Yemen_Ad_Dali,"70%, 80%, 90%",indo1319,afro1255,"indo1319 ~ indo1319 , afro1255",10, 1,cast1244,sana1295,no proxy,glottocodeBase,NA,sana1295,0,0.74877,glottocodeTLIproxy,glottocodeBase,stan1288,sana1295,0.81662,0.02006,GBI NOT available,TLI available,TLI only
Spanish_CastillaLeon,Yemen_Al_Bayda,"70%, 80%, 90%",indo1319,afro1255,"indo1319 ~ indo1319 , afro1255",10, 1,cast1244,sana1295,no proxy,glottocodeBase,NA,sana1295,0,0.74877,glottocodeTLIproxy,glottocodeBase,stan1288,sana1295,0.81662,0.02006,GBI NOT available,TLI available,TLI only
Spanish_CastillaLeon,Yemen_Al_Jawf,"70%, 80%, 90%",indo1319,afro1255,"indo1319 ~ indo1319 , afro1255",10, 1,cast1244,sana1295,no proxy,glottocodeBase,NA,sana1295,0,0.74877,glottocodeTLIproxy,glottocodeBase,stan1288,sana1295,0.81662,0.02006,GBI NOT available,TLI available,TLI only
Spanish_CastillaLeon,Yemen_Dhamar,"70%, 80%, 90%",indo1319,afro1255,"indo1319 ~ indo1319 , afro1255",10, 1,cast1244,sana1295,no proxy,glottocodeBase,NA,sana1295,0,0.74877,glottocodeTLIproxy,glottocodeBase,stan1288,sana1295,0.81662,0.02006,GBI NOT available,TLI available,TLI only
Spanish_CastillaLeon,Yemen_Marib,"70%, 80%, 90%",indo1319,afro1255,"indo1319 ~ indo1319 , afro1255",10, 1,cast1244,sana1295,no proxy,glottocodeBase,NA,sana1295,0,0.74877,glottocodeTLIproxy,glottocodeBase,stan1288,sana1295,0.81662,0.02006,GBI NOT available,TLI available,TLI only
Spanish_Extremadura,Yemen_Ad_Dali,"70%, 80%, 90%",indo1319,afro1255,"indo1319 ~ indo1319 , afro1255",10, 1,extr1243,sana1295,no proxy,glottocodeBase,NA,sana1295,0,0.74877,glottocodeTLIproxy,glottocodeBase,stan1288,sana1295,0.81662,0.02006,GBI NOT available,TLI available,TLI only
Spanish_Extremadura,Yemen_Al_Bayda,"70%, 80%, 90%",indo1319,afro1255,"indo1319 ~ indo1319 , afro1255",10, 1,extr1243,sana1295,no proxy,glottocodeBase,NA,sana1295,0,0.74877,glottocodeTLIproxy,glottocodeBase,stan1288,sana1295,0.81662,0.02006,GBI NOT available,TLI available,TLI only
Spanish_Extremadura,Yemen_Al_Jawf,"70%, 80%, 90%",indo1319,afro1255,"indo1319 ~ indo1319 , afro1255",10, 1,extr1243,sana1295,no proxy,glottocodeBase,NA,sana1295,0,0.74877,glottocodeTLIproxy,glottocodeBase,stan1288,sana1295,0.81662,0.02006,GBI NOT available,TLI available,TLI only
Spanish_Extremadura,Yemen_Dhamar,"70%, 80%, 90%",indo1319,afro1255,"indo1319 ~ indo1319 , afro1255",10, 1,extr1243,sana1295,no proxy,glottocodeBase,NA,sana1295,0,0.74877,glottocodeTLIproxy,glottocodeBase,stan1288,sana1295,0.81662,0.02006,GBI NOT available,TLI available,TLI only
Spanish_Extremadura,Yemen_Marib,"70%, 80%, 90%",indo1319,afro1255,"indo1319 ~ indo1319 , afro1255",10, 1,extr1243,sana1295,no proxy,glottocodeBase,NA,sana1295,0,0.74877,glottocodeTLIproxy,glottocodeBase,stan1288,sana1295,0.81662,0.02006,GBI NOT available,TLI available,TLI only
Spanish_Valencia,BedouinB,"70%, 80%, 90%",indo1319,afro1255,"indo1319 ~ indo1319 , afro1255",10, 1,stan1289,east2690,glottocodeBase,glottocodeBase,stan1289,east2690,0.9064,0.63547,glottocodeBase,no proxy,stan1289,NA,0.32092,0.00000,GBI available,TLI NOT available,GBI only
Spanish_Valencia,Yemen_Ad_Dali,"70%, 80%, 90%",indo1319,afro1255,"indo1319 ~ indo1319 , afro1255",10, 1,stan1289,sana1295,glottocodeBase,glottocodeBase,stan1289,sana1295,0.9064,0.74877,glottocodeBase,glottocodeBase,stan1289,sana1295,0.32092,0.02006,GBI available,TLI available,both
Spanish_Valencia,Yemen_Al_Bayda,"70%, 80%, 90%",indo1319,afro1255,"indo1319 ~ indo1319 , afro1255",10, 1,stan1289,sana1295,glottocodeBase,glottocodeBase,stan1289,sana1295,0.9064,0.74877,glottocodeBase,glottocodeBase,stan1289,sana1295,0.32092,0.02006,GBI available,TLI available,both
Spanish_Valencia,Yemen_Al_Jawf,"70%, 80%, 90%",indo1319,afro1255,"indo1319 ~ indo1319 , afro1255",10, 1,stan1289,sana1295,glottocodeBase,glottocodeBase,stan1289,sana1295,0.9064,0.74877,glottocodeBase,glottocodeBase,stan1289,sana1295,0.32092,0.02006,GBI available,TLI available,both
Spanish_Valencia,Yemen_Dhamar,"70%, 80%, 90%",indo1319,afro1255,"indo1319 ~ indo1319 , afro1255",10, 1,stan1289,sana1295,glottocodeBase,glottocodeBase,stan1289,sana1295,0.9064,0.74877,glottocodeBase,glottocodeBase,stan1289,sana1295,0.32092,0.02006,GBI available,TLI available,both
Spanish_Valencia,Yemen_Marib,"70%, 80%, 90%",indo1319,afro1255,"indo1319 ~ indo1319 , afro1255",10, 1,stan1289,sana1295,glottocodeBase,glottocodeBase,stan1289,sana1295,0.9064,0.74877,glottocodeBase,glottocodeBase,stan1289,sana1295,0.32092,0.02006,GBI available,TLI available,both
Vanuatu_Nguna,Baining_Malasait,70%,aust1307,bain1263,"aust1307 ~ aust1307 , bain1263",10,10,ngun1274,bain1263,glottocodeGBIproxy,glottocodeGBIproxy,nort2836,qaqe1238,0.37438,0.26108,glottocodeTLIproxy,glottocodeTLIproxy,nort2836,qaqe1238,0.04871,0.14327,GBI available,TLI available,both
Vanuatu_Nguna,Baining_Marabu,70%,aust1307,bain1263,"aust1307 ~ aust1307 , bain1263",10,10,ngun1274,bain1263,glottocodeGBIproxy,glottocodeGBIproxy,nort2836,mali1284,0.37438,0.50739,glottocodeTLIproxy,glottocodeTLIproxy,nort2836,mali1284,0.04871,0.08309,GBI available,TLI available,both
Vanuatu_Nguna,Ata_Bili,70%,aust1307,pele1245,"aust1307 ~ aust1307 , pele1245",10, 8,ngun1274,pele1245,glottocodeGBIproxy,glottocodeBase,nort2836,pele1245,0.37438,0.23645,glottocodeTLIproxy,glottocodeBase,nort2836,pele1245,0.04871,0.00287,GBI available,TLI available,both
Vanuatu_Nguna,Ata_Luge,70%,aust1307,pele1245,"aust1307 ~ aust1307 , pele1245",10, 8,ngun1274,pele1245,glottocodeGBIproxy,glottocodeBase,nort2836,pele1245,0.37438,0.23645,glottocodeTLIproxy,glottocodeBase,nort2836,pele1245,0.04871,0.00287,GBI available,TLI available,both
Vanuatu_Nguna,Ata_Uassilau,70%,aust1307,pele1245,"aust1307 ~ aust1307 , pele1245",10, 8,ngun1274,pele1245,glottocodeGBIproxy,glottocodeBase,nort2836,pele1245,0.37438,0.23645,glottocodeTLIproxy,glottocodeBase,nort2836,pele1245,0.04871,0.00287,GBI available,TLI available,both
Vanuatu_Nguna,Nasioi,70%,aust1307,sout2948,"aust1307 ~ aust1307 , sout2948",10, 5,ngun1274,nasi1247,glottocodeGBIproxy,glottocodeGBIproxy,nort2836,naas1242,0.37438,0.28079,glottocodeTLIproxy,glottocodeTLIproxy,nort2836,naas1242,0.04871,0.21777,GBI available,TLI available,both
Vanuatu_Nguna,Vella_Lavella,70%,aust1307,bilu1245,"aust1307 ~ aust1307 , bilu1245",10, 5,ngun1274,bilu1245,glottocodeGBIproxy,glottocodeBase,nort2836,bilu1245,0.37438,0.47291,glottocodeTLIproxy,glottocodeBase,nort2836,bilu1245,0.04871,0.20057,GBI available,TLI available,both
Vanuatu_Pentecost_Baie,Baining_Malasait,70%,aust1307,bain1263,"aust1307 ~ aust1307 , bain1263",10,10,saaa1241,bain1263,glottocodeBase,glottocodeGBIproxy,saaa1241,qaqe1238,0.63054,0.26108,glottocodeBase,glottocodeTLIproxy,saaa1241,qaqe1238,0.0086,0.14327,GBI available,TLI available,both
Vanuatu_Pentecost_Baie,Baining_Marabu,70%,aust1307,bain1263,"aust1307 ~ aust1307 , bain1263",10,10,saaa1241,bain1263,glottocodeBase,glottocodeGBIproxy,saaa1241,mali1284,0.63054,0.50739,glottocodeBase,glottocodeTLIproxy,saaa1241,mali1284,0.0086,0.08309,GBI available,TLI available,both
Vanuatu_Pentecost_Baie,Nasioi,70%,aust1307,sout2948,"aust1307 ~ aust1307 , sout2948",10,10,saaa1241,nasi1247,glottocodeBase,glottocodeGBIproxy,saaa1241,naas1242,0.63054,0.28079,glottocodeBase,glottocodeTLIproxy,saaa1241,naas1242,0.0086,0.21777,GBI available,TLI available,both
Vanuatu_Pentecost_Baie,Ata_Bili,70%,aust1307,pele1245,"aust1307 ~ aust1307 , pele1245",10, 8,saaa1241,pele1245,glottocodeBase,glottocodeBase,saaa1241,pele1245,0.63054,0.23645,glottocodeBase,glottocodeBase,saaa1241,pele1245,0.0086,0.00287,GBI available,TLI available,both
Vanuatu_Pentecost_Baie,Ata_Luge,70%,aust1307,pele1245,"aust1307 ~ aust1307 , pele1245",10, 8,saaa1241,pele1245,glottocodeBase,glottocodeBase,saaa1241,pele1245,0.63054,0.23645,glottocodeBase,glottocodeBase,saaa1241,pele1245,0.0086,0.00287,GBI available,TLI available,both
Vanuatu_Pentecost_Baie,Ata_Uassilau,70%,aust1307,pele1245,"aust1307 ~ aust1307 , pele1245",10, 8,saaa1241,pele1245,glottocodeBase,glottocodeBase,saaa1241,pele1245,0.63054,0.23645,glottocodeBase,glottocodeBase,saaa1241,pele1245,0.0086,0.00287,GBI available,TLI available,both
Vanuatu_Pentecost_Baie,Vella_Lavella,70%,aust1307,bilu1245,"aust1307 ~ aust1307 , bilu1245",10, 8,saaa1241,bilu1245,glottocodeBase,glottocodeBase,saaa1241,bilu1245,0.63054,0.47291,glottocodeBase,glottocodeBase,saaa1241,bilu1245,0.0086,0.20057,GBI available,TLI available,both
Vanuatu_Pentecost_Bwatnapni,Baining_Malasait,70%,aust1307,bain1263,"aust1307 ~ aust1307 , bain1263",10,10,suru1259,bain1263,glottocodeGBIproxy,glottocodeGBIproxy,apma1240,qaqe1238,0.80296,0.26108,glottocodeTLIproxy,glottocodeTLIproxy,apma1240,qaqe1238,0.03725,0.14327,GBI available,TLI available,both
Vanuatu_Pentecost_Bwatnapni,Baining_Marabu,70%,aust1307,bain1263,"aust1307 ~ aust1307 , bain1263",10,10,suru1259,bain1263,glottocodeGBIproxy,glottocodeGBIproxy,apma1240,mali1284,0.80296,0.50739,glottocodeTLIproxy,glottocodeTLIproxy,apma1240,mali1284,0.03725,0.08309,GBI available,TLI available,both
Vanuatu_Pentecost_Bwatnapni,Nasioi,70%,aust1307,sout2948,"aust1307 ~ aust1307 , sout2948",10,10,suru1259,nasi1247,glottocodeGBIproxy,glottocodeGBIproxy,apma1240,naas1242,0.80296,0.28079,glottocodeTLIproxy,glottocodeTLIproxy,apma1240,naas1242,0.03725,0.21777,GBI available,TLI available,both
Vanuatu_Pentecost_Bwatnapni,Ata_Bili,70%,aust1307,pele1245,"aust1307 ~ aust1307 , pele1245",10, 8,suru1259,pele1245,glottocodeGBIproxy,glottocodeBase,apma1240,pele1245,0.80296,0.23645,glottocodeTLIproxy,glottocodeBase,apma1240,pele1245,0.03725,0.00287,GBI available,TLI available,both
Vanuatu_Pentecost_Bwatnapni,Ata_Luge,70%,aust1307,pele1245,"aust1307 ~ aust1307 , pele1245",10, 8,suru1259,pele1245,glottocodeGBIproxy,glottocodeBase,apma1240,pele1245,0.80296,0.23645,glottocodeTLIproxy,glottocodeBase,apma1240,pele1245,0.03725,0.00287,GBI available,TLI available,both
Vanuatu_Pentecost_Bwatnapni,Ata_Uassilau,70%,aust1307,pele1245,"aust1307 ~ aust1307 , pele1245",10, 8,suru1259,pele1245,glottocodeGBIproxy,glottocodeBase,apma1240,pele1245,0.80296,0.23645,glottocodeTLIproxy,glottocodeBase,apma1240,pele1245,0.03725,0.00287,GBI available,TLI available,both
Vanuatu_Pentecost_Bwatnapni,Vella_Lavella,70%,aust1307,bilu1245,"aust1307 ~ aust1307 , bilu1245",10, 8,suru1259,bilu1245,glottocodeGBIproxy,glottocodeBase,apma1240,bilu1245,0.80296,0.47291,glottocodeTLIproxy,glottocodeBase,apma1240,bilu1245,0.03725,0.20057,GBI available,TLI available,both
Vanuatu_Pentecost_Ranmawat,Baining_Malasait,70%,aust1307,bain1263,"aust1307 ~ aust1307 , bain1263",10,10,sowa1244,bain1263,no proxy,glottocodeGBIproxy,NA,qaqe1238,0,0.26108,glottocodeBase,glottocodeTLIproxy,sowa1244,qaqe1238,0.00573,0.14327,GBI NOT available,TLI available,TLI only
Vanuatu_Pentecost_Ranmawat,Baining_Marabu,70%,aust1307,bain1263,"aust1307 ~ aust1307 , bain1263",10,10,sowa1244,bain1263,no proxy,glottocodeGBIproxy,NA,mali1284,0,0.50739,glottocodeBase,glottocodeTLIproxy,sowa1244,mali1284,0.00573,0.08309,GBI NOT available,TLI available,TLI only
Vanuatu_Pentecost_Ranmawat,Nasioi,70%,aust1307,sout2948,"aust1307 ~ aust1307 , sout2948",10,10,sowa1244,nasi1247,no proxy,glottocodeGBIproxy,NA,naas1242,0,0.28079,glottocodeBase,glottocodeTLIproxy,sowa1244,naas1242,0.00573,0.21777,GBI NOT available,TLI available,TLI only
Vanuatu_Pentecost_Ranmawat,Ata_Bili,70%,aust1307,pele1245,"aust1307 ~ aust1307 , pele1245",10, 8,sowa1244,pele1245,no proxy,glottocodeBase,NA,pele1245,0,0.23645,glottocodeBase,glottocodeBase,sowa1244,pele1245,0.00573,0.00287,GBI NOT available,TLI available,TLI only
Vanuatu_Pentecost_Ranmawat,Ata_Luge,70%,aust1307,pele1245,"aust1307 ~ aust1307 , pele1245",10, 8,sowa1244,pele1245,no proxy,glottocodeBase,NA,pele1245,0,0.23645,glottocodeBase,glottocodeBase,sowa1244,pele1245,0.00573,0.00287,GBI NOT available,TLI available,TLI only
Vanuatu_Pentecost_Ranmawat,Ata_Uassilau,70%,aust1307,pele1245,"aust1307 ~ aust1307 , pele1245",10, 8,sowa1244,pele1245,no proxy,glottocodeBase,NA,pele1245,0,0.23645,glottocodeBase,glottocodeBase,sowa1244,pele1245,0.00573,0.00287,GBI NOT available,TLI available,TLI only
Vanuatu_Pentecost_Ranmawat,Vella_Lavella,70%,aust1307,bilu1245,"aust1307 ~ aust1307 , bilu1245",10, 8,sowa1244,bilu1245,no proxy,glottocodeBase,NA,bilu1245,0,0.47291,glottocodeBase,glottocodeBase,sowa1244,bilu1245,0.00573,0.20057,GBI NOT available,TLI available,TLI only
Vanuatu_Santo_Morou,Baining_Malasait,70%,aust1307,bain1263,"aust1307 ~ aust1307 , bain1263",10,10,moro1286,bain1263,no proxy,glottocodeGBIproxy,NA,qaqe1238,0,0.26108,glottocodeBase,glottocodeTLIproxy,moro1286,qaqe1238,0.01146,0.14327,GBI NOT available,TLI available,TLI only
Vanuatu_Santo_Morou,Baining_Marabu,70%,aust1307,bain1263,"aust1307 ~ aust1307 , bain1263",10,10,moro1286,bain1263,no proxy,glottocodeGBIproxy,NA,mali1284,0,0.50739,glottocodeBase,glottocodeTLIproxy,moro1286,mali1284,0.01146,0.08309,GBI NOT available,TLI available,TLI only
Vanuatu_Santo_Morou,Ata_Bili,70%,aust1307,pele1245,"aust1307 ~ aust1307 , pele1245",10, 8,moro1286,pele1245,no proxy,glottocodeBase,NA,pele1245,0,0.23645,glottocodeBase,glottocodeBase,moro1286,pele1245,0.01146,0.00287,GBI NOT available,TLI available,TLI only
Vanuatu_Santo_Morou,Ata_Luge,70%,aust1307,pele1245,"aust1307 ~ aust1307 , pele1245",10, 8,moro1286,pele1245,no proxy,glottocodeBase,NA,pele1245,0,0.23645,glottocodeBase,glottocodeBase,moro1286,pele1245,0.01146,0.00287,GBI NOT available,TLI available,TLI only
Vanuatu_Santo_Morou,Ata_Uassilau,70%,aust1307,pele1245,"aust1307 ~ aust1307 , pele1245",10, 8,moro1286,pele1245,no proxy,glottocodeBase,NA,pele1245,0,0.23645,glottocodeBase,glottocodeBase,moro1286,pele1245,0.01146,0.00287,GBI NOT available,TLI available,TLI only
Vanuatu_Santo_Morou,Nasioi,70%,aust1307,sout2948,"aust1307 ~ aust1307 , sout2948",10, 7,moro1286,nasi1247,no proxy,glottocodeGBIproxy,NA,naas1242,0,0.28079,glottocodeBase,glottocodeTLIproxy,moro1286,naas1242,0.01146,0.21777,GBI NOT available,TLI available,TLI only
Vanuatu_Santo_Morou,Vella_Lavella,70%,aust1307,bilu1245,"aust1307 ~ aust1307 , bilu1245",10, 7,moro1286,bilu1245,no proxy,glottocodeBase,NA,bilu1245,0,0.47291,glottocodeBase,glottocodeBase,moro1286,bilu1245,0.01146,0.20057,GBI NOT available,TLI available,TLI only
Vanuatu_Tanna,Baining_Malasait,70%,aust1307,bain1263,"aust1307 ~ aust1307 , bain1263",10,10,tann1242,bain1263,glottocodeGBIproxy,glottocodeGBIproxy,lena1238,qaqe1238,0.84729,0.26108,glottocodeTLIproxy,glottocodeTLIproxy,lena1238,qaqe1238,0.27221,0.14327,GBI available,TLI available,both
Vanuatu_Tanna,Baining_Marabu,70%,aust1307,bain1263,"aust1307 ~ aust1307 , bain1263",10,10,tann1242,bain1263,glottocodeGBIproxy,glottocodeGBIproxy,lena1238,mali1284,0.84729,0.50739,glottocodeTLIproxy,glottocodeTLIproxy,lena1238,mali1284,0.27221,0.08309,GBI available,TLI available,both
Vanuatu_Tongoa,Baining_Malasait,70%,aust1307,bain1263,"aust1307 ~ aust1307 , bain1263",10,10,tong1323,bain1263,glottocodeGBIproxy,glottocodeGBIproxy,nama1268,qaqe1238,0.51232,0.26108,glottocodeTLIproxy,glottocodeTLIproxy,nama1268,qaqe1238,0.00573,0.14327,GBI available,TLI available,both
Vanuatu_Tongoa,Baining_Marabu,70%,aust1307,bain1263,"aust1307 ~ aust1307 , bain1263",10,10,tong1323,bain1263,glottocodeGBIproxy,glottocodeGBIproxy,nama1268,mali1284,0.51232,0.50739,glottocodeTLIproxy,glottocodeTLIproxy,nama1268,mali1284,0.00573,0.08309,GBI available,TLI available,both
Vanuatu_Tongoa,Ata_Bili,70%,aust1307,pele1245,"aust1307 ~ aust1307 , pele1245",10, 8,tong1323,pele1245,glottocodeGBIproxy,glottocodeBase,nama1268,pele1245,0.51232,0.23645,glottocodeTLIproxy,glottocodeBase,nama1268,pele1245,0.00573,0.00287,GBI available,TLI available,both
Vanuatu_Tongoa,Ata_Luge,70%,aust1307,pele1245,"aust1307 ~ aust1307 , pele1245",10, 8,tong1323,pele1245,glottocodeGBIproxy,glottocodeBase,nama1268,pele1245,0.51232,0.23645,glottocodeTLIproxy,glottocodeBase,nama1268,pele1245,0.00573,0.00287,GBI available,TLI available,both
Vanuatu_Tongoa,Ata_Uassilau,70%,aust1307,pele1245,"aust1307 ~ aust1307 , pele1245",10, 8,tong1323,pele1245,glottocodeGBIproxy,glottocodeBase,nama1268,pele1245,0.51232,0.23645,glottocodeTLIproxy,glottocodeBase,nama1268,pele1245,0.00573,0.00287,GBI available,TLI available,both
Vanuatu_Tongoa,Nasioi,70%,aust1307,sout2948,"aust1307 ~ aust1307 , sout2948",10, 8,tong1323,nasi1247,glottocodeGBIproxy,glottocodeGBIproxy,nama1268,naas1242,0.51232,0.28079,glottocodeTLIproxy,glottocodeTLIproxy,nama1268,naas1242,0.00573,0.21777,GBI available,TLI available,both
Vanuatu_Tongoa,Vella_Lavella,70%,aust1307,bilu1245,"aust1307 ~ aust1307 , bilu1245",10, 8,tong1323,bilu1245,glottocodeGBIproxy,glottocodeBase,nama1268,bilu1245,0.51232,0.47291,glottocodeTLIproxy,glottocodeBase,nama1268,bilu1245,0.00573,0.20057,GBI available,TLI available,both
Albanian,BedouinB,"70%, 80%",indo1319,afro1255,"indo1319 ~ indo1319 , afro1255",9, 1,alba1267,east2690,glottocodeGBIproxy,glottocodeBase,gheg1238,east2690,0.89655,0.63547,glottocodeTLIproxy,no proxy,tosk1239,NA,0.30659,0.00000,GBI available,TLI NOT available,GBI only
Albanian,Yemen_Ad_Dali,"70%, 80%",indo1319,afro1255,"indo1319 ~ indo1319 , afro1255",9, 1,alba1267,sana1295,glottocodeGBIproxy,glottocodeBase,gheg1238,sana1295,0.89655,0.74877,glottocodeTLIproxy,glottocodeBase,tosk1239,sana1295,0.30659,0.02006,GBI available,TLI available,both
Albanian,Yemen_Al_Bayda,"70%, 80%",indo1319,afro1255,"indo1319 ~ indo1319 , afro1255",9, 1,alba1267,sana1295,glottocodeGBIproxy,glottocodeBase,gheg1238,sana1295,0.89655,0.74877,glottocodeTLIproxy,glottocodeBase,tosk1239,sana1295,0.30659,0.02006,GBI available,TLI available,both
Albanian,Yemen_Al_Jawf,"70%, 80%",indo1319,afro1255,"indo1319 ~ indo1319 , afro1255",9, 1,alba1267,sana1295,glottocodeGBIproxy,glottocodeBase,gheg1238,sana1295,0.89655,0.74877,glottocodeTLIproxy,glottocodeBase,tosk1239,sana1295,0.30659,0.02006,GBI available,TLI available,both
Albanian,Yemen_Dhamar,"70%, 80%",indo1319,afro1255,"indo1319 ~ indo1319 , afro1255",9, 1,alba1267,sana1295,glottocodeGBIproxy,glottocodeBase,gheg1238,sana1295,0.89655,0.74877,glottocodeTLIproxy,glottocodeBase,tosk1239,sana1295,0.30659,0.02006,GBI available,TLI available,both
Albanian,Yemen_Marib,"70%, 80%",indo1319,afro1255,"indo1319 ~ indo1319 , afro1255",9, 1,alba1267,sana1295,glottocodeGBIproxy,glottocodeBase,gheg1238,sana1295,0.89655,0.74877,glottocodeTLIproxy,glottocodeBase,tosk1239,sana1295,0.30659,0.02006,GBI available,TLI available,both
Ashkenazi_Jew,Yemen_Ad_Dali,70%,indo1319,afro1255,"indo1319 ~ indo1319 , afro1255",9, 1,east2295,sana1295,no proxy,glottocodeBase,NA,sana1295,0,0.74877,glottocodeBase,glottocodeBase,east2295,sana1295,0.12321,0.02006,GBI NOT available,TLI available,TLI only
Ashkenazi_Jew,Yemen_Al_Bayda,70%,indo1319,afro1255,"indo1319 ~ indo1319 , afro1255",9, 1,east2295,sana1295,no proxy,glottocodeBase,NA,sana1295,0,0.74877,glottocodeBase,glottocodeBase,east2295,sana1295,0.12321,0.02006,GBI NOT available,TLI available,TLI only
Ashkenazi_Jew,Yemen_Al_Jawf,70%,indo1319,afro1255,"indo1319 ~ indo1319 , afro1255",9, 1,east2295,sana1295,no proxy,glottocodeBase,NA,sana1295,0,0.74877,glottocodeBase,glottocodeBase,east2295,sana1295,0.12321,0.02006,GBI NOT available,TLI available,TLI only
Ashkenazi_Jew,Yemen_Dhamar,70%,indo1319,afro1255,"indo1319 ~ indo1319 , afro1255",9, 1,east2295,sana1295,no proxy,glottocodeBase,NA,sana1295,0,0.74877,glottocodeBase,glottocodeBase,east2295,sana1295,0.12321,0.02006,GBI NOT available,TLI available,TLI only
Ashkenazi_Jew,Yemen_Marib,70%,indo1319,afro1255,"indo1319 ~ indo1319 , afro1255",9, 1,east2295,sana1295,no proxy,glottocodeBase,NA,sana1295,0,0.74877,glottocodeBase,glottocodeBase,east2295,sana1295,0.12321,0.02006,GBI NOT available,TLI available,TLI only
Canary_Islander,Yemen_Ad_Dali,"70%, 80%, 90%",indo1319,afro1255,"indo1319 ~ indo1319 , afro1255",9, 1,cana1258,sana1295,no proxy,glottocodeBase,NA,sana1295,0,0.74877,glottocodeTLIproxy,glottocodeBase,stan1288,sana1295,0.81662,0.02006,GBI NOT available,TLI available,TLI only
Canary_Islander,Yemen_Al_Bayda,"70%, 80%, 90%",indo1319,afro1255,"indo1319 ~ indo1319 , afro1255",9, 1,cana1258,sana1295,no proxy,glottocodeBase,NA,sana1295,0,0.74877,glottocodeTLIproxy,glottocodeBase,stan1288,sana1295,0.81662,0.02006,GBI NOT available,TLI available,TLI only
Canary_Islander,Yemen_Al_Jawf,"70%, 80%, 90%",indo1319,afro1255,"indo1319 ~ indo1319 , afro1255",9, 1,cana1258,sana1295,no proxy,glottocodeBase,NA,sana1295,0,0.74877,glottocodeTLIproxy,glottocodeBase,stan1288,sana1295,0.81662,0.02006,GBI NOT available,TLI available,TLI only
Canary_Islander,Yemen_Dhamar,"70%, 80%, 90%",indo1319,afro1255,"indo1319 ~ indo1319 , afro1255",9, 1,cana1258,sana1295,no proxy,glottocodeBase,NA,sana1295,0,0.74877,glottocodeTLIproxy,glottocodeBase,stan1288,sana1295,0.81662,0.02006,GBI NOT available,TLI available,TLI only
Canary_Islander,Yemen_Marib,"70%, 80%, 90%",indo1319,afro1255,"indo1319 ~ indo1319 , afro1255",9, 1,cana1258,sana1295,no proxy,glottocodeBase,NA,sana1295,0,0.74877,glottocodeTLIproxy,glottocodeBase,stan1288,sana1295,0.81662,0.02006,GBI NOT available,TLI available,TLI only
Greek_Thessaloniki,BedouinB,"70%, 80%",indo1319,afro1255,"indo1319 ~ indo1319 , afro1255",9, 1,gree1276,east2690,glottocodeGBIproxy,glottocodeBase,mode1248,east2690,0.9064,0.63547,glottocodeTLIproxy,no proxy,mode1248,NA,0.81662,0.00000,GBI available,TLI NOT available,GBI only
Greek_Thessaloniki,Yemen_Ad_Dali,"70%, 80%",indo1319,afro1255,"indo1319 ~ indo1319 , afro1255",9, 1,gree1276,sana1295,glottocodeGBIproxy,glottocodeBase,mode1248,sana1295,0.9064,0.74877,glottocodeTLIproxy,glottocodeBase,mode1248,sana1295,0.81662,0.02006,GBI available,TLI available,both
Greek_Thessaloniki,Yemen_Al_Bayda,"70%, 80%",indo1319,afro1255,"indo1319 ~ indo1319 , afro1255",9, 1,gree1276,sana1295,glottocodeGBIproxy,glottocodeBase,mode1248,sana1295,0.9064,0.74877,glottocodeTLIproxy,glottocodeBase,mode1248,sana1295,0.81662,0.02006,GBI available,TLI available,both
Greek_Thessaloniki,Yemen_Al_Jawf,"70%, 80%",indo1319,afro1255,"indo1319 ~ indo1319 , afro1255",9, 1,gree1276,sana1295,glottocodeGBIproxy,glottocodeBase,mode1248,sana1295,0.9064,0.74877,glottocodeTLIproxy,glottocodeBase,mode1248,sana1295,0.81662,0.02006,GBI available,TLI available,both
Greek_Thessaloniki,Yemen_Dhamar,"70%, 80%",indo1319,afro1255,"indo1319 ~ indo1319 , afro1255",9, 1,gree1276,sana1295,glottocodeGBIproxy,glottocodeBase,mode1248,sana1295,0.9064,0.74877,glottocodeTLIproxy,glottocodeBase,mode1248,sana1295,0.81662,0.02006,GBI available,TLI available,both
Greek_Thessaloniki,Yemen_Marib,"70%, 80%",indo1319,afro1255,"indo1319 ~ indo1319 , afro1255",9, 1,gree1276,sana1295,glottocodeGBIproxy,glottocodeBase,mode1248,sana1295,0.9064,0.74877,glottocodeTLIproxy,glottocodeBase,mode1248,sana1295,0.81662,0.02006,GBI available,TLI available,both
Karelian_Southern,Belarusian,"70%, 80%, 90%",ural1272,indo1319,"ural1272 ~ ural1272 , indo1319",9, 9,sout2676,bela1254,glottocodeGBIproxy,glottocodeBase,tver1240,bela1254,0.87192,0.87685,glottocodeTLIproxy,glottocodeBase,kare1335,bela1254,0.20917,0.14040,GBI available,TLI available,both
Karelian_Southern,French_West,"70%, 80%, 90%",ural1272,indo1319,"ural1272 ~ ural1272 , indo1319",9, 9,sout2676,stan1290,glottocodeGBIproxy,glottocodeBase,tver1240,stan1290,0.87192,0.89655,glottocodeTLIproxy,glottocodeBase,kare1335,stan1290,0.20917,0.80802,GBI available,TLI available,both
Karelian_Southern,German_Lipsian,"70%, 80%, 90%",ural1272,indo1319,"ural1272 ~ ural1272 , indo1319",9, 9,sout2676,stan1295,glottocodeGBIproxy,no proxy,tver1240,NA,0.87192,0.00000,glottocodeTLIproxy,glottocodeBase,kare1335,stan1295,0.20917,0.79370,GBI NOT available,TLI available,TLI only
Karelian_Southern,German_Sorb,"70%, 80%, 90%",ural1272,indo1319,"ural1272 ~ ural1272 , indo1319",9, 9,sout2676,sorb1249,glottocodeGBIproxy,no proxy,tver1240,NA,0.87192,0.00000,glottocodeTLIproxy,glottocodeTLIproxy,kare1335,uppe1395,0.20917,0.28367,GBI NOT available,TLI available,TLI only
Karelian_Southern,Icelandic,"70%, 80%, 90%",ural1272,indo1319,"ural1272 ~ ural1272 , indo1319",9, 9,sout2676,icel1247,glottocodeGBIproxy,glottocodeBase,tver1240,icel1247,0.87192,0.86700,glottocodeTLIproxy,glottocodeBase,kare1335,icel1247,0.20917,0.59599,GBI available,TLI available,both
Karelian_Southern,Irish_Connacht,"70%, 80%, 90%",ural1272,indo1319,"ural1272 ~ ural1272 , indo1319",9, 9,sout2676,conn1243,glottocodeGBIproxy,glottocodeGBIproxy,tver1240,iris1253,0.87192,0.92118,glottocodeTLIproxy,glottocodeTLIproxy,kare1335,iris1253,0.20917,0.54441,GBI available,TLI available,both
Karelian_Southern,Irish_Cork_Kerry,"70%, 80%, 90%",ural1272,indo1319,"ural1272 ~ ural1272 , indo1319",9, 9,sout2676,iris1253,glottocodeGBIproxy,glottocodeBase,tver1240,iris1253,0.87192,0.92118,glottocodeTLIproxy,glottocodeBase,kare1335,iris1253,0.20917,0.54441,GBI available,TLI available,both
Karelian_Southern,Irish_Leinster,"70%, 80%, 90%",ural1272,indo1319,"ural1272 ~ ural1272 , indo1319",9, 9,sout2676,iris1253,glottocodeGBIproxy,glottocodeBase,tver1240,iris1253,0.87192,0.92118,glottocodeTLIproxy,glottocodeBase,kare1335,iris1253,0.20917,0.54441,GBI available,TLI available,both
Karelian_Southern,Irish_Munster,"70%, 80%, 90%",ural1272,indo1319,"ural1272 ~ ural1272 , indo1319",9, 9,sout2676,muns1250,glottocodeGBIproxy,glottocodeGBIproxy,tver1240,iris1253,0.87192,0.92118,glottocodeTLIproxy,glottocodeTLIproxy,kare1335,iris1253,0.20917,0.54441,GBI available,TLI available,both
Karelian_Southern,Irish_Ulster,"70%, 80%, 90%",ural1272,indo1319,"ural1272 ~ ural1272 , indo1319",9, 9,sout2676,done1238,glottocodeGBIproxy,glottocodeGBIproxy,tver1240,iris1253,0.87192,0.92118,glottocodeTLIproxy,glottocodeTLIproxy,kare1335,iris1253,0.20917,0.54441,GBI available,TLI available,both
Karelian_Southern,Lithuanian,"70%, 80%, 90%",ural1272,indo1319,"ural1272 ~ ural1272 , indo1319",9, 9,sout2676,lith1251,glottocodeGBIproxy,glottocodeBase,tver1240,lith1251,0.87192,0.86700,glottocodeTLIproxy,glottocodeBase,kare1335,lith1251,0.20917,0.53868,GBI available,TLI available,both
Karelian_Southern,Norwegian,"70%, 80%, 90%",ural1272,indo1319,"ural1272 ~ ural1272 , indo1319",9, 9,sout2676,norw1258,glottocodeGBIproxy,no proxy,tver1240,NA,0.87192,0.00000,glottocodeTLIproxy,glottocodeBase,kare1335,norw1258,0.20917,0.34670,GBI NOT available,TLI available,TLI only
Karelian_Southern,Orcadian,"70%, 80%, 90%",ural1272,indo1319,"ural1272 ~ ural1272 , indo1319",9, 9,sout2676,scot1243,glottocodeGBIproxy,no proxy,tver1240,NA,0.87192,0.00000,glottocodeTLIproxy,glottocodeBase,kare1335,scot1243,0.20917,0.10315,GBI NOT available,TLI available,TLI only
Karelian_Southern,Polish_Lublin,"70%, 80%, 90%",ural1272,indo1319,"ural1272 ~ ural1272 , indo1319",9, 9,sout2676,poli1260,glottocodeGBIproxy,glottocodeBase,tver1240,poli1260,0.87192,0.93596,glottocodeTLIproxy,glottocodeBase,kare1335,poli1260,0.20917,0.56447,GBI available,TLI available,both
Karelian_Southern,Polish_Poznan,"70%, 80%, 90%",ural1272,indo1319,"ural1272 ~ ural1272 , indo1319",9, 9,sout2676,poli1260,glottocodeGBIproxy,glottocodeBase,tver1240,poli1260,0.87192,0.93596,glottocodeTLIproxy,glottocodeBase,kare1335,poli1260,0.20917,0.56447,GBI available,TLI available,both
Karelian_Southern,Russian,"70%, 80%, 90%",ural1272,indo1319,"ural1272 ~ ural1272 , indo1319",9, 9,sout2676,russ1263,glottocodeGBIproxy,glottocodeBase,tver1240,russ1263,0.87192,0.92118,glottocodeTLIproxy,glottocodeBase,kare1335,russ1263,0.20917,0.85387,GBI available,TLI available,both
Karelian_Southern,Russian_Archangelsk_Krasnoborsky,"70%, 80%, 90%",ural1272,indo1319,"ural1272 ~ ural1272 , indo1319",9, 9,sout2676,russ1263,glottocodeGBIproxy,glottocodeBase,tver1240,russ1263,0.87192,0.92118,glottocodeTLIproxy,glottocodeBase,kare1335,russ1263,0.20917,0.85387,GBI available,TLI available,both
Karelian_Southern,Russian_Archangelsk_Pinezhsky,"70%, 80%, 90%",ural1272,indo1319,"ural1272 ~ ural1272 , indo1319",9, 9,sout2676,russ1263,glottocodeGBIproxy,glottocodeBase,tver1240,russ1263,0.87192,0.92118,glottocodeTLIproxy,glottocodeBase,kare1335,russ1263,0.20917,0.85387,GBI available,TLI available,both
Karelian_Southern,Russian_Belgorod,"70%, 80%, 90%",ural1272,indo1319,"ural1272 ~ ural1272 , indo1319",9, 9,sout2676,russ1263,glottocodeGBIproxy,glottocodeBase,tver1240,russ1263,0.87192,0.92118,glottocodeTLIproxy,glottocodeBase,kare1335,russ1263,0.20917,0.85387,GBI available,TLI available,both
Karelian_Southern,Russian_Kaluga,"70%, 80%, 90%",ural1272,indo1319,"ural1272 ~ ural1272 , indo1319",9, 9,sout2676,russ1263,glottocodeGBIproxy,glottocodeBase,tver1240,russ1263,0.87192,0.92118,glottocodeTLIproxy,glottocodeBase,kare1335,russ1263,0.20917,0.85387,GBI available,TLI available,both
Karelian_Southern,Russian_Kursk,"70%, 80%, 90%",ural1272,indo1319,"ural1272 ~ ural1272 , indo1319",9, 9,sout2676,russ1263,glottocodeGBIproxy,glottocodeBase,tver1240,russ1263,0.87192,0.92118,glottocodeTLIproxy,glottocodeBase,kare1335,russ1263,0.20917,0.85387,GBI available,TLI available,both
Karelian_Southern,Russian_Oryol,"70%, 80%, 90%",ural1272,indo1319,"ural1272 ~ ural1272 , indo1319",9, 9,sout2676,russ1263,glottocodeGBIproxy,glottocodeBase,tver1240,russ1263,0.87192,0.92118,glottocodeTLIproxy,glottocodeBase,kare1335,russ1263,0.20917,0.85387,GBI available,TLI available,both
Karelian_Southern,Russian_Pskov_Ostrov,"70%, 80%, 90%",ural1272,indo1319,"ural1272 ~ ural1272 , indo1319",9, 9,sout2676,russ1263,glottocodeGBIproxy,glottocodeBase,tver1240,russ1263,0.87192,0.92118,glottocodeTLIproxy,glottocodeBase,kare1335,russ1263,0.20917,0.85387,GBI available,TLI available,both
Karelian_Southern,Russian_Pskov_Porkhov,"70%, 80%, 90%",ural1272,indo1319,"ural1272 ~ ural1272 , indo1319",9, 9,sout2676,russ1263,glottocodeGBIproxy,glottocodeBase,tver1240,russ1263,0.87192,0.92118,glottocodeTLIproxy,glottocodeBase,kare1335,russ1263,0.20917,0.85387,GBI available,TLI available,both
Karelian_Southern,Russian_Ryazan_Mihailovsky,"70%, 80%, 90%",ural1272,indo1319,"ural1272 ~ ural1272 , indo1319",9, 9,sout2676,russ1263,glottocodeGBIproxy,glottocodeBase,tver1240,russ1263,0.87192,0.92118,glottocodeTLIproxy,glottocodeBase,kare1335,russ1263,0.20917,0.85387,GBI available,TLI available,both
Karelian_Southern,Russian_Ryazan_Spassk_Ryazansky,"70%, 80%, 90%",ural1272,indo1319,"ural1272 ~ ural1272 , indo1319",9, 9,sout2676,russ1263,glottocodeGBIproxy,glottocodeBase,tver1240,russ1263,0.87192,0.92118,glottocodeTLIproxy,glottocodeBase,kare1335,russ1263,0.20917,0.85387,GBI available,TLI available,both
Karelian_Southern,Russian_Smolensk,"70%, 80%, 90%",ural1272,indo1319,"ural1272 ~ ural1272 , indo1319",9, 9,sout2676,russ1263,glottocodeGBIproxy,glottocodeBase,tver1240,russ1263,0.87192,0.92118,glottocodeTLIproxy,glottocodeBase,kare1335,russ1263,0.20917,0.85387,GBI available,TLI available,both
Karelian_Southern,Russian_Tver,"70%, 80%, 90%",ural1272,indo1319,"ural1272 ~ ural1272 , indo1319",9, 9,sout2676,russ1263,glottocodeGBIproxy,glottocodeBase,tver1240,russ1263,0.87192,0.92118,glottocodeTLIproxy,glottocodeBase,kare1335,russ1263,0.20917,0.85387,GBI available,TLI available,both
Karelian_Southern,Russian_Yaroslavl,"70%, 80%, 90%",ural1272,indo1319,"ural1272 ~ ural1272 , indo1319",9, 9,sout2676,russ1263,glottocodeGBIproxy,glottocodeBase,tver1240,russ1263,0.87192,0.92118,glottocodeTLIproxy,glottocodeBase,kare1335,russ1263,0.20917,0.85387,GBI available,TLI available,both
Karelian_Southern,Scottish,"70%, 80%, 90%",ural1272,indo1319,"ural1272 ~ ural1272 , indo1319",9, 9,sout2676,scot1245,glottocodeGBIproxy,no proxy,tver1240,NA,0.87192,0.00000,glottocodeTLIproxy,glottocodeBase,kare1335,scot1245,0.20917,0.26934,GBI NOT available,TLI available,TLI only
Karelian_Southern,Scottish_Dumfries_Galloway,"70%, 80%, 90%",ural1272,indo1319,"ural1272 ~ ural1272 , indo1319",9, 9,sout2676,scot1245,glottocodeGBIproxy,no proxy,tver1240,NA,0.87192,0.00000,glottocodeTLIproxy,glottocodeBase,kare1335,scot1245,0.20917,0.26934,GBI NOT available,TLI available,TLI only
Karelian_Southern,Scottish_Fife,"70%, 80%, 90%",ural1272,indo1319,"ural1272 ~ ural1272 , indo1319",9, 9,sout2676,scot1245,glottocodeGBIproxy,no proxy,tver1240,NA,0.87192,0.00000,glottocodeTLIproxy,glottocodeBase,kare1335,scot1245,0.20917,0.26934,GBI NOT available,TLI available,TLI only
Karelian_Southern,Scottish_Grampian,"70%, 80%, 90%",ural1272,indo1319,"ural1272 ~ ural1272 , indo1319",9, 9,sout2676,scot1245,glottocodeGBIproxy,no proxy,tver1240,NA,0.87192,0.00000,glottocodeTLIproxy,glottocodeBase,kare1335,scot1245,0.20917,0.26934,GBI NOT available,TLI available,TLI only
Karelian_Southern,Scottish_Highlands,"70%, 80%, 90%",ural1272,indo1319,"ural1272 ~ ural1272 , indo1319",9, 9,sout2676,scot1245,glottocodeGBIproxy,no proxy,tver1240,NA,0.87192,0.00000,glottocodeTLIproxy,glottocodeBase,kare1335,scot1245,0.20917,0.26934,GBI NOT available,TLI available,TLI only
Karelian_Southern,Scottish_Shetlandic,"70%, 80%, 90%",ural1272,indo1319,"ural1272 ~ ural1272 , indo1319",9, 9,sout2676,scot1245,glottocodeGBIproxy,no proxy,tver1240,NA,0.87192,0.00000,glottocodeTLIproxy,glottocodeBase,kare1335,scot1245,0.20917,0.26934,GBI NOT available,TLI available,TLI only
Karelian_Southern,Ukrainian_East,"70%, 80%, 90%",ural1272,indo1319,"ural1272 ~ ural1272 , indo1319",9, 9,sout2676,ukra1253,glottocodeGBIproxy,glottocodeBase,tver1240,ukra1253,0.87192,0.78325,glottocodeTLIproxy,glottocodeBase,kare1335,ukra1253,0.20917,0.32665,GBI available,TLI available,both
Karelian_Southern,Ukrainian_Rovenskaya,"70%, 80%, 90%",ural1272,indo1319,"ural1272 ~ ural1272 , indo1319",9, 9,sout2676,ukra1253,glottocodeGBIproxy,glottocodeBase,tver1240,ukra1253,0.87192,0.78325,glottocodeTLIproxy,glottocodeBase,kare1335,ukra1253,0.20917,0.32665,GBI available,TLI available,both
Karelian_Southern,Ukrainian_Sumskaya,"70%, 80%, 90%",ural1272,indo1319,"ural1272 ~ ural1272 , indo1319",9, 9,sout2676,ukra1253,glottocodeGBIproxy,glottocodeBase,tver1240,ukra1253,0.87192,0.78325,glottocodeTLIproxy,glottocodeBase,kare1335,ukra1253,0.20917,0.32665,GBI available,TLI available,both
Karelian_Southern,Ukrainian_Zhitomirskaya,"70%, 80%, 90%",ural1272,indo1319,"ural1272 ~ ural1272 , indo1319",9, 9,sout2676,ukra1253,glottocodeGBIproxy,glottocodeBase,tver1240,ukra1253,0.87192,0.78325,glottocodeTLIproxy,glottocodeBase,kare1335,ukra1253,0.20917,0.32665,GBI available,TLI available,both
Karelian_Southern,Scottish_Borders,"70%, 80%, 90%",ural1272,indo1319,"ural1272 ~ ural1272 , indo1319",9, 8,sout2676,scot1245,glottocodeGBIproxy,no proxy,tver1240,NA,0.87192,0.00000,glottocodeTLIproxy,glottocodeBase,kare1335,scot1245,0.20917,0.26934,GBI NOT available,TLI available,TLI only
Karelian_Southern,Czech,"70%, 80%, 90%",ural1272,indo1319,"ural1272 ~ ural1272 , indo1319",9, 6,sout2676,czec1258,glottocodeGBIproxy,glottocodeBase,tver1240,czec1258,0.87192,0.86700,glottocodeTLIproxy,glottocodeBase,kare1335,czec1258,0.20917,0.32951,GBI available,TLI available,both
Karelian_Southern,English_Kent,"70%, 80%, 90%",ural1272,indo1319,"ural1272 ~ ural1272 , indo1319",9, 5,sout2676,stan1293,glottocodeGBIproxy,glottocodeBase,tver1240,stan1293,0.87192,0.85222,glottocodeTLIproxy,glottocodeBase,kare1335,stan1293,0.20917,0.82521,GBI available,TLI available,both
Karelian_Southern,English_Cornwall,"70%, 80%, 90%",ural1272,indo1319,"ural1272 ~ ural1272 , indo1319",9, 1,sout2676,stan1293,glottocodeGBIproxy,glottocodeBase,tver1240,stan1293,0.87192,0.85222,glottocodeTLIproxy,glottocodeBase,kare1335,stan1293,0.20917,0.82521,GBI available,TLI available,both
Karelian_Southern,Russian_Archangelsk_Leshukonsky,"70%, 80%, 90%",ural1272,indo1319,"ural1272 ~ ural1272 , indo1319",9, 1,sout2676,russ1263,glottocodeGBIproxy,glottocodeBase,tver1240,russ1263,0.87192,0.92118,glottocodeTLIproxy,glottocodeBase,kare1335,russ1263,0.20917,0.85387,GBI available,TLI available,both
Karelian_Southern,Ukrainian_West,"70%, 80%, 90%",ural1272,indo1319,"ural1272 ~ ural1272 , indo1319",9, 1,sout2676,ukra1253,glottocodeGBIproxy,glottocodeBase,tver1240,ukra1253,0.87192,0.78325,glottocodeTLIproxy,glottocodeBase,kare1335,ukra1253,0.20917,0.32665,GBI available,TLI available,both
Nasioi,Baining_Malasait,"70%, 80%, 90%",sout2948,bain1263,"sout2948 ~ sout2948 , bain1263",9, 9,nasi1247,bain1263,glottocodeGBIproxy,glottocodeGBIproxy,naas1242,qaqe1238,0.28079,0.26108,glottocodeTLIproxy,glottocodeTLIproxy,naas1242,qaqe1238,0.21777,0.14327,GBI available,TLI available,both
Nasioi,Baining_Marabu,"70%, 80%, 90%",sout2948,bain1263,"sout2948 ~ sout2948 , bain1263",9, 9,nasi1247,bain1263,glottocodeGBIproxy,glottocodeGBIproxy,naas1242,mali1284,0.28079,0.50739,glottocodeTLIproxy,glottocodeTLIproxy,naas1242,mali1284,0.21777,0.08309,GBI available,TLI available,both
Nasioi,Ata_Bili,"70%, 80%, 90%",sout2948,pele1245,"sout2948 ~ sout2948 , pele1245",9, 4,nasi1247,pele1245,glottocodeGBIproxy,glottocodeBase,naas1242,pele1245,0.28079,0.23645,glottocodeTLIproxy,glottocodeBase,naas1242,pele1245,0.21777,0.00287,GBI available,TLI available,both
Nasioi,Ata_Luge,"70%, 80%, 90%",sout2948,pele1245,"sout2948 ~ sout2948 , pele1245",9, 4,nasi1247,pele1245,glottocodeGBIproxy,glottocodeBase,naas1242,pele1245,0.28079,0.23645,glottocodeTLIproxy,glottocodeBase,naas1242,pele1245,0.21777,0.00287,GBI available,TLI available,both
Nasioi,Ata_Uassilau,"70%, 80%, 90%",sout2948,pele1245,"sout2948 ~ sout2948 , pele1245",9, 4,nasi1247,pele1245,glottocodeGBIproxy,glottocodeBase,naas1242,pele1245,0.28079,0.23645,glottocodeTLIproxy,glottocodeBase,naas1242,pele1245,0.21777,0.00287,GBI available,TLI available,both
Nasioi,Nakanai_Loso,"70%, 80%, 90%",sout2948,aust1307,"sout2948 ~ sout2948 , aust1307",9, 4,nasi1247,losa1236,glottocodeGBIproxy,glottocodeGBIproxy,naas1242,naka1262,0.28079,0.66995,glottocodeTLIproxy,glottocodeTLIproxy,naas1242,naka1262,0.21777,0.12321,GBI available,TLI available,both
Sardinian,BedouinB,"70%, 80%, 90%",indo1319,afro1255,"indo1319 ~ indo1319 , afro1255",9, 1,sard1257,east2690,glottocodeGBIproxy,glottocodeBase,camp1261,east2690,0.83251,0.63547,glottocodeTLIproxy,no proxy,camp1261,NA,0.22063,0.00000,GBI available,TLI NOT available,GBI only
Sardinian,Yemen_Ad_Dali,"70%, 80%, 90%",indo1319,afro1255,"indo1319 ~ indo1319 , afro1255",9, 1,sard1257,sana1295,glottocodeGBIproxy,glottocodeBase,camp1261,sana1295,0.83251,0.74877,glottocodeTLIproxy,glottocodeBase,camp1261,sana1295,0.22063,0.02006,GBI available,TLI available,both
Sardinian,Yemen_Al_Bayda,"70%, 80%, 90%",indo1319,afro1255,"indo1319 ~ indo1319 , afro1255",9, 1,sard1257,sana1295,glottocodeGBIproxy,glottocodeBase,camp1261,sana1295,0.83251,0.74877,glottocodeTLIproxy,glottocodeBase,camp1261,sana1295,0.22063,0.02006,GBI available,TLI available,both
Sardinian,Yemen_Al_Jawf,"70%, 80%, 90%",indo1319,afro1255,"indo1319 ~ indo1319 , afro1255",9, 1,sard1257,sana1295,glottocodeGBIproxy,glottocodeBase,camp1261,sana1295,0.83251,0.74877,glottocodeTLIproxy,glottocodeBase,camp1261,sana1295,0.22063,0.02006,GBI available,TLI available,both
Sardinian,Yemen_Dhamar,"70%, 80%, 90%",indo1319,afro1255,"indo1319 ~ indo1319 , afro1255",9, 1,sard1257,sana1295,glottocodeGBIproxy,glottocodeBase,camp1261,sana1295,0.83251,0.74877,glottocodeTLIproxy,glottocodeBase,camp1261,sana1295,0.22063,0.02006,GBI available,TLI available,both
Sardinian,Yemen_Marib,"70%, 80%, 90%",indo1319,afro1255,"indo1319 ~ indo1319 , afro1255",9, 1,sard1257,sana1295,glottocodeGBIproxy,glottocodeBase,camp1261,sana1295,0.83251,0.74877,glottocodeTLIproxy,glottocodeBase,camp1261,sana1295,0.22063,0.02006,GBI available,TLI available,both
Shor_Khakassia,Ket,70%,turk1311,yeni1252,"turk1311 ~ turk1311 , yeni1252",9, 4,shor1247,kett1243,glottocodeBase,glottocodeBase,shor1247,kett1243,0.76355,0.86700,glottocodeBase,glottocodeBase,shor1247,kett1243,0.02292,0.52436,GBI available,TLI available,both
Shor_Khakassia,Ket_Southeast,70%,turk1311,yeni1252,"turk1311 ~ turk1311 , yeni1252",9, 4,shor1247,kett1243,glottocodeBase,glottocodeBase,shor1247,kett1243,0.76355,0.86700,glottocodeBase,glottocodeBase,shor1247,kett1243,0.02292,0.52436,GBI available,TLI available,both
Shor_Khakassia,Selkup_Farkovo,70%,turk1311,ural1272,"turk1311 ~ turk1311 , ural1272",9, 4,shor1247,selk1253,glottocodeBase,glottocodeGBIproxy,shor1247,sout3262,0.76355,0.84236,glottocodeBase,glottocodeBase,shor1247,selk1253,0.02292,0.45559,GBI available,TLI available,both
Shor_Khakassia,Selkup_Turukhansk,70%,turk1311,ural1272,"turk1311 ~ turk1311 , ural1272",9, 4,shor1247,selk1253,glottocodeBase,glottocodeGBIproxy,shor1247,sout3262,0.76355,0.84236,glottocodeBase,glottocodeBase,shor1247,selk1253,0.02292,0.45559,GBI available,TLI available,both
Shor_Mountain,Ket,70%,turk1311,yeni1252,"turk1311 ~ turk1311 , yeni1252",9, 4,shor1247,kett1243,glottocodeBase,glottocodeBase,shor1247,kett1243,0.76355,0.86700,glottocodeBase,glottocodeBase,shor1247,kett1243,0.02292,0.52436,GBI available,TLI available,both
Shor_Mountain,Ket_Southeast,70%,turk1311,yeni1252,"turk1311 ~ turk1311 , yeni1252",9, 4,shor1247,kett1243,glottocodeBase,glottocodeBase,shor1247,kett1243,0.76355,0.86700,glottocodeBase,glottocodeBase,shor1247,kett1243,0.02292,0.52436,GBI available,TLI available,both
Shor_Mountain,Selkup_Farkovo,70%,turk1311,ural1272,"turk1311 ~ turk1311 , ural1272",9, 4,shor1247,selk1253,glottocodeBase,glottocodeGBIproxy,shor1247,sout3262,0.76355,0.84236,glottocodeBase,glottocodeBase,shor1247,selk1253,0.02292,0.45559,GBI available,TLI available,both
Shor_Mountain,Selkup_Turukhansk,70%,turk1311,ural1272,"turk1311 ~ turk1311 , ural1272",9, 4,shor1247,selk1253,glottocodeBase,glottocodeGBIproxy,shor1247,sout3262,0.76355,0.84236,glottocodeBase,glottocodeBase,shor1247,selk1253,0.02292,0.45559,GBI available,TLI available,both
Sicilian_East,BedouinB,70%,indo1319,afro1255,"indo1319 ~ indo1319 , afro1255",9, 1,sici1248,east2690,glottocodeBase,glottocodeBase,sici1248,east2690,0.80788,0.63547,glottocodeTLIproxy,no proxy,ital1282,NA,0.58453,0.00000,GBI available,TLI NOT available,GBI only
Sicilian_East,Yemen_Ad_Dali,70%,indo1319,afro1255,"indo1319 ~ indo1319 , afro1255",9, 1,sici1248,sana1295,glottocodeBase,glottocodeBase,sici1248,sana1295,0.80788,0.74877,glottocodeTLIproxy,glottocodeBase,ital1282,sana1295,0.58453,0.02006,GBI available,TLI available,both
Sicilian_East,Yemen_Al_Bayda,70%,indo1319,afro1255,"indo1319 ~ indo1319 , afro1255",9, 1,sici1248,sana1295,glottocodeBase,glottocodeBase,sici1248,sana1295,0.80788,0.74877,glottocodeTLIproxy,glottocodeBase,ital1282,sana1295,0.58453,0.02006,GBI available,TLI available,both
Sicilian_East,Yemen_Al_Jawf,70%,indo1319,afro1255,"indo1319 ~ indo1319 , afro1255",9, 1,sici1248,sana1295,glottocodeBase,glottocodeBase,sici1248,sana1295,0.80788,0.74877,glottocodeTLIproxy,glottocodeBase,ital1282,sana1295,0.58453,0.02006,GBI available,TLI available,both
Sicilian_East,Yemen_Dhamar,70%,indo1319,afro1255,"indo1319 ~ indo1319 , afro1255",9, 1,sici1248,sana1295,glottocodeBase,glottocodeBase,sici1248,sana1295,0.80788,0.74877,glottocodeTLIproxy,glottocodeBase,ital1282,sana1295,0.58453,0.02006,GBI available,TLI available,both
Sicilian_East,Yemen_Marib,70%,indo1319,afro1255,"indo1319 ~ indo1319 , afro1255",9, 1,sici1248,sana1295,glottocodeBase,glottocodeBase,sici1248,sana1295,0.80788,0.74877,glottocodeTLIproxy,glottocodeBase,ital1282,sana1295,0.58453,0.02006,GBI available,TLI available,both
Sicilian_West,BedouinB,70%,indo1319,afro1255,"indo1319 ~ indo1319 , afro1255",9, 1,sici1248,east2690,glottocodeBase,glottocodeBase,sici1248,east2690,0.80788,0.63547,glottocodeTLIproxy,no proxy,ital1282,NA,0.58453,0.00000,GBI available,TLI NOT available,GBI only
Sicilian_West,Yemen_Ad_Dali,70%,indo1319,afro1255,"indo1319 ~ indo1319 , afro1255",9, 1,sici1248,sana1295,glottocodeBase,glottocodeBase,sici1248,sana1295,0.80788,0.74877,glottocodeTLIproxy,glottocodeBase,ital1282,sana1295,0.58453,0.02006,GBI available,TLI available,both
Sicilian_West,Yemen_Al_Bayda,70%,indo1319,afro1255,"indo1319 ~ indo1319 , afro1255",9, 1,sici1248,sana1295,glottocodeBase,glottocodeBase,sici1248,sana1295,0.80788,0.74877,glottocodeTLIproxy,glottocodeBase,ital1282,sana1295,0.58453,0.02006,GBI available,TLI available,both
Sicilian_West,Yemen_Al_Jawf,70%,indo1319,afro1255,"indo1319 ~ indo1319 , afro1255",9, 1,sici1248,sana1295,glottocodeBase,glottocodeBase,sici1248,sana1295,0.80788,0.74877,glottocodeTLIproxy,glottocodeBase,ital1282,sana1295,0.58453,0.02006,GBI available,TLI available,both
Sicilian_West,Yemen_Dhamar,70%,indo1319,afro1255,"indo1319 ~ indo1319 , afro1255",9, 1,sici1248,sana1295,glottocodeBase,glottocodeBase,sici1248,sana1295,0.80788,0.74877,glottocodeTLIproxy,glottocodeBase,ital1282,sana1295,0.58453,0.02006,GBI available,TLI available,both
Sicilian_West,Yemen_Marib,70%,indo1319,afro1255,"indo1319 ~ indo1319 , afro1255",9, 1,sici1248,sana1295,glottocodeBase,glottocodeBase,sici1248,sana1295,0.80788,0.74877,glottocodeTLIproxy,glottocodeBase,ital1282,sana1295,0.58453,0.02006,GBI available,TLI available,both
Spanish_Murcia,Yemen_Ad_Dali,"70%, 80%, 90%",indo1319,afro1255,"indo1319 ~ indo1319 , afro1255",9, 1,murc1238,sana1295,no proxy,glottocodeBase,NA,sana1295,0,0.74877,glottocodeTLIproxy,glottocodeBase,stan1288,sana1295,0.81662,0.02006,GBI NOT available,TLI available,TLI only
Spanish_Murcia,Yemen_Al_Bayda,"70%, 80%, 90%",indo1319,afro1255,"indo1319 ~ indo1319 , afro1255",9, 1,murc1238,sana1295,no proxy,glottocodeBase,NA,sana1295,0,0.74877,glottocodeTLIproxy,glottocodeBase,stan1288,sana1295,0.81662,0.02006,GBI NOT available,TLI available,TLI only
Spanish_Murcia,Yemen_Al_Jawf,"70%, 80%, 90%",indo1319,afro1255,"indo1319 ~ indo1319 , afro1255",9, 1,murc1238,sana1295,no proxy,glottocodeBase,NA,sana1295,0,0.74877,glottocodeTLIproxy,glottocodeBase,stan1288,sana1295,0.81662,0.02006,GBI NOT available,TLI available,TLI only
Spanish_Murcia,Yemen_Dhamar,"70%, 80%, 90%",indo1319,afro1255,"indo1319 ~ indo1319 , afro1255",9, 1,murc1238,sana1295,no proxy,glottocodeBase,NA,sana1295,0,0.74877,glottocodeTLIproxy,glottocodeBase,stan1288,sana1295,0.81662,0.02006,GBI NOT available,TLI available,TLI only
Spanish_Murcia,Yemen_Marib,"70%, 80%, 90%",indo1319,afro1255,"indo1319 ~ indo1319 , afro1255",9, 1,murc1238,sana1295,no proxy,glottocodeBase,NA,sana1295,0,0.74877,glottocodeTLIproxy,glottocodeBase,stan1288,sana1295,0.81662,0.02006,GBI NOT available,TLI available,TLI only
Tuscan,BedouinB,"70%, 80%",indo1319,afro1255,"indo1319 ~ indo1319 , afro1255",9, 1,ital1282,east2690,glottocodeBase,glottocodeBase,ital1282,east2690,0.8867,0.63547,glottocodeBase,no proxy,ital1282,NA,0.58453,0.00000,GBI available,TLI NOT available,GBI only
Tuscan,Yemen_Ad_Dali,"70%, 80%",indo1319,afro1255,"indo1319 ~ indo1319 , afro1255",9, 1,ital1282,sana1295,glottocodeBase,glottocodeBase,ital1282,sana1295,0.8867,0.74877,glottocodeBase,glottocodeBase,ital1282,sana1295,0.58453,0.02006,GBI available,TLI available,both
Tuscan,Yemen_Al_Bayda,"70%, 80%",indo1319,afro1255,"indo1319 ~ indo1319 , afro1255",9, 1,ital1282,sana1295,glottocodeBase,glottocodeBase,ital1282,sana1295,0.8867,0.74877,glottocodeBase,glottocodeBase,ital1282,sana1295,0.58453,0.02006,GBI available,TLI available,both
Tuscan,Yemen_Al_Jawf,"70%, 80%",indo1319,afro1255,"indo1319 ~ indo1319 , afro1255",9, 1,ital1282,sana1295,glottocodeBase,glottocodeBase,ital1282,sana1295,0.8867,0.74877,glottocodeBase,glottocodeBase,ital1282,sana1295,0.58453,0.02006,GBI available,TLI available,both
Tuscan,Yemen_Dhamar,"70%, 80%",indo1319,afro1255,"indo1319 ~ indo1319 , afro1255",9, 1,ital1282,sana1295,glottocodeBase,glottocodeBase,ital1282,sana1295,0.8867,0.74877,glottocodeBase,glottocodeBase,ital1282,sana1295,0.58453,0.02006,GBI available,TLI available,both
Tuscan,Yemen_Marib,"70%, 80%",indo1319,afro1255,"indo1319 ~ indo1319 , afro1255",9, 1,ital1282,sana1295,glottocodeBase,glottocodeBase,ital1282,sana1295,0.8867,0.74877,glottocodeBase,glottocodeBase,ital1282,sana1295,0.58453,0.02006,GBI available,TLI available,both
Baining_Marabu,Kolombangara,"70%, 80%, 90%",bain1263,aust1307,"bain1263 ~ bain1263 , aust1307",8, 2,bain1263,duke1237,glottocodeGBIproxy,no proxy,mali1284,NA,0.50739,0.00000,glottocodeTLIproxy,glottocodeBase,mali1284,duke1237,0.08309,0.00573,GBI NOT available,TLI available,TLI only
Baining_Marabu,Nasioi,"70%, 80%, 90%",bain1263,sout2948,"bain1263 ~ bain1263 , sout2948",8, 2,bain1263,nasi1247,glottocodeGBIproxy,glottocodeGBIproxy,mali1284,naas1242,0.50739,0.28079,glottocodeTLIproxy,glottocodeTLIproxy,mali1284,naas1242,0.08309,0.21777,GBI available,TLI available,both
Baining_Marabu,Ranongga,"70%, 80%, 90%",bain1263,aust1307,"bain1263 ~ bain1263 , aust1307",8, 2,bain1263,ghan1242,glottocodeGBIproxy,glottocodeBase,mali1284,ghan1242,0.50739,0.68966,glottocodeTLIproxy,glottocodeBase,mali1284,ghan1242,0.08309,0.00573,GBI available,TLI available,both
Baining_Marabu,Teop,"70%, 80%, 90%",bain1263,aust1307,"bain1263 ~ bain1263 , aust1307",8, 2,bain1263,teop1238,glottocodeGBIproxy,glottocodeBase,mali1284,teop1238,0.50739,0.66995,glottocodeTLIproxy,glottocodeBase,mali1284,teop1238,0.08309,0.08596,GBI available,TLI available,both
Baining_Marabu,Vella_Lavella,"70%, 80%, 90%",bain1263,bilu1245,"bain1263 ~ bain1263 , bilu1245",8, 2,bain1263,bilu1245,glottocodeGBIproxy,glottocodeBase,mali1284,bilu1245,0.50739,0.47291,glottocodeTLIproxy,glottocodeBase,mali1284,bilu1245,0.08309,0.20057,GBI available,TLI available,both
Italian_South,BedouinB,70%,indo1319,afro1255,"indo1319 ~ indo1319 , afro1255",8, 1,napo1241,east2690,glottocodeGBIproxy,glottocodeBase,ital1282,east2690,0.8867,0.63547,glottocodeTLIproxy,no proxy,ital1282,NA,0.58453,0.00000,GBI available,TLI NOT available,GBI only
Italian_South,Yemen_Ad_Dali,70%,indo1319,afro1255,"indo1319 ~ indo1319 , afro1255",8, 1,napo1241,sana1295,glottocodeGBIproxy,glottocodeBase,ital1282,sana1295,0.8867,0.74877,glottocodeTLIproxy,glottocodeBase,ital1282,sana1295,0.58453,0.02006,GBI available,TLI available,both
Italian_South,Yemen_Al_Bayda,70%,indo1319,afro1255,"indo1319 ~ indo1319 , afro1255",8, 1,napo1241,sana1295,glottocodeGBIproxy,glottocodeBase,ital1282,sana1295,0.8867,0.74877,glottocodeTLIproxy,glottocodeBase,ital1282,sana1295,0.58453,0.02006,GBI available,TLI available,both
Italian_South,Yemen_Al_Jawf,70%,indo1319,afro1255,"indo1319 ~ indo1319 , afro1255",8, 1,napo1241,sana1295,glottocodeGBIproxy,glottocodeBase,ital1282,sana1295,0.8867,0.74877,glottocodeTLIproxy,glottocodeBase,ital1282,sana1295,0.58453,0.02006,GBI available,TLI available,both
Italian_South,Yemen_Dhamar,70%,indo1319,afro1255,"indo1319 ~ indo1319 , afro1255",8, 1,napo1241,sana1295,glottocodeGBIproxy,glottocodeBase,ital1282,sana1295,0.8867,0.74877,glottocodeTLIproxy,glottocodeBase,ital1282,sana1295,0.58453,0.02006,GBI available,TLI available,both
Italian_South,Yemen_Marib,70%,indo1319,afro1255,"indo1319 ~ indo1319 , afro1255",8, 1,napo1241,sana1295,glottocodeGBIproxy,glottocodeBase,ital1282,sana1295,0.8867,0.74877,glottocodeTLIproxy,glottocodeBase,ital1282,sana1295,0.58453,0.02006,GBI available,TLI available,both
Rennell_and_Bellona,Nasioi,"70%, 80%, 90%",aust1307,sout2948,"aust1307 ~ aust1307 , sout2948",8, 5,renn1242,nasi1247,glottocodeBase,glottocodeGBIproxy,renn1242,naas1242,0.68966,0.28079,glottocodeBase,glottocodeTLIproxy,renn1242,naas1242,0.01146,0.21777,GBI available,TLI available,both
Rennell_and_Bellona,Vella_Lavella,"70%, 80%, 90%",aust1307,bilu1245,"aust1307 ~ aust1307 , bilu1245",8, 5,renn1242,bilu1245,glottocodeBase,glottocodeBase,renn1242,bilu1245,0.68966,0.47291,glottocodeBase,glottocodeBase,renn1242,bilu1245,0.01146,0.20057,GBI available,TLI available,both
Rennell_and_Bellona,Nasioi,"70%, 80%, 90%",aust1307,sout2948,"aust1307 ~ aust1307 , sout2948",8, 3,renn1242,nasi1247,glottocodeBase,glottocodeGBIproxy,renn1242,naas1242,0.68966,0.28079,glottocodeBase,glottocodeTLIproxy,renn1242,naas1242,0.01146,0.21777,GBI available,TLI available,both
Rennell_and_Bellona,Vella_Lavella,"70%, 80%, 90%",aust1307,bilu1245,"aust1307 ~ aust1307 , bilu1245",8, 3,renn1242,bilu1245,glottocodeBase,glottocodeBase,renn1242,bilu1245,0.68966,0.47291,glottocodeBase,glottocodeBase,renn1242,bilu1245,0.01146,0.20057,GBI available,TLI available,both
Rennell_and_Bellona,Dai,"70%, 80%, 90%",aust1307,taik1256,"aust1307 ~ aust1307 , taik1256",8, 3,renn1242,luuu1242,glottocodeBase,no proxy,renn1242,NA,0.68966,0.00000,glottocodeBase,glottocodeBase,renn1242,luuu1242,0.01146,0.12894,GBI NOT available,TLI available,TLI only
Rennell_and_Bellona,Hakka_Taiwan,"70%, 80%, 90%",aust1307,sino1245,"aust1307 ~ aust1307 , sino1245",8, 3,renn1242,yuet1238,glottocodeBase,glottocodeGBIproxy,renn1242,hakk1236,0.68966,0.55665,glottocodeBase,glottocodeTLIproxy,renn1242,hakk1236,0.01146,0.16619,GBI available,TLI available,both
Rennell_and_Bellona,Kinh,"70%, 80%, 90%",aust1307,aust1305,"aust1307 ~ aust1307 , aust1305",8, 3,renn1242,viet1252,glottocodeBase,glottocodeBase,renn1242,viet1252,0.68966,0.53695,glottocodeBase,glottocodeBase,renn1242,viet1252,0.01146,0.57880,GBI available,TLI available,both
Rennell_and_Bellona,She,"70%, 80%, 90%",aust1307,hmon1336,"aust1307 ~ aust1307 , hmon1336",8, 3,renn1242,shee1238,glottocodeBase,glottocodeBase,renn1242,shee1238,0.68966,0.58128,glottocodeBase,glottocodeBase,renn1242,shee1238,0.01146,0.04011,GBI available,TLI available,both
Rennell_and_Bellona,Vietnamese_North,"70%, 80%, 90%",aust1307,aust1305,"aust1307 ~ aust1307 , aust1305",8, 3,renn1242,viet1252,glottocodeBase,glottocodeBase,renn1242,viet1252,0.68966,0.53695,glottocodeBase,glottocodeBase,renn1242,viet1252,0.01146,0.57880,GBI available,TLI available,both
Rennell_and_Bellona,Vietnamese_South,"70%, 80%, 90%",aust1307,aust1305,"aust1307 ~ aust1307 , aust1305",8, 3,renn1242,viet1252,glottocodeBase,glottocodeBase,renn1242,viet1252,0.68966,0.53695,glottocodeBase,glottocodeBase,renn1242,viet1252,0.01146,0.57880,GBI available,TLI available,both
Rennell_and_Bellona,Lahu,"70%, 80%, 90%",aust1307,sino1245,"aust1307 ~ aust1307 , sino1245",8, 1,renn1242,lahu1253,glottocodeBase,glottocodeBase,renn1242,lahu1253,0.68966,0.67980,glottocodeBase,glottocodeBase,renn1242,lahu1253,0.01146,0.53582,GBI available,TLI available,both
Tigak,Baining_Malasait,70%,aust1307,bain1263,"aust1307 ~ aust1307 , bain1263",8, 8,tiga1245,bain1263,glottocodeBase,glottocodeGBIproxy,tiga1245,qaqe1238,0.73399,0.26108,glottocodeBase,glottocodeTLIproxy,tiga1245,qaqe1238,0.29226,0.14327,GBI available,TLI available,both
Tigak,Baining_Marabu,70%,aust1307,bain1263,"aust1307 ~ aust1307 , bain1263",8, 8,tiga1245,bain1263,glottocodeBase,glottocodeGBIproxy,tiga1245,mali1284,0.73399,0.50739,glottocodeBase,glottocodeTLIproxy,tiga1245,mali1284,0.29226,0.08309,GBI available,TLI available,both
Tigak,Ata_Bili,70%,aust1307,pele1245,"aust1307 ~ aust1307 , pele1245",8, 6,tiga1245,pele1245,glottocodeBase,glottocodeBase,tiga1245,pele1245,0.73399,0.23645,glottocodeBase,glottocodeBase,tiga1245,pele1245,0.29226,0.00287,GBI available,TLI available,both
Tigak,Ata_Luge,70%,aust1307,pele1245,"aust1307 ~ aust1307 , pele1245",8, 6,tiga1245,pele1245,glottocodeBase,glottocodeBase,tiga1245,pele1245,0.73399,0.23645,glottocodeBase,glottocodeBase,tiga1245,pele1245,0.29226,0.00287,GBI available,TLI available,both
Tigak,Ata_Uassilau,70%,aust1307,pele1245,"aust1307 ~ aust1307 , pele1245",8, 6,tiga1245,pele1245,glottocodeBase,glottocodeBase,tiga1245,pele1245,0.73399,0.23645,glottocodeBase,glottocodeBase,tiga1245,pele1245,0.29226,0.00287,GBI available,TLI available,both
Tigak,Nasioi,70%,aust1307,sout2948,"aust1307 ~ aust1307 , sout2948",8, 8,tiga1245,nasi1247,glottocodeBase,glottocodeGBIproxy,tiga1245,naas1242,0.73399,0.28079,glottocodeBase,glottocodeTLIproxy,tiga1245,naas1242,0.29226,0.21777,GBI available,TLI available,both
Tigak,Vella_Lavella,70%,aust1307,bilu1245,"aust1307 ~ aust1307 , bilu1245",8, 8,tiga1245,bilu1245,glottocodeBase,glottocodeBase,tiga1245,bilu1245,0.73399,0.47291,glottocodeBase,glottocodeBase,tiga1245,bilu1245,0.29226,0.20057,GBI available,TLI available,both
Vanuatu_Aoba,Baining_Malasait,70%,aust1307,bain1263,"aust1307 ~ aust1307 , bain1263",8, 8,east2443,bain1263,glottocodeBase,glottocodeGBIproxy,east2443,qaqe1238,0.76355,0.26108,glottocodeBase,glottocodeTLIproxy,east2443,qaqe1238,0.11748,0.14327,GBI available,TLI available,both
Vanuatu_Aoba,Baining_Marabu,70%,aust1307,bain1263,"aust1307 ~ aust1307 , bain1263",8, 8,east2443,bain1263,glottocodeBase,glottocodeGBIproxy,east2443,mali1284,0.76355,0.50739,glottocodeBase,glottocodeTLIproxy,east2443,mali1284,0.11748,0.08309,GBI available,TLI available,both
Vanuatu_Aoba,Ata_Bili,70%,aust1307,pele1245,"aust1307 ~ aust1307 , pele1245",8, 6,east2443,pele1245,glottocodeBase,glottocodeBase,east2443,pele1245,0.76355,0.23645,glottocodeBase,glottocodeBase,east2443,pele1245,0.11748,0.00287,GBI available,TLI available,both
Vanuatu_Aoba,Ata_Luge,70%,aust1307,pele1245,"aust1307 ~ aust1307 , pele1245",8, 6,east2443,pele1245,glottocodeBase,glottocodeBase,east2443,pele1245,0.76355,0.23645,glottocodeBase,glottocodeBase,east2443,pele1245,0.11748,0.00287,GBI available,TLI available,both
Vanuatu_Aoba,Ata_Uassilau,70%,aust1307,pele1245,"aust1307 ~ aust1307 , pele1245",8, 6,east2443,pele1245,glottocodeBase,glottocodeBase,east2443,pele1245,0.76355,0.23645,glottocodeBase,glottocodeBase,east2443,pele1245,0.11748,0.00287,GBI available,TLI available,both
Vanuatu_Aoba,Nasioi,70%,aust1307,sout2948,"aust1307 ~ aust1307 , sout2948",8, 8,east2443,nasi1247,glottocodeBase,glottocodeGBIproxy,east2443,naas1242,0.76355,0.28079,glottocodeBase,glottocodeTLIproxy,east2443,naas1242,0.11748,0.21777,GBI available,TLI available,both
Vanuatu_Aoba,Vella_Lavella,70%,aust1307,bilu1245,"aust1307 ~ aust1307 , bilu1245",8, 8,east2443,bilu1245,glottocodeBase,glottocodeBase,east2443,bilu1245,0.76355,0.47291,glottocodeBase,glottocodeBase,east2443,bilu1245,0.11748,0.20057,GBI available,TLI available,both
Vanuatu_Efate,Baining_Malasait,70%,aust1307,bain1263,"aust1307 ~ aust1307 , bain1263",8, 8,efat1236,bain1263,glottocodeGBIproxy,glottocodeGBIproxy,sout2856,qaqe1238,0.84729,0.26108,glottocodeTLIproxy,glottocodeTLIproxy,sout2856,qaqe1238,0.18338,0.14327,GBI available,TLI available,both
Vanuatu_Efate,Baining_Marabu,70%,aust1307,bain1263,"aust1307 ~ aust1307 , bain1263",8, 8,efat1236,bain1263,glottocodeGBIproxy,glottocodeGBIproxy,sout2856,mali1284,0.84729,0.50739,glottocodeTLIproxy,glottocodeTLIproxy,sout2856,mali1284,0.18338,0.08309,GBI available,TLI available,both
Vanuatu_Efate,Ata_Bili,70%,aust1307,pele1245,"aust1307 ~ aust1307 , pele1245",8, 6,efat1236,pele1245,glottocodeGBIproxy,glottocodeBase,sout2856,pele1245,0.84729,0.23645,glottocodeTLIproxy,glottocodeBase,sout2856,pele1245,0.18338,0.00287,GBI available,TLI available,both
Vanuatu_Efate,Ata_Luge,70%,aust1307,pele1245,"aust1307 ~ aust1307 , pele1245",8, 6,efat1236,pele1245,glottocodeGBIproxy,glottocodeBase,sout2856,pele1245,0.84729,0.23645,glottocodeTLIproxy,glottocodeBase,sout2856,pele1245,0.18338,0.00287,GBI available,TLI available,both
Vanuatu_Efate,Ata_Uassilau,70%,aust1307,pele1245,"aust1307 ~ aust1307 , pele1245",8, 6,efat1236,pele1245,glottocodeGBIproxy,glottocodeBase,sout2856,pele1245,0.84729,0.23645,glottocodeTLIproxy,glottocodeBase,sout2856,pele1245,0.18338,0.00287,GBI available,TLI available,both
Vanuatu_Efate,Nasioi,70%,aust1307,sout2948,"aust1307 ~ aust1307 , sout2948",8, 8,efat1236,nasi1247,glottocodeGBIproxy,glottocodeGBIproxy,sout2856,naas1242,0.84729,0.28079,glottocodeTLIproxy,glottocodeTLIproxy,sout2856,naas1242,0.18338,0.21777,GBI available,TLI available,both
Vanuatu_Efate,Vella_Lavella,70%,aust1307,bilu1245,"aust1307 ~ aust1307 , bilu1245",8, 8,efat1236,bilu1245,glottocodeGBIproxy,glottocodeBase,sout2856,bilu1245,0.84729,0.47291,glottocodeTLIproxy,glottocodeBase,sout2856,bilu1245,0.18338,0.20057,GBI available,TLI available,both
Vanuatu_Efate_Mele,Baining_Malasait,70%,aust1307,bain1263,"aust1307 ~ aust1307 , bain1263",8, 8,mele1250,bain1263,glottocodeBase,glottocodeGBIproxy,mele1250,qaqe1238,0.50739,0.26108,glottocodeBase,glottocodeTLIproxy,mele1250,qaqe1238,0.02579,0.14327,GBI available,TLI available,both
Vanuatu_Efate_Mele,Baining_Marabu,70%,aust1307,bain1263,"aust1307 ~ aust1307 , bain1263",8, 8,mele1250,bain1263,glottocodeBase,glottocodeGBIproxy,mele1250,mali1284,0.50739,0.50739,glottocodeBase,glottocodeTLIproxy,mele1250,mali1284,0.02579,0.08309,GBI available,TLI available,both
Vanuatu_Efate_Mele,Ata_Bili,70%,aust1307,pele1245,"aust1307 ~ aust1307 , pele1245",8, 6,mele1250,pele1245,glottocodeBase,glottocodeBase,mele1250,pele1245,0.50739,0.23645,glottocodeBase,glottocodeBase,mele1250,pele1245,0.02579,0.00287,GBI available,TLI available,both
Vanuatu_Efate_Mele,Ata_Luge,70%,aust1307,pele1245,"aust1307 ~ aust1307 , pele1245",8, 6,mele1250,pele1245,glottocodeBase,glottocodeBase,mele1250,pele1245,0.50739,0.23645,glottocodeBase,glottocodeBase,mele1250,pele1245,0.02579,0.00287,GBI available,TLI available,both
Vanuatu_Efate_Mele,Ata_Uassilau,70%,aust1307,pele1245,"aust1307 ~ aust1307 , pele1245",8, 6,mele1250,pele1245,glottocodeBase,glottocodeBase,mele1250,pele1245,0.50739,0.23645,glottocodeBase,glottocodeBase,mele1250,pele1245,0.02579,0.00287,GBI available,TLI available,both
Vanuatu_Efate_Mele,Nasioi,70%,aust1307,sout2948,"aust1307 ~ aust1307 , sout2948",8, 8,mele1250,nasi1247,glottocodeBase,glottocodeGBIproxy,mele1250,naas1242,0.50739,0.28079,glottocodeBase,glottocodeTLIproxy,mele1250,naas1242,0.02579,0.21777,GBI available,TLI available,both
Vanuatu_Efate_Mele,Vella_Lavella,70%,aust1307,bilu1245,"aust1307 ~ aust1307 , bilu1245",8, 8,mele1250,bilu1245,glottocodeBase,glottocodeBase,mele1250,bilu1245,0.50739,0.47291,glottocodeBase,glottocodeBase,mele1250,bilu1245,0.02579,0.20057,GBI available,TLI available,both
Vanuatu_Emae,Baining_Malasait,70%,aust1307,bain1263,"aust1307 ~ aust1307 , bain1263",8, 8,emae1237,bain1263,glottocodeBase,glottocodeGBIproxy,emae1237,qaqe1238,0.63547,0.26108,glottocodeBase,glottocodeTLIproxy,emae1237,qaqe1238,0.11461,0.14327,GBI available,TLI available,both
Vanuatu_Emae,Baining_Marabu,70%,aust1307,bain1263,"aust1307 ~ aust1307 , bain1263",8, 8,emae1237,bain1263,glottocodeBase,glottocodeGBIproxy,emae1237,mali1284,0.63547,0.50739,glottocodeBase,glottocodeTLIproxy,emae1237,mali1284,0.11461,0.08309,GBI available,TLI available,both
Vanuatu_Emae,Ata_Bili,70%,aust1307,pele1245,"aust1307 ~ aust1307 , pele1245",8, 6,emae1237,pele1245,glottocodeBase,glottocodeBase,emae1237,pele1245,0.63547,0.23645,glottocodeBase,glottocodeBase,emae1237,pele1245,0.11461,0.00287,GBI available,TLI available,both
Vanuatu_Emae,Ata_Luge,70%,aust1307,pele1245,"aust1307 ~ aust1307 , pele1245",8, 6,emae1237,pele1245,glottocodeBase,glottocodeBase,emae1237,pele1245,0.63547,0.23645,glottocodeBase,glottocodeBase,emae1237,pele1245,0.11461,0.00287,GBI available,TLI available,both
Vanuatu_Emae,Ata_Uassilau,70%,aust1307,pele1245,"aust1307 ~ aust1307 , pele1245",8, 6,emae1237,pele1245,glottocodeBase,glottocodeBase,emae1237,pele1245,0.63547,0.23645,glottocodeBase,glottocodeBase,emae1237,pele1245,0.11461,0.00287,GBI available,TLI available,both
Vanuatu_Emae,Nasioi,70%,aust1307,sout2948,"aust1307 ~ aust1307 , sout2948",8, 8,emae1237,nasi1247,glottocodeBase,glottocodeGBIproxy,emae1237,naas1242,0.63547,0.28079,glottocodeBase,glottocodeTLIproxy,emae1237,naas1242,0.11461,0.21777,GBI available,TLI available,both
Vanuatu_Emae,Vella_Lavella,70%,aust1307,bilu1245,"aust1307 ~ aust1307 , bilu1245",8, 8,emae1237,bilu1245,glottocodeBase,glottocodeBase,emae1237,bilu1245,0.63547,0.47291,glottocodeBase,glottocodeBase,emae1237,bilu1245,0.11461,0.20057,GBI available,TLI available,both
Vanuatu_Maewo,Baining_Malasait,70%,aust1307,bain1263,"aust1307 ~ aust1307 , bain1263",8, 8,cent2058,bain1263,glottocodeBase,glottocodeGBIproxy,cent2058,qaqe1238,0.39901,0.26108,glottocodeBase,glottocodeTLIproxy,cent2058,qaqe1238,0.01146,0.14327,GBI available,TLI available,both
Vanuatu_Maewo,Baining_Marabu,70%,aust1307,bain1263,"aust1307 ~ aust1307 , bain1263",8, 8,cent2058,bain1263,glottocodeBase,glottocodeGBIproxy,cent2058,mali1284,0.39901,0.50739,glottocodeBase,glottocodeTLIproxy,cent2058,mali1284,0.01146,0.08309,GBI available,TLI available,both
Vanuatu_Maewo,Ata_Bili,70%,aust1307,pele1245,"aust1307 ~ aust1307 , pele1245",8, 6,cent2058,pele1245,glottocodeBase,glottocodeBase,cent2058,pele1245,0.39901,0.23645,glottocodeBase,glottocodeBase,cent2058,pele1245,0.01146,0.00287,GBI available,TLI available,both
Vanuatu_Maewo,Ata_Luge,70%,aust1307,pele1245,"aust1307 ~ aust1307 , pele1245",8, 6,cent2058,pele1245,glottocodeBase,glottocodeBase,cent2058,pele1245,0.39901,0.23645,glottocodeBase,glottocodeBase,cent2058,pele1245,0.01146,0.00287,GBI available,TLI available,both
Vanuatu_Maewo,Ata_Uassilau,70%,aust1307,pele1245,"aust1307 ~ aust1307 , pele1245",8, 6,cent2058,pele1245,glottocodeBase,glottocodeBase,cent2058,pele1245,0.39901,0.23645,glottocodeBase,glottocodeBase,cent2058,pele1245,0.01146,0.00287,GBI available,TLI available,both
Vanuatu_Maewo,Nasioi,70%,aust1307,sout2948,"aust1307 ~ aust1307 , sout2948",8, 8,cent2058,nasi1247,glottocodeBase,glottocodeGBIproxy,cent2058,naas1242,0.39901,0.28079,glottocodeBase,glottocodeTLIproxy,cent2058,naas1242,0.01146,0.21777,GBI available,TLI available,both
Vanuatu_Maewo,Vella_Lavella,70%,aust1307,bilu1245,"aust1307 ~ aust1307 , bilu1245",8, 8,cent2058,bilu1245,glottocodeBase,glottocodeBase,cent2058,bilu1245,0.39901,0.47291,glottocodeBase,glottocodeBase,cent2058,bilu1245,0.01146,0.20057,GBI available,TLI available,both
Vanuatu_Makura,Baining_Malasait,70%,aust1307,bain1263,"aust1307 ~ aust1307 , bain1263",8, 8,maku1276,bain1263,glottocodeGBIproxy,glottocodeGBIproxy,nama1268,qaqe1238,0.51232,0.26108,glottocodeTLIproxy,glottocodeTLIproxy,nama1268,qaqe1238,0.00573,0.14327,GBI available,TLI available,both
Vanuatu_Makura,Baining_Marabu,70%,aust1307,bain1263,"aust1307 ~ aust1307 , bain1263",8, 8,maku1276,bain1263,glottocodeGBIproxy,glottocodeGBIproxy,nama1268,mali1284,0.51232,0.50739,glottocodeTLIproxy,glottocodeTLIproxy,nama1268,mali1284,0.00573,0.08309,GBI available,TLI available,both
Vanuatu_Makura,Ata_Bili,70%,aust1307,pele1245,"aust1307 ~ aust1307 , pele1245",8, 6,maku1276,pele1245,glottocodeGBIproxy,glottocodeBase,nama1268,pele1245,0.51232,0.23645,glottocodeTLIproxy,glottocodeBase,nama1268,pele1245,0.00573,0.00287,GBI available,TLI available,both
Vanuatu_Makura,Ata_Luge,70%,aust1307,pele1245,"aust1307 ~ aust1307 , pele1245",8, 6,maku1276,pele1245,glottocodeGBIproxy,glottocodeBase,nama1268,pele1245,0.51232,0.23645,glottocodeTLIproxy,glottocodeBase,nama1268,pele1245,0.00573,0.00287,GBI available,TLI available,both
Vanuatu_Makura,Ata_Uassilau,70%,aust1307,pele1245,"aust1307 ~ aust1307 , pele1245",8, 6,maku1276,pele1245,glottocodeGBIproxy,glottocodeBase,nama1268,pele1245,0.51232,0.23645,glottocodeTLIproxy,glottocodeBase,nama1268,pele1245,0.00573,0.00287,GBI available,TLI available,both
Vanuatu_Makura,Nasioi,70%,aust1307,sout2948,"aust1307 ~ aust1307 , sout2948",8, 8,maku1276,nasi1247,glottocodeGBIproxy,glottocodeGBIproxy,nama1268,naas1242,0.51232,0.28079,glottocodeTLIproxy,glottocodeTLIproxy,nama1268,naas1242,0.00573,0.21777,GBI available,TLI available,both
Vanuatu_Makura,Vella_Lavella,70%,aust1307,bilu1245,"aust1307 ~ aust1307 , bilu1245",8, 8,maku1276,bilu1245,glottocodeGBIproxy,glottocodeBase,nama1268,bilu1245,0.51232,0.47291,glottocodeTLIproxy,glottocodeBase,nama1268,bilu1245,0.00573,0.20057,GBI available,TLI available,both
Vanuatu_Pentecost_Maram,Baining_Malasait,70%,aust1307,bain1263,"aust1307 ~ aust1307 , bain1263",8, 8,suru1259,bain1263,glottocodeGBIproxy,glottocodeGBIproxy,apma1240,qaqe1238,0.80296,0.26108,glottocodeTLIproxy,glottocodeTLIproxy,apma1240,qaqe1238,0.03725,0.14327,GBI available,TLI available,both
Vanuatu_Pentecost_Maram,Baining_Marabu,70%,aust1307,bain1263,"aust1307 ~ aust1307 , bain1263",8, 8,suru1259,bain1263,glottocodeGBIproxy,glottocodeGBIproxy,apma1240,mali1284,0.80296,0.50739,glottocodeTLIproxy,glottocodeTLIproxy,apma1240,mali1284,0.03725,0.08309,GBI available,TLI available,both
Vanuatu_Pentecost_Maram,Ata_Bili,70%,aust1307,pele1245,"aust1307 ~ aust1307 , pele1245",8, 6,suru1259,pele1245,glottocodeGBIproxy,glottocodeBase,apma1240,pele1245,0.80296,0.23645,glottocodeTLIproxy,glottocodeBase,apma1240,pele1245,0.03725,0.00287,GBI available,TLI available,both
Vanuatu_Pentecost_Maram,Ata_Luge,70%,aust1307,pele1245,"aust1307 ~ aust1307 , pele1245",8, 6,suru1259,pele1245,glottocodeGBIproxy,glottocodeBase,apma1240,pele1245,0.80296,0.23645,glottocodeTLIproxy,glottocodeBase,apma1240,pele1245,0.03725,0.00287,GBI available,TLI available,both
Vanuatu_Pentecost_Maram,Ata_Uassilau,70%,aust1307,pele1245,"aust1307 ~ aust1307 , pele1245",8, 6,suru1259,pele1245,glottocodeGBIproxy,glottocodeBase,apma1240,pele1245,0.80296,0.23645,glottocodeTLIproxy,glottocodeBase,apma1240,pele1245,0.03725,0.00287,GBI available,TLI available,both
Vanuatu_Pentecost_Maram,Nasioi,70%,aust1307,sout2948,"aust1307 ~ aust1307 , sout2948",8, 8,suru1259,nasi1247,glottocodeGBIproxy,glottocodeGBIproxy,apma1240,naas1242,0.80296,0.28079,glottocodeTLIproxy,glottocodeTLIproxy,apma1240,naas1242,0.03725,0.21777,GBI available,TLI available,both
Vanuatu_Pentecost_Maram,Vella_Lavella,70%,aust1307,bilu1245,"aust1307 ~ aust1307 , bilu1245",8, 8,suru1259,bilu1245,glottocodeGBIproxy,glottocodeBase,apma1240,bilu1245,0.80296,0.47291,glottocodeTLIproxy,glottocodeBase,apma1240,bilu1245,0.03725,0.20057,GBI available,TLI available,both
Vanuatu_Santo_Tasiriki,Baining_Malasait,70%,aust1307,bain1263,"aust1307 ~ aust1307 , bain1263",8, 8,akei1237,bain1263,glottocodeBase,glottocodeGBIproxy,akei1237,qaqe1238,0.47291,0.26108,glottocodeBase,glottocodeTLIproxy,akei1237,qaqe1238,0.00573,0.14327,GBI available,TLI available,both
Vanuatu_Santo_Tasiriki,Baining_Marabu,70%,aust1307,bain1263,"aust1307 ~ aust1307 , bain1263",8, 8,akei1237,bain1263,glottocodeBase,glottocodeGBIproxy,akei1237,mali1284,0.47291,0.50739,glottocodeBase,glottocodeTLIproxy,akei1237,mali1284,0.00573,0.08309,GBI available,TLI available,both
Vanuatu_Santo_Tasiriki,Ata_Bili,70%,aust1307,pele1245,"aust1307 ~ aust1307 , pele1245",8, 6,akei1237,pele1245,glottocodeBase,glottocodeBase,akei1237,pele1245,0.47291,0.23645,glottocodeBase,glottocodeBase,akei1237,pele1245,0.00573,0.00287,GBI available,TLI available,both
Vanuatu_Santo_Tasiriki,Ata_Luge,70%,aust1307,pele1245,"aust1307 ~ aust1307 , pele1245",8, 6,akei1237,pele1245,glottocodeBase,glottocodeBase,akei1237,pele1245,0.47291,0.23645,glottocodeBase,glottocodeBase,akei1237,pele1245,0.00573,0.00287,GBI available,TLI available,both
Vanuatu_Santo_Tasiriki,Ata_Uassilau,70%,aust1307,pele1245,"aust1307 ~ aust1307 , pele1245",8, 6,akei1237,pele1245,glottocodeBase,glottocodeBase,akei1237,pele1245,0.47291,0.23645,glottocodeBase,glottocodeBase,akei1237,pele1245,0.00573,0.00287,GBI available,TLI available,both
Vanuatu_Santo_Tasiriki,Nasioi,70%,aust1307,sout2948,"aust1307 ~ aust1307 , sout2948",8, 8,akei1237,nasi1247,glottocodeBase,glottocodeGBIproxy,akei1237,naas1242,0.47291,0.28079,glottocodeBase,glottocodeTLIproxy,akei1237,naas1242,0.00573,0.21777,GBI available,TLI available,both
Vanuatu_Santo_Tasiriki,Vella_Lavella,70%,aust1307,bilu1245,"aust1307 ~ aust1307 , bilu1245",8, 8,akei1237,bilu1245,glottocodeBase,glottocodeBase,akei1237,bilu1245,0.47291,0.47291,glottocodeBase,glottocodeBase,akei1237,bilu1245,0.00573,0.20057,GBI available,TLI available,both
Vanuatu_Santo_Tutuba,Baining_Malasait,70%,aust1307,bain1263,"aust1307 ~ aust1307 , bain1263",8, 8,tutu1241,bain1263,glottocodeBase,glottocodeGBIproxy,tutu1241,qaqe1238,0.74877,0.26108,glottocodeBase,glottocodeTLIproxy,tutu1241,qaqe1238,0.01146,0.14327,GBI available,TLI available,both
Vanuatu_Santo_Tutuba,Baining_Marabu,70%,aust1307,bain1263,"aust1307 ~ aust1307 , bain1263",8, 8,tutu1241,bain1263,glottocodeBase,glottocodeGBIproxy,tutu1241,mali1284,0.74877,0.50739,glottocodeBase,glottocodeTLIproxy,tutu1241,mali1284,0.01146,0.08309,GBI available,TLI available,both
Vanuatu_Santo_Tutuba,Ata_Bili,70%,aust1307,pele1245,"aust1307 ~ aust1307 , pele1245",8, 6,tutu1241,pele1245,glottocodeBase,glottocodeBase,tutu1241,pele1245,0.74877,0.23645,glottocodeBase,glottocodeBase,tutu1241,pele1245,0.01146,0.00287,GBI available,TLI available,both
Vanuatu_Santo_Tutuba,Ata_Luge,70%,aust1307,pele1245,"aust1307 ~ aust1307 , pele1245",8, 6,tutu1241,pele1245,glottocodeBase,glottocodeBase,tutu1241,pele1245,0.74877,0.23645,glottocodeBase,glottocodeBase,tutu1241,pele1245,0.01146,0.00287,GBI available,TLI available,both
Vanuatu_Santo_Tutuba,Ata_Uassilau,70%,aust1307,pele1245,"aust1307 ~ aust1307 , pele1245",8, 6,tutu1241,pele1245,glottocodeBase,glottocodeBase,tutu1241,pele1245,0.74877,0.23645,glottocodeBase,glottocodeBase,tutu1241,pele1245,0.01146,0.00287,GBI available,TLI available,both
Vanuatu_Santo_Tutuba,Nasioi,70%,aust1307,sout2948,"aust1307 ~ aust1307 , sout2948",8, 8,tutu1241,nasi1247,glottocodeBase,glottocodeGBIproxy,tutu1241,naas1242,0.74877,0.28079,glottocodeBase,glottocodeTLIproxy,tutu1241,naas1242,0.01146,0.21777,GBI available,TLI available,both
Vanuatu_Santo_Tutuba,Vella_Lavella,70%,aust1307,bilu1245,"aust1307 ~ aust1307 , bilu1245",8, 8,tutu1241,bilu1245,glottocodeBase,glottocodeBase,tutu1241,bilu1245,0.74877,0.47291,glottocodeBase,glottocodeBase,tutu1241,bilu1245,0.01146,0.20057,GBI available,TLI available,both
Cameroon_Bakoko,MbutiPygmy,"70%, 80%, 90%",atla1278,cent2225,"atla1278 ~ atla1278 , cent2225",7, 7,bako1249,lese1243,no proxy,glottocodeBase,NA,lese1243,0,0.68473,glottocodeTLIproxy,glottocodeBase,basa1284,lese1243,0.20917,0.16046,GBI NOT available,TLI available,TLI only
Hadza1,BantuSA_Herero,"70%, 80%, 90%",hadz1240,atla1278,"hadz1240 ~ hadz1240 , atla1278",7, 1,hadz1240,here1253,glottocodeBase,glottocodeBase,hadz1240,here1253,0.80788,0.85222,glottocodeBase,glottocodeBase,hadz1240,here1253,0.14327,0.12321,GBI available,TLI available,both
Hadza1,BantuSA_Ovambo,"70%, 80%, 90%",hadz1240,atla1278,"hadz1240 ~ hadz1240 , atla1278",7, 1,hadz1240,ndon1254,glottocodeBase,glottocodeGBIproxy,hadz1240,mbal1255,0.80788,0.46305,glottocodeBase,glottocodeBase,hadz1240,ndon1254,0.14327,0.22636,GBI available,TLI available,both
Hadza1,BantuSA_Zulu,"70%, 80%, 90%",hadz1240,atla1278,"hadz1240 ~ hadz1240 , atla1278",7, 1,hadz1240,zulu1248,glottocodeBase,glottocodeBase,hadz1240,zulu1248,0.80788,0.19704,glottocodeBase,glottocodeBase,hadz1240,zulu1248,0.14327,0.68768,GBI available,TLI available,both
Hadza1,Cameroon_Aghem,"70%, 80%, 90%",hadz1240,atla1278,"hadz1240 ~ hadz1240 , atla1278",7, 1,hadz1240,aghe1239,glottocodeBase,glottocodeBase,hadz1240,aghe1239,0.80788,0.74877,glottocodeBase,glottocodeBase,hadz1240,aghe1239,0.14327,0.15759,GBI available,TLI available,both
Hadza1,Cameroon_Bafut,"70%, 80%, 90%",hadz1240,atla1278,"hadz1240 ~ hadz1240 , atla1278",7, 1,hadz1240,bafu1246,glottocodeBase,glottocodeBase,hadz1240,bafu1246,0.80788,0.81281,glottocodeBase,glottocodeBase,hadz1240,bafu1246,0.14327,0.14040,GBI available,TLI available,both
Hadza1,Cameroon_Bakoko,"70%, 80%, 90%",hadz1240,atla1278,"hadz1240 ~ hadz1240 , atla1278",7, 1,hadz1240,bako1249,glottocodeBase,no proxy,hadz1240,NA,0.80788,0.00000,glottocodeBase,glottocodeTLIproxy,hadz1240,basa1284,0.14327,0.20917,GBI NOT available,TLI available,TLI only
Hadza1,Cameroon_Bangwa,"70%, 80%, 90%",hadz1240,atla1278,"hadz1240 ~ hadz1240 , atla1278",7, 1,hadz1240,ndan1241,glottocodeBase,glottocodeGBIproxy,hadz1240,fefe1239,0.80788,0.62562,glottocodeBase,glottocodeTLIproxy,hadz1240,fefe1239,0.14327,0.12607,GBI available,TLI available,both
Hadza1,Cameroon_Mbo,"70%, 80%, 90%",hadz1240,atla1278,"hadz1240 ~ hadz1240 , atla1278",7, 1,hadz1240,mboc1235,glottocodeBase,glottocodeBase,hadz1240,mboc1235,0.80788,0.68966,glottocodeBase,glottocodeBase,hadz1240,mboc1235,0.14327,0.10888,GBI available,TLI available,both
Hadza1,Damara,"70%, 80%, 90%",hadz1240,khoe1240,"hadz1240 ~ hadz1240 , khoe1240",7, 1,hadz1240,nama1264,glottocodeBase,glottocodeBase,hadz1240,nama1264,0.80788,0.42365,glottocodeBase,glottocodeBase,hadz1240,nama1264,0.14327,0.57880,GBI available,TLI available,both
Hadza1,Esan,"70%, 80%, 90%",hadz1240,atla1278,"hadz1240 ~ hadz1240 , atla1278",7, 1,hadz1240,esan1238,glottocodeBase,glottocodeBase,hadz1240,esan1238,0.80788,0.47783,glottocodeBase,no proxy,hadz1240,NA,0.14327,0.00000,GBI available,TLI NOT available,GBI only
Hadza1,Gambian,"70%, 80%, 90%",hadz1240,mand1469,"hadz1240 ~ hadz1240 , mand1469",7, 1,hadz1240,mand1436,glottocodeBase,glottocodeBase,hadz1240,mand1436,0.80788,0.55665,glottocodeBase,glottocodeBase,hadz1240,mand1436,0.14327,0.24355,GBI available,TLI available,both
Hadza1,Himba,"70%, 80%, 90%",hadz1240,atla1278,"hadz1240 ~ hadz1240 , atla1278",7, 1,hadz1240,here1253,glottocodeBase,glottocodeBase,hadz1240,here1253,0.80788,0.85222,glottocodeBase,glottocodeBase,hadz1240,here1253,0.14327,0.12321,GBI available,TLI available,both
Hadza1,Luhya,"70%, 80%, 90%",hadz1240,atla1278,"hadz1240 ~ hadz1240 , atla1278",7, 1,hadz1240,cent2288,glottocodeBase,no proxy,hadz1240,NA,0.80788,0.00000,glottocodeBase,glottocodeTLIproxy,hadz1240,tsot1241,0.14327,0.10315,GBI NOT available,TLI available,TLI only
Hadza1,Luo,"70%, 80%, 90%",hadz1240,nilo1247,"hadz1240 ~ hadz1240 , nilo1247",7, 1,hadz1240,luok1236,glottocodeBase,glottocodeBase,hadz1240,luok1236,0.80788,0.84729,glottocodeBase,glottocodeBase,hadz1240,luok1236,0.14327,0.30372,GBI available,TLI available,both
Hadza1,Malawi_Chewa,"70%, 80%, 90%",hadz1240,atla1278,"hadz1240 ~ hadz1240 , atla1278",7, 1,hadz1240,nyan1308,glottocodeBase,no proxy,hadz1240,NA,0.80788,0.00000,glottocodeBase,glottocodeBase,hadz1240,nyan1308,0.14327,0.12034,GBI NOT available,TLI available,TLI only
Hadza1,Malawi_Ngoni,"70%, 80%, 90%",hadz1240,atla1278,"hadz1240 ~ hadz1240 , atla1278",7, 1,hadz1240,ngon1269,glottocodeBase,glottocodeGBIproxy,hadz1240,tanz1241,0.80788,0.82759,glottocodeBase,glottocodeBase,hadz1240,ngon1269,0.14327,0.06877,GBI available,TLI available,both
Hadza1,Malawi_Yao,"70%, 80%, 90%",hadz1240,atla1278,"hadz1240 ~ hadz1240 , atla1278",7, 1,hadz1240,yaoo1241,glottocodeBase,glottocodeBase,hadz1240,yaoo1241,0.80788,0.60099,glottocodeBase,glottocodeBase,hadz1240,yaoo1241,0.14327,0.16332,GBI available,TLI available,both
Hadza1,Mandenka,"70%, 80%, 90%",hadz1240,mand1469,"hadz1240 ~ hadz1240 , mand1469",7, 1,hadz1240,mand1436,glottocodeBase,glottocodeBase,hadz1240,mand1436,0.80788,0.55665,glottocodeBase,glottocodeBase,hadz1240,mand1436,0.14327,0.24355,GBI available,TLI available,both
Hadza1,Mbukushu,"70%, 80%, 90%",hadz1240,atla1278,"hadz1240 ~ hadz1240 , atla1278",7, 1,hadz1240,mbuk1240,glottocodeBase,no proxy,hadz1240,NA,0.80788,0.00000,glottocodeBase,glottocodeBase,hadz1240,mbuk1240,0.14327,0.09456,GBI NOT available,TLI available,TLI only
Hadza1,Mende,"70%, 80%, 90%",hadz1240,mand1469,"hadz1240 ~ hadz1240 , mand1469",7, 1,hadz1240,mend1266,glottocodeBase,glottocodeBase,hadz1240,mend1266,0.80788,0.30542,glottocodeBase,glottocodeBase,hadz1240,mend1266,0.14327,0.24355,GBI available,TLI available,both
Hadza1,Wambo,"70%, 80%, 90%",hadz1240,atla1278,"hadz1240 ~ hadz1240 , atla1278",7, 1,hadz1240,ndon1254,glottocodeBase,glottocodeGBIproxy,hadz1240,mbal1255,0.80788,0.46305,glottocodeBase,glottocodeBase,hadz1240,ndon1254,0.14327,0.22636,GBI available,TLI available,both
Hadza1,Yoruba,"70%, 80%, 90%",hadz1240,atla1278,"hadz1240 ~ hadz1240 , atla1278",7, 1,hadz1240,yoru1245,glottocodeBase,no proxy,hadz1240,NA,0.80788,0.00000,glottocodeBase,glottocodeBase,hadz1240,yoru1245,0.14327,0.63037,GBI NOT available,TLI available,TLI only
KichwaOrellana,Karitiana,"70%, 80%, 90%",quec1387,tupi1275,"quec1387 ~ quec1387 , tupi1275",7, 7,tena1240,kari1311,no proxy,glottocodeBase,NA,kari1311,0,0.71921,glottocodeBase,glottocodeBase,tena1240,kari1311,0.10888,0.17765,GBI NOT available,TLI available,TLI only
KichwaOrellana,Karitiana_Rondonia,"70%, 80%, 90%",quec1387,tupi1275,"quec1387 ~ quec1387 , tupi1275",7, 7,tena1240,kari1311,no proxy,glottocodeBase,NA,kari1311,0,0.71921,glottocodeBase,glottocodeBase,tena1240,kari1311,0.10888,0.17765,GBI NOT available,TLI available,TLI only
KichwaOrellana,Surui,"70%, 80%, 90%",quec1387,tupi1275,"quec1387 ~ quec1387 , tupi1275",7, 7,tena1240,suru1262,no proxy,glottocodeBase,NA,suru1262,0,0.09360,glottocodeBase,glottocodeBase,tena1240,suru1262,0.10888,0.10888,GBI NOT available,TLI available,TLI only
Surui,Aymara,"70%, 80%, 90%",tupi1275,ayma1253,"tupi1275 ~ tupi1275 , ayma1253",7, 7,suru1262,sout2996,glottocodeBase,glottocodeBase,suru1262,sout2996,0.0936,0.81281,glottocodeBase,glottocodeTLIproxy,suru1262,cent2142,0.10888,0.50143,GBI available,TLI available,both
Surui,Bolivia_Quechua,"70%, 80%, 90%",tupi1275,quec1387,"tupi1275 ~ tupi1275 , quec1387",7, 7,suru1262,sout2991,glottocodeBase,no proxy,suru1262,NA,0.0936,0.00000,glottocodeBase,glottocodeBase,suru1262,sout2991,0.10888,0.26934,GBI NOT available,TLI available,TLI only
Surui,Cabecar,"70%, 80%, 90%",tupi1275,chib1249,"tupi1275 ~ tupi1275 , chib1249",7, 7,suru1262,cabe1245,glottocodeBase,glottocodeBase,suru1262,cabe1245,0.0936,0.58128,glottocodeBase,glottocodeTLIproxy,suru1262,brib1243,0.10888,0.28080,GBI available,TLI available,both
Surui,Cusco,"70%, 80%, 90%",tupi1275,quec1387,"tupi1275 ~ tupi1275 , quec1387",7, 7,suru1262,cusc1236,glottocodeBase,glottocodeBase,suru1262,cusc1236,0.0936,0.75369,glottocodeBase,glottocodeBase,suru1262,cusc1236,0.10888,0.15473,GBI available,TLI available,both
Surui,Mixe,"70%, 80%, 90%",tupi1275,mixe1284,"tupi1275 ~ tupi1275 , mixe1284",7, 7,suru1262,mixe1286,glottocodeBase,glottocodeGBIproxy,suru1262,olut1240,0.0936,0.77833,glottocodeBase,glottocodeTLIproxy,suru1262,olut1240,0.10888,0.18625,GBI available,TLI available,both
Surui,Puno,"70%, 80%, 90%",tupi1275,quec1387,"tupi1275 ~ tupi1275 , quec1387",7, 7,suru1262,puno1238,glottocodeBase,glottocodeGBIproxy,suru1262,cusc1236,0.0936,0.75369,glottocodeBase,glottocodeTLIproxy,suru1262,cusc1236,0.10888,0.15473,GBI available,TLI available,both
Surui,Chane,"70%, 80%, 90%",tupi1275,araw1281,"tupi1275 ~ tupi1275 , araw1281",7, 6,suru1262,chan1322,glottocodeBase,glottocodeGBIproxy,suru1262,tere1281,0.0936,0.42365,glottocodeBase,glottocodeTLIproxy,suru1262,tere1279,0.10888,0.11175,GBI available,TLI available,both
Surui,Cofan,"70%, 80%, 90%",tupi1275,cofa1242,"tupi1275 ~ tupi1275 , cofa1242",7, 6,suru1262,cofa1242,glottocodeBase,glottocodeBase,suru1262,cofa1242,0.0936,0.60591,glottocodeBase,glottocodeBase,suru1262,cofa1242,0.10888,0.16619,GBI available,TLI available,both
Surui,Huancas,"70%, 80%, 90%",tupi1275,quec1387,"tupi1275 ~ tupi1275 , quec1387",7, 6,suru1262,chac1250,glottocodeBase,no proxy,suru1262,NA,0.0936,0.00000,glottocodeBase,glottocodeBase,suru1262,chac1250,0.10888,0.10602,GBI NOT available,TLI available,TLI only
Surui,Kamentsa,"70%, 80%, 90%",tupi1275,cams1241,"tupi1275 ~ tupi1275 , cams1241",7, 6,suru1262,cams1241,glottocodeBase,glottocodeBase,suru1262,cams1241,0.0936,0.50739,glottocodeBase,glottocodeBase,suru1262,cams1241,0.10888,0.22350,GBI available,TLI available,both
Surui,Kaqchikel,"70%, 80%, 90%",tupi1275,maya1287,"tupi1275 ~ tupi1275 , maya1287",7, 6,suru1262,kaqc1270,glottocodeBase,glottocodeBase,suru1262,kaqc1270,0.0936,0.83251,glottocodeBase,glottocodeTLIproxy,suru1262,tzut1248,0.10888,0.45845,GBI available,TLI available,both
Surui,KichwaOrellana,"70%, 80%, 90%",tupi1275,quec1387,"tupi1275 ~ tupi1275 , quec1387",7, 6,suru1262,tena1240,glottocodeBase,no proxy,suru1262,NA,0.0936,0.00000,glottocodeBase,glottocodeBase,suru1262,tena1240,0.10888,0.10888,GBI NOT available,TLI available,TLI only
Surui,LaJalca,"70%, 80%, 90%",tupi1275,quec1387,"tupi1275 ~ tupi1275 , quec1387",7, 6,suru1262,chac1250,glottocodeBase,no proxy,suru1262,NA,0.0936,0.00000,glottocodeBase,glottocodeBase,suru1262,chac1250,0.10888,0.10602,GBI NOT available,TLI available,TLI only
Surui,Luya,"70%, 80%, 90%",tupi1275,quec1387,"tupi1275 ~ tupi1275 , quec1387",7, 6,suru1262,chac1250,glottocodeBase,no proxy,suru1262,NA,0.0936,0.00000,glottocodeBase,glottocodeBase,suru1262,chac1250,0.10888,0.10602,GBI NOT available,TLI available,TLI only
Surui,Mixtec,"70%, 80%, 90%",tupi1275,otom1299,"tupi1275 ~ tupi1275 , otom1299",7, 6,suru1262,mixt1427,glottocodeBase,glottocodeGBIproxy,suru1262,sant1436,0.0936,0.73399,glottocodeBase,glottocodeTLIproxy,suru1262,sanm1296,0.10888,0.35817,GBI available,TLI available,both
Surui,Peru_Quechua,"70%, 80%, 90%",tupi1275,quec1387,"tupi1275 ~ tupi1275 , quec1387",7, 6,suru1262,cusc1236,glottocodeBase,glottocodeBase,suru1262,cusc1236,0.0936,0.75369,glottocodeBase,glottocodeBase,suru1262,cusc1236,0.10888,0.15473,GBI available,TLI available,both
Surui,Piapoco,"70%, 80%, 90%",tupi1275,araw1281,"tupi1275 ~ tupi1275 , araw1281",7, 6,suru1262,piap1246,glottocodeBase,glottocodeBase,suru1262,piap1246,0.0936,0.25616,glottocodeBase,glottocodeBase,suru1262,piap1246,0.10888,0.15473,GBI available,TLI available,both
Surui,Ticuna,"70%, 80%, 90%",tupi1275,ticu1244,"tupi1275 ~ tupi1275 , ticu1244",7, 6,suru1262,ticu1245,glottocodeBase,glottocodeBase,suru1262,ticu1245,0.0936,0.71921,glottocodeBase,glottocodeBase,suru1262,ticu1245,0.10888,0.17192,GBI available,TLI available,both
Surui,Wayku,"70%, 80%, 90%",tupi1275,quec1387,"tupi1275 ~ tupi1275 , quec1387",7, 6,suru1262,sanm1289,glottocodeBase,glottocodeBase,suru1262,sanm1289,0.0936,0.70443,glottocodeBase,glottocodeBase,suru1262,sanm1289,0.10888,0.10602,GBI available,TLI available,both
Surui,Wayuu,"70%, 80%, 90%",tupi1275,araw1281,"tupi1275 ~ tupi1275 , araw1281",7, 6,suru1262,wayu1243,glottocodeBase,glottocodeBase,suru1262,wayu1243,0.0936,0.55665,glottocodeBase,glottocodeBase,suru1262,wayu1243,0.10888,0.28367,GBI available,TLI available,both
Surui,Zapotec,"70%, 80%, 90%",tupi1275,otom1299,"tupi1275 ~ tupi1275 , otom1299",7, 6,suru1262,zapo1437,glottocodeBase,glottocodeGBIproxy,suru1262,sanj1284,0.0936,0.60099,glottocodeBase,glottocodeTLIproxy,suru1262,sanj1284,0.10888,0.14040,GBI available,TLI available,both
Surui,Pima,"70%, 80%, 90%",tupi1275,utoa1244,"tupi1275 ~ tupi1275 , utoa1244",7, 1,suru1262,pima1248,glottocodeBase,glottocodeBase,suru1262,pima1248,0.0936,0.74384,glottocodeBase,glottocodeBase,suru1262,pima1248,0.10888,0.11175,GBI available,TLI available,both
Vanuatu_Ifira,Baining_Malasait,70%,aust1307,bain1263,"aust1307 ~ aust1307 , bain1263",7, 7,fila1237,bain1263,glottocodeGBIproxy,glottocodeGBIproxy,mele1250,qaqe1238,0.50739,0.26108,glottocodeTLIproxy,glottocodeTLIproxy,mele1250,qaqe1238,0.02579,0.14327,GBI available,TLI available,both
Vanuatu_Ifira,Baining_Marabu,70%,aust1307,bain1263,"aust1307 ~ aust1307 , bain1263",7, 7,fila1237,bain1263,glottocodeGBIproxy,glottocodeGBIproxy,mele1250,mali1284,0.50739,0.50739,glottocodeTLIproxy,glottocodeTLIproxy,mele1250,mali1284,0.02579,0.08309,GBI available,TLI available,both
Vanuatu_Ifira,Ata_Bili,70%,aust1307,pele1245,"aust1307 ~ aust1307 , pele1245",7, 5,fila1237,pele1245,glottocodeGBIproxy,glottocodeBase,mele1250,pele1245,0.50739,0.23645,glottocodeTLIproxy,glottocodeBase,mele1250,pele1245,0.02579,0.00287,GBI available,TLI available,both
Vanuatu_Ifira,Ata_Luge,70%,aust1307,pele1245,"aust1307 ~ aust1307 , pele1245",7, 5,fila1237,pele1245,glottocodeGBIproxy,glottocodeBase,mele1250,pele1245,0.50739,0.23645,glottocodeTLIproxy,glottocodeBase,mele1250,pele1245,0.02579,0.00287,GBI available,TLI available,both
Vanuatu_Ifira,Ata_Uassilau,70%,aust1307,pele1245,"aust1307 ~ aust1307 , pele1245",7, 5,fila1237,pele1245,glottocodeGBIproxy,glottocodeBase,mele1250,pele1245,0.50739,0.23645,glottocodeTLIproxy,glottocodeBase,mele1250,pele1245,0.02579,0.00287,GBI available,TLI available,both
Vanuatu_Ifira,Nasioi,70%,aust1307,sout2948,"aust1307 ~ aust1307 , sout2948",7, 7,fila1237,nasi1247,glottocodeGBIproxy,glottocodeGBIproxy,mele1250,naas1242,0.50739,0.28079,glottocodeTLIproxy,glottocodeTLIproxy,mele1250,naas1242,0.02579,0.21777,GBI available,TLI available,both
Vanuatu_Ifira,Vella_Lavella,70%,aust1307,bilu1245,"aust1307 ~ aust1307 , bilu1245",7, 7,fila1237,bilu1245,glottocodeGBIproxy,glottocodeBase,mele1250,bilu1245,0.50739,0.47291,glottocodeTLIproxy,glottocodeBase,mele1250,bilu1245,0.02579,0.20057,GBI available,TLI available,both
Yemen_Mahra,BantuSA_Herero,"70%, 80%",afro1255,atla1278,"afro1255 ~ afro1255 , atla1278",7, 7,mehr1241,here1253,no proxy,glottocodeBase,NA,here1253,0,0.85222,glottocodeBase,glottocodeBase,mehr1241,here1253,0.21777,0.12321,GBI NOT available,TLI available,TLI only
Yemen_Mahra,BantuSA_Ovambo,"70%, 80%",afro1255,atla1278,"afro1255 ~ afro1255 , atla1278",7, 7,mehr1241,ndon1254,no proxy,glottocodeGBIproxy,NA,mbal1255,0,0.46305,glottocodeBase,glottocodeBase,mehr1241,ndon1254,0.21777,0.22636,GBI NOT available,TLI available,TLI only
Yemen_Mahra,Cameroon_Aghem,"70%, 80%",afro1255,atla1278,"afro1255 ~ afro1255 , atla1278",7, 7,mehr1241,aghe1239,no proxy,glottocodeBase,NA,aghe1239,0,0.74877,glottocodeBase,glottocodeBase,mehr1241,aghe1239,0.21777,0.15759,GBI NOT available,TLI available,TLI only
Yemen_Mahra,Cameroon_Bafut,"70%, 80%",afro1255,atla1278,"afro1255 ~ afro1255 , atla1278",7, 7,mehr1241,bafu1246,no proxy,glottocodeBase,NA,bafu1246,0,0.81281,glottocodeBase,glottocodeBase,mehr1241,bafu1246,0.21777,0.14040,GBI NOT available,TLI available,TLI only
Yemen_Mahra,Cameroon_Bakoko,"70%, 80%",afro1255,atla1278,"afro1255 ~ afro1255 , atla1278",7, 7,mehr1241,bako1249,no proxy,no proxy,NA,NA,0,0.00000,glottocodeBase,glottocodeTLIproxy,mehr1241,basa1284,0.21777,0.20917,GBI NOT available,TLI available,TLI only
Yemen_Mahra,Cameroon_Bangwa,"70%, 80%",afro1255,atla1278,"afro1255 ~ afro1255 , atla1278",7, 7,mehr1241,ndan1241,no proxy,glottocodeGBIproxy,NA,fefe1239,0,0.62562,glottocodeBase,glottocodeTLIproxy,mehr1241,fefe1239,0.21777,0.12607,GBI NOT available,TLI available,TLI only
Yemen_Mahra,Cameroon_Mbo,"70%, 80%",afro1255,atla1278,"afro1255 ~ afro1255 , atla1278",7, 7,mehr1241,mboc1235,no proxy,glottocodeBase,NA,mboc1235,0,0.68966,glottocodeBase,glottocodeBase,mehr1241,mboc1235,0.21777,0.10888,GBI NOT available,TLI available,TLI only
Yemen_Mahra,Damara,"70%, 80%",afro1255,khoe1240,"afro1255 ~ afro1255 , khoe1240",7, 7,mehr1241,nama1264,no proxy,glottocodeBase,NA,nama1264,0,0.42365,glottocodeBase,glottocodeBase,mehr1241,nama1264,0.21777,0.57880,GBI NOT available,TLI available,TLI only
Yemen_Mahra,Gambian,"70%, 80%",afro1255,mand1469,"afro1255 ~ afro1255 , mand1469",7, 7,mehr1241,mand1436,no proxy,glottocodeBase,NA,mand1436,0,0.55665,glottocodeBase,glottocodeBase,mehr1241,mand1436,0.21777,0.24355,GBI NOT available,TLI available,TLI only
Yemen_Mahra,Himba,"70%, 80%",afro1255,atla1278,"afro1255 ~ afro1255 , atla1278",7, 7,mehr1241,here1253,no proxy,glottocodeBase,NA,here1253,0,0.85222,glottocodeBase,glottocodeBase,mehr1241,here1253,0.21777,0.12321,GBI NOT available,TLI available,TLI only
Yemen_Mahra,Malawi_Chewa,"70%, 80%",afro1255,atla1278,"afro1255 ~ afro1255 , atla1278",7, 7,mehr1241,nyan1308,no proxy,no proxy,NA,NA,0,0.00000,glottocodeBase,glottocodeBase,mehr1241,nyan1308,0.21777,0.12034,GBI NOT available,TLI available,TLI only
Yemen_Mahra,Malawi_Ngoni,"70%, 80%",afro1255,atla1278,"afro1255 ~ afro1255 , atla1278",7, 7,mehr1241,ngon1269,no proxy,glottocodeGBIproxy,NA,tanz1241,0,0.82759,glottocodeBase,glottocodeBase,mehr1241,ngon1269,0.21777,0.06877,GBI NOT available,TLI available,TLI only
Yemen_Mahra,Malawi_Yao,"70%, 80%",afro1255,atla1278,"afro1255 ~ afro1255 , atla1278",7, 7,mehr1241,yaoo1241,no proxy,glottocodeBase,NA,yaoo1241,0,0.60099,glottocodeBase,glottocodeBase,mehr1241,yaoo1241,0.21777,0.16332,GBI NOT available,TLI available,TLI only
Yemen_Mahra,Mandenka,"70%, 80%",afro1255,mand1469,"afro1255 ~ afro1255 , mand1469",7, 7,mehr1241,mand1436,no proxy,glottocodeBase,NA,mand1436,0,0.55665,glottocodeBase,glottocodeBase,mehr1241,mand1436,0.21777,0.24355,GBI NOT available,TLI available,TLI only
Yemen_Mahra,Mbukushu,"70%, 80%",afro1255,atla1278,"afro1255 ~ afro1255 , atla1278",7, 7,mehr1241,mbuk1240,no proxy,no proxy,NA,NA,0,0.00000,glottocodeBase,glottocodeBase,mehr1241,mbuk1240,0.21777,0.09456,GBI NOT available,TLI available,TLI only
Yemen_Mahra,Mende,"70%, 80%",afro1255,mand1469,"afro1255 ~ afro1255 , mand1469",7, 7,mehr1241,mend1266,no proxy,glottocodeBase,NA,mend1266,0,0.30542,glottocodeBase,glottocodeBase,mehr1241,mend1266,0.21777,0.24355,GBI NOT available,TLI available,TLI only
Yemen_Mahra,Wambo,"70%, 80%",afro1255,atla1278,"afro1255 ~ afro1255 , atla1278",7, 7,mehr1241,ndon1254,no proxy,glottocodeGBIproxy,NA,mbal1255,0,0.46305,glottocodeBase,glottocodeBase,mehr1241,ndon1254,0.21777,0.22636,GBI NOT available,TLI available,TLI only
Yemen_Mahra,Yoruba,"70%, 80%",afro1255,atla1278,"afro1255 ~ afro1255 , atla1278",7, 7,mehr1241,yoru1245,no proxy,no proxy,NA,NA,0,0.00000,glottocodeBase,glottocodeBase,mehr1241,yoru1245,0.21777,0.63037,GBI NOT available,TLI available,TLI only
Yemen_Mahra,BantuSA_Zulu,"70%, 80%",afro1255,atla1278,"afro1255 ~ afro1255 , atla1278",7, 1,mehr1241,zulu1248,no proxy,glottocodeBase,NA,zulu1248,0,0.19704,glottocodeBase,glottocodeBase,mehr1241,zulu1248,0.21777,0.68768,GBI NOT available,TLI available,TLI only
Yemen_Mahra,Luhya,"70%, 80%",afro1255,atla1278,"afro1255 ~ afro1255 , atla1278",7, 1,mehr1241,cent2288,no proxy,no proxy,NA,NA,0,0.00000,glottocodeBase,glottocodeTLIproxy,mehr1241,tsot1241,0.21777,0.10315,GBI NOT available,TLI available,TLI only
Yemen_Mahra,Luo,"70%, 80%",afro1255,nilo1247,"afro1255 ~ afro1255 , nilo1247",7, 1,mehr1241,luok1236,no proxy,glottocodeBase,NA,luok1236,0,0.84729,glottocodeBase,glottocodeBase,mehr1241,luok1236,0.21777,0.30372,GBI NOT available,TLI available,TLI only
Italian_Calabria,BedouinB,70%,indo1319,afro1255,"indo1319 ~ indo1319 , afro1255",6, 1,neap1235,east2690,glottocodeGBIproxy,glottocodeBase,ital1282,east2690,0.8867,0.63547,glottocodeTLIproxy,no proxy,ital1282,NA,0.58453,0.00000,GBI available,TLI NOT available,GBI only
Italian_Calabria,Yemen_Ad_Dali,70%,indo1319,afro1255,"indo1319 ~ indo1319 , afro1255",6, 1,neap1235,sana1295,glottocodeGBIproxy,glottocodeBase,ital1282,sana1295,0.8867,0.74877,glottocodeTLIproxy,glottocodeBase,ital1282,sana1295,0.58453,0.02006,GBI available,TLI available,both
Italian_Calabria,Yemen_Al_Bayda,70%,indo1319,afro1255,"indo1319 ~ indo1319 , afro1255",6, 1,neap1235,sana1295,glottocodeGBIproxy,glottocodeBase,ital1282,sana1295,0.8867,0.74877,glottocodeTLIproxy,glottocodeBase,ital1282,sana1295,0.58453,0.02006,GBI available,TLI available,both
Italian_Calabria,Yemen_Al_Jawf,70%,indo1319,afro1255,"indo1319 ~ indo1319 , afro1255",6, 1,neap1235,sana1295,glottocodeGBIproxy,glottocodeBase,ital1282,sana1295,0.8867,0.74877,glottocodeTLIproxy,glottocodeBase,ital1282,sana1295,0.58453,0.02006,GBI available,TLI available,both
Italian_Calabria,Yemen_Dhamar,70%,indo1319,afro1255,"indo1319 ~ indo1319 , afro1255",6, 1,neap1235,sana1295,glottocodeGBIproxy,glottocodeBase,ital1282,sana1295,0.8867,0.74877,glottocodeTLIproxy,glottocodeBase,ital1282,sana1295,0.58453,0.02006,GBI available,TLI available,both
Italian_Calabria,Yemen_Marib,70%,indo1319,afro1255,"indo1319 ~ indo1319 , afro1255",6, 1,neap1235,sana1295,glottocodeGBIproxy,glottocodeBase,ital1282,sana1295,0.8867,0.74877,glottocodeTLIproxy,glottocodeBase,ital1282,sana1295,0.58453,0.02006,GBI available,TLI available,both
Libyan,BantuSA_Herero,70%,afro1255,atla1278,"afro1255 ~ afro1255 , atla1278",6, 1,liby1240,here1253,glottocodeBase,glottocodeBase,liby1240,here1253,0.78325,0.85222,glottocodeBase,glottocodeBase,liby1240,here1253,0.11748,0.12321,GBI available,TLI available,both
Libyan,BantuSA_Ovambo,70%,afro1255,atla1278,"afro1255 ~ afro1255 , atla1278",6, 1,liby1240,ndon1254,glottocodeBase,glottocodeGBIproxy,liby1240,mbal1255,0.78325,0.46305,glottocodeBase,glottocodeBase,liby1240,ndon1254,0.11748,0.22636,GBI available,TLI available,both
Libyan,BantuSA_Zulu,70%,afro1255,atla1278,"afro1255 ~ afro1255 , atla1278",6, 1,liby1240,zulu1248,glottocodeBase,glottocodeBase,liby1240,zulu1248,0.78325,0.19704,glottocodeBase,glottocodeBase,liby1240,zulu1248,0.11748,0.68768,GBI available,TLI available,both
Libyan,Cameroon_Aghem,70%,afro1255,atla1278,"afro1255 ~ afro1255 , atla1278",6, 1,liby1240,aghe1239,glottocodeBase,glottocodeBase,liby1240,aghe1239,0.78325,0.74877,glottocodeBase,glottocodeBase,liby1240,aghe1239,0.11748,0.15759,GBI available,TLI available,both
Libyan,Cameroon_Bafut,70%,afro1255,atla1278,"afro1255 ~ afro1255 , atla1278",6, 1,liby1240,bafu1246,glottocodeBase,glottocodeBase,liby1240,bafu1246,0.78325,0.81281,glottocodeBase,glottocodeBase,liby1240,bafu1246,0.11748,0.14040,GBI available,TLI available,both
Libyan,Cameroon_Bakoko,70%,afro1255,atla1278,"afro1255 ~ afro1255 , atla1278",6, 1,liby1240,bako1249,glottocodeBase,no proxy,liby1240,NA,0.78325,0.00000,glottocodeBase,glottocodeTLIproxy,liby1240,basa1284,0.11748,0.20917,GBI NOT available,TLI available,TLI only
Libyan,Cameroon_Bangwa,70%,afro1255,atla1278,"afro1255 ~ afro1255 , atla1278",6, 1,liby1240,ndan1241,glottocodeBase,glottocodeGBIproxy,liby1240,fefe1239,0.78325,0.62562,glottocodeBase,glottocodeTLIproxy,liby1240,fefe1239,0.11748,0.12607,GBI available,TLI available,both
Libyan,Cameroon_Mbo,70%,afro1255,atla1278,"afro1255 ~ afro1255 , atla1278",6, 1,liby1240,mboc1235,glottocodeBase,glottocodeBase,liby1240,mboc1235,0.78325,0.68966,glottocodeBase,glottocodeBase,liby1240,mboc1235,0.11748,0.10888,GBI available,TLI available,both
Libyan,Damara,70%,afro1255,khoe1240,"afro1255 ~ afro1255 , khoe1240",6, 1,liby1240,nama1264,glottocodeBase,glottocodeBase,liby1240,nama1264,0.78325,0.42365,glottocodeBase,glottocodeBase,liby1240,nama1264,0.11748,0.57880,GBI available,TLI available,both
Libyan,Esan,70%,afro1255,atla1278,"afro1255 ~ afro1255 , atla1278",6, 1,liby1240,esan1238,glottocodeBase,glottocodeBase,liby1240,esan1238,0.78325,0.47783,glottocodeBase,no proxy,liby1240,NA,0.11748,0.00000,GBI available,TLI NOT available,GBI only
Libyan,Gambian,70%,afro1255,mand1469,"afro1255 ~ afro1255 , mand1469",6, 1,liby1240,mand1436,glottocodeBase,glottocodeBase,liby1240,mand1436,0.78325,0.55665,glottocodeBase,glottocodeBase,liby1240,mand1436,0.11748,0.24355,GBI available,TLI available,both
Libyan,Himba,70%,afro1255,atla1278,"afro1255 ~ afro1255 , atla1278",6, 1,liby1240,here1253,glottocodeBase,glottocodeBase,liby1240,here1253,0.78325,0.85222,glottocodeBase,glottocodeBase,liby1240,here1253,0.11748,0.12321,GBI available,TLI available,both
Libyan,Luhya,70%,afro1255,atla1278,"afro1255 ~ afro1255 , atla1278",6, 1,liby1240,cent2288,glottocodeBase,no proxy,liby1240,NA,0.78325,0.00000,glottocodeBase,glottocodeTLIproxy,liby1240,tsot1241,0.11748,0.10315,GBI NOT available,TLI available,TLI only
Libyan,Luo,70%,afro1255,nilo1247,"afro1255 ~ afro1255 , nilo1247",6, 1,liby1240,luok1236,glottocodeBase,glottocodeBase,liby1240,luok1236,0.78325,0.84729,glottocodeBase,glottocodeBase,liby1240,luok1236,0.11748,0.30372,GBI available,TLI available,both
Libyan,Malawi_Chewa,70%,afro1255,atla1278,"afro1255 ~ afro1255 , atla1278",6, 1,liby1240,nyan1308,glottocodeBase,no proxy,liby1240,NA,0.78325,0.00000,glottocodeBase,glottocodeBase,liby1240,nyan1308,0.11748,0.12034,GBI NOT available,TLI available,TLI only
Libyan,Malawi_Ngoni,70%,afro1255,atla1278,"afro1255 ~ afro1255 , atla1278",6, 1,liby1240,ngon1269,glottocodeBase,glottocodeGBIproxy,liby1240,tanz1241,0.78325,0.82759,glottocodeBase,glottocodeBase,liby1240,ngon1269,0.11748,0.06877,GBI available,TLI available,both
Libyan,Malawi_Yao,70%,afro1255,atla1278,"afro1255 ~ afro1255 , atla1278",6, 1,liby1240,yaoo1241,glottocodeBase,glottocodeBase,liby1240,yaoo1241,0.78325,0.60099,glottocodeBase,glottocodeBase,liby1240,yaoo1241,0.11748,0.16332,GBI available,TLI available,both
Libyan,Mandenka,70%,afro1255,mand1469,"afro1255 ~ afro1255 , mand1469",6, 1,liby1240,mand1436,glottocodeBase,glottocodeBase,liby1240,mand1436,0.78325,0.55665,glottocodeBase,glottocodeBase,liby1240,mand1436,0.11748,0.24355,GBI available,TLI available,both
Libyan,Mbukushu,70%,afro1255,atla1278,"afro1255 ~ afro1255 , atla1278",6, 1,liby1240,mbuk1240,glottocodeBase,no proxy,liby1240,NA,0.78325,0.00000,glottocodeBase,glottocodeBase,liby1240,mbuk1240,0.11748,0.09456,GBI NOT available,TLI available,TLI only
Libyan,Mende,70%,afro1255,mand1469,"afro1255 ~ afro1255 , mand1469",6, 1,liby1240,mend1266,glottocodeBase,glottocodeBase,liby1240,mend1266,0.78325,0.30542,glottocodeBase,glottocodeBase,liby1240,mend1266,0.11748,0.24355,GBI available,TLI available,both
Libyan,Wambo,70%,afro1255,atla1278,"afro1255 ~ afro1255 , atla1278",6, 1,liby1240,ndon1254,glottocodeBase,glottocodeGBIproxy,liby1240,mbal1255,0.78325,0.46305,glottocodeBase,glottocodeBase,liby1240,ndon1254,0.11748,0.22636,GBI available,TLI available,both
Libyan,Yoruba,70%,afro1255,atla1278,"afro1255 ~ afro1255 , atla1278",6, 1,liby1240,yoru1245,glottocodeBase,no proxy,liby1240,NA,0.78325,0.00000,glottocodeBase,glottocodeBase,liby1240,yoru1245,0.11748,0.63037,GBI NOT available,TLI available,TLI only
Aleut_Tlingit,Belarusian,70%,eski1264,indo1319,"eski1264 ~ eski1264 , indo1319",5, 5,aleu1260,bela1254,glottocodeBase,glottocodeBase,aleu1260,bela1254,0.86207,0.87685,glottocodeBase,glottocodeBase,aleu1260,bela1254,0.45845,0.14040,GBI available,TLI available,both
Aleut_Tlingit,Estonian,70%,eski1264,ural1272,"eski1264 ~ eski1264 , ural1272",5, 5,aleu1260,esto1258,glottocodeBase,glottocodeBase,aleu1260,esto1258,0.86207,0.86207,glottocodeBase,glottocodeBase,aleu1260,esto1258,0.45845,0.46418,GBI available,TLI available,both
Aleut_Tlingit,Finnish,70%,eski1264,ural1272,"eski1264 ~ eski1264 , ural1272",5, 5,aleu1260,finn1318,glottocodeBase,glottocodeBase,aleu1260,finn1318,0.86207,0.87192,glottocodeBase,glottocodeBase,aleu1260,finn1318,0.45845,0.84527,GBI available,TLI available,both
Aleut_Tlingit,French_West,70%,eski1264,indo1319,"eski1264 ~ eski1264 , indo1319",5, 5,aleu1260,stan1290,glottocodeBase,glottocodeBase,aleu1260,stan1290,0.86207,0.89655,glottocodeBase,glottocodeBase,aleu1260,stan1290,0.45845,0.80802,GBI available,TLI available,both
Aleut_Tlingit,German_Lipsian,70%,eski1264,indo1319,"eski1264 ~ eski1264 , indo1319",5, 5,aleu1260,stan1295,glottocodeBase,no proxy,aleu1260,NA,0.86207,0.00000,glottocodeBase,glottocodeBase,aleu1260,stan1295,0.45845,0.79370,GBI NOT available,TLI available,TLI only
Aleut_Tlingit,German_Sorb,70%,eski1264,indo1319,"eski1264 ~ eski1264 , indo1319",5, 5,aleu1260,sorb1249,glottocodeBase,no proxy,aleu1260,NA,0.86207,0.00000,glottocodeBase,glottocodeTLIproxy,aleu1260,uppe1395,0.45845,0.28367,GBI NOT available,TLI available,TLI only
Aleut_Tlingit,Icelandic,70%,eski1264,indo1319,"eski1264 ~ eski1264 , indo1319",5, 5,aleu1260,icel1247,glottocodeBase,glottocodeBase,aleu1260,icel1247,0.86207,0.86700,glottocodeBase,glottocodeBase,aleu1260,icel1247,0.45845,0.59599,GBI available,TLI available,both
Aleut_Tlingit,Irish_Connacht,70%,eski1264,indo1319,"eski1264 ~ eski1264 , indo1319",5, 5,aleu1260,conn1243,glottocodeBase,glottocodeGBIproxy,aleu1260,iris1253,0.86207,0.92118,glottocodeBase,glottocodeTLIproxy,aleu1260,iris1253,0.45845,0.54441,GBI available,TLI available,both
Aleut_Tlingit,Irish_Cork_Kerry,70%,eski1264,indo1319,"eski1264 ~ eski1264 , indo1319",5, 5,aleu1260,iris1253,glottocodeBase,glottocodeBase,aleu1260,iris1253,0.86207,0.92118,glottocodeBase,glottocodeBase,aleu1260,iris1253,0.45845,0.54441,GBI available,TLI available,both
Aleut_Tlingit,Irish_Leinster,70%,eski1264,indo1319,"eski1264 ~ eski1264 , indo1319",5, 5,aleu1260,iris1253,glottocodeBase,glottocodeBase,aleu1260,iris1253,0.86207,0.92118,glottocodeBase,glottocodeBase,aleu1260,iris1253,0.45845,0.54441,GBI available,TLI available,both
Aleut_Tlingit,Irish_Munster,70%,eski1264,indo1319,"eski1264 ~ eski1264 , indo1319",5, 5,aleu1260,muns1250,glottocodeBase,glottocodeGBIproxy,aleu1260,iris1253,0.86207,0.92118,glottocodeBase,glottocodeTLIproxy,aleu1260,iris1253,0.45845,0.54441,GBI available,TLI available,both
Aleut_Tlingit,Irish_Ulster,70%,eski1264,indo1319,"eski1264 ~ eski1264 , indo1319",5, 5,aleu1260,done1238,glottocodeBase,glottocodeGBIproxy,aleu1260,iris1253,0.86207,0.92118,glottocodeBase,glottocodeTLIproxy,aleu1260,iris1253,0.45845,0.54441,GBI available,TLI available,both
Aleut_Tlingit,Karelian_Northern,70%,eski1264,ural1272,"eski1264 ~ eski1264 , ural1272",5, 5,aleu1260,nort2673,glottocodeBase,glottocodeBase,aleu1260,nort2673,0.86207,0.85714,glottocodeBase,glottocodeTLIproxy,aleu1260,kare1335,0.45845,0.20917,GBI available,TLI available,both
Aleut_Tlingit,Karelian_Southern,70%,eski1264,ural1272,"eski1264 ~ eski1264 , ural1272",5, 5,aleu1260,sout2676,glottocodeBase,glottocodeGBIproxy,aleu1260,tver1240,0.86207,0.87192,glottocodeBase,glottocodeTLIproxy,aleu1260,kare1335,0.45845,0.20917,GBI available,TLI available,both
Aleut_Tlingit,Lithuanian,70%,eski1264,indo1319,"eski1264 ~ eski1264 , indo1319",5, 5,aleu1260,lith1251,glottocodeBase,glottocodeBase,aleu1260,lith1251,0.86207,0.86700,glottocodeBase,glottocodeBase,aleu1260,lith1251,0.45845,0.53868,GBI available,TLI available,both
Aleut_Tlingit,Norwegian,70%,eski1264,indo1319,"eski1264 ~ eski1264 , indo1319",5, 5,aleu1260,norw1258,glottocodeBase,no proxy,aleu1260,NA,0.86207,0.00000,glottocodeBase,glottocodeBase,aleu1260,norw1258,0.45845,0.34670,GBI NOT available,TLI available,TLI only
Aleut_Tlingit,Orcadian,70%,eski1264,indo1319,"eski1264 ~ eski1264 , indo1319",5, 5,aleu1260,scot1243,glottocodeBase,no proxy,aleu1260,NA,0.86207,0.00000,glottocodeBase,glottocodeBase,aleu1260,scot1243,0.45845,0.10315,GBI NOT available,TLI available,TLI only
Aleut_Tlingit,Polish_Lublin,70%,eski1264,indo1319,"eski1264 ~ eski1264 , indo1319",5, 5,aleu1260,poli1260,glottocodeBase,glottocodeBase,aleu1260,poli1260,0.86207,0.93596,glottocodeBase,glottocodeBase,aleu1260,poli1260,0.45845,0.56447,GBI available,TLI available,both
Aleut_Tlingit,Polish_Poznan,70%,eski1264,indo1319,"eski1264 ~ eski1264 , indo1319",5, 5,aleu1260,poli1260,glottocodeBase,glottocodeBase,aleu1260,poli1260,0.86207,0.93596,glottocodeBase,glottocodeBase,aleu1260,poli1260,0.45845,0.56447,GBI available,TLI available,both
Aleut_Tlingit,Russian,70%,eski1264,indo1319,"eski1264 ~ eski1264 , indo1319",5, 5,aleu1260,russ1263,glottocodeBase,glottocodeBase,aleu1260,russ1263,0.86207,0.92118,glottocodeBase,glottocodeBase,aleu1260,russ1263,0.45845,0.85387,GBI available,TLI available,both
Aleut_Tlingit,Russian_Archangelsk_Krasnoborsky,70%,eski1264,indo1319,"eski1264 ~ eski1264 , indo1319",5, 5,aleu1260,russ1263,glottocodeBase,glottocodeBase,aleu1260,russ1263,0.86207,0.92118,glottocodeBase,glottocodeBase,aleu1260,russ1263,0.45845,0.85387,GBI available,TLI available,both
Aleut_Tlingit,Russian_Archangelsk_Pinezhsky,70%,eski1264,indo1319,"eski1264 ~ eski1264 , indo1319",5, 5,aleu1260,russ1263,glottocodeBase,glottocodeBase,aleu1260,russ1263,0.86207,0.92118,glottocodeBase,glottocodeBase,aleu1260,russ1263,0.45845,0.85387,GBI available,TLI available,both
Aleut_Tlingit,Russian_Belgorod,70%,eski1264,indo1319,"eski1264 ~ eski1264 , indo1319",5, 5,aleu1260,russ1263,glottocodeBase,glottocodeBase,aleu1260,russ1263,0.86207,0.92118,glottocodeBase,glottocodeBase,aleu1260,russ1263,0.45845,0.85387,GBI available,TLI available,both
Aleut_Tlingit,Russian_Kaluga,70%,eski1264,indo1319,"eski1264 ~ eski1264 , indo1319",5, 5,aleu1260,russ1263,glottocodeBase,glottocodeBase,aleu1260,russ1263,0.86207,0.92118,glottocodeBase,glottocodeBase,aleu1260,russ1263,0.45845,0.85387,GBI available,TLI available,both
Aleut_Tlingit,Russian_Kursk,70%,eski1264,indo1319,"eski1264 ~ eski1264 , indo1319",5, 5,aleu1260,russ1263,glottocodeBase,glottocodeBase,aleu1260,russ1263,0.86207,0.92118,glottocodeBase,glottocodeBase,aleu1260,russ1263,0.45845,0.85387,GBI available,TLI available,both
Aleut_Tlingit,Russian_Oryol,70%,eski1264,indo1319,"eski1264 ~ eski1264 , indo1319",5, 5,aleu1260,russ1263,glottocodeBase,glottocodeBase,aleu1260,russ1263,0.86207,0.92118,glottocodeBase,glottocodeBase,aleu1260,russ1263,0.45845,0.85387,GBI available,TLI available,both
Aleut_Tlingit,Russian_Pskov_Ostrov,70%,eski1264,indo1319,"eski1264 ~ eski1264 , indo1319",5, 5,aleu1260,russ1263,glottocodeBase,glottocodeBase,aleu1260,russ1263,0.86207,0.92118,glottocodeBase,glottocodeBase,aleu1260,russ1263,0.45845,0.85387,GBI available,TLI available,both
Aleut_Tlingit,Russian_Pskov_Porkhov,70%,eski1264,indo1319,"eski1264 ~ eski1264 , indo1319",5, 5,aleu1260,russ1263,glottocodeBase,glottocodeBase,aleu1260,russ1263,0.86207,0.92118,glottocodeBase,glottocodeBase,aleu1260,russ1263,0.45845,0.85387,GBI available,TLI available,both
Aleut_Tlingit,Russian_Ryazan_Mihailovsky,70%,eski1264,indo1319,"eski1264 ~ eski1264 , indo1319",5, 5,aleu1260,russ1263,glottocodeBase,glottocodeBase,aleu1260,russ1263,0.86207,0.92118,glottocodeBase,glottocodeBase,aleu1260,russ1263,0.45845,0.85387,GBI available,TLI available,both
Aleut_Tlingit,Russian_Ryazan_Spassk_Ryazansky,70%,eski1264,indo1319,"eski1264 ~ eski1264 , indo1319",5, 5,aleu1260,russ1263,glottocodeBase,glottocodeBase,aleu1260,russ1263,0.86207,0.92118,glottocodeBase,glottocodeBase,aleu1260,russ1263,0.45845,0.85387,GBI available,TLI available,both
Aleut_Tlingit,Russian_Smolensk,70%,eski1264,indo1319,"eski1264 ~ eski1264 , indo1319",5, 5,aleu1260,russ1263,glottocodeBase,glottocodeBase,aleu1260,russ1263,0.86207,0.92118,glottocodeBase,glottocodeBase,aleu1260,russ1263,0.45845,0.85387,GBI available,TLI available,both
Aleut_Tlingit,Russian_Tver,70%,eski1264,indo1319,"eski1264 ~ eski1264 , indo1319",5, 5,aleu1260,russ1263,glottocodeBase,glottocodeBase,aleu1260,russ1263,0.86207,0.92118,glottocodeBase,glottocodeBase,aleu1260,russ1263,0.45845,0.85387,GBI available,TLI available,both
Aleut_Tlingit,Russian_Yaroslavl,70%,eski1264,indo1319,"eski1264 ~ eski1264 , indo1319",5, 5,aleu1260,russ1263,glottocodeBase,glottocodeBase,aleu1260,russ1263,0.86207,0.92118,glottocodeBase,glottocodeBase,aleu1260,russ1263,0.45845,0.85387,GBI available,TLI available,both
Aleut_Tlingit,Scottish,70%,eski1264,indo1319,"eski1264 ~ eski1264 , indo1319",5, 5,aleu1260,scot1245,glottocodeBase,no proxy,aleu1260,NA,0.86207,0.00000,glottocodeBase,glottocodeBase,aleu1260,scot1245,0.45845,0.26934,GBI NOT available,TLI available,TLI only
Aleut_Tlingit,Scottish_Borders,70%,eski1264,indo1319,"eski1264 ~ eski1264 , indo1319",5, 5,aleu1260,scot1245,glottocodeBase,no proxy,aleu1260,NA,0.86207,0.00000,glottocodeBase,glottocodeBase,aleu1260,scot1245,0.45845,0.26934,GBI NOT available,TLI available,TLI only
Aleut_Tlingit,Scottish_Dumfries_Galloway,70%,eski1264,indo1319,"eski1264 ~ eski1264 , indo1319",5, 5,aleu1260,scot1245,glottocodeBase,no proxy,aleu1260,NA,0.86207,0.00000,glottocodeBase,glottocodeBase,aleu1260,scot1245,0.45845,0.26934,GBI NOT available,TLI available,TLI only
Aleut_Tlingit,Scottish_Fife,70%,eski1264,indo1319,"eski1264 ~ eski1264 , indo1319",5, 5,aleu1260,scot1245,glottocodeBase,no proxy,aleu1260,NA,0.86207,0.00000,glottocodeBase,glottocodeBase,aleu1260,scot1245,0.45845,0.26934,GBI NOT available,TLI available,TLI only
Aleut_Tlingit,Scottish_Grampian,70%,eski1264,indo1319,"eski1264 ~ eski1264 , indo1319",5, 5,aleu1260,scot1245,glottocodeBase,no proxy,aleu1260,NA,0.86207,0.00000,glottocodeBase,glottocodeBase,aleu1260,scot1245,0.45845,0.26934,GBI NOT available,TLI available,TLI only
Aleut_Tlingit,Scottish_Highlands,70%,eski1264,indo1319,"eski1264 ~ eski1264 , indo1319",5, 5,aleu1260,scot1245,glottocodeBase,no proxy,aleu1260,NA,0.86207,0.00000,glottocodeBase,glottocodeBase,aleu1260,scot1245,0.45845,0.26934,GBI NOT available,TLI available,TLI only
Aleut_Tlingit,Scottish_Shetlandic,70%,eski1264,indo1319,"eski1264 ~ eski1264 , indo1319",5, 5,aleu1260,scot1245,glottocodeBase,no proxy,aleu1260,NA,0.86207,0.00000,glottocodeBase,glottocodeBase,aleu1260,scot1245,0.45845,0.26934,GBI NOT available,TLI available,TLI only
Aleut_Tlingit,Ukrainian_East,70%,eski1264,indo1319,"eski1264 ~ eski1264 , indo1319",5, 5,aleu1260,ukra1253,glottocodeBase,glottocodeBase,aleu1260,ukra1253,0.86207,0.78325,glottocodeBase,glottocodeBase,aleu1260,ukra1253,0.45845,0.32665,GBI available,TLI available,both
Aleut_Tlingit,Ukrainian_Rovenskaya,70%,eski1264,indo1319,"eski1264 ~ eski1264 , indo1319",5, 5,aleu1260,ukra1253,glottocodeBase,glottocodeBase,aleu1260,ukra1253,0.86207,0.78325,glottocodeBase,glottocodeBase,aleu1260,ukra1253,0.45845,0.32665,GBI available,TLI available,both
Aleut_Tlingit,Ukrainian_Sumskaya,70%,eski1264,indo1319,"eski1264 ~ eski1264 , indo1319",5, 5,aleu1260,ukra1253,glottocodeBase,glottocodeBase,aleu1260,ukra1253,0.86207,0.78325,glottocodeBase,glottocodeBase,aleu1260,ukra1253,0.45845,0.32665,GBI available,TLI available,both
Aleut_Tlingit,Ukrainian_Zhitomirskaya,70%,eski1264,indo1319,"eski1264 ~ eski1264 , indo1319",5, 5,aleu1260,ukra1253,glottocodeBase,glottocodeBase,aleu1260,ukra1253,0.86207,0.78325,glottocodeBase,glottocodeBase,aleu1260,ukra1253,0.45845,0.32665,GBI available,TLI available,both
Aleut_Tlingit,Veps,70%,eski1264,ural1272,"eski1264 ~ eski1264 , ural1272",5, 5,aleu1260,veps1250,glottocodeBase,glottocodeBase,aleu1260,veps1250,0.86207,0.86700,glottocodeBase,glottocodeBase,aleu1260,veps1250,0.45845,0.18052,GBI available,TLI available,both
Aleut_Tlingit,Czech,70%,eski1264,indo1319,"eski1264 ~ eski1264 , indo1319",5, 3,aleu1260,czec1258,glottocodeBase,glottocodeBase,aleu1260,czec1258,0.86207,0.86700,glottocodeBase,glottocodeBase,aleu1260,czec1258,0.45845,0.32951,GBI available,TLI available,both
Aleut_Tlingit,English_Kent,70%,eski1264,indo1319,"eski1264 ~ eski1264 , indo1319",5, 2,aleu1260,stan1293,glottocodeBase,glottocodeBase,aleu1260,stan1293,0.86207,0.85222,glottocodeBase,glottocodeBase,aleu1260,stan1293,0.45845,0.82521,GBI available,TLI available,both
Aleut_Tlingit,English_Cornwall,70%,eski1264,indo1319,"eski1264 ~ eski1264 , indo1319",5, 1,aleu1260,stan1293,glottocodeBase,glottocodeBase,aleu1260,stan1293,0.86207,0.85222,glottocodeBase,glottocodeBase,aleu1260,stan1293,0.45845,0.82521,GBI available,TLI available,both
Aleut_Tlingit,Mordovian,70%,eski1264,ural1272,"eski1264 ~ eski1264 , ural1272",5, 1,aleu1260,erzy1239,glottocodeBase,glottocodeBase,aleu1260,erzy1239,0.86207,0.84729,glottocodeBase,glottocodeBase,aleu1260,erzy1239,0.45845,0.30659,GBI available,TLI available,both
Aleut_Tlingit,Mordovian_Erzya,70%,eski1264,ural1272,"eski1264 ~ eski1264 , ural1272",5, 1,aleu1260,erzy1239,glottocodeBase,glottocodeBase,aleu1260,erzy1239,0.86207,0.84729,glottocodeBase,glottocodeBase,aleu1260,erzy1239,0.45845,0.30659,GBI available,TLI available,both
Aleut_Tlingit,Mordovian_Moksha,70%,eski1264,ural1272,"eski1264 ~ eski1264 , ural1272",5, 1,aleu1260,moks1248,glottocodeBase,glottocodeBase,aleu1260,moks1248,0.86207,0.88177,glottocodeBase,glottocodeBase,aleu1260,moks1248,0.45845,0.19771,GBI available,TLI available,both
Aleut_Tlingit,Russian_Archangelsk_Leshukonsky,70%,eski1264,indo1319,"eski1264 ~ eski1264 , indo1319",5, 1,aleu1260,russ1263,glottocodeBase,glottocodeBase,aleu1260,russ1263,0.86207,0.92118,glottocodeBase,glottocodeBase,aleu1260,russ1263,0.45845,0.85387,GBI available,TLI available,both
Aleut_Tlingit,Ukrainian_West,70%,eski1264,indo1319,"eski1264 ~ eski1264 , indo1319",5, 1,aleu1260,ukra1253,glottocodeBase,glottocodeBase,aleu1260,ukra1253,0.86207,0.78325,glottocodeBase,glottocodeBase,aleu1260,ukra1253,0.45845,0.32665,GBI available,TLI available,both
Greek_Athens,BedouinB,70%,indo1319,afro1255,"indo1319 ~ indo1319 , afro1255",5, 1,gree1276,east2690,glottocodeGBIproxy,glottocodeBase,mode1248,east2690,0.9064,0.63547,glottocodeTLIproxy,no proxy,mode1248,NA,0.81662,0.00000,GBI available,TLI NOT available,GBI only
Greek_Athens,Yemen_Ad_Dali,70%,indo1319,afro1255,"indo1319 ~ indo1319 , afro1255",5, 1,gree1276,sana1295,glottocodeGBIproxy,glottocodeBase,mode1248,sana1295,0.9064,0.74877,glottocodeTLIproxy,glottocodeBase,mode1248,sana1295,0.81662,0.02006,GBI available,TLI available,both
Greek_Athens,Yemen_Al_Bayda,70%,indo1319,afro1255,"indo1319 ~ indo1319 , afro1255",5, 1,gree1276,sana1295,glottocodeGBIproxy,glottocodeBase,mode1248,sana1295,0.9064,0.74877,glottocodeTLIproxy,glottocodeBase,mode1248,sana1295,0.81662,0.02006,GBI available,TLI available,both
Greek_Athens,Yemen_Al_Jawf,70%,indo1319,afro1255,"indo1319 ~ indo1319 , afro1255",5, 1,gree1276,sana1295,glottocodeGBIproxy,glottocodeBase,mode1248,sana1295,0.9064,0.74877,glottocodeTLIproxy,glottocodeBase,mode1248,sana1295,0.81662,0.02006,GBI available,TLI available,both
Greek_Athens,Yemen_Dhamar,70%,indo1319,afro1255,"indo1319 ~ indo1319 , afro1255",5, 1,gree1276,sana1295,glottocodeGBIproxy,glottocodeBase,mode1248,sana1295,0.9064,0.74877,glottocodeTLIproxy,glottocodeBase,mode1248,sana1295,0.81662,0.02006,GBI available,TLI available,both
Greek_Athens,Yemen_Marib,70%,indo1319,afro1255,"indo1319 ~ indo1319 , afro1255",5, 1,gree1276,sana1295,glottocodeGBIproxy,glottocodeBase,mode1248,sana1295,0.9064,0.74877,glottocodeTLIproxy,glottocodeBase,mode1248,sana1295,0.81662,0.02006,GBI available,TLI available,both
Greek_WGA,BedouinB,70%,indo1319,afro1255,"indo1319 ~ indo1319 , afro1255",5, 1,gree1276,east2690,glottocodeGBIproxy,glottocodeBase,mode1248,east2690,0.9064,0.63547,glottocodeTLIproxy,no proxy,mode1248,NA,0.81662,0.00000,GBI available,TLI NOT available,GBI only
Greek_WGA,Yemen_Ad_Dali,70%,indo1319,afro1255,"indo1319 ~ indo1319 , afro1255",5, 1,gree1276,sana1295,glottocodeGBIproxy,glottocodeBase,mode1248,sana1295,0.9064,0.74877,glottocodeTLIproxy,glottocodeBase,mode1248,sana1295,0.81662,0.02006,GBI available,TLI available,both
Greek_WGA,Yemen_Al_Bayda,70%,indo1319,afro1255,"indo1319 ~ indo1319 , afro1255",5, 1,gree1276,sana1295,glottocodeGBIproxy,glottocodeBase,mode1248,sana1295,0.9064,0.74877,glottocodeTLIproxy,glottocodeBase,mode1248,sana1295,0.81662,0.02006,GBI available,TLI available,both
Greek_WGA,Yemen_Al_Jawf,70%,indo1319,afro1255,"indo1319 ~ indo1319 , afro1255",5, 1,gree1276,sana1295,glottocodeGBIproxy,glottocodeBase,mode1248,sana1295,0.9064,0.74877,glottocodeTLIproxy,glottocodeBase,mode1248,sana1295,0.81662,0.02006,GBI available,TLI available,both
Greek_WGA,Yemen_Dhamar,70%,indo1319,afro1255,"indo1319 ~ indo1319 , afro1255",5, 1,gree1276,sana1295,glottocodeGBIproxy,glottocodeBase,mode1248,sana1295,0.9064,0.74877,glottocodeTLIproxy,glottocodeBase,mode1248,sana1295,0.81662,0.02006,GBI available,TLI available,both
Greek_WGA,Yemen_Marib,70%,indo1319,afro1255,"indo1319 ~ indo1319 , afro1255",5, 1,gree1276,sana1295,glottocodeGBIproxy,glottocodeBase,mode1248,sana1295,0.9064,0.74877,glottocodeTLIproxy,glottocodeBase,mode1248,sana1295,0.81662,0.02006,GBI available,TLI available,both
Maltese,Belarusian,70%,afro1255,indo1319,"afro1255 ~ afro1255 , indo1319",5, 1,malt1254,bela1254,glottocodeBase,glottocodeBase,malt1254,bela1254,0.84236,0.87685,glottocodeBase,glottocodeBase,malt1254,bela1254,0.25501,0.14040,GBI available,TLI available,both
Maltese,Czech,70%,afro1255,indo1319,"afro1255 ~ afro1255 , indo1319",5, 1,malt1254,czec1258,glottocodeBase,glottocodeBase,malt1254,czec1258,0.84236,0.86700,glottocodeBase,glottocodeBase,malt1254,czec1258,0.25501,0.32951,GBI available,TLI available,both
Maltese,English_Cornwall,70%,afro1255,indo1319,"afro1255 ~ afro1255 , indo1319",5, 1,malt1254,stan1293,glottocodeBase,glottocodeBase,malt1254,stan1293,0.84236,0.85222,glottocodeBase,glottocodeBase,malt1254,stan1293,0.25501,0.82521,GBI available,TLI available,both
Maltese,English_Kent,70%,afro1255,indo1319,"afro1255 ~ afro1255 , indo1319",5, 1,malt1254,stan1293,glottocodeBase,glottocodeBase,malt1254,stan1293,0.84236,0.85222,glottocodeBase,glottocodeBase,malt1254,stan1293,0.25501,0.82521,GBI available,TLI available,both
Maltese,Estonian,70%,afro1255,ural1272,"afro1255 ~ afro1255 , ural1272",5, 1,malt1254,esto1258,glottocodeBase,glottocodeBase,malt1254,esto1258,0.84236,0.86207,glottocodeBase,glottocodeBase,malt1254,esto1258,0.25501,0.46418,GBI available,TLI available,both
Maltese,Finnish,70%,afro1255,ural1272,"afro1255 ~ afro1255 , ural1272",5, 1,malt1254,finn1318,glottocodeBase,glottocodeBase,malt1254,finn1318,0.84236,0.87192,glottocodeBase,glottocodeBase,malt1254,finn1318,0.25501,0.84527,GBI available,TLI available,both
Maltese,French_West,70%,afro1255,indo1319,"afro1255 ~ afro1255 , indo1319",5, 1,malt1254,stan1290,glottocodeBase,glottocodeBase,malt1254,stan1290,0.84236,0.89655,glottocodeBase,glottocodeBase,malt1254,stan1290,0.25501,0.80802,GBI available,TLI available,both
Maltese,German_Lipsian,70%,afro1255,indo1319,"afro1255 ~ afro1255 , indo1319",5, 1,malt1254,stan1295,glottocodeBase,no proxy,malt1254,NA,0.84236,0.00000,glottocodeBase,glottocodeBase,malt1254,stan1295,0.25501,0.79370,GBI NOT available,TLI available,TLI only
Maltese,German_Sorb,70%,afro1255,indo1319,"afro1255 ~ afro1255 , indo1319",5, 1,malt1254,sorb1249,glottocodeBase,no proxy,malt1254,NA,0.84236,0.00000,glottocodeBase,glottocodeTLIproxy,malt1254,uppe1395,0.25501,0.28367,GBI NOT available,TLI available,TLI only
Maltese,Icelandic,70%,afro1255,indo1319,"afro1255 ~ afro1255 , indo1319",5, 1,malt1254,icel1247,glottocodeBase,glottocodeBase,malt1254,icel1247,0.84236,0.86700,glottocodeBase,glottocodeBase,malt1254,icel1247,0.25501,0.59599,GBI available,TLI available,both
Maltese,Irish_Connacht,70%,afro1255,indo1319,"afro1255 ~ afro1255 , indo1319",5, 1,malt1254,conn1243,glottocodeBase,glottocodeGBIproxy,malt1254,iris1253,0.84236,0.92118,glottocodeBase,glottocodeTLIproxy,malt1254,iris1253,0.25501,0.54441,GBI available,TLI available,both
Maltese,Irish_Cork_Kerry,70%,afro1255,indo1319,"afro1255 ~ afro1255 , indo1319",5, 1,malt1254,iris1253,glottocodeBase,glottocodeBase,malt1254,iris1253,0.84236,0.92118,glottocodeBase,glottocodeBase,malt1254,iris1253,0.25501,0.54441,GBI available,TLI available,both
Maltese,Irish_Leinster,70%,afro1255,indo1319,"afro1255 ~ afro1255 , indo1319",5, 1,malt1254,iris1253,glottocodeBase,glottocodeBase,malt1254,iris1253,0.84236,0.92118,glottocodeBase,glottocodeBase,malt1254,iris1253,0.25501,0.54441,GBI available,TLI available,both
Maltese,Irish_Munster,70%,afro1255,indo1319,"afro1255 ~ afro1255 , indo1319",5, 1,malt1254,muns1250,glottocodeBase,glottocodeGBIproxy,malt1254,iris1253,0.84236,0.92118,glottocodeBase,glottocodeTLIproxy,malt1254,iris1253,0.25501,0.54441,GBI available,TLI available,both
Maltese,Irish_Ulster,70%,afro1255,indo1319,"afro1255 ~ afro1255 , indo1319",5, 1,malt1254,done1238,glottocodeBase,glottocodeGBIproxy,malt1254,iris1253,0.84236,0.92118,glottocodeBase,glottocodeTLIproxy,malt1254,iris1253,0.25501,0.54441,GBI available,TLI available,both
Maltese,Karelian_Northern,70%,afro1255,ural1272,"afro1255 ~ afro1255 , ural1272",5, 1,malt1254,nort2673,glottocodeBase,glottocodeBase,malt1254,nort2673,0.84236,0.85714,glottocodeBase,glottocodeTLIproxy,malt1254,kare1335,0.25501,0.20917,GBI available,TLI available,both
Maltese,Karelian_Southern,70%,afro1255,ural1272,"afro1255 ~ afro1255 , ural1272",5, 1,malt1254,sout2676,glottocodeBase,glottocodeGBIproxy,malt1254,tver1240,0.84236,0.87192,glottocodeBase,glottocodeTLIproxy,malt1254,kare1335,0.25501,0.20917,GBI available,TLI available,both
Maltese,Lithuanian,70%,afro1255,indo1319,"afro1255 ~ afro1255 , indo1319",5, 1,malt1254,lith1251,glottocodeBase,glottocodeBase,malt1254,lith1251,0.84236,0.86700,glottocodeBase,glottocodeBase,malt1254,lith1251,0.25501,0.53868,GBI available,TLI available,both
Maltese,Mordovian,70%,afro1255,ural1272,"afro1255 ~ afro1255 , ural1272",5, 1,malt1254,erzy1239,glottocodeBase,glottocodeBase,malt1254,erzy1239,0.84236,0.84729,glottocodeBase,glottocodeBase,malt1254,erzy1239,0.25501,0.30659,GBI available,TLI available,both
Maltese,Mordovian_Erzya,70%,afro1255,ural1272,"afro1255 ~ afro1255 , ural1272",5, 1,malt1254,erzy1239,glottocodeBase,glottocodeBase,malt1254,erzy1239,0.84236,0.84729,glottocodeBase,glottocodeBase,malt1254,erzy1239,0.25501,0.30659,GBI available,TLI available,both
Maltese,Mordovian_Moksha,70%,afro1255,ural1272,"afro1255 ~ afro1255 , ural1272",5, 1,malt1254,moks1248,glottocodeBase,glottocodeBase,malt1254,moks1248,0.84236,0.88177,glottocodeBase,glottocodeBase,malt1254,moks1248,0.25501,0.19771,GBI available,TLI available,both
Maltese,Norwegian,70%,afro1255,indo1319,"afro1255 ~ afro1255 , indo1319",5, 1,malt1254,norw1258,glottocodeBase,no proxy,malt1254,NA,0.84236,0.00000,glottocodeBase,glottocodeBase,malt1254,norw1258,0.25501,0.34670,GBI NOT available,TLI available,TLI only
Maltese,Orcadian,70%,afro1255,indo1319,"afro1255 ~ afro1255 , indo1319",5, 1,malt1254,scot1243,glottocodeBase,no proxy,malt1254,NA,0.84236,0.00000,glottocodeBase,glottocodeBase,malt1254,scot1243,0.25501,0.10315,GBI NOT available,TLI available,TLI only
Maltese,Polish_Lublin,70%,afro1255,indo1319,"afro1255 ~ afro1255 , indo1319",5, 1,malt1254,poli1260,glottocodeBase,glottocodeBase,malt1254,poli1260,0.84236,0.93596,glottocodeBase,glottocodeBase,malt1254,poli1260,0.25501,0.56447,GBI available,TLI available,both
Maltese,Polish_Poznan,70%,afro1255,indo1319,"afro1255 ~ afro1255 , indo1319",5, 1,malt1254,poli1260,glottocodeBase,glottocodeBase,malt1254,poli1260,0.84236,0.93596,glottocodeBase,glottocodeBase,malt1254,poli1260,0.25501,0.56447,GBI available,TLI available,both
Maltese,Russian,70%,afro1255,indo1319,"afro1255 ~ afro1255 , indo1319",5, 1,malt1254,russ1263,glottocodeBase,glottocodeBase,malt1254,russ1263,0.84236,0.92118,glottocodeBase,glottocodeBase,malt1254,russ1263,0.25501,0.85387,GBI available,TLI available,both
Maltese,Russian_Archangelsk_Krasnoborsky,70%,afro1255,indo1319,"afro1255 ~ afro1255 , indo1319",5, 1,malt1254,russ1263,glottocodeBase,glottocodeBase,malt1254,russ1263,0.84236,0.92118,glottocodeBase,glottocodeBase,malt1254,russ1263,0.25501,0.85387,GBI available,TLI available,both
Maltese,Russian_Archangelsk_Leshukonsky,70%,afro1255,indo1319,"afro1255 ~ afro1255 , indo1319",5, 1,malt1254,russ1263,glottocodeBase,glottocodeBase,malt1254,russ1263,0.84236,0.92118,glottocodeBase,glottocodeBase,malt1254,russ1263,0.25501,0.85387,GBI available,TLI available,both
Maltese,Russian_Archangelsk_Pinezhsky,70%,afro1255,indo1319,"afro1255 ~ afro1255 , indo1319",5, 1,malt1254,russ1263,glottocodeBase,glottocodeBase,malt1254,russ1263,0.84236,0.92118,glottocodeBase,glottocodeBase,malt1254,russ1263,0.25501,0.85387,GBI available,TLI available,both
Maltese,Russian_Belgorod,70%,afro1255,indo1319,"afro1255 ~ afro1255 , indo1319",5, 1,malt1254,russ1263,glottocodeBase,glottocodeBase,malt1254,russ1263,0.84236,0.92118,glottocodeBase,glottocodeBase,malt1254,russ1263,0.25501,0.85387,GBI available,TLI available,both
Maltese,Russian_Kaluga,70%,afro1255,indo1319,"afro1255 ~ afro1255 , indo1319",5, 1,malt1254,russ1263,glottocodeBase,glottocodeBase,malt1254,russ1263,0.84236,0.92118,glottocodeBase,glottocodeBase,malt1254,russ1263,0.25501,0.85387,GBI available,TLI available,both
Maltese,Russian_Kursk,70%,afro1255,indo1319,"afro1255 ~ afro1255 , indo1319",5, 1,malt1254,russ1263,glottocodeBase,glottocodeBase,malt1254,russ1263,0.84236,0.92118,glottocodeBase,glottocodeBase,malt1254,russ1263,0.25501,0.85387,GBI available,TLI available,both
Maltese,Russian_Oryol,70%,afro1255,indo1319,"afro1255 ~ afro1255 , indo1319",5, 1,malt1254,russ1263,glottocodeBase,glottocodeBase,malt1254,russ1263,0.84236,0.92118,glottocodeBase,glottocodeBase,malt1254,russ1263,0.25501,0.85387,GBI available,TLI available,both
Maltese,Russian_Pskov_Ostrov,70%,afro1255,indo1319,"afro1255 ~ afro1255 , indo1319",5, 1,malt1254,russ1263,glottocodeBase,glottocodeBase,malt1254,russ1263,0.84236,0.92118,glottocodeBase,glottocodeBase,malt1254,russ1263,0.25501,0.85387,GBI available,TLI available,both
Maltese,Russian_Pskov_Porkhov,70%,afro1255,indo1319,"afro1255 ~ afro1255 , indo1319",5, 1,malt1254,russ1263,glottocodeBase,glottocodeBase,malt1254,russ1263,0.84236,0.92118,glottocodeBase,glottocodeBase,malt1254,russ1263,0.25501,0.85387,GBI available,TLI available,both
Maltese,Russian_Ryazan_Mihailovsky,70%,afro1255,indo1319,"afro1255 ~ afro1255 , indo1319",5, 1,malt1254,russ1263,glottocodeBase,glottocodeBase,malt1254,russ1263,0.84236,0.92118,glottocodeBase,glottocodeBase,malt1254,russ1263,0.25501,0.85387,GBI available,TLI available,both
Maltese,Russian_Ryazan_Spassk_Ryazansky,70%,afro1255,indo1319,"afro1255 ~ afro1255 , indo1319",5, 1,malt1254,russ1263,glottocodeBase,glottocodeBase,malt1254,russ1263,0.84236,0.92118,glottocodeBase,glottocodeBase,malt1254,russ1263,0.25501,0.85387,GBI available,TLI available,both
Maltese,Russian_Smolensk,70%,afro1255,indo1319,"afro1255 ~ afro1255 , indo1319",5, 1,malt1254,russ1263,glottocodeBase,glottocodeBase,malt1254,russ1263,0.84236,0.92118,glottocodeBase,glottocodeBase,malt1254,russ1263,0.25501,0.85387,GBI available,TLI available,both
Maltese,Russian_Tver,70%,afro1255,indo1319,"afro1255 ~ afro1255 , indo1319",5, 1,malt1254,russ1263,glottocodeBase,glottocodeBase,malt1254,russ1263,0.84236,0.92118,glottocodeBase,glottocodeBase,malt1254,russ1263,0.25501,0.85387,GBI available,TLI available,both
Maltese,Russian_Yaroslavl,70%,afro1255,indo1319,"afro1255 ~ afro1255 , indo1319",5, 1,malt1254,russ1263,glottocodeBase,glottocodeBase,malt1254,russ1263,0.84236,0.92118,glottocodeBase,glottocodeBase,malt1254,russ1263,0.25501,0.85387,GBI available,TLI available,both
Maltese,Scottish,70%,afro1255,indo1319,"afro1255 ~ afro1255 , indo1319",5, 1,malt1254,scot1245,glottocodeBase,no proxy,malt1254,NA,0.84236,0.00000,glottocodeBase,glottocodeBase,malt1254,scot1245,0.25501,0.26934,GBI NOT available,TLI available,TLI only
Maltese,Scottish_Borders,70%,afro1255,indo1319,"afro1255 ~ afro1255 , indo1319",5, 1,malt1254,scot1245,glottocodeBase,no proxy,malt1254,NA,0.84236,0.00000,glottocodeBase,glottocodeBase,malt1254,scot1245,0.25501,0.26934,GBI NOT available,TLI available,TLI only
Maltese,Scottish_Dumfries_Galloway,70%,afro1255,indo1319,"afro1255 ~ afro1255 , indo1319",5, 1,malt1254,scot1245,glottocodeBase,no proxy,malt1254,NA,0.84236,0.00000,glottocodeBase,glottocodeBase,malt1254,scot1245,0.25501,0.26934,GBI NOT available,TLI available,TLI only
Maltese,Scottish_Fife,70%,afro1255,indo1319,"afro1255 ~ afro1255 , indo1319",5, 1,malt1254,scot1245,glottocodeBase,no proxy,malt1254,NA,0.84236,0.00000,glottocodeBase,glottocodeBase,malt1254,scot1245,0.25501,0.26934,GBI NOT available,TLI available,TLI only
Maltese,Scottish_Grampian,70%,afro1255,indo1319,"afro1255 ~ afro1255 , indo1319",5, 1,malt1254,scot1245,glottocodeBase,no proxy,malt1254,NA,0.84236,0.00000,glottocodeBase,glottocodeBase,malt1254,scot1245,0.25501,0.26934,GBI NOT available,TLI available,TLI only
Maltese,Scottish_Highlands,70%,afro1255,indo1319,"afro1255 ~ afro1255 , indo1319",5, 1,malt1254,scot1245,glottocodeBase,no proxy,malt1254,NA,0.84236,0.00000,glottocodeBase,glottocodeBase,malt1254,scot1245,0.25501,0.26934,GBI NOT available,TLI available,TLI only
Maltese,Scottish_Shetlandic,70%,afro1255,indo1319,"afro1255 ~ afro1255 , indo1319",5, 1,malt1254,scot1245,glottocodeBase,no proxy,malt1254,NA,0.84236,0.00000,glottocodeBase,glottocodeBase,malt1254,scot1245,0.25501,0.26934,GBI NOT available,TLI available,TLI only
Maltese,Ukrainian_East,70%,afro1255,indo1319,"afro1255 ~ afro1255 , indo1319",5, 1,malt1254,ukra1253,glottocodeBase,glottocodeBase,malt1254,ukra1253,0.84236,0.78325,glottocodeBase,glottocodeBase,malt1254,ukra1253,0.25501,0.32665,GBI available,TLI available,both
Maltese,Ukrainian_Rovenskaya,70%,afro1255,indo1319,"afro1255 ~ afro1255 , indo1319",5, 1,malt1254,ukra1253,glottocodeBase,glottocodeBase,malt1254,ukra1253,0.84236,0.78325,glottocodeBase,glottocodeBase,malt1254,ukra1253,0.25501,0.32665,GBI available,TLI available,both
Maltese,Ukrainian_Sumskaya,70%,afro1255,indo1319,"afro1255 ~ afro1255 , indo1319",5, 1,malt1254,ukra1253,glottocodeBase,glottocodeBase,malt1254,ukra1253,0.84236,0.78325,glottocodeBase,glottocodeBase,malt1254,ukra1253,0.25501,0.32665,GBI available,TLI available,both
Maltese,Ukrainian_West,70%,afro1255,indo1319,"afro1255 ~ afro1255 , indo1319",5, 1,malt1254,ukra1253,glottocodeBase,glottocodeBase,malt1254,ukra1253,0.84236,0.78325,glottocodeBase,glottocodeBase,malt1254,ukra1253,0.25501,0.32665,GBI available,TLI available,both
Maltese,Ukrainian_Zhitomirskaya,70%,afro1255,indo1319,"afro1255 ~ afro1255 , indo1319",5, 1,malt1254,ukra1253,glottocodeBase,glottocodeBase,malt1254,ukra1253,0.84236,0.78325,glottocodeBase,glottocodeBase,malt1254,ukra1253,0.25501,0.32665,GBI available,TLI available,both
Maltese,Veps,70%,afro1255,ural1272,"afro1255 ~ afro1255 , ural1272",5, 1,malt1254,veps1250,glottocodeBase,glottocodeBase,malt1254,veps1250,0.84236,0.86700,glottocodeBase,glottocodeBase,malt1254,veps1250,0.25501,0.18052,GBI available,TLI available,both
Mangseng,Baining_Malasait,70%,aust1307,bain1263,"aust1307 ~ aust1307 , bain1263",5, 5,mang1403,bain1263,glottocodeBase,glottocodeGBIproxy,mang1403,qaqe1238,0.66501999999999994,0.26108,glottocodeBase,glottocodeTLIproxy,mang1403,qaqe1238,0.00573,0.14327,GBI available,TLI available,both
Mangseng,Baining_Marabu,70%,aust1307,bain1263,"aust1307 ~ aust1307 , bain1263",5, 5,mang1403,bain1263,glottocodeBase,glottocodeGBIproxy,mang1403,mali1284,0.66501999999999994,0.50739,glottocodeBase,glottocodeTLIproxy,mang1403,mali1284,0.00573,0.08309,GBI available,TLI available,both
Mangseng,Ata_Bili,70%,aust1307,pele1245,"aust1307 ~ aust1307 , pele1245",5, 3,mang1403,pele1245,glottocodeBase,glottocodeBase,mang1403,pele1245,0.66501999999999994,0.23645,glottocodeBase,glottocodeBase,mang1403,pele1245,0.00573,0.00287,GBI available,TLI available,both
Mangseng,Ata_Luge,70%,aust1307,pele1245,"aust1307 ~ aust1307 , pele1245",5, 3,mang1403,pele1245,glottocodeBase,glottocodeBase,mang1403,pele1245,0.66501999999999994,0.23645,glottocodeBase,glottocodeBase,mang1403,pele1245,0.00573,0.00287,GBI available,TLI available,both
Mangseng,Ata_Uassilau,70%,aust1307,pele1245,"aust1307 ~ aust1307 , pele1245",5, 3,mang1403,pele1245,glottocodeBase,glottocodeBase,mang1403,pele1245,0.66501999999999994,0.23645,glottocodeBase,glottocodeBase,mang1403,pele1245,0.00573,0.00287,GBI available,TLI available,both
Mangseng,Nasioi,70%,aust1307,sout2948,"aust1307 ~ aust1307 , sout2948",5, 3,mang1403,nasi1247,glottocodeBase,glottocodeGBIproxy,mang1403,naas1242,0.66501999999999994,0.28079,glottocodeBase,glottocodeTLIproxy,mang1403,naas1242,0.00573,0.21777,GBI available,TLI available,both
Mangseng,Vella_Lavella,70%,aust1307,bilu1245,"aust1307 ~ aust1307 , bilu1245",5, 3,mang1403,bilu1245,glottocodeBase,glottocodeBase,mang1403,bilu1245,0.66501999999999994,0.47291,glottocodeBase,glottocodeBase,mang1403,bilu1245,0.00573,0.20057,GBI available,TLI available,both
Tubalar,Estonian,70%,turk1311,ural1272,"turk1311 ~ turk1311 , ural1272",5, 5,kara1462,esto1258,no proxy,glottocodeBase,NA,esto1258,0,0.86207,glottocodeBase,glottocodeBase,kara1462,esto1258,0.11748,0.46418,GBI NOT available,TLI available,TLI only
Tubalar,Karelian_Northern,70%,turk1311,ural1272,"turk1311 ~ turk1311 , ural1272",5, 5,kara1462,nort2673,no proxy,glottocodeBase,NA,nort2673,0,0.85714,glottocodeBase,glottocodeTLIproxy,kara1462,kare1335,0.11748,0.20917,GBI NOT available,TLI available,TLI only
Tubalar,Karelian_Southern,70%,turk1311,ural1272,"turk1311 ~ turk1311 , ural1272",5, 5,kara1462,sout2676,no proxy,glottocodeGBIproxy,NA,tver1240,0,0.87192,glottocodeBase,glottocodeTLIproxy,kara1462,kare1335,0.11748,0.20917,GBI NOT available,TLI available,TLI only
Tubalar,Lithuanian,70%,turk1311,indo1319,"turk1311 ~ turk1311 , indo1319",5, 5,kara1462,lith1251,no proxy,glottocodeBase,NA,lith1251,0,0.86700,glottocodeBase,glottocodeBase,kara1462,lith1251,0.11748,0.53868,GBI NOT available,TLI available,TLI only
Tubalar,Russian_Archangelsk_Pinezhsky,70%,turk1311,indo1319,"turk1311 ~ turk1311 , indo1319",5, 5,kara1462,russ1263,no proxy,glottocodeBase,NA,russ1263,0,0.92118,glottocodeBase,glottocodeBase,kara1462,russ1263,0.11748,0.85387,GBI NOT available,TLI available,TLI only
Tubalar,Russian_Pskov_Ostrov,70%,turk1311,indo1319,"turk1311 ~ turk1311 , indo1319",5, 5,kara1462,russ1263,no proxy,glottocodeBase,NA,russ1263,0,0.92118,glottocodeBase,glottocodeBase,kara1462,russ1263,0.11748,0.85387,GBI NOT available,TLI available,TLI only
Tubalar,Russian_Pskov_Porkhov,70%,turk1311,indo1319,"turk1311 ~ turk1311 , indo1319",5, 5,kara1462,russ1263,no proxy,glottocodeBase,NA,russ1263,0,0.92118,glottocodeBase,glottocodeBase,kara1462,russ1263,0.11748,0.85387,GBI NOT available,TLI available,TLI only
Tubalar,Veps,70%,turk1311,ural1272,"turk1311 ~ turk1311 , ural1272",5, 5,kara1462,veps1250,no proxy,glottocodeBase,NA,veps1250,0,0.86700,glottocodeBase,glottocodeBase,kara1462,veps1250,0.11748,0.18052,GBI NOT available,TLI available,TLI only
Tubalar,Belarusian,70%,turk1311,indo1319,"turk1311 ~ turk1311 , indo1319",5, 4,kara1462,bela1254,no proxy,glottocodeBase,NA,bela1254,0,0.87685,glottocodeBase,glottocodeBase,kara1462,bela1254,0.11748,0.14040,GBI NOT available,TLI available,TLI only
Tubalar,Finnish,70%,turk1311,ural1272,"turk1311 ~ turk1311 , ural1272",5, 4,kara1462,finn1318,no proxy,glottocodeBase,NA,finn1318,0,0.87192,glottocodeBase,glottocodeBase,kara1462,finn1318,0.11748,0.84527,GBI NOT available,TLI available,TLI only
Tubalar,Russian_Archangelsk_Krasnoborsky,70%,turk1311,indo1319,"turk1311 ~ turk1311 , indo1319",5, 4,kara1462,russ1263,no proxy,glottocodeBase,NA,russ1263,0,0.92118,glottocodeBase,glottocodeBase,kara1462,russ1263,0.11748,0.85387,GBI NOT available,TLI available,TLI only
Tubalar,Russian_Kaluga,70%,turk1311,indo1319,"turk1311 ~ turk1311 , indo1319",5, 4,kara1462,russ1263,no proxy,glottocodeBase,NA,russ1263,0,0.92118,glottocodeBase,glottocodeBase,kara1462,russ1263,0.11748,0.85387,GBI NOT available,TLI available,TLI only
Tubalar,Russian_Smolensk,70%,turk1311,indo1319,"turk1311 ~ turk1311 , indo1319",5, 4,kara1462,russ1263,no proxy,glottocodeBase,NA,russ1263,0,0.92118,glottocodeBase,glottocodeBase,kara1462,russ1263,0.11748,0.85387,GBI NOT available,TLI available,TLI only
Tubalar,Russian_Yaroslavl,70%,turk1311,indo1319,"turk1311 ~ turk1311 , indo1319",5, 4,kara1462,russ1263,no proxy,glottocodeBase,NA,russ1263,0,0.92118,glottocodeBase,glottocodeBase,kara1462,russ1263,0.11748,0.85387,GBI NOT available,TLI available,TLI only
Tubalar,German_Sorb,70%,turk1311,indo1319,"turk1311 ~ turk1311 , indo1319",5, 2,kara1462,sorb1249,no proxy,no proxy,NA,NA,0,0.00000,glottocodeBase,glottocodeTLIproxy,kara1462,uppe1395,0.11748,0.28367,GBI NOT available,TLI available,TLI only
Tubalar,Polish_Poznan,70%,turk1311,indo1319,"turk1311 ~ turk1311 , indo1319",5, 2,kara1462,poli1260,no proxy,glottocodeBase,NA,poli1260,0,0.93596,glottocodeBase,glottocodeBase,kara1462,poli1260,0.11748,0.56447,GBI NOT available,TLI available,TLI only
Tubalar,Russian,70%,turk1311,indo1319,"turk1311 ~ turk1311 , indo1319",5, 2,kara1462,russ1263,no proxy,glottocodeBase,NA,russ1263,0,0.92118,glottocodeBase,glottocodeBase,kara1462,russ1263,0.11748,0.85387,GBI NOT available,TLI available,TLI only
Tubalar,Russian_Kursk,70%,turk1311,indo1319,"turk1311 ~ turk1311 , indo1319",5, 2,kara1462,russ1263,no proxy,glottocodeBase,NA,russ1263,0,0.92118,glottocodeBase,glottocodeBase,kara1462,russ1263,0.11748,0.85387,GBI NOT available,TLI available,TLI only
Tubalar,Russian_Oryol,70%,turk1311,indo1319,"turk1311 ~ turk1311 , indo1319",5, 2,kara1462,russ1263,no proxy,glottocodeBase,NA,russ1263,0,0.92118,glottocodeBase,glottocodeBase,kara1462,russ1263,0.11748,0.85387,GBI NOT available,TLI available,TLI only
Tubalar,Russian_Ryazan_Spassk_Ryazansky,70%,turk1311,indo1319,"turk1311 ~ turk1311 , indo1319",5, 2,kara1462,russ1263,no proxy,glottocodeBase,NA,russ1263,0,0.92118,glottocodeBase,glottocodeBase,kara1462,russ1263,0.11748,0.85387,GBI NOT available,TLI available,TLI only
Tubalar,Russian_Tver,70%,turk1311,indo1319,"turk1311 ~ turk1311 , indo1319",5, 2,kara1462,russ1263,no proxy,glottocodeBase,NA,russ1263,0,0.92118,glottocodeBase,glottocodeBase,kara1462,russ1263,0.11748,0.85387,GBI NOT available,TLI available,TLI only
Tubalar,Ukrainian_East,70%,turk1311,indo1319,"turk1311 ~ turk1311 , indo1319",5, 2,kara1462,ukra1253,no proxy,glottocodeBase,NA,ukra1253,0,0.78325,glottocodeBase,glottocodeBase,kara1462,ukra1253,0.11748,0.32665,GBI NOT available,TLI available,TLI only
Tubalar,Ukrainian_Rovenskaya,70%,turk1311,indo1319,"turk1311 ~ turk1311 , indo1319",5, 2,kara1462,ukra1253,no proxy,glottocodeBase,NA,ukra1253,0,0.78325,glottocodeBase,glottocodeBase,kara1462,ukra1253,0.11748,0.32665,GBI NOT available,TLI available,TLI only
