glottocode,K,ent,nonmax,pop_ent
abkh1244,12,1.093694,0.534889,1.103945
abkh1244,13,1.081181,0.470408,1.096733
abkh1244,14,1.082514,0.470738,1.098227
abkh1244,15,1.084076,0.469893,1.103173
abkh1244,16,1.090774,0.474004,1.112097
abkh1244,17,0.89085,0.290338,0.91662
abkh1244,18,0.866072,0.272486,0.893964
abkh1244,19,0.867926,0.272267,0.897667
abkh1244,20,0.863015,0.268624,0.893861
abkh1244,21,0.842127,0.259092,0.884065
abkh1244,22,0.84267,0.25901,0.885105
abkh1244,23,0.888362,0.320856,0.934224
abkh1244,24,0.85282,0.315717,0.899825
abkh1244,25,0.897376,0.321424,0.94491
abkh1244,26,0.861122,0.316376,0.910123
abkh1244,27,0.870429,0.317729,0.929448
abkh1244,28,0.878691,0.274001,0.949048
abkh1244,29,0.872276,0.266817,0.942407
abkh1244,30,0.922707,0.299521,0.992986
afar1241,12,1.13969,0.494955,1.162816
afar1241,13,1.252918,0.512017,1.269194
afar1241,14,1.253639,0.512017,1.270328
afar1241,15,1.257516,0.511178,1.273508
afar1241,16,1.245345,0.510469,1.263834
afar1241,17,1.280949,0.514273,1.300686
afar1241,18,1.316077,0.516172,1.341468
afar1241,19,1.319973,0.516226,1.344921
afar1241,20,1.321353,0.516299,1.346581
afar1241,21,1.322903,0.485867,1.35045
afar1241,22,1.323441,0.485804,1.351116
afar1241,23,1.370154,0.497033,1.400323
afar1241,24,1.044818,0.483304,1.069866
afar1241,25,1.37109,0.497417,1.40245
afar1241,26,1.045515,0.483391,1.071508
afar1241,27,1.048088,0.483461,1.075875
afar1241,28,1.034118,0.488604,1.062037
afar1241,29,1.020446,0.488754,1.049282
afar1241,30,0.975961,0.490133,1.005511
aghe1239,12,0.004039,0.000478,0.004792
aghe1239,13,0.021796,0.003447,0.024018
aghe1239,14,0.021936,0.003459,0.024158
aghe1239,15,0.022056,0.003469,0.024278
aghe1239,16,0.004209,0.000474,0.004865
aghe1239,17,0.022718,0.003562,0.024946
aghe1239,18,0.160455,0.036639,0.162122
aghe1239,19,0.160567,0.036645,0.162235
aghe1239,20,0.160648,0.03664,0.162319
aghe1239,21,0.158472,0.035957,0.160148
aghe1239,22,0.158597,0.035966,0.160273
aghe1239,23,0.159402,0.036218,0.161016
aghe1239,24,0.166474,0.036686,0.171259
aghe1239,25,0.15971,0.036237,0.161325
aghe1239,26,0.16669,0.036695,0.171483
aghe1239,27,0.166801,0.036704,0.171601
aghe1239,28,0.167254,0.036816,0.17209
aghe1239,29,0.167031,0.036732,0.171821
aghe1239,30,0.16208,0.035267,0.167218
akei1237,12,0.77166,0.394524,0.784894
akei1237,13,0.778209,0.399073,0.791441
akei1237,14,1.131066,0.51467,1.145064
akei1237,15,1.177837,0.525124,1.187185
akei1237,16,1.182651,0.530149,1.19209
akei1237,17,1.186489,0.532634,1.195977
akei1237,18,1.184762,0.52567,1.196044
akei1237,19,1.184931,0.525699,1.19622
akei1237,20,1.256786,0.529933,1.264275
akei1237,21,1.257921,0.530892,1.265421
akei1237,22,1.406373,0.53127,1.413842
akei1237,23,1.40748,0.531818,1.415013
akei1237,24,1.407721,0.531958,1.415255
akei1237,25,1.407831,0.531772,1.415389
akei1237,26,1.40814,0.531885,1.415701
akei1237,27,1.40937,0.532436,1.416985
akei1237,28,1.416401,0.539534,1.424062
akei1237,29,1.409992,0.532141,1.417749
akei1237,30,1.4109,0.535565,1.418426
aleu1260,12,1.189665,0.469392,1.29486
aleu1260,13,1.254984,0.485431,1.352549
aleu1260,14,1.256045,0.485668,1.353634
aleu1260,15,1.278225,0.487184,1.37395
aleu1260,16,1.425587,0.512492,1.530637
aleu1260,17,1.341011,0.487982,1.443439
aleu1260,18,1.410669,0.508118,1.517936
aleu1260,19,1.454808,0.508347,1.565327
aleu1260,20,1.45659,0.508427,1.571941
aleu1260,21,1.655564,0.661891,1.772114
aleu1260,22,1.655646,0.661851,1.772246
aleu1260,23,1.497907,0.516011,1.634525
aleu1260,24,1.493706,0.514008,1.62877
aleu1260,25,1.557148,0.517281,1.70203
aleu1260,26,1.553242,0.515119,1.696575
aleu1260,27,1.572322,0.517455,1.727895
aleu1260,28,1.541094,0.517385,1.693357
aleu1260,29,1.554577,0.509885,1.712484
aleu1260,30,1.612889,0.528857,1.775973
amha1245,12,1.106202,0.484968,1.12167
amha1245,13,1.228762,0.504316,1.238383
amha1245,14,1.228943,0.504302,1.238491
amha1245,15,1.229805,0.503401,1.239925
amha1245,16,1.221731,0.502536,1.23155
amha1245,17,1.253459,0.506031,1.263559
amha1245,18,1.291425,0.507635,1.304682
amha1245,19,1.293092,0.507698,1.306452
amha1245,20,1.295105,0.507756,1.310418
amha1245,21,1.286972,0.477045,1.309561
amha1245,22,1.287167,0.476993,1.30984
amha1245,23,1.336595,0.489542,1.361306
amha1245,24,1.02815,0.491227,1.041511
amha1245,25,1.339514,0.489899,1.364809
amha1245,26,1.029408,0.491259,1.04337
amha1245,27,1.030934,0.491232,1.045221
amha1245,28,1.013701,0.496197,1.030639
amha1245,29,0.997207,0.496247,1.01465
amha1245,30,0.990205,0.500754,1.012816
amis1246,12,0.139212,0.027964,0.147839
amis1246,13,0.161296,0.032951,0.17085
amis1246,14,0.168161,0.034869,0.17775
amis1246,15,0.534179,0.224912,0.534491
amis1246,16,0.534006,0.224685,0.534317
amis1246,17,0.528324,0.220022,0.528641
amis1246,18,0.528853,0.22039,0.529167
amis1246,19,0.528991,0.220415,0.529304
amis1246,20,0.45243,0.1278,0.457383
amis1246,21,0.448713,0.124619,0.45455
amis1246,22,0.445987,0.123382,0.451853
amis1246,23,0.444786,0.120599,0.450456
amis1246,24,0.444337,0.120394,0.449981
amis1246,25,0.446182,0.120757,0.451958
amis1246,26,0.445662,0.120521,0.451404
amis1246,27,0.444561,0.116036,0.449925
amis1246,28,0.525243,0.151793,0.533708
amis1246,29,0.525394,0.151628,0.534173
amis1246,30,0.475628,0.125936,0.486551
anei1239,12,0.983472,0.496891,0.993947
anei1239,13,0.987788,0.500013,0.998847
anei1239,14,1.304916,0.603029,1.316629
anei1239,15,1.3415,0.599768,1.354639
anei1239,16,1.344424,0.603984,1.357761
anei1239,17,1.347339,0.60658,1.360321
anei1239,18,1.340823,0.600371,1.354063
anei1239,19,1.341504,0.600396,1.3548
anei1239,20,1.383561,0.607227,1.405169
anei1239,21,1.385926,0.608337,1.407934
anei1239,22,1.52555,0.628451,1.549212
anei1239,23,1.531535,0.629386,1.555979
anei1239,24,1.531937,0.629559,1.556422
anei1239,25,1.533685,0.629397,1.559376
anei1239,26,1.534107,0.629552,1.559852
anei1239,27,1.535405,0.630602,1.561362
anei1239,28,1.540651,0.639045,1.564844
anei1239,29,1.539988,0.632647,1.56597
anei1239,30,1.54517,0.633758,1.571296
apma1240,12,0.741377,0.372458,0.737479
apma1240,13,0.748628,0.376534,0.744142
apma1240,14,1.085237,0.472523,1.085083
apma1240,15,1.132511,0.4831,1.131691
apma1240,16,1.137809,0.488307,1.136973
apma1240,17,1.141963,0.490618,1.141908
apma1240,18,1.133991,0.483443,1.134658
apma1240,19,1.135243,0.483499,1.136155
apma1240,20,1.217132,0.487701,1.218237
apma1240,21,1.218559,0.488646,1.219647
apma1240,22,1.375626,0.496785,1.377636
apma1240,23,1.376596,0.497343,1.378565
apma1240,24,1.376936,0.497517,1.378908
apma1240,25,1.378336,0.497322,1.381625
apma1240,26,1.378701,0.497464,1.381993
apma1240,27,1.380072,0.497998,1.383195
apma1240,28,1.391007,0.505203,1.393344
apma1240,29,1.382603,0.497497,1.385088
apma1240,30,1.384309,0.501684,1.387394
atay1247,12,0.107526,0.023215,0.135306
atay1247,13,0.130995,0.028015,0.158527
atay1247,14,0.138557,0.029533,0.166084
atay1247,15,0.531323,0.221301,0.540965
atay1247,16,0.531968,0.221015,0.541943
atay1247,17,0.526005,0.21651,0.53574
atay1247,18,0.528367,0.216793,0.538713
atay1247,19,0.528651,0.216837,0.539139
atay1247,20,0.27951,0.073298,0.32996
atay1247,21,0.270517,0.069721,0.320808
atay1247,22,0.266899,0.068539,0.317188
atay1247,23,0.247943,0.062585,0.298689
atay1247,24,0.246889,0.062256,0.297645
atay1247,25,0.248732,0.062706,0.299547
atay1247,26,0.247602,0.06236,0.298428
atay1247,27,0.199742,0.050216,0.255956
atay1247,28,0.207277,0.059175,0.269242
atay1247,29,0.210031,0.059935,0.272407
atay1247,30,0.259476,0.065132,0.307499
bafu1246,12,0.02791,0.004347,0.031603
bafu1246,13,0.054979,0.009703,0.058726
bafu1246,14,0.05511,0.009716,0.058859
bafu1246,15,0.055255,0.009729,0.059003
bafu1246,16,0.028647,0.004478,0.032581
bafu1246,17,0.056219,0.009885,0.060307
bafu1246,18,0.197591,0.045767,0.201681
bafu1246,19,0.197989,0.045809,0.202154
bafu1246,20,0.198093,0.045807,0.202262
bafu1246,21,0.196314,0.045229,0.200576
bafu1246,22,0.196455,0.04524,0.200718
bafu1246,23,0.196918,0.045426,0.201174
bafu1246,24,0.231302,0.051672,0.241607
bafu1246,25,0.198449,0.045573,0.202888
bafu1246,26,0.231994,0.051662,0.242492
bafu1246,27,0.232121,0.05167,0.242627
bafu1246,28,0.233496,0.052058,0.243756
bafu1246,29,0.233356,0.0519,0.243974
bafu1246,30,0.234605,0.051788,0.246245
bash1264,12,1.314288,0.470347,1.327912
bash1264,13,1.376058,0.511391,1.393936
bash1264,14,1.377908,0.511789,1.396329
bash1264,15,1.445371,0.517694,1.466486
bash1264,16,1.488484,0.524947,1.51349
bash1264,17,1.476825,0.529461,1.503309
bash1264,18,1.490084,0.529997,1.516298
bash1264,19,1.495106,0.53013,1.52565
bash1264,20,1.517124,0.53087,1.549105
bash1264,21,1.721758,0.686759,1.753814
bash1264,22,1.722384,0.686857,1.754793
bash1264,23,1.693998,0.567983,1.729602
bash1264,24,1.695073,0.568375,1.73301
bash1264,25,1.706873,0.568658,1.745907
bash1264,26,1.70815,0.569107,1.749498
bash1264,27,1.798377,0.576352,1.844542
bash1264,28,1.870535,0.580127,1.922571
bash1264,29,1.846718,0.572384,1.900604
bash1264,30,1.862246,0.583929,1.918161
basq1248,12,0.586996,0.26382,0.589739
basq1248,13,0.563449,0.239636,0.569595
basq1248,14,0.564148,0.240073,0.570363
basq1248,15,0.554518,0.230164,0.561935
basq1248,16,0.564746,0.237379,0.572716
basq1248,17,0.549811,0.226186,0.554998
basq1248,18,0.540409,0.218347,0.546898
basq1248,19,0.540752,0.217978,0.547178
basq1248,20,0.539935,0.217,0.546711
basq1248,21,0.753517,0.232542,0.786564
basq1248,22,0.75454,0.232683,0.787633
basq1248,23,0.726375,0.457656,0.736307
basq1248,24,0.727616,0.488106,0.736442
basq1248,25,0.729957,0.458677,0.741927
basq1248,26,0.731089,0.48851,0.741817
basq1248,27,0.732756,0.488628,0.744782
basq1248,28,0.775079,0.485616,0.792985
basq1248,29,0.762559,0.485622,0.779782
basq1248,30,0.73687,0.366874,0.763935
bela1254,12,0.506154,0.124516,0.522663
bela1254,13,0.588838,0.145226,0.606227
bela1254,14,0.590858,0.1458,0.608123
bela1254,15,0.584208,0.143343,0.601421
bela1254,16,0.618011,0.152689,0.638387
bela1254,17,0.608189,0.148041,0.628416
bela1254,18,0.595573,0.143875,0.619733
bela1254,19,0.598597,0.143837,0.623881
bela1254,20,0.599124,0.143699,0.626369
bela1254,21,0.887234,0.448337,0.910837
bela1254,22,0.88756,0.448191,0.911169
bela1254,23,0.715844,0.197455,0.745772
bela1254,24,0.699394,0.184552,0.733836
bela1254,25,0.725095,0.198172,0.756238
bela1254,26,0.708939,0.185487,0.744564
bela1254,27,0.711482,0.185724,0.750538
bela1254,28,0.749191,0.190345,0.791241
bela1254,29,0.684688,0.15858,0.730605
bela1254,30,0.82055,0.23006,0.863548
brah1256,12,1.175035,0.472816,1.230208
brah1256,13,1.094727,0.387912,1.146661
brah1256,14,1.094934,0.388353,1.146898
brah1256,15,1.090319,0.387126,1.142512
brah1256,16,1.099635,0.391611,1.152898
brah1256,17,0.996066,0.40593,1.052564
brah1256,18,0.988486,0.400944,1.047662
brah1256,19,0.994104,0.401304,1.054889
brah1256,20,0.995472,0.40429,1.05682
brah1256,21,1.10728,0.446477,1.167433
brah1256,22,1.108521,0.446699,1.168964
brah1256,23,1.144441,0.434959,1.215204
brah1256,24,1.167502,0.435979,1.239773
brah1256,25,1.156088,0.43565,1.230489
brah1256,26,1.179096,0.436825,1.255075
brah1256,27,1.183147,0.437491,1.262698
brah1256,28,1.317043,0.480307,1.395815
brah1256,29,1.306098,0.476304,1.385527
brah1256,30,1.348952,0.491267,1.426501
bund1253,12,0.923478,0.267272,0.941395
bund1253,13,0.746205,0.485798,0.756177
bund1253,14,0.746473,0.485518,0.756508
bund1253,15,0.749919,0.485017,0.761008
bund1253,16,0.766915,0.48637,0.781392
bund1253,17,0.797689,0.277951,0.826402
bund1253,18,0.859135,0.284222,0.890682
bund1253,19,0.868762,0.285295,0.903227
bund1253,20,0.872798,0.279623,0.909726
bund1253,21,0.942222,0.275949,0.980232
bund1253,22,0.943401,0.276051,0.982186
bund1253,23,0.902299,0.282195,0.94593
bund1253,24,0.887519,0.28397,0.931257
bund1253,25,0.920497,0.284591,0.969139
bund1253,26,0.905782,0.286369,0.954738
bund1253,27,0.916941,0.287543,0.968785
bund1253,28,1.010317,0.298326,1.062031
bund1253,29,1.051969,0.303457,1.107902
bund1253,30,1.053676,0.299517,1.108262
buru1296,12,1.390562,0.477144,1.407085
buru1296,13,1.34661,0.478627,1.365744
buru1296,14,1.34873,0.478963,1.368619
buru1296,15,1.335558,0.478356,1.361626
buru1296,16,1.368254,0.481526,1.396787
buru1296,17,1.328716,0.560009,1.352829
buru1296,18,1.349167,0.563888,1.376331
buru1296,19,1.356842,0.564224,1.385981
buru1296,20,1.360499,0.568498,1.394746
buru1296,21,1.428296,0.61944,1.466693
buru1296,22,1.429051,0.619485,1.467992
buru1296,23,1.448818,0.605734,1.486742
buru1296,24,1.436426,0.593484,1.475283
buru1296,25,1.466009,0.6065,1.509641
buru1296,26,1.453539,0.594288,1.49813
buru1296,27,1.485403,0.59754,1.537285
buru1296,28,1.687464,0.656966,1.73664
buru1296,29,1.696115,0.655326,1.749603
buru1296,30,1.705542,0.663176,1.762007
cabe1245,12,0.042136,0.007413,0.044503
cabe1245,13,0.042562,0.007486,0.044945
cabe1245,14,0.042691,0.007498,0.045074
cabe1245,15,0.043574,0.007643,0.045986
cabe1245,16,0.206922,0.052988,0.208562
cabe1245,17,0.494541,0.195045,0.495129
cabe1245,18,0.206877,0.052905,0.208514
cabe1245,19,0.345951,0.092016,0.35476
cabe1245,20,0.346015,0.092011,0.354824
cabe1245,21,0.347451,0.092411,0.356421
cabe1245,22,0.34758,0.092428,0.356547
cabe1245,23,0.346333,0.091957,0.355344
cabe1245,24,0.346416,0.09196,0.355422
cabe1245,25,0.760815,0.241047,0.76381
cabe1245,26,0.760819,0.240975,0.763812
cabe1245,27,0.76076,0.240932,0.763755
cabe1245,28,0.417221,0.098545,0.426859
cabe1245,29,0.760835,0.240931,0.763814
cabe1245,30,0.761119,0.240979,0.764119
camp1261,12,0.715926,0.486841,0.719477
camp1261,13,0.700852,0.446631,0.705565
camp1261,14,0.701076,0.447009,0.705795
camp1261,15,0.700045,0.438014,0.705088
camp1261,16,0.702358,0.44262,0.707718
camp1261,17,0.727288,0.426891,0.737251
camp1261,18,0.728536,0.420613,0.73831
camp1261,19,0.728959,0.420145,0.738794
camp1261,20,0.729917,0.419157,0.73955
camp1261,21,0.784037,0.260227,0.800898
camp1261,22,0.78491,0.260567,0.801896
camp1261,23,0.776039,0.256448,0.7913
camp1261,24,0.78655,0.286575,0.804893
camp1261,25,0.776654,0.256902,0.792579
camp1261,26,0.787535,0.286985,0.806396
camp1261,27,0.788105,0.286449,0.807456
camp1261,28,0.885201,0.305777,0.90422
camp1261,29,0.859053,0.317614,0.877768
camp1261,30,0.718448,0.203882,0.742179
cams1241,12,0.39659,0.112463,0.453789
cams1241,13,0.402007,0.112269,0.460119
cams1241,14,0.402146,0.112284,0.46029
cams1241,15,0.404561,0.112619,0.463746
cams1241,16,0.452365,0.123793,0.516894
cams1241,17,0.842676,0.291799,0.903695
cams1241,18,0.465262,0.124137,0.531551
cams1241,19,0.61118,0.164574,0.676409
cams1241,20,0.610643,0.164536,0.676011
cams1241,21,0.625655,0.163249,0.691165
cams1241,22,0.62575,0.163258,0.691288
cams1241,23,0.636822,0.163822,0.703275
cams1241,24,0.636766,0.16392,0.704618
cams1241,25,0.677919,0.166289,0.76593
cams1241,26,0.677697,0.166387,0.767283
cams1241,27,0.678458,0.166432,0.768947
cams1241,28,0.686749,0.167586,0.759892
cams1241,29,0.684143,0.166443,0.778481
cams1241,30,0.693531,0.166686,0.785608
cent1989,12,0.78503,0.221408,0.826372
cent1989,13,0.922907,0.277589,0.966361
cent1989,14,0.928454,0.278141,0.976322
cent1989,15,1.184891,0.532182,1.218937
cent1989,16,1.189734,0.531944,1.224488
cent1989,17,1.167953,0.520921,1.205369
cent1989,18,1.218404,0.526132,1.254636
cent1989,19,1.219616,0.526184,1.256432
cent1989,20,1.105458,0.35849,1.164692
cent1989,21,1.111607,0.362237,1.172143
cent1989,22,1.113006,0.362141,1.17564
cent1989,23,1.116596,0.368193,1.178789
cent1989,24,1.118643,0.368628,1.180189
cent1989,25,1.125297,0.368597,1.190081
cent1989,26,1.126947,0.369003,1.191247
cent1989,27,1.141515,0.38382,1.204659
cent1989,28,1.187431,0.517599,1.249865
cent1989,29,1.232452,0.522398,1.294706
cent1989,30,1.125128,0.355085,1.198545
cent2058,12,0.85715,0.429988,0.860795
cent2058,13,0.864409,0.434065,0.869559
cent2058,14,1.185682,0.519359,1.192376
cent2058,15,1.225966,0.527321,1.233834
cent2058,16,1.234176,0.53217,1.243309
cent2058,17,1.234056,0.534387,1.241649
cent2058,18,1.229277,0.527712,1.238523
cent2058,19,1.22941,0.527737,1.238637
cent2058,20,1.318302,0.532462,1.33139
cent2058,21,1.319771,0.533458,1.33287
cent2058,22,1.47161,0.545964,1.485827
cent2058,23,1.473014,0.546603,1.487256
cent2058,24,1.473319,0.546769,1.487542
cent2058,25,1.473504,0.546568,1.48772
cent2058,26,1.473794,0.546708,1.488001
cent2058,27,1.47577,0.547306,1.489298
cent2058,28,1.485383,0.553975,1.500964
cent2058,29,1.478576,0.547019,1.494571
cent2058,30,1.48296,0.550026,1.50018
chec1245,12,1.177289,0.59803,1.185116
chec1245,13,1.197642,0.520261,1.215422
chec1245,14,1.198989,0.520445,1.216953
chec1245,15,1.210558,0.518109,1.228187
chec1245,16,1.228144,0.5219,1.250754
chec1245,17,1.089153,0.374714,1.117931
chec1245,18,1.058279,0.359263,1.091004
chec1245,19,1.062572,0.359221,1.096145
chec1245,20,1.062308,0.356241,1.095777
chec1245,21,1.129697,0.387441,1.166593
chec1245,22,1.130108,0.387391,1.167133
chec1245,23,1.200028,0.417387,1.244016
chec1245,24,1.191116,0.409657,1.236189
chec1245,25,1.213351,0.417839,1.2586
chec1245,26,1.205062,0.410269,1.251038
chec1245,27,1.217591,0.411589,1.272571
chec1245,28,1.246209,0.392408,1.30581
chec1245,29,1.226338,0.38466,1.287326
chec1245,30,1.270714,0.409659,1.333201
chip1261,12,1.019391,0.581122,1.08599
chip1261,13,1.027581,0.581046,1.096838
chip1261,14,1.027847,0.581054,1.09711
chip1261,15,1.025137,0.579538,1.094221
chip1261,16,0.378963,0.120167,0.47401
chip1261,17,1.017958,0.545002,1.089983
chip1261,18,0.378444,0.120033,0.473887
chip1261,19,0.374674,0.114791,0.474079
chip1261,20,0.374288,0.114706,0.473899
chip1261,21,0.377043,0.111243,0.47861
chip1261,22,0.377151,0.111249,0.478707
chip1261,23,0.410009,0.113216,0.508952
chip1261,24,0.405529,0.113506,0.5052
chip1261,25,0.377247,0.099135,0.489306
chip1261,26,0.373583,0.099365,0.486505
chip1261,27,0.374222,0.099364,0.487187
chip1261,28,0.412771,0.113178,0.516093
chip1261,29,0.368368,0.0994,0.483114
chip1261,30,0.382591,0.098927,0.495531
chuk1273,12,0.473316,0.158282,0.620007
chuk1273,13,0.477185,0.157843,0.624481
chuk1273,14,0.477659,0.157917,0.625046
chuk1273,15,0.479975,0.154743,0.628428
chuk1273,16,0.352207,0.115028,0.511552
chuk1273,17,0.461646,0.142413,0.617991
chuk1273,18,0.349784,0.114916,0.509201
chuk1273,19,0.357598,0.114452,0.5213
chuk1273,20,0.355433,0.11363,0.519519
chuk1273,21,0.390046,0.115735,0.55705
chuk1273,22,0.390185,0.115744,0.557209
chuk1273,23,0.390549,0.119554,0.555808
chuk1273,24,0.388512,0.119442,0.554321
chuk1273,25,0.394999,0.119137,0.564356
chuk1273,26,0.393075,0.119038,0.562976
chuk1273,27,0.392332,0.118695,0.563958
chuk1273,28,0.421516,0.124217,0.59259
chuk1273,29,0.41306,0.123653,0.58349
chuk1273,30,0.39787,0.118354,0.571354
chuv1255,12,1.039442,0.326611,1.047634
chuv1255,13,1.101124,0.361322,1.115249
chuv1255,14,1.103349,0.361749,1.118107
chuv1255,15,1.155772,0.369017,1.168738
chuv1255,16,1.201032,0.376025,1.217763
chuv1255,17,1.18567,0.376122,1.206242
chuv1255,18,1.192283,0.375238,1.211067
chuv1255,19,1.198298,0.37539,1.221974
chuv1255,20,1.209546,0.376194,1.235212
chuv1255,21,1.479764,0.626753,1.501755
chuv1255,22,1.480127,0.626866,1.502092
chuv1255,23,1.369794,0.391498,1.398614
chuv1255,24,1.367435,0.390368,1.398019
chuv1255,25,1.381873,0.392266,1.415294
chuv1255,26,1.379871,0.391198,1.415028
chuv1255,27,1.409098,0.395336,1.449186
chuv1255,28,1.441802,0.397124,1.492322
chuv1255,29,1.404382,0.388089,1.453068
chuv1255,30,1.467377,0.405454,1.515624
coca1259,12,0.205807,0.047779,0.264081
coca1259,13,0.209018,0.047771,0.268571
coca1259,14,0.209622,0.047782,0.269181
coca1259,15,0.2146,0.047775,0.274153
coca1259,16,0.235798,0.051707,0.29681
coca1259,17,0.7657,0.313169,0.82449
coca1259,18,0.235936,0.051698,0.299565
coca1259,19,0.598539,0.183753,0.6607
coca1259,20,0.599744,0.183648,0.661884
coca1259,21,0.6058,0.183112,0.667354
coca1259,22,0.606051,0.18313,0.667583
coca1259,23,0.607887,0.182981,0.669254
coca1259,24,0.608944,0.183035,0.670302
coca1259,25,0.744916,0.192538,0.813646
coca1259,26,0.745816,0.192565,0.814625
coca1259,27,0.746051,0.19255,0.814926
coca1259,28,0.729226,0.194564,0.793527
coca1259,29,0.747795,0.192539,0.817785
coca1259,30,0.750197,0.192635,0.820676
cofa1242,12,0.354057,0.104873,0.460073
cofa1242,13,0.363117,0.104656,0.468719
cofa1242,14,0.363358,0.104667,0.469011
cofa1242,15,0.366348,0.105008,0.47305
cofa1242,16,0.394821,0.111099,0.506802
cofa1242,17,0.842478,0.319585,0.958628
cofa1242,18,0.400103,0.111211,0.512756
cofa1242,19,0.635949,0.189568,0.746725
cofa1242,20,0.636233,0.189514,0.746634
cofa1242,21,0.646585,0.188459,0.757666
cofa1242,22,0.647092,0.188485,0.758307
cofa1242,23,0.656543,0.189319,0.769667
cofa1242,24,0.655477,0.189398,0.77228
cofa1242,25,0.717162,0.187213,0.842205
cofa1242,26,0.715588,0.187304,0.844632
cofa1242,27,0.71865,0.187605,0.848858
cofa1242,28,0.744744,0.19623,0.86245
cofa1242,29,0.726088,0.187543,0.852278
cofa1242,30,0.721573,0.18768,0.852915
cusc1236,12,0.540297,0.155826,0.542435
cusc1236,13,0.557212,0.155627,0.556266
cusc1236,14,0.557324,0.15563,0.556336
cusc1236,15,0.556943,0.155617,0.55655
cusc1236,16,0.64822,0.178563,0.653039
cusc1236,17,0.844444,0.258272,0.850104
cusc1236,18,0.651835,0.178633,0.65835
cusc1236,19,0.545292,0.151458,0.554585
cusc1236,20,0.546039,0.151515,0.555658
cusc1236,21,0.559286,0.15036,0.568704
cusc1236,22,0.559627,0.150381,0.56914
cusc1236,23,0.573183,0.150916,0.580256
cusc1236,24,0.571518,0.150948,0.579934
cusc1236,25,0.682455,0.173972,0.704483
cusc1236,26,0.680893,0.17399,0.704042
cusc1236,27,0.684607,0.174195,0.70857
cusc1236,28,0.625211,0.157921,0.645277
cusc1236,29,0.699735,0.174359,0.724895
cusc1236,30,0.701988,0.174307,0.727169
cypr1248,12,0.929248,0.392026,0.939905
cypr1248,13,1.063276,0.523147,1.07808
cypr1248,14,1.063401,0.522575,1.078323
cypr1248,15,1.067694,0.52521,1.083011
cypr1248,16,1.071099,0.520756,1.086926
cypr1248,17,1.071165,0.586227,1.091266
cypr1248,18,1.067443,0.580066,1.086758
cypr1248,19,1.068871,0.579989,1.088658
cypr1248,20,1.068915,0.578285,1.089113
cypr1248,21,1.121991,0.53236,1.148544
cypr1248,22,1.122695,0.532415,1.149435
cypr1248,23,1.201638,0.591197,1.231087
cypr1248,24,1.249342,0.615803,1.283256
cypr1248,25,1.205971,0.591445,1.236829
cypr1248,26,1.254095,0.616265,1.289516
cypr1248,27,1.257755,0.616272,1.294703
cypr1248,28,1.290379,0.603784,1.333085
cypr1248,29,1.291408,0.600809,1.334073
cypr1248,30,1.258531,0.620744,1.301843
czec1258,12,0.588393,0.180578,0.602574
czec1258,13,0.687803,0.199484,0.70193
czec1258,14,0.689208,0.200036,0.703309
czec1258,15,0.688488,0.196529,0.703135
czec1258,16,0.712547,0.206237,0.731395
czec1258,17,0.710296,0.201065,0.730079
czec1258,18,0.702829,0.196914,0.724106
czec1258,19,0.704993,0.196717,0.728072
czec1258,20,0.704724,0.19657,0.729602
czec1258,21,0.95554,0.425417,0.97365
czec1258,22,0.955336,0.425352,0.973824
czec1258,23,0.869783,0.314221,0.895991
czec1258,24,0.85853,0.296678,0.886619
czec1258,25,0.87553,0.314338,0.903616
czec1258,26,0.864407,0.297051,0.894345
czec1258,27,0.872524,0.297916,0.903003
czec1258,28,0.929801,0.306474,0.965788
czec1258,29,0.897845,0.274632,0.935174
czec1258,30,0.989866,0.358462,1.025796
darg1241,12,1.115909,0.528791,1.126649
darg1241,13,1.086354,0.482642,1.103988
darg1241,14,1.087739,0.482756,1.105444
darg1241,15,1.089561,0.478638,1.109081
darg1241,16,1.117864,0.482243,1.138846
darg1241,17,0.901064,0.33241,0.933988
darg1241,18,0.864744,0.318894,0.893579
darg1241,19,0.870666,0.319018,0.901777
darg1241,20,0.868615,0.316603,0.900424
darg1241,21,1.046027,0.393809,1.073052
darg1241,22,1.04652,0.393765,1.073573
darg1241,23,1.020608,0.396002,1.055449
darg1241,24,1.018238,0.38261,1.051327
darg1241,25,1.032376,0.396613,1.071814
darg1241,26,1.030117,0.383388,1.067782
darg1241,27,1.033565,0.38336,1.075732
darg1241,28,1.048382,0.383843,1.089915
darg1241,29,1.01446,0.377129,1.056137
darg1241,30,1.056994,0.398575,1.101649
daur1238,12,0.880403,0.503627,0.905437
daur1238,13,0.896108,0.508616,0.920838
daur1238,14,0.897196,0.509214,0.922018
daur1238,15,1.083702,0.366831,1.11037
daur1238,16,1.10841,0.367804,1.140272
daur1238,17,1.088375,0.368563,1.117782
daur1238,18,1.108062,0.369513,1.141356
daur1238,19,1.111748,0.370025,1.147862
daur1238,20,1.140844,0.379432,1.178801
daur1238,21,1.157985,0.386045,1.197065
daur1238,22,1.159698,0.386007,1.199047
daur1238,23,1.18456,0.393538,1.23323
daur1238,24,1.183912,0.393575,1.232991
daur1238,25,1.196513,0.394843,1.249224
daur1238,26,1.195741,0.394885,1.248944
daur1238,27,1.232107,0.398359,1.281757
daur1238,28,1.256589,0.549166,1.309435
daur1238,29,1.26587,0.549933,1.321862
daur1238,30,1.249531,0.404737,1.304274
east2443,12,0.907086,0.434111,0.934075
east2443,13,0.912492,0.437532,0.939702
east2443,14,1.238171,0.534173,1.266355
east2443,15,1.27899,0.53944,1.3088
east2443,16,1.283559,0.543879,1.313456
east2443,17,1.286023,0.546008,1.315996
east2443,18,1.280357,0.539767,1.310232
east2443,19,1.28071,0.539788,1.310708
east2443,20,1.366966,0.545307,1.40236
east2443,21,1.368274,0.546283,1.403789
east2443,22,1.521526,0.56439,1.557447
east2443,23,1.522447,0.564986,1.558228
east2443,24,1.522768,0.565153,1.558389
east2443,25,1.524228,0.565025,1.560129
east2443,26,1.524499,0.565169,1.56024
east2443,27,1.526756,0.565805,1.562517
east2443,28,1.542991,0.572727,1.579749
east2443,29,1.537135,0.56591,1.573984
east2443,30,1.53425,0.569274,1.572622
east2690,12,0.868587,0.250448,0.867533
east2690,13,1.014408,0.353164,1.013923
east2690,14,1.014936,0.352876,1.015118
east2690,15,1.015137,0.352804,1.016818
east2690,16,1.010642,0.350129,1.014095
east2690,17,1.063785,0.403231,1.070076
east2690,18,1.063079,0.406997,1.071259
east2690,19,1.065629,0.407227,1.075454
east2690,20,1.067124,0.408278,1.077661
east2690,21,1.088831,0.453054,1.099737
east2690,22,1.089372,0.452894,1.100682
east2690,23,1.112874,0.470731,1.129832
east2690,24,0.98672,0.385587,1.004332
east2690,25,1.117722,0.471164,1.136385
east2690,26,0.99268,0.386004,1.012322
east2690,27,0.995241,0.386561,1.015837
east2690,28,1.031831,0.383609,1.055669
east2690,29,1.007393,0.375099,1.030014
east2690,30,1.059515,0.373374,1.082529
egyp1253,12,1.133654,0.353582,1.168017
egyp1253,13,1.273951,0.443757,1.30982
egyp1253,14,1.274605,0.443469,1.310621
egyp1253,15,1.278363,0.444205,1.315462
egyp1253,16,1.268257,0.441988,1.306906
egyp1253,17,1.327072,0.491972,1.364988
egyp1253,18,1.329618,0.49803,1.373168
egyp1253,19,1.331563,0.498401,1.375383
egyp1253,20,1.333545,0.499562,1.378039
egyp1253,21,1.415504,0.599738,1.46021
egyp1253,22,1.41619,0.599543,1.461054
egyp1253,23,1.462286,0.640878,1.512079
egyp1253,24,1.503742,0.646891,1.554859
egyp1253,25,1.467565,0.641362,1.519007
egyp1253,26,1.509276,0.64719,1.561901
egyp1253,27,1.512805,0.647801,1.565554
egyp1253,28,1.530314,0.633665,1.587257
egyp1253,29,1.530912,0.632741,1.588506
egyp1253,30,1.645816,0.626893,1.702918
emae1237,12,0.886172,0.43087,0.923698
emae1237,13,0.894489,0.434853,0.931492
emae1237,14,1.223511,0.53215,1.262097
emae1237,15,1.26647,0.537242,1.303297
emae1237,16,1.274484,0.541925,1.311186
emae1237,17,1.274691,0.544241,1.3116
emae1237,18,1.269069,0.53771,1.30617
emae1237,19,1.269311,0.537736,1.306542
emae1237,20,1.334081,0.541751,1.369946
emae1237,21,1.343241,0.542766,1.379017
emae1237,22,1.499853,0.56111,1.536047
emae1237,23,1.501084,0.561792,1.53786
emae1237,24,1.501156,0.561983,1.537842
emae1237,25,1.503106,0.561782,1.540033
emae1237,26,1.503163,0.561946,1.539992
emae1237,27,1.504052,0.562752,1.540905
emae1237,28,1.510094,0.569851,1.547531
emae1237,29,1.505268,0.563325,1.543267
emae1237,30,1.514278,0.565665,1.555116
erzy1239,12,0.725819,0.17788,0.741509
erzy1239,13,0.792736,0.207032,0.812567
erzy1239,14,0.795144,0.207569,0.815505
erzy1239,15,0.797335,0.208374,0.821279
erzy1239,16,0.845905,0.217989,0.872637
erzy1239,17,0.826405,0.215078,0.853771
erzy1239,18,0.819191,0.213492,0.849761
erzy1239,19,0.823002,0.213534,0.855998
erzy1239,20,0.827038,0.214024,0.862356
erzy1239,21,1.153368,0.529111,1.184789
erzy1239,22,1.153708,0.528982,1.185366
erzy1239,23,0.968404,0.239886,1.009643
erzy1239,24,0.954086,0.232213,0.998565
erzy1239,25,0.977069,0.24065,1.022519
erzy1239,26,0.963125,0.233142,1.011789
erzy1239,27,0.984405,0.236385,1.040943
erzy1239,28,1.018611,0.239876,1.080722
erzy1239,29,0.931634,0.21376,1.001629
erzy1239,30,1.089443,0.269382,1.153752
esto1258,12,0.334002,0.068622,0.358587
esto1258,13,0.409106,0.088474,0.429803
esto1258,14,0.411266,0.088883,0.432181
esto1258,15,0.412957,0.091589,0.432905
esto1258,16,0.446136,0.098275,0.470481
esto1258,17,0.402113,0.084951,0.430958
esto1258,18,0.398836,0.082999,0.427404
esto1258,19,0.400457,0.082947,0.431637
esto1258,20,0.40008,0.083289,0.432062
esto1258,21,0.775661,0.459413,0.796106
esto1258,22,0.775816,0.459197,0.796294
esto1258,23,0.490247,0.116097,0.531264
esto1258,24,0.466811,0.103988,0.512884
esto1258,25,0.497524,0.116811,0.541879
esto1258,26,0.474871,0.104986,0.524173
esto1258,27,0.483721,0.107252,0.535415
esto1258,28,0.516097,0.114623,0.57586
esto1258,29,0.421296,0.083595,0.488456
esto1258,30,0.604058,0.152249,0.663663
even1259,12,0.864695,0.301085,1.046867
even1259,13,0.876896,0.301641,1.063355
even1259,14,0.876671,0.301722,1.063532
even1259,15,1.041203,0.416362,1.228229
even1259,16,1.081722,0.426264,1.268314
even1259,17,1.054513,0.419399,1.242007
even1259,18,1.08267,0.42752,1.270918
even1259,19,1.087225,0.427865,1.276922
even1259,20,1.11261,0.445003,1.304802
even1259,21,1.156978,0.441821,1.354187
even1259,22,1.15706,0.441807,1.354402
even1259,23,1.126163,0.439112,1.327754
even1259,24,1.123917,0.438946,1.326446
even1259,25,1.135101,0.439705,1.340281
even1259,26,1.132893,0.439542,1.339001
even1259,27,1.144281,0.436586,1.356464
even1259,28,1.1836,0.485751,1.424548
even1259,29,1.186743,0.486207,1.428967
even1259,30,1.166902,0.442578,1.386807
even1260,12,1.056661,0.397341,1.204431
even1260,13,1.0764,0.399838,1.233477
even1260,14,1.076949,0.399869,1.234089
even1260,15,1.207995,0.497885,1.37173
even1260,16,1.244206,0.50624,1.410217
even1260,17,1.219429,0.499871,1.385688
even1260,18,1.241965,0.504412,1.412605
even1260,19,1.244763,0.504546,1.416304
even1260,20,1.263522,0.527213,1.437459
even1260,21,1.380366,0.574132,1.54529
even1260,22,1.380754,0.574164,1.545712
even1260,23,1.31986,0.530542,1.503604
even1260,24,1.315376,0.527925,1.500361
even1260,25,1.328388,0.530787,1.514285
even1260,26,1.324036,0.528216,1.511175
even1260,27,1.366732,0.527759,1.560447
even1260,28,1.45666,0.577778,1.668403
even1260,29,1.448012,0.571744,1.665358
even1260,30,1.400838,0.54338,1.599212
finn1318,12,0.530506,0.135627,0.575165
finn1318,13,0.596013,0.150448,0.639696
finn1318,14,0.59722,0.150837,0.641009
finn1318,15,0.6069,0.155119,0.650185
finn1318,16,0.642155,0.162135,0.687759
finn1318,17,0.597617,0.14977,0.648269
finn1318,18,0.597882,0.147337,0.648259
finn1318,19,0.598965,0.147218,0.652488
finn1318,20,0.600857,0.147416,0.655531
finn1318,21,0.977096,0.49589,1.019002
finn1318,22,0.977303,0.495764,1.019335
finn1318,23,0.699532,0.17838,0.778507
finn1318,24,0.681397,0.169531,0.763747
finn1318,25,0.707578,0.179122,0.790612
finn1318,26,0.690656,0.170527,0.776455
finn1318,27,0.709617,0.173529,0.796818
finn1318,28,0.746856,0.17883,0.83652
finn1318,29,0.696736,0.157468,0.788121
finn1318,30,0.810214,0.209214,0.899411
futu1245,12,1.185475,0.583995,1.190489
futu1245,13,1.206412,0.586044,1.209947
futu1245,14,1.451616,0.633925,1.456107
futu1245,15,1.495046,0.687303,1.500727
futu1245,16,1.499528,0.690492,1.50536
futu1245,17,1.501676,0.692858,1.507723
futu1245,18,1.495676,0.687813,1.50196
futu1245,19,1.49585,0.687839,1.502175
futu1245,20,1.440679,0.601194,1.448675
futu1245,21,1.463323,0.600538,1.47174
futu1245,22,1.529187,0.588088,1.542037
futu1245,23,1.521454,0.586801,1.535472
futu1245,24,1.517182,0.586723,1.531645
futu1245,25,1.522782,0.586875,1.537168
futu1245,26,1.518791,0.586799,1.533649
futu1245,27,1.520176,0.584859,1.535753
futu1245,28,1.530694,0.5808,1.550685
futu1245,29,1.523076,0.581264,1.542903
futu1245,30,1.543061,0.588795,1.562407
gaga1249,12,0.958371,0.40823,0.978186
gaga1249,13,1.091838,0.442705,1.114132
gaga1249,14,1.093346,0.443244,1.115894
gaga1249,15,1.098576,0.440737,1.124023
gaga1249,16,1.110388,0.447192,1.137572
gaga1249,17,1.135227,0.460222,1.166125
gaga1249,18,1.13037,0.456532,1.161368
gaga1249,19,1.131916,0.456343,1.164458
gaga1249,20,1.133963,0.456364,1.168139
gaga1249,21,1.309236,0.522557,1.345807
gaga1249,22,1.30972,0.522651,1.346548
gaga1249,23,1.334716,0.601023,1.376362
gaga1249,24,1.353426,0.585374,1.395225
gaga1249,25,1.340263,0.601123,1.383061
gaga1249,26,1.358987,0.585654,1.401947
gaga1249,27,1.366691,0.587209,1.414775
gaga1249,28,1.409894,0.59057,1.461607
gaga1249,29,1.393889,0.568466,1.446962
gaga1249,30,1.446538,0.634699,1.502787
gali1258,12,0.778936,0.356753,0.788128
gali1258,13,0.872759,0.351155,0.884927
gali1258,14,0.873364,0.351581,0.885543
gali1258,15,0.875877,0.34584,0.889185
gali1258,16,0.888657,0.352933,0.901943
gali1258,17,0.889983,0.345052,0.911438
gali1258,18,0.890942,0.340322,0.912244
gali1258,19,0.893279,0.340198,0.915715
gali1258,20,0.89485,0.33977,0.918308
gali1258,21,1.168648,0.380395,1.192982
gali1258,22,1.169253,0.38053,1.193593
gali1258,23,1.159117,0.54212,1.18696
gali1258,24,1.14983,0.549852,1.183121
gali1258,25,1.164622,0.542519,1.194017
gali1258,26,1.155331,0.550163,1.190499
gali1258,27,1.161048,0.550575,1.197584
gali1258,28,1.226561,0.564595,1.269627
gali1258,29,1.211283,0.545788,1.253985
gali1258,30,1.29672,0.525963,1.336144
gela1263,12,0.865185,0.336766,0.871172
gela1263,13,0.861685,0.333572,0.867731
gela1263,14,1.009241,0.353343,1.017587
gela1263,15,1.046892,0.390557,1.056797
gela1263,16,1.052871,0.391697,1.062553
gela1263,17,1.056006,0.392629,1.065559
gela1263,18,1.046949,0.389969,1.056779
gela1263,19,1.047228,0.390004,1.057078
gela1263,20,1.267996,0.531458,1.280799
gela1263,21,1.270126,0.531992,1.28305
gela1263,22,1.342218,0.548934,1.35817
gela1263,23,1.343907,0.549323,1.360228
gela1263,24,1.344165,0.549382,1.360536
gela1263,25,1.344358,0.54935,1.36073
gela1263,26,1.344594,0.549415,1.361021
gela1263,27,1.347688,0.549912,1.364576
gela1263,28,1.35878,0.552736,1.375047
gela1263,29,1.355586,0.551073,1.372717
gela1263,30,1.364651,0.549783,1.382453
ghan1242,12,0.438603,0.125676,0.450183
ghan1242,13,0.421578,0.121769,0.432174
ghan1242,14,0.415451,0.112733,0.428494
ghan1242,15,0.421646,0.149619,0.426002
ghan1242,16,0.424502,0.150116,0.429733
ghan1242,17,0.427264,0.150585,0.433279
ghan1242,18,0.421516,0.149021,0.426111
ghan1242,19,0.422475,0.149077,0.42724
ghan1242,20,0.673266,0.290861,0.68158
ghan1242,21,0.674842,0.29138,0.683242
ghan1242,22,0.655822,0.285556,0.664191
ghan1242,23,0.657945,0.286132,0.666343
ghan1242,24,0.658163,0.286189,0.666565
ghan1242,25,0.659411,0.286221,0.668094
ghan1242,26,0.659628,0.286283,0.668315
ghan1242,27,0.663711,0.287147,0.6725
ghan1242,28,0.674772,0.290419,0.683982
ghan1242,29,0.673532,0.28915,0.682723
ghan1242,30,0.66238,0.285918,0.670892
gily1242,12,0.972935,0.456797,0.975985
gily1242,13,0.973814,0.458139,0.976945
gily1242,14,0.975147,0.458828,0.97859
gily1242,15,0.914651,0.366052,0.917219
gily1242,16,0.91876,0.369575,0.921689
gily1242,17,0.917901,0.365425,0.92187
gily1242,18,0.917067,0.367328,0.92066
gily1242,19,0.917597,0.367657,0.921216
gily1242,20,0.78222,0.280983,0.790775
gily1242,21,0.847733,0.308931,0.855681
gily1242,22,0.847367,0.308803,0.855439
gily1242,23,0.888873,0.333071,0.896764
gily1242,24,0.889619,0.333622,0.89749
gily1242,25,0.893604,0.334336,0.902893
gily1242,26,0.894313,0.334867,0.903567
gily1242,27,0.886949,0.334394,0.895183
gily1242,28,0.296879,0.068459,0.310891
gily1242,29,0.307999,0.071116,0.322188
gily1242,30,0.853314,0.304228,0.866022
hadz1240,12,0.393945,0.157033,0.490111
hadz1240,13,0.376298,0.143363,0.469527
hadz1240,14,0.376455,0.143379,0.469674
hadz1240,15,0.376702,0.143451,0.470022
hadz1240,16,0.401674,0.159396,0.501417
hadz1240,17,0.381168,0.144595,0.474888
hadz1240,18,0.402669,0.14875,0.494829
hadz1240,19,0.402803,0.148774,0.494964
hadz1240,20,0.403042,0.148804,0.495278
hadz1240,21,0.410494,0.151928,0.50508
hadz1240,22,0.410629,0.151936,0.505219
hadz1240,23,0.412556,0.152241,0.506713
hadz1240,24,0.532256,0.189632,0.626718
hadz1240,25,0.412903,0.15225,0.507171
hadz1240,26,0.532516,0.18964,0.626991
hadz1240,27,0.532616,0.189632,0.627051
hadz1240,28,0.533171,0.189843,0.626916
hadz1240,29,0.532843,0.189784,0.626091
hadz1240,30,0.532405,0.19151,0.627713
hakk1236,12,0.502594,0.190794,0.507437
hakk1236,13,0.549909,0.19862,0.555303
hakk1236,14,0.552763,0.198661,0.559345
hakk1236,15,0.729137,0.412062,0.736191
hakk1236,16,0.733971,0.41299,0.742386
hakk1236,17,0.711824,0.414107,0.72122
hakk1236,18,0.729719,0.416744,0.738522
hakk1236,19,0.733543,0.417272,0.743484
hakk1236,20,0.734014,0.436813,0.74658
hakk1236,21,0.734583,0.442549,0.746897
hakk1236,22,0.735184,0.442575,0.747672
hakk1236,23,0.737991,0.450358,0.750745
hakk1236,24,0.738173,0.450763,0.750931
hakk1236,25,0.743708,0.450608,0.758171
hakk1236,26,0.743887,0.450984,0.758361
hakk1236,27,0.746215,0.474231,0.760413
hakk1236,28,0.752933,0.29119,0.770768
hakk1236,29,0.759226,0.290821,0.777951
hakk1236,30,0.754036,0.437911,0.771504
hano1246,12,0.621145,0.289052,0.625943
hano1246,13,0.626189,0.293231,0.631463
hano1246,14,1.032628,0.470909,1.037713
hano1246,15,1.060761,0.487941,1.068747
hano1246,16,1.064322,0.493043,1.072276
hano1246,17,1.065964,0.49527,1.073943
hano1246,18,1.061189,0.488107,1.069115
hano1246,19,1.061513,0.488142,1.069445
hano1246,20,1.144183,0.49026,1.14865
hano1246,21,1.145022,0.491005,1.149489
hano1246,22,1.317014,0.488222,1.32352
hano1246,23,1.317993,0.488614,1.324487
hano1246,24,1.318272,0.488795,1.324775
hano1246,25,1.318344,0.488567,1.324856
hano1246,26,1.318678,0.488716,1.325203
hano1246,27,1.319466,0.488986,1.32602
hano1246,28,1.322921,0.494703,1.329986
hano1246,29,1.317878,0.487513,1.324932
hano1246,30,1.318761,0.491835,1.325739
hass1238,12,1.05613,0.394151,1.070017
hass1238,13,1.078302,0.41061,1.086684
hass1238,14,1.078678,0.410568,1.087048
hass1238,15,1.082084,0.413656,1.091367
hass1238,16,1.066464,0.414075,1.079115
hass1238,17,1.081847,0.41885,1.094774
hass1238,18,1.082499,0.42094,1.09667
hass1238,19,1.083982,0.420934,1.098184
hass1238,20,1.084498,0.421273,1.098651
hass1238,21,1.137635,0.516862,1.158043
hass1238,22,1.137999,0.516621,1.158419
hass1238,23,1.192957,0.599499,1.217346
hass1238,24,1.271455,0.557133,1.290585
hass1238,25,1.196934,0.599681,1.22181
hass1238,26,1.274537,0.557013,1.29404
hass1238,27,1.273283,0.556439,1.292019
hass1238,28,1.284734,0.578852,1.304384
hass1238,29,1.279914,0.564592,1.300757
hass1238,30,1.17549,0.398702,1.20218
here1253,12,0.242644,0.058884,0.259338
here1253,13,0.28971,0.067743,0.306367
here1253,14,0.289891,0.06777,0.306543
here1253,15,0.29012,0.067772,0.306645
here1253,16,0.244666,0.058822,0.261791
here1253,17,0.292259,0.067989,0.30848
here1253,18,0.464672,0.116633,0.483124
here1253,19,0.464805,0.116638,0.483259
here1253,20,0.464876,0.116634,0.483332
here1253,21,0.463598,0.116205,0.482434
here1253,22,0.46375,0.116217,0.482592
here1253,23,0.464512,0.116441,0.484076
here1253,24,0.539311,0.132994,0.563607
here1253,25,0.46483,0.116466,0.484379
here1253,26,0.539684,0.133025,0.563941
here1253,27,0.539753,0.133023,0.563994
here1253,28,0.541426,0.133482,0.565146
here1253,29,0.541041,0.133157,0.565734
here1253,30,0.548241,0.134998,0.573479
hoaa1235,12,0.470648,0.187907,0.498608
hoaa1235,13,0.476714,0.188507,0.506358
hoaa1235,14,0.476808,0.188489,0.506445
hoaa1235,15,0.476804,0.188492,0.506476
hoaa1235,16,0.471969,0.188116,0.500822
hoaa1235,17,0.476576,0.18848,0.506385
hoaa1235,18,0.477745,0.187234,0.506987
hoaa1235,19,0.477844,0.187243,0.507082
hoaa1235,20,0.478101,0.18725,0.507286
hoaa1235,21,0.477397,0.187225,0.506635
hoaa1235,22,0.477521,0.187228,0.506762
hoaa1235,23,0.478053,0.187217,0.507441
hoaa1235,24,0.490216,0.18949,0.524778
hoaa1235,25,0.478266,0.187228,0.507656
hoaa1235,26,0.490451,0.189503,0.525011
hoaa1235,27,0.490505,0.189499,0.525048
hoaa1235,28,0.489876,0.189387,0.524379
hoaa1235,29,0.490292,0.189428,0.524771
hoaa1235,30,0.491657,0.189762,0.526094
huaa1248,12,0.408328,0.150066,0.423886
huaa1248,13,0.409224,0.150486,0.424718
huaa1248,14,0.409306,0.150468,0.4248
huaa1248,15,0.409415,0.150473,0.42491
huaa1248,16,0.409041,0.150241,0.424613
huaa1248,17,0.409666,0.150485,0.425163
huaa1248,18,0.411441,0.149577,0.428747
huaa1248,19,0.41157,0.149587,0.428877
huaa1248,20,0.411685,0.149594,0.428991
huaa1248,21,0.411745,0.14962,0.428985
huaa1248,22,0.411859,0.149624,0.429099
huaa1248,23,0.411937,0.149606,0.429164
huaa1248,24,0.416268,0.152031,0.433006
huaa1248,25,0.412154,0.149619,0.429374
huaa1248,26,0.416495,0.152044,0.433228
huaa1248,27,0.416594,0.152042,0.433325
huaa1248,28,0.416528,0.151937,0.43327
huaa1248,29,0.416685,0.151975,0.433425
huaa1248,30,0.417311,0.152232,0.434099
hung1274,12,0.694603,0.231742,0.708933
hung1274,13,0.803405,0.252581,0.816785
hung1274,14,0.804663,0.253144,0.818087
hung1274,15,0.80455,0.249392,0.820779
hung1274,16,0.824695,0.257822,0.843462
hung1274,17,0.83393,0.25808,0.852587
hung1274,18,0.825941,0.253152,0.847664
hung1274,19,0.828924,0.253077,0.851777
hung1274,20,0.829821,0.252931,0.854193
hung1274,21,1.066934,0.440862,1.093371
hung1274,22,1.06754,0.440855,1.09399
hung1274,23,1.007965,0.379368,1.041136
hung1274,24,1.002431,0.362052,1.036217
hung1274,25,1.015122,0.379884,1.050281
hung1274,26,1.009884,0.362795,1.045603
hung1274,27,1.015344,0.363685,1.052499
hung1274,28,1.069674,0.370737,1.112923
hung1274,29,1.040458,0.340647,1.085347
hung1274,30,1.122073,0.421389,1.164675
icel1247,12,0.487456,0.138719,0.499929
icel1247,13,0.576961,0.15512,0.589202
icel1247,14,0.578542,0.155695,0.590777
icel1247,15,0.57262,0.151593,0.585763
icel1247,16,0.601802,0.161465,0.617751
icel1247,17,0.592033,0.154833,0.609034
icel1247,18,0.579006,0.149827,0.600328
icel1247,19,0.582457,0.149693,0.604039
icel1247,20,0.582481,0.149278,0.604792
icel1247,21,0.850894,0.395824,0.866996
icel1247,22,0.851294,0.39574,0.867389
icel1247,23,0.782442,0.290082,0.805714
icel1247,24,0.763739,0.269156,0.787271
icel1247,25,0.788073,0.290232,0.812911
icel1247,26,0.769708,0.269621,0.794835
icel1247,27,0.777629,0.270503,0.805306
icel1247,28,0.836217,0.284433,0.866033
icel1247,29,0.798026,0.248358,0.829311
icel1247,30,0.891745,0.350728,0.921549
ingu1240,12,1.218895,0.614024,1.23226
ingu1240,13,1.254335,0.534114,1.270756
ingu1240,14,1.255917,0.534354,1.272971
ingu1240,15,1.260718,0.53288,1.281259
ingu1240,16,1.274854,0.53626,1.297967
ingu1240,17,1.139702,0.387174,1.166377
ingu1240,18,1.112688,0.371616,1.141291
ingu1240,19,1.117997,0.371663,1.149306
ingu1240,20,1.115811,0.368748,1.148318
ingu1240,21,1.152848,0.387358,1.187341
ingu1240,22,1.153476,0.387284,1.18818
ingu1240,23,1.237999,0.42486,1.273838
ingu1240,24,1.222913,0.417675,1.259716
ingu1240,25,1.25024,0.425359,1.289038
ingu1240,26,1.235043,0.418293,1.274838
ingu1240,27,1.250617,0.41884,1.295629
ingu1240,28,1.268938,0.390841,1.321245
ingu1240,29,1.252389,0.383309,1.3069
ingu1240,30,1.281742,0.407226,1.335049
iris1253,12,0.523286,0.158488,0.531006
iris1253,13,0.616135,0.177903,0.624408
iris1253,14,0.617659,0.178488,0.625942
iris1253,15,0.611914,0.17428,0.621434
iris1253,16,0.642012,0.184388,0.653252
iris1253,17,0.634441,0.179212,0.647928
iris1253,18,0.626912,0.174709,0.642287
iris1253,19,0.629353,0.174698,0.645526
iris1253,20,0.629575,0.174316,0.646305
iris1253,21,0.89176,0.39529,0.901599
iris1253,22,0.89215,0.395231,0.901998
iris1253,23,0.843029,0.333555,0.85742
iris1253,24,0.825029,0.310721,0.838999
iris1253,25,0.850379,0.333716,0.866298
iris1253,26,0.832713,0.311248,0.848312
iris1253,27,0.836988,0.311436,0.853296
iris1253,28,0.904278,0.328221,0.922392
iris1253,29,0.87153,0.292184,0.891453
iris1253,30,0.951013,0.401142,0.971008
iron1242,12,1.262328,0.617287,1.266196
iron1242,13,1.287645,0.540334,1.288246
iron1242,14,1.288289,0.540556,1.288954
iron1242,15,1.295737,0.538952,1.299337
iron1242,16,1.309672,0.542481,1.314737
iron1242,17,1.17205,0.392252,1.177461
iron1242,18,1.149931,0.376154,1.155572
iron1242,19,1.152558,0.376181,1.159327
iron1242,20,1.150385,0.373287,1.162837
iron1242,21,1.175223,0.38347,1.191125
iron1242,22,1.175482,0.383395,1.191484
iron1242,23,1.260123,0.4262,1.277227
iron1242,24,1.241525,0.418931,1.259156
iron1242,25,1.269936,0.426652,1.289481
iron1242,26,1.251007,0.419483,1.271242
iron1242,27,1.26781,0.420261,1.293209
iron1242,28,1.288554,0.390017,1.328203
iron1242,29,1.274529,0.382829,1.315886
iron1242,30,1.300751,0.409217,1.34333
ital1282,12,0.786751,0.406075,0.806753
ital1282,13,0.943242,0.425217,0.959307
ital1282,14,0.943744,0.425723,0.959812
ital1282,15,0.94339,0.420046,0.960189
ital1282,16,0.950969,0.42663,0.968627
ital1282,17,0.98502,0.433226,1.002554
ital1282,18,0.985023,0.428606,1.002645
ital1282,19,0.985302,0.428318,1.002974
ital1282,20,0.986239,0.42809,1.004123
ital1282,21,1.140447,0.433789,1.161045
ital1282,22,1.141012,0.433963,1.161639
ital1282,23,1.156093,0.551527,1.184826
ital1282,24,1.164109,0.570178,1.195302
ital1282,25,1.160823,0.551908,1.190429
ital1282,26,1.168862,0.570345,1.200866
ital1282,27,1.172609,0.570911,1.206075
ital1282,28,1.243784,0.591623,1.281995
ital1282,29,1.231628,0.602144,1.270019
ital1282,30,1.248608,0.525225,1.286668
kaba1278,12,1.251544,0.593702,1.285428
kaba1278,13,1.299262,0.555494,1.340601
kaba1278,14,1.301106,0.555717,1.34275
kaba1278,15,1.311155,0.553898,1.356607
kaba1278,16,1.331198,0.557508,1.378125
kaba1278,17,1.224986,0.428441,1.28201
kaba1278,18,1.212278,0.414705,1.270965
kaba1278,19,1.215378,0.414616,1.276382
kaba1278,20,1.214957,0.412013,1.279372
kaba1278,21,1.26283,0.436245,1.3267
kaba1278,22,1.263783,0.436206,1.328188
kaba1278,23,1.330279,0.460216,1.401722
kaba1278,24,1.3213,0.453789,1.397747
kaba1278,25,1.340658,0.460707,1.415464
kaba1278,26,1.331737,0.45439,1.411471
kaba1278,27,1.345534,0.454666,1.430922
kaba1278,28,1.376782,0.431672,1.475789
kaba1278,29,1.364521,0.424196,1.467832
kaba1278,30,1.399469,0.452033,1.492668
kalm1243,12,1.283314,0.501394,1.299592
kalm1243,13,1.287126,0.505005,1.305779
kalm1243,14,1.287757,0.505382,1.306756
kalm1243,15,1.417913,0.513555,1.437528
kalm1243,16,1.455534,0.514906,1.48239
kalm1243,17,1.416464,0.51462,1.442509
kalm1243,18,1.439983,0.51585,1.469898
kalm1243,19,1.444334,0.516219,1.476828
kalm1243,20,1.489317,0.49659,1.524638
kalm1243,21,1.52992,0.497725,1.564511
kalm1243,22,1.530299,0.497653,1.565087
kalm1243,23,1.607472,0.509359,1.647486
kalm1243,24,1.607355,0.509391,1.647628
kalm1243,25,1.620992,0.510551,1.665789
kalm1243,26,1.620874,0.510578,1.665927
kalm1243,27,1.701739,0.539366,1.751895
kalm1243,28,1.778152,0.65183,1.824412
kalm1243,29,1.782357,0.652165,1.829825
kalm1243,30,1.741119,0.537208,1.79726
kank1243,12,0.142936,0.030096,0.153045
kank1243,13,0.160839,0.034585,0.174659
kank1243,14,0.169172,0.036978,0.182851
kank1243,15,0.480008,0.176744,0.491695
kank1243,16,0.479949,0.176625,0.491652
kank1243,17,0.471178,0.172084,0.480945
kank1243,18,0.475431,0.17307,0.486356
kank1243,19,0.475825,0.173139,0.486815
kank1243,20,0.399535,0.125706,0.419696
kank1243,21,0.390374,0.121145,0.410683
kank1243,22,0.388122,0.120002,0.408412
kank1243,23,0.374406,0.113357,0.395645
kank1243,24,0.373964,0.113105,0.395229
kank1243,25,0.375262,0.113353,0.39657
kank1243,26,0.374795,0.11309,0.396133
kank1243,27,0.344746,0.09964,0.368775
kank1243,28,0.261715,0.064297,0.310396
kank1243,29,0.263998,0.064172,0.313506
kank1243,30,0.463895,0.133896,0.486678
kaqc1270,12,0.244172,0.047755,0.255913
kaqc1270,13,0.243532,0.047952,0.255736
kaqc1270,14,0.243809,0.047968,0.255882
kaqc1270,15,0.245223,0.047873,0.260299
kaqc1270,16,0.389972,0.109095,0.406665
kaqc1270,17,0.63664,0.210419,0.652937
kaqc1270,18,0.391956,0.109008,0.409048
kaqc1270,19,0.547509,0.143667,0.563725
kaqc1270,20,0.548151,0.143581,0.564796
kaqc1270,21,0.546046,0.142492,0.56256
kaqc1270,22,0.546112,0.142514,0.562636
kaqc1270,23,0.546847,0.142201,0.565093
kaqc1270,24,0.547183,0.142217,0.56533
kaqc1270,25,0.91288,0.286009,0.931136
kaqc1270,26,0.913053,0.286055,0.931216
kaqc1270,27,0.911152,0.28602,0.929707
kaqc1270,28,0.609776,0.148873,0.631246
kaqc1270,29,0.908669,0.285673,0.928461
kaqc1270,30,0.911212,0.28588,0.930979
kare1335,12,0.45405,0.115922,0.473458
kare1335,13,0.512518,0.130861,0.532798
kare1335,14,0.513859,0.131182,0.53444
kare1335,15,0.536141,0.137671,0.5577
kare1335,16,0.566476,0.14287,0.591883
kare1335,17,0.515366,0.130349,0.547003
kare1335,18,0.521229,0.130538,0.553475
kare1335,19,0.526955,0.130739,0.560461
kare1335,20,0.530113,0.131178,0.565045
kare1335,21,0.945619,0.516445,0.960686
kare1335,22,0.945654,0.516261,0.960871
kare1335,23,0.613996,0.14196,0.653923
kare1335,24,0.596209,0.13591,0.641264
kare1335,25,0.621523,0.142761,0.665264
kare1335,26,0.603802,0.136843,0.65277
kare1335,27,0.631131,0.141211,0.684652
kare1335,28,0.647857,0.14317,0.703219
kare1335,29,0.599426,0.130156,0.649822
kare1335,30,0.723111,0.164972,0.779594
kari1311,12,0.001377,0.00011,0.001378
kari1311,13,0.001512,0.000121,0.001509
kari1311,14,0.001648,0.000132,0.001648
kari1311,15,0.001768,0.000141,0.001762
kari1311,16,0.00188,0.00015,0.001879
kari1311,17,0.006147,0.000939,0.013073
kari1311,18,0.002136,0.000171,0.002133
kari1311,19,0.009646,0.001794,0.022723
kari1311,20,0.009786,0.001807,0.022879
kari1311,21,0.009881,0.001809,0.022916
kari1311,22,0.010003,0.001819,0.023039
kari1311,23,0.010148,0.001834,0.02322
kari1311,24,0.010268,0.001844,0.023342
kari1311,25,0.017913,0.003518,0.044426
kari1311,26,0.018034,0.003527,0.044537
kari1311,27,0.018095,0.003519,0.044471
kari1311,28,0.017393,0.003318,0.042168
kari1311,29,0.018329,0.003537,0.044698
kari1311,30,0.01846,0.003548,0.044838
kett1243,12,1.005743,0.371984,1.014666
kett1243,13,1.027616,0.367274,1.0394
kett1243,14,1.027317,0.366846,1.039278
kett1243,15,0.966727,0.333108,0.983223
kett1243,16,1.027066,0.341351,1.04294
kett1243,17,0.954891,0.333769,0.97921
kett1243,18,0.987563,0.341273,1.005936
kett1243,19,0.99927,0.34171,1.026872
kett1243,20,0.986624,0.332949,1.015811
kett1243,21,0.937792,0.411241,0.972885
kett1243,22,0.937947,0.411328,0.973039
kett1243,23,0.564064,0.208932,0.59082
kett1243,24,0.549285,0.198541,0.576053
kett1243,25,0.577053,0.209406,0.607059
kett1243,26,0.562105,0.199049,0.59213
kett1243,27,0.247876,0.056332,0.291817
kett1243,28,0.281732,0.065225,0.323929
kett1243,29,0.287409,0.066246,0.331047
kett1243,30,0.248325,0.05614,0.293015
kgal1244,12,0.65442,0.377098,0.66527
kgal1244,13,0.656679,0.377443,0.667959
kgal1244,14,0.656808,0.37747,0.668086
kgal1244,15,0.656931,0.377474,0.668212
kgal1244,16,0.6546,0.376759,0.665467
kgal1244,17,0.657367,0.377461,0.668716
kgal1244,18,0.765801,0.398924,0.779947
kgal1244,19,0.765851,0.398921,0.779998
kgal1244,20,0.765898,0.398912,0.780048
kgal1244,21,0.764141,0.398483,0.778448
kgal1244,22,0.764283,0.398489,0.778597
kgal1244,23,0.765113,0.398684,0.779404
kgal1244,24,0.762366,0.397553,0.777867
kgal1244,25,0.765415,0.398697,0.779711
kgal1244,26,0.762579,0.397558,0.778087
kgal1244,27,0.762689,0.397565,0.778195
kgal1244,28,0.762993,0.397654,0.778483
kgal1244,29,0.762949,0.397607,0.778446
kgal1244,30,0.758769,0.396574,0.774443
khak1248,12,1.365875,0.521437,1.393695
khak1248,13,1.412607,0.523811,1.442809
khak1248,14,1.413453,0.52397,1.443917
khak1248,15,1.539282,0.650941,1.568612
khak1248,16,1.58019,0.654799,1.614398
khak1248,17,1.579817,0.651222,1.615216
khak1248,18,1.604707,0.654113,1.640351
khak1248,19,1.616775,0.654461,1.656007
khak1248,20,1.65623,0.665732,1.697525
khak1248,21,1.655412,0.665674,1.715269
khak1248,22,1.655951,0.665631,1.71614
khak1248,23,1.691724,0.640631,1.754682
khak1248,24,1.692753,0.640857,1.755526
khak1248,25,1.71012,0.641953,1.777421
khak1248,26,1.711215,0.642176,1.778324
khak1248,27,1.749663,0.606611,1.838008
khak1248,28,1.831425,0.632439,1.92567
khak1248,29,1.843267,0.632864,1.939671
khak1248,30,1.794301,0.606926,1.889762
khar1287,12,0.952228,0.470492,0.963252
khar1287,13,1.025316,0.418201,1.038833
khar1287,14,1.030122,0.418372,1.046246
khar1287,15,1.145382,0.416114,1.159724
khar1287,16,1.150367,0.417636,1.165123
khar1287,17,0.921467,0.292339,0.937138
khar1287,18,1.018151,0.325063,1.033241
khar1287,19,1.020558,0.325927,1.035828
khar1287,20,0.968048,0.332655,0.987159
khar1287,21,0.974419,0.331342,0.997015
khar1287,22,0.976749,0.331622,1.003254
khar1287,23,0.965296,0.326448,0.99173
khar1287,24,0.958919,0.323648,0.985515
khar1287,25,0.974508,0.328594,1.002161
khar1287,26,0.968203,0.325835,0.996024
khar1287,27,0.981204,0.327688,1.008717
khar1287,28,0.939941,0.29841,0.966429
khar1287,29,1.03035,0.324663,1.054855
khar1287,30,0.947525,0.320051,0.978014
kiku1240,12,0.88832,0.305098,0.895999
kiku1240,13,0.924131,0.32097,0.931468
kiku1240,14,0.925157,0.321008,0.932587
kiku1240,15,0.92577,0.320984,0.933933
kiku1240,16,0.90438,0.303589,0.912158
kiku1240,17,0.928554,0.321913,0.941161
kiku1240,18,1.046538,0.350711,1.060205
kiku1240,19,1.047187,0.350709,1.060979
kiku1240,20,1.048065,0.350765,1.061917
kiku1240,21,1.03629,0.35835,1.045849
kiku1240,22,1.037824,0.358354,1.047585
kiku1240,23,1.037625,0.357426,1.047992
kiku1240,24,1.266882,0.586089,1.278971
kiku1240,25,1.039694,0.357475,1.050393
kiku1240,26,1.267251,0.586116,1.279412
kiku1240,27,1.268623,0.586125,1.281044
kiku1240,28,1.25733,0.587398,1.265904
kiku1240,29,1.248659,0.587287,1.25588
kiku1240,30,1.195345,0.578781,1.201502
kore1280,12,0.646718,0.339124,0.648363
kore1280,13,0.648758,0.33847,0.650987
kore1280,14,0.648804,0.33775,0.651143
kore1280,15,0.773622,0.294972,0.782142
kore1280,16,0.785842,0.29576,0.798282
kore1280,17,0.781936,0.298306,0.792489
kore1280,18,0.788582,0.298948,0.800968
kore1280,19,0.791211,0.299402,0.804936
kore1280,20,0.779304,0.376287,0.794278
kore1280,21,0.79562,0.376956,0.810942
kore1280,22,0.795454,0.376914,0.810794
kore1280,23,0.813927,0.377129,0.829943
kore1280,24,0.81403,0.376866,0.830075
kore1280,25,0.827564,0.378591,0.844813
kore1280,26,0.827657,0.378347,0.844914
kore1280,27,0.817412,0.356028,0.835022
kore1280,28,0.821203,0.303273,0.838283
kore1280,29,0.82292,0.302728,0.840866
kore1280,30,0.815829,0.380909,0.832446
kove1237,12,0.963837,0.420025,0.964394
kove1237,13,0.965125,0.420541,0.96563
kove1237,14,1.349532,0.660626,1.351266
kove1237,15,1.338087,0.653701,1.339587
kove1237,16,1.337094,0.650146,1.338578
kove1237,17,1.337476,0.648554,1.338967
kove1237,18,1.339226,0.653901,1.340737
kove1237,19,1.339321,0.653893,1.340833
kove1237,20,1.232964,0.642641,1.247249
kove1237,21,1.232448,0.641961,1.246909
kove1237,22,1.397064,0.66067,1.413068
kove1237,23,1.397128,0.660174,1.413115
kove1237,24,1.397068,0.660056,1.413068
kove1237,25,1.39765,0.660192,1.413676
kove1237,26,1.397579,0.660079,1.413619
kove1237,27,1.397757,0.659738,1.413541
kove1237,28,1.39601,0.65397,1.413302
kove1237,29,1.401356,0.659342,1.418778
kove1237,30,1.40102,0.657074,1.418211
kuan1248,12,0.754484,0.464749,0.75313
kuan1248,13,0.763386,0.471069,0.759666
kuan1248,14,1.050876,0.517709,1.046197
kuan1248,15,1.097229,0.537925,1.081709
kuan1248,16,1.10608,0.542914,1.090871
kuan1248,17,1.108763,0.545258,1.094007
kuan1248,18,1.099693,0.538162,1.083946
kuan1248,19,1.099965,0.538204,1.084214
kuan1248,20,1.214961,0.547093,1.201551
kuan1248,21,1.216546,0.547969,1.203557
kuan1248,22,1.35329,0.53454,1.348964
kuan1248,23,1.354751,0.534998,1.35046
kuan1248,24,1.355866,0.535146,1.351277
kuan1248,25,1.355154,0.534964,1.350896
kuan1248,26,1.356257,0.535081,1.351717
kuan1248,27,1.357264,0.53533,1.352688
kuan1248,28,1.373108,0.542195,1.370645
kuan1248,29,1.35911,0.534371,1.35525
kuan1248,30,1.36823,0.539354,1.364765
kuot1243,12,0.70949,0.431423,0.728682
kuot1243,13,0.712624,0.426651,0.733378
kuot1243,14,0.989289,0.510389,1.030292
kuot1243,15,1.01489,0.483042,1.061869
kuot1243,16,1.023846,0.484217,1.069938
kuot1243,17,1.028792,0.485779,1.074534
kuot1243,18,1.017243,0.483433,1.06516
kuot1243,19,1.017904,0.483453,1.06642
kuot1243,20,1.137253,0.529501,1.181122
kuot1243,21,1.139506,0.530021,1.183216
kuot1243,22,1.257566,0.578283,1.312114
kuot1243,23,1.259366,0.578691,1.313951
kuot1243,24,1.259823,0.578753,1.314357
kuot1243,25,1.26017,0.578726,1.315137
kuot1243,26,1.260631,0.578789,1.31555
kuot1243,27,1.261967,0.579223,1.317029
kuot1243,28,1.27757,0.582673,1.330038
kuot1243,29,1.262024,0.580018,1.317476
kuot1243,30,1.270381,0.579858,1.324092
kusu1250,12,1.282825,0.552568,1.317657
kusu1250,13,1.411479,0.622101,1.443589
kusu1250,14,1.417244,0.622327,1.451206
kusu1250,15,1.410729,0.54288,1.450801
kusu1250,16,1.425827,0.544532,1.471371
kusu1250,17,1.394689,0.523106,1.449224
kusu1250,18,1.445917,0.52793,1.499316
kusu1250,19,1.454474,0.528295,1.509209
kusu1250,20,1.458367,0.572868,1.512187
kusu1250,21,1.476227,0.57021,1.53605
kusu1250,22,1.480059,0.570195,1.541782
kusu1250,23,1.495937,0.571605,1.568005
kusu1250,24,1.496136,0.571923,1.569114
kusu1250,25,1.509869,0.572683,1.583465
kusu1250,26,1.510191,0.57301,1.58456
kusu1250,27,1.517245,0.564271,1.598522
kusu1250,28,1.407994,0.500864,1.493758
kusu1250,29,1.455276,0.5044,1.540166
kusu1250,30,1.569807,0.583332,1.652272
kxoe1243,12,0.929075,0.448826,0.938076
kxoe1243,13,0.960476,0.457138,0.970171
kxoe1243,14,0.960562,0.457178,0.970259
kxoe1243,15,0.961054,0.4572,0.9708
kxoe1243,16,0.93337,0.448567,0.943676
kxoe1243,17,0.963371,0.457701,0.973689
kxoe1243,18,1.114846,0.490669,1.126413
kxoe1243,19,1.115013,0.490679,1.126843
kxoe1243,20,1.115069,0.49069,1.126952
kxoe1243,21,1.119887,0.492192,1.131875
kxoe1243,22,1.120001,0.492201,1.13198
kxoe1243,23,1.119033,0.492128,1.131501
kxoe1243,24,1.261737,0.547038,1.277948
kxoe1243,25,1.119736,0.492157,1.132374
kxoe1243,26,1.262383,0.547049,1.278737
kxoe1243,27,1.262268,0.547046,1.278673
kxoe1243,28,1.261428,0.547064,1.276975
kxoe1243,29,1.260868,0.5469,1.276241
kxoe1243,30,1.25644,0.547259,1.273646
lahu1253,12,0.607308,0.187891,0.614537
lahu1253,13,0.683228,0.218881,0.691366
lahu1253,14,0.686852,0.219054,0.69598
lahu1253,15,0.893131,0.484096,0.898361
lahu1253,16,0.898704,0.485162,0.905371
lahu1253,17,0.869748,0.480498,0.875892
lahu1253,18,0.92307,0.485877,0.929775
lahu1253,19,0.926048,0.486132,0.932963
lahu1253,20,0.882374,0.389594,0.895858
lahu1253,21,0.884045,0.395188,0.897403
lahu1253,22,0.884444,0.395116,0.898803
lahu1253,23,0.889698,0.40339,0.903627
lahu1253,24,0.890344,0.403872,0.904119
lahu1253,25,0.899171,0.403804,0.913669
lahu1253,26,0.899746,0.404251,0.914056
lahu1253,27,0.905757,0.424163,0.91893
lahu1253,28,0.829876,0.344733,0.847214
lahu1253,29,0.866209,0.346365,0.882864
lahu1253,30,0.900011,0.383843,0.914494
lakk1252,12,1.119157,0.535092,1.128236
lakk1252,13,1.110841,0.487781,1.124351
lakk1252,14,1.112271,0.487896,1.125839
lakk1252,15,1.116737,0.483945,1.132125
lakk1252,16,1.142718,0.4875,1.159534
lakk1252,17,0.952273,0.342916,0.977234
lakk1252,18,0.907804,0.328233,0.93265
lakk1252,19,0.912708,0.328494,0.941691
lakk1252,20,0.909621,0.325944,0.939588
lakk1252,21,1.073906,0.399007,1.100717
lakk1252,22,1.074345,0.398982,1.101298
lakk1252,23,1.067468,0.404784,1.095444
lakk1252,24,1.062502,0.391444,1.088651
lakk1252,25,1.078958,0.405297,1.109744
lakk1252,26,1.073901,0.392096,1.10311
lakk1252,27,1.086275,0.392416,1.117745
lakk1252,28,1.100482,0.389593,1.13745
lakk1252,29,1.063978,0.382114,1.100175
lakk1252,30,1.108102,0.404367,1.153778
lavu1241,12,0.794898,0.256796,0.833579
lavu1241,13,0.793064,0.252745,0.832804
lavu1241,14,0.877689,0.257821,0.91724
lavu1241,15,0.881422,0.281028,0.921769
lavu1241,16,0.887128,0.282339,0.927465
lavu1241,17,0.89265,0.283449,0.933298
lavu1241,18,0.883422,0.280725,0.923987
lavu1241,19,0.884454,0.280781,0.925126
lavu1241,20,1.110915,0.415752,1.154244
lavu1241,21,1.12311,0.416396,1.165999
lavu1241,22,1.156743,0.426312,1.210127
lavu1241,23,1.155647,0.426895,1.210093
lavu1241,24,1.154375,0.426953,1.208825
lavu1241,25,1.156561,0.426927,1.21123
lavu1241,26,1.155284,0.426994,1.209946
lavu1241,27,1.158798,0.427686,1.213195
lavu1241,28,1.177296,0.43062,1.230526
lavu1241,29,1.167082,0.428805,1.221394
lavu1241,30,1.175778,0.427125,1.232729
lazz1240,12,1.061193,0.493257,1.076349
lazz1240,13,1.045056,0.495865,1.065584
lazz1240,14,1.045121,0.496108,1.065668
lazz1240,15,1.044024,0.494537,1.066607
lazz1240,16,1.047179,0.498255,1.072051
lazz1240,17,0.879347,0.32384,0.912091
lazz1240,18,0.854103,0.306854,0.888395
lazz1240,19,0.856666,0.306661,0.89153
lazz1240,20,0.853514,0.303448,0.888556
lazz1240,21,0.854298,0.278058,0.904021
lazz1240,22,0.854949,0.278044,0.905139
lazz1240,23,0.846021,0.346033,0.908133
lazz1240,24,0.845788,0.350053,0.908131
lazz1240,25,0.853357,0.346607,0.918315
lazz1240,26,0.852447,0.35057,0.917048
lazz1240,27,0.858267,0.349706,0.925072
lazz1240,28,0.882909,0.305719,0.959973
lazz1240,29,0.870068,0.298366,0.947375
lazz1240,30,0.92848,0.336405,1.003628
lese1243,12,0.980334,0.484552,0.98075
lese1243,13,1.024014,0.513828,1.024399
lese1243,14,1.024093,0.513866,1.024477
lese1243,15,1.024237,0.513874,1.024621
lese1243,16,0.987884,0.487294,0.988299
lese1243,17,1.025865,0.514648,1.02625
lese1243,18,0.003343,0.000336,0.003706
lese1243,19,0.003442,0.000343,0.003801
lese1243,20,0.003553,0.000351,0.003907
lese1243,21,0.002579,0.000208,0.002587
lese1243,22,0.002714,0.000219,0.002724
lese1243,23,0.002861,0.000231,0.002876
lese1243,24,0.008561,0.001269,0.011001
lese1243,25,0.003109,0.000251,0.003124
lese1243,26,0.008808,0.001291,0.011259
lese1243,27,0.008924,0.001299,0.011372
lese1243,28,0.009309,0.001367,0.011895
lese1243,29,0.009407,0.00137,0.011975
lese1243,30,0.010326,0.001565,0.01334
lezg1247,12,1.155461,0.591968,1.163468
lezg1247,13,1.171021,0.502604,1.184933
lezg1247,14,1.17215,0.502794,1.186503
lezg1247,15,1.177421,0.499713,1.194944
lezg1247,16,1.195277,0.503413,1.217841
lezg1247,17,1.076289,0.364087,1.099896
lezg1247,18,1.046809,0.349446,1.072673
lezg1247,19,1.051504,0.34945,1.079646
lezg1247,20,1.050597,0.346727,1.079798
lezg1247,21,1.121158,0.384872,1.157446
lezg1247,22,1.121779,0.384842,1.158085
lezg1247,23,1.179571,0.407245,1.219552
lezg1247,24,1.172675,0.39931,1.216202
lezg1247,25,1.191418,0.4077,1.233915
lezg1247,26,1.184157,0.39987,1.230457
lezg1247,27,1.192089,0.400691,1.245071
lezg1247,28,1.236074,0.393051,1.291076
lezg1247,29,1.212187,0.385278,1.268818
lezg1247,30,1.259701,0.409657,1.319194
liby1240,12,1.069647,0.331875,1.088706
liby1240,13,1.224521,0.397947,1.244363
liby1240,14,1.225421,0.397739,1.245371
liby1240,15,1.227195,0.399049,1.249193
liby1240,16,1.21814,0.397743,1.242037
liby1240,17,1.283579,0.430006,1.308323
liby1240,18,1.288534,0.433674,1.312229
liby1240,19,1.28951,0.433905,1.314505
liby1240,20,1.291456,0.434638,1.316695
liby1240,21,1.35842,0.510869,1.383461
liby1240,22,1.358952,0.510631,1.384117
liby1240,23,1.429735,0.566035,1.462363
liby1240,24,1.477612,0.561891,1.511996
liby1240,25,1.436937,0.566526,1.470319
liby1240,26,1.484816,0.562186,1.519953
liby1240,27,1.492629,0.5627,1.528789
liby1240,28,1.501313,0.547154,1.541905
liby1240,29,1.506728,0.548076,1.54906
liby1240,30,1.642191,0.579555,1.685387
lith1251,12,0.254908,0.051763,0.27757
lith1251,13,0.330504,0.071088,0.349197
lith1251,14,0.332856,0.07157,0.351807
lith1251,15,0.325016,0.071566,0.342922
lith1251,16,0.364224,0.079369,0.384226
lith1251,17,0.32541,0.066296,0.349155
lith1251,18,0.311256,0.063263,0.334791
lith1251,19,0.313663,0.063242,0.340349
lith1251,20,0.313546,0.063157,0.340586
lith1251,21,0.700743,0.443015,0.705301
lith1251,22,0.701364,0.442811,0.706042
lith1251,23,0.387639,0.095778,0.415821
lith1251,24,0.359437,0.081889,0.390259
lith1251,25,0.395317,0.096412,0.423392
lith1251,26,0.367486,0.082789,0.398533
lith1251,27,0.368858,0.082764,0.402766
lith1251,28,0.400187,0.089554,0.440284
lith1251,29,0.29748,0.057319,0.347257
lith1251,30,0.494577,0.131732,0.533274
luok1236,12,0.419572,0.102671,0.427741
luok1236,13,0.44834,0.116176,0.454459
luok1236,14,0.448515,0.116205,0.454569
luok1236,15,0.448692,0.116155,0.454919
luok1236,16,0.421218,0.10108,0.428197
luok1236,17,0.450086,0.11607,0.456552
luok1236,18,0.638216,0.166082,0.645562
luok1236,19,0.638586,0.166066,0.646914
luok1236,20,0.638836,0.166054,0.647683
luok1236,21,0.639924,0.167035,0.648392
luok1236,22,0.64006,0.167043,0.648508
luok1236,23,0.638385,0.166907,0.646191
luok1236,24,0.85326,0.327245,0.858486
luok1236,25,0.639542,0.166946,0.647605
luok1236,26,0.854085,0.327246,0.859537
luok1236,27,0.854228,0.32721,0.859706
luok1236,28,0.853861,0.328782,0.859815
luok1236,29,0.854401,0.328305,0.860672
luok1236,30,0.823113,0.329271,0.830419
mada1285,12,0.748889,0.445348,0.771675
mada1285,13,0.754381,0.440555,0.777105
mada1285,14,1.028382,0.526566,1.065754
mada1285,15,1.064861,0.506094,1.101633
mada1285,16,1.073483,0.507319,1.109933
mada1285,17,1.078995,0.508656,1.115721
mada1285,18,1.066643,0.506284,1.106515
mada1285,19,1.067782,0.506331,1.108283
mada1285,20,1.194874,0.561187,1.235763
mada1285,21,1.196897,0.561626,1.237656
mada1285,22,1.310428,0.603856,1.361402
mada1285,23,1.311847,0.604168,1.362741
mada1285,24,1.312256,0.604237,1.363098
mada1285,25,1.313788,0.604181,1.365182
mada1285,26,1.31418,0.604243,1.365518
mada1285,27,1.315268,0.604584,1.366753
mada1285,28,1.32945,0.607967,1.377556
mada1285,29,1.315468,0.604935,1.367858
mada1285,30,1.326134,0.605542,1.377873
mala1464,12,1.261782,0.476546,1.338514
mala1464,13,1.197878,0.556853,1.305674
mala1464,14,1.199187,0.557323,1.307151
mala1464,15,1.205564,0.55818,1.320677
mala1464,16,1.212462,0.561223,1.327386
mala1464,17,1.250393,0.542295,1.366508
mala1464,18,1.295379,0.545127,1.412933
mala1464,19,1.301344,0.545546,1.419968
mala1464,20,1.311294,0.543971,1.427728
mala1464,21,1.422186,0.537929,1.529198
mala1464,22,1.422849,0.537909,1.530167
mala1464,23,1.412732,0.550437,1.528825
mala1464,24,1.425642,0.560336,1.546191
mala1464,25,1.42364,0.55168,1.541151
mala1464,26,1.436873,0.561625,1.558776
mala1464,27,1.445234,0.562399,1.568267
mala1464,28,1.530499,0.571695,1.663193
mala1464,29,1.563134,0.573739,1.698851
mala1464,30,1.594698,0.577872,1.728152
malt1254,12,1.023674,0.513119,1.034326
malt1254,13,1.172306,0.591031,1.183146
malt1254,14,1.17383,0.591028,1.184638
malt1254,15,1.178497,0.592034,1.190886
malt1254,16,1.182076,0.592045,1.194983
malt1254,17,1.222615,0.620652,1.239185
malt1254,18,1.219706,0.621846,1.235733
malt1254,19,1.221949,0.622007,1.238658
malt1254,20,1.223999,0.622435,1.242235
malt1254,21,1.362718,0.57369,1.387695
malt1254,22,1.364131,0.573903,1.38949
malt1254,23,1.439188,0.599029,1.462755
malt1254,24,1.476453,0.604671,1.501189
malt1254,25,1.44437,0.599505,1.468573
malt1254,26,1.481131,0.605083,1.506387
malt1254,27,1.483816,0.60563,1.510032
malt1254,28,1.53941,0.633628,1.575579
malt1254,29,1.537094,0.64642,1.572838
malt1254,30,1.599983,0.615485,1.641568
mama1275,12,0.936243,0.275147,0.872526
mama1275,13,1.034848,0.325429,0.966816
mama1275,14,1.047155,0.328096,0.979711
mama1275,15,1.247413,0.373814,1.230407
mama1275,16,1.251416,0.37346,1.236085
mama1275,17,1.301533,0.366376,1.265097
mama1275,18,1.315038,0.37186,1.283905
mama1275,19,1.317837,0.371965,1.287069
mama1275,20,1.239016,0.340826,1.220345
mama1275,21,1.228262,0.336594,1.214968
mama1275,22,1.242456,0.337941,1.226682
mama1275,23,1.228093,0.330593,1.220497
mama1275,24,1.228872,0.33057,1.221835
mama1275,25,1.232652,0.331042,1.229238
mama1275,26,1.233404,0.331013,1.230563
mama1275,27,1.19886,0.316832,1.214284
mama1275,28,1.046515,0.278719,1.131861
mama1275,29,1.089914,0.286056,1.171788
mama1275,30,0.458094,0.139802,0.768828
mand1415,12,0.562966,0.233834,0.604933
mand1415,13,0.58853,0.238122,0.631878
mand1415,14,0.590413,0.237925,0.634314
mand1415,15,0.743524,0.373701,0.783816
mand1415,16,0.749084,0.374369,0.792134
mand1415,17,0.740022,0.377111,0.784096
mand1415,18,0.75003,0.378567,0.794608
mand1415,19,0.753685,0.379062,0.800167
mand1415,20,0.743868,0.428718,0.791483
mand1415,21,0.745404,0.429701,0.794098
mand1415,22,0.745812,0.429685,0.794909
mand1415,23,0.758668,0.432816,0.812936
mand1415,24,0.759179,0.432887,0.813456
mand1415,25,0.768313,0.43364,0.825633
mand1415,26,0.768804,0.433707,0.826176
mand1415,27,0.769364,0.435156,0.828305
mand1415,28,0.767248,0.274017,0.830249
mand1415,29,0.773519,0.273667,0.838569
mand1415,30,0.773033,0.43132,0.835986
mand1436,12,0.134772,0.027191,0.148266
mand1436,13,0.157558,0.031579,0.176845
mand1436,14,0.157737,0.031598,0.177022
mand1436,15,0.158278,0.031624,0.17796
mand1436,16,0.142273,0.028822,0.154823
mand1436,17,0.158227,0.03214,0.177347
mand1436,18,0.17664,0.03388,0.202511
mand1436,19,0.177207,0.033905,0.203061
mand1436,20,0.177182,0.033913,0.202895
mand1436,21,0.181508,0.034087,0.206919
mand1436,22,0.181736,0.034105,0.207144
mand1436,23,0.181268,0.033442,0.206519
mand1436,24,0.347114,0.086346,0.367867
mand1436,25,0.182037,0.033496,0.207392
mand1436,26,0.347626,0.086356,0.368506
mand1436,27,0.347772,0.086358,0.369212
mand1436,28,0.350245,0.08587,0.372002
mand1436,29,0.350934,0.085806,0.373121
mand1436,30,0.33093,0.075886,0.355925
mang1403,12,0.935707,0.412284,0.937222
mang1403,13,0.941722,0.414594,0.944037
mang1403,14,1.217051,0.479062,1.22053
mang1403,15,1.2233,0.472931,1.23036
mang1403,16,1.229015,0.477751,1.236096
mang1403,17,1.233102,0.480532,1.240527
mang1403,18,1.224112,0.47349,1.231154
mang1403,19,1.224289,0.473514,1.231354
mang1403,20,1.311813,0.484039,1.319921
mang1403,21,1.31367,0.485183,1.321537
mang1403,22,1.583534,0.658526,1.594658
mang1403,23,1.585264,0.659126,1.596583
mang1403,24,1.585483,0.659271,1.596771
mang1403,25,1.586282,0.659131,1.597722
mang1403,26,1.586484,0.659258,1.597893
mang1403,27,1.588498,0.659935,1.601175
mang1403,28,1.600476,0.665582,1.615951
mang1403,29,1.59532,0.659671,1.61056
mang1403,30,1.607371,0.66289,1.626931
masa1300,12,1.090975,0.442693,1.084178
masa1300,13,1.129584,0.462718,1.116931
masa1300,14,1.129847,0.462765,1.11717
masa1300,15,1.132121,0.462751,1.119833
masa1300,16,1.123595,0.441359,1.109076
masa1300,17,1.135521,0.463517,1.126845
masa1300,18,1.240175,0.487067,1.23711
masa1300,19,1.240614,0.487059,1.237688
masa1300,20,1.241251,0.4871,1.239251
masa1300,21,1.22024,0.497978,1.221173
masa1300,22,1.220693,0.49798,1.221754
masa1300,23,1.214851,0.496672,1.214675
masa1300,24,1.109731,0.337494,1.184355
masa1300,25,1.215979,0.496692,1.216252
masa1300,26,1.110696,0.337557,1.185632
masa1300,27,1.111371,0.337622,1.187852
masa1300,28,1.081028,0.339673,1.158423
masa1300,29,1.075906,0.340254,1.150081
masa1300,30,0.979466,0.320705,1.064413
mboc1235,12,0.048907,0.007881,0.056228
mboc1235,13,0.078421,0.013373,0.08446
mboc1235,14,0.078673,0.013394,0.084752
mboc1235,15,0.078755,0.0134,0.084978
mboc1235,16,0.048699,0.007755,0.056597
mboc1235,17,0.079799,0.013592,0.08613
mboc1235,18,0.222029,0.052914,0.228964
mboc1235,19,0.222131,0.052916,0.229073
mboc1235,20,0.222318,0.052919,0.229287
mboc1235,21,0.220487,0.052295,0.227679
mboc1235,22,0.220577,0.052303,0.227782
mboc1235,23,0.221142,0.052523,0.228287
mboc1235,24,0.255203,0.058826,0.268712
mboc1235,25,0.221653,0.052568,0.22893
mboc1235,26,0.255702,0.058876,0.2693
mboc1235,27,0.255802,0.058896,0.269498
mboc1235,28,0.257842,0.059287,0.271205
mboc1235,29,0.257227,0.059123,0.270713
mboc1235,30,0.257451,0.058587,0.271349
mbya1239,12,0.116968,0.027873,0.152723
mbya1239,13,0.118781,0.027912,0.154524
mbya1239,14,0.118843,0.02792,0.154602
mbya1239,15,0.119074,0.027915,0.154887
mbya1239,16,0.156796,0.035653,0.201668
mbya1239,17,0.746373,0.38369,0.771598
mbya1239,18,0.158338,0.03572,0.203521
mbya1239,19,0.671644,0.275639,0.695379
mbya1239,20,0.672529,0.275666,0.696243
mbya1239,21,0.673629,0.27448,0.69704
mbya1239,22,0.673996,0.274501,0.697425
mbya1239,23,0.673952,0.274418,0.69858
mbya1239,24,0.674276,0.274444,0.699133
mbya1239,25,0.907046,0.29561,0.94438
mbya1239,26,0.907494,0.295627,0.944987
mbya1239,27,0.9083,0.295719,0.946774
mbya1239,28,0.858856,0.286414,0.87895
mbya1239,29,0.91018,0.295625,0.949534
mbya1239,30,0.909414,0.295755,0.947917
mele1250,12,0.739926,0.370399,0.785937
mele1250,13,0.749333,0.37477,0.795083
mele1250,14,1.109887,0.502251,1.167677
mele1250,15,1.156069,0.514757,1.209509
mele1250,16,1.160006,0.519513,1.21302
mele1250,17,1.161306,0.521525,1.21388
mele1250,18,1.160543,0.515095,1.211813
mele1250,19,1.160769,0.515128,1.212068
mele1250,20,1.223465,0.519522,1.277769
mele1250,21,1.22426,0.520434,1.278975
mele1250,22,1.393257,0.533535,1.439112
mele1250,23,1.393845,0.53392,1.439836
mele1250,24,1.3941,0.534056,1.440085
mele1250,25,1.394211,0.533926,1.440184
mele1250,26,1.394488,0.534044,1.440515
mele1250,27,1.395028,0.534333,1.441231
mele1250,28,1.401578,0.54027,1.447374
mele1250,29,1.397509,0.534228,1.443932
mele1250,30,1.403724,0.538172,1.448031
mend1266,12,0.055873,0.008211,0.063727
mend1266,13,0.087184,0.014317,0.095714
mend1266,14,0.087427,0.014342,0.095997
mend1266,15,0.08809,0.014372,0.096911
mend1266,16,0.055226,0.008223,0.06429
mend1266,17,0.088929,0.014467,0.097813
mend1266,18,0.211232,0.044688,0.219801
mend1266,19,0.211782,0.044698,0.22021
mend1266,20,0.211841,0.044713,0.220254
mend1266,21,0.21067,0.044235,0.219563
mend1266,22,0.211087,0.044263,0.220081
mend1266,23,0.211707,0.044428,0.220844
mend1266,24,0.287865,0.061623,0.300251
mend1266,25,0.211652,0.044427,0.220944
mend1266,26,0.287724,0.061623,0.299926
mend1266,27,0.288116,0.061611,0.300391
mend1266,28,0.287388,0.061404,0.300805
mend1266,29,0.28756,0.061308,0.301059
mend1266,30,0.271202,0.055901,0.286605
minh1238,12,0.997531,0.409171,1.011292
minh1238,13,1.034543,0.41642,1.05158
minh1238,14,1.03666,0.416189,1.054316
minh1238,15,1.153189,0.361172,1.174681
minh1238,16,1.175058,0.362152,1.199075
minh1238,17,1.159294,0.363858,1.185195
minh1238,18,1.18525,0.365472,1.212523
minh1238,19,1.189604,0.366078,1.21986
minh1238,20,1.194852,0.440221,1.224867
minh1238,21,1.205087,0.43597,1.236354
minh1238,22,1.206784,0.435955,1.239168
minh1238,23,1.237361,0.438896,1.278336
minh1238,24,1.238511,0.438706,1.279682
minh1238,25,1.249094,0.440188,1.295088
minh1238,26,1.25021,0.440015,1.296452
minh1238,27,1.278677,0.428593,1.333291
minh1238,28,1.202519,0.321098,1.264551
minh1238,29,1.211013,0.321524,1.279891
minh1238,30,1.286532,0.454736,1.350774
moks1248,12,0.733489,0.18576,0.75244
moks1248,13,0.809276,0.212974,0.831914
moks1248,14,0.811335,0.213514,0.833882
moks1248,15,0.820483,0.213743,0.846734
moks1248,16,0.86247,0.223418,0.893537
moks1248,17,0.849028,0.2216,0.882242
moks1248,18,0.838988,0.218788,0.87594
moks1248,19,0.841744,0.218866,0.882093
moks1248,20,0.843571,0.218843,0.886933
moks1248,21,1.154695,0.522893,1.189719
moks1248,22,1.155549,0.522776,1.190778
moks1248,23,0.97824,0.248049,1.022231
moks1248,24,0.9739,0.240489,1.020253
moks1248,25,0.985815,0.248842,1.033547
moks1248,26,0.981767,0.241452,1.031973
moks1248,27,1.006211,0.245015,1.062137
moks1248,28,1.0264,0.247075,1.093115
moks1248,29,0.949627,0.221691,1.022573
moks1248,30,1.081501,0.273234,1.150032
naka1262,12,0.845936,0.378794,0.830235
naka1262,13,0.8502,0.381072,0.83464
naka1262,14,0.815602,0.305451,0.769244
naka1262,15,0.814716,0.300548,0.767579
naka1262,16,0.824689,0.304307,0.778296
naka1262,17,0.831083,0.306734,0.785115
naka1262,18,0.81626,0.301064,0.769265
naka1262,19,0.816719,0.301086,0.769781
naka1262,20,0.881545,0.321169,0.840146
naka1262,21,0.883958,0.322075,0.842527
naka1262,22,1.112751,0.416382,1.079181
naka1262,23,1.114822,0.416922,1.081308
naka1262,24,1.115123,0.417036,1.081611
naka1262,25,1.116271,0.416948,1.082814
naka1262,26,1.116556,0.417049,1.083104
naka1262,27,1.118171,0.417683,1.085068
naka1262,28,1.134926,0.422626,1.101114
naka1262,29,1.124184,0.417859,1.090939
naka1262,30,1.134879,0.419827,1.103311
nama1268,12,0.789932,0.394878,0.793803
nama1268,13,0.795467,0.398932,0.799396
nama1268,14,1.143692,0.512439,1.150794
nama1268,15,1.187819,0.518679,1.195757
nama1268,16,1.19224,0.523326,1.20007
nama1268,17,1.196458,0.525655,1.205066
nama1268,18,1.189359,0.519131,1.19778
nama1268,19,1.189526,0.519159,1.197953
nama1268,20,1.252129,0.522468,1.263315
nama1268,21,1.253181,0.523428,1.264389
nama1268,22,1.413601,0.540988,1.423301
nama1268,23,1.414305,0.541694,1.424024
nama1268,24,1.414592,0.541872,1.424315
nama1268,25,1.415493,0.541714,1.425335
nama1268,26,1.415783,0.54187,1.425628
nama1268,27,1.416596,0.542624,1.426491
nama1268,28,1.423599,0.550356,1.433581
nama1268,29,1.417675,0.543584,1.427601
nama1268,30,1.420731,0.546305,1.430374
nana1257,12,0.832042,0.411836,0.84964
nana1257,13,0.838401,0.414907,0.857247
nana1257,14,0.839064,0.415301,0.858043
nana1257,15,0.980006,0.39876,1.00972
nana1257,16,1.008335,0.400674,1.040077
nana1257,17,0.991197,0.399735,1.021947
nana1257,18,1.01268,0.400958,1.044318
nana1257,19,1.014994,0.401344,1.047353
nana1257,20,1.024636,0.375307,1.064334
nana1257,21,1.038344,0.390692,1.080424
nana1257,22,1.038599,0.390577,1.080865
nana1257,23,1.044772,0.400904,1.087834
nana1257,24,1.044635,0.401119,1.087648
nana1257,25,1.053798,0.402094,1.100212
nana1257,26,1.053656,0.402309,1.100002
nana1257,27,1.048888,0.400204,1.098259
nana1257,28,1.114451,0.42173,1.170544
nana1257,29,1.120225,0.422448,1.177551
nana1257,30,1.062495,0.394637,1.116321
naxi1245,12,0.750649,0.327331,0.753967
naxi1245,13,0.810366,0.345656,0.814953
naxi1245,14,0.812302,0.345356,0.818238
naxi1245,15,0.901571,0.319702,0.91552
naxi1245,16,0.912392,0.320806,0.932846
naxi1245,17,0.876836,0.317864,0.892728
naxi1245,18,0.916277,0.321259,0.936925
naxi1245,19,0.919506,0.321686,0.940516
naxi1245,20,0.921519,0.426869,0.945404
naxi1245,21,0.925076,0.421965,0.952301
naxi1245,22,0.928052,0.422032,0.955413
naxi1245,23,0.950074,0.419125,0.979508
naxi1245,24,0.950579,0.418859,0.979865
naxi1245,25,0.96034,0.420454,0.994136
naxi1245,26,0.960677,0.420195,0.994378
naxi1245,27,0.956087,0.399221,0.989908
naxi1245,28,0.810478,0.212679,0.845859
naxi1245,29,0.832462,0.213803,0.871427
naxi1245,30,0.964174,0.434404,0.996759
negi1245,12,0.955351,0.407431,1.136684
negi1245,13,0.974266,0.414746,1.156399
negi1245,14,0.97484,0.415272,1.156978
negi1245,15,1.080999,0.510075,1.269715
negi1245,16,1.108005,0.512356,1.29692
negi1245,17,1.090978,0.510957,1.279703
negi1245,18,1.106739,0.510606,1.296446
negi1245,19,1.107226,0.510736,1.296906
negi1245,20,1.078943,0.457004,1.276563
negi1245,21,1.136283,0.500763,1.34137
negi1245,22,1.136096,0.500678,1.341104
negi1245,23,1.095807,0.488154,1.297535
negi1245,24,1.095772,0.487166,1.297263
negi1245,25,1.101453,0.488867,1.303593
negi1245,26,1.101477,0.487907,1.303379
negi1245,27,1.106956,0.491794,1.309042
negi1245,28,1.069603,0.380881,1.303496
negi1245,29,1.067854,0.379796,1.305099
negi1245,30,1.126524,0.480803,1.334563
ngan1291,12,0.168785,0.038818,0.215843
ngan1291,13,0.155218,0.035342,0.206342
ngan1291,14,0.15249,0.034692,0.203665
ngan1291,15,0.071112,0.016588,0.107333
ngan1291,16,0.079603,0.018038,0.120474
ngan1291,17,0.073944,0.017218,0.114334
ngan1291,18,0.078377,0.017967,0.118762
ngan1291,19,0.080982,0.018395,0.125182
ngan1291,20,0.075861,0.017545,0.115175
ngan1291,21,0.087215,0.021085,0.140203
ngan1291,22,0.087333,0.021094,0.140307
ngan1291,23,0.115054,0.031585,0.192245
ngan1291,24,0.115661,0.03189,0.193322
ngan1291,25,0.118633,0.031878,0.198483
ngan1291,26,0.119147,0.032166,0.199492
ngan1291,27,0.135938,0.038969,0.223978
ngan1291,28,0.117755,0.033265,0.198523
ngan1291,29,0.118529,0.033394,0.200032
ngan1291,30,0.132676,0.037434,0.219497
nort2671,12,0.720796,0.256546,0.730302
nort2671,13,0.788358,0.271821,0.794953
nort2671,14,0.790838,0.272312,0.797757
nort2671,15,0.839223,0.284828,0.851512
nort2671,16,0.878325,0.290092,0.900891
nort2671,17,0.767867,0.267272,0.790291
nort2671,18,0.79103,0.270167,0.816791
nort2671,19,0.794365,0.270603,0.826974
nort2671,20,0.801621,0.271757,0.836673
nort2671,21,1.220655,0.580376,1.246703
nort2671,22,1.220969,0.580578,1.246969
nort2671,23,0.909241,0.272602,0.939758
nort2671,24,0.916511,0.275634,0.94738
nort2671,25,0.921746,0.274095,0.954961
nort2671,26,0.928855,0.27709,0.962459
nort2671,27,0.952983,0.283666,0.985265
nort2671,28,0.973599,0.283432,0.998482
nort2671,29,0.988926,0.288885,1.016095
nort2671,30,0.96007,0.279717,0.991917
nort2690,12,1.63784,0.717513,1.66691
nort2690,13,1.719188,0.702049,1.751075
nort2690,14,1.72152,0.702256,1.754323
nort2690,15,1.779382,0.703235,1.815661
nort2690,16,1.807538,0.705631,1.848612
nort2690,17,1.786837,0.682678,1.828743
nort2690,18,1.794681,0.678591,1.839108
nort2690,19,1.800861,0.678727,1.847677
nort2690,20,1.821318,0.678906,1.871443
nort2690,21,1.903345,0.69804,1.958181
nort2690,22,1.90412,0.698073,1.959291
nort2690,23,1.967245,0.70415,2.026208
nort2690,24,1.979079,0.703886,2.03992
nort2690,25,1.98137,0.704636,2.045431
nort2690,26,1.993284,0.70439,2.059242
nort2690,27,2.066641,0.712273,2.13638
nort2690,28,2.161077,0.729583,2.234944
nort2690,29,2.156552,0.726184,2.23477
nort2690,30,2.157254,0.727994,2.235978
nort2697,12,1.241749,0.561588,1.244817
nort2697,13,1.298365,0.547331,1.277254
nort2697,14,1.300259,0.547673,1.279754
nort2697,15,1.300532,0.546658,1.282421
nort2697,16,1.319925,0.54988,1.324432
nort2697,17,1.244492,0.429182,1.222859
nort2697,18,1.236829,0.419985,1.222878
nort2697,19,1.241539,0.41996,1.229522
nort2697,20,1.244508,0.418235,1.233239
nort2697,21,1.351103,0.418987,1.357795
nort2697,22,1.352384,0.41899,1.359141
nort2697,23,1.403281,0.457924,1.419465
nort2697,24,1.424821,0.472525,1.441202
nort2697,25,1.412609,0.458371,1.430762
nort2697,26,1.434479,0.473099,1.453745
nort2697,27,1.442202,0.473392,1.46769
nort2697,28,1.523108,0.463343,1.519075
nort2697,29,1.516584,0.460259,1.513566
nort2697,30,1.552053,0.483664,1.575199
nort2732,12,0.54557,0.226551,0.549563
nort2732,13,0.579959,0.232127,0.585901
nort2732,14,0.582205,0.232024,0.588533
nort2732,15,0.721137,0.370204,0.734814
nort2732,16,0.729288,0.371707,0.746754
nort2732,17,0.707254,0.372297,0.72269
nort2732,18,0.726825,0.375352,0.744841
nort2732,19,0.730488,0.375828,0.749581
nort2732,20,0.742119,0.477385,0.757754
nort2732,21,0.743364,0.478148,0.760008
nort2732,22,0.743746,0.4782,0.76039
nort2732,23,0.747038,0.478562,0.764953
nort2732,24,0.747185,0.478599,0.765118
nort2732,25,0.756757,0.479405,0.776172
nort2732,26,0.756816,0.479438,0.776256
nort2732,27,0.754237,0.47671,0.773291
nort2732,28,0.762896,0.264193,0.785918
nort2732,29,0.771452,0.264086,0.797928
nort2732,30,0.759443,0.47821,0.778467
nort2745,12,1.214375,0.533854,1.227808
nort2745,13,1.248467,0.542012,1.26956
nort2745,14,1.250206,0.542387,1.271321
nort2745,15,1.361656,0.54991,1.378326
nort2745,16,1.398286,0.555209,1.416772
nort2745,17,1.370175,0.549508,1.393673
nort2745,18,1.37074,0.546248,1.396243
nort2745,19,1.377148,0.546343,1.403871
nort2745,20,1.39341,0.546675,1.421083
nort2745,21,1.575613,0.700379,1.598721
nort2745,22,1.576315,0.700342,1.599549
nort2745,23,1.468497,0.567851,1.499176
nort2745,24,1.463048,0.56203,1.493917
nort2745,25,1.476791,0.568187,1.50958
nort2745,26,1.471472,0.562479,1.504449
nort2745,27,1.508257,0.566288,1.539523
nort2745,28,1.56491,0.567842,1.604472
nort2745,29,1.529578,0.55057,1.570948
nort2745,30,1.56679,0.585286,1.603412
nort2836,12,0.636834,0.307219,0.640735
nort2836,13,0.646085,0.311507,0.651019
nort2836,14,1.028496,0.457169,1.03327
nort2836,15,1.071851,0.472282,1.078371
nort2836,16,1.077402,0.477247,1.084526
nort2836,17,1.087071,0.479189,1.097937
nort2836,18,1.074676,0.472498,1.082222
nort2836,19,1.075116,0.472531,1.082717
nort2836,20,1.159347,0.474133,1.162811
nort2836,21,1.160059,0.47494,1.163913
nort2836,22,1.346794,0.490012,1.349444
nort2836,23,1.344201,0.490217,1.345962
nort2836,24,1.344368,0.490355,1.346115
nort2836,25,1.344267,0.490184,1.346011
nort2836,26,1.344431,0.490292,1.346155
nort2836,27,1.345074,0.490611,1.346791
nort2836,28,1.364558,0.496979,1.371667
nort2836,29,1.345618,0.489971,1.347324
nort2836,30,1.349797,0.493624,1.352274
nort3139,12,1.034657,0.364052,1.081571
nort3139,13,1.155033,0.491429,1.206034
nort3139,14,1.155913,0.490963,1.208018
nort3139,15,1.158655,0.49185,1.211923
nort3139,16,1.156982,0.487925,1.212204
nort3139,17,1.164472,0.540562,1.225528
nort3139,18,1.159474,0.539258,1.221962
nort3139,19,1.162061,0.539413,1.225411
nort3139,20,1.162861,0.538925,1.227707
nort3139,21,1.246901,0.53802,1.319039
nort3139,22,1.248106,0.538103,1.320316
nort3139,23,1.287174,0.593736,1.366435
nort3139,24,1.348881,0.632823,1.431082
nort3139,25,1.293189,0.594083,1.373877
nort3139,26,1.35516,0.633196,1.438748
nort3139,27,1.359113,0.632986,1.444877
nort3139,28,1.39558,0.614441,1.493825
nort3139,29,1.394515,0.609991,1.494024
nort3139,30,1.403744,0.628994,1.510197
nots1237,12,0.764662,0.424631,0.778249
nots1237,13,0.773906,0.41964,0.789166
nots1237,14,1.020338,0.48538,1.036666
nots1237,15,1.058554,0.469852,1.075613
nots1237,16,1.068167,0.471108,1.085129
nots1237,17,1.073191,0.472714,1.087245
nots1237,18,1.06314,0.470108,1.078876
nots1237,19,1.064213,0.470141,1.080439
nots1237,20,1.197261,0.548659,1.21206
nots1237,21,1.199627,0.549269,1.214465
nots1237,22,1.309753,0.599962,1.328423
nots1237,23,1.311358,0.600424,1.330185
nots1237,24,1.311815,0.600473,1.330633
nots1237,25,1.312479,0.60046,1.331942
nots1237,26,1.312912,0.60052,1.33237
nots1237,27,1.314452,0.601096,1.33457
nots1237,28,1.328841,0.604299,1.349666
nots1237,29,1.314619,0.602437,1.336753
nots1237,30,1.322685,0.600985,1.342319
nucl1235,12,1.016293,0.438383,1.053563
nucl1235,13,1.034834,0.548021,1.049451
nucl1235,14,1.0359,0.548215,1.051219
nucl1235,15,1.038074,0.547999,1.053821
nucl1235,16,1.063057,0.551352,1.108037
nucl1235,17,0.96949,0.406229,1.01079
nucl1235,18,0.937381,0.39295,0.962593
nucl1235,19,0.939282,0.392671,0.965018
nucl1235,20,0.938934,0.38992,0.965722
nucl1235,21,1.028862,0.363986,1.082424
nucl1235,22,1.029953,0.36396,1.083274
nucl1235,23,1.052779,0.426941,1.120754
nucl1235,24,1.092284,0.457001,1.160472
nucl1235,25,1.059253,0.427395,1.12831
nucl1235,26,1.099168,0.457517,1.168255
nucl1235,27,1.106155,0.458354,1.17926
nucl1235,28,1.151859,0.42408,1.198152
nucl1235,29,1.128729,0.41905,1.158316
nucl1235,30,1.185131,0.44969,1.266002
nucl1301,12,1.221163,0.524275,1.258986
nucl1301,13,1.320756,0.615307,1.365596
nucl1301,14,1.321921,0.615466,1.367301
nucl1301,15,1.330661,0.615176,1.377815
nucl1301,16,1.339947,0.61715,1.389274
nucl1301,17,1.312341,0.532775,1.367548
nucl1301,18,1.308628,0.52176,1.365895
nucl1301,19,1.312472,0.521709,1.371331
nucl1301,20,1.314082,0.519915,1.375594
nucl1301,21,1.393726,0.502218,1.456854
nucl1301,22,1.394462,0.502258,1.457826
nucl1301,23,1.441351,0.554227,1.515403
nucl1301,24,1.471952,0.568062,1.548591
nucl1301,25,1.449238,0.55458,1.526252
nucl1301,26,1.479858,0.568457,1.559464
nucl1301,27,1.491542,0.568663,1.577704
nucl1301,28,1.553646,0.552261,1.646105
nucl1301,29,1.55253,0.545845,1.64748
nucl1301,30,1.559378,0.576621,1.653393
nucl1302,12,1.01081,0.465055,1.062832
nucl1302,13,1.018395,0.491824,1.087571
nucl1302,14,1.020252,0.492147,1.089934
nucl1302,15,1.023758,0.491825,1.095786
nucl1302,16,1.037261,0.494967,1.110226
nucl1302,17,0.893312,0.342536,0.988268
nucl1302,18,0.873529,0.328789,0.964761
nucl1302,19,0.875988,0.328604,0.9677
nucl1302,20,0.872675,0.325493,0.966576
nucl1302,21,0.908646,0.317038,1.010888
nucl1302,22,0.909391,0.317008,1.012008
nucl1302,23,0.925667,0.364702,1.053298
nucl1302,24,0.926933,0.375748,1.065882
nucl1302,25,0.932357,0.365216,1.062434
nucl1302,26,0.933795,0.376353,1.075076
nucl1302,27,0.937011,0.375388,1.078457
nucl1302,28,0.945352,0.337962,1.087372
nucl1302,29,0.933488,0.333141,1.074702
nucl1302,30,0.990062,0.364596,1.135715
nucl1310,12,1.068974,0.387168,1.102277
nucl1310,13,1.209028,0.439605,1.243538
nucl1310,14,1.21551,0.440004,1.25341
nucl1310,15,1.339057,0.545145,1.383867
nucl1310,16,1.352674,0.546556,1.400815
nucl1310,17,1.317048,0.542042,1.374432
nucl1310,18,1.374367,0.546207,1.426614
nucl1310,19,1.378504,0.546492,1.433443
nucl1310,20,1.382282,0.60092,1.436454
nucl1310,21,1.395637,0.604028,1.456401
nucl1310,22,1.397742,0.603936,1.45968
nucl1310,23,1.409536,0.607806,1.478193
nucl1310,24,1.410078,0.608021,1.478903
nucl1310,25,1.420507,0.608511,1.495448
nucl1310,26,1.420882,0.608706,1.496068
nucl1310,27,1.433102,0.614114,1.511112
nucl1310,28,1.445028,0.471666,1.535639
nucl1310,29,1.49027,0.472684,1.580266
nucl1310,30,1.456626,0.602981,1.539009
nucl1643,12,0.685125,0.34616,0.694577
nucl1643,13,0.716666,0.351233,0.729324
nucl1643,14,0.718986,0.350995,0.732008
nucl1643,15,0.842827,0.297272,0.858021
nucl1643,16,0.85567,0.298416,0.873733
nucl1643,17,0.835412,0.298982,0.853209
nucl1643,18,0.858307,0.301429,0.87668
nucl1643,19,0.864019,0.302027,0.884792
nucl1643,20,0.836649,0.368531,0.863343
nucl1643,21,0.861046,0.370065,0.889156
nucl1643,22,0.86193,0.370016,0.890179
nucl1643,23,0.894114,0.37335,0.92083
nucl1643,24,0.894479,0.373193,0.921165
nucl1643,25,0.908166,0.375015,0.939551
nucl1643,26,0.9085,0.374873,0.939859
nucl1643,27,0.895471,0.351865,0.926736
nucl1643,28,0.920662,0.369923,0.943822
nucl1643,29,0.938838,0.370774,0.965377
nucl1643,30,0.895299,0.371763,0.932143
olut1240,12,0.208542,0.051234,0.213238
olut1240,13,0.20887,0.05137,0.213371
olut1240,14,0.208994,0.05138,0.213498
olut1240,15,0.208995,0.050931,0.214238
olut1240,16,0.416143,0.14555,0.416394
olut1240,17,0.490135,0.147537,0.494696
olut1240,18,0.416152,0.14543,0.416402
olut1240,19,0.421517,0.120942,0.425063
olut1240,20,0.42121,0.12078,0.424753
olut1240,21,0.4188,0.11994,0.422312
olut1240,22,0.41893,0.119952,0.422442
olut1240,23,0.417239,0.119201,0.420748
olut1240,24,0.417425,0.119174,0.42094
olut1240,25,0.81084,0.378566,0.821439
olut1240,26,0.810874,0.378494,0.821475
olut1240,27,0.81119,0.378678,0.821801
olut1240,28,0.456453,0.126035,0.464515
olut1240,29,0.810649,0.378604,0.821319
olut1240,30,0.811933,0.378691,0.822586
onto1237,12,0.860883,0.461004,0.873582
onto1237,13,0.862664,0.465281,0.875138
onto1237,14,0.908939,0.462716,0.931145
onto1237,15,1.035494,0.502303,1.04646
onto1237,16,1.038066,0.502425,1.049102
onto1237,17,1.034299,0.502188,1.045637
onto1237,18,1.032396,0.503191,1.043541
onto1237,19,1.032525,0.503187,1.04367
onto1237,20,0.87935,0.247716,0.894321
onto1237,21,0.876779,0.246641,0.89203
onto1237,22,0.909736,0.244336,0.927833
onto1237,23,0.905503,0.242867,0.923894
onto1237,24,0.905321,0.242766,0.923727
onto1237,25,0.907161,0.242951,0.926323
onto1237,26,0.906941,0.242847,0.926116
onto1237,27,0.900276,0.240506,0.920091
onto1237,28,0.89169,0.239105,0.913785
onto1237,29,0.895625,0.239131,0.916709
onto1237,30,0.92739,0.245298,0.951141
paam1238,12,0.641238,0.317354,0.647639
paam1238,13,0.655092,0.321998,0.663142
paam1238,14,1.033272,0.462091,1.042387
paam1238,15,1.080166,0.47662,1.089542
paam1238,16,1.085022,0.481799,1.094998
paam1238,17,1.086639,0.483972,1.095485
paam1238,18,1.081837,0.476776,1.09155
paam1238,19,1.082849,0.476813,1.09317
paam1238,20,1.172993,0.478748,1.176664
paam1238,21,1.173622,0.479608,1.177165
paam1238,22,1.320557,0.472939,1.326171
paam1238,23,1.321423,0.473427,1.327017
paam1238,24,1.32169,0.473597,1.327272
paam1238,25,1.321673,0.473411,1.327302
paam1238,26,1.321938,0.473556,1.327557
paam1238,27,1.322598,0.47398,1.328138
paam1238,28,1.329868,0.481466,1.334898
paam1238,29,1.324188,0.473948,1.329603
paam1238,30,1.326888,0.478375,1.332529
panj1256,12,1.032383,0.311666,1.056287
panj1256,13,0.860262,0.498913,0.89091
panj1256,14,0.860487,0.498881,0.891582
panj1256,15,0.866163,0.498667,0.900968
panj1256,16,0.878031,0.499652,0.914926
panj1256,17,0.912957,0.3476,0.945171
panj1256,18,0.968235,0.352425,1.003208
panj1256,19,0.975041,0.353195,1.011611
panj1256,20,0.984091,0.34831,1.022574
panj1256,21,1.061112,0.346387,1.102074
panj1256,22,1.061804,0.346406,1.1033
panj1256,23,1.030143,0.352029,1.0774
panj1256,24,1.01964,0.354147,1.066947
panj1256,25,1.04655,0.354061,1.09946
panj1256,26,1.03608,0.356181,1.089138
panj1256,27,1.042971,0.357305,1.098887
panj1256,28,1.155154,0.371784,1.20791
panj1256,29,1.186719,0.375876,1.243855
panj1256,30,1.185253,0.372712,1.244394
pima1248,12,0.436899,0.123468,0.462234
pima1248,13,0.439119,0.123546,0.46535
pima1248,14,0.43936,0.123556,0.465707
pima1248,15,0.437421,0.122648,0.464023
pima1248,16,0.640359,0.30162,0.651876
pima1248,17,0.462301,0.114263,0.49717
pima1248,18,0.640641,0.30147,0.652639
pima1248,19,0.595303,0.246025,0.612112
pima1248,20,0.594617,0.245918,0.612023
pima1248,21,0.59303,0.245724,0.610084
pima1248,22,0.593261,0.245734,0.610281
pima1248,23,0.590934,0.244582,0.608083
pima1248,24,0.590944,0.244551,0.608268
pima1248,25,0.164545,0.046039,0.21606
pima1248,26,0.164657,0.046053,0.216193
pima1248,27,0.164638,0.046022,0.216126
pima1248,28,0.611642,0.246905,0.634807
pima1248,29,0.164699,0.045973,0.216094
pima1248,30,0.164835,0.046001,0.216262
poli1260,12,0.508299,0.141383,0.531592
poli1260,13,0.600376,0.161497,0.623688
poli1260,14,0.602288,0.162061,0.625638
poli1260,15,0.596415,0.158614,0.621669
poli1260,16,0.626654,0.168431,0.654315
poli1260,17,0.617593,0.163758,0.646864
poli1260,18,0.609408,0.159423,0.64172
poli1260,19,0.610623,0.159227,0.643318
poli1260,20,0.611871,0.159063,0.644614
poli1260,21,0.882873,0.430387,0.905483
poli1260,22,0.883373,0.430297,0.906068
poli1260,23,0.761017,0.246691,0.799689
poli1260,24,0.747137,0.23099,0.788633
poli1260,25,0.766717,0.247055,0.808938
poli1260,26,0.753185,0.231594,0.798211
poli1260,27,0.758209,0.232174,0.804947
poli1260,28,0.808586,0.239462,0.860641
poli1260,29,0.759779,0.206999,0.818791
poli1260,30,0.870671,0.287228,0.924215
renn1242,12,0.684585,0.430708,0.684681
renn1242,13,0.686285,0.436633,0.686382
renn1242,14,0.684627,0.430063,0.684733
renn1242,15,0.84895,0.434777,0.849741
renn1242,16,0.849698,0.435251,0.850757
renn1242,17,0.843419,0.435691,0.844764
renn1242,18,0.844416,0.436545,0.845241
renn1242,19,0.844539,0.436543,0.845365
renn1242,20,0.029438,0.004947,0.034325
renn1242,21,0.022408,0.003531,0.02589
renn1242,22,0.020603,0.00328,0.023391
renn1242,23,0.01395,0.002012,0.015812
renn1242,24,0.013741,0.00196,0.015562
renn1242,25,0.013752,0.001954,0.015569
renn1242,26,0.013488,0.001897,0.015266
renn1242,27,0.005769,0.000622,0.006436
renn1242,28,0.003378,0.00027,0.003378
renn1242,29,0.003504,0.00028,0.003504
renn1242,30,0.02234,0.003418,0.025373
russ1263,12,0.590819,0.148035,0.589215
russ1263,13,0.669439,0.171337,0.670425
russ1263,14,0.671487,0.171822,0.67264
russ1263,15,0.673462,0.17374,0.674391
russ1263,16,0.710554,0.181939,0.71197
russ1263,17,0.688952,0.174847,0.693558
russ1263,18,0.68342,0.172032,0.688601
russ1263,19,0.686307,0.172005,0.693243
russ1263,20,0.688605,0.172299,0.696398
russ1263,21,0.999766,0.49278,1.002471
russ1263,22,1.000311,0.492667,1.003191
russ1263,23,0.807196,0.204976,0.819353
russ1263,24,0.796088,0.19588,0.810034
russ1263,25,0.815578,0.205675,0.829828
russ1263,26,0.804796,0.196758,0.820942
russ1263,27,0.822942,0.199738,0.84332
russ1263,28,0.84897,0.202582,0.874772
russ1263,29,0.783034,0.177941,0.814434
russ1263,30,0.915792,0.233465,0.941362
russ1264,12,1.147062,0.413229,1.159915
russ1264,13,1.148587,0.416814,1.162777
russ1264,14,1.150067,0.417297,1.164523
russ1264,15,1.276723,0.533687,1.300612
russ1264,16,1.314744,0.535233,1.342594
russ1264,17,1.284506,0.534581,1.31525
russ1264,18,1.312139,0.535935,1.344881
russ1264,19,1.31745,0.536434,1.35362
russ1264,20,1.355754,0.498157,1.396091
russ1264,21,1.386016,0.504291,1.423017
russ1264,22,1.386167,0.504199,1.423373
russ1264,23,1.463685,0.517292,1.505547
russ1264,24,1.463901,0.517486,1.507489
russ1264,25,1.47638,0.518462,1.522494
russ1264,26,1.476553,0.518658,1.524427
russ1264,27,1.511446,0.551504,1.566809
russ1264,28,1.65764,0.593811,1.700997
russ1264,29,1.667042,0.59422,1.714039
russ1264,30,1.557327,0.543393,1.619451
saaa1241,12,0.67909,0.325417,0.682025
saaa1241,13,0.689656,0.329755,0.693074
saaa1241,14,1.053965,0.456707,1.059421
saaa1241,15,1.101766,0.470756,1.105995
saaa1241,16,1.105959,0.475841,1.11008
saaa1241,17,1.108584,0.477972,1.113185
saaa1241,18,1.103634,0.470985,1.108169
saaa1241,19,1.105703,0.471005,1.110781
saaa1241,20,1.183017,0.475134,1.188822
saaa1241,21,1.184332,0.475974,1.190277
saaa1241,22,1.334298,0.471132,1.341289
saaa1241,23,1.335235,0.47163,1.342264
saaa1241,24,1.335572,0.471799,1.342597
saaa1241,25,1.336662,0.471603,1.343819
saaa1241,26,1.336978,0.47174,1.344134
saaa1241,27,1.338213,0.472147,1.345382
saaa1241,28,1.346169,0.47866,1.355616
saaa1241,29,1.340194,0.471059,1.349974
saaa1241,30,1.350539,0.47557,1.359351
saka1289,12,0.666106,0.317973,0.682355
saka1289,13,0.678348,0.322579,0.6951
saka1289,14,1.061077,0.470542,1.078804
saka1289,15,1.106203,0.483381,1.121381
saka1289,16,1.109714,0.48829,1.124941
saka1289,17,1.108273,0.490326,1.124285
saka1289,18,1.103307,0.48357,1.119382
saka1289,19,1.10342,0.483601,1.119501
saka1289,20,1.190023,0.487205,1.20082
saka1289,21,1.19099,0.488008,1.201826
saka1289,22,1.348236,0.489264,1.358361
saka1289,23,1.348817,0.489729,1.358981
saka1289,24,1.349069,0.489891,1.359222
saka1289,25,1.349303,0.489705,1.359521
saka1289,26,1.349544,0.489838,1.359752
saka1289,27,1.350581,0.49022,1.360926
saka1289,28,1.353787,0.496005,1.364479
saka1289,29,1.351197,0.489285,1.361495
saka1289,30,1.353592,0.493224,1.364112
sana1295,12,0.789138,0.200334,0.809987
sana1295,13,0.924867,0.305723,0.947895
sana1295,14,0.926226,0.305524,0.949705
sana1295,15,0.925467,0.3048,0.950566
sana1295,16,0.9313,0.303681,0.957167
sana1295,17,0.994246,0.358678,1.023684
sana1295,18,0.992493,0.360465,1.023285
sana1295,19,0.995477,0.360697,1.027337
sana1295,20,0.997997,0.361742,1.030116
sana1295,21,1.060152,0.412598,1.090814
sana1295,22,1.061273,0.41243,1.092639
sana1295,23,1.110784,0.425174,1.141055
sana1295,24,1.066959,0.337374,1.093619
sana1295,25,1.115527,0.425618,1.147382
sana1295,26,1.07233,0.33761,1.100691
sana1295,27,1.075383,0.338215,1.105396
sana1295,28,1.097797,0.340435,1.132794
sana1295,29,1.069593,0.327706,1.102991
sana1295,30,1.076593,0.319571,1.108689
sand1273,12,1.204,0.46707,1.218753
sand1273,13,1.244737,0.486145,1.256236
sand1273,14,1.245415,0.486193,1.257133
sand1273,15,1.245636,0.486178,1.258316
sand1273,16,1.23405,0.466495,1.247474
sand1273,17,1.24885,0.486741,1.265751
sand1273,18,1.419388,0.533165,1.439769
sand1273,19,1.42027,0.533171,1.441369
sand1273,20,1.420587,0.533203,1.441871
sand1273,21,1.404011,0.541507,1.423196
sand1273,22,1.404648,0.541509,1.424097
sand1273,23,1.402738,0.540541,1.421673
sand1273,24,1.527097,0.513534,1.561735
sand1273,25,1.404435,0.540572,1.424237
sand1273,26,1.52844,0.513603,1.563359
sand1273,27,1.529223,0.513632,1.564243
sand1273,28,1.504531,0.515476,1.541132
sand1273,29,1.501152,0.515913,1.53729
sand1273,30,1.448496,0.495433,1.48358
sanm1289,12,0.108217,0.019904,0.119158
sanm1289,13,0.111067,0.019888,0.122883
sanm1289,14,0.111426,0.019888,0.123214
sanm1289,15,0.112681,0.020047,0.125159
sanm1289,16,0.168399,0.031594,0.183948
sanm1289,17,0.649615,0.272451,0.661195
sanm1289,18,0.170094,0.031688,0.185563
sanm1289,19,0.47064,0.140117,0.484507
sanm1289,20,0.470217,0.140049,0.483982
sanm1289,21,0.469314,0.139568,0.483635
sanm1289,22,0.469582,0.139605,0.484035
sanm1289,23,0.470969,0.13928,0.486736
sanm1289,24,0.471515,0.139318,0.487285
sanm1289,25,0.559282,0.1393,0.580375
sanm1289,26,0.559345,0.139314,0.580698
sanm1289,27,0.559097,0.139416,0.581668
sanm1289,28,0.581718,0.149467,0.599299
sanm1289,29,0.56118,0.139478,0.583724
sanm1289,30,0.560711,0.139709,0.582034
sapo1253,12,0.68675,0.23916,0.702594
sapo1253,13,0.684008,0.234488,0.700307
sapo1253,14,0.810417,0.248501,0.828396
sapo1253,15,0.809802,0.249574,0.831181
sapo1253,16,0.816902,0.25099,0.837621
sapo1253,17,0.82279,0.252436,0.843324
sapo1253,18,0.811078,0.249443,0.83244
sapo1253,19,0.812055,0.249483,0.83373
sapo1253,20,0.989572,0.360888,1.019167
sapo1253,21,0.992115,0.361547,1.02181
sapo1253,22,1.043383,0.370874,1.080861
sapo1253,23,1.044864,0.371403,1.082575
sapo1253,24,1.045169,0.371469,1.082859
sapo1253,25,1.04606,0.37146,1.084225
sapo1253,26,1.04637,0.371535,1.08451
sapo1253,27,1.047801,0.372312,1.086124
sapo1253,28,1.060494,0.375648,1.101749
sapo1253,29,1.052592,0.373777,1.095407
sapo1253,30,1.054682,0.371656,1.095947
savo1255,12,0.863086,0.341322,0.865534
savo1255,13,0.862139,0.338751,0.864645
savo1255,14,1.034305,0.363977,1.038019
savo1255,15,1.068758,0.393099,1.07291
savo1255,16,1.074527,0.394227,1.078604
savo1255,17,1.07765,0.394941,1.081689
savo1255,18,1.068775,0.392537,1.07292
savo1255,19,1.068965,0.392574,1.073109
savo1255,20,1.274736,0.52555,1.281047
savo1255,21,1.276727,0.526151,1.283013
savo1255,22,1.372586,0.54324,1.381531
savo1255,23,1.373767,0.543687,1.382711
savo1255,24,1.373996,0.543734,1.382941
savo1255,25,1.374883,0.543718,1.384145
savo1255,26,1.375119,0.543772,1.384388
savo1255,27,1.377317,0.544365,1.386516
savo1255,28,1.387478,0.547056,1.396381
savo1255,29,1.383458,0.54546,1.392877
savo1255,30,1.378862,0.543711,1.388066
selk1253,12,1.04538,0.40074,1.080169
selk1253,13,1.079716,0.398113,1.115248
selk1253,14,1.079742,0.397687,1.115552
selk1253,15,1.027417,0.368843,1.064664
selk1253,16,1.080162,0.376828,1.121581
selk1253,17,1.015316,0.36853,1.064591
selk1253,18,1.045095,0.375725,1.09522
selk1253,19,1.057208,0.376062,1.112341
selk1253,20,1.046968,0.370801,1.105273
selk1253,21,1.002454,0.440141,1.065913
selk1253,22,1.003053,0.440224,1.067065
selk1253,23,0.737901,0.273991,0.795894
selk1253,24,0.722319,0.265016,0.780371
selk1253,25,0.748919,0.274206,0.810066
selk1253,26,0.733376,0.265269,0.79455
selk1253,27,0.486205,0.165973,0.570381
selk1253,28,0.499532,0.171635,0.584403
selk1253,29,0.498995,0.171298,0.584179
selk1253,30,0.492583,0.167448,0.578161
shee1238,12,0.492007,0.189629,0.494929
shee1238,13,0.507157,0.192947,0.512371
shee1238,14,0.508653,0.192746,0.513828
shee1238,15,0.687896,0.401014,0.691882
shee1238,16,0.692087,0.40188,0.697317
shee1238,17,0.686623,0.405496,0.690398
shee1238,18,0.69183,0.406645,0.696774
shee1238,19,0.697847,0.407445,0.703848
shee1238,20,0.69952,0.43269,0.704994
shee1238,21,0.700867,0.438423,0.70606
shee1238,22,0.701456,0.438504,0.70675
shee1238,23,0.704217,0.447421,0.709484
shee1238,24,0.70435,0.447782,0.709604
shee1238,25,0.711688,0.44773,0.719179
shee1238,26,0.711787,0.448056,0.719259
shee1238,27,0.714687,0.472611,0.721661
shee1238,28,0.683287,0.261869,0.69654
shee1238,29,0.687545,0.261366,0.701569
shee1238,30,0.712528,0.433196,0.720721
shor1247,12,1.390939,0.553326,1.401159
shor1247,13,1.473721,0.553462,1.487445
shor1247,14,1.474552,0.553659,1.489035
shor1247,15,1.572181,0.671236,1.589091
shor1247,16,1.621191,0.675968,1.641436
shor1247,17,1.650023,0.669536,1.667887
shor1247,18,1.672825,0.672422,1.692557
shor1247,19,1.690013,0.67293,1.716116
shor1247,20,1.708871,0.702437,1.737492
shor1247,21,1.529864,0.662749,1.571725
shor1247,22,1.530807,0.662738,1.573082
shor1247,23,1.432283,0.507366,1.471045
shor1247,24,1.430803,0.509322,1.470465
shor1247,25,1.454575,0.509966,1.501803
shor1247,26,1.452688,0.511879,1.501155
shor1247,27,1.060808,0.267411,1.131126
shor1247,28,1.115811,0.275376,1.187831
shor1247,29,1.131018,0.277743,1.211435
shor1247,30,1.090459,0.271335,1.165409
sici1248,12,0.980499,0.520794,0.992354
sici1248,13,1.133504,0.580765,1.144466
sici1248,14,1.134052,0.581048,1.145326
sici1248,15,1.136333,0.578213,1.146578
sici1248,16,1.141336,0.581878,1.152079
sici1248,17,1.178059,0.599996,1.190319
sici1248,18,1.177756,0.596776,1.18978
sici1248,19,1.178854,0.596556,1.191267
sici1248,20,1.180629,0.596605,1.194949
sici1248,21,1.314303,0.551318,1.333486
sici1248,22,1.314771,0.551517,1.334064
sici1248,23,1.385776,0.592418,1.404881
sici1248,24,1.415178,0.600932,1.438241
sici1248,25,1.389082,0.592935,1.410936
sici1248,26,1.418499,0.601369,1.444327
sici1248,27,1.421695,0.602009,1.448754
sici1248,28,1.466247,0.632299,1.495615
sici1248,29,1.463762,0.647155,1.493938
sici1248,30,1.503754,0.598509,1.536994
siee1239,12,0.779547,0.363652,0.850828
siee1239,13,0.783118,0.36668,0.854426
siee1239,14,1.175786,0.5884,1.259749
siee1239,15,1.219797,0.597847,1.305444
siee1239,16,1.221456,0.601793,1.307023
siee1239,17,1.221496,0.603793,1.307357
siee1239,18,1.219819,0.598072,1.305546
siee1239,19,1.220046,0.598102,1.305778
siee1239,20,1.27921,0.600254,1.400924
siee1239,21,1.280425,0.600998,1.402371
siee1239,22,1.450623,0.618596,1.568418
siee1239,23,1.451831,0.619041,1.569618
siee1239,24,1.451959,0.619134,1.569717
siee1239,25,1.452155,0.619037,1.569981
siee1239,26,1.45234,0.619117,1.57015
siee1239,27,1.453941,0.61955,1.571719
siee1239,28,1.465641,0.625374,1.580879
siee1239,29,1.463968,0.619848,1.580455
siee1239,30,1.470853,0.622847,1.588568
soma1255,12,1.122901,0.583736,1.134147
soma1255,13,1.160766,0.588748,1.167449
soma1255,14,1.161158,0.588822,1.167828
soma1255,15,1.161557,0.58816,1.170437
soma1255,16,1.147663,0.579904,1.158719
soma1255,17,1.173272,0.586705,1.183023
soma1255,18,1.203505,0.58778,1.221177
soma1255,19,1.205522,0.58775,1.22346
soma1255,20,1.207315,0.587594,1.225982
soma1255,21,1.14998,0.54028,1.172363
soma1255,22,1.151232,0.54041,1.174139
soma1255,23,1.149944,0.540343,1.174817
soma1255,24,0.805784,0.339549,0.819532
soma1255,25,1.152516,0.540633,1.178412
soma1255,26,0.807796,0.339681,0.822225
soma1255,27,0.808396,0.339683,0.822931
soma1255,28,0.77704,0.345869,0.79039
soma1255,29,0.762725,0.34595,0.7774
soma1255,30,0.734945,0.351491,0.751286
sout1528,12,0.716112,0.264696,0.730796
sout1528,13,0.832807,0.286253,0.847074
sout1528,14,0.834163,0.286785,0.84873
sout1528,15,0.832411,0.282144,0.849286
sout1528,16,0.851092,0.290551,0.869701
sout1528,17,0.86352,0.292816,0.884564
sout1528,18,0.860965,0.288845,0.882069
sout1528,19,0.863014,0.288652,0.885325
sout1528,20,0.864184,0.288483,0.887413
sout1528,21,1.107788,0.450841,1.130409
sout1528,22,1.108507,0.450867,1.130876
sout1528,23,1.063057,0.4193,1.090901
sout1528,24,1.061794,0.401251,1.093023
sout1528,25,1.068546,0.419421,1.098316
sout1528,26,1.067754,0.401614,1.100739
sout1528,27,1.071483,0.402027,1.104999
sout1528,28,1.1081,0.407003,1.142899
sout1528,29,1.081227,0.379035,1.118747
sout1528,30,1.153127,0.456895,1.187464
sout2649,12,1.257241,0.467167,1.282819
sout2649,13,1.200994,0.453261,1.228812
sout2649,14,1.20197,0.453562,1.229739
sout2649,15,1.204593,0.452028,1.235183
sout2649,16,1.22636,0.455306,1.260928
sout2649,17,1.164115,0.506507,1.204541
sout2649,18,1.165906,0.505691,1.211255
sout2649,19,1.170915,0.50601,1.21904
sout2649,20,1.174175,0.509313,1.224026
sout2649,21,1.282792,0.558298,1.328669
sout2649,22,1.284137,0.55841,1.330607
sout2649,23,1.272381,0.546915,1.325077
sout2649,24,1.271968,0.537948,1.326832
sout2649,25,1.286301,0.547709,1.344735
sout2649,26,1.285979,0.538821,1.346604
sout2649,27,1.294838,0.539936,1.363749
sout2649,28,1.454083,0.586302,1.517877
sout2649,29,1.458617,0.584327,1.526069
sout2649,30,1.475886,0.595866,1.546709
sout2807,12,0.534479,0.213367,0.534479
sout2807,13,0.580408,0.221557,0.580408
sout2807,14,0.580509,0.221586,0.580509
sout2807,15,0.58058,0.221582,0.58058
sout2807,16,0.539318,0.213433,0.539318
sout2807,17,0.58028,0.221404,0.58028
sout2807,18,0.741477,0.260595,0.741477
sout2807,19,0.741615,0.260606,0.741615
sout2807,20,0.741648,0.260592,0.741648
sout2807,21,0.738728,0.259784,0.738728
sout2807,22,0.738764,0.259785,0.738764
sout2807,23,0.739281,0.260007,0.739281
sout2807,24,0.812814,0.275012,0.812814
sout2807,25,0.73942,0.260019,0.73942
sout2807,26,0.812987,0.274989,0.812987
sout2807,27,0.813158,0.275032,0.813158
sout2807,28,0.814344,0.275404,0.814344
sout2807,29,0.813525,0.275122,0.813525
sout2807,30,0.823777,0.278795,0.823777
sout2996,12,0.190459,0.04093,0.222136
sout2996,13,0.192656,0.040849,0.224858
sout2996,14,0.19274,0.040851,0.224944
sout2996,15,0.192973,0.041112,0.227417
sout2996,16,0.30575,0.070581,0.341152
sout2996,17,0.516699,0.162909,0.54878
sout2996,18,0.305483,0.070638,0.341354
sout2996,19,0.206031,0.043115,0.246073
sout2996,20,0.206205,0.043109,0.246285
sout2996,21,0.204381,0.042116,0.243608
sout2996,22,0.204555,0.042129,0.243785
sout2996,23,0.207416,0.042233,0.249047
sout2996,24,0.207694,0.042291,0.249663
sout2996,25,0.36067,0.078319,0.408903
sout2996,26,0.360482,0.078335,0.409081
sout2996,27,0.362024,0.078535,0.411972
sout2996,28,0.252944,0.050635,0.299679
sout2996,29,0.362289,0.078483,0.41307
sout2996,30,0.361909,0.078532,0.411528
stan1289,12,0.722438,0.329149,0.734369
stan1289,13,0.808839,0.323609,0.819289
stan1289,14,0.809584,0.324057,0.820043
stan1289,15,0.812101,0.318042,0.823093
stan1289,16,0.82427,0.325122,0.835998
stan1289,17,0.829801,0.318232,0.843939
stan1289,18,0.828084,0.313114,0.843003
stan1289,19,0.829165,0.312897,0.844683
stan1289,20,0.830023,0.312457,0.845483
stan1289,21,1.09191,0.356099,1.107808
stan1289,22,1.092974,0.356225,1.109025
stan1289,23,1.0648,0.523826,1.083794
stan1289,24,1.037504,0.526021,1.062432
stan1289,25,1.069666,0.524224,1.091099
stan1289,26,1.043621,0.526381,1.071059
stan1289,27,1.048945,0.527067,1.078085
stan1289,28,1.141734,0.53864,1.168738
stan1289,29,1.118071,0.528822,1.14932
stan1289,30,1.178832,0.485594,1.210535
stan1290,12,0.64616,0.243287,0.658639
stan1290,13,0.735728,0.251178,0.735753
stan1290,14,0.737123,0.251688,0.737521
stan1290,15,0.736561,0.246354,0.738473
stan1290,16,0.755726,0.254872,0.759232
stan1290,17,0.756354,0.24953,0.75853
stan1290,18,0.753382,0.244769,0.757067
stan1290,19,0.755066,0.244589,0.759533
stan1290,20,0.755879,0.244221,0.760629
stan1290,21,1.000719,0.374802,1.011535
stan1290,22,1.0014,0.374857,1.012572
stan1290,23,0.959424,0.442514,0.968599
stan1290,24,0.947252,0.422114,0.957701
stan1290,25,0.965381,0.442693,0.975822
stan1290,26,0.953248,0.42246,0.965004
stan1290,27,0.958391,0.422887,0.971154
stan1290,28,1.025682,0.437193,1.043638
stan1290,29,1.002041,0.406828,1.021299
stan1290,30,1.054102,0.485601,1.070355
stan1293,12,0.556587,0.187197,0.563858
stan1293,13,0.657004,0.202641,0.664049
stan1293,14,0.658771,0.203219,0.665837
stan1293,15,0.656031,0.198607,0.66346
stan1293,16,0.682705,0.208854,0.690973
stan1293,17,0.677378,0.203703,0.68807
stan1293,18,0.672637,0.199716,0.683457
stan1293,19,0.673064,0.19957,0.684287
stan1293,20,0.673675,0.199275,0.685103
stan1293,21,0.908402,0.385186,0.918033
stan1293,22,0.909209,0.385179,0.918958
stan1293,23,0.879835,0.375597,0.891458
stan1293,24,0.863874,0.35177,0.875233
stan1293,25,0.884656,0.375407,0.897362
stan1293,26,0.868886,0.351897,0.881343
stan1293,27,0.872425,0.352059,0.885947
stan1293,28,0.937413,0.366048,0.955255
stan1293,29,0.907206,0.330427,0.92532
stan1293,30,0.973015,0.439174,0.991328
tahi1242,12,1.021369,0.552126,1.081495
tahi1242,13,1.027827,0.552264,1.09031
tahi1242,14,1.02576,0.551137,1.088377
tahi1242,15,1.168619,0.471586,1.233965
tahi1242,16,1.170918,0.471864,1.236009
tahi1242,17,1.164489,0.473184,1.23646
tahi1242,18,1.164505,0.473358,1.232398
tahi1242,19,1.165586,0.473617,1.237036
tahi1242,20,0.611538,0.162771,0.688793
tahi1242,21,0.629595,0.160764,0.710004
tahi1242,22,0.630244,0.160169,0.707165
tahi1242,23,0.625907,0.158266,0.70299
tahi1242,24,0.62415,0.158165,0.701221
tahi1242,25,0.654797,0.158735,0.734828
tahi1242,26,0.65303,0.158625,0.732973
tahi1242,27,0.642606,0.155905,0.725981
tahi1242,28,0.614397,0.152363,0.698309
tahi1242,29,0.634759,0.152436,0.720494
tahi1242,30,0.685763,0.162097,0.773069
tanz1241,12,0.177143,0.033663,0.183624
tanz1241,13,0.217713,0.042877,0.222733
tanz1241,14,0.217887,0.042894,0.222779
tanz1241,15,0.218698,0.042902,0.223466
tanz1241,16,0.180724,0.033704,0.186308
tanz1241,17,0.219011,0.042963,0.223738
tanz1241,18,0.374225,0.087638,0.381733
tanz1241,19,0.374409,0.087634,0.38192
tanz1241,20,0.374032,0.087647,0.381804
tanz1241,21,0.374761,0.087456,0.382603
tanz1241,22,0.374885,0.087465,0.38273
tanz1241,23,0.375429,0.087734,0.383122
tanz1241,24,0.485451,0.11752,0.493999
tanz1241,25,0.376885,0.087794,0.385213
tanz1241,26,0.48631,0.117568,0.495652
tanz1241,27,0.486577,0.117557,0.495919
tanz1241,28,0.488851,0.118171,0.497313
tanz1241,29,0.488537,0.117839,0.497591
tanz1241,30,0.489637,0.11983,0.499958
tata1255,12,1.13361,0.339921,1.130134
tata1255,13,1.211594,0.373659,1.212741
tata1255,14,1.213479,0.374149,1.214918
tata1255,15,1.244706,0.374964,1.24898
tata1255,16,1.285355,0.383751,1.293512
tata1255,17,1.274358,0.385785,1.285153
tata1255,18,1.275124,0.383763,1.288646
tata1255,19,1.279279,0.383776,1.296503
tata1255,20,1.291671,0.384039,1.310689
tata1255,21,1.529175,0.623324,1.548364
tata1255,22,1.529628,0.623257,1.548903
tata1255,23,1.46024,0.425676,1.48404
tata1255,24,1.456179,0.421132,1.481533
tata1255,25,1.471968,0.426368,1.499664
tata1255,26,1.468048,0.421932,1.497377
tata1255,27,1.502567,0.425451,1.536311
tata1255,28,1.562732,0.428193,1.60184
tata1255,29,1.518465,0.407623,1.565227
tata1255,30,1.583235,0.447478,1.626793
telu1262,12,0.771323,0.246434,0.792526
telu1262,13,0.739771,0.412217,0.755685
telu1262,14,0.741045,0.412097,0.757629
telu1262,15,0.748417,0.411847,0.767904
telu1262,16,0.754745,0.412734,0.776555
telu1262,17,0.679817,0.189932,0.717181
telu1262,18,0.764129,0.203374,0.801596
telu1262,19,0.771151,0.204334,0.810414
telu1262,20,0.769305,0.198242,0.812103
telu1262,21,0.778776,0.189847,0.830782
telu1262,22,0.781006,0.190103,0.83563
telu1262,23,0.762483,0.198741,0.812128
telu1262,24,0.754669,0.199097,0.803664
telu1262,25,0.779716,0.201241,0.834799
telu1262,26,0.772223,0.201592,0.826562
telu1262,27,0.783115,0.203224,0.841202
telu1262,28,0.812636,0.201298,0.881419
telu1262,29,0.879197,0.213157,0.950732
telu1262,30,0.871171,0.208829,0.940149
teop1238,12,0.543348,0.190726,0.563852
teop1238,13,0.536739,0.183101,0.558614
teop1238,14,0.6643,0.200835,0.687038
teop1238,15,0.582182,0.162429,0.618642
teop1238,16,0.58992,0.163907,0.626617
teop1238,17,0.596138,0.165826,0.632295
teop1238,18,0.586355,0.163191,0.623585
teop1238,19,0.586532,0.163203,0.623745
teop1238,20,0.745497,0.235175,0.776404
teop1238,21,0.748784,0.235846,0.780075
teop1238,22,0.791411,0.241119,0.827819
teop1238,23,0.794143,0.241753,0.830847
teop1238,24,0.794479,0.241819,0.831161
teop1238,25,0.794938,0.241774,0.831837
teop1238,26,0.795299,0.241849,0.832176
teop1238,27,0.798639,0.24272,0.835768
teop1238,28,0.814608,0.246263,0.852486
teop1238,29,0.806908,0.244578,0.845791
teop1238,30,0.802182,0.241611,0.841791
tere1279,12,0.050049,0.00856,0.050049
tere1279,13,0.049857,0.008502,0.049857
tere1279,14,0.049994,0.008516,0.049994
tere1279,15,0.049627,0.008423,0.049627
tere1279,16,0.137298,0.028234,0.137298
tere1279,17,0.59122,0.276416,0.59122
tere1279,18,0.137331,0.028135,0.137331
tere1279,19,0.450562,0.155744,0.450562
tere1279,20,0.450568,0.155728,0.450568
tere1279,21,0.450733,0.155561,0.450733
tere1279,22,0.450883,0.155577,0.450883
tere1279,23,0.450078,0.155323,0.450078
tere1279,24,0.450036,0.155301,0.450036
tere1279,25,0.742215,0.211414,0.742215
tere1279,26,0.742414,0.211468,0.742414
tere1279,27,0.742627,0.211506,0.742627
tere1279,28,0.585043,0.169594,0.585043
tere1279,29,0.742404,0.211335,0.742404
tere1279,30,0.743401,0.2117,0.743401
ticu1245,12,0.001376,0.00011,0.001376
ticu1245,13,0.001502,0.00012,0.001502
ticu1245,14,0.001627,0.00013,0.001627
ticu1245,15,0.001763,0.000141,0.001763
ticu1245,16,0.062658,0.01122,0.062658
ticu1245,17,0.563357,0.249341,0.563357
ticu1245,18,0.062611,0.011174,0.062611
ticu1245,19,0.366885,0.119096,0.366885
ticu1245,20,0.367036,0.119087,0.367036
ticu1245,21,0.364969,0.118011,0.364969
ticu1245,22,0.365044,0.118024,0.365044
ticu1245,23,0.364344,0.117625,0.364344
ticu1245,24,0.364635,0.117718,0.364635
ticu1245,25,0.544396,0.138501,0.544396
ticu1245,26,0.545068,0.138684,0.545068
ticu1245,27,0.545754,0.138844,0.545754
ticu1245,28,0.466822,0.125379,0.466822
ticu1245,29,0.545908,0.138866,0.545908
ticu1245,30,0.545981,0.138903,0.545981
tiga1245,12,0.863529,0.419077,0.866911
tiga1245,13,0.865921,0.415179,0.869298
tiga1245,14,1.113029,0.4642,1.118795
tiga1245,15,1.157209,0.474061,1.163422
tiga1245,16,1.163922,0.47525,1.16994
tiga1245,17,1.168548,0.47639,1.174604
tiga1245,18,1.15794,0.47377,1.164391
tiga1245,19,1.158542,0.473796,1.165051
tiga1245,20,1.299427,0.572863,1.309877
tiga1245,21,1.302475,0.573462,1.31298
tiga1245,22,1.404099,0.613635,1.417307
tiga1245,23,1.405578,0.614045,1.418902
tiga1245,24,1.405957,0.614087,1.419261
tiga1245,25,1.406366,0.614092,1.419778
tiga1245,26,1.406728,0.614144,1.420121
tiga1245,27,1.409782,0.614632,1.423517
tiga1245,28,1.426856,0.617545,1.439687
tiga1245,29,1.418284,0.615732,1.431646
tiga1245,30,1.417739,0.614639,1.433767
tiko1237,12,0.777976,0.453814,0.781571
tiko1237,13,0.782691,0.459797,0.786149
tiko1237,14,0.810497,0.45836,0.815796
tiko1237,15,0.963855,0.456944,0.966162
tiko1237,16,0.969956,0.457103,0.971948
tiko1237,17,0.967127,0.457057,0.969012
tiko1237,18,0.959719,0.458193,0.96214
tiko1237,19,0.959881,0.458182,0.962297
tiko1237,20,0.430163,0.105668,0.435322
tiko1237,21,0.423079,0.103207,0.428127
tiko1237,22,0.418579,0.10064,0.43069
tiko1237,23,0.410253,0.097791,0.422256
tiko1237,24,0.409936,0.097631,0.421916
tiko1237,25,0.409966,0.097648,0.421964
tiko1237,26,0.409608,0.097484,0.421592
tiko1237,27,0.394073,0.092382,0.405912
tiko1237,28,0.360075,0.081806,0.370995
tiko1237,29,0.355169,0.080648,0.366321
tiko1237,30,0.423737,0.101214,0.435588
tong1325,12,0.800285,0.480825,0.830666
tong1325,13,0.801752,0.485574,0.832407
tong1325,14,0.823893,0.487687,0.859411
tong1325,15,0.960973,0.444974,0.993096
tong1325,16,0.963614,0.445282,0.996376
tong1325,17,0.959885,0.445227,0.993767
tong1325,18,0.958721,0.446014,0.991247
tong1325,19,0.958915,0.446019,0.991453
tong1325,20,0.568953,0.138221,0.630764
tong1325,21,0.575312,0.136521,0.638136
tong1325,22,0.56362,0.133845,0.634228
tong1325,23,0.553499,0.131653,0.625602
tong1325,24,0.553169,0.131532,0.624916
tong1325,25,0.554946,0.13166,0.627701
tong1325,26,0.554566,0.131535,0.626989
tong1325,27,0.543621,0.128046,0.61726
tong1325,28,0.536099,0.1232,0.612707
tong1325,29,0.531444,0.122975,0.60809
tong1325,30,0.577745,0.13496,0.652693
tswa1253,12,0.55047,0.243712,0.569528
tswa1253,13,0.571986,0.247377,0.591985
tswa1253,14,0.572364,0.247434,0.592312
tswa1253,15,0.572571,0.247446,0.592523
tswa1253,16,0.551341,0.243255,0.570371
tswa1253,17,0.572751,0.247375,0.592576
tswa1253,18,0.711801,0.279088,0.730715
tswa1253,19,0.711918,0.279092,0.730846
tswa1253,20,0.711997,0.279084,0.730931
tswa1253,21,0.71065,0.278644,0.729653
tswa1253,22,0.710776,0.278652,0.729776
tswa1253,23,0.711021,0.278789,0.72999
tswa1253,24,0.747011,0.287087,0.773811
tswa1253,25,0.711186,0.278799,0.730142
tswa1253,26,0.747288,0.287118,0.77402
tswa1253,27,0.747309,0.287106,0.774073
tswa1253,28,0.74937,0.287682,0.776002
tswa1253,29,0.748952,0.287524,0.77558
tswa1253,30,0.755008,0.288058,0.778839
turk1304,12,1.622237,0.721257,1.656273
turk1304,13,1.703984,0.680794,1.742977
turk1304,14,1.705113,0.680961,1.74406
turk1304,15,1.761343,0.681113,1.804591
turk1304,16,1.788261,0.684192,1.835048
turk1304,17,1.765856,0.647017,1.816268
turk1304,18,1.780574,0.641679,1.833541
turk1304,19,1.786078,0.641823,1.841289
turk1304,20,1.802856,0.641733,1.861632
turk1304,21,1.888633,0.654541,1.947454
turk1304,22,1.889029,0.654561,1.948165
turk1304,23,1.968132,0.668335,2.036567
turk1304,24,1.985812,0.673974,2.05532
turk1304,25,1.977923,0.66874,2.053778
turk1304,26,1.995737,0.674423,2.072637
turk1304,27,2.067716,0.682364,2.15199
turk1304,28,2.18395,0.699297,2.269479
turk1304,29,2.181725,0.695683,2.273991
turk1304,30,2.181149,0.704592,2.267575
tutu1241,12,0.885572,0.501278,0.892672
tutu1241,13,0.892179,0.504271,0.899808
tutu1241,14,1.178858,0.580267,1.198117
tutu1241,15,1.224049,0.592064,1.245721
tutu1241,16,1.230603,0.596616,1.251678
tutu1241,17,1.236603,0.598822,1.257638
tutu1241,18,1.225382,0.592412,1.247485
tutu1241,19,1.227061,0.592458,1.249144
tutu1241,20,1.338878,0.597148,1.365184
tutu1241,21,1.341163,0.598017,1.367462
tutu1241,22,1.467121,0.594003,1.49822
tutu1241,23,1.468145,0.594547,1.499465
tutu1241,24,1.468449,0.594684,1.49976
tutu1241,25,1.469049,0.594531,1.500928
tutu1241,26,1.469321,0.594637,1.501194
tutu1241,27,1.472233,0.595149,1.504349
tutu1241,28,1.486077,0.601137,1.517088
tutu1241,29,1.476751,0.594596,1.509617
tutu1241,30,1.484573,0.597715,1.51906
tuvi1240,12,1.130161,0.383103,1.137919
tuvi1240,13,1.140223,0.384755,1.152571
tuvi1240,14,1.141013,0.384975,1.153362
tuvi1240,15,1.295966,0.538475,1.308789
tuvi1240,16,1.332806,0.54378,1.348403
tuvi1240,17,1.314863,0.538923,1.335483
tuvi1240,18,1.344806,0.543429,1.36129
tuvi1240,19,1.353364,0.543842,1.373264
tuvi1240,20,1.399781,0.566769,1.421241
tuvi1240,21,1.411907,0.577352,1.443284
tuvi1240,22,1.412428,0.577335,1.443795
tuvi1240,23,1.521022,0.61523,1.56316
tuvi1240,24,1.522874,0.615516,1.566431
tuvi1240,25,1.535697,0.616275,1.583222
tuvi1240,26,1.537452,0.616555,1.586435
tuvi1240,27,1.656183,0.658556,1.707545
tuvi1240,28,1.774679,0.725238,1.822497
tuvi1240,29,1.785512,0.725437,1.83508
tuvi1240,30,1.687867,0.657694,1.745911
ukra1253,12,0.572537,0.153343,0.590933
ukra1253,13,0.663104,0.176908,0.682529
ukra1253,14,0.664714,0.177471,0.684065
ukra1253,15,0.65905,0.175166,0.680142
ukra1253,16,0.688989,0.184025,0.711354
ukra1253,17,0.682353,0.182131,0.707155
ukra1253,18,0.671379,0.177599,0.699539
ukra1253,19,0.673578,0.177441,0.702842
ukra1253,20,0.673607,0.177389,0.703842
ukra1253,21,0.957982,0.456625,0.980335
ukra1253,22,0.958788,0.456519,0.9813
ukra1253,23,0.813461,0.24637,0.847637
ukra1253,24,0.802596,0.233483,0.838987
ukra1253,25,0.821406,0.246906,0.856809
ukra1253,26,0.810947,0.234223,0.848425
ukra1253,27,0.822509,0.236038,0.864034
ukra1253,28,0.851906,0.239794,0.897058
ukra1253,29,0.799686,0.209222,0.847874
ukra1253,30,0.912538,0.278295,0.958744
ulch1241,12,0.943725,0.415509,1.068438
ulch1241,13,0.952368,0.41905,1.077946
ulch1241,14,0.952882,0.419585,1.078499
ulch1241,15,1.015557,0.444306,1.165179
ulch1241,16,1.03889,0.449488,1.191092
ulch1241,17,1.025285,0.444854,1.176841
ulch1241,18,1.037971,0.447905,1.191732
ulch1241,19,1.040221,0.448228,1.19485
ulch1241,20,0.999201,0.391667,1.173458
ulch1241,21,1.042239,0.419533,1.214495
ulch1241,22,1.042188,0.419447,1.214431
ulch1241,23,1.041074,0.426284,1.210471
ulch1241,24,1.039785,0.4261,1.209682
ulch1241,25,1.047319,0.427232,1.217692
ulch1241,26,1.04605,0.427049,1.21692
ulch1241,27,1.039285,0.427288,1.211685
ulch1241,28,0.874495,0.290533,1.129719
ulch1241,29,0.877161,0.290538,1.133898
ulch1241,30,1.04032,0.411205,1.221981
veps1250,12,0.478167,0.126935,0.50004
veps1250,13,0.556815,0.146168,0.575224
veps1250,14,0.558151,0.146526,0.57659
veps1250,15,0.582754,0.154264,0.601303
veps1250,16,0.614616,0.15978,0.640008
veps1250,17,0.544509,0.142087,0.56995
veps1250,18,0.551158,0.142179,0.583027
veps1250,19,0.555355,0.142315,0.588537
veps1250,20,0.557496,0.143144,0.590741
veps1250,21,0.981129,0.533734,0.997678
veps1250,22,0.981721,0.533665,0.998501
veps1250,23,0.607482,0.139873,0.646776
veps1250,24,0.592198,0.135965,0.632112
veps1250,25,0.617382,0.140956,0.659015
veps1250,26,0.602801,0.137202,0.644968
veps1250,27,0.622142,0.142432,0.666014
veps1250,28,0.649104,0.146239,0.69811
veps1250,29,0.620991,0.141075,0.665891
veps1250,30,0.719776,0.163114,0.768042
viet1252,12,0.539031,0.148993,0.547165
viet1252,13,0.616803,0.174202,0.625284
viet1252,14,0.620419,0.17461,0.629253
viet1252,15,0.884499,0.512656,0.886172
viet1252,16,0.888566,0.512507,0.891221
viet1252,17,0.850007,0.503702,0.851185
viet1252,18,0.888345,0.505587,0.890259
viet1252,19,0.890084,0.505645,0.892664
viet1252,20,0.806532,0.323175,0.81797
viet1252,21,0.808428,0.327708,0.820438
viet1252,22,0.808684,0.327621,0.822555
viet1252,23,0.813182,0.335191,0.826304
viet1252,24,0.813575,0.335564,0.826719
viet1252,25,0.819447,0.335556,0.834106
viet1252,26,0.819815,0.335896,0.834476
viet1252,27,0.827887,0.354546,0.840961
viet1252,28,0.835842,0.429735,0.850915
viet1252,29,0.861088,0.430371,0.878078
viet1252,30,0.824596,0.320993,0.841989
wayu1243,12,0.00739,0.000849,0.00739
wayu1243,13,0.007866,0.000908,0.007866
wayu1243,14,0.007992,0.000918,0.007992
wayu1243,15,0.007823,0.000887,0.007823
wayu1243,16,0.128569,0.027887,0.128569
wayu1243,17,0.570408,0.255753,0.570408
wayu1243,18,0.129,0.027958,0.129
wayu1243,19,0.391519,0.131332,0.391519
wayu1243,20,0.39066,0.131207,0.39066
wayu1243,21,0.38918,0.130423,0.38918
wayu1243,22,0.389333,0.130448,0.389333
wayu1243,23,0.389158,0.130242,0.389158
wayu1243,24,0.389225,0.130281,0.389225
wayu1243,25,0.800861,0.235274,0.800861
wayu1243,26,0.800372,0.235012,0.800372
wayu1243,27,0.801076,0.235293,0.801076
wayu1243,28,0.506301,0.141528,0.506301
wayu1243,29,0.800505,0.234941,0.800505
wayu1243,30,0.801343,0.235243,0.801343
west2369,12,1.205157,0.558199,1.241097
west2369,13,1.253205,0.48685,1.28798
west2369,14,1.254195,0.487211,1.289324
west2369,15,1.256635,0.486241,1.292672
west2369,16,1.264326,0.490393,1.301526
west2369,17,1.183962,0.407425,1.22847
west2369,18,1.181556,0.396889,1.230345
west2369,19,1.185816,0.396888,1.236278
west2369,20,1.186931,0.396387,1.23855
west2369,21,1.327454,0.405656,1.37833
west2369,22,1.328651,0.405762,1.379797
west2369,23,1.375727,0.433377,1.431018
west2369,24,1.398564,0.450369,1.461068
west2369,25,1.384313,0.433893,1.443393
west2369,26,1.40749,0.45104,1.473824
west2369,27,1.413618,0.45098,1.484431
west2369,28,1.525345,0.464529,1.598355
west2369,29,1.517059,0.458204,1.591814
west2369,30,1.565481,0.48203,1.637635
xava1240,12,0.001388,0.000111,0.001388
xava1240,13,0.001524,0.000122,0.001524
xava1240,14,0.00163,0.00013,0.001631
xava1240,15,0.001815,0.000146,0.001816
xava1240,16,0.001877,0.00015,0.001877
xava1240,17,0.652918,0.356632,0.653223
xava1240,18,0.00213,0.00017,0.00213
xava1240,19,0.561305,0.248015,0.562056
xava1240,20,0.561371,0.247995,0.562123
xava1240,21,0.560578,0.247187,0.561336
xava1240,22,0.560754,0.24721,0.561511
xava1240,23,0.560495,0.246912,0.561252
xava1240,24,0.560689,0.246947,0.561445
xava1240,25,0.808583,0.267303,0.815117
xava1240,26,0.808745,0.267326,0.815279
xava1240,27,0.808855,0.267294,0.8154
xava1240,28,0.745217,0.256348,0.746308
xava1240,29,0.808874,0.267231,0.815434
xava1240,30,0.809064,0.267162,0.815612
yaka1272,12,0.698801,0.270362,0.699475
yaka1272,13,0.769324,0.293508,0.769703
yaka1272,14,0.769471,0.293543,0.769852
yaka1272,15,0.769892,0.293606,0.770355
yaka1272,16,0.711721,0.273113,0.71243
yaka1272,17,0.773163,0.294583,0.773597
yaka1272,18,0.552853,0.241758,0.554872
yaka1272,19,0.55299,0.241778,0.555009
yaka1272,20,0.55312,0.241795,0.555139
yaka1272,21,0.554355,0.242767,0.556359
yaka1272,22,0.554462,0.242763,0.556466
yaka1272,23,0.554252,0.242482,0.55626
yaka1272,24,0.559754,0.247194,0.561677
yaka1272,25,0.554522,0.242501,0.556531
yaka1272,26,0.559997,0.247212,0.56192
yaka1272,27,0.560123,0.247223,0.562046
yaka1272,28,0.560211,0.247187,0.562134
yaka1272,29,0.560342,0.247223,0.562265
yaka1272,30,0.56069,0.247447,0.562629
yaku1245,12,0.995415,0.320248,1.045543
yaku1245,13,0.998015,0.322583,1.054551
yaku1245,14,0.998046,0.322775,1.054843
yaku1245,15,1.143753,0.508409,1.203186
yaku1245,16,1.187668,0.515991,1.251943
yaku1245,17,1.151472,0.510137,1.219002
yaku1245,18,1.182193,0.516569,1.251787
yaku1245,19,1.188688,0.516937,1.262366
yaku1245,20,1.216332,0.561062,1.29162
yaku1245,21,1.262252,0.564418,1.335278
yaku1245,22,1.262421,0.564425,1.335633
yaku1245,23,1.33667,0.583732,1.425799
yaku1245,24,1.336085,0.58376,1.425431
yaku1245,25,1.349626,0.584531,1.444832
yaku1245,26,1.349098,0.584549,1.444455
yaku1245,27,1.405511,0.58731,1.515662
yaku1245,28,1.569622,0.642244,1.681006
yaku1245,29,1.578431,0.642288,1.693564
yaku1245,30,1.43452,0.599043,1.550909
yaoo1241,12,0.17817,0.034252,0.185587
yaoo1241,13,0.215216,0.043173,0.222699
yaoo1241,14,0.215644,0.043215,0.22322
yaoo1241,15,0.215705,0.043206,0.22328
yaoo1241,16,0.180289,0.03422,0.189188
yaoo1241,17,0.216323,0.043209,0.22411
yaoo1241,18,0.374305,0.087265,0.383561
yaoo1241,19,0.374473,0.087275,0.383729
yaoo1241,20,0.37463,0.087277,0.383851
yaoo1241,21,0.373812,0.08679,0.383408
yaoo1241,22,0.374228,0.086805,0.383897
yaoo1241,23,0.37492,0.086958,0.385046
yaoo1241,24,0.488817,0.116801,0.497341
yaoo1241,25,0.375289,0.086987,0.38545
yaoo1241,26,0.489132,0.116821,0.497705
yaoo1241,27,0.489204,0.116805,0.497776
yaoo1241,28,0.490137,0.117332,0.498543
yaoo1241,29,0.490543,0.117066,0.499162
yaoo1241,30,0.492666,0.118807,0.50097
yaqu1251,12,0.999527,0.299315,1.042937
yaqu1251,13,1.018369,0.298987,1.064429
yaqu1251,14,1.018588,0.299,1.064637
yaqu1251,15,1.018031,0.298716,1.06786
yaqu1251,16,1.185945,0.409341,1.238215
yaqu1251,17,1.208476,0.346574,1.263318
yaqu1251,18,1.191073,0.409261,1.247391
yaqu1251,19,1.211115,0.387546,1.274806
yaqu1251,20,1.210099,0.387612,1.276547
yaqu1251,21,1.249072,0.386868,1.314082
yaqu1251,22,1.249374,0.386887,1.314452
yaqu1251,23,1.259527,0.387067,1.329984
yaqu1251,24,1.263364,0.387097,1.334019
yaqu1251,25,1.568414,0.591944,1.641517
yaqu1251,26,1.568924,0.59187,1.642466
yaqu1251,27,1.572527,0.591951,1.652901
yaqu1251,28,1.315104,0.392277,1.394836
yaqu1251,29,1.595771,0.592043,1.677337
yaqu1251,30,1.587646,0.592138,1.674128
yuca1254,12,0.589098,0.148949,0.648091
yuca1254,13,0.602465,0.14885,0.662461
yuca1254,14,0.602703,0.148855,0.662779
yuca1254,15,0.604187,0.14863,0.667631
yuca1254,16,0.753132,0.204997,0.817317
yuca1254,17,0.963193,0.292483,1.032746
yuca1254,18,0.758706,0.205086,0.826334
yuca1254,19,0.899124,0.234759,0.971216
yuca1254,20,0.899806,0.234714,0.972305
yuca1254,21,0.912269,0.233841,0.986071
yuca1254,22,0.91248,0.233855,0.986696
yuca1254,23,0.921424,0.234098,1.000689
yuca1254,24,0.924264,0.234085,1.00692
yuca1254,25,1.268033,0.381914,1.351861
yuca1254,26,1.270465,0.381854,1.357385
yuca1254,27,1.273091,0.382052,1.361519
yuca1254,28,0.995141,0.24108,1.086206
yuca1254,29,1.282444,0.382057,1.376443
yuca1254,30,1.282685,0.382072,1.37942
