ind,population,glottocode,ent,nonmax,ent_K12,ent_K30
10,Abkhasian,abkh1244,1.017256,0.359653,1.123419,1.100246
11,Abkhasian,abkh1244,0.95591,0.355357,1.085052,0.929052
12,Abkhasian,abkh1244,0.968394,0.348473,1.133439,0.958801
13,Abkhasian,abkh1244,0.906289,0.32422,1.12375,0.874513
14,Abkhasian,abkh1244,0.91884,0.341238,1.100198,0.863282
15,Abkhasian,abkh1244,1.031603,0.384194,1.086612,1.070765
16,Abkhasian,abkh1244,0.865871,0.312645,1.064709,0.832665
17,Abkhasian,abkh1244,0.876961,0.325814,1.081423,0.867523
18,Abkhasian,abkh1244,0.818779,0.315128,1.04464,0.807516
52,Afar_WGA,afar1241,1.20765,0.491836,1.156814,0.972378
53,Afar_WGA,afar1241,1.201953,0.492681,1.110098,1.007003
54,Afar_WGA,afar1241,1.239532,0.513695,1.177696,0.994333
55,Afar_WGA,afar1241,1.158753,0.497761,1.133994,0.901299
56,Afar_WGA,afar1241,1.230003,0.500705,1.119846,1.004792
76,Aleut,aleu1260,1.688894,0.666696,1.330406,1.877394
77,Aleut,aleu1260,1.718337,0.674962,1.420675,1.903451
78,Aleut,aleu1260,1.059025,0.323184,0.856093,1.160937
79,Aleut,aleu1260,1.531653,0.578079,1.261853,1.653185
80,Aleut,aleu1260,1.344579,0.411151,1.09671,1.493438
81,Aleut,aleu1260,0.992981,0.266148,0.78544,1.144157
82,Aleut_Tlingit,aleu1260,1.62784,0.631881,1.314662,1.79854
83,Aleut_Tlingit,aleu1260,1.615205,0.624742,1.347913,1.772801
84,Aleut_Tlingit,aleu1260,1.591397,0.584014,1.284895,1.70685
85,Aleut_Tlingit,aleu1260,1.441501,0.4564,1.198006,1.618138
132,Ami,amis1246,0.41094,0.128271,0.129177,0.460653
133,Ami,amis1246,0.481882,0.147895,0.189338,0.58279
134,Ami,amis1246,0.490816,0.15459,0.215212,0.559619
135,Ami,amis1246,0.410941,0.133028,0.121687,0.417019
136,Ami,amis1246,0.468555,0.14872,0.206577,0.498441
137,Ami,amis1246,0.469794,0.1526,0.144129,0.522506
138,Ami,amis1246,0.4006,0.128527,0.080221,0.439477
139,Ami,amis1246,0.402122,0.127069,0.114308,0.419701
140,Ami,amis1246,0.391589,0.125396,0.066729,0.467598
141,Ami,amis1246,0.400099,0.127416,0.124742,0.388481
150,Armenian,nucl1235,1.056411,0.447786,1.013033,1.190087
151,Armenian,nucl1235,1.025738,0.438115,0.964651,1.187474
152,Armenian,nucl1235,1.127206,0.449624,1.02072,1.2632
153,Armenian,nucl1235,1.029234,0.422079,1.011314,1.147336
154,Armenian,nucl1235,1.001095,0.455212,0.935927,1.134475
155,Armenian,nucl1235,1.001025,0.438355,0.976967,1.142847
156,Armenian,nucl1235,1.045156,0.452946,0.990043,1.151322
157,Armenian,nucl1235,1.014636,0.423269,1.022789,1.091422
158,Armenian,nucl1235,0.995461,0.451989,0.961468,1.121043
159,Armenian,nucl1235,1.053027,0.430676,1.00298,1.131583
160,Armenian,nucl1235,0.978448,0.406106,1.001155,1.089684
169,Armenian_WGA,nucl1235,1.179346,0.477759,1.140894,1.371646
170,Armenian_WGA,nucl1235,1.140066,0.483417,1.109927,1.374551
171,Armenian_WGA,nucl1235,1.021773,0.459087,1.076232,1.195164
196,Atayal,atay1247,0.235796,0.07456,0.06216,0.187604
197,Atayal,atay1247,0.306308,0.092431,0.127123,0.29211
198,Atayal,atay1247,0.191943,0.063559,0.001388,0.118729
199,Atayal,atay1247,0.668585,0.260383,0.365978,0.715526
200,Atayal,atay1247,0.253042,0.077398,0.067716,0.197919
201,Atayal,atay1247,0.309908,0.094328,0.109942,0.278397
202,Atayal,atay1247,0.254388,0.077063,0.093181,0.206884
203,Atayal,atay1247,0.187238,0.061215,0.024549,0.115795
204,Atayal,atay1247,0.347158,0.108152,0.122521,0.284773
205,Atayal,atay1247,0.249849,0.07467,0.100705,0.197027
231,Aymara,sout2996,0.24036,0.04953,0.199098,0.273567
232,Aymara,sout2996,0.518115,0.123113,0.453143,0.590833
233,Aymara,sout2996,0.277218,0.059182,0.158299,0.387056
234,Aymara,sout2996,0.150239,0.033938,0.067108,0.276873
235,Aymara,sout2996,0.180742,0.041001,0.074645,0.281217
236,Azeri_Azerbajan,nort2697,1.341737,0.448253,1.239876,1.545077
237,Azeri_Azerbajan,nort2697,1.485545,0.525566,1.338166,1.693667
238,Azeri_Azerbajan,nort2697,1.318281,0.449055,1.269173,1.481423
239,Azeri_Azerbajan,nort2697,1.46621,0.495879,1.297376,1.698059
240,Azeri_Azerbajan,nort2697,1.383154,0.498332,1.215398,1.606253
241,Azeri_Azerbajan,nort2697,1.390242,0.483771,1.260305,1.560566
242,Azeri_Azerbajan,nort2697,1.334317,0.46709,1.228777,1.493195
243,Azeri_Azerbajan,nort2697,1.366109,0.485682,1.168818,1.588417
244,Azeri_Azerbajan,nort2697,1.458374,0.505956,1.265114,1.680832
245,Azeri_Dagestan,nort2697,1.299873,0.453017,1.190975,1.472959
246,Azeri_Dagestan,nort2697,1.319974,0.484892,1.218393,1.492379
247,Azeri_Dagestan,nort2697,1.401709,0.486474,1.2902,1.576991
248,Azeri_Dagestan,nort2697,1.335773,0.468385,1.190442,1.541892
249,Azeri_Dagestan,nort2697,1.34573,0.459406,1.229928,1.491099
250,Azeri_Dagestan,nort2697,1.339726,0.445656,1.258733,1.503708
251,Azeri_Dagestan,nort2697,1.381756,0.464091,1.25868,1.602214
252,Azeri_WGA,nort2697,1.262604,0.464618,1.215123,1.438375
253,Azeri_WGA,nort2697,1.249665,0.460131,1.21601,1.46984
321,BantuSA_Herero,here1253,0.446593,0.104026,0.271898,0.555133
322,BantuSA_Herero,here1253,0.508432,0.132129,0.295992,0.655544
325,BantuSA_S_Sotho,sout2807,0.708795,0.252035,0.534479,0.823777
326,BantuSA_Tswana,tswa1253,0.733964,0.337846,0.623237,0.779392
327,BantuSA_Tswana,tswa1253,0.637666,0.219317,0.504096,0.734635
338,Bashkir_Burzjan_Baimaksky,bash1264,1.722607,0.639152,1.357377,2.032058
339,Bashkir_Burzjan_Baimaksky,bash1264,1.788796,0.670431,1.465142,2.067193
340,Bashkir_Burzjan_Baimaksky,bash1264,1.736259,0.654334,1.418629,2.046422
341,Bashkir_Burzjan_Baimaksky,bash1264,1.735969,0.649768,1.42948,1.943926
342,Bashkir_Burzjan_Baimaksky,bash1264,1.748445,0.636843,1.419137,2.02515
343,Bashkir_Burzjan_Baimaksky,bash1264,1.789917,0.680916,1.471344,2.048779
344,Bashkir_Burzjan_Baimaksky,bash1264,1.782649,0.664167,1.456944,2.114966
345,Bashkir_Burzjan_Baimaksky,bash1264,1.729757,0.658442,1.455881,1.962297
346,Bashkir_IkskoBelsky_Kyrgyz,bash1264,1.529204,0.481534,1.261386,1.717168
347,Bashkir_IkskoBelsky_Kyrgyz,bash1264,1.466918,0.489524,1.205428,1.672083
348,Bashkir_IkskoBelsky_Kyrgyz,bash1264,1.63066,0.510987,1.334324,1.843875
349,Bashkir_IkskoBelsky_Kyrgyz,bash1264,1.542943,0.496446,1.297965,1.746769
350,Bashkir_IkskoBelsky_Kyrgyz,bash1264,1.427994,0.458431,1.158722,1.666778
351,Bashkir_IkskoBelsky_Kyrgyz,bash1264,1.446607,0.469472,1.15772,1.694874
352,Bashkir_IkskoBelsky_Uran,bash1264,1.488831,0.486387,1.200199,1.719678
353,Bashkir_IkskoBelsky_Uran,bash1264,1.513751,0.462949,1.196265,1.772599
354,Bashkir_IkskoBelsky_Uran,bash1264,1.500173,0.47481,1.205193,1.723682
355,Bashkir_IkskoBelsky_Uran,bash1264,1.484907,0.510743,1.203425,1.704466
356,Bashkir_IkskoBelsky_Uran,bash1264,1.354001,0.431267,1.082331,1.59814
357,Bashkir_IkskoBelsky_Uran,bash1264,1.397183,0.447474,1.082443,1.634807
358,Bashkir_IkskoBelsky_Uran,bash1264,1.576837,0.501856,1.255383,1.853142
359,Bashkir_IkskoBelsky_Uran,bash1264,1.538977,0.48585,1.250698,1.80671
360,Bashkir_Ming_Miyakinsky,bash1264,1.691692,0.620154,1.385918,1.990718
361,Bashkir_Ming_Miyakinsky,bash1264,1.525863,0.507084,1.20903,1.823854
362,Bashkir_Ming_Miyakinsky,bash1264,1.640285,0.568158,1.325498,1.941663
363,Bashkir_Ming_Miyakinsky,bash1264,1.455045,0.451428,1.168346,1.682278
364,Bashkir_Ming_Miyakinsky,bash1264,1.508771,0.503909,1.206281,1.784057
365,Bashkir_Ming_Miyakinsky,bash1264,1.66878,0.613794,1.408294,1.886174
366,Bashkir_Ming_Miyakinsky,bash1264,1.571268,0.526733,1.278667,1.849754
367,Bashkir_Ming_Miyakinsky,bash1264,1.608727,0.526757,1.286684,1.855263
368,Bashkir_Ming_Miyakinsky,bash1264,1.73772,0.567258,1.433401,2.050413
369,Bashkir_North_Tabyn_Balysky,bash1264,1.662332,0.584695,1.34901,1.865512
370,Bashkir_North_Tabyn_Balysky,bash1264,1.677394,0.601994,1.357047,1.96625
371,Bashkir_North_Tabyn_Balysky,bash1264,1.638854,0.533425,1.342415,1.898238
372,Bashkir_North_Tabyn_Balysky,bash1264,1.526452,0.517129,1.269365,1.656022
373,Bashkir_North_Tabyn_Balysky,bash1264,1.5774,0.534804,1.302891,1.766658
374,Bashkir_North_Tabyn_Balysky,bash1264,1.517179,0.475401,1.231397,1.74034
375,Bashkir_North_Tabyn_Balysky,bash1264,1.537212,0.497894,1.251608,1.804226
376,Bashkir_North_Unlar,bash1264,1.543827,0.494777,1.255692,1.806811
377,Bashkir_North_Unlar,bash1264,1.513069,0.508711,1.276114,1.682655
378,Bashkir_North_Unlar,bash1264,1.494298,0.503118,1.190071,1.631703
379,Bashkir_North_Unlar,bash1264,1.468678,0.507053,1.19885,1.746343
380,Bashkir_Tamyan_Kypcak,bash1264,1.72874,0.612662,1.448127,1.95718
381,Bashkir_Tamyan_Kypcak,bash1264,1.750691,0.665354,1.41922,2.046221
382,Bashkir_Tamyan_Kypcak,bash1264,1.763344,0.63283,1.426671,2.092715
383,Bashkir_Tamyan_Kypcak,bash1264,1.793345,0.690639,1.479352,2.10078
384,Bashkir_Tamyan_Kypcak,bash1264,1.652059,0.617574,1.37432,1.864615
385,Bashkir_Tamyan_Kypcak,bash1264,1.722083,0.649652,1.441875,1.95575
386,Bashkir_Tamyan_Kypcak,bash1264,1.703375,0.643357,1.394462,2.004829
387,Bashkir_Yurmaty,bash1264,1.723465,0.662109,1.462599,2.018964
388,Bashkir_Yurmaty,bash1264,1.839896,0.651515,1.513459,2.10168
389,Bashkir_Yurmaty,bash1264,1.618775,0.613192,1.32387,1.881702
390,Bashkir_Yurmaty,bash1264,1.584424,0.57134,1.281331,1.850092
391,Basque,basq1248,0.841277,0.388925,0.637331,1.001836
392,Basque,basq1248,0.641019,0.331499,0.588951,0.72105
393,Basque,basq1248,0.630914,0.329566,0.580186,0.693597
394,Basque,basq1248,0.670172,0.32812,0.626541,0.7537
395,Basque,basq1248,0.605475,0.312558,0.533177,0.719317
396,Basque,basq1248,0.612956,0.319859,0.555217,0.701609
397,Basque,basq1248,0.621287,0.328104,0.574236,0.690395
398,Basque,basq1248,0.752885,0.351926,0.601734,0.789339
399,Basque,basq1248,0.655308,0.33387,0.588635,0.752869
400,Basque,basq1248,0.635046,0.324921,0.56049,0.74669
401,Basque,basq1248,0.621593,0.319371,0.548299,0.70725
402,Basque,basq1248,0.662555,0.33472,0.584669,0.749605
403,Basque,basq1248,0.768993,0.346813,0.698492,0.855791
404,Basque,basq1248,0.638099,0.327587,0.590461,0.689695
405,Basque,basq1248,0.6675,0.322643,0.582543,0.81725
406,Basque,basq1248,0.689243,0.330993,0.621749,0.785429
407,Basque,basq1248,0.640093,0.32925,0.577625,0.705704
408,Basque,basq1248,0.646878,0.325639,0.586976,0.734438
409,Basque,basq1248,0.617994,0.324178,0.571633,0.660328
410,Basque,basq1248,0.61912,0.326141,0.573368,0.673883
411,Basque,basq1248,0.653352,0.318314,0.59567,0.755449
412,Basque,basq1248,0.618687,0.312733,0.582381,0.637618
413,BedouinA,east2690,1.426258,0.556251,1.138581,1.684054
414,BedouinA,east2690,1.416822,0.566957,1.139453,1.647445
415,BedouinA,east2690,1.386412,0.577079,1.119883,1.676282
416,BedouinA,east2690,1.326869,0.55296,1.069521,1.505229
417,BedouinA,east2690,1.298751,0.530598,1.047352,1.492672
418,BedouinA,east2690,1.293015,0.516595,1.042752,1.527435
419,BedouinA,east2690,1.346437,0.530257,1.069403,1.575778
420,BedouinA,east2690,1.364611,0.5484,1.096815,1.598424
421,BedouinA,east2690,1.390373,0.560003,1.156281,1.56199
422,BedouinA,east2690,1.411909,0.549072,1.140946,1.579122
423,BedouinA,east2690,1.382142,0.571535,1.151397,1.606613
424,BedouinA,east2690,1.400269,0.56714,1.132904,1.644339
425,BedouinA,east2690,1.39916,0.586847,1.162533,1.655999
426,BedouinA,east2690,1.370099,0.550772,1.113249,1.569195
427,BedouinA,east2690,1.387987,0.540292,1.110961,1.621998
428,BedouinA,east2690,1.217689,0.427178,0.966549,1.390076
429,BedouinA,east2690,1.454076,0.55908,1.180377,1.730583
430,BedouinA,east2690,1.190363,0.511445,0.964088,1.433946
431,BedouinA,east2690,1.352785,0.552143,1.081548,1.59324
432,BedouinA,east2690,1.373223,0.581433,1.122882,1.65982
433,BedouinA,east2690,1.372802,0.551499,1.110118,1.656322
434,BedouinA,east2690,1.327181,0.526123,1.057122,1.511583
435,BedouinA,east2690,1.38652,0.576169,1.132742,1.553197
436,BedouinB,east2690,0.720502,0.215859,0.652824,0.574769
437,BedouinB,east2690,0.909854,0.30226,0.719877,0.945663
438,BedouinB,east2690,0.535629,0.161875,0.543035,0.229387
439,BedouinB,east2690,0.420443,0.133056,0.451945,0.077919
440,BedouinB,east2690,0.534265,0.155413,0.543031,0.242931
441,BedouinB,east2690,0.501075,0.157141,0.491322,0.193014
442,BedouinB,east2690,0.644459,0.196585,0.558077,0.424498
443,BedouinB,east2690,0.77463,0.242536,0.610141,0.683302
444,BedouinB,east2690,0.897412,0.269421,0.793652,0.751984
445,BedouinB,east2690,0.504998,0.153124,0.530673,0.148612
446,BedouinB,east2690,0.456563,0.14726,0.468107,0.112311
447,BedouinB,east2690,0.771394,0.240728,0.633397,0.67683
448,BedouinB,east2690,0.764999,0.247784,0.678955,0.640312
449,BedouinB,east2690,0.573095,0.176866,0.532198,0.303925
450,BedouinB,east2690,0.697232,0.209175,0.669031,0.440684
451,BedouinB,east2690,0.520945,0.162623,0.528103,0.194041
452,BedouinB,east2690,0.740142,0.234044,0.673056,0.555347
453,BedouinB,east2690,0.838286,0.255328,0.676537,0.804783
454,BedouinB,east2690,0.628393,0.20205,0.571402,0.416577
455,BedouinB,east2690,0.558556,0.174423,0.539802,0.25744
456,Belarusian,bela1254,0.828943,0.231199,0.650877,0.991821
457,Belarusian,bela1254,0.532525,0.150184,0.390666,0.643103
458,Belarusian,bela1254,0.613737,0.184163,0.419144,0.735022
459,Belarusian,bela1254,0.574972,0.166216,0.424498,0.719693
460,Belarusian,bela1254,0.769686,0.220123,0.582112,0.931377
461,Belarusian,bela1254,0.654734,0.195239,0.469142,0.839073
462,Belarusian,bela1254,0.659575,0.186331,0.500334,0.766299
463,Belarusian,bela1254,0.694486,0.194211,0.541522,0.808263
464,Belarusian,bela1254,0.758561,0.226479,0.580537,0.904983
465,Belarusian,bela1254,0.691482,0.202662,0.502711,0.865868
479,BiakaPygmy,yaka1272,0.607965,0.2501,0.676431,0.555924
480,BiakaPygmy,yaka1272,0.563402,0.217436,0.703225,0.478735
481,BiakaPygmy,yaka1272,0.623275,0.260361,0.703543,0.567635
482,BiakaPygmy,yaka1272,0.606441,0.249234,0.691628,0.547738
483,BiakaPygmy,yaka1272,0.635799,0.270875,0.714158,0.581247
484,BiakaPygmy,yaka1272,0.637642,0.273855,0.716753,0.582721
485,BiakaPygmy,yaka1272,0.623999,0.26144,0.71123,0.565483
486,BiakaPygmy,yaka1272,0.650054,0.287801,0.696833,0.610243
487,BiakaPygmy,yaka1272,0.603852,0.247248,0.701566,0.538206
488,BiakaPygmy,yaka1272,0.611655,0.252111,0.693156,0.554509
489,BiakaPygmy,yaka1272,0.575362,0.224016,0.704957,0.496778
490,BiakaPygmy,yaka1272,0.594681,0.238885,0.68255,0.534527
491,BiakaPygmy,yaka1272,0.632673,0.269354,0.707352,0.579984
492,BiakaPygmy,yaka1272,0.618195,0.260402,0.674702,0.571323
493,BiakaPygmy,yaka1272,0.63953,0.278386,0.685768,0.600999
494,BiakaPygmy,yaka1272,0.630263,0.26816,0.701882,0.577956
495,BiakaPygmy,yaka1272,0.639597,0.279474,0.686515,0.59832
496,BiakaPygmy,yaka1272,0.598282,0.23939,0.709484,0.527444
497,BiakaPygmy,yaka1272,0.607441,0.246909,0.71693,0.539153
498,BiakaPygmy,yaka1272,0.631011,0.270484,0.678527,0.588411
499,BiakaPygmy,yaka1272,0.626437,0.263938,0.705343,0.57201
500,BiakaPygmy,yaka1272,0.617202,0.257173,0.699891,0.55984
501,BiakaPygmy,yaka1272,0.624766,0.26218,0.709993,0.56669
526,Brahui,brah1256,1.100361,0.418624,1.157353,1.334125
527,Brahui,brah1256,1.041977,0.388212,1.147333,1.199114
528,Brahui,brah1256,1.143469,0.425466,1.192174,1.409831
529,Brahui,brah1256,1.062757,0.412472,1.096098,1.32022
530,Brahui,brah1256,1.006275,0.385325,1.08857,1.23163
531,Brahui,brah1256,1.523746,0.597016,1.447167,1.743974
532,Brahui,brah1256,1.00153,0.394044,1.058664,1.220435
533,Brahui,brah1256,1.041524,0.388931,1.108852,1.264531
534,Brahui,brah1256,1.30703,0.44474,1.296578,1.523369
535,Brahui,brah1256,1.147195,0.420953,1.204433,1.356838
536,Brahui,brah1256,1.023442,0.385333,1.083531,1.250006
537,Brahui,brah1256,1.009616,0.405716,1.068137,1.231499
538,Brahui,brah1256,1.213998,0.449849,1.221532,1.413345
539,Brahui,brah1256,1.500312,0.531666,1.466121,1.70581
540,Brahui,brah1256,1.097738,0.434725,1.123406,1.316223
541,Brahui,brah1256,1.035888,0.399906,1.09578,1.259272
542,Brahui,brah1256,0.975837,0.406211,1.071869,1.124202
543,Brahui,brah1256,1.115892,0.434009,1.122583,1.369199
544,Brahui,brah1256,1.145528,0.46073,1.255242,1.310634
545,Brahui,brah1256,1.149417,0.41584,1.219629,1.350981
546,Brahui,brah1256,1.029005,0.391516,1.090088,1.242044
547,Brahui,brah1256,1.286707,0.468822,1.244182,1.517335
548,Brahui,brah1256,1.123902,0.420503,1.166472,1.331274
572,Burmese,nucl1310,1.391493,0.544617,1.080013,1.508587
573,Burmese,nucl1310,1.343709,0.548659,1.034009,1.440116
574,Burmese,nucl1310,1.364424,0.561031,1.111748,1.447478
575,Burmese,nucl1310,1.495765,0.63154,1.195268,1.577954
576,Burmese,nucl1310,1.400536,0.545227,1.104469,1.461335
577,Burmese,nucl1310,1.300066,0.523893,1.010209,1.423848
578,Burmese,nucl1310,1.258967,0.499638,0.954235,1.316581
579,Burmese,nucl1310,1.506695,0.592753,1.183433,1.610653
580,Burmese,nucl1310,1.447475,0.562532,1.129742,1.571305
581,Burmese,nucl1310,1.13132,0.462,0.886614,1.208402
582,Burusho,buru1296,1.510653,0.599165,1.431137,1.764334
583,Burusho,buru1296,1.478844,0.581372,1.421877,1.710372
584,Burusho,buru1296,1.53238,0.602735,1.47694,1.778569
585,Burusho,buru1296,1.41204,0.570998,1.367046,1.652316
586,Burusho,buru1296,1.43584,0.552755,1.346441,1.669339
587,Burusho,buru1296,1.428586,0.557594,1.361737,1.733828
588,Burusho,buru1296,1.377265,0.557057,1.387444,1.613213
589,Burusho,buru1296,1.475512,0.569692,1.434227,1.745605
590,Burusho,buru1296,1.446215,0.595681,1.413503,1.654222
591,Burusho,buru1296,1.387839,0.567273,1.348384,1.659287
592,Burusho,buru1296,1.398596,0.548685,1.376991,1.63138
593,Burusho,buru1296,1.477085,0.565026,1.408372,1.766061
594,Burusho,buru1296,1.340635,0.544375,1.335416,1.588795
595,Burusho,buru1296,1.433404,0.56766,1.374119,1.705766
596,Burusho,buru1296,1.525348,0.608828,1.42041,1.760209
597,Burusho,buru1296,1.482701,0.563516,1.442357,1.752781
598,Burusho,buru1296,1.420652,0.574025,1.366881,1.708014
599,Burusho,buru1296,1.468127,0.568268,1.410202,1.754712
600,Burusho,buru1296,1.47985,0.570856,1.431212,1.77549
601,Burusho,buru1296,1.472585,0.59213,1.373808,1.733924
602,Burusho,buru1296,1.374007,0.553865,1.323336,1.679514
603,Burusho,buru1296,1.448646,0.581371,1.363146,1.748777
604,Burusho,buru1296,1.399803,0.558634,1.356556,1.670039
605,Burusho,buru1296,1.431199,0.570342,1.401955,1.676466
606,Buryat_Buryatya_Horinsky_Selenginsky,russ1264,1.415515,0.498941,1.210309,1.597631
607,Buryat_Buryatya_Horinsky_Selenginsky,russ1264,1.364098,0.506681,1.171368,1.498843
608,Buryat_Buryatya_Horinsky_Selenginsky,russ1264,1.300182,0.473033,1.097408,1.428995
609,Buryat_Buryatya_Horinsky_Selenginsky,russ1264,1.386509,0.521369,1.137153,1.551922
610,Buryat_Buryatya_Horinsky_Selenginsky,russ1264,1.385168,0.51118,1.122284,1.594436
611,Buryat_Buryatya_Zakamensky,russ1264,1.342426,0.509168,1.107354,1.499866
612,Buryat_Buryatya_Zakamensky,russ1264,1.430494,0.528951,1.145803,1.641389
613,Buryat_Buryatya_Zakamensky,russ1264,1.377038,0.50246,1.161638,1.538864
614,Buryat_Buryatya_Zakamensky,russ1264,1.487443,0.551643,1.170424,1.651743
615,Buryat_Buryatya_Zakamensky,russ1264,1.298628,0.498229,1.117536,1.482922
616,Buryat_Buryatya_Zakamensky,russ1264,1.291198,0.49396,1.081031,1.450519
617,Buryat_Irkutskaya,russ1264,1.375059,0.49611,1.147278,1.545981
618,Buryat_Irkutskaya,russ1264,1.363914,0.489163,1.140611,1.524983
619,Buryat_Irkutskaya,russ1264,1.652355,0.63505,1.368596,1.879513
620,Buryat_Irkutskaya,russ1264,1.362537,0.510235,1.129717,1.534026
621,Buryat_Irkutskaya,russ1264,1.392464,0.501333,1.202721,1.551823
622,Buryat_Irkutskaya,russ1264,1.412399,0.497371,1.242267,1.530236
623,Buryat_Irkutskaya,russ1264,1.427512,0.519844,1.211146,1.570673
624,Buryat_Irkutskaya,russ1264,1.320494,0.474986,1.125703,1.473975
625,Buryat_Irkutskaya,russ1264,1.39905,0.501947,1.140215,1.594916
626,Buryat_Irkutskaya,russ1264,1.423765,0.514507,1.165242,1.56935
627,Buryat_Irkutskaya,russ1264,1.296006,0.483497,1.083184,1.460759
628,Buryat_Irkutskaya,russ1264,1.507484,0.544779,1.285572,1.709351
629,Buryat_Zabaikalsky_Aginsky,russ1264,1.355572,0.502003,1.078623,1.510502
630,Buryat_Zabaikalsky_Aginsky,russ1264,1.428741,0.528889,1.136191,1.598298
631,Buryat_Zabaikalsky_Aginsky,russ1264,1.333075,0.505239,1.097298,1.497835
632,Buryat_Zabaikalsky_Aginsky,russ1264,1.366252,0.524421,1.096652,1.532155
633,Buryat_Zabaikalsky_Aginsky,russ1264,1.483631,0.531503,1.210889,1.721164
634,Buryat_Zabaikalsky_Aginsky,russ1264,1.397733,0.515661,1.161138,1.586343
635,Buryat_Zabaikalsky_Aginsky,russ1264,1.286489,0.499756,1.052936,1.458167
636,Buryat_Zabaikalsky_Aginsky,russ1264,1.356349,0.514734,1.075205,1.568872
637,Buryat_Zabaikalsky_Aginsky,russ1264,1.335906,0.501864,1.085397,1.467623
638,Buryat_Zabaikalsky_Aginsky,russ1264,1.349604,0.502405,1.138749,1.515331
639,Buryat_Zabaikalsky_Aginsky,russ1264,1.367409,0.516175,1.131296,1.560149
640,Buryat_Zabaikalsky_Aginsky,russ1264,1.647598,0.680456,1.335691,1.837178
641,Buryat_Zabaikalsky_Duldurginsky,russ1264,1.26507,0.496609,1.011368,1.409206
642,Buryat_Zabaikalsky_Duldurginsky,russ1264,1.379627,0.509225,1.142338,1.546908
643,Buryat_Zabaikalsky_Duldurginsky,russ1264,1.355588,0.49052,1.080105,1.496914
644,Buryat_Zabaikalsky_Duldurginsky,russ1264,1.373001,0.500453,1.136997,1.54641
645,Cabecar,cabe1245,0.306046,0.091498,0.001422,0.702524
646,Cabecar,cabe1245,0.40559,0.119864,0.0567,0.76369
647,Cabecar,cabe1245,0.437505,0.128559,0.070297,0.78655
648,Cabecar,cabe1245,0.404674,0.120536,0.040126,0.79171
649,Cambodian,cent1989,1.168676,0.38798,0.860729,1.14772
650,Cambodian,cent1989,0.875976,0.39609,0.629844,0.924542
651,Cambodian,cent1989,1.159551,0.401101,0.789657,1.150044
652,Cambodian,cent1989,1.078623,0.399537,0.797417,1.114159
653,Cambodian,cent1989,1.217184,0.419345,0.856264,1.22976
654,Cambodian,cent1989,1.113058,0.429,0.788609,1.136021
655,Cambodian,cent1989,1.153027,0.397335,0.80005,1.14662
656,Cambodian,cent1989,1.091099,0.437427,0.77463,1.115736
657,Cambodian,cent1989,1.1171,0.409727,0.78806,1.138351
658,Cambodian,cent1989,1.142057,0.401768,0.765039,1.148324
659,Cameroon_Aghem,aghe1239,0.094179,0.020599,0.001376,0.129162
660,Cameroon_Aghem,aghe1239,0.129284,0.029281,0.001376,0.178533
661,Cameroon_Aghem,aghe1239,0.099635,0.022183,0.001376,0.137169
662,Cameroon_Aghem,aghe1239,0.112799,0.0243,0.001376,0.157916
663,Cameroon_Aghem,aghe1239,0.123982,0.027653,0.001376,0.170509
664,Cameroon_Aghem,aghe1239,0.13761,0.03151,0.010305,0.189484
665,Cameroon_Aghem,aghe1239,0.126119,0.026016,0.001376,0.169317
666,Cameroon_Aghem,aghe1239,0.120925,0.025163,0.001376,0.162977
667,Cameroon_Aghem,aghe1239,0.085797,0.018234,0.001376,0.11688
668,Cameroon_Aghem,aghe1239,0.087779,0.018787,0.001376,0.119886
669,Cameroon_Aghem,aghe1239,0.124741,0.029932,0.001376,0.17536
670,Cameroon_Aghem,aghe1239,0.095413,0.020954,0.001376,0.132108
671,Cameroon_Aghem,aghe1239,0.073317,0.01487,0.001376,0.100141
672,Cameroon_Aghem,aghe1239,0.133945,0.029473,0.003624,0.185245
673,Cameroon_Aghem,aghe1239,0.090528,0.019143,0.001376,0.126212
674,Cameroon_Aghem,aghe1239,0.107193,0.024438,0.001376,0.148599
675,Cameroon_Aghem,aghe1239,0.134099,0.033008,0.001376,0.189059
676,Cameroon_Aghem,aghe1239,0.113637,0.025933,0.001376,0.155572
677,Cameroon_Aghem,aghe1239,0.120531,0.026874,0.001376,0.165414
678,Cameroon_Aghem,aghe1239,0.12204,0.024264,0.016112,0.15869
679,Cameroon_Aghem,aghe1239,0.13886,0.029645,0.001376,0.224833
680,Cameroon_Aghem,aghe1239,0.105089,0.022676,0.001376,0.148252
681,Cameroon_Aghem,aghe1239,0.133531,0.031603,0.00854,0.181182
682,Cameroon_Aghem,aghe1239,0.148468,0.032126,0.017866,0.21078
683,Cameroon_Aghem,aghe1239,0.122548,0.028419,0.001376,0.166614
684,Cameroon_Aghem,aghe1239,0.088109,0.018883,0.001376,0.119325
685,Cameroon_Aghem,aghe1239,0.117211,0.026092,0.001376,0.161873
686,Cameroon_Aghem,aghe1239,0.170855,0.037235,0.026368,0.257148
687,Cameroon_Bafut,bafu1246,0.09913,0.022034,0.001376,0.138723
688,Cameroon_Bafut,bafu1246,0.171103,0.035786,0.05761,0.21315
689,Cameroon_Bafut,bafu1246,0.140164,0.032459,0.009386,0.195823
690,Cameroon_Bafut,bafu1246,0.147393,0.031833,0.028104,0.212369
691,Cameroon_Bafut,bafu1246,0.152512,0.037839,0.001376,0.208985
692,Cameroon_Bafut,bafu1246,0.153637,0.031379,0.021132,0.245887
693,Cameroon_Bafut,bafu1246,0.17336,0.037356,0.034335,0.251624
694,Cameroon_Bafut,bafu1246,0.206662,0.045952,0.058525,0.288366
695,Cameroon_Bafut,bafu1246,0.197756,0.044197,0.062162,0.273642
696,Cameroon_Bafut,bafu1246,0.128889,0.026785,0.010829,0.215336
697,Cameroon_Bafut,bafu1246,0.199122,0.046592,0.022178,0.336746
701,Cameroon_Mbo,mboc1235,0.152835,0.034409,0.036805,0.224534
702,Cameroon_Mbo,mboc1235,0.211203,0.050935,0.041334,0.343583
703,Cameroon_Mbo,mboc1235,0.148627,0.034498,0.029874,0.192003
704,Cameroon_Mbo,mboc1235,0.141313,0.033333,0.001376,0.193524
705,Cameroon_Mbo,mboc1235,0.128038,0.028623,0.001376,0.180018
706,Cameroon_Mbo,mboc1235,0.176479,0.035046,0.086518,0.226054
707,Cameroon_Mbo,mboc1235,0.190576,0.042859,0.053636,0.260403
708,Cameroon_Mbo,mboc1235,0.167488,0.038949,0.023458,0.223657
709,Cameroon_Mbo,mboc1235,0.132316,0.027754,0.014369,0.198085
710,Cameroon_Mbo,mboc1235,0.215542,0.046896,0.055981,0.311701
711,Cameroon_Mbo,mboc1235,0.191444,0.045149,0.065226,0.256007
712,Cameroon_Mbo,mboc1235,0.241608,0.052254,0.094428,0.363119
713,Cameroon_Mbo,mboc1235,0.131674,0.031047,0.001376,0.178025
714,Cameroon_Mbo,mboc1235,0.160035,0.03661,0.00734,0.267873
715,Cameroon_Mbo,mboc1235,0.194248,0.047218,0.044326,0.292878
716,Cameroon_Mbo,mboc1235,0.231047,0.054978,0.080618,0.327042
717,Cameroon_Mbo,mboc1235,0.173256,0.043702,0.028181,0.224506
718,Cameroon_Mbo,mboc1235,0.317861,0.063531,0.186351,0.403502
719,Cameroon_Mbo,mboc1235,0.252601,0.054925,0.124193,0.307007
720,Cameroon_Mbo,mboc1235,0.128986,0.030362,0.001376,0.175502
733,Chane,tere1279,0.424544,0.133002,0.050049,0.743401
734,Chechen,chec1245,1.29546,0.46664,1.219905,1.422078
735,Chechen,chec1245,1.261204,0.449026,1.198518,1.423482
736,Chechen,chec1245,1.194792,0.424269,1.204411,1.299955
737,Chechen,chec1245,1.129759,0.443096,1.128557,1.235601
738,Chechen,chec1245,1.148995,0.413481,1.194969,1.178972
739,Chechen,chec1245,1.131137,0.412906,1.176008,1.208901
740,Chechen,chec1245,1.122248,0.429854,1.148878,1.197424
741,Chechen,chec1245,1.187382,0.426599,1.173475,1.290491
742,Chechen,chec1245,1.099358,0.397727,1.150882,1.179522
747,Chipewyan,chip1261,0.41972,0.191991,1.067028,0.083938
748,Chipewyan,chip1261,0.319761,0.151503,0.860236,0.165669
749,Chipewyan,chip1261,0.658606,0.276538,1.155942,0.472743
750,Chipewyan,chip1261,0.724188,0.252143,1.063253,0.639349
751,Chipewyan,chip1261,0.756296,0.278048,1.114485,0.685563
752,Chipewyan,chip1261,0.272175,0.145373,1.01599,0.003629
753,Chipewyan,chip1261,0.625874,0.232137,1.054757,0.429419
754,Chipewyan,chip1261,1.415244,0.549846,1.26122,1.620819
755,Chipewyan,chip1261,0.603273,0.253113,1.143149,0.383458
756,Chipewyan,chip1261,0.500125,0.195844,0.836883,0.419985
757,Chipewyan,chip1261,0.320872,0.158326,1.022116,0.003629
758,Chipewyan,chip1261,0.486175,0.206777,1.14001,0.159973
759,Chipewyan,chip1261,0.796934,0.330042,1.247637,0.61164
760,Chipewyan,chip1261,0.350744,0.164414,0.707911,0.263301
761,Chipewyan,chip1261,0.543367,0.231439,1.100256,0.335242
762,Chipewyan,chip1261,0.653,0.279927,1.172439,0.445392
763,Chipewyan,chip1261,0.5058,0.213613,0.693857,0.473615
764,Chipewyan,chip1261,0.466529,0.195706,0.766126,0.451765
765,Chipewyan,chip1261,0.665528,0.27695,1.19253,0.454441
766,Chipewyan,chip1261,0.787173,0.271804,1.105362,0.706791
767,Chipewyan,chip1261,0.498396,0.216838,1.08239,0.247704
768,Chipewyan,chip1261,0.336231,0.164816,1.039985,0.003629
769,Chipewyan,chip1261,0.265727,0.144701,0.694293,0.142696
770,Chipewyan,chip1261,0.463178,0.206417,1.078625,0.168508
771,Chipewyan,chip1261,0.665091,0.289005,1.131653,0.489268
772,Chipewyan,chip1261,0.244875,0.138331,0.75602,0.085206
784,Chukchi,chuk1273,0.209806,0.045558,0.332514,0.164332
785,Chukchi,chuk1273,0.2952,0.069185,0.349601,0.279545
786,Chukchi,chuk1273,0.326368,0.097965,0.418793,0.296057
787,Chukchi,chuk1273,0.226151,0.049119,0.355595,0.18488
788,Chukchi,chuk1273,0.309654,0.07019,0.410521,0.300767
789,Chukchi,chuk1273,0.273932,0.075748,0.375958,0.233073
790,Chukchi,chuk1273,0.23124,0.048306,0.323789,0.218334
791,Chukchi,chuk1273,0.267577,0.059916,0.36481,0.252785
792,Chukchi,chuk1273,0.358993,0.085715,0.433073,0.349621
793,Chukchi,chuk1273,0.246026,0.056403,0.325921,0.231757
794,Chukchi,chuk1273,0.937347,0.315548,0.931124,0.952913
795,Chukchi,chuk1273,0.290433,0.072697,0.3648,0.240114
796,Chukchi,chuk1273,0.340727,0.076091,0.316725,0.348894
797,Chukchi,chuk1273,0.235166,0.052219,0.341547,0.226366
798,Chukchi,chuk1273,1.104664,0.524404,1.054998,1.162471
799,Chukchi_Ayon,chuk1273,1.091307,0.528378,1.004914,1.161308
800,Chukchi_Ayon,chuk1273,0.12258,0.030314,0.287243,0.093768
801,Chukchi_Ayon,chuk1273,0.222149,0.049165,0.350808,0.200153
802,Chukchi_Ayon,chuk1273,0.866428,0.255354,0.86863,0.881368
803,Chukchi_Ayon,chuk1273,0.348243,0.082353,0.260386,0.375545
804,Chukchi_Ayon,chuk1273,0.42648,0.108291,0.493651,0.408911
805,Chukchi_Ayon,chuk1273,0.167055,0.035845,0.287972,0.113914
806,Chukchi_Ayon,chuk1273,0.154359,0.031784,0.275908,0.111252
807,Chukchi_Ayon,chuk1273,0.227764,0.050814,0.33959,0.209837
808,Chukchi_Ayon,chuk1273,0.926863,0.316527,0.964021,0.94879
817,Chuvash,chuv1255,1.369952,0.450943,1.078061,1.567488
818,Chuvash,chuv1255,1.370204,0.430088,1.099411,1.565532
819,Chuvash,chuv1255,1.388511,0.456319,1.132283,1.566976
820,Chuvash,chuv1255,1.372024,0.420908,1.116228,1.56043
821,Chuvash,chuv1255,1.146989,0.353471,0.893076,1.299386
822,Chuvash,chuv1255,1.335173,0.426252,1.092085,1.478968
823,Chuvash,chuv1255,1.275871,0.409826,1.001319,1.471858
824,Chuvash,chuv1255,1.310334,0.41338,1.055536,1.442867
825,Chuvash,chuv1255,1.321139,0.419546,1.079308,1.519648
826,Chuvash,chuv1255,1.370807,0.432027,1.124102,1.521692
827,Chuvash_Tatarstan,chuv1255,1.220612,0.359148,0.966647,1.470679
828,Chuvash_Tatarstan,chuv1255,1.240924,0.383991,0.991225,1.435082
829,Chuvash_Tatarstan,chuv1255,1.224232,0.373605,0.993568,1.360687
830,Chuvash_Tatarstan,chuv1255,1.413502,0.426349,1.14876,1.606619
831,Chuvash_Tatarstan,chuv1255,1.283412,0.426561,1.031049,1.426462
832,Chuvash_Tatarstan,chuv1255,1.045191,0.304003,0.828419,1.183655
833,Circassian,kaba1278,1.383284,0.49997,1.308026,1.493108
834,Circassian,kaba1278,1.21942,0.411517,1.274242,1.247789
835,Circassian,kaba1278,1.340745,0.504365,1.256845,1.478972
836,Circassian,kaba1278,1.315876,0.466684,1.268307,1.41828
837,Circassian,kaba1278,1.284126,0.459453,1.311815,1.368936
838,Circassian,kaba1278,1.34843,0.491435,1.295012,1.45739
839,Circassian,kaba1278,1.263023,0.472681,1.254248,1.323366
840,Circassian,kaba1278,1.279643,0.45217,1.279059,1.394734
841,Circassian,kaba1278,1.322488,0.496906,1.307194,1.380432
842,Cocama,coca1259,0.408949,0.128206,0.079204,0.597564
843,Cocama,coca1259,0.346737,0.110693,0.001376,0.594521
844,Cocama,coca1259,0.506416,0.138756,0.212723,0.671807
845,Cocama,coca1259,1.204297,0.292425,0.890503,1.424237
846,Cocama,coca1259,0.372023,0.127866,0.001376,0.609029
847,Cocama,coca1259,0.351131,0.112091,0.01481,0.578965
848,Cocama,coca1259,0.556347,0.145389,0.240659,0.775253
849,Cofan,cofa1242,0.449143,0.103961,0.224543,0.525573
850,Cofan,cofa1242,0.364189,0.092483,0.131779,0.470492
851,Cofan,cofa1242,0.297848,0.079715,0.072759,0.399572
852,Cofan,cofa1242,1.269023,0.403718,0.987148,1.490655
865,Croatian,sout1528,0.989248,0.346923,0.728211,1.205365
866,Croatian,sout1528,0.956209,0.346397,0.680784,1.142935
867,Croatian,sout1528,0.875817,0.312198,0.655966,1.055432
868,Croatian,sout1528,0.954659,0.368506,0.726558,1.13695
869,Croatian,sout1528,0.94918,0.352115,0.707069,1.13242
870,Croatian,sout1528,1.114985,0.410805,0.851866,1.289113
871,Croatian,sout1528,0.943422,0.347746,0.682203,1.120717
872,Croatian,sout1528,0.970103,0.359779,0.708206,1.146269
873,Croatian,sout1528,0.966652,0.350331,0.706512,1.158417
874,Croatian,sout1528,0.969015,0.361769,0.713747,1.143653
875,Cusco,cusc1236,0.472116,0.103001,0.367418,0.57387
876,Cusco,cusc1236,0.395839,0.083244,0.350622,0.418803
877,Cusco,cusc1236,0.48105,0.108285,0.431855,0.579817
878,Cusco2,cusc1236,0.337792,0.078832,0.285447,0.41126
879,Cusco2,cusc1236,0.44679,0.093598,0.392114,0.49066
880,Cusco2,cusc1236,1.199608,0.420163,1.070484,1.287475
881,Cusco2,cusc1236,0.639179,0.151499,0.576484,0.731323
882,Cusco2,cusc1236,0.544893,0.127361,0.481652,0.640477
883,Cusco2,cusc1236,0.872248,0.247551,0.755413,0.976265
884,Cusco2,cusc1236,1.2961,0.468078,1.120204,1.468959
885,Cypriot,cypr1248,1.136749,0.566877,0.94135,1.224045
886,Cypriot,cypr1248,1.175584,0.556855,0.967053,1.282684
887,Cypriot,cypr1248,1.168572,0.568262,0.951025,1.284547
888,Cypriot,cypr1248,1.04766,0.532012,0.870055,1.179874
889,Cypriot,cypr1248,1.239183,0.617411,0.988469,1.391038
890,Cypriot,cypr1248,1.087845,0.541981,0.888017,1.184228
891,Cypriot,cypr1248,1.160192,0.566507,0.899606,1.281264
892,Cypriot,cypr1248,1.131549,0.567727,0.928411,1.240569
893,Czech,czec1258,0.733309,0.252837,0.527521,0.905793
894,Czech,czec1258,0.790549,0.259343,0.582928,0.996671
895,Czech,czec1258,0.835191,0.287688,0.614508,1.034517
896,Czech,czec1258,0.758168,0.258016,0.537782,0.940574
897,Czech,czec1258,0.805115,0.268822,0.575723,0.985009
898,Czech,czec1258,0.829997,0.286954,0.609559,0.999068
899,Czech,czec1258,0.86931,0.299308,0.636386,1.072093
900,Czech,czec1258,0.804359,0.257249,0.594153,0.979718
901,Czech,czec1258,0.752426,0.240951,0.552225,0.936447
902,Czech,czec1258,0.852335,0.264975,0.65315,1.048768
926,Darginian,darg1241,0.958769,0.374963,1.100343,1.001707
927,Darginian,darg1241,0.943125,0.373296,1.108926,0.951248
928,Darginian,darg1241,0.949914,0.383789,1.08977,0.971574
929,Darginian,darg1241,1.017772,0.390275,1.11457,1.051741
930,Darginian,darg1241,0.987023,0.386374,1.140061,1.003116
931,Darginian,darg1241,1.010575,0.382103,1.140372,1.031707
932,Darginian,darg1241,1.099614,0.413118,1.15826,1.192357
933,Darginian,darg1241,0.963053,0.379549,1.093921,0.928558
937,Daur,daur1238,1.022985,0.408273,0.763499,1.140892
938,Daur,daur1238,1.201244,0.44738,0.969078,1.322742
939,Daur,daur1238,1.213897,0.439202,0.961747,1.367967
940,Daur,daur1238,1.2419,0.455585,0.963147,1.37797
941,Daur,daur1238,1.147968,0.413417,0.927671,1.254982
942,Daur,daur1238,1.04638,0.400808,0.796328,1.170509
943,Daur,daur1238,1.110145,0.419991,0.860731,1.229512
944,Daur,daur1238,1.08315,0.399537,0.843264,1.205345
945,Daur,daur1238,1.067917,0.402776,0.83816,1.175861
960,Druze,nort3139,1.083662,0.524853,0.937402,1.176618
961,Druze,nort3139,1.014369,0.508181,0.895478,1.128462
962,Druze,nort3139,1.1668,0.530616,0.983307,1.262936
963,Druze,nort3139,1.083538,0.506274,0.928282,1.192407
964,Druze,nort3139,1.194512,0.544094,1.022279,1.344012
965,Druze,nort3139,1.109216,0.521908,0.948449,1.25096
966,Druze,nort3139,1.138158,0.530088,0.969655,1.258013
967,Druze,nort3139,1.042563,0.516541,0.921544,1.153021
968,Druze,nort3139,1.088436,0.525315,0.929731,1.201823
969,Druze,nort3139,1.179368,0.551163,0.982684,1.296179
970,Druze,nort3139,1.093284,0.52219,0.934136,1.234297
971,Druze,nort3139,1.058276,0.487029,0.958423,1.178717
972,Druze,nort3139,1.127167,0.526705,0.977218,1.221026
973,Druze,nort3139,1.125237,0.523696,0.970513,1.204321
974,Druze,nort3139,1.133946,0.516577,0.975213,1.262121
975,Druze,nort3139,1.18411,0.536406,1.000517,1.343241
976,Druze,nort3139,1.03111,0.505926,0.906807,1.142596
977,Druze,nort3139,1.092718,0.528077,0.935142,1.196311
978,Druze,nort3139,1.316035,0.573206,1.073692,1.484214
979,Druze,nort3139,1.192582,0.536047,1.01115,1.34361
980,Druze,nort3139,1.215006,0.560419,0.998651,1.323776
981,Druze,nort3139,1.082599,0.53687,0.913157,1.210862
982,Druze,nort3139,1.238779,0.554812,1.006884,1.405279
983,Druze,nort3139,1.199259,0.519303,1.04149,1.381669
984,Druze,nort3139,1.199867,0.552263,0.994473,1.340036
985,Druze,nort3139,1.05826,0.502709,0.926994,1.162728
986,Druze,nort3139,1.207393,0.541545,1.003342,1.395767
987,Druze,nort3139,1.189194,0.564388,0.951462,1.327168
988,Druze,nort3139,1.214337,0.551534,1.004168,1.347404
989,Druze,nort3139,1.134748,0.516951,0.977442,1.258458
990,Druze,nort3139,1.024111,0.510119,0.877618,1.175519
991,Druze,nort3139,1.172364,0.539284,0.98224,1.28581
992,Druze,nort3139,1.117951,0.552139,0.929086,1.208408
993,Druze,nort3139,1.148099,0.520265,0.974328,1.302376
994,Druze,nort3139,1.094901,0.531065,0.916408,1.204053
995,Druze,nort3139,1.135273,0.534648,0.963544,1.245874
996,Druze,nort3139,1.082416,0.506068,0.948492,1.155814
997,Druze,nort3139,1.217108,0.553708,1.0029,1.348487
998,Druze,nort3139,1.068017,0.507396,0.92713,1.19843
999,Druze,nort3139,1.171586,0.541085,0.991144,1.254985
1000,Druze,nort3139,1.0366,0.507796,0.899154,1.135733
1001,Druze,nort3139,1.210182,0.545622,1.038303,1.343913
1025,Egyptian,egyp1253,1.470965,0.577411,1.238427,1.564771
1026,Egyptian,egyp1253,1.579619,0.636583,1.2765,1.874991
1027,Egyptian,egyp1253,1.394549,0.542066,1.138635,1.640299
1028,Egyptian,egyp1253,1.335808,0.521838,1.076942,1.639217
1029,Egyptian1,egyp1253,1.367774,0.53038,1.103727,1.626539
1030,Egyptian1,egyp1253,1.33651,0.514867,1.082826,1.578455
1031,Egyptian1,egyp1253,1.358955,0.54884,1.117187,1.604615
1032,Egyptian1,egyp1253,1.377798,0.554782,1.10177,1.655566
1033,Egyptian1,egyp1253,1.333528,0.546875,1.086441,1.568035
1034,Egyptian1,egyp1253,1.389924,0.54689,1.125257,1.650432
1035,Egyptian1,egyp1253,1.411455,0.568424,1.136189,1.669322
1036,Egyptian1,egyp1253,1.387576,0.53931,1.118263,1.664628
1037,Egyptian1,egyp1253,1.37877,0.521634,1.116624,1.628715
1038,Egyptian1,egyp1253,1.46042,0.56135,1.182692,1.70983
1039,Egyptian1,egyp1253,1.454872,0.567266,1.182399,1.69936
1040,Egyptian2,egyp1253,1.381565,0.549781,1.125343,1.640007
1041,Egyptian2,egyp1253,1.462112,0.602432,1.196794,1.700978
1042,Egyptian2,egyp1253,1.261833,0.425869,0.994045,1.46298
1043,Egyptian2,egyp1253,1.325376,0.543521,1.081366,1.565371
1044,Egyptian2,egyp1253,1.357988,0.557599,1.088141,1.641208
1045,Egyptian2,egyp1253,1.498435,0.573237,1.227657,1.780542
1046,Egyptian2,egyp1253,1.410527,0.547821,1.143165,1.6421
1050,English_Cornwall,stan1293,0.730341,0.263577,0.493107,0.905784
1051,English_Cornwall,stan1293,0.880298,0.318455,0.639884,1.091468
1052,English_Cornwall,stan1293,0.789919,0.298065,0.545646,0.982062
1053,English_Cornwall,stan1293,0.781256,0.296194,0.549058,0.973333
1054,English_Cornwall,stan1293,0.773536,0.283825,0.563468,0.947447
1055,English_Kent,stan1293,0.741454,0.270399,0.53707,0.915581
1056,English_Kent,stan1293,0.759705,0.287148,0.509788,0.972906
1057,English_Kent,stan1293,0.732763,0.268331,0.51943,0.894402
1058,English_Kent,stan1293,0.825567,0.316198,0.596478,1.01928
1059,English_Kent,stan1293,0.833989,0.300718,0.611941,1.02789
1091,Estonian,esto1258,0.448281,0.13066,0.308811,0.578096
1092,Estonian,esto1258,0.454993,0.126003,0.29435,0.550186
1093,Estonian,esto1258,0.421319,0.124407,0.262977,0.534313
1094,Estonian,esto1258,0.371225,0.106462,0.27257,0.455194
1095,Estonian,esto1258,0.466502,0.13834,0.258535,0.60442
1096,Estonian,esto1258,0.418826,0.122629,0.280605,0.55931
1097,Estonian,esto1258,0.513736,0.143457,0.360273,0.696254
1098,Estonian,esto1258,0.531292,0.143553,0.418375,0.632302
1099,Estonian,esto1258,0.567727,0.158828,0.41909,0.708122
1100,Estonian,esto1258,0.606654,0.167892,0.464431,0.722379
1106,Even,even1260,1.291921,0.488485,1.051171,1.433097
1107,Even,even1260,0.859136,0.354644,0.670641,0.889105
1108,Even,even1260,1.477345,0.601547,1.221143,1.608854
1109,Even,even1260,1.229713,0.453956,1.013599,1.304503
1110,Even,even1260,1.570811,0.655671,1.320876,1.693426
1111,Even,even1260,1.412826,0.59591,1.196101,1.561454
1112,Even,even1260,1.391985,0.61949,1.167567,1.536276
1113,Even,even1260,1.008984,0.403224,0.7533,1.153542
1114,Even,even1260,1.292869,0.433009,1.115553,1.427285
1115,Evenk_FarEast,even1259,1.403423,0.560264,1.147002,1.558752
1116,Evenk_FarEast,even1259,1.474346,0.501254,1.376371,1.545391
1117,Evenk_FarEast,even1259,1.030602,0.452624,0.843921,1.072226
1118,Evenk_FarEast,even1259,1.553538,0.615963,1.416036,1.650735
1119,Evenk_FarEast,even1259,0.972149,0.454846,0.746624,1.031194
1120,Evenk_Transbaikal,even1259,0.673617,0.281753,0.429938,0.743746
1121,Evenk_Transbaikal,even1259,1.519729,0.568063,1.221749,1.658832
1122,Evenk_Transbaikal,even1259,1.059519,0.334924,0.849297,1.137403
1123,Evenk_Transbaikal,even1259,0.653151,0.242396,0.386404,0.714249
1124,Evenk_Transbaikal,even1259,1.39395,0.608454,1.184103,1.436373
1125,Evenk_Transbaikal,even1259,0.991226,0.350285,0.733304,1.114324
1126,Evenk_Transbaikal,even1259,0.859357,0.304843,0.642695,0.927196
1127,Evenk_Transbaikal,even1259,1.220995,0.44288,1.017531,1.265319
1128,Evenk_Transbaikal,even1259,0.760412,0.298907,0.526155,0.842751
1129,Evenk_Transbaikal,even1259,0.782012,0.318042,0.563132,0.87958
1130,Evenk_Transbaikal,even1259,0.992473,0.366747,0.750858,1.092358
1138,Finnish,finn1318,0.491398,0.162372,0.368344,0.567885
1139,Finnish,finn1318,0.564122,0.161441,0.374323,0.680468
1140,Finnish,finn1318,0.705208,0.193269,0.548618,0.848893
1141,Finnish,finn1318,1.017262,0.300131,0.815729,1.169254
1142,Finnish,finn1318,0.614046,0.177506,0.459802,0.692089
1143,Finnish,finn1318,0.759915,0.209709,0.608147,0.88423
1144,Finnish,finn1318,0.702516,0.194683,0.564239,0.869037
1145,Finnish,finn1318,0.646628,0.181589,0.504849,0.769859
1146,French_Central,stan1290,0.836698,0.333153,0.599912,1.054572
1147,French_Central,stan1290,0.957315,0.395714,0.715509,1.187677
1148,French_Central,stan1290,0.95052,0.374161,0.717829,1.159053
1149,French_Central,stan1290,0.931212,0.349993,0.693272,1.134502
1150,French_Central,stan1290,0.834506,0.326104,0.614258,1.034572
1151,French_Central,stan1290,0.968316,0.40809,0.738977,1.115012
1152,French_Central,stan1290,0.907788,0.357761,0.667932,1.134819
1153,French_Central,stan1290,0.864535,0.348187,0.625712,1.047962
1154,French_Central,stan1290,0.840207,0.308152,0.600542,1.046995
1155,French_Central,stan1290,1.110143,0.464049,0.818937,1.35211
1156,French_Central,stan1290,0.858499,0.362746,0.586773,0.9982
1157,French_Central,stan1290,0.821873,0.313533,0.597761,0.999779
1158,French_Central,stan1290,0.866004,0.377374,0.628898,1.016701
1159,French_Central,stan1290,0.957821,0.37295,0.703886,1.206462
1160,French_Central,stan1290,0.873893,0.342308,0.606246,1.090651
1161,French_Central,stan1290,0.894775,0.339318,0.656238,1.099364
1162,French_Central,stan1290,0.90523,0.337848,0.679365,1.078371
1163,French_Central,stan1290,0.940646,0.365094,0.668204,1.129933
1164,French_Central,stan1290,0.738934,0.345402,0.603965,0.868656
1165,French_Central,stan1290,0.844936,0.306854,0.594353,1.065243
1166,French_Central,stan1290,0.904608,0.322572,0.669788,1.10504
1167,French_Central,stan1290,0.818507,0.30739,0.57337,1.030944
1168,French_Central,stan1290,1.033885,0.410393,0.757025,1.256719
1169,French_Central,stan1290,0.898881,0.37701,0.680213,1.088834
1170,French_Central,stan1290,0.910134,0.366103,0.647049,1.143086
1171,French_Central,stan1290,0.93952,0.384391,0.668851,1.144961
1172,French_East,stan1290,0.97293,0.373653,0.721097,1.166995
1173,French_East,stan1290,0.862684,0.353228,0.629721,1.043569
1174,French_East,stan1290,0.930865,0.364759,0.701639,1.142527
1175,French_East,stan1290,0.718423,0.277454,0.488755,0.905116
1176,French_East,stan1290,0.948885,0.374327,0.691942,1.16597
1177,French_East,stan1290,0.879333,0.366475,0.60211,1.100984
1178,French_East,stan1290,0.973199,0.343205,0.741345,1.164153
1179,French_East,stan1290,0.952832,0.327427,0.709459,1.183238
1180,French_East,stan1290,0.870187,0.32119,0.629563,1.102648
1181,French_East,stan1290,0.999578,0.366605,0.751307,1.208855
1182,French_Northwest,stan1290,0.837289,0.326544,0.596338,1.048397
1183,French_Northwest,stan1290,1.189814,0.467154,0.91497,1.392428
1184,French_Northwest,stan1290,0.846062,0.300146,0.623273,1.033413
1185,French_Northwest,stan1290,0.902359,0.333927,0.663636,1.09883
1186,French_Northwest,stan1290,1.104753,0.367776,0.867846,1.321088
1187,French_Northwest,stan1290,1.079161,0.356605,0.827534,1.292359
1188,French_Northwest,stan1290,0.849111,0.331947,0.617657,1.044953
1189,French_Northwest,stan1290,0.870131,0.34196,0.640283,1.045857
1190,French_Northwest,stan1290,1.014676,0.352146,0.774755,1.204866
1191,French_Northwest,stan1290,0.88409,0.335119,0.638923,1.067758
1192,French_South,stan1290,0.750617,0.357033,0.611069,0.848529
1193,French_South,stan1290,0.709395,0.338486,0.58979,0.805293
1194,French_South,stan1290,0.678527,0.342112,0.62047,0.791784
1195,French_South,stan1290,0.712022,0.338588,0.613601,0.82018
1196,French_South,stan1290,0.76755,0.356685,0.624508,0.878394
1197,French_South,stan1290,0.700165,0.346759,0.640803,0.744818
1198,French_South,stan1290,0.732733,0.342361,0.622327,0.791946
1199,French_West,stan1290,0.749045,0.263287,0.539683,0.922506
1200,French_West,stan1290,0.817737,0.310792,0.593676,1.026096
1201,French_West,stan1290,0.758062,0.272853,0.507992,0.957988
1202,French_West,stan1290,0.769081,0.253089,0.585658,0.945892
1203,French_West,stan1290,0.793022,0.311587,0.565905,0.974162
1204,French_West,stan1290,0.768295,0.277098,0.535875,0.979933
1205,French_West,stan1290,0.768676,0.272184,0.588511,0.944586
1206,French_West,stan1290,0.755007,0.259975,0.541802,0.92683
1207,French_West,stan1290,0.748087,0.267303,0.539385,0.922084
1208,French_West,stan1290,0.635487,0.239597,0.439977,0.803154
1209,Gagauz,gaga1249,1.136767,0.482907,0.889674,1.359764
1210,Gagauz,gaga1249,1.215148,0.509996,0.921562,1.403791
1211,Gagauz,gaga1249,1.163383,0.498946,0.885224,1.364672
1212,Gagauz,gaga1249,1.26592,0.511044,0.970379,1.479294
1213,Gagauz,gaga1249,1.21517,0.516757,0.970558,1.376794
1214,Gagauz,gaga1249,1.278333,0.508034,0.991408,1.504661
1215,Gagauz,gaga1249,1.320994,0.550362,1.031065,1.555814
1216,Gagauz,gaga1249,1.250793,0.525521,0.975136,1.463381
1217,Gagauz,gaga1249,1.288554,0.5437,0.990333,1.510668
1218,Gambian,mand1436,0.219006,0.04758,0.107715,0.326069
1219,Gambian,mand1436,0.193378,0.040843,0.105715,0.28991
1220,Gambian,mand1436,0.227987,0.047477,0.110547,0.343388
1221,Gambian,mand1436,0.220936,0.04679,0.129655,0.319985
1222,Gambian,mand1436,0.313407,0.066839,0.195835,0.431729
1223,Gambian,mand1436,0.354035,0.085128,0.256679,0.517683
1232,Georgian,nucl1302,1.001223,0.400032,1.155183,0.975647
1233,Georgian,nucl1302,1.096519,0.403345,1.216217,1.034251
1234,Georgian,nucl1302,0.880052,0.345056,1.044434,0.905626
1235,Georgian,nucl1302,0.908139,0.351317,1.036125,0.942278
1236,Georgian,nucl1302,0.823888,0.322748,1.04031,0.746282
1237,Georgian,nucl1302,0.900784,0.369058,1.045764,0.947258
1238,Georgian,nucl1302,0.838138,0.334598,1.049248,0.770715
1239,Georgian,nucl1302,0.84414,0.318422,1.046452,0.870224
1240,Georgian,nucl1302,0.879787,0.337862,1.057756,0.829744
1241,Georgian,nucl1302,0.804152,0.333741,1.041153,0.734398
1242,Georgian,nucl1302,0.810852,0.32473,1.034238,0.807085
1243,Georgian,nucl1302,0.738624,0.308002,1.036324,0.667631
1244,Georgian_Imeretins,nucl1302,1.02611,0.39341,1.038178,1.094469
1245,Georgian_Imeretins,nucl1302,0.829216,0.371602,0.995274,0.802483
1246,Georgian_Imeretins,nucl1302,0.913421,0.358153,1.057667,0.90619
1247,Georgian_Imeretins,nucl1302,0.908881,0.371826,1.023118,0.923063
1248,Georgian_Imeretins,nucl1302,0.857736,0.368869,1.016104,0.855269
1249,Georgian_Imeretins,nucl1302,0.79302,0.316205,1.049699,0.722868
1250,Georgian_Laz,lazz1240,1.278932,0.486589,1.210198,1.376017
1251,Georgian_Laz,lazz1240,0.919599,0.392284,1.006958,0.990047
1252,Georgian_Laz,lazz1240,0.747721,0.319391,1.041435,0.681821
1253,Georgian_Laz,lazz1240,0.836299,0.324474,1.044191,0.848526
1254,Georgian_Laz,lazz1240,0.801508,0.311694,1.044482,0.780131
1255,Georgian_Laz,lazz1240,0.889453,0.362953,1.019893,0.89434
1315,Guarani,mbya1239,0.490487,0.156144,0.072115,0.835532
1316,Guarani,mbya1239,0.560378,0.168776,0.138747,0.915954
1317,Guarani,mbya1239,0.437317,0.13688,0.033811,0.75107
1318,Guarani,mbya1239,0.403308,0.130629,0.001399,0.754427
1319,Guarani,mbya1239,0.538538,0.169193,0.090334,0.887268
1320,Guarani_GN,mbya1239,1.132659,0.359279,0.662401,1.492962
1321,Guarani_GN,mbya1239,0.861439,0.267202,0.418459,1.150123
1322,Guarani_GN,mbya1239,0.474374,0.193876,0.015161,0.777634
1323,Guarani_GN,mbya1239,0.964941,0.30424,0.545181,1.279749
1324,Guarani_GN,mbya1239,0.546428,0.200362,0.068988,0.866302
1325,Guarani_GN,mbya1239,0.49927,0.190093,0.004584,0.854673
1326,Guarani_GN,mbya1239,0.456457,0.177237,0.001376,0.780043
1327,Guarani_KW,mbya1239,0.497478,0.198956,0.001376,0.878164
1328,Guarani_KW,mbya1239,0.482552,0.207515,0.00149,0.805716
1329,Guarani_KW,mbya1239,0.492948,0.215002,0.001376,0.827489
1330,Guarani_KW,mbya1239,0.496245,0.218071,0.001376,0.835708
1331,Guarani_KW,mbya1239,0.47408,0.19835,0.001376,0.791353
1332,Guarani_KW,mbya1239,0.866173,0.276448,0.39264,1.183597
1333,Guarani_KW,mbya1239,0.494179,0.218355,0.001376,0.825632
1334,Guarani_KW,mbya1239,0.471575,0.198152,0.001376,0.784057
1335,Guarani_KW,mbya1239,0.49108,0.21483,0.001376,0.820246
1366,Hadza,hadz1240,0.361564,0.103262,0.353686,0.483981
1367,Hadza,hadz1240,0.70808,0.326381,0.64575,0.834331
1368,Hadza,hadz1240,0.429968,0.137249,0.422662,0.531616
1369,Hadza,hadz1240,0.241613,0.059528,0.277512,0.351714
1370,Hadza,hadz1240,0.002523,0.000202,0.001376,0.003696
1371,Hadza,hadz1240,0.791908,0.368292,0.729973,0.939301
1372,Hadza,hadz1240,0.575208,0.19052,0.489246,0.730235
1373,Hadza,hadz1240,0.584282,0.249727,0.575973,0.655247
1374,Hadza,hadz1240,0.970768,0.460436,0.801506,1.179392
1375,Hadza,hadz1240,0.684297,0.266992,0.62499,0.827053
1376,Hadza,hadz1240,0.748693,0.279484,0.629905,0.907348
1377,Hadza,hadz1240,0.613191,0.209154,0.537159,0.751412
1378,Hadza,hadz1240,0.774378,0.290061,0.678839,0.9308
1379,Hadza,hadz1240,0.697295,0.185598,0.480704,0.899345
1380,Hadza,hadz1240,0.993095,0.301381,0.772707,1.211766
1381,Hadza,hadz1240,0.002555,0.000205,0.001433,0.003788
1382,Hadza,hadz1240,0.427476,0.133079,0.387751,0.521947
1383,Hadza,hadz1240,0.243335,0.065658,0.304914,0.256286
1384,Hadza,hadz1240,0.002512,0.000201,0.001411,0.003629
1385,Hadza,hadz1240,0.002533,0.000203,0.001376,0.003857
1386,Hadza1,hadz1240,0.172987,0.043777,0.221622,0.286166
1387,Hadza1,hadz1240,0.002503,0.0002,0.001376,0.003629
1388,Hadza1,hadz1240,0.960423,0.388454,0.903959,0.986317
1389,Hadza1,hadz1240,0.002516,0.000201,0.001376,0.003652
1390,Hadza1,hadz1240,0.00254,0.000203,0.001411,0.003629
1400,Hakka_Taiwan,hakk1236,0.720932,0.383453,0.507238,0.759028
1401,Hakka_Taiwan,hakk1236,0.712292,0.394354,0.511311,0.754826
1402,Hakka_Taiwan,hakk1236,0.730385,0.385608,0.495403,0.817424
1403,Hakka_Taiwan,hakk1236,0.658935,0.36663,0.454894,0.69108
1404,Hakka_Taiwan,hakk1236,0.73188,0.384619,0.52695,0.767947
1405,Hakka_Taiwan,hakk1236,0.693545,0.38924,0.501353,0.755785
1406,Hakka_Taiwan,hakk1236,0.733511,0.389461,0.537481,0.76222
1407,Hakka_Taiwan,hakk1236,0.670482,0.37192,0.486122,0.723978
1408,Han-NChina,mand1415,0.838625,0.349832,0.729898,0.884891
1409,Han-NChina,mand1415,0.91687,0.384733,0.731472,0.996655
1410,Han-NChina,mand1415,0.8348,0.340541,0.735957,0.879945
1411,Han-NChina,mand1415,0.912808,0.356328,0.780262,0.980534
1412,Han-NChina,mand1415,0.787478,0.346784,0.687845,0.836752
1413,Han-NChina,mand1415,0.835789,0.355258,0.677794,0.912414
1414,Han-NChina,mand1415,0.861668,0.363916,0.713003,0.920499
1415,Han-NChina,mand1415,0.801709,0.371909,0.675824,0.83539
1416,Han-NChina,mand1415,0.9006,0.360066,0.748513,1.007447
1417,Han-NChina,mand1415,0.924712,0.35655,0.81591,0.993359
1418,Han_HGDP,mand1415,0.688351,0.374279,0.479399,0.711384
1419,Han_HGDP,mand1415,0.652841,0.359717,0.553749,0.693721
1420,Han_HGDP,mand1415,0.676696,0.364155,0.433062,0.704695
1421,Han_HGDP,mand1415,0.841517,0.365884,0.697766,0.899363
1422,Han_HGDP,mand1415,0.689657,0.368512,0.571915,0.724563
1423,Han_HGDP,mand1415,0.763525,0.391477,0.539561,0.807127
1424,Han_HGDP,mand1415,0.68387,0.358774,0.450328,0.717372
1425,Han_HGDP,mand1415,0.731705,0.376868,0.590164,0.796421
1426,Han_HGDP,mand1415,0.780247,0.357462,0.645976,0.839827
1427,Han_HGDP,mand1415,0.759011,0.39171,0.56179,0.789333
1428,Han_HGDP,mand1415,0.677459,0.366777,0.447493,0.717815
1429,Han_HGDP,mand1415,0.697155,0.388685,0.514621,0.740478
1430,Han_HGDP,mand1415,0.661244,0.383656,0.492524,0.692477
1431,Han_HGDP,mand1415,0.747052,0.369551,0.47403,0.79441
1432,Han_HGDP,mand1415,0.65323,0.373338,0.482252,0.704042
1433,Han_HGDP,mand1415,0.735187,0.356661,0.622201,0.760626
1434,Han_HGDP,mand1415,0.654689,0.355113,0.558185,0.69522
1435,Han_HGDP,mand1415,0.685314,0.366146,0.448817,0.719489
1436,Han_HGDP,mand1415,0.705766,0.392192,0.523784,0.734329
1437,Han_HGDP,mand1415,0.646081,0.356611,0.431136,0.673926
1438,Han_HGDP,mand1415,0.692189,0.373403,0.455693,0.721396
1439,Han_HGDP,mand1415,0.675172,0.364274,0.422734,0.705388
1440,Han_HGDP,mand1415,0.659686,0.387563,0.524093,0.696106
1441,Han_HGDP,mand1415,0.712207,0.34743,0.607086,0.756732
1442,Han_HGDP,mand1415,0.695811,0.389801,0.504994,0.737491
1443,Han_HGDP,mand1415,0.667334,0.38918,0.532758,0.703734
1444,Han_HGDP,mand1415,0.675597,0.369276,0.453641,0.6915
1445,Han_HGDP,mand1415,0.659815,0.357948,0.44233,0.69341
1446,Han_HGDP,mand1415,0.686517,0.364639,0.580436,0.72462
1447,Han_HGDP,mand1415,0.670621,0.38517,0.506042,0.714962
1448,Han_HGDP,mand1415,0.65158,0.378222,0.478158,0.691738
1449,Han_HGDP,mand1415,0.736732,0.34625,0.615491,0.780765
1450,Han_HGDP,mand1415,0.704952,0.362152,0.572895,0.744601
1473,Hezhen,nana1257,1.075195,0.423691,0.812447,1.162388
1474,Hezhen,nana1257,1.087282,0.408287,0.823416,1.196047
1475,Hezhen,nana1257,0.967151,0.3788,0.726374,1.032486
1476,Hezhen,nana1257,1.019827,0.404489,0.800271,1.08659
1477,Hezhen,nana1257,1.157649,0.425887,0.88893,1.288349
1478,Hezhen,nana1257,1.159551,0.422179,0.92964,1.221213
1479,Hezhen,nana1257,0.985927,0.3814,0.832109,1.059694
1480,Hezhen,nana1257,1.073371,0.398006,0.862789,1.137652
1481,Hezhen,nana1257,1.092664,0.436653,0.838921,1.156929
1482,Himba,here1253,0.382794,0.090632,0.205657,0.490642
1483,Himba,here1253,0.429554,0.102509,0.247037,0.546897
1484,Himba,here1253,0.468451,0.120793,0.275555,0.59331
1485,Himba,here1253,0.352527,0.08395,0.195341,0.445423
1486,Himba,here1253,0.414202,0.104607,0.207026,0.550739
1487,Hoan,hoaa1235,0.499765,0.161915,0.475131,0.527276
1488,Hoan,hoaa1235,0.279115,0.077047,0.270258,0.298071
1489,Hoan,hoaa1235,0.589617,0.274299,0.589485,0.59126
1490,Hoan,hoaa1235,0.488982,0.160142,0.470312,0.494492
1491,Hoan,hoaa1235,0.387683,0.128801,0.384424,0.389406
1492,Hoan,hoaa1235,0.640346,0.327591,0.634279,0.649435
1498,Hungarian1,hung1274,0.866583,0.316633,0.628691,1.036363
1499,Hungarian1,hung1274,0.882088,0.283173,0.651743,1.050625
1500,Hungarian1,hung1274,0.923455,0.328964,0.692224,1.144733
1501,Hungarian1,hung1274,0.832327,0.279471,0.621468,1.013257
1502,Hungarian1,hung1274,0.866191,0.296359,0.658638,1.040305
1503,Hungarian1,hung1274,0.992248,0.344323,0.746246,1.177258
1504,Hungarian1,hung1274,0.88282,0.293481,0.631277,1.071557
1505,Hungarian1,hung1274,0.912515,0.33953,0.68039,1.115512
1506,Hungarian1,hung1274,1.025943,0.349329,0.771714,1.261791
1507,Hungarian1,hung1274,0.844005,0.296578,0.59603,1.036969
1508,Hungarian2,hung1274,0.932565,0.300077,0.712007,1.127617
1509,Hungarian2,hung1274,1.06626,0.399775,0.789997,1.243776
1510,Hungarian2,hung1274,0.938468,0.326545,0.723212,1.090856
1511,Hungarian2,hung1274,0.835054,0.288251,0.622728,1.027367
1512,Hungarian2,hung1274,0.961444,0.331171,0.737473,1.150567
1513,Hungarian2,hung1274,0.988612,0.356,0.733104,1.174225
1514,Hungarian2,hung1274,0.9597,0.345918,0.707609,1.15506
1515,Hungarian2,hung1274,0.945539,0.317746,0.709698,1.154507
1516,Hungarian2,hung1274,1.053028,0.345977,0.82067,1.259422
1517,Hungarian2,hung1274,0.889009,0.307221,0.657149,1.109691
1518,Icelandic,icel1247,0.566309,0.191919,0.406328,0.762977
1519,Icelandic,icel1247,0.709474,0.238898,0.48183,0.897329
1520,Icelandic,icel1247,0.749822,0.259378,0.534623,0.938133
1521,Icelandic,icel1247,0.735662,0.246243,0.512001,0.951508
1522,Icelandic,icel1247,0.599383,0.213917,0.38216,0.791811
1523,Icelandic,icel1247,0.672209,0.227467,0.453703,0.826336
1524,Icelandic,icel1247,0.714855,0.218862,0.519127,0.895804
1525,Icelandic,icel1247,0.708792,0.233775,0.483988,0.9181
1526,Icelandic,icel1247,0.779348,0.248141,0.558669,0.990957
1527,Icelandic,icel1247,0.765989,0.265489,0.554499,0.965619
1528,Icelandic,icel1247,0.684939,0.217668,0.499269,0.869662
1529,Icelandic,icel1247,0.689929,0.236705,0.463277,0.892704
1572,Ingushian,ingu1240,1.22663,0.447226,1.247948,1.29533
1573,Ingushian,ingu1240,1.16394,0.431213,1.171759,1.216662
1574,Ingushian,ingu1240,1.214971,0.433936,1.202431,1.302838
1575,Ingushian,ingu1240,1.201594,0.431282,1.215115,1.285867
1576,Ingushian,ingu1240,1.13444,0.412744,1.154078,1.208913
1577,Ingushian,ingu1240,1.146319,0.422035,1.17163,1.173173
1578,Ingushian,ingu1240,1.262264,0.441959,1.238474,1.336362
1579,Ingushian,ingu1240,1.315201,0.471712,1.298908,1.402657
1580,Ingushian,ingu1240,1.225074,0.446121,1.243554,1.283394
1581,Ingushian,ingu1240,1.244896,0.436445,1.245053,1.312229
1591,Iranian_Bandari,west2369,1.250835,0.437688,1.186283,1.50622
1592,Iranian_Bandari,west2369,1.661776,0.563996,1.487668,1.901398
1593,Iranian_Bandari,west2369,1.314881,0.439771,1.191178,1.576426
1594,Iranian_Bandari,west2369,1.241921,0.412116,1.208256,1.465746
1595,Iranian_Bandari,west2369,1.182776,0.420185,1.149899,1.4018
1596,Iranian_Bandari,west2369,1.417942,0.483072,1.313167,1.680368
1597,Iranian_Bandari,west2369,1.44384,0.491257,1.314769,1.668483
1598,Iranian_Bandari,west2369,1.293238,0.462301,1.263096,1.538246
1619,Iranian_Persian,west2369,1.159405,0.40064,1.076961,1.410708
1620,Iranian_Persian,west2369,1.282016,0.447248,1.140344,1.515284
1621,Iranian_Persian,west2369,1.296721,0.441314,1.199476,1.578596
1622,Iranian_Persian,west2369,1.344381,0.44018,1.197692,1.603731
1623,Iranian_Persian,west2369,1.549349,0.518963,1.309187,1.799704
1624,Iranian_Persian,west2369,1.308376,0.454721,1.149692,1.526703
1625,Iranian_Persian,west2369,1.380257,0.450053,1.240377,1.624952
1626,Iranian_Persian,west2369,1.32032,0.433507,1.214199,1.535758
1627,Iranian_Persian,west2369,1.386767,0.465717,1.220015,1.632741
1628,Iranian_Persian,west2369,1.476918,0.505509,1.296237,1.725943
1629,Iran_Non-Zoroastrian_Fars,west2369,1.443334,0.47155,1.274526,1.677522
1630,Iran_Non-Zoroastrian_Fars,west2369,1.352285,0.448848,1.183303,1.602269
1631,Iran_Non-Zoroastrian_Fars,west2369,1.40327,0.467372,1.255227,1.615516
1632,Iran_Non-Zoroastrian_Fars,west2369,1.282447,0.44863,1.138694,1.507615
1633,Iran_Non-Zoroastrian_Fars,west2369,1.302356,0.443508,1.162912,1.548334
1634,Iran_Non-Zoroastrian_Fars,west2369,1.270263,0.440691,1.12758,1.494178
1635,Iran_Non-Zoroastrian_Fars,west2369,1.438967,0.483127,1.28499,1.665153
1636,Iran_Non-Zoroastrian_Fars,west2369,1.328664,0.463017,1.161465,1.570381
1637,Iran_Non-Zoroastrian_Fars,west2369,1.108821,0.359286,1.11382,1.32921
1638,Iran_Non-Zoroastrian_Fars,west2369,1.229823,0.459081,1.066654,1.438735
1639,Iran_Non-Zoroastrian_Fars,west2369,1.204573,0.378667,1.175482,1.449496
1640,Iran_Non-Zoroastrian_Fars,west2369,1.393812,0.454503,1.259457,1.622252
1641,Iran_Non-Zoroastrian_Fars,west2369,1.441639,0.476779,1.273808,1.706258
1642,Iran_Non-Zoroastrian_Fars,west2369,1.167571,0.382625,1.131633,1.399715
1643,Iran_Non-Zoroastrian_Fars,west2369,1.336193,0.454854,1.190757,1.603612
1644,Iran_Non-Zoroastrian_Fars,west2369,1.330138,0.45926,1.15686,1.552103
1645,Iran_Non-Zoroastrian_Fars,west2369,1.103706,0.375817,1.064837,1.316668
1674,Irish_Connacht,iris1253,0.714136,0.252833,0.498286,0.896847
1675,Irish_Connacht,iris1253,0.837586,0.293752,0.606345,1.045195
1676,Irish_Connacht,iris1253,0.723724,0.247804,0.489859,0.926451
1677,Irish_Connacht,iris1253,0.683796,0.240906,0.473812,0.866279
1678,Irish_Connacht,iris1253,0.719221,0.258654,0.503313,0.915277
1679,Irish_Connacht,iris1253,0.707384,0.25391,0.4891,0.899618
1680,Irish_Cork_Kerry,iris1253,0.688479,0.243869,0.456342,0.884643
1681,Irish_Cork_Kerry,iris1253,0.714628,0.244231,0.499108,0.920483
1682,Irish_Cork_Kerry,iris1253,0.791349,0.279343,0.569502,0.985048
1683,Irish_Cork_Kerry,iris1253,0.774144,0.27204,0.516733,0.993423
1684,Irish_Cork_Kerry,iris1253,0.757181,0.268182,0.540158,0.959928
1685,Irish_Cork_Kerry,iris1253,0.781382,0.286554,0.56101,0.989332
1686,Irish_Leinster,iris1253,0.839485,0.279268,0.604292,1.059699
1687,Irish_Leinster,iris1253,0.791992,0.289008,0.555206,1.00364
1688,Irish_Leinster,iris1253,0.798152,0.264721,0.573509,0.98326
1689,Irish_Leinster,iris1253,0.716923,0.249371,0.491826,0.931838
1690,Irish_Leinster,iris1253,0.787269,0.279091,0.547493,0.97734
1691,Irish_Leinster,iris1253,0.693368,0.251218,0.485944,0.874582
1692,Irish_Munster,iris1253,0.702628,0.251581,0.465288,0.929555
1693,Irish_Munster,iris1253,0.782326,0.261527,0.556093,0.976245
1694,Irish_Munster,iris1253,0.751906,0.254641,0.523322,0.965363
1695,Irish_Munster,iris1253,0.82992,0.27958,0.598356,1.033279
1696,Irish_Munster,iris1253,0.761261,0.272239,0.539245,0.965721
1697,Irish_Munster,iris1253,0.71784,0.27118,0.495653,0.900659
1698,Irish_Ulster,iris1253,0.759753,0.257574,0.567461,0.945893
1699,Irish_Ulster,iris1253,0.718653,0.234277,0.497195,0.936418
1700,Irish_Ulster,iris1253,0.706567,0.24308,0.482404,0.910497
1701,Irish_Ulster,iris1253,0.780941,0.287244,0.534409,1.003374
1702,Irish_Ulster,iris1253,0.682986,0.242548,0.453615,0.87956
1703,Irish_Ulster,iris1253,0.753687,0.267502,0.5237,0.97094
1715,Japanese,nucl1643,0.810318,0.35089,0.647174,0.858816
1716,Japanese,nucl1643,0.752375,0.320943,0.653397,0.750468
1717,Japanese,nucl1643,0.905673,0.359684,0.704706,0.979096
1718,Japanese,nucl1643,0.829775,0.349512,0.653036,0.886114
1719,Japanese,nucl1643,0.964228,0.375061,0.734125,1.01801
1720,Japanese,nucl1643,0.773304,0.331413,0.649202,0.79157
1721,Japanese,nucl1643,0.88492,0.342603,0.71792,0.95318
1722,Japanese,nucl1643,0.871524,0.352076,0.655816,0.922373
1723,Japanese,nucl1643,0.783645,0.330241,0.682007,0.789116
1724,Japanese,nucl1643,0.898775,0.358445,0.754331,0.932291
1725,Japanese,nucl1643,0.834679,0.353608,0.65667,0.846532
1726,Japanese,nucl1643,0.852141,0.351773,0.667687,0.885393
1727,Japanese,nucl1643,0.723942,0.319689,0.64115,0.748746
1728,Japanese,nucl1643,0.845353,0.348791,0.665393,0.906022
1729,Japanese,nucl1643,0.983307,0.370411,0.747422,1.067985
1730,Japanese,nucl1643,0.896286,0.351428,0.696177,0.948985
1731,Japanese,nucl1643,0.800517,0.345745,0.640823,0.832908
1732,Japanese,nucl1643,0.820285,0.350565,0.696723,0.840402
1733,Japanese,nucl1643,0.88944,0.350004,0.721876,0.913743
1734,Japanese,nucl1643,0.877956,0.368567,0.643169,0.935212
1735,Japanese,nucl1643,0.901538,0.35229,0.752872,0.974307
1736,Japanese,nucl1643,0.847667,0.337214,0.661358,0.90581
1737,Japanese,nucl1643,0.829089,0.342975,0.690362,0.852803
1738,Japanese,nucl1643,0.781003,0.341195,0.646238,0.796225
1739,Japanese,nucl1643,0.835499,0.334219,0.691217,0.886561
1740,Japanese,nucl1643,0.887586,0.358254,0.73001,0.900254
1741,Japanese,nucl1643,0.909937,0.353321,0.711161,0.973669
1742,Japanese,nucl1643,0.823078,0.327238,0.682377,0.864469
1743,Japanese,nucl1643,0.874044,0.375793,0.6424,0.956734
1744,Japanese,nucl1643,0.878695,0.342176,0.716938,0.941185
1745,Jew_Cochin,mala1464,1.201533,0.468642,1.170919,1.442895
1746,Jew_Cochin,mala1464,1.629214,0.706205,1.377842,1.913553
1747,Jew_Cochin,mala1464,1.484808,0.628517,1.320783,1.663768
1748,Jew_Cochin,mala1464,1.228453,0.475772,1.23257,1.453009
1749,Jew_Cochin,mala1464,1.275141,0.476834,1.206797,1.500264
1750,Jew_Ethiopian,amha1245,1.219575,0.50171,1.143117,0.987398
1751,Jew_Ethiopian,amha1245,1.152902,0.491072,1.081064,0.972367
1752,Jew_Ethiopian,amha1245,1.201903,0.502467,1.112806,1.078007
1753,Jew_Ethiopian,amha1245,1.136784,0.484187,1.073758,0.934404
1754,Jew_Ethiopian,amha1245,1.196498,0.494679,1.135333,0.930598
1755,Jew_Ethiopian,amha1245,1.159036,0.494801,1.069864,1.00015
1756,Jew_Ethiopian,amha1245,1.218493,0.50494,1.127472,1.028512
1757,Jew_Georgian,nucl1302,1.094291,0.461084,0.981918,1.235109
1758,Jew_Georgian,nucl1302,1.033395,0.455691,0.95444,1.191755
1759,Jew_Georgian,nucl1302,1.245788,0.48904,1.073853,1.443221
1760,Jew_Georgian,nucl1302,1.104479,0.468823,0.974508,1.214492
1761,Jew_Georgian,nucl1302,1.114003,0.478457,0.97624,1.256543
1762,Jew_Georgian,nucl1302,1.139101,0.457017,0.984818,1.353927
1763,Jew_Georgian,nucl1302,0.497698,0.140033,0.361305,0.627825
1764,Jew_Georgian,nucl1302,1.159502,0.474899,1.015304,1.352496
1765,Jew_Georgian,nucl1302,1.291504,0.603171,0.986246,1.520823
1825,Jordanian,nort3139,1.355032,0.578656,1.120506,1.555301
1826,Jordanian,nort3139,1.400845,0.594687,1.115355,1.600629
1827,Jordanian,nort3139,1.498416,0.59856,1.184513,1.749873
1828,Jordanian,nort3139,1.399924,0.587157,1.150137,1.604751
1829,Jordanian,nort3139,1.465096,0.60083,1.211236,1.591379
1830,Jordanian,nort3139,1.278841,0.574237,1.062618,1.526087
1831,Jordanian,nort3139,1.4912,0.569353,1.241964,1.736161
1832,Jordanian,nort3139,1.343314,0.578839,1.081978,1.555899
1833,Jordanian,nort3139,1.398161,0.583902,1.139328,1.58248
1834,Jordanian,nort3139,1.378857,0.575513,1.154891,1.556065
1860,Kabardinian,kaba1278,1.342497,0.523809,1.281846,1.428228
1861,Kabardinian,kaba1278,1.386174,0.500893,1.336365,1.502965
1862,Kabardinian,kaba1278,1.335971,0.470974,1.31103,1.404794
1863,Kabardinian,kaba1278,1.361976,0.505778,1.246493,1.522029
1864,Kabardinian,kaba1278,1.422142,0.520155,1.351557,1.528578
1865,Kabardinian,kaba1278,0.76134,0.2262,0.574385,0.929874
1866,Kabardinian,kaba1278,1.250704,0.484088,1.199971,1.332391
1867,Kabardinian,kaba1278,1.385399,0.502293,1.321275,1.494461
1868,Kabardinian,kaba1278,1.328319,0.481471,1.312913,1.363186
1869,Kabardinian,kaba1278,1.3672,0.479377,1.288752,1.520408
1870,Kaitag,darg1241,1.044412,0.382246,1.118682,1.067866
1871,Kaitag,darg1241,1.055982,0.418625,1.120345,1.138291
1872,Kaitag,darg1241,1.049424,0.411579,1.130812,1.1036
1873,Kaitag,darg1241,1.058622,0.450655,1.097317,1.118871
1874,Kaitag,darg1241,1.045666,0.421638,1.091265,1.096122
1875,Kaitag,darg1241,1.10642,0.425324,1.160683,1.151376
1876,Kaitag,darg1241,0.942032,0.406127,1.056014,0.99129
1877,Kaitag,darg1241,1.062168,0.426518,1.133212,1.11248
1897,Kalmyk,kalm1243,1.666685,0.549931,1.386591,1.888807
1898,Kalmyk,kalm1243,1.610587,0.544,1.39566,1.841479
1899,Kalmyk,kalm1243,1.463328,0.518242,1.251873,1.67247
1900,Kalmyk,kalm1243,1.502328,0.526716,1.216948,1.703932
1901,Kalmyk,kalm1243,1.544541,0.521824,1.291055,1.741818
1902,Kalmyk,kalm1243,1.578796,0.549791,1.33546,1.790409
1903,Kalmyk,kalm1243,1.475422,0.496403,1.253997,1.647741
1904,Kalmyk,kalm1243,1.524319,0.524409,1.266617,1.777119
1905,Kalmyk,kalm1243,1.426446,0.502039,1.176192,1.65582
1906,Kalmyk,kalm1243,1.492822,0.529459,1.258746,1.69159
1907,Kamentsa,cams1241,0.480692,0.116906,0.26383,0.578833
1908,Kamentsa,cams1241,0.381725,0.084252,0.200082,0.4517
1909,Kamentsa,cams1241,0.385131,0.088163,0.238382,0.422708
1910,Kamentsa,cams1241,1.112645,0.336478,0.884068,1.320884
1911,Kankanaey,kank1243,0.310783,0.097123,0.130828,0.403677
1912,Kankanaey,kank1243,0.352563,0.115101,0.119826,0.447978
1913,Kankanaey,kank1243,0.308428,0.096489,0.114034,0.414668
1914,Kankanaey,kank1243,0.321531,0.101843,0.100863,0.421359
1915,Kankanaey,kank1243,0.358993,0.118547,0.133689,0.396457
1916,Kankanaey,kank1243,0.69961,0.206795,0.391636,0.839122
1917,Kankanaey,kank1243,0.322856,0.102251,0.104317,0.45851
1918,Kankanaey,kank1243,0.308165,0.096239,0.103382,0.448622
1919,Kankanaey,kank1243,0.298412,0.093057,0.09954,0.412352
1920,Kankanaey,kank1243,0.332421,0.106811,0.131248,0.396203
1921,Kaqchikel,kaqc1270,0.597668,0.155676,0.285587,0.910914
1922,Kaqchikel,kaqc1270,0.534588,0.159424,0.185234,0.902907
1923,Kaqchikel,kaqc1270,0.580873,0.17581,0.235364,0.946799
1924,Kaqchikel,kaqc1270,0.561646,0.158858,0.235793,0.900333
1925,Kaqchikel,kaqc1270,0.578881,0.154246,0.27888,0.895108
1951,Karelian_Northern,kare1335,0.58927,0.167328,0.416426,0.743083
1952,Karelian_Northern,kare1335,0.707432,0.199684,0.567234,0.818236
1953,Karelian_Northern,kare1335,0.479091,0.1509,0.393601,0.524522
1954,Karelian_Northern,kare1335,0.500717,0.158423,0.369093,0.592142
1955,Karelian_Northern,kare1335,0.624998,0.193229,0.442782,0.748569
1956,Karelian_Northern,kare1335,0.643624,0.180321,0.456205,0.785626
1957,Karelian_Southern,kare1335,0.501514,0.152228,0.324449,0.651491
1958,Karelian_Southern,kare1335,0.647398,0.178777,0.476374,0.785318
1959,Karelian_Southern,kare1335,0.671658,0.189332,0.503672,0.791145
1960,Karelian_Southern,kare1335,0.616268,0.169913,0.458732,0.729442
1961,Karelian_Southern,kare1335,0.624544,0.172886,0.471958,0.699951
1962,Karelian_Southern,kare1335,0.696834,0.188441,0.502743,0.869218
1963,Karelian_Southern,kare1335,0.574058,0.172254,0.439876,0.612697
1964,Karelian_Southern,kare1335,0.589321,0.17431,0.426719,0.685301
1965,Karelian_Southern,kare1335,0.695146,0.197497,0.560891,0.809924
1966,Karitiana,kari1311,0.002526,0.000202,0.001376,0.003629
1967,Karitiana,kari1311,0.002511,0.000201,0.001376,0.003629
1968,Karitiana,kari1311,0.002506,0.0002,0.001376,0.003629
1969,Karitiana,kari1311,0.002509,0.000201,0.001376,0.003629
1970,Karitiana,kari1311,0.002513,0.000201,0.001376,0.003629
1971,Karitiana,kari1311,0.002514,0.000201,0.001376,0.003629
1972,Karitiana,kari1311,0.002509,0.000201,0.001376,0.003629
1973,Karitiana,kari1311,0.002512,0.000201,0.001376,0.003629
1974,Karitiana,kari1311,0.002509,0.000201,0.001376,0.003629
1975,Karitiana,kari1311,0.00251,0.000201,0.001376,0.003629
1976,Karitiana,kari1311,0.002521,0.000202,0.001376,0.003629
1977,Karitiana,kari1311,0.002508,0.0002,0.001376,0.003629
1978,Karitiana,kari1311,0.002505,0.0002,0.001376,0.003629
1979,Karitiana_Rondonia,kari1311,0.002508,0.000201,0.001376,0.003629
1980,Karitiana_Rondonia,kari1311,0.002517,0.000201,0.001376,0.003629
1981,Karitiana_Rondonia,kari1311,0.12482,0.026885,0.001388,0.255765
1982,Karitiana_Rondonia,kari1311,0.002513,0.000201,0.001376,0.003629
2000,Ket,kett1243,0.653005,0.240699,0.895186,0.071975
2001,Ket,kett1243,0.694532,0.243477,1.018784,0.11653
2002,Ket,kett1243,0.748312,0.256518,1.004016,0.23352
2003,Ket,kett1243,0.732952,0.247595,1.006402,0.146306
2004,Ket,kett1243,0.676278,0.238674,1.006078,0.003629
2005,Ket,kett1243,0.678242,0.252483,0.925339,0.196081
2006,Ket,kett1243,0.745942,0.263251,1.042027,0.224124
2007,Ket,kett1243,0.917342,0.333362,1.046685,0.711744
2008,Ket,kett1243,0.642651,0.239957,0.977527,0.024868
2009,Ket_Southeast,kett1243,0.817708,0.276472,1.037729,0.348261
2010,Ket_Southeast,kett1243,0.63061,0.223934,0.965954,0.003629
2011,Ket_Southeast,kett1243,0.70818,0.250877,1.029858,0.142111
2012,Ket_Southeast,kett1243,0.71182,0.254836,0.987288,0.22854
2013,Ket_Southeast,kett1243,0.73915,0.271267,0.981866,0.322985
2014,Ket_Southeast,kett1243,0.81545,0.277747,0.94022,0.461886
2015,Ket_Southeast,kett1243,0.821596,0.288377,1.044769,0.475512
2016,Ket_Southeast,kett1243,0.808755,0.30447,1.068319,0.347374
2017,Ket_Southeast,kett1243,0.837347,0.276513,1.093552,0.335619
2018,Ket_Southeast,kett1243,0.796533,0.272197,1.03751,0.323474
2019,Kgalagadi,kgal1244,0.710311,0.491236,0.694216,0.708165
2020,Kgalagadi,kgal1244,0.763936,0.416353,0.673641,0.804036
2021,Kgalagadi,kgal1244,0.720704,0.342175,0.630679,0.755661
2022,Kgalagadi,kgal1244,0.749364,0.385669,0.658496,0.7854
2023,Kgalagadi,kgal1244,0.70454,0.322285,0.615067,0.740585
2024,Khakass_Kachins,khak1248,1.636487,0.637223,1.26119,1.938941
2025,Khakass_Kachins,khak1248,1.653831,0.633816,1.314504,1.923183
2026,Khakass_Kachins,khak1248,1.734244,0.664952,1.43512,2.025754
2027,Khakass_Kachins,khak1248,1.728189,0.655236,1.368856,2.028939
2028,Khakass_Kachins,khak1248,1.602905,0.617746,1.291303,1.92673
2029,Khakass_Kachins,khak1248,1.656252,0.637185,1.368371,1.959698
2030,Khakass_Kachins,khak1248,1.633161,0.638429,1.348959,1.904791
2031,Khakass_Koibals,khak1248,1.72182,0.647778,1.35713,2.042423
2032,Khakass_Koibals,khak1248,1.717007,0.642505,1.423418,1.990071
2033,Khakass_Koibals,khak1248,1.674933,0.690966,1.360988,1.931528
2034,Khakass_Koibals,khak1248,1.652354,0.642229,1.363236,1.841165
2035,Khakass_Koibals,khak1248,1.712714,0.646899,1.385083,1.958617
2036,Khakass_Koibals,khak1248,1.776848,0.660308,1.422654,1.998783
2037,Khakass_Kyzils,khak1248,1.524532,0.54567,1.39574,1.270066
2038,Khakass_Kyzils,khak1248,1.436614,0.530082,1.396752,1.14301
2039,Khakass_Kyzils,khak1248,1.729666,0.649726,1.37893,2.031014
2040,Khakass_Kyzils,khak1248,1.749846,0.701385,1.454689,2.062564
2041,Khakass_Sagai,khak1248,1.355143,0.513589,1.319736,0.94134
2042,Khakass_Sagai,khak1248,1.495721,0.54764,1.373325,1.350823
2043,Khakass_Sagai,khak1248,1.500487,0.59432,1.276513,1.63209
2044,Khakass_Sagai,khak1248,1.67638,0.621468,1.434262,1.766757
2045,Khakass_Sagai,khak1248,1.663912,0.630303,1.375373,1.80147
2046,Khakass_Sagai,khak1248,1.620093,0.627054,1.308986,1.799176
2057,Kharia,khar1287,0.996029,0.351826,0.921773,0.965559
2058,Kharia,khar1287,1.011794,0.366755,0.945884,0.954203
2059,Kharia,khar1287,1.012035,0.348494,0.981555,0.952894
2060,Kharia,khar1287,1.038223,0.366737,0.953746,0.965451
2061,Kharia,khar1287,1.061255,0.356453,0.992611,1.029591
2062,Kharia,khar1287,1.022582,0.359436,0.915789,0.995306
2063,Kharia,khar1287,1.000419,0.351663,0.974718,0.917489
2064,Kharia,khar1287,0.978184,0.356952,0.946668,0.921912
2065,Kharia,khar1287,0.90308,0.327222,0.917806,0.849139
2066,Kharia,khar1287,0.984581,0.365323,0.942813,0.943338
2067,Kharia,khar1287,0.954344,0.293318,0.976878,0.899408
2068,Kharia,khar1287,1.005109,0.359043,0.956493,0.976012
2080,Khwe,kxoe1243,1.129023,0.529775,0.940521,1.268427
2081,Khwe,kxoe1243,1.034787,0.502268,0.857054,1.159024
2082,Khwe,kxoe1243,1.077364,0.491082,0.915426,1.219164
2083,Khwe,kxoe1243,1.25187,0.57006,1.077665,1.390815
2084,Khwe,kxoe1243,1.120651,0.437005,0.932216,1.286251
2085,Khwe,kxoe1243,1.112303,0.479674,0.909666,1.275115
2086,Khwe,kxoe1243,1.053504,0.462821,0.898854,1.191558
2087,Khwe,kxoe1243,1.098769,0.488518,0.907901,1.251379
2088,Khwe,kxoe1243,1.142554,0.517568,0.940405,1.30657
2089,Khwe,kxoe1243,1.082658,0.494748,0.911038,1.216098
2107,Kikuyu,kiku1240,1.043637,0.395334,0.865859,1.170467
2108,Kikuyu,kiku1240,1.098511,0.431828,0.911435,1.231919
2109,Kikuyu,kiku1240,1.028195,0.405015,0.851755,1.169968
2110,Kikuyu,kiku1240,1.101999,0.428697,0.924232,1.209024
2111,Kinh,viet1252,0.835019,0.367416,0.58411,0.847953
2112,Kinh,viet1252,0.881479,0.389127,0.606032,0.899416
2113,Kinh,viet1252,0.806664,0.364106,0.568939,0.824395
2114,Kinh,viet1252,0.809703,0.360115,0.549625,0.825915
2115,Kinh,viet1252,0.743806,0.359099,0.510871,0.760139
2116,Kinh,viet1252,0.782444,0.36207,0.509917,0.794837
2117,Kinh,viet1252,0.868297,0.377399,0.592535,0.914549
2118,Kinh,viet1252,0.828448,0.373902,0.520711,0.860218
2130,Korean,kore1280,0.756583,0.338417,0.645951,0.790256
2131,Korean,kore1280,0.789733,0.342576,0.646972,0.816599
2132,Korean,kore1280,0.819082,0.352036,0.645943,0.87108
2133,Korean,kore1280,0.801248,0.349217,0.648688,0.830654
2134,Korean,kore1280,0.69371,0.321497,0.634313,0.733534
2135,Korean,kore1280,0.812188,0.344708,0.658441,0.852851
2145,Kove,kove1237,1.346319,0.590425,0.901743,1.476879
2146,Kove,kove1237,1.264206,0.625411,0.951856,1.307578
2147,Kove,kove1237,1.315716,0.644259,0.940905,1.410233
2148,Kove,kove1237,1.340735,0.650954,0.986404,1.423432
2149,Kove,kove1237,1.343891,0.617196,0.969163,1.439162
2150,Kove,kove1237,1.357806,0.629261,0.983786,1.481373
2151,Kove,kove1237,1.315826,0.629272,0.972544,1.42664
2152,Kove_Tamuniai,kove1237,1.357394,0.651702,0.950807,1.470453
2153,Kove_Tamuniai,kove1237,1.30703,0.619962,0.946503,1.378489
2154,Kove_Tamuniai,kove1237,1.347509,0.648045,0.993242,1.433641
2155,Kove_Tamuniai,kove1237,1.270823,0.628325,0.974099,1.323096
2156,Kove_Tamuniai,kove1237,1.315115,0.634766,0.986243,1.396406
2157,Kove_Tamuniai,kove1237,1.282391,0.623321,0.966115,1.345319
2158,Kove_Tamuniai,kove1237,1.355126,0.645342,0.961627,1.472591
2159,Kove_Tamuniai,kove1237,1.288541,0.6084,0.961108,1.354668
2160,Kove_Tamuniai,kove1237,1.273639,0.641073,0.956974,1.319507
2161,Kove_Tamuniai,kove1237,1.302228,0.628804,0.982105,1.357871
2176,Kuot_Kabil,kuot1243,1.097244,0.533416,0.686405,1.25121
2177,Kuot_Kabil,kuot1243,1.020395,0.517351,0.687458,1.148892
2178,Kuot_Kabil,kuot1243,0.99149,0.481886,0.686247,1.11878
2179,Kuot_Kabil,kuot1243,1.107883,0.521397,0.685129,1.281874
2180,Kuot_Kabil,kuot1243,1.039638,0.518558,0.722812,1.133499
2181,Kuot_Kabil,kuot1243,1.149773,0.529679,0.724043,1.301423
2182,Kuot_Kabil,kuot1243,1.057657,0.515577,0.681603,1.214722
2183,Kuot_Kabil,kuot1243,1.137479,0.522961,0.73117,1.306923
2184,Kuot_Kabil,kuot1243,1.076338,0.49597,0.68155,1.231311
2185,Kuot_Kabil,kuot1243,1.063675,0.519518,0.684564,1.21353
2186,Kuot_Lamalaua,kuot1243,1.134636,0.502073,0.604785,1.291943
2187,Kuot_Lamalaua,kuot1243,1.117428,0.546503,0.746486,1.264677
2188,Kuot_Lamalaua,kuot1243,1.080331,0.521091,0.69148,1.255138
2189,Kuot_Lamalaua,kuot1243,1.094897,0.5225,0.690291,1.280882
2190,Kuot_Lamalaua,kuot1243,1.321794,0.637898,0.817497,1.488151
2191,Kuot_Lamalaua,kuot1243,1.320937,0.590301,0.828011,1.532161
2192,Kuot_Lamalaua,kuot1243,1.165528,0.558277,0.739628,1.321067
2193,Kuot_Lamalaua,kuot1243,1.069509,0.498338,0.681666,1.23068
2205,Kusunda,kusu1250,1.557916,0.624316,1.392062,1.711901
2206,Kusunda,kusu1250,1.354866,0.533137,1.189154,1.440196
2207,Kusunda,kusu1250,1.515144,0.540163,1.315832,1.662978
2208,Kusunda,kusu1250,1.482694,0.600141,1.316281,1.622131
2209,Kusunda,kusu1250,1.357877,0.496743,1.200795,1.411831
2220,Lahu,lahu1253,0.818082,0.385455,0.57334,0.864413
2221,Lahu,lahu1253,0.854301,0.379829,0.60008,0.901584
2222,Lahu,lahu1253,0.879982,0.395981,0.621751,0.94298
2223,Lahu,lahu1253,0.867591,0.388624,0.61528,0.903721
2224,Lahu,lahu1253,0.85079,0.382327,0.608533,0.8946
2225,Lahu,lahu1253,0.822238,0.374685,0.56944,0.86372
2226,Lahu,lahu1253,0.867332,0.395229,0.619178,0.909284
2227,Lahu,lahu1253,0.869059,0.389201,0.650863,0.919787
2239,Lak,lakk1252,1.064558,0.414946,1.120775,1.057425
2240,Lak,lakk1252,1.02721,0.410657,1.09488,1.048017
2241,Lak,lakk1252,0.999198,0.377383,1.121025,1.051164
2242,Lak,lakk1252,1.09081,0.412344,1.134051,1.181141
2243,Lak,lakk1252,1.003006,0.380157,1.133469,1.054283
2244,Lak,lakk1252,1.032118,0.403221,1.067334,1.115039
2245,Lak,lakk1252,0.991327,0.417207,1.091636,0.950747
2246,Lak,lakk1252,1.14769,0.422019,1.144146,1.222294
2247,Lak,lakk1252,1.084485,0.426214,1.136819,1.190002
2248,Lak,lakk1252,1.124886,0.424222,1.14744,1.210909
2249,Lebanese,nort3139,1.094974,0.527646,0.92684,1.221043
2250,Lebanese,nort3139,1.270321,0.553776,1.07717,1.484246
2251,Lebanese,nort3139,1.269291,0.566328,1.042628,1.457063
2252,Lebanese,nort3139,1.33231,0.571643,1.114359,1.495616
2253,Lebanese,nort3139,1.310314,0.579196,1.104883,1.515039
2254,Lebanese,nort3139,1.477961,0.546207,1.280123,1.718946
2255,Lebanese,nort3139,1.341123,0.581993,1.088961,1.497797
2256,Lebanese,nort3139,1.448484,0.556146,1.223073,1.634608
2257,Lebanese_Christian,nort3139,1.149282,0.542566,0.949986,1.288149
2258,Lebanese_Christian,nort3139,1.119871,0.544732,0.935784,1.325218
2259,Lebanese_Christian,nort3139,1.065581,0.538143,0.903935,1.197339
2260,Lebanese_Christian,nort3139,1.070194,0.536153,0.895275,1.257137
2261,Lebanese_Christian,nort3139,1.213744,0.552769,1.004174,1.426258
2262,Lebanese_Christian,nort3139,1.093149,0.546476,0.884456,1.193743
2263,Lebanese_Christian,nort3139,1.059806,0.516622,0.890377,1.199301
2264,Lebanese_Christian,nort3139,1.319467,0.573935,1.115045,1.472894
2265,Lebanese_Christian,nort3139,1.083385,0.521298,0.923564,1.200186
2266,Lebanese_Muslim,nort3139,1.291774,0.552189,1.079987,1.432504
2267,Lebanese_Muslim,nort3139,1.43294,0.573462,1.199656,1.631888
2268,Lebanese_Muslim,nort3139,1.332185,0.579059,1.081687,1.558739
2269,Lebanese_Muslim,nort3139,1.394478,0.552436,1.179899,1.565666
2270,Lebanese_Muslim,nort3139,1.283721,0.548895,1.031836,1.477636
2271,Lebanese_Muslim,nort3139,1.163269,0.530398,0.994025,1.250811
2272,Lebanese_Muslim,nort3139,1.327575,0.579319,1.086537,1.497172
2273,Lebanese_Muslim,nort3139,1.175788,0.556788,0.953524,1.311845
2274,Lebanese_Muslim,nort3139,1.166665,0.537893,0.989001,1.303119
2275,Lebanese_Muslim,nort3139,1.305915,0.551425,1.082585,1.484856
2276,Lebanese_Muslim,nort3139,1.375813,0.566167,1.150499,1.530747
2285,Lezgin,lezg1247,1.163919,0.421466,1.140498,1.274616
2286,Lezgin,lezg1247,1.170103,0.429628,1.176663,1.28827
2287,Lezgin,lezg1247,1.171667,0.423934,1.159275,1.295471
2288,Lezgin,lezg1247,1.108754,0.419981,1.101507,1.199935
2289,Lezgin,lezg1247,1.223633,0.434266,1.171839,1.368151
2290,Lezgin,lezg1247,1.089628,0.394022,1.127739,1.184476
2291,Lezgin,lezg1247,1.268575,0.438284,1.243049,1.360209
2292,Lezgin,lezg1247,1.141713,0.418615,1.155843,1.209171
2293,Lezgin,lezg1247,1.140779,0.431567,1.134588,1.242964
2294,Lezgin,lezg1247,1.082986,0.389668,1.143611,1.173745
2295,Libyan,liby1240,1.348038,0.498411,1.053144,1.642674
2296,Libyan,liby1240,1.447813,0.523874,1.190431,1.720319
2297,Libyan,liby1240,1.357122,0.460622,1.055853,1.64198
2298,Libyan,liby1240,1.301001,0.474706,1.011895,1.58707
2299,Libyan,liby1240,1.33743,0.456124,1.036913,1.618913
2300,Lithuanian,lith1251,0.4486,0.128785,0.315076,0.576675
2301,Lithuanian,lith1251,0.310861,0.100523,0.166963,0.398794
2302,Lithuanian,lith1251,0.462246,0.136017,0.3248,0.582881
2303,Lithuanian,lith1251,0.497757,0.142147,0.356803,0.634757
2304,Lithuanian,lith1251,0.378658,0.112709,0.258051,0.467508
2305,Lithuanian,lith1251,0.315716,0.097412,0.167853,0.399405
2306,Lithuanian,lith1251,0.3416,0.104429,0.224654,0.486878
2307,Lithuanian,lith1251,0.428739,0.130361,0.311981,0.551621
2308,Lithuanian,lith1251,0.427146,0.123115,0.33287,0.494787
2309,Lithuanian,lith1251,0.254187,0.085228,0.09003,0.35246
2310,Lodhi,bund1253,0.902098,0.350428,0.982645,1.116996
2311,Lodhi,bund1253,0.875693,0.336797,0.887981,1.0237
2312,Lodhi,bund1253,0.824823,0.311467,0.850006,0.98302
2313,Lodhi,bund1253,1.001766,0.340417,1.057737,1.159108
2314,Lodhi,bund1253,0.844855,0.302527,0.877173,1.006456
2315,Lodhi,bund1253,0.943595,0.334173,0.961107,1.136575
2316,Lodhi,bund1253,0.897142,0.346053,0.898421,1.075911
2317,Lodhi,bund1253,0.956894,0.326761,0.945579,1.10687
2318,Lodhi,bund1253,0.834494,0.305172,0.935863,0.984294
2319,Lodhi,bund1253,0.91401,0.33188,0.929352,1.095728
2320,Lodhi,bund1253,0.822989,0.301196,0.904524,0.936401
2321,Lodhi,bund1253,0.89199,0.337745,0.879404,1.070817
2322,Lodhi,bund1253,0.829541,0.327778,0.895417,1.00191
2338,Luo,luok1236,0.600929,0.177764,0.385214,0.779521
2339,Luo,luok1236,0.647946,0.197866,0.435613,0.811427
2340,Luo,luok1236,0.695471,0.218909,0.468461,0.864497
2341,Luo,luok1236,0.676426,0.221721,0.460924,0.845067
2342,Luo,luok1236,0.608678,0.186913,0.376024,0.810781
2343,Luo,luok1236,0.658147,0.207924,0.42171,0.8432
2344,Luo,luok1236,0.640511,0.206578,0.41961,0.82381
2345,Luo,luok1236,0.609963,0.183397,0.389017,0.806598
2357,Madak,mada1285,1.056424,0.504692,0.686448,1.219982
2358,Madak,mada1285,1.106906,0.544391,0.712487,1.27455
2359,Madak,mada1285,1.1344,0.529854,0.757505,1.265264
2360,Madak,mada1285,1.174803,0.568803,0.707962,1.363274
2361,Madak,mada1285,1.183788,0.541399,0.795731,1.390123
2362,Madak,mada1285,1.150449,0.54915,0.745697,1.318405
2363,Madak,mada1285,1.149751,0.531892,0.769449,1.260033
2364,Madak,mada1285,1.392544,0.657907,0.897018,1.542595
2365,Madak,mada1285,1.160833,0.554398,0.72537,1.317277
2366,Madak,mada1285,1.134318,0.551031,0.691224,1.309838
2399,Mala,telu1262,0.834446,0.257384,0.777115,0.937483
2400,Mala,telu1262,0.823184,0.272117,0.85721,0.93372
2401,Mala,telu1262,0.870962,0.270127,0.855712,0.99719
2402,Mala,telu1262,0.916953,0.281825,0.863662,1.060926
2403,Mala,telu1262,0.803702,0.257716,0.75463,0.91305
2404,Mala,telu1262,0.722599,0.233723,0.712824,0.8469
2405,Mala,telu1262,0.720817,0.22738,0.758335,0.824539
2406,Mala,telu1262,0.656109,0.2278,0.674606,0.743557
2407,Mala,telu1262,0.810063,0.254497,0.84335,0.896685
2408,Mala,telu1262,0.833412,0.284711,0.818669,0.950442
2409,Mala,telu1262,0.69602,0.231728,0.707922,0.789706
2410,Mala,telu1262,0.692722,0.228351,0.689294,0.740891
2411,Mala,telu1262,0.808357,0.241491,0.776552,0.866544
2412,Mala,telu1262,0.732867,0.217537,0.747458,0.805168
2413,Mala,telu1262,0.799171,0.253681,0.816551,0.881309
2414,Mala,telu1262,0.669938,0.21643,0.687282,0.750628
2432,Malawi_Ngoni,tanz1241,0.304043,0.072371,0.118926,0.439272
2433,Malawi_Ngoni,tanz1241,0.335736,0.076503,0.164286,0.469103
2434,Malawi_Ngoni,tanz1241,0.468815,0.104573,0.286364,0.611186
2435,Malawi_Ngoni,tanz1241,0.319019,0.075154,0.138996,0.438988
2446,Malawi_Yao,yaoo1241,0.304777,0.070415,0.130106,0.417003
2447,Malawi_Yao,yaoo1241,0.308697,0.06937,0.128848,0.443311
2448,Malawi_Yao,yaoo1241,0.32029,0.071461,0.149117,0.444655
2449,Malawi_Yao,yaoo1241,0.403675,0.095092,0.216803,0.564752
2450,Malawi_Yao,yaoo1241,0.379736,0.084769,0.200068,0.518157
2451,Malawi_Yao,yaoo1241,0.358915,0.085015,0.173164,0.504967
2452,Malawi_Yao,yaoo1241,0.318555,0.073639,0.13747,0.458489
2453,Malawi_Yao,yaoo1241,0.333672,0.072831,0.160505,0.459255
2454,Malawi_Yao,yaoo1241,0.484921,0.113638,0.307448,0.623406
2464,Maltese,malt1254,1.329036,0.63139,1.035007,1.617342
2465,Maltese,malt1254,1.372737,0.606451,1.045138,1.631431
2466,Maltese,malt1254,1.338404,0.596607,1.022856,1.616311
2467,Maltese,malt1254,1.298678,0.600008,0.994722,1.531653
2468,Maltese,malt1254,1.316172,0.609474,1.000753,1.633723
2469,Maltese,malt1254,1.317585,0.586948,1.012264,1.563242
2470,Maltese,malt1254,1.354293,0.588853,1.037152,1.631648
2471,Maltese,malt1254,1.345493,0.590054,1.0415,1.574514
2472,Mamanwa,mama1275,1.139679,0.321323,1.001326,0.003629
2473,Mamanwa,mama1275,1.150313,0.304329,1.004505,0.120378
2474,Mamanwa,mama1275,1.243598,0.347583,1.078416,0.302929
2475,Mamanwa,mama1275,1.191667,0.346931,1.08791,0.003629
2476,Mamanwa,mama1275,1.125621,0.308514,0.916629,0.740808
2477,Mamanwa,mama1275,1.20451,0.343553,1.06308,0.003629
2478,Mamanwa,mama1275,1.135753,0.318659,0.952623,0.003629
2479,Mamanwa,mama1275,1.28155,0.347987,1.150044,0.003629
2480,Mamanwa,mama1275,1.203245,0.335895,0.932071,0.814892
2481,Mamanwa,mama1275,1.162844,0.326451,1.00904,0.003629
2482,Mamanwa,mama1275,1.207746,0.34555,1.076403,0.003629
2483,Mamanwa,mama1275,1.231221,0.355021,1.091053,0.003629
2484,Mamanwa,mama1275,1.206439,0.35017,1.113081,0.003663
2485,Mamanwa1,mama1275,1.046983,0.297022,0.661718,1.254726
2486,Mamanwa1,mama1275,1.022781,0.273677,0.660816,1.209907
2487,Mamanwa1,mama1275,1.086472,0.299004,0.741392,1.295154
2488,Mamanwa1,mama1275,0.970146,0.2877,0.587125,1.156517
2489,Mamanwa1,mama1275,1.115599,0.313288,0.725141,1.317695
2516,Mandenka,mand1436,0.182042,0.037521,0.084348,0.288813
2517,Mandenka,mand1436,0.182395,0.039849,0.094671,0.303609
2518,Mandenka,mand1436,0.237025,0.050418,0.153308,0.353406
2519,Mandenka,mand1436,0.203554,0.045204,0.128592,0.293081
2520,Mandenka,mand1436,0.174777,0.039288,0.104102,0.289864
2521,Mandenka,mand1436,0.223894,0.049597,0.119389,0.338353
2522,Mandenka,mand1436,0.165646,0.035576,0.094968,0.260974
2523,Mandenka,mand1436,0.196722,0.043372,0.114919,0.294887
2524,Mandenka,mand1436,0.187515,0.039414,0.102949,0.301142
2525,Mandenka,mand1436,0.18103,0.040308,0.109569,0.279692
2526,Mandenka,mand1436,0.24086,0.052354,0.160459,0.333757
2527,Mandenka,mand1436,0.250919,0.054037,0.163221,0.360602
2528,Mandenka,mand1436,0.359003,0.082253,0.261621,0.460474
2529,Mandenka,mand1436,0.219154,0.051147,0.111405,0.342901
2530,Mandenka,mand1436,0.208688,0.044686,0.125569,0.306703
2531,Mandenka,mand1436,0.185199,0.037833,0.101241,0.278036
2532,Mandenka,mand1436,0.223573,0.047566,0.155648,0.332598
2533,Mandenka,mand1436,0.206364,0.045114,0.142393,0.294658
2534,Mangseng,mang1403,1.346273,0.567086,0.94554,1.563264
2535,Mangseng,mang1403,1.391325,0.563452,0.932193,1.646351
2536,Mangseng,mang1403,1.36906,0.53928,0.928346,1.589256
2537,Mangseng,mang1403,1.423259,0.567083,0.964301,1.671118
2538,Mangseng,mang1403,1.357581,0.551723,0.908155,1.566865
2550,Masai1,masa1300,1.168821,0.438041,1.054385,1.147897
2551,Masai1,masa1300,1.160775,0.435892,1.032931,1.153153
2552,Masai_Kinyawa_MKK,masa1300,1.237508,0.453451,1.132454,1.075464
2553,Masai_Kinyawa_MKK,masa1300,1.13851,0.433288,1.117733,0.914905
2554,Masai_Kinyawa_MKK,masa1300,1.19572,0.440698,1.141914,1.058647
2555,Masai_Kinyawa_MKK,masa1300,1.115668,0.438858,1.109172,0.88507
2556,Masai_Kinyawa_MKK,masa1300,1.071694,0.402312,1.028354,0.79588
2557,Masai_Kinyawa_MKK,masa1300,1.104154,0.414803,1.012241,0.968183
2558,Masai_Kinyawa_MKK,masa1300,1.068723,0.412693,1.034536,0.853038
2559,Masai_Kinyawa_MKK,masa1300,1.278405,0.456612,1.261865,1.08957
2560,Masai_Kinyawa_MKK,masa1300,1.125173,0.426217,1.088158,0.909655
2561,Masai_Kinyawa_MKK,masa1300,1.105575,0.425866,1.077958,0.902132
2562,Maya,yuca1254,0.870819,0.236302,0.571643,1.21286
2563,Maya,yuca1254,0.580765,0.155558,0.293037,0.904675
2564,Maya,yuca1254,0.768867,0.213199,0.412241,1.132812
2565,Maya,yuca1254,0.609012,0.169541,0.262162,0.970672
2566,Maya,yuca1254,0.814111,0.210597,0.439848,1.175957
2567,Maya,yuca1254,0.853308,0.225063,0.451807,1.251013
2568,Maya,yuca1254,1.428173,0.432218,1.03883,1.818835
2569,Maya,yuca1254,1.135797,0.302594,0.823332,1.44642
2570,Maya,yuca1254,0.93552,0.242593,0.566667,1.294518
2571,Maya,yuca1254,0.970934,0.249306,0.644295,1.305363
2572,Maya,yuca1254,0.766848,0.194785,0.418105,1.114805
2573,Maya,yuca1254,0.708757,0.189484,0.378888,1.052027
2574,Maya,yuca1254,1.136311,0.307051,0.757399,1.512262
2575,Maya,yuca1254,1.232304,0.341095,0.828022,1.602393
2576,Maya,yuca1254,0.718431,0.189085,0.424691,1.037622
2577,Maya,yuca1254,1.374139,0.425482,1.003289,1.761355
2578,Maya,yuca1254,0.784638,0.20148,0.490221,1.119929
2579,Maya,yuca1254,0.670026,0.175577,0.334637,1.029772
2580,Maya,yuca1254,0.889423,0.227211,0.567099,1.228096
2581,Maya,yuca1254,1.348332,0.413647,1.004217,1.662833
2582,Maya,yuca1254,0.982899,0.263331,0.660618,1.302157
2588,MbutiPygmy,lese1243,0.32829,0.168228,1.006541,0.003629
2589,MbutiPygmy,lese1243,0.32146,0.159374,0.981245,0.003629
2590,MbutiPygmy,lese1243,0.324197,0.162057,0.991769,0.003629
2591,MbutiPygmy,lese1243,0.31823,0.155548,0.968288,0.003629
2592,MbutiPygmy,lese1243,0.32042,0.159639,0.976455,0.003629
2593,MbutiPygmy,lese1243,0.320632,0.160835,0.976931,0.003629
2594,MbutiPygmy,lese1243,0.32233,0.161394,0.984165,0.003629
2595,MbutiPygmy,lese1243,0.321303,0.160843,0.979582,0.003629
2596,MbutiPygmy,lese1243,0.340561,0.157428,0.969128,0.077299
2597,MbutiPygmy,lese1243,0.318334,0.156636,0.970345,0.003629
2598,MbutiPygmy,lese1243,0.320926,0.156954,0.979224,0.003629
2609,Mende,mend1266,0.208101,0.043879,0.059305,0.287025
2610,Mende,mend1266,0.200669,0.040449,0.06137,0.283692
2611,Mende,mend1266,0.187018,0.039202,0.063004,0.28307
2612,Mende,mend1266,0.207011,0.042055,0.069311,0.271445
2613,Mende,mend1266,0.238962,0.048315,0.097495,0.346073
2614,Mende,mend1266,0.168769,0.031561,0.05158,0.2157
2615,Mende,mend1266,0.175386,0.037292,0.029941,0.259579
2616,Mende,mend1266,0.152002,0.032554,0.014979,0.22303
2637,Mixe,olut1240,0.475179,0.175459,0.210621,0.786057
2638,Mixe,olut1240,0.522204,0.184431,0.249141,0.864586
2639,Mixe,olut1240,0.408718,0.162954,0.20027,0.673955
2640,Mixe,olut1240,0.432006,0.162974,0.160358,0.768428
2641,Mixe,olut1240,0.525212,0.191028,0.200371,0.879043
2642,Mixe,olut1240,0.464447,0.168021,0.188792,0.787661
2643,Mixe,olut1240,0.506199,0.185996,0.217598,0.841478
2644,Mixe,olut1240,0.508805,0.18508,0.214248,0.849981
2645,Mixe,olut1240,0.520368,0.184828,0.243206,0.878593
2646,Mixe,olut1240,0.471017,0.179487,0.200814,0.789545
2713,Mordovian,erzy1239,0.958829,0.280468,0.791092,1.113348
2714,Mordovian,erzy1239,0.907478,0.254921,0.718532,1.080191
2715,Mordovian,erzy1239,0.830344,0.226049,0.648564,1.010703
2716,Mordovian,erzy1239,0.87212,0.245439,0.691987,1.023304
2717,Mordovian,erzy1239,0.888073,0.251934,0.707096,1.022959
2718,Mordovian,erzy1239,1.00014,0.278313,0.799691,1.198316
2719,Mordovian,erzy1239,0.933383,0.256056,0.727992,1.139625
2720,Mordovian,erzy1239,1.026409,0.303017,0.812553,1.19005
2721,Mordovian,erzy1239,0.98079,0.269183,0.756329,1.165671
2722,Mordovian,erzy1239,0.903183,0.249762,0.703921,1.075572
2723,Mordovian_Erzya,erzy1239,0.898057,0.241718,0.71787,1.044943
2724,Mordovian_Erzya,erzy1239,0.949886,0.253443,0.759385,1.134391
2725,Mordovian_Erzya,erzy1239,1.04275,0.280511,0.823395,1.237441
2726,Mordovian_Erzya,erzy1239,0.95081,0.271662,0.722597,1.151984
2727,Mordovian_Erzya,erzy1239,0.898243,0.258514,0.686793,1.050917
2728,Mordovian_Erzya,erzy1239,0.938734,0.248658,0.754675,1.112517
2729,Mordovian_Erzya,erzy1239,0.832819,0.221931,0.673222,0.993577
2730,Mordovian_Erzya,erzy1239,0.89141,0.239731,0.697525,1.089788
2731,Mordovian_Erzya,erzy1239,0.932996,0.259773,0.73798,1.120146
2732,Mordovian_Erzya,erzy1239,0.857776,0.244523,0.69011,0.971756
2733,Mordovian_Erzya,erzy1239,0.803669,0.21797,0.645359,0.951022
2734,Mordovian_Erzya,erzy1239,0.90323,0.248733,0.701346,1.089525
2735,Mordovian_Moksha,moks1248,1.09058,0.306326,0.861013,1.268496
2736,Mordovian_Moksha,moks1248,0.848523,0.241274,0.686651,0.942183
2737,Mordovian_Moksha,moks1248,1.004208,0.281675,0.775926,1.185024
2738,Mordovian_Moksha,moks1248,0.948921,0.280833,0.759954,1.065505
2739,Mordovian_Moksha,moks1248,1.041514,0.275607,0.806214,1.230943
2740,Mordovian_Moksha,moks1248,0.923253,0.258939,0.738071,1.03287
2741,Mordovian_Moksha,moks1248,0.925158,0.261519,0.717277,1.107366
2742,Mordovian_Moksha,moks1248,0.81426,0.223438,0.623729,0.986735
2743,Mordovian_Moksha,moks1248,0.876656,0.244087,0.674535,1.068539
2744,Mordovian_Moksha,moks1248,0.844869,0.225785,0.691516,0.927349
2809,Nakanai_Bileki,naka1262,1.272521,0.522206,0.966054,1.433779
2810,Nakanai_Bileki,naka1262,1.360542,0.542743,0.958328,1.572277
2811,Nakanai_Bileki,naka1262,1.308152,0.515379,0.938099,1.516438
2812,Nakanai_Bileki,naka1262,1.336835,0.5286,0.971747,1.522702
2813,Nakanai_Bileki,naka1262,1.34597,0.548337,0.974381,1.521069
2814,Nakanai_Bileki,naka1262,1.347011,0.528219,0.954614,1.586085
2815,Nakanai_Bileki,naka1262,1.328521,0.518725,0.99267,1.511899
2816,Nakanai_Bileki,naka1262,1.311709,0.520116,0.967924,1.528645
2817,Nakanai_Bileki,naka1262,1.271221,0.538708,0.978807,1.396756
2818,Nakanai_Loso,naka1262,0.617118,0.1814,0.705104,0.764682
2819,Nakanai_Loso,naka1262,0.559341,0.176936,0.690869,0.702266
2820,Nakanai_Loso,naka1262,0.424305,0.128058,0.671439,0.505581
2821,Nakanai_Loso,naka1262,0.432167,0.133314,0.666554,0.533561
2822,Nakanai_Loso,naka1262,0.657488,0.195842,0.757731,0.832533
2823,Nakanai_Loso,naka1262,0.41997,0.118983,0.622057,0.534391
2824,Nakanai_Loso,naka1262,0.559458,0.184228,0.718597,0.695405
2843,Nanai,nana1257,0.93186,0.403095,0.834805,0.961378
2844,Nanai,nana1257,0.920982,0.413246,0.834578,0.924173
2845,Nanai,nana1257,0.944123,0.399652,0.832971,0.970334
2846,Nanai,nana1257,0.924524,0.406303,0.797178,0.942677
2847,Nanai,nana1257,1.022219,0.41846,0.849339,1.071454
2848,Nanai,nana1257,0.963524,0.388218,0.838173,0.989362
2849,Nanai,nana1257,0.900462,0.38048,0.831866,0.899722
2850,Nanai,nana1257,1.05428,0.405469,0.862917,1.115472
2851,Nanai,nana1257,0.941526,0.384148,0.805885,0.980894
2852,Nanai,nana1257,0.939103,0.367074,0.806182,0.990588
2877,Naxi,naxi1245,0.895029,0.367633,0.732587,0.945766
2878,Naxi,naxi1245,0.875815,0.365586,0.711361,0.944922
2879,Naxi,naxi1245,0.895537,0.361469,0.750755,0.96123
2880,Naxi,naxi1245,0.917953,0.354967,0.775443,0.997539
2881,Naxi,naxi1245,1.023602,0.393314,0.793361,1.103171
2882,Naxi,naxi1245,0.786334,0.319436,0.727701,0.842023
2883,Naxi,naxi1245,0.829697,0.333504,0.71942,0.885439
2884,Naxi,naxi1245,0.958947,0.379571,0.794566,1.033302
2885,Negidal_Orochi,negi1245,1.016505,0.466665,0.807852,1.052454
2886,Negidal_Orochi,negi1245,0.908,0.394456,0.852631,0.91399
2887,Negidal_Orochi,negi1245,1.476496,0.620388,1.324876,1.595433
2888,Negidal_Orochi,negi1245,0.917981,0.399751,0.836046,0.944217
2909,Nganasan,ngan1291,0.015044,0.002473,0.092211,0.003629
2910,Nganasan,ngan1291,0.00852,0.001023,0.059401,0.003629
2911,Nganasan,ngan1291,0.088867,0.017353,0.236524,0.143416
2912,Nganasan,ngan1291,0.023698,0.003875,0.151505,0.003629
2913,Nganasan,ngan1291,0.010813,0.001678,0.070674,0.003629
2914,Nganasan,ngan1291,0.018065,0.003387,0.112956,0.003629
2915,Nganasan,ngan1291,0.018094,0.003397,0.115316,0.003629
2916,Nganasan,ngan1291,0.129405,0.023567,0.252791,0.14401
2917,Nganasan,ngan1291,0.002504,0.0002,0.001376,0.003629
2918,Nganasan,ngan1291,1.07822,0.388088,0.821633,1.36468
2919,Nganasan,ngan1291,0.445192,0.104267,0.444875,0.552932
2920,Nganasan,ngan1291,0.005214,0.000601,0.031309,0.003629
2921,Nganasan_Dudinka,ngan1291,0.343768,0.067057,0.364976,0.406251
2922,Nganasan_Dudinka,ngan1291,0.161831,0.036716,0.194908,0.286198
2923,Nganasan_UstAvam,ngan1291,0.219928,0.043628,0.31273,0.282744
2924,Nganasan_UstAvam,ngan1291,0.204087,0.040482,0.324832,0.257157
2925,Nganasan_UstAvam,ngan1291,0.002749,0.000229,0.006049,0.003629
2926,Nganasan_UstAvam,ngan1291,0.079885,0.014245,0.148526,0.086358
2927,Nganasan_UstAvam,ngan1291,0.02728,0.004385,0.179166,0.003629
2928,Nganasan_UstAvam,ngan1291,0.017205,0.002911,0.107978,0.003629
2929,Nganasan_Volochanka,ngan1291,0.027946,0.004541,0.105768,0.003629
2930,Nganasan_Volochanka,ngan1291,0.011668,0.001857,0.071658,0.003629
2931,Nganasan_Volochanka,ngan1291,0.013675,0.00228,0.088844,0.003629
2932,Nganasan_Volochanka,ngan1291,0.003735,0.000386,0.024678,0.003629
2933,Nganasan_Volochanka,ngan1291,0.295117,0.066922,0.319371,0.407419
2934,Nganasan_Volochanka,ngan1291,0.023024,0.003891,0.137768,0.004743
2935,Nganasan_Volochanka,ngan1291,0.014186,0.002433,0.089409,0.003629
2936,Nganasan_Volochanka,ngan1291,0.003071,0.000276,0.012132,0.003652
2937,Nganasan_Volochanka,ngan1291,0.014241,0.002064,0.085135,0.00374
2938,Nganasan_Volochanka,ngan1291,0.082413,0.014453,0.198788,0.107981
2939,Nganasan_Volochanka,ngan1291,0.011275,0.001771,0.069049,0.003629
2940,Nggela,gela1263,1.271483,0.50094,0.906015,1.449437
2941,Nggela,gela1263,1.260503,0.483412,0.890298,1.461497
2942,Nggela,gela1263,1.099798,0.444602,0.822454,1.276455
2943,Nggela,gela1263,1.165206,0.478465,0.865403,1.303394
2944,Nggela,gela1263,1.182336,0.459724,0.849265,1.356715
2945,Nggela,gela1263,1.179661,0.472404,0.857673,1.340409
2946,Nivh,gily1242,0.835684,0.333742,0.964575,0.842906
2947,Nivh,gily1242,0.855425,0.346712,0.98459,0.846432
2948,Nivh,gily1242,0.820817,0.329121,0.965173,0.837833
2949,Nivh,gily1242,0.872962,0.33582,0.989887,0.896901
2950,Nivh,gily1242,0.840544,0.320933,0.970272,0.85443
2951,Nivh,gily1242,0.776279,0.29592,0.94381,0.794515
2952,Nivh,gily1242,0.820516,0.322284,0.966745,0.865929
2953,Nivh,gily1242,0.87114,0.335513,0.998425,0.887563
2990,Notsi,nots1237,1.142408,0.512423,0.734574,1.301549
2991,Notsi,nots1237,1.173776,0.558744,0.794533,1.320288
2992,Notsi,nots1237,1.076141,0.52676,0.67805,1.241995
2993,Notsi,nots1237,1.166641,0.528927,0.787717,1.318445
2994,Notsi,nots1237,1.163429,0.518005,0.761854,1.332185
2995,Notsi,nots1237,1.133106,0.520887,0.687725,1.323801
2996,Notsi,nots1237,1.135688,0.533889,0.749105,1.257483
2997,Notsi,nots1237,1.197316,0.553381,0.79018,1.360826
2998,Notsi,nots1237,1.290323,0.57485,0.898217,1.447592
3029,Ontong_Java,onto1237,0.882525,0.33282,0.843412,0.884128
3030,Ontong_Java,onto1237,0.903369,0.330672,0.855121,0.85966
3031,Ontong_Java,onto1237,0.833915,0.307854,0.782185,0.825813
3032,Ontong_Java,onto1237,0.904134,0.329061,0.840982,0.891081
3033,Ontong_Java,onto1237,1.147966,0.440629,1.006605,1.162802
3034,Ontong_Java,onto1237,0.964439,0.35491,0.864705,0.992412
3035,Ontong_Java,onto1237,0.868156,0.321474,0.832023,0.84357
3036,Ontong_Java,onto1237,0.952774,0.351614,0.862029,0.95965
3064,Ossetian,iron1242,1.285254,0.442247,1.303545,1.315851
3065,Ossetian,iron1242,1.337138,0.492709,1.299689,1.428628
3066,Ossetian,iron1242,1.238064,0.443697,1.269669,1.284951
3067,Ossetian,iron1242,1.313515,0.460533,1.32253,1.370419
3068,Ossetian,iron1242,1.254405,0.456653,1.294225,1.288718
3069,Ossetian,iron1242,1.32963,0.493134,1.276944,1.412657
3070,Ossetian,iron1242,1.233127,0.436396,1.26019,1.297632
3071,Ossetian,iron1242,1.311811,0.478428,1.295779,1.342633
3072,Ossetian,iron1242,1.285901,0.444698,1.234104,1.417139
3073,Ossetian,iron1242,1.266841,0.443614,1.298315,1.268249
3074,Ossetian_Southern,iron1242,1.16463,0.400706,1.234675,1.198794
3075,Ossetian_Southern,iron1242,1.242148,0.441866,1.286312,1.322845
3076,Ossetian_Southern,iron1242,1.162497,0.407963,1.21789,1.25093
3077,Ossetian_Southern,iron1242,1.102898,0.404389,1.172264,1.173557
3078,Ossetian_Southern,iron1242,1.137871,0.397966,1.201705,1.196885
3079,Ossetian_Southern,iron1242,1.185667,0.393263,1.229418,1.242129
3080,Palestinian,nort3139,1.284407,0.563063,1.070868,1.433858
3081,Palestinian,nort3139,1.282203,0.567883,1.028078,1.493121
3082,Palestinian,nort3139,1.269439,0.570431,1.072549,1.41103
3083,Palestinian,nort3139,1.256865,0.56562,1.025015,1.457529
3084,Palestinian,nort3139,1.385003,0.537147,1.117047,1.629122
3085,Palestinian,nort3139,1.348937,0.56514,1.112357,1.497234
3086,Palestinian,nort3139,1.29306,0.54395,1.042879,1.450502
3087,Palestinian,nort3139,1.298376,0.549208,1.05435,1.468266
3088,Palestinian,nort3139,1.379296,0.58661,1.126988,1.572379
3089,Palestinian,nort3139,1.16822,0.530083,0.948317,1.377586
3090,Palestinian,nort3139,1.339412,0.582691,1.087854,1.520373
3091,Palestinian,nort3139,1.253782,0.566693,1.020671,1.379935
3092,Palestinian,nort3139,1.268639,0.562819,1.052988,1.394122
3093,Palestinian,nort3139,1.349745,0.576174,1.101657,1.579982
3094,Palestinian,nort3139,1.502973,0.620598,1.241135,1.660842
3095,Palestinian,nort3139,1.301215,0.573921,1.052864,1.502261
3096,Palestinian,nort3139,1.321142,0.573452,1.076049,1.542071
3097,Palestinian,nort3139,1.343704,0.568545,1.062874,1.556906
3098,Palestinian,nort3139,1.31191,0.575715,1.075052,1.473177
3099,Palestinian,nort3139,1.317116,0.578067,1.076502,1.491165
3100,Palestinian,nort3139,1.399962,0.577904,1.115708,1.638814
3101,Palestinian,nort3139,1.33925,0.581864,1.104434,1.494912
3102,Palestinian,nort3139,1.290142,0.571313,1.057459,1.422524
3103,Palestinian,nort3139,1.330138,0.576844,1.084751,1.498591
3104,Palestinian,nort3139,1.285175,0.564453,1.05604,1.412199
3105,Palestinian,nort3139,1.300572,0.563562,1.046541,1.511921
3106,Palestinian,nort3139,1.27511,0.562487,1.048201,1.436459
3107,Palestinian,nort3139,1.276964,0.564445,1.060593,1.480394
3108,Palestinian,nort3139,1.32264,0.549587,1.090085,1.516951
3109,Palestinian,nort3139,1.240641,0.549197,1.014024,1.37614
3110,Palestinian,nort3139,1.247218,0.555562,1.011804,1.400749
3111,Palestinian,nort3139,1.327201,0.573723,1.085735,1.567261
3112,Palestinian,nort3139,1.283256,0.570816,1.048821,1.395662
3113,Palestinian,nort3139,1.277307,0.568753,1.048065,1.489943
3114,Palestinian,nort3139,1.247201,0.547171,1.012871,1.412696
3115,Palestinian,nort3139,1.393941,0.553523,1.134473,1.624421
3116,Palestinian,nort3139,1.401149,0.577695,1.137525,1.609462
3117,Palestinian,nort3139,1.298906,0.579738,1.041462,1.471645
3118,Palestinian,nort3139,1.352248,0.588916,1.100756,1.523503
3119,Palestinian,nort3139,1.376813,0.572019,1.115431,1.602799
3120,Palestinian,nort3139,1.371745,0.57554,1.150249,1.498914
3152,Pathan,sout2649,1.269638,0.527836,1.246664,1.483193
3153,Pathan,sout2649,1.441635,0.485683,1.345133,1.612995
3154,Pathan,sout2649,1.305446,0.528104,1.291233,1.517766
3155,Pathan,sout2649,1.284047,0.519059,1.257224,1.46255
3156,Pathan,sout2649,1.232536,0.537601,1.240072,1.445957
3157,Pathan,sout2649,1.283865,0.537406,1.251322,1.509618
3158,Pathan,sout2649,1.435504,0.525149,1.353629,1.678541
3159,Pathan,sout2649,1.269807,0.537865,1.292554,1.460691
3160,Pathan,sout2649,1.197541,0.556739,1.206901,1.376587
3161,Pathan,sout2649,1.169616,0.529485,1.173111,1.364343
3162,Pathan,sout2649,1.238511,0.510285,1.23711,1.49067
3163,Pathan,sout2649,1.322322,0.526427,1.29115,1.571455
3164,Pathan,sout2649,1.139416,0.499401,1.203035,1.371477
3165,Pathan,sout2649,1.250741,0.548857,1.210391,1.447834
3166,Pathan,sout2649,1.203891,0.457296,1.235562,1.395056
3167,Pathan,sout2649,1.324076,0.51143,1.329922,1.497361
3168,Pathan,sout2649,1.254061,0.522653,1.270376,1.440354
3169,Pathan,sout2649,1.256348,0.549033,1.272015,1.465449
3170,Pathan,sout2649,1.238831,0.536044,1.187929,1.482519
3171,Pathan,sout2649,1.247894,0.494782,1.229723,1.450003
3172,Pathan,sout2649,1.251157,0.54511,1.284236,1.455116
3173,Pathan,sout2649,1.260209,0.485374,1.230468,1.473838
3174,Pathan,sout2649,1.294983,0.492807,1.258602,1.45825
3175,Pathan,sout2649,1.31203,0.545103,1.27543,1.509634
3176,Peru_Quechua,cusc1236,0.620704,0.145367,0.555417,0.711294
3177,Peru_Quechua,cusc1236,0.698418,0.181687,0.640728,0.743836
3178,Peru_Quechua,cusc1236,0.616851,0.142515,0.556569,0.651483
3179,Peru_Quechua,cusc1236,0.251856,0.053177,0.180665,0.337036
3180,Peru_Quechua,cusc1236,0.431378,0.100241,0.33939,0.507267
3186,Pima,pima1248,0.453362,0.172559,0.50826,0.14129
3187,Pima,pima1248,0.351527,0.140918,0.32405,0.003652
3188,Pima,pima1248,0.336023,0.134156,0.303784,0.003629
3189,Pima,pima1248,0.347606,0.13863,0.341377,0.003629
3190,Pima,pima1248,0.459072,0.166144,0.341558,0.400691
3191,Pima,pima1248,0.448353,0.163708,0.51696,0.003629
3192,Pima,pima1248,0.530975,0.196642,0.526386,0.340123
3193,Pima,pima1248,0.36409,0.14973,0.362241,0.003629
3194,Pima,pima1248,0.622205,0.204779,0.607028,0.437148
3195,Pima,pima1248,0.323603,0.122693,0.281333,0.003629
3196,Pima,pima1248,0.508179,0.179474,0.323542,0.545841
3197,Pima,pima1248,0.523222,0.194456,0.641662,0.003663
3198,Pima,pima1248,0.50879,0.180453,0.460007,0.413504
3199,Pima,pima1248,0.478195,0.184152,0.578402,0.003629
3200,Polish_Lublin,poli1260,0.69169,0.211422,0.517067,0.858927
3201,Polish_Lublin,poli1260,0.645667,0.187823,0.481002,0.80727
3202,Polish_Lublin,poli1260,0.671929,0.195182,0.486349,0.80328
3203,Polish_Lublin,poli1260,0.687829,0.214571,0.505602,0.840401
3204,Polish_Lublin,poli1260,0.744376,0.24308,0.534549,0.950516
3205,Polish_Lublin,poli1260,0.862669,0.310718,0.643252,1.038356
3206,Polish_Lublin,poli1260,0.669754,0.220612,0.449935,0.871211
3207,Polish_Lublin,poli1260,0.848858,0.304248,0.611066,1.046915
3208,Polish_Poznan,poli1260,0.69003,0.223053,0.475482,0.846768
3209,Polish_Poznan,poli1260,0.744752,0.249615,0.52735,0.910796
3210,Polish_Poznan,poli1260,0.717984,0.222655,0.491017,0.89652
3211,Polish_Poznan,poli1260,0.76698,0.235435,0.564717,0.950129
3212,Polish_Poznan,poli1260,0.702396,0.221652,0.505945,0.870073
3213,Polish_Poznan,poli1260,0.615731,0.182945,0.443048,0.773295
3214,Polish_Poznan,poli1260,0.597744,0.190114,0.40118,0.738553
3215,Polish_Poznan,poli1260,0.807128,0.240242,0.611185,0.993261
3216,Polish_Poznan,poli1260,0.652706,0.188201,0.483791,0.82249
3217,Polish_Poznan,poli1260,0.645164,0.196304,0.458057,0.815945
3218,Polish_Poznan,poli1260,0.610799,0.185284,0.433467,0.751394
3219,Polish_Poznan,poli1260,0.643839,0.202698,0.460838,0.820128
3220,Polish_Poznan,poli1260,0.766296,0.237449,0.57617,0.91674
3221,Polish_Poznan,poli1260,0.687073,0.216336,0.506586,0.824981
3222,Polish_Poznan,poli1260,0.719487,0.224346,0.523231,0.87748
3223,Punjabi,panj1256,1.092152,0.462296,1.090056,1.336276
3224,Punjabi,panj1256,1.11957,0.424476,1.094107,1.318208
3225,Punjabi,panj1256,1.083403,0.426824,1.102741,1.268333
3226,Punjabi,panj1256,0.83865,0.322885,0.933489,1.012025
3227,Punjabi,panj1256,1.043217,0.372403,1.085046,1.179214
3228,Punjabi,panj1256,0.970628,0.34949,0.970106,1.145323
3229,Punjabi,panj1256,0.899214,0.349575,0.918622,1.044531
3230,Punjabi,panj1256,1.02183,0.364133,1.064899,1.178116
3238,Ranongga,ghan1242,0.51718,0.196889,0.41221,0.608772
3239,Ranongga,ghan1242,0.636733,0.283953,0.403433,0.755682
3240,Ranongga,ghan1242,0.54099,0.209893,0.452667,0.633799
3241,Ranongga,ghan1242,0.494312,0.191457,0.445109,0.56128
3242,Ranongga,ghan1242,0.632494,0.253218,0.490977,0.750831
3243,Ranongga,ghan1242,0.559293,0.214228,0.42722,0.663918
3244,Rennell_and_Bellona,renn1242,0.349292,0.186991,0.681224,0.041254
3245,Rennell_and_Bellona,renn1242,0.339802,0.184228,0.684545,0.013208
3246,Rennell_and_Bellona,renn1242,0.323238,0.182587,0.687309,0.003629
3247,Rennell_and_Bellona,renn1242,0.327763,0.182175,0.683615,0.003629
3248,Rennell_and_Bellona,renn1242,0.334452,0.181823,0.686949,0.003629
3249,Rennell_and_Bellona,renn1242,0.360491,0.187791,0.684396,0.062346
3250,Rennell_and_Bellona,renn1242,0.340868,0.184019,0.684054,0.028683
3261,Russell,lavu1241,0.861289,0.306129,0.678578,0.978269
3262,Russell,lavu1241,0.946734,0.330946,0.707853,1.102512
3263,Russell,lavu1241,1.038184,0.365527,0.755735,1.186736
3264,Russell,lavu1241,1.277227,0.440797,1.037429,1.435594
3265,Russian,russ1263,0.825017,0.235978,0.653584,0.957447
3266,Russian,russ1263,0.768634,0.214618,0.622499,0.8779
3267,Russian,russ1263,0.835131,0.221478,0.619663,1.008157
3268,Russian,russ1263,0.876068,0.228983,0.710951,1.035756
3269,Russian,russ1263,0.757495,0.207247,0.600081,0.893994
3270,Russian,russ1263,0.814267,0.222018,0.637237,0.969097
3271,Russian,russ1263,0.844314,0.227551,0.678884,0.990188
3272,Russian,russ1263,0.841937,0.248535,0.643731,0.995232
3273,Russian,russ1263,0.79872,0.223027,0.611739,0.975613
3274,Russian,russ1263,0.824433,0.228475,0.595167,1.038972
3275,Russian,russ1263,0.834753,0.237618,0.645529,1.007678
3276,Russian,russ1263,0.744006,0.200575,0.586562,0.906898
3277,Russian,russ1263,0.836497,0.236018,0.621608,1.023684
3278,Russian,russ1263,0.903035,0.253104,0.697079,1.074553
3279,Russian,russ1263,0.877381,0.237427,0.684663,1.045823
3280,Russian,russ1263,0.917909,0.247392,0.724319,1.08504
3281,Russian,russ1263,0.891511,0.249176,0.722567,1.040883
3282,Russian,russ1263,0.834105,0.235148,0.625806,0.940672
3283,Russian,russ1263,0.866501,0.251686,0.64954,1.008094
3284,Russian,russ1263,0.815057,0.221388,0.648174,0.95905
3285,Russian,russ1263,0.761644,0.220653,0.557648,0.93888
3286,Russian,russ1263,0.898143,0.245689,0.69067,1.081538
3287,Russian,russ1263,0.746398,0.201642,0.585149,0.879905
3288,Russian_Archangelsk_Krasnoborsky,russ1263,0.696083,0.200017,0.492411,0.856203
3289,Russian_Archangelsk_Krasnoborsky,russ1263,0.949959,0.25212,0.737654,1.140533
3290,Russian_Archangelsk_Krasnoborsky,russ1263,0.844001,0.222934,0.664016,1.012138
3291,Russian_Archangelsk_Krasnoborsky,russ1263,0.647408,0.186604,0.528304,0.774365
3292,Russian_Archangelsk_Krasnoborsky,russ1263,0.690791,0.196553,0.520953,0.820917
3293,Russian_Archangelsk_Krasnoborsky,russ1263,0.768307,0.211648,0.610533,0.934612
3294,Russian_Archangelsk_Leshukonsky,russ1263,0.828552,0.245545,0.656822,0.875045
3295,Russian_Archangelsk_Leshukonsky,russ1263,0.763571,0.249986,0.544895,0.948814
3296,Russian_Archangelsk_Leshukonsky,russ1263,0.870046,0.27156,0.676988,0.932734
3297,Russian_Archangelsk_Leshukonsky,russ1263,0.709679,0.216695,0.586747,0.700611
3298,Russian_Archangelsk_Leshukonsky,russ1263,0.872945,0.246904,0.678846,0.999459
3299,Russian_Archangelsk_Pinezhsky,russ1263,0.729548,0.209932,0.573177,0.828037
3300,Russian_Archangelsk_Pinezhsky,russ1263,0.683933,0.209224,0.497406,0.783383
3301,Russian_Archangelsk_Pinezhsky,russ1263,0.721032,0.204341,0.554012,0.819645
3302,Russian_Archangelsk_Pinezhsky,russ1263,0.823887,0.227168,0.660892,0.877981
3303,Russian_Archangelsk_Pinezhsky,russ1263,0.69412,0.205351,0.580439,0.75604
3304,Russian_Belgorod,russ1263,0.796799,0.240403,0.568496,0.964754
3305,Russian_Belgorod,russ1263,0.730451,0.207003,0.545251,0.867495
3306,Russian_Belgorod,russ1263,0.819824,0.265772,0.600478,0.966535
3307,Russian_Belgorod,russ1263,0.728473,0.213251,0.536171,0.904843
3308,Russian_Kaluga,russ1263,0.977523,0.248427,0.76137,1.171631
3309,Russian_Kaluga,russ1263,0.612171,0.172352,0.465864,0.746727
3310,Russian_Kaluga,russ1263,0.724997,0.208416,0.539327,0.871583
3311,Russian_Kaluga,russ1263,0.740332,0.203066,0.570103,0.912989
3312,Russian_Kaluga,russ1263,0.597254,0.172621,0.428706,0.73765
3313,Russian_Kursk,russ1263,0.741009,0.210769,0.555822,0.89237
3314,Russian_Kursk,russ1263,0.676215,0.189894,0.498111,0.819597
3315,Russian_Kursk,russ1263,0.862492,0.26087,0.641272,1.016589
3316,Russian_Kursk,russ1263,0.784981,0.218952,0.584588,0.958115
3317,Russian_Oryol,russ1263,0.820931,0.22454,0.631382,0.968772
3318,Russian_Oryol,russ1263,0.729205,0.219613,0.557229,0.853988
3319,Russian_Oryol,russ1263,0.758212,0.232827,0.545663,0.891772
3320,Russian_Oryol,russ1263,0.792204,0.235809,0.600273,0.936594
3321,Russian_Pskov_Ostrov,russ1263,0.66021,0.184856,0.503162,0.779396
3322,Russian_Pskov_Ostrov,russ1263,0.403442,0.121396,0.282523,0.478962
3323,Russian_Pskov_Ostrov,russ1263,0.459349,0.127786,0.3638,0.575992
3324,Russian_Pskov_Ostrov,russ1263,0.517778,0.143697,0.381774,0.653396
3325,Russian_Pskov_Porkhov,russ1263,0.581468,0.157315,0.424974,0.720493
3326,Russian_Pskov_Porkhov,russ1263,0.737642,0.203976,0.561428,0.892606
3327,Russian_Pskov_Porkhov,russ1263,0.690187,0.180718,0.549848,0.813392
3328,Russian_Ryazan_Mihailovsky,russ1263,0.804099,0.237615,0.614926,0.968218
3329,Russian_Ryazan_Mihailovsky,russ1263,0.816387,0.218616,0.625704,0.999553
3330,Russian_Ryazan_Mihailovsky,russ1263,0.910933,0.259821,0.696812,1.084358
3331,Russian_Ryazan_Mihailovsky,russ1263,0.841633,0.226653,0.64942,1.02438
3332,Russian_Ryazan_Mihailovsky,russ1263,0.849139,0.24485,0.656378,1.01134
3333,Russian_Ryazan_Spassk_Ryazansky,russ1263,0.67979,0.187156,0.520423,0.819057
3334,Russian_Ryazan_Spassk_Ryazansky,russ1263,0.806331,0.218713,0.623104,0.96658
3335,Russian_Ryazan_Spassk_Ryazansky,russ1263,0.775096,0.221615,0.612613,0.912251
3336,Russian_Ryazan_Spassk_Ryazansky,russ1263,1.16597,0.327447,0.884417,1.406277
3337,Russian_Ryazan_Spassk_Ryazansky,russ1263,0.69616,0.187387,0.537549,0.808978
3338,Russian_Ryazan_Spassk_Ryazansky,russ1263,0.862337,0.253399,0.677519,0.981568
3339,Russian_Ryazan_Spassk_Ryazansky,russ1263,0.760613,0.223403,0.582767,0.910877
3340,Russian_Ryazan_Spassk_Ryazansky,russ1263,0.873893,0.235388,0.66487,1.025594
3341,Russian_Smolensk,russ1263,0.684506,0.196003,0.514755,0.826531
3342,Russian_Smolensk,russ1263,0.592936,0.17964,0.427386,0.714116
3343,Russian_Smolensk,russ1263,0.651595,0.197782,0.493151,0.799066
3344,Russian_Smolensk,russ1263,0.630608,0.180961,0.472694,0.750397
3345,Russian_Smolensk,russ1263,0.782092,0.230882,0.598406,0.92033
3346,Russian_Smolensk,russ1263,0.811121,0.223216,0.618929,1.002289
3347,Russian_Smolensk,russ1263,0.649279,0.186092,0.450164,0.803432
3348,Russian_Tver,russ1263,0.822106,0.228023,0.637857,1.006153
3349,Russian_Tver,russ1263,0.880345,0.241503,0.665558,1.054756
3350,Russian_Tver,russ1263,0.955871,0.251126,0.751271,1.118083
3351,Russian_Tver,russ1263,0.666827,0.185114,0.508687,0.811676
3352,Russian_Yaroslavl,russ1263,0.667272,0.180935,0.52298,0.793591
3353,Russian_Yaroslavl,russ1263,0.691308,0.183541,0.516054,0.842962
3354,Russian_Yaroslavl,russ1263,0.752141,0.20976,0.574738,0.867013
3355,Saami,nort2671,0.889008,0.284922,0.70904,0.926951
3356,Saami,nort2671,0.903489,0.293689,0.720106,0.953699
3357,Saami,nort2671,0.91792,0.345307,0.733241,0.99956
3358,Saharawi,hass1238,1.117096,0.480444,1.015264,1.137584
3359,Saharawi,hass1238,1.121786,0.455786,1.072498,0.990073
3360,Saharawi,hass1238,1.229296,0.530995,1.095135,1.395488
3361,Saharawi,hass1238,1.164423,0.4937,1.049286,1.274167
3362,Saharawi,hass1238,1.167641,0.476508,1.067307,1.145189
3363,Saharawi,hass1238,1.145088,0.476811,1.070726,1.099032
3364,Saharawi,hass1238,1.149501,0.488408,1.087528,1.185918
3365,Saharawi,hass1238,1.138939,0.460673,1.012661,1.132939
3366,Saharawi,hass1238,1.149114,0.480575,1.034766,1.219018
3372,Sandawe,sand1273,1.365038,0.487841,1.159976,1.476338
3373,Sandawe,sand1273,1.423076,0.513674,1.235899,1.473773
3374,Sandawe,sand1273,1.403011,0.515809,1.190199,1.474458
3375,Sandawe,sand1273,1.3981,0.523878,1.236314,1.431136
3376,Sandawe,sand1273,1.452778,0.536141,1.268048,1.494066
3377,Sandawe,sand1273,1.375961,0.511961,1.226779,1.400373
3378,Sandawe,sand1273,1.422538,0.524283,1.273101,1.426866
3379,Sandawe,sand1273,1.414906,0.529054,1.233277,1.462373
3380,Sandawe,sand1273,1.414868,0.527893,1.228576,1.465421
3381,Sandawe,sand1273,1.410751,0.525757,1.22802,1.509481
3382,Sandawe,sand1273,1.387878,0.509692,1.222117,1.420272
3383,Sandawe,sand1273,1.398637,0.522678,1.229075,1.420853
3384,Sandawe,sand1273,1.162484,0.402629,0.929202,1.3809
3385,Sandawe,sand1273,1.394519,0.528213,1.208527,1.476549
3386,Sandawe,sand1273,1.433166,0.532155,1.288428,1.402413
3387,Sandawe,sand1273,1.358577,0.499811,1.162939,1.464375
3388,Sandawe,sand1273,1.39164,0.519614,1.245974,1.392694
3389,Sandawe,sand1273,1.25261,0.466973,1.017596,1.431484
3390,Sandawe,sand1273,1.407111,0.513501,1.24792,1.434741
3391,Sandawe,sand1273,1.362464,0.494955,1.149268,1.479213
3392,Sandawe,sand1273,1.405716,0.511231,1.242194,1.455226
3393,Sandawe,sand1273,1.429646,0.524889,1.241228,1.496985
3394,Sandawe,sand1273,1.417008,0.531678,1.227338,1.445426
3411,Saposa,sapo1253,0.886436,0.278098,0.693529,0.998814
3412,Saposa,sapo1253,0.89793,0.309883,0.686061,1.002478
3413,Saposa,sapo1253,0.878142,0.28409,0.668135,1.010462
3414,Saposa,sapo1253,0.945122,0.317499,0.673077,1.107011
3415,Saposa,sapo1253,1.270451,0.51393,0.898892,1.412985
3416,Saposa,sapo1253,0.853366,0.290328,0.644278,0.951635
3417,Saposa,sapo1253,0.949844,0.314641,0.701087,1.075726
3418,Saposa,sapo1253,0.872306,0.288332,0.616875,1.003981
3419,Saposa,sapo1253,0.712004,0.231002,0.536704,0.803091
3420,Saposa,sapo1253,1.038033,0.35464,0.748859,1.180637
3421,Sardinian,camp1261,0.83175,0.375019,0.727068,0.848086
3422,Sardinian,camp1261,0.757219,0.349454,0.715407,0.725097
3423,Sardinian,camp1261,0.778211,0.349125,0.720544,0.781521
3424,Sardinian,camp1261,0.724555,0.345094,0.722088,0.651426
3425,Sardinian,camp1261,0.758206,0.355743,0.700118,0.734194
3426,Sardinian,camp1261,0.703089,0.335354,0.710484,0.607869
3427,Sardinian,camp1261,0.740506,0.350503,0.693356,0.737149
3428,Sardinian,camp1261,0.804841,0.365871,0.719046,0.744162
3429,Sardinian,camp1261,0.832985,0.372228,0.732657,0.828174
3430,Sardinian,camp1261,0.737051,0.336971,0.720895,0.700852
3431,Sardinian,camp1261,0.733762,0.347174,0.722666,0.71478
3432,Sardinian,camp1261,0.741455,0.350073,0.713927,0.726607
3433,Sardinian,camp1261,0.680814,0.329127,0.698408,0.562192
3434,Sardinian,camp1261,0.707126,0.337866,0.691686,0.66541
3435,Sardinian,camp1261,0.688305,0.343711,0.717092,0.606477
3436,Sardinian,camp1261,0.791376,0.351427,0.736455,0.720619
3437,Sardinian,camp1261,0.793157,0.363319,0.728632,0.775303
3438,Sardinian,camp1261,0.711026,0.336175,0.699169,0.657769
3439,Sardinian,camp1261,0.735275,0.352766,0.694319,0.669962
3440,Sardinian,camp1261,0.813196,0.361746,0.763113,0.841642
3441,Sardinian,camp1261,0.846696,0.379679,0.716751,0.80846
3442,Sardinian,camp1261,0.704014,0.333877,0.708026,0.599261
3443,Sardinian,camp1261,0.777976,0.35629,0.709364,0.754898
3444,Sardinian,camp1261,0.709561,0.340094,0.716144,0.608691
3445,Sardinian,camp1261,0.76311,0.350387,0.732788,0.751125
3446,Sardinian,camp1261,0.784766,0.357044,0.693879,0.759037
3447,Sardinian,camp1261,0.80901,0.361401,0.726064,0.804466
3448,Sardinian,camp1261,0.73474,0.340993,0.715795,0.731327
3459,Savo,savo1255,1.280146,0.502003,0.887365,1.46767
3460,Savo,savo1255,1.275095,0.502664,0.887117,1.453964
3461,Savo,savo1255,1.195502,0.461179,0.854244,1.341174
3462,Savo,savo1255,1.203774,0.453922,0.863545,1.362289
3463,Savo,savo1255,1.187556,0.451601,0.853486,1.355452
3464,Savo,savo1255,1.196799,0.482156,0.85804,1.347869
3465,Savo,savo1255,1.159546,0.448218,0.837809,1.323619
3512,Selkup,selk1253,0.726318,0.2742,1.07141,0.171998
3513,Selkup,selk1253,1.120926,0.395459,0.967917,1.205641
3514,Selkup,selk1253,1.134165,0.412122,1.168642,1.066197
3515,Selkup,selk1253,0.752151,0.287063,0.957881,0.42658
3516,Selkup,selk1253,1.099951,0.419523,1.038088,1.185247
3517,Selkup,selk1253,1.138215,0.430271,0.867613,1.331487
3518,Selkup,selk1253,1.06691,0.351466,0.779657,1.276356
3519,Selkup,selk1253,1.216345,0.50198,1.043671,1.155731
3520,Selkup,selk1253,1.081085,0.374202,1.016272,1.110232
3521,Selkup,selk1253,0.934609,0.365386,1.037687,0.54379
3522,Selkup_Farkovo,selk1253,1.00674,0.341054,1.024037,0.855829
3523,Selkup_Farkovo,selk1253,0.652791,0.240656,1.069176,0.00372
3524,Selkup_Farkovo,selk1253,0.707633,0.263161,1.085782,0.030059
3525,Selkup_Farkovo,selk1253,0.720413,0.266496,1.093412,0.063571
3526,Selkup_Farkovo,selk1253,0.62915,0.245038,1.030551,0.003629
3527,Selkup_Farkovo,selk1253,0.685664,0.256171,1.057405,0.020919
3528,Selkup_Farkovo,selk1253,0.677801,0.251988,1.048642,0.028076
3529,Selkup_Farkovo,selk1253,0.667544,0.251148,0.988181,0.003629
3530,Selkup_Turukhansk,selk1253,0.637154,0.236932,1.078121,0.003685
3531,Selkup_Turukhansk,selk1253,0.767788,0.269609,1.20244,0.091051
3532,Selkup_Turukhansk,selk1253,0.714473,0.256612,1.165201,0.00364
3533,Selkup_Turukhansk,selk1253,1.125566,0.432681,1.031606,1.088976
3534,Selkup_Turukhansk,selk1253,0.799623,0.290613,1.191313,0.148322
3535,Selkup_Turukhansk,selk1253,0.655734,0.251681,1.074414,0.003629
3549,She,shee1238,0.646601,0.367199,0.449669,0.681171
3550,She,shee1238,0.651949,0.378341,0.497572,0.691776
3551,She,shee1238,0.681561,0.385296,0.516127,0.740065
3552,She,shee1238,0.65463,0.366449,0.461577,0.701755
3553,She,shee1238,0.650096,0.369752,0.474174,0.683971
3554,She,shee1238,0.674698,0.373855,0.50414,0.733908
3555,She,shee1238,0.674882,0.38102,0.493762,0.713359
3556,She,shee1238,0.698544,0.373034,0.533117,0.751564
3557,She,shee1238,0.680947,0.381215,0.497921,0.715179
3558,Shor_Khakassia,shor1247,1.451379,0.545475,1.360355,1.247235
3559,Shor_Khakassia,shor1247,1.339072,0.503753,1.336681,0.816889
3560,Shor_Khakassia,shor1247,1.455039,0.540453,1.411869,1.023637
3561,Shor_Khakassia,shor1247,1.412787,0.513884,1.375044,1.012006
3562,Shor_Khakassia,shor1247,1.56125,0.557276,1.444,1.378871
3563,Shor_Mountain,shor1247,1.340042,0.512258,1.383563,0.744559
3564,Shor_Mountain,shor1247,1.568844,0.561939,1.465272,1.211357
3565,Shor_Mountain,shor1247,1.438062,0.545455,1.356491,1.170548
3566,Shor_Mountain,shor1247,1.433429,0.525335,1.415993,0.9853
3567,Shor_Mountain,shor1247,1.40282,0.535851,1.318675,1.156471
3568,Shor_Mountain,shor1247,1.530858,0.560258,1.434607,1.264771
3569,Shor_Mountain,shor1247,1.424376,0.528082,1.388721,1.073861
3580,Sicilian_East,sici1248,1.254978,0.582376,0.971922,1.481484
3581,Sicilian_East,sici1248,1.301862,0.599679,0.988582,1.517889
3582,Sicilian_East,sici1248,1.338015,0.601537,1.032925,1.560091
3583,Sicilian_East,sici1248,1.269134,0.61131,0.956783,1.450835
3584,Sicilian_East,sici1248,1.299839,0.599639,0.995626,1.54495
3585,Sicilian_West,sici1248,1.214471,0.555781,0.918432,1.408499
3586,Sicilian_West,sici1248,1.290698,0.602363,0.979298,1.548298
3587,Sicilian_West,sici1248,1.222223,0.569859,0.924495,1.480105
3588,Sicilian_West,sici1248,1.318595,0.609891,1.01385,1.569449
3589,Sicilian_West,sici1248,1.293837,0.570416,0.998155,1.486323
3590,Sicilian_West,sici1248,1.284505,0.583149,1.005417,1.493375
3615,Somali,soma1255,1.015939,0.500893,1.088435,0.735203
3616,Somali,soma1255,1.072957,0.508704,1.139312,0.73631
3617,Somali,soma1255,1.045658,0.501606,1.146955,0.738536
3618,Somali,soma1255,1.098716,0.50777,1.174996,0.809491
3619,Somali,soma1255,1.01536,0.498819,1.065821,0.720794
3620,Somali,soma1255,1.042583,0.495923,1.125768,0.759586
3621,Somali,soma1255,1.014642,0.500314,1.133139,0.683701
3622,Somali,soma1255,1.064278,0.491701,1.126819,0.770783
3623,Somali,soma1255,1.043806,0.505901,1.122069,0.72083
3624,Somali,soma1255,1.058749,0.495323,1.108609,0.789161
3625,Somali,soma1255,1.073501,0.509711,1.138244,0.718981
3626,Somali,soma1255,1.027773,0.494174,1.105824,0.691945
3627,Somali,soma1255,1.003525,0.491275,1.121719,0.67897
3644,Spanish_Basque,basq1248,0.630032,0.327276,0.572326,0.715287
3645,Spanish_Basque,basq1248,0.613106,0.322271,0.567704,0.664534
3646,Spanish_Basque,basq1248,0.635589,0.317699,0.584451,0.71866
3647,Spanish_Basque,basq1248,0.609613,0.3186,0.5676,0.650031
3648,Spanish_Basque,basq1248,0.636666,0.329093,0.589627,0.725634
3649,Spanish_Basque,basq1248,0.614952,0.320631,0.569495,0.650198
3650,Spanish_Basque,basq1248,0.635399,0.3237,0.600013,0.666555
3651,Spanish_Basque,basq1248,0.637241,0.335353,0.595787,0.676301
3652,Spanish_Basque,basq1248,0.624983,0.322245,0.564693,0.729179
3668,Spanish_Cataluna,stan1289,0.954686,0.398172,0.698111,1.177992
3669,Spanish_Cataluna,stan1289,0.956937,0.422773,0.687035,1.163385
3670,Spanish_Cataluna,stan1289,0.879785,0.390783,0.688451,1.112901
3671,Spanish_Cataluna,stan1289,0.872877,0.380424,0.65981,1.071161
3672,Spanish_Cataluna,stan1289,1.027801,0.432604,0.767132,1.257765
3678,Spanish_Galicia,gali1258,1.075547,0.457823,0.765296,1.349795
3679,Spanish_Galicia,gali1258,0.954546,0.405798,0.731563,1.212716
3680,Spanish_Galicia,gali1258,1.14668,0.466322,0.852593,1.415564
3681,Spanish_Galicia,gali1258,1.014921,0.421771,0.789495,1.253041
3682,Spanish_Galicia,gali1258,0.998059,0.420945,0.755733,1.252483
3688,Spanish_PaisVasco,basq1248,0.720128,0.346978,0.583867,0.874885
3689,Spanish_PaisVasco,basq1248,0.644949,0.334326,0.595329,0.756072
3690,Spanish_PaisVasco,basq1248,0.697696,0.342826,0.58157,0.805764
3691,Spanish_PaisVasco,basq1248,0.71728,0.346402,0.615118,0.853548
3692,Spanish_PaisVasco,basq1248,0.633201,0.335287,0.583901,0.697813
3693,Spanish_Valencia,stan1289,0.99563,0.411378,0.759623,1.222251
3694,Spanish_Valencia,stan1289,0.883685,0.3907,0.663518,1.098481
3695,Spanish_Valencia,stan1289,1.087755,0.453884,0.813639,1.332796
3696,Spanish_Valencia,stan1289,1.013425,0.421539,0.769732,1.247137
3697,Spanish_Valencia,stan1289,0.897082,0.386996,0.717331,1.104453
3737,Taa_East,huaa1248,0.473335,0.179928,0.472234,0.476419
3738,Taa_East,huaa1248,0.428858,0.152396,0.427301,0.432425
3739,Taa_East,huaa1248,0.456574,0.16915,0.455386,0.459794
3740,Taa_East,huaa1248,0.60671,0.292717,0.606368,0.608618
3741,Taa_East,huaa1248,0.356554,0.113899,0.354393,0.361132
3742,Taa_East,huaa1248,0.398192,0.13522,0.396469,0.401813
3743,Taa_East,huaa1248,0.291299,0.084406,0.288392,0.296459
3744,Taa_East,huaa1248,0.288374,0.077213,0.26608,0.301826
3786,Tahiti,tahi1242,0.78209,0.290028,1.014482,0.640473
3787,Tahiti,tahi1242,0.675437,0.247562,0.899419,0.479704
3788,Tahiti,tahi1242,1.199354,0.425695,1.320591,1.102429
3789,Tahiti,tahi1242,0.693826,0.249226,0.850982,0.520445
3790,TaiwanHan,mand1415,0.665879,0.381224,0.49473,0.70205
3791,TaiwanHan,mand1415,0.699999,0.386009,0.507847,0.746912
3792,TaiwanHan,mand1415,0.697304,0.391236,0.496654,0.745451
3793,TaiwanHan,mand1415,0.77896,0.364113,0.641119,0.803519
3794,TaiwanHan,mand1415,0.78208,0.34641,0.655149,0.820083
3795,TaiwanHan,mand1415,0.659793,0.382773,0.49896,0.722421
3796,TaiwanHan,mand1415,0.701392,0.388242,0.514999,0.754303
3797,TaiwanHan,mand1415,0.674852,0.391322,0.534783,0.721265
3798,TaiwanHan,mand1415,0.680684,0.375408,0.499322,0.723072
3799,TaiwanHan,mand1415,0.663489,0.378911,0.482031,0.704712
3839,Tatar_Kazan,tata1255,1.499145,0.469479,1.21885,1.735675
3840,Tatar_Kazan,tata1255,1.473669,0.464813,1.231289,1.621447
3841,Tatar_Kazan,tata1255,1.321111,0.386631,1.056474,1.509761
3842,Tatar_Kazan,tata1255,1.582502,0.48216,1.286952,1.831542
3843,Tatar_Kazan,tata1255,1.459238,0.442926,1.17898,1.642518
3844,Tatar_Kazan,tata1255,1.493286,0.465667,1.201711,1.77306
3845,Tatar_Kazan,tata1255,1.443837,0.433535,1.160906,1.68996
3846,Tatar_Kazan,tata1255,1.468139,0.461041,1.212179,1.699104
3847,Tatar_Kazan,tata1255,1.456278,0.457407,1.227898,1.686407
3848,Tatar_Kazan,tata1255,1.407448,0.456286,1.202532,1.529306
3849,Tatar_Kazan,tata1255,1.399906,0.432642,1.156107,1.599146
3850,Tatar_Kazan,tata1255,1.490596,0.457731,1.211336,1.748802
3851,Tatar_Kazan,tata1255,1.493765,0.462663,1.221765,1.703703
3852,Tatar_Mishar,tata1255,1.213753,0.34644,0.984502,1.374495
3853,Tatar_Mishar,tata1255,1.310757,0.378995,1.046637,1.516559
3854,Tatar_Mishar,tata1255,1.257207,0.352233,1.063512,1.419314
3855,Tatar_Mishar,tata1255,1.389857,0.429233,1.134049,1.599829
3856,Tatar_Mishar,tata1255,1.263354,0.403649,1.03376,1.465263
3857,Tatar_Mishar,tata1255,1.2385,0.382892,1.02485,1.382166
3858,Tatar_Mishar,tata1255,1.360874,0.423343,1.117883,1.546296
3859,Tatar_Mishar,tata1255,1.186219,0.359625,0.956822,1.32584
3860,Tatar_Mishar,tata1255,1.233248,0.353415,1.010424,1.430988
3886,Teop,teop1238,0.698887,0.213942,0.544516,0.786187
3887,Teop,teop1238,0.73168,0.214665,0.492258,0.841829
3888,Teop,teop1238,0.799139,0.242125,0.580633,0.912818
3889,Teop,teop1238,0.577257,0.184294,0.491004,0.645529
3890,Teop,teop1238,0.785844,0.246158,0.60841,0.904188
3891,Teop,teop1238,0.579778,0.157693,0.498823,0.644314
3892,Teop,teop1238,0.613743,0.169349,0.492944,0.704667
3893,Teop,teop1238,0.812558,0.258603,0.645312,0.922622
3894,Teop,teop1238,0.735412,0.230514,0.536236,0.857487
3903,Ticuna,ticu1245,0.320091,0.094788,0.001376,0.545981
3904,Tigak,tiga1245,1.232845,0.537343,0.853924,1.391402
3905,Tigak,tiga1245,1.305225,0.534864,0.887417,1.473041
3906,Tigak,tiga1245,1.252555,0.560074,0.866116,1.405427
3907,Tigak,tiga1245,1.192426,0.509509,0.842359,1.325902
3908,Tigak,tiga1245,1.264661,0.551071,0.842433,1.42189
3909,Tigak,tiga1245,1.262725,0.552828,0.871981,1.422277
3910,Tigak,tiga1245,1.255509,0.541069,0.861346,1.403868
3911,Tigak,tiga1245,1.295274,0.546769,0.885979,1.490896
3912,Tigak,tiga1245,1.284432,0.569387,0.860203,1.424951
3913,Tikopia,tiko1237,0.640938,0.257821,0.840272,0.444356
3914,Tikopia,tiko1237,0.586887,0.240004,0.734753,0.403707
3915,Tikopia,tiko1237,0.599801,0.243978,0.741095,0.425681
3916,Tikopia,tiko1237,0.571038,0.240597,0.750581,0.362465
3917,Tikopia,tiko1237,0.609288,0.246632,0.793021,0.407232
3918,Tikopia,tiko1237,0.666682,0.260096,0.808135,0.498981
3919,Todzin,tuvi1240,1.2823,0.530391,1.056859,1.486091
3920,Todzin,tuvi1240,1.481364,0.59931,1.148725,1.800991
3921,Todzin,tuvi1240,1.242154,0.451544,0.97789,1.451006
3922,Todzin,tuvi1240,1.201132,0.466289,0.899899,1.421838
3943,Tolai_Kabakada,kuan1248,1.126241,0.50325,0.708416,1.258914
3944,Tolai_Kabakada,kuan1248,1.145614,0.506326,0.690016,1.31812
3945,Tolai_Kabakada,kuan1248,1.134739,0.512632,0.712412,1.298184
3946,Tolai_Kabakada,kuan1248,1.394987,0.653164,0.845723,1.57489
3947,Tolai_Kabakada,kuan1248,1.110914,0.497631,0.688473,1.280273
3948,Tolai_Kabakada,kuan1248,1.141283,0.50566,0.689604,1.326667
3949,Tolai_Kabakada,kuan1248,1.295065,0.528373,0.861417,1.46913
3950,Tolai_Kabakada,kuan1248,1.462463,0.650555,0.986055,1.654393
3951,Tolai_Kabakada,kuan1248,1.135737,0.492802,0.717284,1.301032
3952,Tolai_Matupit,kuan1248,1.144656,0.485233,0.707188,1.332149
3953,Tolai_Matupit,kuan1248,1.076468,0.498443,0.692739,1.236781
3956,Tongan,tong1325,1.113211,0.36815,1.012966,1.115858
3957,Tongan,tong1325,0.748685,0.279461,0.849431,0.624499
3958,Tongan,tong1325,0.551672,0.232391,0.692794,0.407687
3959,Tongan,tong1325,0.473904,0.214164,0.691104,0.282599
3960,Tongan,tong1325,0.961846,0.324808,0.950893,0.899541
3961,Tongan,tong1325,0.570192,0.236976,0.693986,0.449717
3962,Tongan,tong1325,0.55265,0.244047,0.780278,0.334613
3963,Tongan,tong1325,0.595612,0.246104,0.727388,0.431193
3964,Tongan,tong1325,0.844152,0.300317,0.913392,0.736325
3965,Tongan,tong1325,0.609661,0.251346,0.690613,0.495416
3974,Tswana,tswa1253,0.577045,0.202612,0.471332,0.638284
3975,Tswana,tswa1253,0.622691,0.185377,0.437228,0.751929
3976,Tswana,tswa1253,0.665616,0.26797,0.557994,0.743382
3977,Tswana,tswa1253,0.783266,0.379992,0.663882,0.863692
3978,Tswana,tswa1253,0.719772,0.305478,0.595522,0.773739
3979,Tu,minh1238,1.144783,0.392062,0.983545,1.246563
3980,Tu,minh1238,1.299385,0.421192,1.094107,1.407033
3981,Tu,minh1238,1.064232,0.360769,0.919413,1.166306
3982,Tu,minh1238,1.345797,0.44109,1.076456,1.484652
3983,Tu,minh1238,1.171326,0.407747,0.959332,1.263339
3984,Tu,minh1238,1.094423,0.38059,0.940059,1.189622
3985,Tu,minh1238,1.299178,0.43414,1.074822,1.426289
3986,Tu,minh1238,1.069386,0.386262,0.929557,1.164303
3987,Tu,minh1238,1.138227,0.400738,0.941252,1.22953
3988,Tu,minh1238,1.211035,0.405101,1.05677,1.287684
4024,Tujia,nort2732,0.676385,0.386289,0.510728,0.69922
4025,Tujia,nort2732,0.761665,0.396302,0.587253,0.802754
4026,Tujia,nort2732,0.670573,0.38155,0.501652,0.717462
4027,Tujia,nort2732,0.801653,0.407011,0.574864,0.845823
4028,Tujia,nort2732,0.796224,0.388754,0.60408,0.85632
4029,Tujia,nort2732,0.680026,0.390712,0.539658,0.714261
4030,Tujia,nort2732,0.673752,0.388942,0.51821,0.714271
4031,Tujia,nort2732,0.715495,0.389854,0.534437,0.781953
4032,Tujia,nort2732,0.721277,0.388071,0.520908,0.766769
4033,Tujia,nort2732,0.664939,0.371477,0.563907,0.695595
4050,Turkish_Adana,nucl1301,1.130036,0.530989,0.952718,1.277023
4051,Turkish_Adana,nucl1301,1.576165,0.599581,1.36755,1.774721
4052,Turkish_Adana,nucl1301,1.23782,0.426667,1.119271,1.448879
4053,Turkish_Adana,nucl1301,1.392124,0.523498,1.18896,1.579061
4054,Turkish_Adana,nucl1301,1.485265,0.592534,1.266925,1.697196
4055,Turkish_Adana,nucl1301,1.398636,0.532145,1.245014,1.529505
4056,Turkish_Adana,nucl1301,1.189753,0.54476,0.990856,1.347201
4057,Turkish_Adana,nucl1301,1.712113,0.58521,1.475118,1.953238
4058,Turkish_Adana,nucl1301,1.471503,0.58782,1.208781,1.658489
4059,Turkish_Adana,nucl1301,1.582678,0.63532,1.285323,1.815215
4060,Turkish_Aydin,nucl1301,1.592237,0.612759,1.369688,1.763586
4061,Turkish_Aydin,nucl1301,1.205188,0.494519,0.931939,1.407977
4062,Turkish_Aydin,nucl1301,1.575809,0.626915,1.375756,1.787815
4063,Turkish_Aydin,nucl1301,1.556289,0.570025,1.421093,1.698677
4064,Turkish_Aydin,nucl1301,1.768216,0.662452,1.507036,1.987447
4065,Turkish_Aydin,nucl1301,1.656489,0.623518,1.444122,1.865
4066,Turkish_Aydin,nucl1301,1.530749,0.607157,1.317079,1.687912
4067,Turkish_Aydin,nucl1301,1.636944,0.646661,1.39808,1.808912
4068,Turkish_Aydin,nucl1301,1.624534,0.657937,1.368633,1.81887
4069,Turkish_Aydin,nucl1301,1.352551,0.516378,1.203764,1.510918
4070,Turkish_Balikesir,nucl1301,1.665096,0.681178,1.428016,1.864441
4071,Turkish_Balikesir,nucl1301,1.603082,0.657735,1.328944,1.870908
4072,Turkish_Balikesir,nucl1301,1.353859,0.648603,1.083894,1.521755
4073,Turkish_Balikesir,nucl1301,1.319686,0.631641,1.058614,1.473146
4074,Turkish_Balikesir,nucl1301,1.641724,0.610605,1.403812,1.83881
4075,Turkish_Balikesir,nucl1301,1.532233,0.638999,1.31657,1.693232
4076,Turkish_Balikesir,nucl1301,1.603285,0.604275,1.398446,1.798773
4077,Turkish_Balikesir,nucl1301,1.515037,0.610711,1.348353,1.697767
4078,Turkish_Balikesir,nucl1301,1.606772,0.657221,1.364955,1.808071
4079,Turkish_Balikesir,nucl1301,1.581583,0.622911,1.365002,1.770492
4080,Turkish_Balikesir,nucl1301,1.588532,0.666838,1.294917,1.765607
4081,Turkish_Istanbul,nucl1301,1.424274,0.611041,1.177912,1.594338
4082,Turkish_Istanbul,nucl1301,1.436744,0.513007,1.297385,1.643636
4083,Turkish_Istanbul,nucl1301,1.528486,0.591781,1.28294,1.7005
4084,Turkish_Istanbul,nucl1301,1.558812,0.545291,1.380654,1.74433
4085,Turkish_Istanbul,nucl1301,1.39121,0.536302,1.236418,1.529622
4086,Turkish_Istanbul,nucl1301,1.452118,0.519147,1.264897,1.600914
4087,Turkish_Istanbul,nucl1301,1.329904,0.465487,1.170726,1.512112
4088,Turkish_Istanbul,nucl1301,1.534054,0.614544,1.293704,1.746424
4089,Turkish_Istanbul,nucl1301,1.408391,0.531031,1.114093,1.634892
4090,Turkish_Istanbul,nucl1301,1.22762,0.512897,0.950281,1.455614
4091,Turkish_Istanbul,nucl1301,1.537514,0.638855,1.307065,1.69913
4092,Turkish_Kayseri,nucl1301,1.266168,0.515095,1.120464,1.421208
4093,Turkish_Kayseri,nucl1301,1.48647,0.547127,1.26203,1.690073
4094,Turkish_Kayseri,nucl1301,1.48718,0.554191,1.279335,1.672999
4095,Turkish_Kayseri,nucl1301,1.409321,0.525141,1.241687,1.573432
4096,Turkish_Kayseri,nucl1301,1.425231,0.542161,1.248318,1.581071
4097,Turkish_Kayseri,nucl1301,1.331921,0.513993,1.1569,1.509542
4098,Turkish_Kayseri,nucl1301,1.420207,0.540142,1.220476,1.604394
4099,Turkish_Kayseri,nucl1301,1.273307,0.496398,1.15545,1.393915
4100,Turkish_Kayseri,nucl1301,1.443354,0.574137,1.241582,1.645692
4101,Turkish_Kayseri,nucl1301,1.445981,0.580204,1.232095,1.589069
4102,Turkish_Trabzon,nucl1301,0.870043,0.404416,0.979677,0.886874
4103,Turkish_Trabzon,nucl1301,0.967394,0.422307,1.005001,0.987345
4104,Turkish_Trabzon,nucl1301,0.931207,0.410577,0.978518,0.970047
4105,Turkish_Trabzon,nucl1301,0.939081,0.450369,0.976908,0.936922
4106,Turkish_Trabzon,nucl1301,1.38538,0.499017,1.27085,1.508358
4107,Turkish_Trabzon,nucl1301,1.095704,0.486446,1.032729,1.139799
4108,Turkish_Trabzon,nucl1301,0.942946,0.423135,0.969967,0.982114
4109,Turkish_Trabzon,nucl1301,0.949647,0.434866,0.951836,0.998213
4110,Turkish_Trabzon,nucl1301,1.042977,0.458597,1.061097,1.058734
4111,Turkish_Trabzon,nucl1301,1.072349,0.44826,1.0219,1.149491
4112,Turkmen,turk1304,1.866302,0.638875,1.563035,2.158199
4113,Turkmen,turk1304,1.871094,0.655813,1.612672,2.183858
4114,Turkmen,turk1304,1.879624,0.745143,1.604432,2.140467
4115,Turkmen,turk1304,1.8896,0.646557,1.577807,2.181225
4116,Turkmen,turk1304,1.842885,0.621101,1.628168,2.128744
4117,Turkmen,turk1304,1.95769,0.719625,1.672371,2.222184
4118,Turkmen,turk1304,1.969265,0.687599,1.69717,2.253365
4119,Bergamo,ital1282,1.009333,0.461438,0.736842,1.17079
4120,Bergamo,ital1282,1.02711,0.446513,0.752909,1.241121
4121,Bergamo,ital1282,0.97025,0.436315,0.698769,1.12764
4122,Bergamo,ital1282,1.114066,0.475678,0.833535,1.307612
4123,Bergamo,ital1282,1.03452,0.46692,0.732864,1.223467
4124,Bergamo,ital1282,1.071777,0.479113,0.782719,1.2592
4125,Bergamo,ital1282,1.020096,0.460458,0.723597,1.190631
4126,Bergamo,ital1282,1.04241,0.467904,0.76178,1.223535
4127,Tuscan,ital1282,1.091199,0.505769,0.78346,1.24471
4128,Tuscan,ital1282,1.131334,0.538965,0.872572,1.351279
4129,Tuscan,ital1282,1.141351,0.536154,0.867609,1.377657
4130,Tuscan,ital1282,1.099041,0.500068,0.805078,1.257727
4131,Tuscan,ital1282,1.097852,0.506469,0.806097,1.255155
4132,Tuscan,ital1282,1.17942,0.51783,0.89429,1.364554
4133,Tuscan,ital1282,1.140158,0.521525,0.818756,1.297421
4134,Tuscan,ital1282,1.130728,0.534261,0.838034,1.31775
4135,Bergamo,ital1282,1.042303,0.477186,0.765819,1.210039
4136,Bergamo,ital1282,1.127772,0.501661,0.859274,1.322493
4137,Bergamo,ital1282,0.984041,0.447183,0.733397,1.130465
4138,Bergamo,ital1282,1.054935,0.471906,0.780921,1.216729
4139,Bergamo,ital1282,0.968766,0.441128,0.673454,1.130801
4140,BedouinA,east2690,1.272546,0.56326,1.045208,1.468979
4141,Tuvinian,tuvi1240,1.413646,0.562524,1.080651,1.643123
4142,Tuvinian,tuvi1240,1.455455,0.597425,1.135546,1.73243
4143,Tuvinian,tuvi1240,1.422095,0.586954,1.081636,1.706304
4144,Tuvinian,tuvi1240,1.433818,0.580904,1.104766,1.695967
4145,Tuvinian,tuvi1240,1.46568,0.594541,1.090484,1.738346
4146,Tuvinian,tuvi1240,1.4423,0.581574,1.124244,1.712028
4147,Tuvinian,tuvi1240,1.418939,0.577284,1.149656,1.657536
4148,Tuvinian,tuvi1240,1.448499,0.585699,1.125344,1.746346
4149,Tuvinian,tuvi1240,1.539814,0.61213,1.205737,1.834761
4150,Tuvinian,tuvi1240,1.575397,0.606158,1.256921,1.837807
4151,Tuvinian_2,tuvi1240,1.504404,0.582939,1.149022,1.768932
4152,Tuvinian_2,tuvi1240,1.53893,0.578822,1.196985,1.785197
4153,Tuvinian_2,tuvi1240,1.407247,0.535351,1.111237,1.651942
4154,Tuvinian_2,tuvi1240,1.47276,0.557876,1.188804,1.689828
4155,Tuvinian_2,tuvi1240,1.476719,0.593239,1.224964,1.716207
4156,Tuvinian_2,tuvi1240,1.400129,0.523797,1.147372,1.597115
4157,Tuvinian_2,tuvi1240,1.394303,0.575993,1.123743,1.615961
4158,Tuvinian_2,tuvi1240,1.478849,0.591575,1.215799,1.719721
4159,Tuvinian_2,tuvi1240,1.443261,0.583402,1.109649,1.681402
4160,Tuvinian_2,tuvi1240,1.543252,0.60311,1.217923,1.81792
4171,Ukrainian_East,ukra1253,0.671595,0.205173,0.529488,0.756562
4172,Ukrainian_East,ukra1253,0.690551,0.200975,0.527067,0.81781
4173,Ukrainian_East,ukra1253,0.726681,0.228919,0.538378,0.870105
4174,Ukrainian_East,ukra1253,0.837148,0.255789,0.650165,0.998155
4175,Ukrainian_East,ukra1253,0.696822,0.217363,0.526907,0.830159
4176,Ukrainian_East,ukra1253,0.879829,0.260846,0.67629,1.065708
4177,Ukrainian_Rovenskaya,ukra1253,0.745264,0.222929,0.557488,0.904195
4178,Ukrainian_Rovenskaya,ukra1253,0.750768,0.229736,0.558021,0.87781
4179,Ukrainian_Rovenskaya,ukra1253,0.635486,0.200324,0.430744,0.78356
4180,Ukrainian_Sumskaya,ukra1253,0.800983,0.249523,0.584257,0.969425
4181,Ukrainian_Sumskaya,ukra1253,0.699143,0.218201,0.508776,0.859819
4182,Ukrainian_Sumskaya,ukra1253,0.801523,0.227287,0.605806,0.953225
4183,Ukrainian_Sumskaya,ukra1253,0.707459,0.218978,0.523925,0.841136
4184,Ukrainian_Sumskaya,ukra1253,0.632825,0.193475,0.445712,0.771068
4185,Ukrainian_West,ukra1253,0.918418,0.275107,0.70161,1.105284
4186,Ukrainian_West,ukra1253,0.79699,0.253807,0.602413,0.951551
4187,Ukrainian_West,ukra1253,0.974996,0.301115,0.735101,1.163722
4188,Ukrainian_Zhitomirskaya,ukra1253,0.664549,0.197877,0.498244,0.787617
4189,Ukrainian_Zhitomirskaya,ukra1253,0.837127,0.259423,0.650281,0.989158
4190,Ukrainian_Zhitomirskaya,ukra1253,0.796191,0.234677,0.600068,0.954693
4191,Ulchi,ulch1241,0.893426,0.334429,0.956797,0.890265
4192,Ulchi,ulch1241,0.9197,0.384916,0.925962,0.929436
4193,Ulchi,ulch1241,0.801349,0.312115,0.946095,0.824022
4194,Ulchi,ulch1241,1.082912,0.414862,0.852043,1.152793
4195,Ulchi,ulch1241,0.883932,0.345584,0.941018,0.90216
4196,Ulchi,ulch1241,0.857029,0.342504,0.906181,0.862247
4197,Ulchi,ulch1241,0.966703,0.334673,0.9787,0.987644
4198,Ulchi,ulch1241,1.02965,0.502138,0.762029,1.104512
4199,Ulchi,ulch1241,0.907105,0.357145,0.88964,0.936902
4200,Ulchi,ulch1241,0.928448,0.40738,0.876737,0.971041
4201,Ulchi,ulch1241,0.901331,0.387153,0.801578,0.912391
4202,Ulchi,ulch1241,0.972359,0.496127,0.812325,1.008106
4203,Ulchi,ulch1241,0.869739,0.350315,0.91455,0.871459
4204,Ulchi,ulch1241,0.936901,0.409039,0.698452,1.049977
4205,Ulchi,ulch1241,0.931216,0.414196,0.863319,0.94357
4206,Ulchi,ulch1241,0.982795,0.3749,0.896073,1.01818
4207,Ulchi,ulch1241,0.916509,0.379604,0.990256,0.944475
4208,Ulchi,ulch1241,0.902899,0.370165,0.887439,0.886552
4209,Ulchi,ulch1241,1.480487,0.59529,1.361978,1.535597
4210,Ulchi,ulch1241,1.009586,0.439297,0.891,1.029083
4211,Ulchi,ulch1241,1.097033,0.409495,0.939959,1.183538
4212,Ulchi,ulch1241,0.906944,0.378724,0.913055,0.918923
4213,Ulchi,ulch1241,1.462062,0.510638,1.324045,1.539333
4214,Ulchi,ulch1241,1.508212,0.626075,1.343231,1.618517
4215,Ulchi,ulch1241,1.493693,0.609475,1.381903,1.574605
4216,Ulchi,ulch1241,0.936612,0.444858,0.829695,0.976325
4217,Ulchi,ulch1241,1.052089,0.419796,0.852979,1.09666
4218,Ulchi,ulch1241,0.947683,0.386923,0.88417,0.971186
4219,Ulchi,ulch1241,0.90431,0.382761,0.877753,0.917135
4220,Ulchi,ulch1241,0.88195,0.363092,0.848517,0.893512
4221,Ulchi,ulch1241,0.89535,0.369555,0.927169,0.911809
4222,Ulchi,ulch1241,0.901698,0.360753,0.924545,0.928297
4240,Uzbek,nort2690,1.976672,0.743991,1.659111,2.272196
4241,Uzbek,nort2690,1.904698,0.719574,1.649581,2.176439
4242,Uzbek,nort2690,1.956262,0.7226,1.656397,2.233654
4243,Uzbek,nort2690,1.950425,0.744741,1.639001,2.208173
4244,Uzbek,nort2690,1.951084,0.747435,1.613259,2.251799
4245,Uzbek,nort2690,1.891857,0.748838,1.608119,2.161024
4246,Uzbek,nort2690,1.858039,0.689186,1.621254,2.102684
4247,Uzbek,nort2690,1.786483,0.639412,1.567023,2.019808
4248,Uzbek,nort2690,2.001452,0.660724,1.711165,2.306606
4249,Uzbek,nort2690,1.907683,0.704522,1.649576,2.111207
4250,Uzbek_Khorezm,nort2690,2.012834,0.770164,1.671351,2.311919
4251,Uzbek_Khorezm,nort2690,1.814806,0.693034,1.582917,2.031399
4252,Uzbek_Khorezm,nort2690,1.709144,0.657624,1.488078,1.927849
4253,Uzbek_Khorezm,nort2690,1.941192,0.722701,1.701752,2.227475
4254,Uzbek_Khorezm,nort2690,1.91351,0.734116,1.620756,2.196773
4255,Uzbek_Khorezm,nort2690,1.865504,0.65316,1.621955,2.129858
4256,Uzbek_Khorezm,nort2690,1.74082,0.567321,1.509827,1.939555
4257,Uzbek_Khorezm,nort2690,1.94552,0.735057,1.696234,2.22825
4258,Uzbek_Tashkent,nort2690,1.927941,0.733954,1.650009,2.173167
4259,Uzbek_Tashkent,nort2690,1.86818,0.660372,1.661887,2.039322
4260,Uzbek_Tashkent,nort2690,1.953034,0.684313,1.681704,2.221822
4261,Uzbek_Tashkent,nort2690,1.85262,0.673491,1.617098,2.110509
4262,Uzbek_Tashkent,nort2690,1.907355,0.701034,1.637319,2.196977
4263,Uzbek_Tashkent,nort2690,1.951239,0.742852,1.648697,2.225447
4264,Uzbek_Tashkent,nort2690,1.935536,0.668137,1.652393,2.241964
4265,Uzbek_Tashkent,nort2690,1.942196,0.757137,1.684978,2.13911
4266,Uzbek_Tashkent,nort2690,1.889522,0.708059,1.720236,2.060878
4267,Vanuatu_Aoba,east2443,1.35599,0.577612,0.966203,1.478671
4268,Vanuatu_Aoba,east2443,1.337756,0.534489,0.864463,1.515523
4269,Vanuatu_Aoba,east2443,1.385251,0.551021,0.899612,1.589535
4270,Vanuatu_Aoba,east2443,1.292081,0.512396,0.823307,1.446437
4271,Vanuatu_Aoba,east2443,1.460298,0.536251,0.981846,1.641084
4278,Vanuatu_Aneityum,anei1239,1.34115,0.593111,0.972051,1.44987
4279,Vanuatu_Aneityum,anei1239,1.466721,0.586974,1.004875,1.658602
4280,Vanuatu_Aneityum,anei1239,1.350393,0.616855,0.962897,1.481345
4281,Vanuatu_Aneityum,anei1239,1.382987,0.605223,0.945259,1.537713
4282,Vanuatu_Aneityum,anei1239,1.488396,0.603853,1.06377,1.633967
4283,Vanuatu_Aneityum,anei1239,1.363811,0.628401,0.951983,1.509521
4297,Vanuatu_Efate_Mele,mele1250,1.343974,0.635131,0.985124,1.454162
4298,Vanuatu_Efate_Mele,mele1250,1.371303,0.620032,0.992983,1.495186
4299,Vanuatu_Efate_Mele,mele1250,1.176469,0.46268,0.661173,1.354641
4300,Vanuatu_Efate_Mele,mele1250,1.212011,0.494617,0.664641,1.403656
4301,Vanuatu_Efate_Mele,mele1250,1.206294,0.485887,0.663144,1.407236
4302,Vanuatu_Efate_Mele,mele1250,1.143578,0.455838,0.61605,1.346544
4303,Vanuatu_Efate_Mele,mele1250,1.192068,0.464338,0.702604,1.361751
4304,Vanuatu_Efate_Mele,mele1250,1.224318,0.466236,0.702932,1.405551
4305,Vanuatu_Efate_Mele,mele1250,1.166445,0.473843,0.623007,1.362105
4306,Vanuatu_Emae,emae1237,1.323833,0.5739,0.901017,1.467026
4307,Vanuatu_Emae,emae1237,1.492638,0.563343,1.042153,1.667872
4308,Vanuatu_Emae,emae1237,1.305914,0.553451,0.82564,1.463403
4309,Vanuatu_Emae,emae1237,1.300158,0.516993,0.817477,1.499375
4310,Vanuatu_Emae,emae1237,1.528804,0.546272,1.058177,1.715676
4311,Vanuatu_Emae,emae1237,1.263096,0.510627,0.811995,1.419329
4312,Vanuatu_Emae,emae1237,1.276982,0.529855,0.812241,1.431596
4313,Vanuatu_Emae,emae1237,1.27808,0.521959,0.820675,1.449947
4314,Vanuatu_Erromango,siee1239,1.07452,0.468608,0.554849,1.241046
4315,Vanuatu_Erromango,siee1239,1.505903,0.700038,1.004246,1.700661
4316,Vanuatu_Futuna,futu1245,1.391295,0.590208,1.170286,1.427712
4317,Vanuatu_Futuna,futu1245,1.520938,0.638493,1.194423,1.613604
4318,Vanuatu_Futuna,futu1245,1.50277,0.622299,1.191716,1.587869
4319,Vanuatu_Ifira,mele1250,1.286333,0.541333,0.787602,1.446409
4320,Vanuatu_Maewo,cent2058,1.274534,0.515149,0.838652,1.42676
4321,Vanuatu_Maewo,cent2058,1.326563,0.513503,0.854341,1.527234
4322,Vanuatu_Maewo,cent2058,1.355637,0.537792,0.882579,1.549598
4323,Vanuatu_Maewo,cent2058,1.36371,0.56662,0.872373,1.546326
4324,Vanuatu_Maewo,cent2058,1.339581,0.552561,0.919193,1.475918
4325,Vanuatu_Maewo,cent2058,1.278604,0.502396,0.833343,1.415879
4326,Vanuatu_Maewo,cent2058,1.317599,0.514737,0.861752,1.497516
4327,Vanuatu_Maewo,cent2058,1.311375,0.529554,0.831181,1.482445
4328,Vanuatu_Maewo,cent2058,1.26491,0.515544,0.807131,1.422589
4329,Vanuatu_Maewo,cent2058,1.318081,0.53088,0.870952,1.485336
4330,Vanuatu_Makura,nama1268,1.298782,0.535434,0.818803,1.466567
4331,Vanuatu_Makura,nama1268,1.26909,0.516133,0.767195,1.455307
4332,Vanuatu_Makura,nama1268,1.278489,0.533492,0.840703,1.428397
4333,Vanuatu_Makura,nama1268,1.293211,0.542161,0.85758,1.441914
4334,Vanuatu_Makura,nama1268,1.304896,0.553181,0.850153,1.459665
4343,Vanuatu_Nguna,nort2836,1.168556,0.465489,0.631614,1.354641
4344,Vanuatu_Nguna,nort2836,1.138008,0.447929,0.631605,1.315179
4345,Vanuatu_Nguna,nort2836,1.190179,0.479365,0.647282,1.379572
4346,Vanuatu_Paama,paam1238,1.170161,0.474382,0.66742,1.332813
4347,Vanuatu_Paama,paam1238,1.171558,0.452942,0.694992,1.327272
4348,Vanuatu_Paama,paam1238,1.190363,0.464166,0.660204,1.363442
4349,Vanuatu_Paama,paam1238,1.124641,0.444984,0.602665,1.315366
4350,Vanuatu_Paama,paam1238,1.158943,0.461772,0.623356,1.346048
4351,Vanuatu_Paama,paam1238,1.134923,0.45228,0.62707,1.275074
4352,Vanuatu_Paama,paam1238,1.155983,0.465965,0.612958,1.328198
4353,Vanuatu_Pentecost_Baie,saaa1241,1.25302,0.509936,0.71029,1.450576
4354,Vanuatu_Pentecost_Baie,saaa1241,1.222509,0.483929,0.721147,1.387609
4355,Vanuatu_Pentecost_Baie,saaa1241,1.156532,0.433256,0.672947,1.346217
4356,Vanuatu_Pentecost_Baie,saaa1241,1.178327,0.474619,0.655411,1.365315
4357,Vanuatu_Pentecost_Baie,saaa1241,1.182354,0.456899,0.671794,1.363247
4358,Vanuatu_Pentecost_Baie,saaa1241,1.12411,0.409092,0.658634,1.285606
4359,Vanuatu_Pentecost_Baie,saaa1241,1.143178,0.448855,0.640877,1.293745
4360,Vanuatu_Pentecost_Baie,saaa1241,1.189915,0.460297,0.716927,1.344996
4361,Vanuatu_Pentecost_Baie,saaa1241,1.146164,0.437011,0.663785,1.317539
4362,Vanuatu_Pentecost_Bwatnapni,apma1240,1.1694,0.448065,0.690681,1.349214
4363,Vanuatu_Pentecost_Bwatnapni,apma1240,1.126652,0.435891,0.613234,1.300882
4364,Vanuatu_Pentecost_Bwatnapni,apma1240,1.204779,0.469527,0.724322,1.370532
4365,Vanuatu_Pentecost_Maram,apma1240,1.176807,0.466127,0.675682,1.341452
4366,Vanuatu_Pentecost_Maram,apma1240,1.231791,0.490129,0.736492,1.404017
4367,Vanuatu_Pentecost_Maram,apma1240,1.228129,0.493451,0.728932,1.405892
4368,Vanuatu_Pentecost_Maram,apma1240,1.2221,0.472714,0.756286,1.386041
4369,Vanuatu_Pentecost_Maram,apma1240,1.217179,0.444384,0.783362,1.379185
4370,Vanuatu_Pentecost_Maram,apma1240,1.373359,0.592913,0.990185,1.507636
4371,Vanuatu_Pentecost_Maram,apma1240,1.216456,0.484504,0.714598,1.398238
4396,Vanuatu_Santo_Port,saka1289,1.190745,0.470594,0.65192,1.369066
4397,Vanuatu_Santo_Port,saka1289,1.278539,0.499764,0.797979,1.441011
4398,Vanuatu_Santo_Port,saka1289,1.196784,0.481704,0.686721,1.372721
4399,Vanuatu_Santo_Port,saka1289,1.129941,0.448978,0.599381,1.307107
4400,Vanuatu_Santo_Port,saka1289,1.117568,0.449653,0.594528,1.278056
4405,Vanuatu_Santo_Sara,hano1246,1.217971,0.487883,0.668647,1.410388
4406,Vanuatu_Santo_Sara,hano1246,1.100176,0.4578,0.597726,1.253452
4407,Vanuatu_Santo_Sara,hano1246,1.116418,0.458461,0.597062,1.292442
4408,Vanuatu_Santo_Tasiriki,akei1237,1.307328,0.552568,0.842714,1.466158
4409,Vanuatu_Santo_Tasiriki,akei1237,1.197569,0.479721,0.700607,1.355641
4410,Vanuatu_Santo_Tutuba,tutu1241,1.302831,0.587192,0.886567,1.48295
4411,Vanuatu_Santo_Tutuba,tutu1241,1.324044,0.554632,0.911072,1.501607
4412,Vanuatu_Santo_Tutuba,tutu1241,1.269129,0.575926,0.857677,1.426237
4413,Vanuatu_Santo_Tutuba,tutu1241,1.404573,0.632656,0.899162,1.563763
4414,Vanuatu_Santo_Tutuba,tutu1241,1.28944,0.574423,0.873384,1.448309
4424,Vanuatu_Tongoa,nama1268,1.294181,0.51848,0.866367,1.427288
4425,Vanuatu_Tongoa,nama1268,1.119259,0.472469,0.584867,1.305805
4426,Vanuatu_Tongoa,nama1268,1.235152,0.494536,0.742459,1.396201
4427,Vanuatu_Tongoa,nama1268,1.247972,0.499479,0.781258,1.405435
4434,Veps,veps1250,0.598918,0.174988,0.424569,0.708004
4435,Veps,veps1250,0.657214,0.193883,0.481411,0.790172
4436,Veps,veps1250,0.57805,0.172804,0.45686,0.6373
4437,Veps,veps1250,0.636413,0.184488,0.518567,0.677785
4438,Veps,veps1250,0.539113,0.171173,0.393936,0.592288
4439,Veps,veps1250,0.670044,0.189103,0.531097,0.70469
4440,Veps,veps1250,0.577552,0.179403,0.401634,0.686196
4441,Veps,veps1250,0.70104,0.201206,0.545629,0.754437
4442,Veps,veps1250,0.747063,0.207434,0.590312,0.895717
4443,Veps,veps1250,0.607091,0.176915,0.437657,0.751174
4444,Vietnamese_North,viet1252,0.777916,0.352588,0.527133,0.812936
4445,Vietnamese_North,viet1252,0.75042,0.371062,0.506839,0.76427
4446,Vietnamese_North,viet1252,0.79004,0.355657,0.535713,0.807274
4447,Vietnamese_North,viet1252,0.816232,0.34583,0.533067,0.840436
4448,Vietnamese_North,viet1252,0.751928,0.337008,0.526788,0.760848
4449,Vietnamese_South,viet1252,0.789141,0.361604,0.516659,0.811223
4450,Vietnamese_South,viet1252,0.81152,0.37023,0.540324,0.866901
4451,Vietnamese_South,viet1252,0.776323,0.35003,0.532319,0.813846
4452,Vietnamese_South,viet1252,0.812132,0.373645,0.530479,0.835882
4453,Vietnamese_South,viet1252,0.784433,0.360516,0.510496,0.801685
4477,Wayku,sanm1289,0.438318,0.115154,0.163583,0.582058
4478,Wayku,sanm1289,0.274347,0.082679,0.001376,0.418489
4479,Wayku,sanm1289,0.427461,0.120601,0.105381,0.598703
4480,Wayku,sanm1289,0.45064,0.116749,0.14646,0.622679
4481,Wayku,sanm1289,0.458092,0.113173,0.178425,0.591885
4482,Wayku,sanm1289,0.478078,0.125289,0.174042,0.669576
4483,Wayku,sanm1289,0.379442,0.107963,0.086202,0.527912
4484,Wayku,sanm1289,0.346965,0.10888,0.047746,0.51113
4485,Wayku,sanm1289,0.481165,0.130266,0.16511,0.673469
4486,Wayku,sanm1289,0.283948,0.084553,0.013848,0.411205
4487,Wayuu,wayu1243,0.405715,0.127178,0.00739,0.801343
4488,Xavante,xava1240,0.463611,0.175018,0.001376,0.833839
4489,Xavante,xava1240,0.479888,0.192922,0.001455,0.836922
4490,Xavante,xava1240,0.464334,0.178356,0.001376,0.815945
4491,Xavante,xava1240,0.477898,0.180575,0.001399,0.876567
4492,Xavante,xava1240,0.500691,0.205643,0.001376,0.88635
4493,Xavante,xava1240,0.461091,0.178158,0.001376,0.800774
4494,Xavante,xava1240,0.466101,0.182028,0.001376,0.810276
4495,Xavante,xava1240,0.438835,0.171741,0.001376,0.725725
4496,Xavante,xava1240,0.424409,0.162375,0.001376,0.695181
4521,Yakut,yaku1245,1.287488,0.528947,0.987554,1.494842
4522,Yakut,yaku1245,1.176717,0.497051,0.926478,1.317897
4523,Yakut,yaku1245,1.238535,0.525823,0.970403,1.396616
4524,Yakut,yaku1245,1.379101,0.540196,1.107049,1.573266
4525,Yakut,yaku1245,1.558725,0.640861,1.250197,1.803161
4526,Yakut,yaku1245,1.375974,0.571694,1.09106,1.551449
4527,Yakut,yaku1245,1.203666,0.509371,0.956284,1.401571
4528,Yakut,yaku1245,1.296163,0.530025,0.985757,1.474312
4529,Yakut,yaku1245,1.589622,0.619265,1.269061,1.835833
4530,Yakut,yaku1245,1.191817,0.528201,0.954265,1.380922
4531,Yakut,yaku1245,1.223433,0.506337,0.943,1.419119
4532,Yakut,yaku1245,1.200495,0.517405,0.931593,1.317272
4533,Yakut,yaku1245,1.140037,0.483709,0.908723,1.309955
4534,Yakut,yaku1245,1.329487,0.542342,1.050571,1.534499
4535,Yakut,yaku1245,0.903452,0.407174,0.628881,0.966699
4536,Yakut,yaku1245,1.112327,0.484694,0.900025,1.264212
4537,Yakut,yaku1245,1.174281,0.518073,0.946861,1.336021
4538,Yakut,yaku1245,1.130968,0.486582,0.88391,1.309731
4539,Yakut,yaku1245,1.22206,0.517556,1.015777,1.339207
4540,Yakut,yaku1245,1.238329,0.526369,0.96541,1.409287
4541,Yakut,yaku1245,1.126951,0.495206,0.91145,1.290135
4542,Yakut,yaku1245,1.298341,0.536205,1.03452,1.430688
4543,Yakut,yaku1245,1.268356,0.533123,0.991512,1.443541
4544,Yakut,yaku1245,1.385208,0.554237,1.07368,1.627566
4545,Yakut,yaku1245,1.456121,0.598252,1.20136,1.635212
4546,Yaquis,yaqu1251,1.445024,0.506415,1.184991,1.721337
4547,Yaquis,yaqu1251,1.557955,0.536433,1.237149,1.884457
4548,Yaquis,yaqu1251,1.324861,0.422949,1.029246,1.64137
4549,Yaquis,yaqu1251,1.394188,0.450335,1.127712,1.729008
4550,Yaquis,yaqu1251,1.08914,0.348881,0.811584,1.393648
4551,Yaquis,yaqu1251,0.996149,0.333079,0.720174,1.343147
4552,Yaquis,yaqu1251,1.348175,0.438859,1.049184,1.628661
4553,Yaquis,yaqu1251,1.072274,0.346837,0.836181,1.359536
4560,Yemen_Ad_Dali,sana1295,1.011848,0.352086,0.7928,1.071644
4561,Yemen_Ad_Dali,sana1295,0.982033,0.326526,0.71319,1.041247
4562,Yemen_Ad_Dali,sana1295,0.971594,0.315288,0.746894,0.993748
4563,Yemen_Ad_Dali,sana1295,1.142276,0.376189,0.918336,1.195873
4564,Yemen_Ad_Dali,sana1295,1.058824,0.341706,0.783574,1.170486
4565,Yemen_Al_Bayda,sana1295,1.21975,0.400444,0.915061,1.340404
4566,Yemen_Al_Bayda,sana1295,1.041181,0.351114,0.830494,1.109756
4567,Yemen_Al_Bayda,sana1295,0.977304,0.312328,0.764041,0.990338
4568,Yemen_Al_Bayda,sana1295,0.946265,0.312797,0.735282,1.018761
4569,Yemen_Al_Bayda,sana1295,0.975099,0.309483,0.761544,0.991236
4570,Yemen_Al_Bayda,sana1295,0.966169,0.308379,0.776206,0.982781
4571,Yemen_Al_Bayda,sana1295,0.920057,0.311724,0.681907,0.94563
4572,Yemen_Al_Jawf,sana1295,0.894376,0.284127,0.663809,0.902407
4573,Yemen_Al_Jawf,sana1295,0.777121,0.246276,0.592706,0.750776
4574,Yemen_Al_Jawf,sana1295,0.80296,0.244096,0.622592,0.75586
4575,Yemen_Al_Jawf,sana1295,0.81517,0.24228,0.676901,0.697196
4576,Yemen_Amanat_Al_Asimah,sana1295,1.308133,0.449265,1.074497,1.423661
4577,Yemen_Amanat_Al_Asimah,sana1295,1.022173,0.355442,0.786235,1.066138
4578,Yemen_Amanat_Al_Asimah,sana1295,0.946148,0.344397,0.726275,0.994357
4579,Yemen_Amanat_Al_Asimah,sana1295,1.135097,0.375462,0.88694,1.201253
4580,Yemen_Amran,sana1295,1.105297,0.399057,0.890058,1.29464
4581,Yemen_Amran,sana1295,1.064453,0.383659,0.827874,1.154556
4582,Yemen_Amran,sana1295,1.096931,0.394963,0.853142,1.209256
4583,Yemen_Amran,sana1295,1.028703,0.36853,0.750426,1.088479
4584,Yemen_Amran,sana1295,1.189271,0.42988,0.957521,1.302487
4585,Yemen_Amran,sana1295,1.279948,0.43439,1.019042,1.476124
4586,Yemen_Amran,sana1295,1.054379,0.392583,0.834525,1.183254
4587,Yemen_Amran,sana1295,1.054063,0.366581,0.82813,1.165944
4588,Yemen_Amran,sana1295,1.069822,0.372959,0.834266,1.192473
4589,Yemen_Amran,sana1295,1.041741,0.385925,0.835166,1.139091
4590,Yemen_Amran,sana1295,0.9352,0.330805,0.72221,0.96842
4591,Yemen_Amran,sana1295,1.037126,0.373355,0.786764,1.142043
4592,Yemen_Amran,sana1295,1.113722,0.372587,0.887273,1.283864
4593,Yemen_Amran,sana1295,1.087234,0.354562,0.871087,1.12102
4594,Yemen_Amran,sana1295,0.965547,0.338497,0.720028,1.04469
4595,Yemen_Amran,sana1295,1.064673,0.383937,0.847926,1.168011
4596,Yemen_Amran,sana1295,1.100513,0.390435,0.889208,1.246632
4597,Yemen_Dhamar,sana1295,1.006159,0.347896,0.774743,1.092283
4598,Yemen_Dhamar,sana1295,1.050358,0.376391,0.863529,1.137328
4599,Yemen_Dhamar,sana1295,1.077064,0.344603,0.85169,1.122601
4600,Yemen_Dhamar,sana1295,0.968841,0.332193,0.711441,1.010698
4601,Yemen_Dhamar,sana1295,0.890545,0.311708,0.623812,0.956721
4602,Yemen_Dhamar,sana1295,1.025387,0.373859,0.825724,1.083277
4603,Yemen_Dhamar,sana1295,0.903037,0.311039,0.674215,0.947765
4604,Yemen_Dhamar,sana1295,1.072111,0.382398,0.831166,1.230864
4605,Yemen_Dhamar,sana1295,0.911348,0.303683,0.668817,0.93912
4606,Yemen_Dhamar,sana1295,1.016651,0.347843,0.763259,1.077711
4620,Yemen_Ibb,sana1295,0.954398,0.311231,0.753655,0.984527
4621,Yemen_Ibb,sana1295,1.300945,0.423124,1.038879,1.405846
4636,Yemen_Marib,sana1295,1.165099,0.383375,0.917471,1.233996
4637,Yemen_Marib,sana1295,0.817475,0.274024,0.601267,0.826416
4638,Yemen_Marib,sana1295,1.062921,0.330935,0.832637,1.114764
4639,Yemen_Marib,sana1295,0.863883,0.258132,0.684103,0.799955
4640,Yemen_Marib,sana1295,0.9129,0.279344,0.725605,0.918293
4641,Yemen_Marib,sana1295,0.866061,0.286747,0.659793,0.858398
4642,Yemen_Marib,sana1295,0.76849,0.260357,0.585969,0.724107
4731,Yukagir_Forest,nort2745,1.541587,0.603183,1.299507,1.687528
4732,Yukagir_Forest,nort2745,1.446997,0.588729,1.20281,1.597597
4733,Yukagir_Forest,nort2745,1.367604,0.532498,1.197503,1.476187
4734,Yukagir_Forest,nort2745,1.380921,0.590601,1.154674,1.53494
4735,Yukagir_Forest,nort2745,1.417032,0.538515,1.217381,1.537697
