lemma_id,lemma_label,group_id,kind,base_lemma_id,clitic,eligible
mgn_data:ita-v::abbacinarsi,abbacinarsi,ita.V::g000004,pronominal_of,mgn_data:ita-v::abbacinare,si,True
mgn_data:ita-v::abballottarsi,abballottarsi,ita.V::g000009,pronominal_of,mgn_data:ita-v::abballottare,si,True
mgn_data:ita-v::abbandonarsi,abbandonarsi,ita.V::g000012,pronominal_no_base,,si,True
mgn_data:ita-v::abbarbicarsi,abbarbicarsi,ita.V::g000016,pronominal_of,mgn_data:ita-v::abbarbicare,si,True
mgn_data:ita-v::abbaruffarsi,abbaruffarsi,ita.V::g000020,pronominal_of,mgn_data:ita-v::abbaruffare,si,True
mgn_data:ita-v::abbassarsi,abbassarsi,ita.V::g000022,pronominal_of,mgn_data:ita-v::abbassare,si,True
mgn_data:ita-v::abbattersi,abbattersi,ita.V::g000026,pronominal_of,mgn_data:ita-v::abbattere,si,True
mgn_data:ita-v::abbellirsi,abbellirsi,ita.V::g000031,pronominal_of,mgn_data:ita-v::abbellire,si,True
mgn_data:ita-v::abbeverarsi,abbeverarsi,ita.V::g000034,pronominal_of,mgn_data:ita-v::abbeverare,si,True
mgn_data:ita-v::abbigliarsi,abbigliarsi,ita.V::g000038,pronominal_of,mgn_data:ita-v::abbigliare,si,True
mgn_data:ita-v::abbinarsi,abbinarsi,ita.V::g000040,pronominal_of,mgn_data:ita-v::abbinare,si,True
mgn_data:ita-v::abbioccarsi,abbioccarsi,ita.V::g000043,pronominal_of,mgn_data:ita-v::abbioccare,si,True
mgn_data:ita-v::abboffarsi,abboffarsi,ita.V::g000049,pronominal_no_base,,si,True
mgn_data:ita-v::abbonacciarsi,abbonacciarsi,ita.V::g000052,pronominal_of,mgn_data:ita-v::abbonacciare,si,True
mgn_data:ita-v::abbonarsi,abbonarsi,ita.V::g000054,pronominal_of,mgn_data:ita-v::abbonare,si,True
mgn_data:ita-v::abbonirsi,abbonirsi,ita.V::g000057,pronominal_of,mgn_data:ita-v::abbonire,si,True
mgn_data:ita-v::abbottonarsi,abbottonarsi,ita.V::g000064,pronominal_of,mgn_data:ita-v::abbottonare,si,True
mgn_data:ita-v::abbozzolarsi,abbozzolarsi,ita.V::g000067,pronominal_no_base,,si,True
mgn_data:ita-v::abbrancarsi,abbrancarsi,ita.V::g000071,pronominal_of,mgn_data:ita-v::abbrancare,si,True
mgn_data:ita-v::abbronzarsi,abbronzarsi,ita.V::g000079,pronominal_of,mgn_data:ita-v::abbronzare,si,True
mgn_data:ita-v::abbrunarsi,abbrunarsi,ita.V::g000086,pronominal_of,mgn_data:ita-v::abbrunare,si,True
mgn_data:ita-v::abbrustolirsi,abbrustolirsi,ita.V::g000093,pronominal_of,mgn_data:ita-v::abbrustolire,si,True
mgn_data:ita-v::abbrutirsi,abbrutirsi,ita.V::g000095,pronominal_of,mgn_data:ita-v::abbrutire,si,True
mgn_data:ita-v::abbruttirsi,abbruttirsi,ita.V::g000097,pronominal_of,mgn_data:ita-v::abbruttire,si,True
mgn_data:ita-v::abbuffarsi,abbuffarsi,ita.V::g000098,pronominal_no_base,,si,True
mgn_data:ita-v::abbuiarsi,abbuiarsi,ita.V::g000100,pronominal_of,mgn_data:ita-v::abbuiare,si,True
mgn_data:ita-v::abituarsi,abituarsi,ita.V::g000110,pronominal_of,mgn_data:ita-v::abituare,si,True
mgn_data:ita-v::accalcarsi,accalcarsi,ita.V::g000126,pronominal_of,mgn_data:ita-v::accalcare,si,True
mgn_data:ita-v::accaldarsi,accaldarsi,ita.V::g000127,pronominal_no_base,,si,True
mgn_data:ita-v::accalorarsi,accalorarsi,ita.V::g000130,pronominal_of,mgn_data:ita-v::accalorare,si,True
mgn_data:ita-v::accamparsi,accamparsi,ita.V::g000135,pronominal_of,mgn_data:ita-v::accampare,si,True
mgn_data:ita-v::accanirsi,accanirsi,ita.V::g000141,pronominal_of,mgn_data:ita-v::accanire,si,True
mgn_data:ita-v::accaparrarsi,accaparrarsi,ita.V::g000144,pronominal_of,mgn_data:ita-v::accaparrare,si,True
mgn_data:ita-v::accapigliarsi,accapigliarsi,ita.V::g000147,pronominal_of,mgn_data:ita-v::accapigliare,si,True
mgn_data:ita-v::accarezzarsi,accarezzarsi,ita.V::g000157,pronominal_of,mgn_data:ita-v::accarezzare,si,True
mgn_data:ita-v::accartocciarsi,accartocciarsi,ita.V::g000161,pronominal_of,mgn_data:ita-v::accartocciare,si,True
mgn_data:ita-v::accasarsi,accasarsi,ita.V::g000163,pronominal_of,mgn_data:ita-v::accasare,si,True
mgn_data:ita-v::accasciarsi,accasciarsi,ita.V::g000165,pronominal_of,mgn_data:ita-v::accasciare,si,True
mgn_data:ita-v::accattivarsi,accattivarsi,ita.V::g000173,pronominal_of,mgn_data:ita-v::accattivare,si,True
mgn_data:ita-v::accavallarsi,accavallarsi,ita.V::g000177,pronominal_of,mgn_data:ita-v::accavallare,si,True
mgn_data:ita-v::accendersi,accendersi,ita.V::g000183,pronominal_of,mgn_data:ita-v::accendere,si,True
mgn_data:ita-v::accentrarsi,accentrarsi,ita.V::g000188,pronominal_of,mgn_data:ita-v::accentrare,si,True
mgn_data:ita-v::accentuarsi,accentuarsi,ita.V::g000190,pronominal_of,mgn_data:ita-v::accentuare,si,True
mgn_data:ita-v::accertarsi,accertarsi,ita.V::g000196,pronominal_of,mgn_data:ita-v::accertare,si,True
mgn_data:ita-v::accettarsi,accettarsi,ita.V::g000199,pronominal_no_base,,si,True
mgn_data:ita-v::acchiapparsi,acchiapparsi,ita.V::g000202,pronominal_of,mgn_data:ita-v::acchiappare,si,True
mgn_data:ita-v::acciambellarsi,acciambellarsi,ita.V::g000209,pronominal_of,mgn_data:ita-v::acciambellare,si,True
mgn_data:ita-v::accigliarsi,accigliarsi,ita.V::g000212,pronominal_of,mgn_data:ita-v::accigliare,si,True
mgn_data:ita-v::accingersi,accingersi,ita.V::g000217,pronominal_of,mgn_data:ita-v::accingere,si,True
mgn_data:ita-v::accipigliarsi,accipigliarsi,ita.V::g000220,pronominal_no_base,,si,True
mgn_data:ita-v::acclimatarsi,acclimatarsi,ita.V::g000229,pronominal_of,mgn_data:ita-v::acclimatare,si,True
mgn_data:ita-v::accoccolarsi,accoccolarsi,ita.V::g000232,pronominal_no_base,,si,True
mgn_data:ita-v::accoccovarsi,accoccovarsi,ita.V::g000233,pronominal_no_base,,si,True
mgn_data:ita-v::accodarsi,accodarsi,ita.V::g000235,pronominal_of,mgn_data:ita-v::accodare,si,True
mgn_data:ita-v::accogliersi,accogliersi,ita.V::g000237,pronominal_of,mgn_data:ita-v::accogliere,si,True
mgn_data:ita-v::accollarsi,accollarsi,ita.V::g000239,pronominal_of,mgn_data:ita-v::accollare,si,True
mgn_data:ita-v::accomiatarsi,accomiatarsi,ita.V::g000243,pronominal_of,mgn_data:ita-v::accomiatare,si,True
mgn_data:ita-v::accommiatarsi,accommiatarsi,ita.V::g000245,pronominal_of,mgn_data:ita-v::accommiatare,si,True
mgn_data:ita-v::accomodarsi,accomodarsi,ita.V::g000247,pronominal_of,mgn_data:ita-v::accomodare,si,True
mgn_data:ita-v::accompagnarsi,accompagnarsi,ita.V::g000249,pronominal_of,mgn_data:ita-v::accompagnare,si,True
mgn_data:ita-v::acconciarsi,acconciarsi,ita.V::g000252,pronominal_of,mgn_data:ita-v::acconciare,si,True
mgn_data:ita-v::accontentarsi,accontentarsi,ita.V::g000258,pronominal_of,mgn_data:ita-v::accontentare,si,True
mgn_data:ita-v::accoppiarsi,accoppiarsi,ita.V::g000261,pronominal_of,mgn_data:ita-v::accoppiare,si,True
mgn_data:ita-v::accorarsi,accorarsi,ita.V::g000263,pronominal_of,mgn_data:ita-v::accorare,si,True
mgn_data:ita-v::accorciarsi,accorciarsi,ita.V::g000265,pronominal_of,mgn_data:ita-v::accorciare,si,True
mgn_data:ita-v::accordarsi,accordarsi,ita.V::g000267,pronominal_no_base,,si,True
mgn_data:ita-v::accorgersi,accorgersi,ita.V::g000269,pronominal_no_base,,si,True
mgn_data:ita-v::accosciarsi,accosciarsi,ita.V::g000272,pronominal_no_base,,si,True
mgn_data:ita-v::accostarsi,accostarsi,ita.V::g000274,pronominal_of,mgn_data:ita-v::accostare,si,True
mgn_data:ita-v::accostumarsi,accostumarsi,ita.V::g000276,pronominal_of,mgn_data:ita-v::accostumare,si,True
mgn_data:ita-v::accovacciarsi,accovacciarsi,ita.V::g000279,pronominal_no_base,,si,True
mgn_data:ita-v::accovarsi,accovarsi,ita.V::g000280,pronominal_no_base,,si,True
mgn_data:ita-v::accozzarsi,accozzarsi,ita.V::g000283,pronominal_of,mgn_data:ita-v::accozzare,si,True
mgn_data:ita-v::accreditarsi,accreditarsi,ita.V::g000285,pronominal_of,mgn_data:ita-v::accreditare,si,True
mgn_data:ita-v::accrescersi,accrescersi,ita.V::g000286,pronominal_no_base,,si,True
mgn_data:ita-v::accucciarsi,accucciarsi,ita.V::g000288,pronominal_no_base,,si,True
mgn_data:ita-v::accucciolarsi,accucciolarsi,ita.V::g000289,pronominal_no_base,,si,True
mgn_data:ita-v::acculturarsi,acculturarsi,ita.V::g000293,pronominal_of,mgn_data:ita-v::acculturare,si,True
mgn_data:ita-v::accumularsi,accumularsi,ita.V::g000295,pronominal_of,mgn_data:ita-v::accumulare,si,True
mgn_data:ita-v::accusarsi,accusarsi,ita.V::g000297,pronominal_no_base,,si,True
mgn_data:ita-v::acquattarsi,acquattarsi,ita.V::g000309,pronominal_of,mgn_data:ita-v::acquattare,si,True
mgn_data:ita-v::acquietarsi,acquietarsi,ita.V::g000313,pronominal_of,mgn_data:ita-v::acquietare,si,True
mgn_data:ita-v::acuirsi,acuirsi,ita.V::g000317,pronominal_of,mgn_data:ita-v::acuire,si,True
mgn_data:ita-v::acutizzarsi,acutizzarsi,ita.V::g000319,pronominal_of,mgn_data:ita-v::acutizzare,si,True
mgn_data:ita-v::adagiarsi,adagiarsi,ita.V::g000322,pronominal_of,mgn_data:ita-v::adagiare,si,True
mgn_data:ita-v::adattarsi,adattarsi,ita.V::g000324,pronominal_of,mgn_data:ita-v::adattare,si,True
mgn_data:ita-v::addarsi,addarsi,ita.V::g000325,pronominal_no_base,,si,True
mgn_data:ita-v::addensarsi,addensarsi,ita.V::g000331,pronominal_of,mgn_data:ita-v::addensare,si,True
mgn_data:ita-v::addentrarsi,addentrarsi,ita.V::g000335,pronominal_of,mgn_data:ita-v::addentrare,si,True
mgn_data:ita-v::addestrarsi,addestrarsi,ita.V::g000337,pronominal_of,mgn_data:ita-v::addestrare,si,True
mgn_data:ita-v::addirsi,addirsi,ita.V::g000346,pronominal_of,mgn_data:ita-v::addire,si,False
mgn_data:ita-v::addolcirsi,addolcirsi,ita.V::g000358,pronominal_of,mgn_data:ita-v::addolcire,si,True
mgn_data:ita-v::addolorarsi,addolorarsi,ita.V::g000360,pronominal_of,mgn_data:ita-v::addolorare,si,True
mgn_data:ita-v::addomesticarsi,addomesticarsi,ita.V::g000362,pronominal_no_base,,si,True
mgn_data:ita-v::addormentarsi,addormentarsi,ita.V::g000365,pronominal_of,mgn_data:ita-v::addormentare,si,True
mgn_data:ita-v::addossarsi,addossarsi,ita.V::g000367,pronominal_of,mgn_data:ita-v::addossare,si,True
mgn_data:ita-v::addottorarsi,addottorarsi,ita.V::g000369,pronominal_of,mgn_data:ita-v::addottorare,si,True
mgn_data:ita-v::addottrinarsi,addottrinarsi,ita.V::g000371,pronominal_of,mgn_data:ita-v::addottrinare,si,True
mgn_data:ita-v::addursi,addursi,ita.V::g000376,pronominal_of,mgn_data:ita-v::addurre,si,True
mgn_data:ita-v::adeguarsi,adeguarsi,ita.V::g000378,pronominal_of,mgn_data:ita-v::adeguare,si,True
mgn_data:ita-v::adirarsi,adirarsi,ita.V::g000388,pronominal_of,mgn_data:ita-v::adirare,si,True
mgn_data:ita-v::adombrarsi,adombrarsi,ita.V::g000394,pronominal_of,mgn_data:ita-v::adombrare,si,True
mgn_data:ita-v::adontarsi,adontarsi,ita.V::g000398,pronominal_of,mgn_data:ita-v::adontare,si,True
mgn_data:ita-v::adoperarsi,adoperarsi,ita.V::g000400,pronominal_of,mgn_data:ita-v::adoperare,si,True
mgn_data:ita-v::adoprarsi,adoprarsi,ita.V::g000402,pronominal_of,mgn_data:ita-v::adoprare,si,True
mgn_data:ita-v::adorarsi,adorarsi,ita.V::g000404,pronominal_of,mgn_data:ita-v::adorare,si,True
mgn_data:ita-v::adornarsi,adornarsi,ita.V::g000406,pronominal_of,mgn_data:ita-v::adornare,si,True
mgn_data:ita-v::adularsi,adularsi,ita.V::g000410,pronominal_of,mgn_data:ita-v::adulare,si,True
mgn_data:ita-v::adunarsi,adunarsi,ita.V::g000413,pronominal_of,mgn_data:ita-v::adunare,si,True
mgn_data:ita-v::affaccendarsi,affaccendarsi,ita.V::g000423,pronominal_of,mgn_data:ita-v::affaccendare,si,True
mgn_data:ita-v::affacciarsi,affacciarsi,ita.V::g000426,pronominal_of,mgn_data:ita-v::affacciare,si,True
mgn_data:ita-v::affannarsi,affannarsi,ita.V::g000432,pronominal_of,mgn_data:ita-v::affannare,si,True
mgn_data:ita-v::affarsi,affarsi,ita.V::g000434,pronominal_no_base,,si,True
mgn_data:ita-v::affaticarsi,affaticarsi,ita.V::g000437,pronominal_of,mgn_data:ita-v::affaticare,si,True
mgn_data:ita-v::affermarsi,affermarsi,ita.V::g000441,pronominal_no_base,,si,True
mgn_data:ita-v::afferrarsi,afferrarsi,ita.V::g000443,pronominal_of,mgn_data:ita-v::afferrare,si,True
mgn_data:ita-v::affezionarsi,affezionarsi,ita.V::g000446,pronominal_of,mgn_data:ita-v::affezionare,si,True
mgn_data:ita-v::affiancarsi,affiancarsi,ita.V::g000448,pronominal_of,mgn_data:ita-v::affiancare,si,True
mgn_data:ita-v::affiatarsi,affiatarsi,ita.V::g000450,pronominal_of,mgn_data:ita-v::affiatare,si,True
mgn_data:ita-v::affidarsi,affidarsi,ita.V::g000453,pronominal_of,mgn_data:ita-v::affidare,si,True
mgn_data:ita-v::affienarsi,affienarsi,ita.V::g000455,pronominal_of,mgn_data:ita-v::affienare,si,True
mgn_data:ita-v::affievolirsi,affievolirsi,ita.V::g000457,pronominal_of,mgn_data:ita-v::affievolire,si,True
mgn_data:ita-v::affiliarsi,affiliarsi,ita.V::g000464,pronominal_of,mgn_data:ita-v::affiliare,si,True
mgn_data:ita-v::affiochirsi,affiochirsi,ita.V::g000467,pronominal_of,mgn_data:ita-v::affiochire,si,True
mgn_data:ita-v::affliggersi,affliggersi,ita.V::g000474,pronominal_of,mgn_data:ita-v::affliggere,si,True
mgn_data:ita-v::afflosciarsi,afflosciarsi,ita.V::g000476,pronominal_of,mgn_data:ita-v::afflosciare,si,True
mgn_data:ita-v::affollarsi,affollarsi,ita.V::g000482,pronominal_of,mgn_data:ita-v::affollare,si,True
mgn_data:ita-v::affrancarsi,affrancarsi,ita.V::g000491,pronominal_of,mgn_data:ita-v::affrancare,si,True
mgn_data:ita-v::affratellarsi,affratellarsi,ita.V::g000494,pronominal_of,mgn_data:ita-v::affratellare,si,True
mgn_data:ita-v::affrettarsi,affrettarsi,ita.V::g000499,pronominal_of,mgn_data:ita-v::affrettare,si,True
mgn_data:ita-v::affrontarsi,affrontarsi,ita.V::g000501,pronominal_no_base,,si,True
mgn_data:ita-v::agganciarsi,agganciarsi,ita.V::g000512,pronominal_of,mgn_data:ita-v::agganciare,si,True
mgn_data:ita-v::agghindarsi,agghindarsi,ita.V::g000524,pronominal_of,mgn_data:ita-v::agghindare,si,True
mgn_data:ita-v::aggiornarsi,aggiornarsi,ita.V::g000528,pronominal_of,mgn_data:ita-v::aggiornare,si,True
mgn_data:ita-v::aggirarsi,aggirarsi,ita.V::g000530,pronominal_of,mgn_data:ita-v::aggirare,si,True
mgn_data:ita-v::aggiudicarsi,aggiudicarsi,ita.V::g000533,pronominal_of,mgn_data:ita-v::aggiudicare,si,True
mgn_data:ita-v::aggiungersi,aggiungersi,ita.V::g000535,pronominal_of,mgn_data:ita-v::aggiungere,si,True
mgn_data:ita-v::aggiustarsi,aggiustarsi,ita.V::g000538,pronominal_of,mgn_data:ita-v::aggiustare,si,True
mgn_data:ita-v::agglomerarsi,agglomerarsi,ita.V::g000540,pronominal_of,mgn_data:ita-v::agglomerare,si,True
mgn_data:ita-v::aggomitolarsi,aggomitolarsi,ita.V::g000543,pronominal_of,mgn_data:ita-v::aggomitolare,si,True
mgn_data:ita-v::aggrapparsi,aggrapparsi,ita.V::g000551,pronominal_of,mgn_data:ita-v::aggrappare,si,True
mgn_data:ita-v::aggravarsi,aggravarsi,ita.V::g000554,pronominal_of,mgn_data:ita-v::aggravare,si,True
mgn_data:ita-v::aggregarsi,aggregarsi,ita.V::g000558,pronominal_of,mgn_data:ita-v::aggregare,si,True
mgn_data:ita-v::aggrinzarsi,aggrinzarsi,ita.V::g000562,pronominal_of,mgn_data:ita-v::aggrinzare,si,True
mgn_data:ita-v::aggrinzirsi,aggrinzirsi,ita.V::g000564,pronominal_of,mgn_data:ita-v::aggrinzire,si,True
mgn_data:ita-v::aggrondarsi,aggrondarsi,ita.V::g000567,pronominal_of,mgn_data:ita-v::aggrondare,si,True
mgn_data:ita-v::aggrovigliarsi,aggrovigliarsi,ita.V::g000571,pronominal_of,mgn_data:ita-v::aggrovigliare,si,True
mgn_data:ita-v::aggrumarsi,aggrumarsi,ita.V::g000573,pronominal_of,mgn_data:ita-v::aggrumare,si,True
mgn_data:ita-v::aggrupparsi,aggrupparsi,ita.V::g000575,pronominal_of,mgn_data:ita-v::aggruppare,si,True
mgn_data:ita-v::agguagliarsi,agguagliarsi,ita.V::g000577,pronominal_no_base,,si,True
mgn_data:ita-v::agguerrirsi,agguerrirsi,ita.V::g000583,pronominal_of,mgn_data:ita-v::agguerrire,si,True
mgn_data:ita-v::agitarsi,agitarsi,ita.V::g000587,pronominal_of,mgn_data:ita-v::agitare,si,True
mgn_data:ita-v::aiutarsi,aiutarsi,ita.V::g000597,pronominal_of,mgn_data:ita-v::aiutare,si,True
mgn_data:ita-v::alcolizzarsi,alcolizzarsi,ita.V::g000608,pronominal_of,mgn_data:ita-v::alcolizzare,si,True
mgn_data:ita-v::alienarsi,alienarsi,ita.V::g000618,pronominal_of,mgn_data:ita-v::alienare,si,True
mgn_data:ita-v::alimentarsi,alimentarsi,ita.V::g000620,pronominal_of,mgn_data:ita-v::alimentare,si,True
mgn_data:ita-v::allacciarsi,allacciarsi,ita.V::g000623,pronominal_of,mgn_data:ita-v::allacciare,si,True
mgn_data:ita-v::allagarsi,allagarsi,ita.V::g000625,pronominal_of,mgn_data:ita-v::allagare,si,True
mgn_data:ita-v::allargarsi,allargarsi,ita.V::g000629,pronominal_of,mgn_data:ita-v::allargare,si,True
mgn_data:ita-v::allarmarsi,allarmarsi,ita.V::g000631,pronominal_of,mgn_data:ita-v::allarmare,si,True
mgn_data:ita-v::allearsi,allearsi,ita.V::g000635,pronominal_of,mgn_data:ita-v::alleare,si,True
mgn_data:ita-v::allenarsi,allenarsi,ita.V::g000643,pronominal_of,mgn_data:ita-v::allenare,si,True
mgn_data:ita-v::allentarsi,allentarsi,ita.V::g000646,pronominal_of,mgn_data:ita-v::allentare,si,True
mgn_data:ita-v::allettarsi,allettarsi,ita.V::g000652,pronominal_of,mgn_data:ita-v::allettare,si,True
mgn_data:ita-v::allietarsi,allietarsi,ita.V::g000661,pronominal_of,mgn_data:ita-v::allietare,si,True
mgn_data:ita-v::allinearsi,allinearsi,ita.V::g000665,pronominal_of,mgn_data:ita-v::allineare,si,True
mgn_data:ita-v::allontanarsi,allontanarsi,ita.V::g000671,pronominal_of,mgn_data:ita-v::allontanare,si,True
mgn_data:ita-v::allungarsi,allungarsi,ita.V::g000683,pronominal_of,mgn_data:ita-v::allungare,si,True
mgn_data:ita-v::alterarsi,alterarsi,ita.V::g000692,pronominal_of,mgn_data:ita-v::alterare,si,True
mgn_data:ita-v::alternarsi,alternarsi,ita.V::g000695,pronominal_of,mgn_data:ita-v::alternare,si,True
mgn_data:ita-v::alzarsi,alzarsi,ita.V::g000696,pronominal_no_base,,si,True
mgn_data:ita-v::amalgamarsi,amalgamarsi,ita.V::g000698,pronominal_of,mgn_data:ita-v::amalgamare,si,True
mgn_data:ita-v::amareggiarsi,amareggiarsi,ita.V::g000701,pronominal_of,mgn_data:ita-v::amareggiare,si,True
mgn_data:ita-v::amarsi,amarsi,ita.V::g000702,pronominal_of,mgn_data:ita-v::amare,si,True
mgn_data:ita-v::ambientarsi,ambientarsi,ita.V::g000705,pronominal_of,mgn_data:ita-v::ambientare,si,True
mgn_data:ita-v::americanizzarsi,americanizzarsi,ita.V::g000709,pronominal_of,mgn_data:ita-v::americanizzare,si,True
mgn_data:ita-v::amicarsi,amicarsi,ita.V::g000710,pronominal_no_base,,si,True
mgn_data:ita-v::ammaccarsi,ammaccarsi,ita.V::g000712,pronominal_of,mgn_data:ita-v::ammaccare,si,True
mgn_data:ita-v::ammalarsi,ammalarsi,ita.V::g000716,pronominal_of,mgn_data:ita-v::ammalare,si,True
mgn_data:ita-v::ammanicarsi,ammanicarsi,ita.V::g000721,pronominal_no_base,,si,True
mgn_data:ita-v::ammantarsi,ammantarsi,ita.V::g000730,pronominal_of,mgn_data:ita-v::ammantare,si,True
mgn_data:ita-v::ammassarsi,ammassarsi,ita.V::g000736,pronominal_of,mgn_data:ita-v::ammassare,si,True
mgn_data:ita-v::ammassicciarsi,ammassicciarsi,ita.V::g000739,pronominal_of,mgn_data:ita-v::ammassicciare,si,True
mgn_data:ita-v::ammazzarsi,ammazzarsi,ita.V::g000744,pronominal_of,mgn_data:ita-v::ammazzare,si,True
mgn_data:ita-v::ammogliarsi,ammogliarsi,ita.V::g000761,pronominal_of,mgn_data:ita-v::ammogliare,si,True
mgn_data:ita-v::ammollarsi,ammollarsi,ita.V::g000764,pronominal_of,mgn_data:ita-v::ammollare,si,True
mgn_data:ita-v::ammorbidirsi,ammorbidirsi,ita.V::g000773,pronominal_of,mgn_data:ita-v::ammorbidire,si,True
mgn_data:ita-v::ammucchiarsi,ammucchiarsi,ita.V::g000784,pronominal_of,mgn_data:ita-v::ammucchiare,si,True
mgn_data:ita-v::ammutinarsi,ammutinarsi,ita.V::g000790,pronominal_of,mgn_data:ita-v::ammutinare,si,True
mgn_data:ita-v::ampliarsi,ampliarsi,ita.V::g000798,pronominal_of,mgn_data:ita-v::ampliare,si,True
mgn_data:ita-v::amplificarsi,amplificarsi,ita.V::g000800,pronominal_of,mgn_data:ita-v::amplificare,si,True
mgn_data:ita-v::analizzarsi,analizzarsi,ita.V::g000804,pronominal_of,mgn_data:ita-v::analizzare,si,True
mgn_data:ita-v::anastomizzarsi,anastomizzarsi,ita.V::g000807,pronominal_of,mgn_data:ita-v::anastomizzare,si,True
mgn_data:ita-v::anchilosarsi,anchilosarsi,ita.V::g000813,pronominal_of,mgn_data:ita-v::anchilosare,si,True
mgn_data:ita-v::ancorarsi,ancorarsi,ita.V::g000815,pronominal_of,mgn_data:ita-v::ancorare,si,True
mgn_data:ita-v::andarsene,andarsene,ita.V::g000817,pronominal_of,mgn_data:ita-v::andare,sene,True
mgn_data:ita-v::anglicizzarsi,anglicizzarsi,ita.V::g000827,pronominal_of,mgn_data:ita-v::anglicizzare,si,True
mgn_data:ita-v::angosciarsi,angosciarsi,ita.V::g000830,pronominal_of,mgn_data:ita-v::angosciare,si,True
mgn_data:ita-v::angustiarsi,angustiarsi,ita.V::g000832,pronominal_of,mgn_data:ita-v::angustiare,si,True
mgn_data:ita-v::animarsi,animarsi,ita.V::g000834,pronominal_of,mgn_data:ita-v::animare,si,True
mgn_data:ita-v::annebbiarsi,annebbiarsi,ita.V::g000841,pronominal_of,mgn_data:ita-v::annebbiare,si,True
mgn_data:ita-v::annerarsi,annerarsi,ita.V::g000844,pronominal_of,mgn_data:ita-v::annerare,si,True
mgn_data:ita-v::annerirsi,annerirsi,ita.V::g000846,pronominal_of,mgn_data:ita-v::annerire,si,True
mgn_data:ita-v::annettersi,annettersi,ita.V::g000849,pronominal_of,mgn_data:ita-v::annettere,si,True
mgn_data:ita-v::annichilarsi,annichilarsi,ita.V::g000851,pronominal_of,mgn_data:ita-v::annichilare,si,True
mgn_data:ita-v::annidarsi,annidarsi,ita.V::g000854,pronominal_of,mgn_data:ita-v::annidare,si,True
mgn_data:ita-v::annoiarsi,annoiarsi,ita.V::g000860,pronominal_no_base,,si,True
mgn_data:ita-v::annullarsi,annullarsi,ita.V::g000867,pronominal_of,mgn_data:ita-v::annullare,si,True
mgn_data:ita-v::annunciarsi,annunciarsi,ita.V::g000869,pronominal_of,mgn_data:ita-v::annunciare,si,True
mgn_data:ita-v::annunziarsi,annunziarsi,ita.V::g000871,pronominal_of,mgn_data:ita-v::annunziare,si,True
mgn_data:ita-v::annusarsi,annusarsi,ita.V::g000873,pronominal_of,mgn_data:ita-v::annusare,si,True
mgn_data:ita-v::annuvolarsi,annuvolarsi,ita.V::g000875,pronominal_of,mgn_data:ita-v::annuvolare,si,True
mgn_data:ita-v::apostrofarsi,apostrofarsi,ita.V::g000901,pronominal_of,mgn_data:ita-v::apostrofare,si,True
mgn_data:ita-v::appacificarsi,appacificarsi,ita.V::g000904,pronominal_of,mgn_data:ita-v::appacificare,si,True
mgn_data:ita-v::appaiarsi,appaiarsi,ita.V::g000907,pronominal_of,mgn_data:ita-v::appaiare,si,True
mgn_data:ita-v::appallottolarsi,appallottolarsi,ita.V::g000910,pronominal_of,mgn_data:ita-v::appallottolare,si,True
mgn_data:ita-v::appannarsi,appannarsi,ita.V::g000914,pronominal_of,mgn_data:ita-v::appannare,si,True
mgn_data:ita-v::apparentarsi,apparentarsi,ita.V::g000918,pronominal_of,mgn_data:ita-v::apparentare,si,True
mgn_data:ita-v::appartarsi,appartarsi,ita.V::g000922,pronominal_of,mgn_data:ita-v::appartare,si,True
mgn_data:ita-v::appassionarsi,appassionarsi,ita.V::g000924,pronominal_of,mgn_data:ita-v::appassionare,si,True
mgn_data:ita-v::appastellarsi,appastellarsi,ita.V::g000927,pronominal_no_base,,si,True
mgn_data:ita-v::appellarsi,appellarsi,ita.V::g000929,pronominal_of,mgn_data:ita-v::appellare,si,True
mgn_data:ita-v::appendersi,appendersi,ita.V::g000931,pronominal_of,mgn_data:ita-v::appendere,si,True
mgn_data:ita-v::appesantirsi,appesantirsi,ita.V::g000936,pronominal_of,mgn_data:ita-v::appesantire,si,True
mgn_data:ita-v::appianarsi,appianarsi,ita.V::g000943,pronominal_of,mgn_data:ita-v::appianare,si,True
mgn_data:ita-v::appiattarsi,appiattarsi,ita.V::g000947,pronominal_of,mgn_data:ita-v::appiattare,si,True
mgn_data:ita-v::appiattirsi,appiattirsi,ita.V::g000949,pronominal_of,mgn_data:ita-v::appiattire,si,True
mgn_data:ita-v::appiccicarsi,appiccicarsi,ita.V::g000951,pronominal_of,mgn_data:ita-v::appiccicare,si,True
mgn_data:ita-v::appigliarsi,appigliarsi,ita.V::g000956,pronominal_of,mgn_data:ita-v::appigliare,si,True
mgn_data:ita-v::appisolarsi,appisolarsi,ita.V::g000960,pronominal_no_base,,si,True
mgn_data:ita-v::applicarsi,applicarsi,ita.V::g000961,pronominal_no_base,,si,True
mgn_data:ita-v::appoggiarsi,appoggiarsi,ita.V::g000963,pronominal_no_base,,si,True
mgn_data:ita-v::appollaiarsi,appollaiarsi,ita.V::g000964,pronominal_no_base,,si,True
mgn_data:ita-v::appopparsi,appopparsi,ita.V::g000967,pronominal_of,mgn_data:ita-v::appoppare,si,True
mgn_data:ita-v::appostarsi,appostarsi,ita.V::g000970,pronominal_of,mgn_data:ita-v::appostare,si,True
mgn_data:ita-v::appressarsi,appressarsi,ita.V::g000975,pronominal_of,mgn_data:ita-v::appressare,si,True
mgn_data:ita-v::apprestarsi,apprestarsi,ita.V::g000977,pronominal_of,mgn_data:ita-v::apprestare,si,True
mgn_data:ita-v::apprezzarsi,apprezzarsi,ita.V::g000979,pronominal_no_base,,si,True
mgn_data:ita-v::approfittarsene,approfittarsene,ita.V::g000983,pronominal_of,mgn_data:ita-v::approfittare,sene,True
mgn_data:ita-v::approfittarsi,approfittarsi,ita.V::g000984,pronominal_of,mgn_data:ita-v::approfittare,si,True
mgn_data:ita-v::appropinquarsi,appropinquarsi,ita.V::g000989,pronominal_of,mgn_data:ita-v::appropinquare,si,True
mgn_data:ita-v::appropriarsi,appropriarsi,ita.V::g000991,pronominal_of,mgn_data:ita-v::appropriare,si,True
mgn_data:ita-v::approssimarsi,approssimarsi,ita.V::g000993,pronominal_of,mgn_data:ita-v::approssimare,si,True
mgn_data:ita-v::approvvigionarsi,approvvigionarsi,ita.V::g000997,pronominal_of,mgn_data:ita-v::approvvigionare,si,True
mgn_data:ita-v::appruarsi,appruarsi,ita.V::g000999,pronominal_of,mgn_data:ita-v::appruare,si,True
mgn_data:ita-v::appuntarsi,appuntarsi,ita.V::g001002,pronominal_of,mgn_data:ita-v::appuntare,si,True
mgn_data:ita-v::aprirsi,aprirsi,ita.V::g001007,pronominal_no_base,,si,True
mgn_data:ita-v::arabizzarsi,arabizzarsi,ita.V::g001010,pronominal_of,mgn_data:ita-v::arabizzare,si,True
mgn_data:ita-v::arenarsi,arenarsi,ita.V::g001025,pronominal_of,mgn_data:ita-v::arenare,si,True
mgn_data:ita-v::armarsi,armarsi,ita.V::g001032,pronominal_no_base,,si,True
mgn_data:ita-v::armonizzarsi,armonizzarsi,ita.V::g001034,pronominal_of,mgn_data:ita-v::armonizzare,si,True
mgn_data:ita-v::arrabattarsi,arrabattarsi,ita.V::g001039,pronominal_no_base,,si,True
mgn_data:ita-v::arrabbiarsi,arrabbiarsi,ita.V::g001041,pronominal_of,mgn_data:ita-v::arrabbiare,si,True
mgn_data:ita-v::arrampicarsi,arrampicarsi,ita.V::g001045,pronominal_of,mgn_data:ita-v::arrampicare,si,True
mgn_data:ita-v::arrangiarsi,arrangiarsi,ita.V::g001049,pronominal_of,mgn_data:ita-v::arrangiare,si,True
mgn_data:ita-v::arrendersi,arrendersi,ita.V::g001060,pronominal_of,mgn_data:ita-v::arrendere,si,True
mgn_data:ita-v::arrestarsi,arrestarsi,ita.V::g001061,pronominal_no_base,,si,True
mgn_data:ita-v::arricchirsi,arricchirsi,ita.V::g001064,pronominal_of,mgn_data:ita-v::arricchire,si,True
mgn_data:ita-v::arricciarsi,arricciarsi,ita.V::g001066,pronominal_of,mgn_data:ita-v::arricciare,si,True
mgn_data:ita-v::arrischiarsi,arrischiarsi,ita.V::g001072,pronominal_of,mgn_data:ita-v::arrischiare,si,True
mgn_data:ita-v::arroccarsi,arroccarsi,ita.V::g001077,pronominal_of,mgn_data:ita-v::arroccare,si,True
mgn_data:ita-v::arrogarsi,arrogarsi,ita.V::g001080,pronominal_of,mgn_data:ita-v::arrogare,si,True
mgn_data:ita-v::arrossarsi,arrossarsi,ita.V::g001086,pronominal_of,mgn_data:ita-v::arrossare,si,True
mgn_data:ita-v::arrostarsi,arrostarsi,ita.V::g001089,pronominal_of,mgn_data:ita-v::arrostare,si,True
mgn_data:ita-v::arrovellarsi,arrovellarsi,ita.V::g001095,pronominal_of,mgn_data:ita-v::arrovellare,si,True
mgn_data:ita-v::arroventarsi,arroventarsi,ita.V::g001097,pronominal_of,mgn_data:ita-v::arroventare,si,True
mgn_data:ita-v::arruffarsi,arruffarsi,ita.V::g001102,pronominal_of,mgn_data:ita-v::arruffare,si,True
mgn_data:ita-v::arruffianarsi,arruffianarsi,ita.V::g001104,pronominal_of,mgn_data:ita-v::arruffianare,si,True
mgn_data:ita-v::arruolarsi,arruolarsi,ita.V::g001108,pronominal_of,mgn_data:ita-v::arruolare,si,True
mgn_data:ita-v::articolarsi,articolarsi,ita.V::g001113,pronominal_of,mgn_data:ita-v::articolare,si,True
mgn_data:ita-v::asciugarsi,asciugarsi,ita.V::g001119,pronominal_no_base,,si,True
mgn_data:ita-v::ascoltarsi,ascoltarsi,ita.V::g001120,pronominal_no_base,,si,True
mgn_data:ita-v::ascriversi,ascriversi,ita.V::g001123,pronominal_of,mgn_data:ita-v::ascrivere,si,True
mgn_data:ita-v::asfissiarsi,asfissiarsi,ita.V::g001126,pronominal_of,mgn_data:ita-v::asfissiare,si,True
mgn_data:ita-v::aspettarsi,aspettarsi,ita.V::g001129,pronominal_of,mgn_data:ita-v::aspettare,si,True
mgn_data:ita-v::assemblarsi,assemblarsi,ita.V::g001146,pronominal_no_base,,si,True
mgn_data:ita-v::assentarsi,assentarsi,ita.V::g001150,pronominal_no_base,,si,True
mgn_data:ita-v::asserragliarsi,asserragliarsi,ita.V::g001154,pronominal_of,mgn_data:ita-v::asserragliare,si,True
mgn_data:ita-v::asservirsi,asservirsi,ita.V::g001156,pronominal_of,mgn_data:ita-v::asservire,si,True
mgn_data:ita-v::assestarsi,assestarsi,ita.V::g001158,pronominal_of,mgn_data:ita-v::assestare,si,True
mgn_data:ita-v::assicurarsi,assicurarsi,ita.V::g001164,pronominal_of,mgn_data:ita-v::assicurare,si,True
mgn_data:ita-v::assiderarsi,assiderarsi,ita.V::g001166,pronominal_of,mgn_data:ita-v::assiderare,si,True
mgn_data:ita-v::assidersi,assidersi,ita.V::g001168,pronominal_of,mgn_data:ita-v::assidere,si,True
mgn_data:ita-v::assistersi,assistersi,ita.V::g001176,pronominal_of,mgn_data:ita-v::assistere,si,True
mgn_data:ita-v::associarsi,associarsi,ita.V::g001178,pronominal_of,mgn_data:ita-v::associare,si,True
mgn_data:ita-v::assodarsi,assodarsi,ita.V::g001180,pronominal_of,mgn_data:ita-v::assodare,si,True
mgn_data:ita-v::assoggettarsi,assoggettarsi,ita.V::g001182,pronominal_of,mgn_data:ita-v::assoggettare,si,True
mgn_data:ita-v::assomigliarsi,assomigliarsi,ita.V::g001189,pronominal_of,mgn_data:ita-v::assomigliare,si,True
mgn_data:ita-v::assopirsi,assopirsi,ita.V::g001194,pronominal_of,mgn_data:ita-v::assopire,si,True
mgn_data:ita-v::assottigliarsi,assottigliarsi,ita.V::g001200,pronominal_of,mgn_data:ita-v::assottigliare,si,True
mgn_data:ita-v::assuefarsi,assuefarsi,ita.V::g001202,pronominal_of,mgn_data:ita-v::assuefare,si,True
mgn_data:ita-v::assumersi,assumersi,ita.V::g001204,pronominal_of,mgn_data:ita-v::assumere,si,True
mgn_data:ita-v::astenersi,astenersi,ita.V::g001208,pronominal_of,mgn_data:ita-v::astenere,si,True
mgn_data:ita-v::astrarsi,astrarsi,ita.V::g001210,pronominal_no_base,,si,True
mgn_data:ita-v::atrofizzarsi,atrofizzarsi,ita.V::g001215,pronominal_of,mgn_data:ita-v::atrofizzare,si,True
mgn_data:ita-v::atrovarsi,atrovarsi,ita.V::g001217,pronominal_of,mgn_data:ita-v::atrovare,si,True
mgn_data:ita-v::attaccarsi,attaccarsi,ita.V::g001219,pronominal_of,mgn_data:ita-v::attaccare,si,True
mgn_data:ita-v::attagliarsi,attagliarsi,ita.V::g001220,pronominal_no_base,,si,True
mgn_data:ita-v::attardarsi,attardarsi,ita.V::g001223,pronominal_of,mgn_data:ita-v::attardare,si,True
mgn_data:ita-v::atteggiarsi,atteggiarsi,ita.V::g001227,pronominal_of,mgn_data:ita-v::atteggiare,si,True
mgn_data:ita-v::attendarsi,attendarsi,ita.V::g001229,pronominal_no_base,,si,True
mgn_data:ita-v::attendersi,attendersi,ita.V::g001231,pronominal_of,mgn_data:ita-v::attendere,si,True
mgn_data:ita-v::attenersi,attenersi,ita.V::g001233,pronominal_of,mgn_data:ita-v::attenere,si,True
mgn_data:ita-v::attestarsi,attestarsi,ita.V::g001242,pronominal_of,mgn_data:ita-v::attestare,si,True
mgn_data:ita-v::attingersi,attingersi,ita.V::g001246,pronominal_of,mgn_data:ita-v::attingere,si,True
mgn_data:ita-v::attirarsi,attirarsi,ita.V::g001248,pronominal_of,mgn_data:ita-v::attirare,si,True
mgn_data:ita-v::attivarsi,attivarsi,ita.V::g001250,pronominal_of,mgn_data:ita-v::attivare,si,True
mgn_data:ita-v::attorcigliarsi,attorcigliarsi,ita.V::g001255,pronominal_of,mgn_data:ita-v::attorcigliare,si,True
mgn_data:ita-v::attorniarsi,attorniarsi,ita.V::g001257,pronominal_of,mgn_data:ita-v::attorniare,si,True
mgn_data:ita-v::attrarsi,attrarsi,ita.V::g001265,pronominal_of,mgn_data:ita-v::attrarre,si,True
mgn_data:ita-v::attrezzarsi,attrezzarsi,ita.V::g001268,pronominal_of,mgn_data:ita-v::attrezzare,si,True
mgn_data:ita-v::attribuirsi,attribuirsi,ita.V::g001270,pronominal_of,mgn_data:ita-v::attribuire,si,True
mgn_data:ita-v::attrupparsi,attrupparsi,ita.V::g001274,pronominal_of,mgn_data:ita-v::attruppare,si,True
mgn_data:ita-v::attuarsi,attuarsi,ita.V::g001277,pronominal_of,mgn_data:ita-v::attuare,si,True
mgn_data:ita-v::attutirsi,attutirsi,ita.V::g001281,pronominal_of,mgn_data:ita-v::attutire,si,True
mgn_data:ita-v::augurarsi,augurarsi,ita.V::g001285,pronominal_of,mgn_data:ita-v::augurare,si,True
mgn_data:ita-v::aumentarsi,aumentarsi,ita.V::g001287,pronominal_no_base,,si,True
mgn_data:ita-v::autenticarsi,autenticarsi,ita.V::g001294,pronominal_of,mgn_data:ita-v::autenticare,si,True
mgn_data:ita-v::autoaccusarsi,autoaccusarsi,ita.V::g001296,pronominal_no_base,,si,True
mgn_data:ita-v::autoaffondarsi,autoaffondarsi,ita.V::g001297,pronominal_no_base,,si,True
mgn_data:ita-v::autoalimentarsi,autoalimentarsi,ita.V::g001298,pronominal_no_base,,si,True
mgn_data:ita-v::autoassemblarsi,autoassemblarsi,ita.V::g001299,pronominal_no_base,,si,True
mgn_data:ita-v::autoassolversi,autoassolversi,ita.V::g001300,pronominal_no_base,,si,True
mgn_data:ita-v::autocandidarsi,autocandidarsi,ita.V::g001301,pronominal_no_base,,si,True
mgn_data:ita-v::autocensurarsi,autocensurarsi,ita.V::g001302,pronominal_no_base,,si,True
mgn_data:ita-v::autocitarsi,autocitarsi,ita.V::g001304,pronominal_no_base,,si,True
mgn_data:ita-v::autocommiserarsi,autocommiserarsi,ita.V::g001305,pronominal_no_base,,si,True
mgn_data:ita-v::autocontraddirsi,autocontraddirsi,ita.V::g001307,pronominal_no_base,,si,True
mgn_data:ita-v::autoconvincersi,autoconvincersi,ita.V::g001309,pronominal_no_base,,si,True
mgn_data:ita-v::autodefinirsi,autodefinirsi,ita.V::g001310,pronominal_no_base,,si,True
mgn_data:ita-v::autodenunciarsi,autodenunciarsi,ita.V::g001311,pronominal_no_base,,si,True
mgn_data:ita-v::autodeterminarsi,autodeterminarsi,ita.V::g001312,pronominal_no_base,,si,True
mgn_data:ita-v::autodichiararsi,autodichiararsi,ita.V::g001313,pronominal_no_base,,si,True
mgn_data:ita-v::autodistruggersi,autodistruggersi,ita.V::g001315,pronominal_of,mgn_data:ita-v::autodistruggere,si,True
mgn_data:ita-v::autoeccitarsi,autoeccitarsi,ita.V::g001316,pronominal_no_base,,si,True
mgn_data:ita-v::autoescludersi,autoescludersi,ita.V::g001317,pronominal_no_base,,si,True
mgn_data:ita-v::autoesiliarsi,autoesiliarsi,ita.V::g001318,pronominal_no_base,,si,True
mgn_data:ita-v::autofinanziarsi,autofinanziarsi,ita.V::g001319,pronominal_no_base,,si,True
mgn_data:ita-v::autogestirsi,autogestirsi,ita.V::g001321,pronominal_of,mgn_data:ita-v::autogestire,si,True
mgn_data:ita-v::autogiustificarsi,autogiustificarsi,ita.V::g001322,pronominal_no_base,,si,True
mgn_data:ita-v::autogovernarsi,autogovernarsi,ita.V::g001323,pronominal_no_base,,si,True
mgn_data:ita-v::autoincensarsi,autoincensarsi,ita.V::g001325,pronominal_no_base,,si,True
mgn_data:ita-v::autointersecarsi,autointersecarsi,ita.V::g001326,pronominal_no_base,,si,True
mgn_data:ita-v::autoinvitarsi,autoinvitarsi,ita.V::g001327,pronominal_no_base,,si,True
mgn_data:ita-v::autolesionarsi,autolesionarsi,ita.V::g001328,pronominal_no_base,,si,True
mgn_data:ita-v::autolimitarsi,autolimitarsi,ita.V::g001329,pronominal_no_base,,si,True
mgn_data:ita-v::automotivarsi,automotivarsi,ita.V::g001332,pronominal_no_base,,si,True
mgn_data:ita-v::autoproclamarsi,autoproclamarsi,ita.V::g001334,pronominal_no_base,,si,True
mgn_data:ita-v::autopubblicizzarsi,autopubblicizzarsi,ita.V::g001338,pronominal_no_base,,si,True
mgn_data:ita-v::autoregolamentarsi,autoregolamentarsi,ita.V::g001339,pronominal_no_base,,si,True
mgn_data:ita-v::autoregolarsi,autoregolarsi,ita.V::g001340,pronominal_no_base,,si,True
mgn_data:ita-v::autoripararsi,autoripararsi,ita.V::g001342,pronominal_no_base,,si,True
mgn_data:ita-v::autorizzarsi,autorizzarsi,ita.V::g001344,pronominal_of,mgn_data:ita-v::autorizzare,si,True
mgn_data:ita-v::autosuggestionarsi,autosuggestionarsi,ita.V::g001347,pronominal_no_base,,si,True
mgn_data:ita-v::autotassarsi,autotassarsi,ita.V::g001348,pronominal_no_base,,si,True
mgn_data:ita-v::avanzarsi,avanzarsi,ita.V::g001354,pronominal_no_base,,si,True
mgn_data:ita-v::avariarsi,avariarsi,ita.V::g001356,pronominal_of,mgn_data:ita-v::avariare,si,True
mgn_data:ita-v::avercela,avercela,ita.V::g001357,pronominal_no_base,,cela,True
mgn_data:ita-v::aversela,aversela,ita.V::g001358,pronominal_no_base,,sela,True
mgn_data:ita-v::avvalersi,avvalersi,ita.V::g001364,pronominal_no_base,,si,True
mgn_data:ita-v::avvallarsi,avvallarsi,ita.V::g001365,pronominal_no_base,,si,True
mgn_data:ita-v::avvantaggiarsi,avvantaggiarsi,ita.V::g001369,pronominal_of,mgn_data:ita-v::avvantaggiare,si,True
mgn_data:ita-v::avvedersi,avvedersi,ita.V::g001370,pronominal_no_base,,si,True
mgn_data:ita-v::avvelenarsi,avvelenarsi,ita.V::g001373,pronominal_of,mgn_data:ita-v::avvelenare,si,True
mgn_data:ita-v::avventarsi,avventarsi,ita.V::g001376,pronominal_of,mgn_data:ita-v::avventare,si,True
mgn_data:ita-v::avventurarsi,avventurarsi,ita.V::g001378,pronominal_of,mgn_data:ita-v::avventurare,si,True
mgn_data:ita-v::avverarsi,avverarsi,ita.V::g001380,pronominal_of,mgn_data:ita-v::avverare,si,True
mgn_data:ita-v::avvezzarsi,avvezzarsi,ita.V::g001384,pronominal_of,mgn_data:ita-v::avvezzare,si,True
mgn_data:ita-v::avviarsi,avviarsi,ita.V::g001386,pronominal_of,mgn_data:ita-v::avviare,si,True
mgn_data:ita-v::avvicendarsi,avvicendarsi,ita.V::g001388,pronominal_of,mgn_data:ita-v::avvicendare,si,True
mgn_data:ita-v::avvicinarsi,avvicinarsi,ita.V::g001390,pronominal_of,mgn_data:ita-v::avvicinare,si,True
mgn_data:ita-v::avvilirsi,avvilirsi,ita.V::g001393,pronominal_of,mgn_data:ita-v::avvilire,si,True
mgn_data:ita-v::avvilupparsi,avvilupparsi,ita.V::g001395,pronominal_of,mgn_data:ita-v::avviluppare,si,True
mgn_data:ita-v::avvinazzarsi,avvinazzarsi,ita.V::g001397,pronominal_of,mgn_data:ita-v::avvinazzare,si,True
mgn_data:ita-v::avvinghiarsi,avvinghiarsi,ita.V::g001401,pronominal_of,mgn_data:ita-v::avvinghiare,si,True
mgn_data:ita-v::avvisarsi,avvisarsi,ita.V::g001403,pronominal_of,mgn_data:ita-v::avvisare,si,True
mgn_data:ita-v::avvitarsi,avvitarsi,ita.V::g001406,pronominal_of,mgn_data:ita-v::avvitare,si,True
mgn_data:ita-v::avviticchiarsi,avviticchiarsi,ita.V::g001408,pronominal_of,mgn_data:ita-v::avviticchiare,si,True
mgn_data:ita-v::avvivarsi,avvivarsi,ita.V::g001411,pronominal_of,mgn_data:ita-v::avvivare,si,True
mgn_data:ita-v::avvolgersi,avvolgersi,ita.V::g001415,pronominal_of,mgn_data:ita-v::avvolgere,si,True
mgn_data:ita-v::avvoltolarsi,avvoltolarsi,ita.V::g001417,pronominal_of,mgn_data:ita-v::avvoltolare,si,True
mgn_data:ita-v::azzardarsi,azzardarsi,ita.V::g001424,pronominal_of,mgn_data:ita-v::azzardare,si,True
mgn_data:ita-v::azzimarsi,azzimarsi,ita.V::g001428,pronominal_of,mgn_data:ita-v::azzimare,si,True
mgn_data:ita-v::azzopparsi,azzopparsi,ita.V::g001432,pronominal_of,mgn_data:ita-v::azzoppare,si,True
mgn_data:ita-v::azzoppirsi,azzoppirsi,ita.V::g001434,pronominal_of,mgn_data:ita-v::azzoppire,si,True
mgn_data:ita-v::azzuffarsi,azzuffarsi,ita.V::g001436,pronominal_of,mgn_data:ita-v::azzuffare,si,True
mgn_data:ita-v::azzurrarsi,azzurrarsi,ita.V::g001438,pronominal_of,mgn_data:ita-v::azzurrare,si,True
mgn_data:ita-v::bacarsi,bacarsi,ita.V::g001440,pronominal_of,mgn_data:ita-v::bacare,si,True
mgn_data:ita-v::baciarsi,baciarsi,ita.V::g001445,pronominal_of,mgn_data:ita-v::baciare,si,True
mgn_data:ita-v::badarsi,badarsi,ita.V::g001447,pronominal_of,mgn_data:ita-v::badare,si,True
mgn_data:ita-v::baloccarsi,baloccarsi,ita.V::g001457,pronominal_of,mgn_data:ita-v::baloccare,si,True
mgn_data:ita-v::barcamenarsi,barcamenarsi,ita.V::g001475,pronominal_no_base,,si,True
mgn_data:ita-v::bardarsi,bardarsi,ita.V::g001478,pronominal_of,mgn_data:ita-v::bardare,si,True
mgn_data:ita-v::basarsi,basarsi,ita.V::g001485,pronominal_of,mgn_data:ita-v::basare,si,True
mgn_data:ita-v::battersela,battersela,ita.V::g001495,pronominal_no_base,,sela,True
mgn_data:ita-v::battersi,battersi,ita.V::g001496,pronominal_no_base,,si,True
mgn_data:ita-v::battibeccarsi,battibeccarsi,ita.V::g001499,pronominal_of,mgn_data:ita-v::battibeccare,si,True
mgn_data:ita-v::bearsi,bearsi,ita.V::g001502,pronominal_of,mgn_data:ita-v::beare,si,True
mgn_data:ita-v::beccarsi,beccarsi,ita.V::g001505,pronominal_of,mgn_data:ita-v::beccare,si,True
mgn_data:ita-v::becchettarsi,becchettarsi,ita.V::g001508,pronominal_of,mgn_data:ita-v::becchettare,si,True
mgn_data:ita-v::beffarsi,beffarsi,ita.V::g001510,pronominal_of,mgn_data:ita-v::beffare,si,True
mgn_data:ita-v::bendarsi,bendarsi,ita.V::g001514,pronominal_no_base,,si,True
mgn_data:ita-v::bersela,bersela,ita.V::g001523,pronominal_of,mgn_data:ita-v::bere,sela,True
mgn_data:ita-v::bersi,bersi,ita.V::g001524,pronominal_of,mgn_data:ita-v::bere,si,True
mgn_data:ita-v::biasimarsi,biasimarsi,ita.V::g001532,pronominal_of,mgn_data:ita-v::biasimare,si,True
mgn_data:ita-v::biforcarsi,biforcarsi,ita.V::g001537,pronominal_of,mgn_data:ita-v::biforcare,si,True
mgn_data:ita-v::bilanciarsi,bilanciarsi,ita.V::g001542,pronominal_of,mgn_data:ita-v::bilanciare,si,True
mgn_data:ita-v::biodegradarsi,biodegradarsi,ita.V::g001547,pronominal_of,mgn_data:ita-v::biodegradare,si,True
mgn_data:ita-v::bipartirsi,bipartirsi,ita.V::g001552,pronominal_of,mgn_data:ita-v::bipartire,si,True
mgn_data:ita-v::bisticciarsi,bisticciarsi,ita.V::g001561,pronominal_of,mgn_data:ita-v::bisticciare,si,True
mgn_data:ita-v::bloccarsi,bloccarsi,ita.V::g001573,pronominal_of,mgn_data:ita-v::bloccare,si,True
mgn_data:ita-v::boriarsi,boriarsi,ita.V::g001592,pronominal_no_base,,si,True
mgn_data:ita-v::bruciacchiarsi,bruciacchiarsi,ita.V::g001623,pronominal_of,mgn_data:ita-v::bruciacchiare,si,True
mgn_data:ita-v::bruciarsi,bruciarsi,ita.V::g001624,pronominal_no_base,,si,True
mgn_data:ita-v::bucarsi,bucarsi,ita.V::g001633,pronominal_of,mgn_data:ita-v::bucare,si,True
mgn_data:ita-v::burlarsi,burlarsi,ita.V::g001647,pronominal_of,mgn_data:ita-v::burlare,si,True
mgn_data:ita-v::buscarsi,buscarsi,ita.V::g001651,pronominal_of,mgn_data:ita-v::buscare,si,True
mgn_data:ita-v::buttarsi,buttarsi,ita.V::g001653,pronominal_no_base,,si,True
mgn_data:ita-v::cacarsi,cacarsi,ita.V::g001660,pronominal_of,mgn_data:ita-v::cacare,si,True
mgn_data:ita-v::cacciarsi,cacciarsi,ita.V::g001661,pronominal_no_base,,si,True
mgn_data:ita-v::caducarsi,caducarsi,ita.V::g001666,pronominal_of,mgn_data:ita-v::caducare,si,True
mgn_data:ita-v::cagarsi,cagarsi,ita.V::g001668,pronominal_of,mgn_data:ita-v::cagare,si,True
mgn_data:ita-v::calarsi,calarsi,ita.V::g001676,pronominal_of,mgn_data:ita-v::calare,si,True
mgn_data:ita-v::calcificarsi,calcificarsi,ita.V::g001679,pronominal_of,mgn_data:ita-v::calcificare,si,True
mgn_data:ita-v::calcolarsi,calcolarsi,ita.V::g001682,pronominal_of,mgn_data:ita-v::calcolare,si,True
mgn_data:ita-v::calmarsi,calmarsi,ita.V::g001688,pronominal_of,mgn_data:ita-v::calmare,si,True
mgn_data:ita-v::cambiarsi,cambiarsi,ita.V::g001695,pronominal_of,mgn_data:ita-v::cambiare,si,True
mgn_data:ita-v::camuffarsi,camuffarsi,ita.V::g001705,pronominal_of,mgn_data:ita-v::camuffare,si,True
mgn_data:ita-v::cancellarsi,cancellarsi,ita.V::g001708,pronominal_of,mgn_data:ita-v::cancellare,si,True
mgn_data:ita-v::cancerizzarsi,cancerizzarsi,ita.V::g001709,pronominal_no_base,,si,True
mgn_data:ita-v::candidarsi,candidarsi,ita.V::g001712,pronominal_of,mgn_data:ita-v::candidare,si,True
mgn_data:ita-v::capacitarsi,capacitarsi,ita.V::g001727,pronominal_of,mgn_data:ita-v::capacitare,si,True
mgn_data:ita-v::capirsi,capirsi,ita.V::g001730,pronominal_no_base,,si,True
mgn_data:ita-v::capovolgersi,capovolgersi,ita.V::g001743,pronominal_of,mgn_data:ita-v::capovolgere,si,True
mgn_data:ita-v::caratterizzarsi,caratterizzarsi,ita.V::g001753,pronominal_of,mgn_data:ita-v::caratterizzare,si,True
mgn_data:ita-v::carbonizzarsi,carbonizzarsi,ita.V::g001756,pronominal_of,mgn_data:ita-v::carbonizzare,si,True
mgn_data:ita-v::carezzarsi,carezzarsi,ita.V::g001764,pronominal_of,mgn_data:ita-v::carezzare,si,True
mgn_data:ita-v::cariarsi,cariarsi,ita.V::g001766,pronominal_of,mgn_data:ita-v::cariare,si,True
mgn_data:ita-v::caricarsi,caricarsi,ita.V::g001768,pronominal_of,mgn_data:ita-v::caricare,si,True
mgn_data:ita-v::catapultarsi,catapultarsi,ita.V::g001793,pronominal_of,mgn_data:ita-v::catapultare,si,True
mgn_data:ita-v::cautelarsi,cautelarsi,ita.V::g001802,pronominal_of,mgn_data:ita-v::cautelare,si,True
mgn_data:ita-v::cavarsela,cavarsela,ita.V::g001807,pronominal_of,mgn_data:ita-v::cavare,sela,True
mgn_data:ita-v::cavarsi,cavarsi,ita.V::g001808,pronominal_of,mgn_data:ita-v::cavare,si,True
mgn_data:ita-v::cazzottarsi,cazzottarsi,ita.V::g001815,pronominal_of,mgn_data:ita-v::cazzottare,si,True
mgn_data:ita-v::celarsi,celarsi,ita.V::g001819,pronominal_of,mgn_data:ita-v::celare,si,True
mgn_data:ita-v::cementarsi,cementarsi,ita.V::g001824,pronominal_of,mgn_data:ita-v::cementare,si,True
mgn_data:ita-v::centuplicarsi,centuplicarsi,ita.V::g001838,pronominal_of,mgn_data:ita-v::centuplicare,si,True
mgn_data:ita-v::cercarsela,cercarsela,ita.V::g001841,pronominal_of,mgn_data:ita-v::cercare,sela,True
mgn_data:ita-v::cercarsi,cercarsi,ita.V::g001842,pronominal_of,mgn_data:ita-v::cercare,si,True
mgn_data:ita-v::chetarsi,chetarsi,ita.V::g001852,pronominal_of,mgn_data:ita-v::chetare,si,True
mgn_data:ita-v::chiamarsi,chiamarsi,ita.V::g001854,pronominal_no_base,,si,True
mgn_data:ita-v::chiarirsi,chiarirsi,ita.V::g001858,pronominal_of,mgn_data:ita-v::chiarire,si,True
mgn_data:ita-v::chiedersi,chiedersi,ita.V::g001863,pronominal_no_base,,si,True
mgn_data:ita-v::chinarsi,chinarsi,ita.V::g001868,pronominal_of,mgn_data:ita-v::chinare,si,True
mgn_data:ita-v::chiudersi,chiudersi,ita.V::g001875,pronominal_of,mgn_data:ita-v::chiudere,si,True
mgn_data:ita-v::cibarsi,cibarsi,ita.V::g001888,pronominal_of,mgn_data:ita-v::cibare,si,True
mgn_data:ita-v::cicatrizzarsi,cicatrizzarsi,ita.V::g001891,pronominal_of,mgn_data:ita-v::cicatrizzare,si,True
mgn_data:ita-v::cimentarsi,cimentarsi,ita.V::g001901,pronominal_of,mgn_data:ita-v::cimentare,si,True
mgn_data:ita-v::circoncidersi,circoncidersi,ita.V::g001910,pronominal_of,mgn_data:ita-v::circoncidere,si,True
mgn_data:ita-v::circondarsi,circondarsi,ita.V::g001913,pronominal_of,mgn_data:ita-v::circondare,si,True
mgn_data:ita-v::citarsi,citarsi,ita.V::g001928,pronominal_of,mgn_data:ita-v::citare,si,True
mgn_data:ita-v::ciucciarsi,ciucciarsi,ita.V::g001931,pronominal_of,mgn_data:ita-v::ciucciare,si,True
mgn_data:ita-v::classificarsi,classificarsi,ita.V::g001943,pronominal_of,mgn_data:ita-v::classificare,si,True
mgn_data:ita-v::coagularsi,coagularsi,ita.V::g001956,pronominal_of,mgn_data:ita-v::coagulare,si,True
mgn_data:ita-v::coalizzarsi,coalizzarsi,ita.V::g001958,pronominal_of,mgn_data:ita-v::coalizzare,si,True
mgn_data:ita-v::coccolarsi,coccolarsi,ita.V::g001961,pronominal_of,mgn_data:ita-v::coccolare,si,True
mgn_data:ita-v::collegarsi,collegarsi,ita.V::g001986,pronominal_of,mgn_data:ita-v::collegare,si,True
mgn_data:ita-v::collocarsi,collocarsi,ita.V::g001993,pronominal_of,mgn_data:ita-v::collocare,si,True
mgn_data:ita-v::colluttarsi,colluttarsi,ita.V::g001997,pronominal_of,mgn_data:ita-v::colluttare,si,True
mgn_data:ita-v::colorarsi,colorarsi,ita.V::g002001,pronominal_of,mgn_data:ita-v::colorare,si,True
mgn_data:ita-v::colorirsi,colorirsi,ita.V::g002003,pronominal_of,mgn_data:ita-v::colorire,si,True
mgn_data:ita-v::colpevolizzarsi,colpevolizzarsi,ita.V::g002006,pronominal_of,mgn_data:ita-v::colpevolizzare,si,True
mgn_data:ita-v::colpirsi,colpirsi,ita.V::g002008,pronominal_of,mgn_data:ita-v::colpire,si,True
mgn_data:ita-v::combattersi,combattersi,ita.V::g002013,pronominal_no_base,,si,True
mgn_data:ita-v::combinarsi,combinarsi,ita.V::g002015,pronominal_of,mgn_data:ita-v::combinare,si,True
mgn_data:ita-v::commuoversi,commuoversi,ita.V::g002030,pronominal_no_base,,si,True
mgn_data:ita-v::compatirsi,compatirsi,ita.V::g002042,pronominal_of,mgn_data:ita-v::compatire,si,True
mgn_data:ita-v::compattarsi,compattarsi,ita.V::g002044,pronominal_of,mgn_data:ita-v::compattare,si,True
mgn_data:ita-v::compenetrarsi,compenetrarsi,ita.V::g002047,pronominal_of,mgn_data:ita-v::compenetrare,si,True
mgn_data:ita-v::compensarsi,compensarsi,ita.V::g002049,pronominal_of,mgn_data:ita-v::compensare,si,True
mgn_data:ita-v::compiacersi,compiacersi,ita.V::g002052,pronominal_no_base,,si,True
mgn_data:ita-v::compiangersi,compiangersi,ita.V::g002054,pronominal_of,mgn_data:ita-v::compiangere,si,True
mgn_data:ita-v::compiersi,compiersi,ita.V::g002056,pronominal_of,mgn_data:ita-v::compiere,si,True
mgn_data:ita-v::completarsi,completarsi,ita.V::g002063,pronominal_of,mgn_data:ita-v::completare,si,True
mgn_data:ita-v::complicarsi,complicarsi,ita.V::g002066,pronominal_of,mgn_data:ita-v::complicare,si,True
mgn_data:ita-v::complimentarsi,complimentarsi,ita.V::g002068,pronominal_of,mgn_data:ita-v::complimentare,si,True
mgn_data:ita-v::comporsi,comporsi,ita.V::g002071,pronominal_of,mgn_data:ita-v::comporre,si,True
mgn_data:ita-v::comportarsi,comportarsi,ita.V::g002073,pronominal_of,mgn_data:ita-v::comportare,si,True
mgn_data:ita-v::comprarsi,comprarsi,ita.V::g002076,pronominal_of,mgn_data:ita-v::comprare,si,True
mgn_data:ita-v::comprendersi,comprendersi,ita.V::g002079,pronominal_of,mgn_data:ita-v::comprendere,si,True
mgn_data:ita-v::compromettersi,compromettersi,ita.V::g002082,pronominal_of,mgn_data:ita-v::compromettere,si,True
mgn_data:ita-v::comunicarsi,comunicarsi,ita.V::g002088,pronominal_no_base,,si,True
mgn_data:ita-v::concedersi,concedersi,ita.V::g002092,pronominal_of,mgn_data:ita-v::concedere,si,True
mgn_data:ita-v::concentrarsi,concentrarsi,ita.V::g002095,pronominal_of,mgn_data:ita-v::concentrare,si,True
mgn_data:ita-v::concertarsi,concertarsi,ita.V::g002099,pronominal_of,mgn_data:ita-v::concertare,si,True
mgn_data:ita-v::conciliarsi,conciliarsi,ita.V::g002104,pronominal_no_base,,si,True
mgn_data:ita-v::concludersi,concludersi,ita.V::g002110,pronominal_of,mgn_data:ita-v::concludere,si,True
mgn_data:ita-v::concretarsi,concretarsi,ita.V::g002115,pronominal_of,mgn_data:ita-v::concretare,si,True
mgn_data:ita-v::concretizzarsi,concretizzarsi,ita.V::g002117,pronominal_of,mgn_data:ita-v::concretizzare,si,True
mgn_data:ita-v::condannarsi,condannarsi,ita.V::g002122,pronominal_of,mgn_data:ita-v::condannare,si,True
mgn_data:ita-v::condensarsi,condensarsi,ita.V::g002124,pronominal_of,mgn_data:ita-v::condensare,si,True
mgn_data:ita-v::condolersi,condolersi,ita.V::g002130,pronominal_no_base,,si,True
mgn_data:ita-v::condursi,condursi,ita.V::g002133,pronominal_of,mgn_data:ita-v::condurre,si,True
mgn_data:ita-v::confederarsi,confederarsi,ita.V::g002136,pronominal_of,mgn_data:ita-v::confederare,si,True
mgn_data:ita-v::conferirsi,conferirsi,ita.V::g002138,pronominal_of,mgn_data:ita-v::conferire,si,True
mgn_data:ita-v::confermarsi,confermarsi,ita.V::g002140,pronominal_of,mgn_data:ita-v::confermare,si,True
mgn_data:ita-v::confessarsi,confessarsi,ita.V::g002142,pronominal_of,mgn_data:ita-v::confessare,si,True
mgn_data:ita-v::confidarsi,confidarsi,ita.V::g002147,pronominal_of,mgn_data:ita-v::confidare,si,True
mgn_data:ita-v::configurarsi,configurarsi,ita.V::g002150,pronominal_of,mgn_data:ita-v::configurare,si,True
mgn_data:ita-v::confinarsi,confinarsi,ita.V::g002152,pronominal_of,mgn_data:ita-v::confinare,si,True
mgn_data:ita-v::confondersi,confondersi,ita.V::g002158,pronominal_of,mgn_data:ita-v::confondere,si,True
mgn_data:ita-v::conformarsi,conformarsi,ita.V::g002160,pronominal_of,mgn_data:ita-v::conformare,si,True
mgn_data:ita-v::confortarsi,confortarsi,ita.V::g002162,pronominal_of,mgn_data:ita-v::confortare,si,True
mgn_data:ita-v::confrontarsi,confrontarsi,ita.V::g002165,pronominal_of,mgn_data:ita-v::confrontare,si,True
mgn_data:ita-v::congedarsi,congedarsi,ita.V::g002168,pronominal_of,mgn_data:ita-v::congedare,si,True
mgn_data:ita-v::congelarsi,congelarsi,ita.V::g002171,pronominal_of,mgn_data:ita-v::congelare,si,True
mgn_data:ita-v::congiungersi,congiungersi,ita.V::g002175,pronominal_of,mgn_data:ita-v::congiungere,si,True
mgn_data:ita-v::conglutinarsi,conglutinarsi,ita.V::g002180,pronominal_of,mgn_data:ita-v::conglutinare,si,True
mgn_data:ita-v::congratularsi,congratularsi,ita.V::g002182,pronominal_of,mgn_data:ita-v::congratulare,si,True
mgn_data:ita-v::congregarsi,congregarsi,ita.V::g002184,pronominal_of,mgn_data:ita-v::congregare,si,True
mgn_data:ita-v::coniugarsi,coniugarsi,ita.V::g002188,pronominal_of,mgn_data:ita-v::coniugare,si,True
mgn_data:ita-v::connaturarsi,connaturarsi,ita.V::g002190,pronominal_of,mgn_data:ita-v::connaturare,si,True
mgn_data:ita-v::connettersi,connettersi,ita.V::g002191,pronominal_no_base,,si,True
mgn_data:ita-v::conoscersi,conoscersi,ita.V::g002194,pronominal_no_base,,si,True
mgn_data:ita-v::conquistarsi,conquistarsi,ita.V::g002196,pronominal_of,mgn_data:ita-v::conquistare,si,True
mgn_data:ita-v::consacrarsi,consacrarsi,ita.V::g002198,pronominal_of,mgn_data:ita-v::consacrare,si,True
mgn_data:ita-v::consapevolizzarsi,consapevolizzarsi,ita.V::g002200,pronominal_of,mgn_data:ita-v::consapevolizzare,si,True
mgn_data:ita-v::consegnarsi,consegnarsi,ita.V::g002202,pronominal_of,mgn_data:ita-v::consegnare,si,True
mgn_data:ita-v::consentirsi,consentirsi,ita.V::g002204,pronominal_of,mgn_data:ita-v::consentire,si,True
mgn_data:ita-v::conservarsi,conservarsi,ita.V::g002206,pronominal_of,mgn_data:ita-v::conservare,si,True
mgn_data:ita-v::considerarsi,considerarsi,ita.V::g002207,pronominal_no_base,,si,True
mgn_data:ita-v::consigliarsi,consigliarsi,ita.V::g002209,pronominal_of,mgn_data:ita-v::consigliare,si,True
mgn_data:ita-v::consociarsi,consociarsi,ita.V::g002212,pronominal_of,mgn_data:ita-v::consociare,si,True
mgn_data:ita-v::consolarsi,consolarsi,ita.V::g002213,pronominal_no_base,,si,True
mgn_data:ita-v::consolidarsi,consolidarsi,ita.V::g002215,pronominal_of,mgn_data:ita-v::consolidare,si,True
mgn_data:ita-v::consorziarsi,consorziarsi,ita.V::g002217,pronominal_of,mgn_data:ita-v::consorziare,si,True
mgn_data:ita-v::consultarsi,consultarsi,ita.V::g002225,pronominal_of,mgn_data:ita-v::consultare,si,True
mgn_data:ita-v::consumarsi,consumarsi,ita.V::g002227,pronominal_of,mgn_data:ita-v::consumare,si,True
mgn_data:ita-v::contaminarsi,contaminarsi,ita.V::g002233,pronominal_of,mgn_data:ita-v::contaminare,si,True
mgn_data:ita-v::contarsela,contarsela,ita.V::g002234,pronominal_no_base,,sela,True
mgn_data:ita-v::contarsi,contarsi,ita.V::g002235,pronominal_no_base,,si,True
mgn_data:ita-v::contattarsi,contattarsi,ita.V::g002237,pronominal_of,mgn_data:ita-v::contattare,si,True
mgn_data:ita-v::contemplarsi,contemplarsi,ita.V::g002241,pronominal_of,mgn_data:ita-v::contemplare,si,True
mgn_data:ita-v::contendersi,contendersi,ita.V::g002243,pronominal_of,mgn_data:ita-v::contendere,si,True
mgn_data:ita-v::contenersi,contenersi,ita.V::g002245,pronominal_of,mgn_data:ita-v::contenere,si,True
mgn_data:ita-v::contentarsi,contentarsi,ita.V::g002247,pronominal_of,mgn_data:ita-v::contentare,si,True
mgn_data:ita-v::contorcersi,contorcersi,ita.V::g002254,pronominal_of,mgn_data:ita-v::contorcere,si,True
mgn_data:ita-v::contornarsi,contornarsi,ita.V::g002256,pronominal_of,mgn_data:ita-v::contornare,si,True
mgn_data:ita-v::contraddirsi,contraddirsi,ita.V::g002260,pronominal_of,mgn_data:ita-v::contraddire,si,True
mgn_data:ita-v::contraffarsi,contraffarsi,ita.V::g002264,pronominal_of,mgn_data:ita-v::contraffare,si,True
mgn_data:ita-v::contrappesarsi,contrappesarsi,ita.V::g002266,pronominal_of,mgn_data:ita-v::contrappesare,si,True
mgn_data:ita-v::contrapporsi,contrapporsi,ita.V::g002268,pronominal_of,mgn_data:ita-v::contrapporre,si,True
mgn_data:ita-v::contrariarsi,contrariarsi,ita.V::g002272,pronominal_of,mgn_data:ita-v::contrariare,si,True
mgn_data:ita-v::contrarsi,contrarsi,ita.V::g002274,pronominal_of,mgn_data:ita-v::contrare,si,True
mgn_data:ita-v::contristarsi,contristarsi,ita.V::g002282,pronominal_of,mgn_data:ita-v::contristare,si,True
mgn_data:ita-v::controllarsi,controllarsi,ita.V::g002289,pronominal_of,mgn_data:ita-v::controllare,si,True
mgn_data:ita-v::convenirsi,convenirsi,ita.V::g002306,pronominal_of,mgn_data:ita-v::convenire,si,True
mgn_data:ita-v::convenzionarsi,convenzionarsi,ita.V::g002308,pronominal_of,mgn_data:ita-v::convenzionare,si,True
mgn_data:ita-v::convertirsi,convertirsi,ita.V::g002312,pronominal_of,mgn_data:ita-v::convertire,si,True
mgn_data:ita-v::convincersi,convincersi,ita.V::g002314,pronominal_of,mgn_data:ita-v::convincere,si,True
mgn_data:ita-v::coordinarsi,coordinarsi,ita.V::g002326,pronominal_of,mgn_data:ita-v::coordinare,si,True
mgn_data:ita-v::copiarsi,copiarsi,ita.V::g002330,pronominal_of,mgn_data:ita-v::copiare,si,True
mgn_data:ita-v::coprirsi,coprirsi,ita.V::g002334,pronominal_of,mgn_data:ita-v::coprire,si,True
mgn_data:ita-v::coricarsi,coricarsi,ita.V::g002343,pronominal_of,mgn_data:ita-v::coricare,si,True
mgn_data:ita-v::correggersi,correggersi,ita.V::g002349,pronominal_of,mgn_data:ita-v::correggere,si,True
mgn_data:ita-v::corrercene,corrercene,ita.V::g002351,pronominal_of,mgn_data:ita-v::correre,cene,True
mgn_data:ita-v::corrersi,corrersi,ita.V::g002353,pronominal_of,mgn_data:ita-v::correre,si,True
mgn_data:ita-v::corrispondersi,corrispondersi,ita.V::g002357,pronominal_of,mgn_data:ita-v::corrispondere,si,True
mgn_data:ita-v::corrodersi,corrodersi,ita.V::g002360,pronominal_of,mgn_data:ita-v::corrodere,si,True
mgn_data:ita-v::corrompersi,corrompersi,ita.V::g002362,pronominal_of,mgn_data:ita-v::corrompere,si,True
mgn_data:ita-v::corrucciarsi,corrucciarsi,ita.V::g002364,pronominal_of,mgn_data:ita-v::corrucciare,si,True
mgn_data:ita-v::corrugarsi,corrugarsi,ita.V::g002366,pronominal_of,mgn_data:ita-v::corrugare,si,True
mgn_data:ita-v::cospargersi,cospargersi,ita.V::g002376,pronominal_of,mgn_data:ita-v::cospargere,si,True
mgn_data:ita-v::costernarsi,costernarsi,ita.V::g002383,pronominal_of,mgn_data:ita-v::costernare,si,True
mgn_data:ita-v::costituirsi,costituirsi,ita.V::g002387,pronominal_of,mgn_data:ita-v::costituire,si,True
mgn_data:ita-v::costringersi,costringersi,ita.V::g002390,pronominal_of,mgn_data:ita-v::costringere,si,True
mgn_data:ita-v::costruirsi,costruirsi,ita.V::g002391,pronominal_no_base,,si,True
mgn_data:ita-v::crearsi,crearsi,ita.V::g002402,pronominal_of,mgn_data:ita-v::creare,si,True
mgn_data:ita-v::creparsi,creparsi,ita.V::g002406,pronominal_of,mgn_data:ita-v::crepare,si,True
mgn_data:ita-v::cresimarsi,cresimarsi,ita.V::g002410,pronominal_of,mgn_data:ita-v::cresimare,si,True
mgn_data:ita-v::cristallizzarsi,cristallizzarsi,ita.V::g002416,pronominal_of,mgn_data:ita-v::cristallizzare,si,True
mgn_data:ita-v::criticarsi,criticarsi,ita.V::g002419,pronominal_of,mgn_data:ita-v::criticare,si,True
mgn_data:ita-v::crocifiggersi,crocifiggersi,ita.V::g002427,pronominal_of,mgn_data:ita-v::crocifiggere,si,True
mgn_data:ita-v::crogiolarsi,crogiolarsi,ita.V::g002429,pronominal_of,mgn_data:ita-v::crogiolare,si,True
mgn_data:ita-v::crollarsi,crollarsi,ita.V::g002431,pronominal_of,mgn_data:ita-v::crollare,si,True
mgn_data:ita-v::cronicizzarsi,cronicizzarsi,ita.V::g002434,pronominal_of,mgn_data:ita-v::cronicizzare,si,True
mgn_data:ita-v::cronometrarsi,cronometrarsi,ita.V::g002436,pronominal_of,mgn_data:ita-v::cronometrare,si,True
mgn_data:ita-v::crucciarsi,crucciarsi,ita.V::g002440,pronominal_of,mgn_data:ita-v::crucciare,si,True
mgn_data:ita-v::cucirsi,cucirsi,ita.V::g002445,pronominal_of,mgn_data:ita-v::cucire,si,True
mgn_data:ita-v::cullarsi,cullarsi,ita.V::g002447,pronominal_of,mgn_data:ita-v::cullare,si,True
mgn_data:ita-v::cumularsi,cumularsi,ita.V::g002450,pronominal_of,mgn_data:ita-v::cumulare,si,True
mgn_data:ita-v::curarsi,curarsi,ita.V::g002454,pronominal_of,mgn_data:ita-v::curare,si,True
mgn_data:ita-v::curvarsi,curvarsi,ita.V::g002457,pronominal_of,mgn_data:ita-v::curvare,si,True
mgn_data:ita-v::custodirsi,custodirsi,ita.V::g002459,pronominal_of,mgn_data:ita-v::custodire,si,True
mgn_data:ita-v::dannarsi,dannarsi,ita.V::g002465,pronominal_of,mgn_data:ita-v::dannare,si,True
mgn_data:ita-v::danneggiarsi,danneggiarsi,ita.V::g002467,pronominal_of,mgn_data:ita-v::danneggiare,si,True
mgn_data:ita-v::darsela,darsela,ita.V::g002471,pronominal_of,mgn_data:ita-v::dare,sela,True
mgn_data:ita-v::darsi,darsi,ita.V::g002472,pronominal_of,mgn_data:ita-v::dare,si,True
mgn_data:ita-v::debilitarsi,debilitarsi,ita.V::g002483,pronominal_of,mgn_data:ita-v::debilitare,si,True
mgn_data:ita-v::decidersi,decidersi,ita.V::g002507,pronominal_of,mgn_data:ita-v::decidere,si,True
mgn_data:ita-v::decomporsi,decomporsi,ita.V::g002522,pronominal_of,mgn_data:ita-v::decomporre,si,True
mgn_data:ita-v::deconcentrarsi,deconcentrarsi,ita.V::g002525,pronominal_of,mgn_data:ita-v::deconcentrare,si,True
mgn_data:ita-v::decongestionarsi,decongestionarsi,ita.V::g002529,pronominal_of,mgn_data:ita-v::decongestionare,si,True
mgn_data:ita-v::decuplicarsi,decuplicarsi,ita.V::g002545,pronominal_of,mgn_data:ita-v::decuplicare,si,True
mgn_data:ita-v::dedicarsi,dedicarsi,ita.V::g002548,pronominal_of,mgn_data:ita-v::dedicare,si,True
mgn_data:ita-v::dedursi,dedursi,ita.V::g002550,pronominal_of,mgn_data:ita-v::dedurre,si,True
mgn_data:ita-v::defilarsi,defilarsi,ita.V::g002561,pronominal_of,mgn_data:ita-v::defilare,si,True
mgn_data:ita-v::definirsi,definirsi,ita.V::g002563,pronominal_of,mgn_data:ita-v::definire,si,True
mgn_data:ita-v::deformarsi,deformarsi,ita.V::g002575,pronominal_of,mgn_data:ita-v::deformare,si,True
mgn_data:ita-v::degnarsi,degnarsi,ita.V::g002587,pronominal_of,mgn_data:ita-v::degnare,si,True
mgn_data:ita-v::degradarsi,degradarsi,ita.V::g002589,pronominal_of,mgn_data:ita-v::degradare,si,True
mgn_data:ita-v::delinearsi,delinearsi,ita.V::g002604,pronominal_of,mgn_data:ita-v::delineare,si,True
mgn_data:ita-v::deliziarsi,deliziarsi,ita.V::g002607,pronominal_of,mgn_data:ita-v::deliziare,si,True
mgn_data:ita-v::deludersi,deludersi,ita.V::g002611,pronominal_of,mgn_data:ita-v::deludere,si,True
mgn_data:ita-v::demoralizzarsi,demoralizzarsi,ita.V::g002632,pronominal_of,mgn_data:ita-v::demoralizzare,si,True
mgn_data:ita-v::demotivarsi,demotivarsi,ita.V::g002635,pronominal_of,mgn_data:ita-v::demotivare,si,True
mgn_data:ita-v::denaturarsi,denaturarsi,ita.V::g002637,pronominal_no_base,,si,True
mgn_data:ita-v::denudarsi,denudarsi,ita.V::g002649,pronominal_of,mgn_data:ita-v::denudare,si,True
mgn_data:ita-v::denunciarsi,denunciarsi,ita.V::g002651,pronominal_of,mgn_data:ita-v::denunciare,si,True
mgn_data:ita-v::denunziarsi,denunziarsi,ita.V::g002653,pronominal_of,mgn_data:ita-v::denunziare,si,True
mgn_data:ita-v::depauperarsi,depauperarsi,ita.V::g002659,pronominal_of,mgn_data:ita-v::depauperare,si,True
mgn_data:ita-v::depilarsi,depilarsi,ita.V::g002665,pronominal_of,mgn_data:ita-v::depilare,si,True
mgn_data:ita-v::depolimerizzarsi,depolimerizzarsi,ita.V::g002671,pronominal_of,mgn_data:ita-v::depolimerizzare,si,True
mgn_data:ita-v::depositarsi,depositarsi,ita.V::g002676,pronominal_no_base,,si,True
mgn_data:ita-v::deprimersi,deprimersi,ita.V::g002684,pronominal_of,mgn_data:ita-v::deprimere,si,True
mgn_data:ita-v::depurarsi,depurarsi,ita.V::g002686,pronominal_no_base,,si,True
mgn_data:ita-v::deresponsabilizzarsi,deresponsabilizzarsi,ita.V::g002698,pronominal_of,mgn_data:ita-v::deresponsabilizzare,si,True
mgn_data:ita-v::descriversi,descriversi,ita.V::g002709,pronominal_of,mgn_data:ita-v::descrivere,si,True
mgn_data:ita-v::desquamarsi,desquamarsi,ita.V::g002724,pronominal_of,mgn_data:ita-v::desquamare,si,True
mgn_data:ita-v::destabilizzarsi,destabilizzarsi,ita.V::g002726,pronominal_of,mgn_data:ita-v::destabilizzare,si,True
mgn_data:ita-v::destarsi,destarsi,ita.V::g002730,pronominal_of,mgn_data:ita-v::destare,si,True
mgn_data:ita-v::destinarsi,destinarsi,ita.V::g002734,pronominal_of,mgn_data:ita-v::destinare,si,True
mgn_data:ita-v::destreggiarsi,destreggiarsi,ita.V::g002738,pronominal_of,mgn_data:ita-v::destreggiare,si,True
mgn_data:ita-v::destrutturarsi,destrutturarsi,ita.V::g002741,pronominal_of,mgn_data:ita-v::destrutturare,si,True
mgn_data:ita-v::deteriorarsi,deteriorarsi,ita.V::g002746,pronominal_of,mgn_data:ita-v::deteriorare,si,True
mgn_data:ita-v::determinarsi,determinarsi,ita.V::g002748,pronominal_of,mgn_data:ita-v::determinare,si,True
mgn_data:ita-v::detestarsi,detestarsi,ita.V::g002750,pronominal_of,mgn_data:ita-v::detestare,si,True
mgn_data:ita-v::dibattersi,dibattersi,ita.V::g002777,pronominal_of,mgn_data:ita-v::dibattere,si,True
mgn_data:ita-v::dichiararsi,dichiararsi,ita.V::g002780,pronominal_of,mgn_data:ita-v::dichiarare,si,True
mgn_data:ita-v::difendersi,difendersi,ita.V::g002784,pronominal_of,mgn_data:ita-v::difendere,si,True
mgn_data:ita-v::differenziarsi,differenziarsi,ita.V::g002787,pronominal_no_base,,si,True
mgn_data:ita-v::diffidarsi,diffidarsi,ita.V::g002790,pronominal_of,mgn_data:ita-v::diffidare,si,True
mgn_data:ita-v::diffondersi,diffondersi,ita.V::g002792,pronominal_of,mgn_data:ita-v::diffondere,si,True
mgn_data:ita-v::diffrangersi,diffrangersi,ita.V::g002794,pronominal_of,mgn_data:ita-v::diffrangere,si,True
mgn_data:ita-v::dilaniarsi,dilaniarsi,ita.V::g002807,pronominal_of,mgn_data:ita-v::dilaniare,si,True
mgn_data:ita-v::dilatarsi,dilatarsi,ita.V::g002810,pronominal_of,mgn_data:ita-v::dilatare,si,True
mgn_data:ita-v::dileguarsi,dileguarsi,ita.V::g002815,pronominal_of,mgn_data:ita-v::dileguare,si,True
mgn_data:ita-v::dilettarsi,dilettarsi,ita.V::g002817,pronominal_of,mgn_data:ita-v::dilettare,si,True
mgn_data:ita-v::dilungarsi,dilungarsi,ita.V::g002823,pronominal_of,mgn_data:ita-v::dilungare,si,True
mgn_data:ita-v::dimenarsi,dimenarsi,ita.V::g002829,pronominal_of,mgn_data:ita-v::dimenare,si,True
mgn_data:ita-v::dimenticarsi,dimenticarsi,ita.V::g002831,pronominal_no_base,,si,True
mgn_data:ita-v::dimettersi,dimettersi,ita.V::g002834,pronominal_of,mgn_data:ita-v::dimettere,si,True
mgn_data:ita-v::dimostrarsi,dimostrarsi,ita.V::g002839,pronominal_no_base,,si,True
mgn_data:ita-v::dipanarsi,dipanarsi,ita.V::g002845,pronominal_of,mgn_data:ita-v::dipanare,si,True
mgn_data:ita-v::dipartirsi,dipartirsi,ita.V::g002846,pronominal_no_base,,si,True
mgn_data:ita-v::dipingersi,dipingersi,ita.V::g002849,pronominal_of,mgn_data:ita-v::dipingere,si,True
mgn_data:ita-v::diplomarsi,diplomarsi,ita.V::g002851,pronominal_of,mgn_data:ita-v::diplomare,si,True
mgn_data:ita-v::diradarsi,diradarsi,ita.V::g002854,pronominal_of,mgn_data:ita-v::diradare,si,True
mgn_data:ita-v::diramarsi,diramarsi,ita.V::g002856,pronominal_of,mgn_data:ita-v::diramare,si,True
mgn_data:ita-v::direzionarsi,direzionarsi,ita.V::g002860,pronominal_of,mgn_data:ita-v::direzionare,si,True
mgn_data:ita-v::dirigersi,dirigersi,ita.V::g002862,pronominal_of,mgn_data:ita-v::dirigere,si,True
mgn_data:ita-v::dirozzarsi,dirozzarsi,ita.V::g002868,pronominal_of,mgn_data:ita-v::dirozzare,si,True
mgn_data:ita-v::dirsi,dirsi,ita.V::g002869,pronominal_of,mgn_data:ita-v::dire,si,True
mgn_data:ita-v::disabituarsi,disabituarsi,ita.V::g002873,pronominal_of,mgn_data:ita-v::disabituare,si,True
mgn_data:ita-v::disaccordarsi,disaccordarsi,ita.V::g002877,pronominal_of,mgn_data:ita-v::disaccordare,si,True
mgn_data:ita-v::disacerbarsi,disacerbarsi,ita.V::g002879,pronominal_of,mgn_data:ita-v::disacerbare,si,True
mgn_data:ita-v::disaffezionarsi,disaffezionarsi,ita.V::g002885,pronominal_of,mgn_data:ita-v::disaffezionare,si,True
mgn_data:ita-v::disaggregarsi,disaggregarsi,ita.V::g002887,pronominal_of,mgn_data:ita-v::disaggregare,si,True
mgn_data:ita-v::disambiguarsi,disambiguarsi,ita.V::g002892,pronominal_of,mgn_data:ita-v::disambiguare,si,True
mgn_data:ita-v::disamorarsi,disamorarsi,ita.V::g002895,pronominal_of,mgn_data:ita-v::disamorare,si,True
mgn_data:ita-v::disanimarsi,disanimarsi,ita.V::g002898,pronominal_of,mgn_data:ita-v::disanimare,si,True
mgn_data:ita-v::disassuefarsi,disassuefarsi,ita.V::g002909,pronominal_of,mgn_data:ita-v::disassuefare,si,True
mgn_data:ita-v::disavvezzarsi,disavvezzarsi,ita.V::g002916,pronominal_of,mgn_data:ita-v::disavvezzare,si,True
mgn_data:ita-v::disbrigarsi,disbrigarsi,ita.V::g002919,pronominal_of,mgn_data:ita-v::disbrigare,si,True
mgn_data:ita-v::disciogliersi,disciogliersi,ita.V::g002934,pronominal_of,mgn_data:ita-v::disciogliere,si,True
mgn_data:ita-v::discolorarsi,discolorarsi,ita.V::g002937,pronominal_of,mgn_data:ita-v::discolorare,si,True
mgn_data:ita-v::discolparsi,discolparsi,ita.V::g002939,pronominal_of,mgn_data:ita-v::discolpare,si,True
mgn_data:ita-v::disconnettersi,disconnettersi,ita.V::g002947,pronominal_of,mgn_data:ita-v::disconnettere,si,True
mgn_data:ita-v::discostarsi,discostarsi,ita.V::g002955,pronominal_of,mgn_data:ita-v::discostare,si,True
mgn_data:ita-v::discreditarsi,discreditarsi,ita.V::g002957,pronominal_of,mgn_data:ita-v::discreditare,si,True
mgn_data:ita-v::disfarsi,disfarsi,ita.V::g002974,pronominal_of,mgn_data:ita-v::disfare,si,True
mgn_data:ita-v::disgelarsi,disgelarsi,ita.V::g002976,pronominal_of,mgn_data:ita-v::disgelare,si,True
mgn_data:ita-v::disgregarsi,disgregarsi,ita.V::g002979,pronominal_of,mgn_data:ita-v::disgregare,si,True
mgn_data:ita-v::disgustarsi,disgustarsi,ita.V::g002980,pronominal_no_base,,si,True
mgn_data:ita-v::disidentificarsi,disidentificarsi,ita.V::g002982,pronominal_of,mgn_data:ita-v::disidentificare,si,True
mgn_data:ita-v::disidratarsi,disidratarsi,ita.V::g002984,pronominal_of,mgn_data:ita-v::disidratare,si,True
mgn_data:ita-v::disilludersi,disilludersi,ita.V::g002986,pronominal_of,mgn_data:ita-v::disilludere,si,True
mgn_data:ita-v::disimpegnarsi,disimpegnarsi,ita.V::g002990,pronominal_of,mgn_data:ita-v::disimpegnare,si,True
mgn_data:ita-v::disincagliarsi,disincagliarsi,ita.V::g002993,pronominal_of,mgn_data:ita-v::disincagliare,si,True
mgn_data:ita-v::disincrostarsi,disincrostarsi,ita.V::g002997,pronominal_of,mgn_data:ita-v::disincrostare,si,True
mgn_data:ita-v::disingannarsi,disingannarsi,ita.V::g003004,pronominal_of,mgn_data:ita-v::disingannare,si,True
mgn_data:ita-v::disinibirsi,disinibirsi,ita.V::g003007,pronominal_of,mgn_data:ita-v::disinibire,si,True
mgn_data:ita-v::disinnamorarsi,disinnamorarsi,ita.V::g003009,pronominal_of,mgn_data:ita-v::disinnamorare,si,True
mgn_data:ita-v::disintegrarsi,disintegrarsi,ita.V::g003017,pronominal_of,mgn_data:ita-v::disintegrare,si,True
mgn_data:ita-v::disinteressarsi,disinteressarsi,ita.V::g003020,pronominal_of,mgn_data:ita-v::disinteressare,si,True
mgn_data:ita-v::disintossicarsi,disintossicarsi,ita.V::g003022,pronominal_of,mgn_data:ita-v::disintossicare,si,True
mgn_data:ita-v::disobbligarsi,disobbligarsi,ita.V::g003030,pronominal_of,mgn_data:ita-v::disobbligare,si,True
mgn_data:ita-v::disonorarsi,disonorarsi,ita.V::g003032,pronominal_of,mgn_data:ita-v::disonorare,si,True
mgn_data:ita-v::disorientarsi,disorientarsi,ita.V::g003036,pronominal_of,mgn_data:ita-v::disorientare,si,True
mgn_data:ita-v::dispensarsi,dispensarsi,ita.V::g003047,pronominal_of,mgn_data:ita-v::dispensare,si,True
mgn_data:ita-v::disperarsi,disperarsi,ita.V::g003048,pronominal_no_base,,si,True
mgn_data:ita-v::disperdersi,disperdersi,ita.V::g003050,pronominal_of,mgn_data:ita-v::disperdere,si,True
mgn_data:ita-v::dispiacersi,dispiacersi,ita.V::g003053,pronominal_of,mgn_data:ita-v::dispiacere,si,True
mgn_data:ita-v::dispiegarsi,dispiegarsi,ita.V::g003055,pronominal_of,mgn_data:ita-v::dispiegare,si,True
mgn_data:ita-v::disporsi,disporsi,ita.V::g003059,pronominal_of,mgn_data:ita-v::disporre,si,True
mgn_data:ita-v::disprezzarsi,disprezzarsi,ita.V::g003061,pronominal_of,mgn_data:ita-v::disprezzare,si,True
mgn_data:ita-v::disputarsi,disputarsi,ita.V::g003064,pronominal_no_base,,si,True
mgn_data:ita-v::dissanguarsi,dissanguarsi,ita.V::g003071,pronominal_no_base,,si,True
mgn_data:ita-v::disseccarsi,disseccarsi,ita.V::g003074,pronominal_of,mgn_data:ita-v::disseccare,si,True
mgn_data:ita-v::dissetarsi,dissetarsi,ita.V::g003085,pronominal_of,mgn_data:ita-v::dissetare,si,True
mgn_data:ita-v::dissiparsi,dissiparsi,ita.V::g003090,pronominal_of,mgn_data:ita-v::dissipare,si,True
mgn_data:ita-v::dissociarsi,dissociarsi,ita.V::g003092,pronominal_of,mgn_data:ita-v::dissociare,si,True
mgn_data:ita-v::dissolversi,dissolversi,ita.V::g003095,pronominal_of,mgn_data:ita-v::dissolvere,si,True
mgn_data:ita-v::distaccarsi,distaccarsi,ita.V::g003101,pronominal_of,mgn_data:ita-v::distaccare,si,True
mgn_data:ita-v::distanziarsi,distanziarsi,ita.V::g003103,pronominal_of,mgn_data:ita-v::distanziare,si,True
mgn_data:ita-v::distendersi,distendersi,ita.V::g003106,pronominal_of,mgn_data:ita-v::distendere,si,True
mgn_data:ita-v::distinguersi,distinguersi,ita.V::g003109,pronominal_of,mgn_data:ita-v::distinguere,si,True
mgn_data:ita-v::distogliersi,distogliersi,ita.V::g003111,pronominal_of,mgn_data:ita-v::distogliere,si,True
mgn_data:ita-v::distorcersi,distorcersi,ita.V::g003113,pronominal_of,mgn_data:ita-v::distorcere,si,True
mgn_data:ita-v::distrarsi,distrarsi,ita.V::g003115,pronominal_of,mgn_data:ita-v::distrarre,si,True
mgn_data:ita-v::distribuirsi,distribuirsi,ita.V::g003117,pronominal_of,mgn_data:ita-v::distribuire,si,True
mgn_data:ita-v::districarsi,districarsi,ita.V::g003119,pronominal_of,mgn_data:ita-v::districare,si,True
mgn_data:ita-v::distrigarsi,distrigarsi,ita.V::g003121,pronominal_of,mgn_data:ita-v::distrigare,si,True
mgn_data:ita-v::distruggersi,distruggersi,ita.V::g003124,pronominal_of,mgn_data:ita-v::distruggere,si,True
mgn_data:ita-v::disturbarsi,disturbarsi,ita.V::g003126,pronominal_of,mgn_data:ita-v::disturbare,si,True
mgn_data:ita-v::disumanarsi,disumanarsi,ita.V::g003129,pronominal_of,mgn_data:ita-v::disumanare,si,True
mgn_data:ita-v::disumanizzarsi,disumanizzarsi,ita.V::g003131,pronominal_of,mgn_data:ita-v::disumanizzare,si,True
mgn_data:ita-v::disunirsi,disunirsi,ita.V::g003133,pronominal_of,mgn_data:ita-v::disunire,si,True
mgn_data:ita-v::disviarsi,disviarsi,ita.V::g003139,pronominal_of,mgn_data:ita-v::disviare,si,True
mgn_data:ita-v::divagarsi,divagarsi,ita.V::g003145,pronominal_of,mgn_data:ita-v::divagare,si,True
mgn_data:ita-v::divertirsi,divertirsi,ita.V::g003156,pronominal_of,mgn_data:ita-v::divertire,si,True
mgn_data:ita-v::dividersi,dividersi,ita.V::g003159,pronominal_of,mgn_data:ita-v::dividere,si,True
mgn_data:ita-v::divincolarsi,divincolarsi,ita.V::g003162,pronominal_of,mgn_data:ita-v::divincolare,si,True
mgn_data:ita-v::divorarsi,divorarsi,ita.V::g003166,pronominal_of,mgn_data:ita-v::divorare,si,True
mgn_data:ita-v::divulgarsi,divulgarsi,ita.V::g003169,pronominal_of,mgn_data:ita-v::divulgare,si,True
mgn_data:ita-v::documentarsi,documentarsi,ita.V::g003171,pronominal_of,mgn_data:ita-v::documentare,si,True
mgn_data:ita-v::dolersi,dolersi,ita.V::g003175,pronominal_no_base,,si,True
mgn_data:ita-v::domandarsi,domandarsi,ita.V::g003178,pronominal_no_base,,si,True
mgn_data:ita-v::domiciliarsi,domiciliarsi,ita.V::g003182,pronominal_of,mgn_data:ita-v::domiciliare,si,True
mgn_data:ita-v::dominarsi,dominarsi,ita.V::g003183,pronominal_no_base,,si,True
mgn_data:ita-v::dondolarsi,dondolarsi,ita.V::g003184,pronominal_no_base,,si,True
mgn_data:ita-v::doparsi,doparsi,ita.V::g003186,pronominal_of,mgn_data:ita-v::dopare,si,True
mgn_data:ita-v::dormirci,dormirci,ita.V::g003190,pronominal_no_base,,ci,True
mgn_data:ita-v::dormirsela,dormirsela,ita.V::g003191,pronominal_no_base,,sela,True
mgn_data:ita-v::dotarsi,dotarsi,ita.V::g003194,pronominal_of,mgn_data:ita-v::dotare,si,True
mgn_data:ita-v::drappeggiarsi,drappeggiarsi,ita.V::g003200,pronominal_of,mgn_data:ita-v::drappeggiare,si,True
mgn_data:ita-v::drizzarsi,drizzarsi,ita.V::g003204,pronominal_of,mgn_data:ita-v::drizzare,si,True
mgn_data:ita-v::drogarsi,drogarsi,ita.V::g003205,pronominal_no_base,,si,True
mgn_data:ita-v::duplicarsi,duplicarsi,ita.V::g003212,pronominal_of,mgn_data:ita-v::duplicare,si,True
mgn_data:ita-v::eccitarsi,eccitarsi,ita.V::g003222,pronominal_of,mgn_data:ita-v::eccitare,si,True
mgn_data:ita-v::eclissarsi,eclissarsi,ita.V::g003225,pronominal_of,mgn_data:ita-v::eclissare,si,True
mgn_data:ita-v::edificarsi,edificarsi,ita.V::g003228,pronominal_of,mgn_data:ita-v::edificare,si,True
mgn_data:ita-v::educarsi,educarsi,ita.V::g003230,pronominal_no_base,,si,True
mgn_data:ita-v::effeminarsi,effeminarsi,ita.V::g003235,pronominal_of,mgn_data:ita-v::effeminare,si,True
mgn_data:ita-v::effettuarsi,effettuarsi,ita.V::g003237,pronominal_of,mgn_data:ita-v::effettuare,si,True
mgn_data:ita-v::elevarsi,elevarsi,ita.V::g003259,pronominal_of,mgn_data:ita-v::elevare,si,True
mgn_data:ita-v::elidersi,elidersi,ita.V::g003261,pronominal_of,mgn_data:ita-v::elidere,si,True
mgn_data:ita-v::eliminarsi,eliminarsi,ita.V::g003263,pronominal_of,mgn_data:ita-v::eliminare,si,True
mgn_data:ita-v::emaciarsi,emaciarsi,ita.V::g003272,pronominal_of,mgn_data:ita-v::emaciare,si,True
mgn_data:ita-v::emanarsi,emanarsi,ita.V::g003274,pronominal_of,mgn_data:ita-v::emanare,si,True
mgn_data:ita-v::emanciparsi,emanciparsi,ita.V::g003276,pronominal_of,mgn_data:ita-v::emancipare,si,True
mgn_data:ita-v::embricarsi,embricarsi,ita.V::g003279,pronominal_of,mgn_data:ita-v::embricare,si,True
mgn_data:ita-v::emendarsi,emendarsi,ita.V::g003281,pronominal_of,mgn_data:ita-v::emendare,si,True
mgn_data:ita-v::emozionarsi,emozionarsi,ita.V::g003286,pronominal_of,mgn_data:ita-v::emozionare,si,True
mgn_data:ita-v::enfiarsi,enfiarsi,ita.V::g003297,pronominal_of,mgn_data:ita-v::enfiare,si,True
mgn_data:ita-v::entrarci,entrarci,ita.V::g003298,pronominal_no_base,,ci,True
mgn_data:ita-v::entusiasmarsi,entusiasmarsi,ita.V::g003300,pronominal_of,mgn_data:ita-v::entusiasmare,si,True
mgn_data:ita-v::enuclearsi,enuclearsi,ita.V::g003302,pronominal_of,mgn_data:ita-v::enucleare,si,True
mgn_data:ita-v::equilibrarsi,equilibrarsi,ita.V::g003311,pronominal_of,mgn_data:ita-v::equilibrare,si,True
mgn_data:ita-v::equipaggiarsi,equipaggiarsi,ita.V::g003313,pronominal_of,mgn_data:ita-v::equipaggiare,si,True
mgn_data:ita-v::ergersi,ergersi,ita.V::g003324,pronominal_of,mgn_data:ita-v::ergere,si,True
mgn_data:ita-v::erigersi,erigersi,ita.V::g003326,pronominal_of,mgn_data:ita-v::erigere,si,True
mgn_data:ita-v::erudirsi,erudirsi,ita.V::g003334,pronominal_of,mgn_data:ita-v::erudire,si,True
mgn_data:ita-v::esacerbarsi,esacerbarsi,ita.V::g003337,pronominal_of,mgn_data:ita-v::esacerbare,si,True
mgn_data:ita-v::esaltarsi,esaltarsi,ita.V::g003342,pronominal_of,mgn_data:ita-v::esaltare,si,True
mgn_data:ita-v::esaminarsi,esaminarsi,ita.V::g003344,pronominal_of,mgn_data:ita-v::esaminare,si,True
mgn_data:ita-v::esasperarsi,esasperarsi,ita.V::g003346,pronominal_of,mgn_data:ita-v::esasperare,si,True
mgn_data:ita-v::esaurirsi,esaurirsi,ita.V::g003349,pronominal_of,mgn_data:ita-v::esaurire,si,True
mgn_data:ita-v::escludersi,escludersi,ita.V::g003354,pronominal_of,mgn_data:ita-v::escludere,si,True
mgn_data:ita-v::escoriarsi,escoriarsi,ita.V::g003358,pronominal_of,mgn_data:ita-v::escoriare,si,True
mgn_data:ita-v::esercitarsi,esercitarsi,ita.V::g003367,pronominal_of,mgn_data:ita-v::esercitare,si,True
mgn_data:ita-v::esfoliarsi,esfoliarsi,ita.V::g003369,pronominal_of,mgn_data:ita-v::esfoliare,si,True
mgn_data:ita-v::esibirsi,esibirsi,ita.V::g003372,pronominal_of,mgn_data:ita-v::esibire,si,True
mgn_data:ita-v::esilararsi,esilararsi,ita.V::g003375,pronominal_of,mgn_data:ita-v::esilarare,si,True
mgn_data:ita-v::esiliarsi,esiliarsi,ita.V::g003377,pronominal_of,mgn_data:ita-v::esiliare,si,True
mgn_data:ita-v::esonerarsi,esonerarsi,ita.V::g003382,pronominal_of,mgn_data:ita-v::esonerare,si,True
mgn_data:ita-v::esortarsi,esortarsi,ita.V::g003387,pronominal_of,mgn_data:ita-v::esortare,si,True
mgn_data:ita-v::esplicarsi,esplicarsi,ita.V::g003400,pronominal_of,mgn_data:ita-v::esplicare,si,True
mgn_data:ita-v::esporsi,esporsi,ita.V::g003405,pronominal_of,mgn_data:ita-v::esporre,si,True
mgn_data:ita-v::esprimersi,esprimersi,ita.V::g003408,pronominal_of,mgn_data:ita-v::esprimere,si,True
mgn_data:ita-v::esserci,esserci,ita.V::g003413,pronominal_no_base,,ci,True
mgn_data:ita-v::essiccarsi,essiccarsi,ita.V::g003415,pronominal_of,mgn_data:ita-v::essiccare,si,True
mgn_data:ita-v::estasiarsi,estasiarsi,ita.V::g003417,pronominal_of,mgn_data:ita-v::estasiare,si,True
mgn_data:ita-v::estendersi,estendersi,ita.V::g003419,pronominal_of,mgn_data:ita-v::estendere,si,True
mgn_data:ita-v::estinguersi,estinguersi,ita.V::g003428,pronominal_of,mgn_data:ita-v::estinguere,si,True
mgn_data:ita-v::estraniarsi,estraniarsi,ita.V::g003435,pronominal_of,mgn_data:ita-v::estraniare,si,True
mgn_data:ita-v::estrinsecarsi,estrinsecarsi,ita.V::g003440,pronominal_of,mgn_data:ita-v::estrinsecare,si,True
mgn_data:ita-v::eterificarsi,eterificarsi,ita.V::g003449,pronominal_of,mgn_data:ita-v::eterificare,si,True
mgn_data:ita-v::eternarsi,eternarsi,ita.V::g003452,pronominal_of,mgn_data:ita-v::eternare,si,True
mgn_data:ita-v::evidenziarsi,evidenziarsi,ita.V::g003465,pronominal_of,mgn_data:ita-v::evidenziare,si,True
mgn_data:ita-v::evitarsi,evitarsi,ita.V::g003470,pronominal_of,mgn_data:ita-v::evitare,si,True
mgn_data:ita-v::evolversi,evolversi,ita.V::g003474,pronominal_of,mgn_data:ita-v::evolvere,si,True
mgn_data:ita-v::fallarsi,fallarsi,ita.V::g003482,pronominal_of,mgn_data:ita-v::fallare,si,True
mgn_data:ita-v::familiarizzarsi,familiarizzarsi,ita.V::g003487,pronominal_of,mgn_data:ita-v::familiarizzare,si,True
mgn_data:ita-v::farcela,farcela,ita.V::g003490,pronominal_of,mgn_data:ita-v::fare,cela,True
mgn_data:ita-v::farsela,farsela,ita.V::g003495,pronominal_of,mgn_data:ita-v::fare,sela,True
mgn_data:ita-v::farsene,farsene,ita.V::g003496,pronominal_of,mgn_data:ita-v::fare,sene,True
mgn_data:ita-v::farsi,farsi,ita.V::g003497,pronominal_of,mgn_data:ita-v::fare,si,True
mgn_data:ita-v::fasciarsi,fasciarsi,ita.V::g003499,pronominal_of,mgn_data:ita-v::fasciare,si,True
mgn_data:ita-v::federarsi,federarsi,ita.V::g003514,pronominal_of,mgn_data:ita-v::federare,si,True
mgn_data:ita-v::felicitarsi,felicitarsi,ita.V::g003516,pronominal_of,mgn_data:ita-v::felicitare,si,True
mgn_data:ita-v::feltrarsi,feltrarsi,ita.V::g003518,pronominal_of,mgn_data:ita-v::feltrare,si,True
mgn_data:ita-v::fendersi,fendersi,ita.V::g003521,pronominal_of,mgn_data:ita-v::fendere,si,True
mgn_data:ita-v::ferirsi,ferirsi,ita.V::g003523,pronominal_of,mgn_data:ita-v::ferire,si,True
mgn_data:ita-v::fessurarsi,fessurarsi,ita.V::g003529,pronominal_no_base,,si,True
mgn_data:ita-v::fiaccarsi,fiaccarsi,ita.V::g003534,pronominal_of,mgn_data:ita-v::fiaccare,si,True
mgn_data:ita-v::ficcarsi,ficcarsi,ita.V::g003541,pronominal_of,mgn_data:ita-v::ficcare,si,True
mgn_data:ita-v::fidanzarsi,fidanzarsi,ita.V::g003543,pronominal_of,mgn_data:ita-v::fidanzare,si,True
mgn_data:ita-v::fidarsi,fidarsi,ita.V::g003545,pronominal_of,mgn_data:ita-v::fidare,si,True
mgn_data:ita-v::figurarsi,figurarsi,ita.V::g003551,pronominal_of,mgn_data:ita-v::figurare,si,True
mgn_data:ita-v::filarsela,filarsela,ita.V::g003553,pronominal_of,mgn_data:ita-v::filare,sela,True
mgn_data:ita-v::finanziarsi,finanziarsi,ita.V::g003561,pronominal_of,mgn_data:ita-v::finanziare,si,True
mgn_data:ita-v::fingersi,fingersi,ita.V::g003563,pronominal_of,mgn_data:ita-v::fingere,si,True
mgn_data:ita-v::finirla,finirla,ita.V::g003564,pronominal_no_base,,la,True
mgn_data:ita-v::fiondarsi,fiondarsi,ita.V::g003570,pronominal_of,mgn_data:ita-v::fiondare,si,True
mgn_data:ita-v::fissarsi,fissarsi,ita.V::g003580,pronominal_of,mgn_data:ita-v::fissare,si,True
mgn_data:ita-v::flettersi,flettersi,ita.V::g003589,pronominal_of,mgn_data:ita-v::flettere,si,True
mgn_data:ita-v::focalizzarsi,focalizzarsi,ita.V::g003602,pronominal_of,mgn_data:ita-v::focalizzare,si,True
mgn_data:ita-v::fondarsi,fondarsi,ita.V::g003614,pronominal_of,mgn_data:ita-v::fondare,si,True
mgn_data:ita-v::fondersi,fondersi,ita.V::g003616,pronominal_of,mgn_data:ita-v::fondere,si,True
mgn_data:ita-v::forarsi,forarsi,ita.V::g003621,pronominal_of,mgn_data:ita-v::forare,si,True
mgn_data:ita-v::formalizzarsi,formalizzarsi,ita.V::g003627,pronominal_of,mgn_data:ita-v::formalizzare,si,True
mgn_data:ita-v::formarsi,formarsi,ita.V::g003629,pronominal_of,mgn_data:ita-v::formare,si,True
mgn_data:ita-v::fornirsi,fornirsi,ita.V::g003635,pronominal_no_base,,si,True
mgn_data:ita-v::forzarsi,forzarsi,ita.V::g003640,pronominal_of,mgn_data:ita-v::forzare,si,True
mgn_data:ita-v::fottersene,fottersene,ita.V::g003649,pronominal_of,mgn_data:ita-v::fottere,sene,True
mgn_data:ita-v::fottersi,fottersi,ita.V::g003650,pronominal_of,mgn_data:ita-v::fottere,si,True
mgn_data:ita-v::fracassarsi,fracassarsi,ita.V::g003652,pronominal_of,mgn_data:ita-v::fracassare,si,True
mgn_data:ita-v::fraintendersi,fraintendersi,ita.V::g003654,pronominal_of,mgn_data:ita-v::fraintendere,si,True
mgn_data:ita-v::frammentarsi,frammentarsi,ita.V::g003657,pronominal_of,mgn_data:ita-v::frammentare,si,True
mgn_data:ita-v::frammettersi,frammettersi,ita.V::g003659,pronominal_of,mgn_data:ita-v::frammettere,si,True
mgn_data:ita-v::frammischiarsi,frammischiarsi,ita.V::g003662,pronominal_of,mgn_data:ita-v::frammischiare,si,True
mgn_data:ita-v::frantumarsi,frantumarsi,ita.V::g003669,pronominal_of,mgn_data:ita-v::frantumare,si,True
mgn_data:ita-v::frapporsi,frapporsi,ita.V::g003672,pronominal_of,mgn_data:ita-v::frapporre,si,True
mgn_data:ita-v::frazionarsi,frazionarsi,ita.V::g003680,pronominal_of,mgn_data:ita-v::frazionare,si,True
mgn_data:ita-v::freddarsi,freddarsi,ita.V::g003682,pronominal_of,mgn_data:ita-v::freddare,si,True
mgn_data:ita-v::fregarsene,fregarsene,ita.V::g003684,pronominal_of,mgn_data:ita-v::fregare,sene,True
mgn_data:ita-v::fregarsi,fregarsi,ita.V::g003685,pronominal_of,mgn_data:ita-v::fregare,si,True
mgn_data:ita-v::fregiarsi,fregiarsi,ita.V::g003687,pronominal_of,mgn_data:ita-v::fregiare,si,True
mgn_data:ita-v::frenarsi,frenarsi,ita.V::g003690,pronominal_of,mgn_data:ita-v::frenare,si,True
mgn_data:ita-v::frequentarsi,frequentarsi,ita.V::g003691,pronominal_no_base,,si,True
mgn_data:ita-v::frizionarsi,frizionarsi,ita.V::g003699,pronominal_of,mgn_data:ita-v::frizionare,si,True
mgn_data:ita-v::frollarsi,frollarsi,ita.V::g003703,pronominal_of,mgn_data:ita-v::frollare,si,True
mgn_data:ita-v::fronteggiarsi,fronteggiarsi,ita.V::g003706,pronominal_of,mgn_data:ita-v::fronteggiare,si,True
mgn_data:ita-v::fulminarsi,fulminarsi,ita.V::g003721,pronominal_of,mgn_data:ita-v::fulminare,si,True
mgn_data:ita-v::fumarsela,fumarsela,ita.V::g003723,pronominal_of,mgn_data:ita-v::fumare,sela,True
mgn_data:ita-v::fumarsi,fumarsi,ita.V::g003724,pronominal_of,mgn_data:ita-v::fumare,si,True
mgn_data:ita-v::garantirsi,garantirsi,ita.V::g003745,pronominal_of,mgn_data:ita-v::garantire,si,True
mgn_data:ita-v::gelatinizzarsi,gelatinizzarsi,ita.V::g003761,pronominal_of,mgn_data:ita-v::gelatinizzare,si,True
mgn_data:ita-v::gemellarsi,gemellarsi,ita.V::g003763,pronominal_no_base,,si,True
mgn_data:ita-v::generarsi,generarsi,ita.V::g003769,pronominal_no_base,,si,True
mgn_data:ita-v::genuflettersi,genuflettersi,ita.V::g003771,pronominal_no_base,,si,True
mgn_data:ita-v::gestirsi,gestirsi,ita.V::g003781,pronominal_of,mgn_data:ita-v::gestire,si,True
mgn_data:ita-v::gettarsi,gettarsi,ita.V::g003783,pronominal_of,mgn_data:ita-v::gettare,si,True
mgn_data:ita-v::gingillarsi,gingillarsi,ita.V::g003796,pronominal_of,mgn_data:ita-v::gingillare,si,True
mgn_data:ita-v::giocarsi,giocarsi,ita.V::g003799,pronominal_of,mgn_data:ita-v::giocare,si,True
mgn_data:ita-v::giostrarsela,giostrarsela,ita.V::g003805,pronominal_of,mgn_data:ita-v::giostrare,sela,True
mgn_data:ita-v::giostrarsi,giostrarsi,ita.V::g003806,pronominal_of,mgn_data:ita-v::giostrare,si,True
mgn_data:ita-v::giovarsi,giovarsi,ita.V::g003808,pronominal_of,mgn_data:ita-v::giovare,si,True
mgn_data:ita-v::girarsi,girarsi,ita.V::g003811,pronominal_of,mgn_data:ita-v::girare,si,True
mgn_data:ita-v::giudicarsi,giudicarsi,ita.V::g003819,pronominal_of,mgn_data:ita-v::giudicare,si,True
mgn_data:ita-v::giulebbarsi,giulebbarsi,ita.V::g003821,pronominal_of,mgn_data:ita-v::giulebbare,si,True
mgn_data:ita-v::giurarsi,giurarsi,ita.V::g003824,pronominal_no_base,,si,True
mgn_data:ita-v::giustapporsi,giustapporsi,ita.V::g003826,pronominal_of,mgn_data:ita-v::giustapporre,si,True
mgn_data:ita-v::giustificarsi,giustificarsi,ita.V::g003828,pronominal_of,mgn_data:ita-v::giustificare,si,True
mgn_data:ita-v::gloriarsi,gloriarsi,ita.V::g003836,pronominal_of,mgn_data:ita-v::gloriare,si,True
mgn_data:ita-v::godersi,godersi,ita.V::g003842,pronominal_of,mgn_data:ita-v::godere,si,True
mgn_data:ita-v::gonfiarsi,gonfiarsi,ita.V::g003847,pronominal_of,mgn_data:ita-v::gonfiare,si,True
mgn_data:ita-v::graffiarsi,graffiarsi,ita.V::g003862,pronominal_of,mgn_data:ita-v::graffiare,si,True
mgn_data:ita-v::gratificarsi,gratificarsi,ita.V::g003876,pronominal_of,mgn_data:ita-v::gratificare,si,True
mgn_data:ita-v::grattarsi,grattarsi,ita.V::g003879,pronominal_of,mgn_data:ita-v::grattare,si,True
mgn_data:ita-v::gremirsi,gremirsi,ita.V::g003887,pronominal_of,mgn_data:ita-v::gremire,si,True
mgn_data:ita-v::gripparsi,gripparsi,ita.V::g003892,pronominal_of,mgn_data:ita-v::grippare,si,True
mgn_data:ita-v::guadagnarsi,guadagnarsi,ita.V::g003900,pronominal_of,mgn_data:ita-v::guadagnare,si,True
mgn_data:ita-v::guardarsene,guardarsene,ita.V::g003906,pronominal_of,mgn_data:ita-v::guardare,sene,True
mgn_data:ita-v::guardarsi,guardarsi,ita.V::g003907,pronominal_of,mgn_data:ita-v::guardare,si,True
mgn_data:ita-v::guastarsi,guastarsi,ita.V::g003911,pronominal_of,mgn_data:ita-v::guastare,si,True
mgn_data:ita-v::guidarsi,guidarsi,ita.V::g003917,pronominal_of,mgn_data:ita-v::guidare,si,True
mgn_data:ita-v::gustarsi,gustarsi,ita.V::g003920,pronominal_of,mgn_data:ita-v::gustare,si,True
mgn_data:ita-v::identificarsi,identificarsi,ita.V::g003928,pronominal_of,mgn_data:ita-v::identificare,si,True
mgn_data:ita-v::idratarsi,idratarsi,ita.V::g003933,pronominal_of,mgn_data:ita-v::idratare,si,True
mgn_data:ita-v::idrolizzarsi,idrolizzarsi,ita.V::g003936,pronominal_of,mgn_data:ita-v::idrolizzare,si,True
mgn_data:ita-v::ignorarsi,ignorarsi,ita.V::g003941,pronominal_of,mgn_data:ita-v::ignorare,si,True
mgn_data:ita-v::illeggiadrirsi,illeggiadrirsi,ita.V::g003944,pronominal_of,mgn_data:ita-v::illeggiadrire,si,True
mgn_data:ita-v::illudersi,illudersi,ita.V::g003947,pronominal_of,mgn_data:ita-v::illudere,si,True
mgn_data:ita-v::illuminarsi,illuminarsi,ita.V::g003949,pronominal_of,mgn_data:ita-v::illuminare,si,True
mgn_data:ita-v::imbacuccarsi,imbacuccarsi,ita.V::g003952,pronominal_of,mgn_data:ita-v::imbacuccare,si,True
mgn_data:ita-v::imballarsi,imballarsi,ita.V::g003954,pronominal_no_base,,si,True
mgn_data:ita-v::imbambolarsi,imbambolarsi,ita.V::g003956,pronominal_no_base,,si,True
mgn_data:ita-v::imbarazzarsi,imbarazzarsi,ita.V::g003960,pronominal_of,mgn_data:ita-v::imbarazzare,si,True
mgn_data:ita-v::imbarbarirsi,imbarbarirsi,ita.V::g003962,pronominal_of,mgn_data:ita-v::imbarbarire,si,True
mgn_data:ita-v::imbarcarsi,imbarcarsi,ita.V::g003964,pronominal_of,mgn_data:ita-v::imbarcare,si,True
mgn_data:ita-v::imbastardirsi,imbastardirsi,ita.V::g003968,pronominal_of,mgn_data:ita-v::imbastardire,si,True
mgn_data:ita-v::imbattersi,imbattersi,ita.V::g003970,pronominal_no_base,,si,True
mgn_data:ita-v::imbellettarsi,imbellettarsi,ita.V::g003974,pronominal_of,mgn_data:ita-v::imbellettare,si,True
mgn_data:ita-v::imbestialirsi,imbestialirsi,ita.V::g003977,pronominal_of,mgn_data:ita-v::imbestialire,si,True
mgn_data:ita-v::imbeversi,imbeversi,ita.V::g003980,pronominal_of,mgn_data:ita-v::imbevere,si,True
mgn_data:ita-v::imbiancarsi,imbiancarsi,ita.V::g003982,pronominal_no_base,,si,True
mgn_data:ita-v::imbizzarrirsi,imbizzarrirsi,ita.V::g003988,pronominal_of,mgn_data:ita-v::imbizzarrire,si,True
mgn_data:ita-v::imborghesirsi,imborghesirsi,ita.V::g003994,pronominal_of,mgn_data:ita-v::imborghesire,si,True
mgn_data:ita-v::imboscarsi,imboscarsi,ita.V::g003996,pronominal_of,mgn_data:ita-v::imboscare,si,True
mgn_data:ita-v::imbottirsi,imbottirsi,ita.V::g004001,pronominal_of,mgn_data:ita-v::imbottire,si,True
mgn_data:ita-v::imbrancarsi,imbrancarsi,ita.V::g004007,pronominal_of,mgn_data:ita-v::imbrancare,si,True
mgn_data:ita-v::imbrattarsi,imbrattarsi,ita.V::g004009,pronominal_of,mgn_data:ita-v::imbrattare,si,True
mgn_data:ita-v::imbrigliarsi,imbrigliarsi,ita.V::g004012,pronominal_of,mgn_data:ita-v::imbrigliare,si,True
mgn_data:ita-v::imbrillantinarsi,imbrillantinarsi,ita.V::g004014,pronominal_of,mgn_data:ita-v::imbrillantinare,si,True
mgn_data:ita-v::imbrogliarsi,imbrogliarsi,ita.V::g004018,pronominal_of,mgn_data:ita-v::imbrogliare,si,True
mgn_data:ita-v::imbronciarsi,imbronciarsi,ita.V::g004019,pronominal_no_base,,si,True
mgn_data:ita-v::imbucarsi,imbucarsi,ita.V::g004024,pronominal_of,mgn_data:ita-v::imbucare,si,True
mgn_data:ita-v::imbufalirsi,imbufalirsi,ita.V::g004027,pronominal_of,mgn_data:ita-v::imbufalire,si,True
mgn_data:ita-v::immaginarsi,immaginarsi,ita.V::g004037,pronominal_of,mgn_data:ita-v::immaginare,si,True
mgn_data:ita-v::immalinconirsi,immalinconirsi,ita.V::g004039,pronominal_of,mgn_data:ita-v::immalinconire,si,True
mgn_data:ita-v::immatricolarsi,immatricolarsi,ita.V::g004041,pronominal_of,mgn_data:ita-v::immatricolare,si,True
mgn_data:ita-v::immedesimarsi,immedesimarsi,ita.V::g004043,pronominal_of,mgn_data:ita-v::immedesimare,si,True
mgn_data:ita-v::immergersi,immergersi,ita.V::g004045,pronominal_of,mgn_data:ita-v::immergere,si,True
mgn_data:ita-v::immettersi,immettersi,ita.V::g004047,pronominal_of,mgn_data:ita-v::immettere,si,True
mgn_data:ita-v::immischiarsi,immischiarsi,ita.V::g004050,pronominal_of,mgn_data:ita-v::immischiare,si,True
mgn_data:ita-v::immiserirsi,immiserirsi,ita.V::g004052,pronominal_of,mgn_data:ita-v::immiserire,si,True
mgn_data:ita-v::immolarsi,immolarsi,ita.V::g004055,pronominal_of,mgn_data:ita-v::immolare,si,True
mgn_data:ita-v::immunizzarsi,immunizzarsi,ita.V::g004059,pronominal_of,mgn_data:ita-v::immunizzare,si,True
mgn_data:ita-v::immusonirsi,immusonirsi,ita.V::g004060,pronominal_no_base,,si,True
mgn_data:ita-v::impadronirsi,impadronirsi,ita.V::g004064,pronominal_no_base,,si,True
mgn_data:ita-v::impallarsi,impallarsi,ita.V::g004070,pronominal_of,mgn_data:ita-v::impallare,si,True
mgn_data:ita-v::impaludarsi,impaludarsi,ita.V::g004075,pronominal_of,mgn_data:ita-v::impaludare,si,True
mgn_data:ita-v::impaniarsi,impaniarsi,ita.V::g004078,pronominal_of,mgn_data:ita-v::impaniare,si,True
mgn_data:ita-v::impantanarsi,impantanarsi,ita.V::g004081,pronominal_of,mgn_data:ita-v::impantanare,si,True
mgn_data:ita-v::impaperarsi,impaperarsi,ita.V::g004082,pronominal_no_base,,si,True
mgn_data:ita-v::impappinarsi,impappinarsi,ita.V::g004085,pronominal_of,mgn_data:ita-v::impappinare,si,True
mgn_data:ita-v::imparentarsi,imparentarsi,ita.V::g004087,pronominal_of,mgn_data:ita-v::imparentare,si,True
mgn_data:ita-v::imparruccarsi,imparruccarsi,ita.V::g004089,pronominal_of,mgn_data:ita-v::imparruccare,si,True
mgn_data:ita-v::impasticcarsi,impasticcarsi,ita.V::g004092,pronominal_no_base,,si,True
mgn_data:ita-v::impataccarsi,impataccarsi,ita.V::g004097,pronominal_of,mgn_data:ita-v::impataccare,si,True
mgn_data:ita-v::impaurirsi,impaurirsi,ita.V::g004100,pronominal_of,mgn_data:ita-v::impaurire,si,True
mgn_data:ita-v::impedirsi,impedirsi,ita.V::g004107,pronominal_of,mgn_data:ita-v::impedire,si,True
mgn_data:ita-v::impegnarsi,impegnarsi,ita.V::g004109,pronominal_of,mgn_data:ita-v::impegnare,si,True
mgn_data:ita-v::impegolarsi,impegolarsi,ita.V::g004111,pronominal_of,mgn_data:ita-v::impegolare,si,True
mgn_data:ita-v::impelagarsi,impelagarsi,ita.V::g004112,pronominal_no_base,,si,True
mgn_data:ita-v::impennarsi,impennarsi,ita.V::g004117,pronominal_of,mgn_data:ita-v::impennare,si,True
mgn_data:ita-v::impensierirsi,impensierirsi,ita.V::g004119,pronominal_of,mgn_data:ita-v::impensierire,si,True
mgn_data:ita-v::imperlarsi,imperlarsi,ita.V::g004123,pronominal_of,mgn_data:ita-v::imperlare,si,True
mgn_data:ita-v::impermalirsi,impermalirsi,ita.V::g004125,pronominal_of,mgn_data:ita-v::impermalire,si,True
mgn_data:ita-v::impermeabilizzarsi,impermeabilizzarsi,ita.V::g004127,pronominal_of,mgn_data:ita-v::impermeabilizzare,si,True
mgn_data:ita-v::impestarsi,impestarsi,ita.V::g004132,pronominal_of,mgn_data:ita-v::impestare,si,True
mgn_data:ita-v::impiantarsi,impiantarsi,ita.V::g004136,pronominal_of,mgn_data:ita-v::impiantare,si,True
mgn_data:ita-v::impiccarsi,impiccarsi,ita.V::g004140,pronominal_of,mgn_data:ita-v::impiccare,si,True
mgn_data:ita-v::impicciarsi,impicciarsi,ita.V::g004142,pronominal_of,mgn_data:ita-v::impicciare,si,True
mgn_data:ita-v::impidocchiarsi,impidocchiarsi,ita.V::g004146,pronominal_of,mgn_data:ita-v::impidocchiare,si,True
mgn_data:ita-v::impiegarsi,impiegarsi,ita.V::g004148,pronominal_of,mgn_data:ita-v::impiegare,si,True
mgn_data:ita-v::impigliarsi,impigliarsi,ita.V::g004152,pronominal_of,mgn_data:ita-v::impigliare,si,True
mgn_data:ita-v::impigrirsi,impigrirsi,ita.V::g004154,pronominal_of,mgn_data:ita-v::impigrire,si,True
mgn_data:ita-v::impinguarsi,impinguarsi,ita.V::g004159,pronominal_of,mgn_data:ita-v::impinguare,si,True
mgn_data:ita-v::impinzarsi,impinzarsi,ita.V::g004161,pronominal_of,mgn_data:ita-v::impinzare,si,True
mgn_data:ita-v::impiparsene,impiparsene,ita.V::g004163,pronominal_no_base,,sene,True
mgn_data:ita-v::impiparsi,impiparsi,ita.V::g004164,pronominal_no_base,,si,True
mgn_data:ita-v::impiumarsi,impiumarsi,ita.V::g004166,pronominal_of,mgn_data:ita-v::impiumare,si,True
mgn_data:ita-v::impolparsi,impolparsi,ita.V::g004173,pronominal_of,mgn_data:ita-v::impolpare,si,True
mgn_data:ita-v::impolverarsi,impolverarsi,ita.V::g004176,pronominal_of,mgn_data:ita-v::impolverare,si,True
mgn_data:ita-v::impomatarsi,impomatarsi,ita.V::g004178,pronominal_of,mgn_data:ita-v::impomatare,si,True
mgn_data:ita-v::imporporarsi,imporporarsi,ita.V::g004182,pronominal_of,mgn_data:ita-v::imporporare,si,True
mgn_data:ita-v::imporsi,imporsi,ita.V::g004184,pronominal_of,mgn_data:ita-v::imporre,si,True
mgn_data:ita-v::impossessarsi,impossessarsi,ita.V::g004187,pronominal_no_base,,si,True
mgn_data:ita-v::impoverirsi,impoverirsi,ita.V::g004191,pronominal_of,mgn_data:ita-v::impoverire,si,True
mgn_data:ita-v::impratichirsi,impratichirsi,ita.V::g004193,pronominal_of,mgn_data:ita-v::impratichire,si,True
mgn_data:ita-v::impregnarsi,impregnarsi,ita.V::g004196,pronominal_of,mgn_data:ita-v::impregnare,si,True
mgn_data:ita-v::impressionarsi,impressionarsi,ita.V::g004200,pronominal_of,mgn_data:ita-v::impressionare,si,True
mgn_data:ita-v::impuntarsi,impuntarsi,ita.V::g004210,pronominal_of,mgn_data:ita-v::impuntare,si,True
mgn_data:ita-v::impuparsi,impuparsi,ita.V::g004213,pronominal_no_base,,si,True
mgn_data:ita-v::inabissarsi,inabissarsi,ita.V::g004219,pronominal_of,mgn_data:ita-v::inabissare,si,True
mgn_data:ita-v::inacidirsi,inacidirsi,ita.V::g004223,pronominal_of,mgn_data:ita-v::inacidire,si,True
mgn_data:ita-v::inacutirsi,inacutirsi,ita.V::g004225,pronominal_of,mgn_data:ita-v::inacutire,si,True
mgn_data:ita-v::inalberarsi,inalberarsi,ita.V::g004229,pronominal_of,mgn_data:ita-v::inalberare,si,True
mgn_data:ita-v::inarcarsi,inarcarsi,ita.V::g004235,pronominal_of,mgn_data:ita-v::inarcare,si,True
mgn_data:ita-v::inasprirsi,inasprirsi,ita.V::g004239,pronominal_of,mgn_data:ita-v::inasprire,si,True
mgn_data:ita-v::incacchiarsi,incacchiarsi,ita.V::g004243,pronominal_no_base,,si,True
mgn_data:ita-v::incagliarsi,incagliarsi,ita.V::g004246,pronominal_of,mgn_data:ita-v::incagliare,si,True
mgn_data:ita-v::incalorirsi,incalorirsi,ita.V::g004250,pronominal_of,mgn_data:ita-v::incalorire,si,True
mgn_data:ita-v::incamminarsi,incamminarsi,ita.V::g004255,pronominal_of,mgn_data:ita-v::incamminare,si,True
mgn_data:ita-v::incanaglirsi,incanaglirsi,ita.V::g004256,pronominal_no_base,,si,True
mgn_data:ita-v::incanalarsi,incanalarsi,ita.V::g004258,pronominal_of,mgn_data:ita-v::incanalare,si,True
mgn_data:ita-v::incancrenirsi,incancrenirsi,ita.V::g004261,pronominal_of,mgn_data:ita-v::incancrenire,si,True
mgn_data:ita-v::incaponirsi,incaponirsi,ita.V::g004266,pronominal_no_base,,si,True
mgn_data:ita-v::incappottarsi,incappottarsi,ita.V::g004269,pronominal_of,mgn_data:ita-v::incappottare,si,True
mgn_data:ita-v::incappucciarsi,incappucciarsi,ita.V::g004271,pronominal_of,mgn_data:ita-v::incappucciare,si,True
mgn_data:ita-v::incapricciarsi,incapricciarsi,ita.V::g004273,pronominal_no_base,,si,True
mgn_data:ita-v::incardinarsi,incardinarsi,ita.V::g004277,pronominal_of,mgn_data:ita-v::incardinare,si,True
mgn_data:ita-v::incaricarsi,incaricarsi,ita.V::g004279,pronominal_of,mgn_data:ita-v::incaricare,si,True
mgn_data:ita-v::incarnirsi,incarnirsi,ita.V::g004282,pronominal_of,mgn_data:ita-v::incarnire,si,True
mgn_data:ita-v::incartapecorirsi,incartapecorirsi,ita.V::g004286,pronominal_of,mgn_data:ita-v::incartapecorire,si,True
mgn_data:ita-v::incasinarsi,incasinarsi,ita.V::g004292,pronominal_of,mgn_data:ita-v::incasinare,si,True
mgn_data:ita-v::incastrarsi,incastrarsi,ita.V::g004297,pronominal_of,mgn_data:ita-v::incastrare,si,True
mgn_data:ita-v::incatenarsi,incatenarsi,ita.V::g004299,pronominal_of,mgn_data:ita-v::incatenare,si,True
mgn_data:ita-v::incavolarsi,incavolarsi,ita.V::g004304,pronominal_no_base,,si,True
mgn_data:ita-v::incazzarsi,incazzarsi,ita.V::g004306,pronominal_of,mgn_data:ita-v::incazzare,si,True
mgn_data:ita-v::incendiarsi,incendiarsi,ita.V::g004310,pronominal_of,mgn_data:ita-v::incendiare,si,True
mgn_data:ita-v::incentrarsi,incentrarsi,ita.V::g004315,pronominal_of,mgn_data:ita-v::incentrare,si,True
mgn_data:ita-v::incepparsi,incepparsi,ita.V::g004317,pronominal_of,mgn_data:ita-v::inceppare,si,True
mgn_data:ita-v::inchinarsi,inchinarsi,ita.V::g004327,pronominal_of,mgn_data:ita-v::inchinare,si,True
mgn_data:ita-v::inchiodarsi,inchiodarsi,ita.V::g004329,pronominal_of,mgn_data:ita-v::inchiodare,si,True
mgn_data:ita-v::incipriarsi,incipriarsi,ita.V::g004335,pronominal_of,mgn_data:ita-v::incipriare,si,True
mgn_data:ita-v::incistarsi,incistarsi,ita.V::g004336,pronominal_no_base,,si,True
mgn_data:ita-v::inciuccarsi,inciuccarsi,ita.V::g004338,pronominal_no_base,,si,True
mgn_data:ita-v::incocciarsi,incocciarsi,ita.V::g004346,pronominal_of,mgn_data:ita-v::incocciare,si,True
mgn_data:ita-v::incollarsi,incollarsi,ita.V::g004350,pronominal_of,mgn_data:ita-v::incollare,si,True
mgn_data:ita-v::incolonnarsi,incolonnarsi,ita.V::g004353,pronominal_of,mgn_data:ita-v::incolonnare,si,True
mgn_data:ita-v::incolparsi,incolparsi,ita.V::g004355,pronominal_of,mgn_data:ita-v::incolpare,si,True
mgn_data:ita-v::incomodarsi,incomodarsi,ita.V::g004359,pronominal_of,mgn_data:ita-v::incomodare,si,True
mgn_data:ita-v::incontrarsi,incontrarsi,ita.V::g003691,pronominal_no_base,,si,True
mgn_data:ita-v::incoraggiarsi,incoraggiarsi,ita.V::g004361,pronominal_of,mgn_data:ita-v::incoraggiare,si,True
mgn_data:ita-v::incordarsi,incordarsi,ita.V::g004362,pronominal_no_base,,si,True
mgn_data:ita-v::incresparsi,incresparsi,ita.V::g004372,pronominal_of,mgn_data:ita-v::increspare,si,True
mgn_data:ita-v::incretinirsi,incretinirsi,ita.V::g004374,pronominal_of,mgn_data:ita-v::incretinire,si,True
mgn_data:ita-v::incriminarsi,incriminarsi,ita.V::g004376,pronominal_of,mgn_data:ita-v::incriminare,si,True
mgn_data:ita-v::incrinarsi,incrinarsi,ita.V::g004378,pronominal_of,mgn_data:ita-v::incrinare,si,True
mgn_data:ita-v::incrociarsi,incrociarsi,ita.V::g004380,pronominal_of,mgn_data:ita-v::incrociare,si,True
mgn_data:ita-v::incunearsi,incunearsi,ita.V::g004389,pronominal_of,mgn_data:ita-v::incuneare,si,True
mgn_data:ita-v::incuriosirsi,incuriosirsi,ita.V::g004395,pronominal_of,mgn_data:ita-v::incuriosire,si,True
mgn_data:ita-v::incurvarsi,incurvarsi,ita.V::g004397,pronominal_of,mgn_data:ita-v::incurvare,si,True
mgn_data:ita-v::indebitarsi,indebitarsi,ita.V::g004401,pronominal_of,mgn_data:ita-v::indebitare,si,True
mgn_data:ita-v::indebolirsi,indebolirsi,ita.V::g004403,pronominal_of,mgn_data:ita-v::indebolire,si,True
mgn_data:ita-v::indicarsi,indicarsi,ita.V::g004407,pronominal_of,mgn_data:ita-v::indicare,si,True
mgn_data:ita-v::indignarsi,indignarsi,ita.V::g004412,pronominal_of,mgn_data:ita-v::indignare,si,True
mgn_data:ita-v::indirizzarsi,indirizzarsi,ita.V::g004416,pronominal_of,mgn_data:ita-v::indirizzare,si,True
mgn_data:ita-v::indispettirsi,indispettirsi,ita.V::g004418,pronominal_of,mgn_data:ita-v::indispettire,si,True
mgn_data:ita-v::individuarsi,individuarsi,ita.V::g004422,pronominal_of,mgn_data:ita-v::individuare,si,True
mgn_data:ita-v::indolenzirsi,indolenzirsi,ita.V::g004425,pronominal_of,mgn_data:ita-v::indolenzire,si,True
mgn_data:ita-v::indurarsi,indurarsi,ita.V::g004433,pronominal_of,mgn_data:ita-v::indurare,si,True
mgn_data:ita-v::indurirsi,indurirsi,ita.V::g004435,pronominal_of,mgn_data:ita-v::indurire,si,True
mgn_data:ita-v::indursi,indursi,ita.V::g004437,pronominal_of,mgn_data:ita-v::indurre,si,True
mgn_data:ita-v::industriarsi,industriarsi,ita.V::g004439,pronominal_no_base,,si,True
mgn_data:ita-v::inebetirsi,inebetirsi,ita.V::g004441,pronominal_of,mgn_data:ita-v::inebetire,si,True
mgn_data:ita-v::inerpicarsi,inerpicarsi,ita.V::g004444,pronominal_no_base,,si,True
mgn_data:ita-v::infagottarsi,infagottarsi,ita.V::g004446,pronominal_of,mgn_data:ita-v::infagottare,si,True
mgn_data:ita-v::infangarsi,infangarsi,ita.V::g004450,pronominal_of,mgn_data:ita-v::infangare,si,True
mgn_data:ita-v::infastidirsi,infastidirsi,ita.V::g004454,pronominal_of,mgn_data:ita-v::infastidire,si,True
mgn_data:ita-v::infatuarsi,infatuarsi,ita.V::g004456,pronominal_of,mgn_data:ita-v::infatuare,si,True
mgn_data:ita-v::infeltrirsi,infeltrirsi,ita.V::g004458,pronominal_of,mgn_data:ita-v::infeltrire,si,True
mgn_data:ita-v::inferocirsi,inferocirsi,ita.V::g004460,pronominal_of,mgn_data:ita-v::inferocire,si,True
mgn_data:ita-v::infervorarsi,infervorarsi,ita.V::g004462,pronominal_of,mgn_data:ita-v::infervorare,si,True
mgn_data:ita-v::infettarsi,infettarsi,ita.V::g004465,pronominal_of,mgn_data:ita-v::infettare,si,True
mgn_data:ita-v::infiacchirsi,infiacchirsi,ita.V::g004468,pronominal_of,mgn_data:ita-v::infiacchire,si,True
mgn_data:ita-v::infiammarsi,infiammarsi,ita.V::g004472,pronominal_of,mgn_data:ita-v::infiammare,si,True
mgn_data:ita-v::infilarsi,infilarsi,ita.V::g004479,pronominal_of,mgn_data:ita-v::infilare,si,True
mgn_data:ita-v::infiltrarsi,infiltrarsi,ita.V::g004481,pronominal_of,mgn_data:ita-v::infiltrare,si,True
mgn_data:ita-v::infingardirsi,infingardirsi,ita.V::g004484,pronominal_of,mgn_data:ita-v::infingardire,si,True
mgn_data:ita-v::infischiarsene,infischiarsene,ita.V::g004492,pronominal_no_base,,sene,True
mgn_data:ita-v::infischiarsi,infischiarsi,ita.V::g004493,pronominal_no_base,,si,True
mgn_data:ita-v::infittirsi,infittirsi,ita.V::g004496,pronominal_of,mgn_data:ita-v::infittire,si,True
mgn_data:ita-v::infocarsi,infocarsi,ita.V::g004504,pronominal_of,mgn_data:ita-v::infocare,si,True
mgn_data:ita-v::infognarsi,infognarsi,ita.V::g004506,pronominal_no_base,,si,True
mgn_data:ita-v::informarsi,informarsi,ita.V::g004512,pronominal_of,mgn_data:ita-v::informare,si,True
mgn_data:ita-v::informatizzarsi,informatizzarsi,ita.V::g004514,pronominal_of,mgn_data:ita-v::informatizzare,si,True
mgn_data:ita-v::informicolarsi,informicolarsi,ita.V::g004515,pronominal_no_base,,si,True
mgn_data:ita-v::informicolirsi,informicolirsi,ita.V::g004516,pronominal_no_base,,si,True
mgn_data:ita-v::infortunarsi,infortunarsi,ita.V::g004519,pronominal_no_base,,si,True
mgn_data:ita-v::infoscarsi,infoscarsi,ita.V::g004521,pronominal_of,mgn_data:ita-v::infoscare,si,True
mgn_data:ita-v::infossarsi,infossarsi,ita.V::g004523,pronominal_of,mgn_data:ita-v::infossare,si,True
mgn_data:ita-v::infradiciarsi,infradiciarsi,ita.V::g004525,pronominal_of,mgn_data:ita-v::infradiciare,si,True
mgn_data:ita-v::inframmettersi,inframmettersi,ita.V::g004529,pronominal_of,mgn_data:ita-v::inframmettere,si,True
mgn_data:ita-v::infrancesarsi,infrancesarsi,ita.V::g004532,pronominal_of,mgn_data:ita-v::infrancesare,si,True
mgn_data:ita-v::infrangersi,infrangersi,ita.V::g004534,pronominal_of,mgn_data:ita-v::infrangere,si,True
mgn_data:ita-v::infrascarsi,infrascarsi,ita.V::g004537,pronominal_of,mgn_data:ita-v::infrascare,si,True
mgn_data:ita-v::infrattarsi,infrattarsi,ita.V::g004539,pronominal_of,mgn_data:ita-v::infrattare,si,True
mgn_data:ita-v::infreddarsi,infreddarsi,ita.V::g004540,pronominal_no_base,,si,True
mgn_data:ita-v::infreddolirsi,infreddolirsi,ita.V::g004542,pronominal_of,mgn_data:ita-v::infreddolire,si,True
mgn_data:ita-v::infrollirsi,infrollirsi,ita.V::g004544,pronominal_of,mgn_data:ita-v::infrollire,si,True
mgn_data:ita-v::infuocarsi,infuocarsi,ita.V::g004547,pronominal_of,mgn_data:ita-v::infuocare,si,True
mgn_data:ita-v::infurbirsi,infurbirsi,ita.V::g004548,pronominal_no_base,,si,True
mgn_data:ita-v::ingannarsi,ingannarsi,ita.V::g004554,pronominal_of,mgn_data:ita-v::ingannare,si,True
mgn_data:ita-v::ingarbugliarsi,ingarbugliarsi,ita.V::g004556,pronominal_of,mgn_data:ita-v::ingarbugliare,si,True
mgn_data:ita-v::ingavonarsi,ingavonarsi,ita.V::g004557,pronominal_no_base,,si,True
mgn_data:ita-v::ingegnarsi,ingegnarsi,ita.V::g004558,pronominal_no_base,,si,True
mgn_data:ita-v::ingelosirsi,ingelosirsi,ita.V::g004561,pronominal_of,mgn_data:ita-v::ingelosire,si,True
mgn_data:ita-v::ingenerarsi,ingenerarsi,ita.V::g004564,pronominal_of,mgn_data:ita-v::ingenerare,si,True
mgn_data:ita-v::ingigantirsi,ingigantirsi,ita.V::g004572,pronominal_of,mgn_data:ita-v::ingigantire,si,True
mgn_data:ita-v::inginocchiarsi,inginocchiarsi,ita.V::g004573,pronominal_no_base,,si,True
mgn_data:ita-v::ingiuriarsi,ingiuriarsi,ita.V::g004577,pronominal_of,mgn_data:ita-v::ingiuriare,si,True
mgn_data:ita-v::ingobbirsi,ingobbirsi,ita.V::g004581,pronominal_of,mgn_data:ita-v::ingobbire,si,True
mgn_data:ita-v::ingolfarsi,ingolfarsi,ita.V::g004585,pronominal_of,mgn_data:ita-v::ingolfare,si,True
mgn_data:ita-v::ingolosirsi,ingolosirsi,ita.V::g004588,pronominal_of,mgn_data:ita-v::ingolosire,si,True
mgn_data:ita-v::ingorgarsi,ingorgarsi,ita.V::g004592,pronominal_of,mgn_data:ita-v::ingorgare,si,True
mgn_data:ita-v::ingozzarsi,ingozzarsi,ita.V::g004594,pronominal_of,mgn_data:ita-v::ingozzare,si,True
mgn_data:ita-v::ingrandirsi,ingrandirsi,ita.V::g004598,pronominal_of,mgn_data:ita-v::ingrandire,si,True
mgn_data:ita-v::ingraziarsi,ingraziarsi,ita.V::g004604,pronominal_of,mgn_data:ita-v::ingraziare,si,True
mgn_data:ita-v::ingrossarsi,ingrossarsi,ita.V::g004609,pronominal_of,mgn_data:ita-v::ingrossare,si,True
mgn_data:ita-v::inguaiarsi,inguaiarsi,ita.V::g004612,pronominal_of,mgn_data:ita-v::inguaiare,si,True
mgn_data:ita-v::inguantarsi,inguantarsi,ita.V::g004616,pronominal_of,mgn_data:ita-v::inguantare,si,True
mgn_data:ita-v::iniettarsi,iniettarsi,ita.V::g004620,pronominal_of,mgn_data:ita-v::iniettare,si,True
mgn_data:ita-v::inimicarsi,inimicarsi,ita.V::g004622,pronominal_of,mgn_data:ita-v::inimicare,si,True
mgn_data:ita-v::iniziarsi,iniziarsi,ita.V::g004625,pronominal_of,mgn_data:ita-v::iniziare,si,True
mgn_data:ita-v::innalzarsi,innalzarsi,ita.V::g004629,pronominal_of,mgn_data:ita-v::innalzare,si,True
mgn_data:ita-v::innamorarsi,innamorarsi,ita.V::g004631,pronominal_of,mgn_data:ita-v::innamorare,si,True
mgn_data:ita-v::innervosirsi,innervosirsi,ita.V::g004636,pronominal_of,mgn_data:ita-v::innervosire,si,True
mgn_data:ita-v::innescarsi,innescarsi,ita.V::g004638,pronominal_of,mgn_data:ita-v::innescare,si,True
mgn_data:ita-v::innestarsi,innestarsi,ita.V::g004640,pronominal_of,mgn_data:ita-v::innestare,si,True
mgn_data:ita-v::innevarsi,innevarsi,ita.V::g004642,pronominal_of,mgn_data:ita-v::innevare,si,True
mgn_data:ita-v::innovarsi,innovarsi,ita.V::g004643,pronominal_no_base,,si,True
mgn_data:ita-v::inoltrarsi,inoltrarsi,ita.V::g004646,pronominal_of,mgn_data:ita-v::inoltrare,si,True
mgn_data:ita-v::inorgoglirsi,inorgoglirsi,ita.V::g004649,pronominal_of,mgn_data:ita-v::inorgoglire,si,True
mgn_data:ita-v::inquadrarsi,inquadrarsi,ita.V::g004653,pronominal_of,mgn_data:ita-v::inquadrare,si,True
mgn_data:ita-v::inquietarsi,inquietarsi,ita.V::g004655,pronominal_of,mgn_data:ita-v::inquietare,si,True
mgn_data:ita-v::insabbiarsi,insabbiarsi,ita.V::g004659,pronominal_of,mgn_data:ita-v::insabbiare,si,True
mgn_data:ita-v::insanguinarsi,insanguinarsi,ita.V::g004666,pronominal_of,mgn_data:ita-v::insanguinare,si,True
mgn_data:ita-v::insaponarsi,insaponarsi,ita.V::g004668,pronominal_of,mgn_data:ita-v::insaponare,si,True
mgn_data:ita-v::insaporirsi,insaporirsi,ita.V::g004670,pronominal_of,mgn_data:ita-v::insaporire,si,True
mgn_data:ita-v::insediarsi,insediarsi,ita.V::g004676,pronominal_of,mgn_data:ita-v::insediare,si,True
mgn_data:ita-v::insegnarsi,insegnarsi,ita.V::g004678,pronominal_of,mgn_data:ita-v::insegnare,si,True
mgn_data:ita-v::inseguirsi,inseguirsi,ita.V::g004680,pronominal_of,mgn_data:ita-v::inseguire,si,True
mgn_data:ita-v::inserirsi,inserirsi,ita.V::g004684,pronominal_of,mgn_data:ita-v::inserire,si,True
mgn_data:ita-v::insinuarsi,insinuarsi,ita.V::g004689,pronominal_of,mgn_data:ita-v::insinuare,si,True
mgn_data:ita-v::insospettirsi,insospettirsi,ita.V::g004696,pronominal_of,mgn_data:ita-v::insospettire,si,True
mgn_data:ita-v::insozzarsi,insozzarsi,ita.V::g004698,pronominal_of,mgn_data:ita-v::insozzare,si,True
mgn_data:ita-v::inspessirsi,inspessirsi,ita.V::g004700,pronominal_of,mgn_data:ita-v::inspessire,si,True
mgn_data:ita-v::installarsi,installarsi,ita.V::g004703,pronominal_of,mgn_data:ita-v::installare,si,True
mgn_data:ita-v::instaurarsi,instaurarsi,ita.V::g004705,pronominal_of,mgn_data:ita-v::instaurare,si,True
mgn_data:ita-v::insterilirsi,insterilirsi,ita.V::g004707,pronominal_of,mgn_data:ita-v::insterilire,si,True
mgn_data:ita-v::insudiciarsi,insudiciarsi,ita.V::g004713,pronominal_of,mgn_data:ita-v::insudiciare,si,True
mgn_data:ita-v::insultarsi,insultarsi,ita.V::g004716,pronominal_of,mgn_data:ita-v::insultare,si,True
mgn_data:ita-v::intabarrarsi,intabarrarsi,ita.V::g004720,pronominal_of,mgn_data:ita-v::intabarrare,si,True
mgn_data:ita-v::intarlarsi,intarlarsi,ita.V::g004724,pronominal_of,mgn_data:ita-v::intarlare,si,True
mgn_data:ita-v::intasarsi,intasarsi,ita.V::g004727,pronominal_of,mgn_data:ita-v::intasare,si,True
mgn_data:ita-v::integrarsi,integrarsi,ita.V::g004731,pronominal_of,mgn_data:ita-v::integrare,si,True
mgn_data:ita-v::intendersene,intendersene,ita.V::g004736,pronominal_of,mgn_data:ita-v::intendere,sene,True
mgn_data:ita-v::intendersi,intendersi,ita.V::g004737,pronominal_of,mgn_data:ita-v::intendere,si,True
mgn_data:ita-v::intenebrarsi,intenebrarsi,ita.V::g004739,pronominal_of,mgn_data:ita-v::intenebrare,si,True
mgn_data:ita-v::intenerirsi,intenerirsi,ita.V::g004741,pronominal_of,mgn_data:ita-v::intenerire,si,True
mgn_data:ita-v::intensificarsi,intensificarsi,ita.V::g004743,pronominal_of,mgn_data:ita-v::intensificare,si,True
mgn_data:ita-v::interconnettersi,interconnettersi,ita.V::g004755,pronominal_of,mgn_data:ita-v::interconnettere,si,True
mgn_data:ita-v::interconvertirsi,interconvertirsi,ita.V::g004757,pronominal_of,mgn_data:ita-v::interconvertire,si,True
mgn_data:ita-v::interessarsi,interessarsi,ita.V::g004761,pronominal_of,mgn_data:ita-v::interessare,si,True
mgn_data:ita-v::interfacciarsi,interfacciarsi,ita.V::g004763,pronominal_of,mgn_data:ita-v::interfacciare,si,True
mgn_data:ita-v::interporsi,interporsi,ita.V::g004781,pronominal_of,mgn_data:ita-v::interporre,si,True
mgn_data:ita-v::interrogarsi,interrogarsi,ita.V::g004786,pronominal_of,mgn_data:ita-v::interrogare,si,True
mgn_data:ita-v::interrompersi,interrompersi,ita.V::g004788,pronominal_of,mgn_data:ita-v::interrompere,si,True
mgn_data:ita-v::intersecarsi,intersecarsi,ita.V::g004790,pronominal_of,mgn_data:ita-v::intersecare,si,True
mgn_data:ita-v::intervallarsi,intervallarsi,ita.V::g004792,pronominal_of,mgn_data:ita-v::intervallare,si,True
mgn_data:ita-v::intessersi,intessersi,ita.V::g004796,pronominal_of,mgn_data:ita-v::intessere,si,True
mgn_data:ita-v::intestardirsi,intestardirsi,ita.V::g004797,pronominal_no_base,,si,True
mgn_data:ita-v::intestarsi,intestarsi,ita.V::g004799,pronominal_of,mgn_data:ita-v::intestare,si,True
mgn_data:ita-v::intimidirsi,intimidirsi,ita.V::g004803,pronominal_of,mgn_data:ita-v::intimidire,si,True
mgn_data:ita-v::intimorirsi,intimorirsi,ita.V::g004805,pronominal_of,mgn_data:ita-v::intimorire,si,True
mgn_data:ita-v::intirizzirsi,intirizzirsi,ita.V::g004808,pronominal_of,mgn_data:ita-v::intirizzire,si,True
mgn_data:ita-v::intitolarsi,intitolarsi,ita.V::g004811,pronominal_of,mgn_data:ita-v::intitolare,si,False
mgn_data:ita-v::intonarsi,intonarsi,ita.V::g004814,pronominal_of,mgn_data:ita-v::intonare,si,True
mgn_data:ita-v::intopparsi,intopparsi,ita.V::g004817,pronominal_of,mgn_data:ita-v::intoppare,si,True
mgn_data:ita-v::intorbidirsi,intorbidirsi,ita.V::g004820,pronominal_of,mgn_data:ita-v::intorbidire,si,True
mgn_data:ita-v::intossicarsi,intossicarsi,ita.V::g004824,pronominal_of,mgn_data:ita-v::intossicare,si,True
mgn_data:ita-v::intrattenersi,intrattenersi,ita.V::g004832,pronominal_of,mgn_data:ita-v::intrattenere,si,True
mgn_data:ita-v::intravedersi,intravedersi,ita.V::g004834,pronominal_of,mgn_data:ita-v::intravedere,si,True
mgn_data:ita-v::intrecciarsi,intrecciarsi,ita.V::g004839,pronominal_of,mgn_data:ita-v::intrecciare,si,True
mgn_data:ita-v::intricarsi,intricarsi,ita.V::g004841,pronominal_of,mgn_data:ita-v::intricare,si,True
mgn_data:ita-v::intrigarsi,intrigarsi,ita.V::g004844,pronominal_of,mgn_data:ita-v::intrigare,si,True
mgn_data:ita-v::intripparsi,intripparsi,ita.V::g004847,pronominal_of,mgn_data:ita-v::intrippare,si,True
mgn_data:ita-v::introdursi,introdursi,ita.V::g004850,pronominal_of,mgn_data:ita-v::introdurre,si,True
mgn_data:ita-v::introflettersi,introflettersi,ita.V::g004851,pronominal_no_base,,si,True
mgn_data:ita-v::intromettersi,intromettersi,ita.V::g004855,pronominal_of,mgn_data:ita-v::intromettere,si,True
mgn_data:ita-v::intrufolarsi,intrufolarsi,ita.V::g004860,pronominal_of,mgn_data:ita-v::intrufolare,si,True
mgn_data:ita-v::intrugliarsi,intrugliarsi,ita.V::g004862,pronominal_of,mgn_data:ita-v::intrugliare,si,True
mgn_data:ita-v::intrupparsi,intrupparsi,ita.V::g004863,pronominal_no_base,,si,True
mgn_data:ita-v::inturgidirsi,inturgidirsi,ita.V::g004869,pronominal_of,mgn_data:ita-v::inturgidire,si,True
mgn_data:ita-v::inumidirsi,inumidirsi,ita.V::g004872,pronominal_of,mgn_data:ita-v::inumidire,si,True
mgn_data:ita-v::inurbarsi,inurbarsi,ita.V::g004873,pronominal_no_base,,si,True
mgn_data:ita-v::invaghirsi,invaghirsi,ita.V::g004876,pronominal_no_base,,si,True
mgn_data:ita-v::invaginarsi,invaginarsi,ita.V::g004877,pronominal_no_base,,si,True
mgn_data:ita-v::inventarsi,inventarsi,ita.V::g004887,pronominal_of,mgn_data:ita-v::inventare,si,True
mgn_data:ita-v::inverdirsi,inverdirsi,ita.V::g004889,pronominal_of,mgn_data:ita-v::inverdire,si,True
mgn_data:ita-v::inverminirsi,inverminirsi,ita.V::g004892,pronominal_of,mgn_data:ita-v::inverminire,si,True
mgn_data:ita-v::investirsi,investirsi,ita.V::g004897,pronominal_of,mgn_data:ita-v::investire,si,True
mgn_data:ita-v::inviarsi,inviarsi,ita.V::g004899,pronominal_no_base,,si,True
mgn_data:ita-v::invigliacchirsi,invigliacchirsi,ita.V::g004902,pronominal_of,mgn_data:ita-v::invigliacchire,si,True
mgn_data:ita-v::invigorirsi,invigorirsi,ita.V::g004904,pronominal_of,mgn_data:ita-v::invigorire,si,True
mgn_data:ita-v::invischiarsi,invischiarsi,ita.V::g004908,pronominal_of,mgn_data:ita-v::invischiare,si,True
mgn_data:ita-v::invitarsi,invitarsi,ita.V::g004911,pronominal_of,mgn_data:ita-v::invitare,si,True
mgn_data:ita-v::involarsi,involarsi,ita.V::g004915,pronominal_of,mgn_data:ita-v::involare,si,True
mgn_data:ita-v::involgarirsi,involgarirsi,ita.V::g004917,pronominal_of,mgn_data:ita-v::involgarire,si,True
mgn_data:ita-v::involtarsi,involtarsi,ita.V::g004920,pronominal_of,mgn_data:ita-v::involtare,si,True
mgn_data:ita-v::inzaccherarsi,inzaccherarsi,ita.V::g004922,pronominal_of,mgn_data:ita-v::inzaccherare,si,True
mgn_data:ita-v::inzepparsi,inzepparsi,ita.V::g004924,pronominal_of,mgn_data:ita-v::inzeppare,si,True
mgn_data:ita-v::inzotichirsi,inzotichirsi,ita.V::g004928,pronominal_of,mgn_data:ita-v::inzotichire,si,True
mgn_data:ita-v::inzupparsi,inzupparsi,ita.V::g004932,pronominal_of,mgn_data:ita-v::inzuppare,si,True
mgn_data:ita-v::ipertrofizzarsi,ipertrofizzarsi,ita.V::g004936,pronominal_of,mgn_data:ita-v::ipertrofizzare,si,True
mgn_data:ita-v::irradiarsi,irradiarsi,ita.V::g004944,pronominal_of,mgn_data:ita-v::irradiare,si,True
mgn_data:ita-v::irritarsi,irritarsi,ita.V::g004953,pronominal_of,mgn_data:ita-v::irritare,si,True
mgn_data:ita-v::irrobustirsi,irrobustirsi,ita.V::g004955,pronominal_of,mgn_data:ita-v::irrobustire,si,True
mgn_data:ita-v::irruvidirsi,irruvidirsi,ita.V::g004961,pronominal_of,mgn_data:ita-v::irruvidire,si,True
mgn_data:ita-v::ischeletrirsi,ischeletrirsi,ita.V::g004963,pronominal_of,mgn_data:ita-v::ischeletrire,si,True
mgn_data:ita-v::iscriversi,iscriversi,ita.V::g004965,pronominal_of,mgn_data:ita-v::iscrivere,si,True
mgn_data:ita-v::islamizzarsi,islamizzarsi,ita.V::g004967,pronominal_of,mgn_data:ita-v::islamizzare,si,True
mgn_data:ita-v::isolarsi,isolarsi,ita.V::g004969,pronominal_of,mgn_data:ita-v::isolare,si,True
mgn_data:ita-v::ispessirsi,ispessirsi,ita.V::g004973,pronominal_of,mgn_data:ita-v::ispessire,si,True
mgn_data:ita-v::ispirarsi,ispirarsi,ita.V::g004975,pronominal_no_base,,si,True
mgn_data:ita-v::issarsi,issarsi,ita.V::g004977,pronominal_of,mgn_data:ita-v::issare,si,True
mgn_data:ita-v::isterilirsi,isterilirsi,ita.V::g004981,pronominal_of,mgn_data:ita-v::isterilire,si,True
mgn_data:ita-v::istituirsi,istituirsi,ita.V::g004985,pronominal_of,mgn_data:ita-v::istituire,si,True
mgn_data:ita-v::istruirsi,istruirsi,ita.V::g004990,pronominal_of,mgn_data:ita-v::istruire,si,True
mgn_data:ita-v::istupidirsi,istupidirsi,ita.V::g004992,pronominal_of,mgn_data:ita-v::istupidire,si,True
mgn_data:ita-v::italianizzarsi,italianizzarsi,ita.V::g004995,pronominal_of,mgn_data:ita-v::italianizzare,si,True
mgn_data:ita-v::lacerarsi,lacerarsi,ita.V::g005000,pronominal_of,mgn_data:ita-v::lacerare,si,True
mgn_data:ita-v::lagnarsi,lagnarsi,ita.V::g005004,pronominal_no_base,,si,True
mgn_data:ita-v::lambiccarsi,lambiccarsi,ita.V::g005008,pronominal_of,mgn_data:ita-v::lambiccare,si,True
mgn_data:ita-v::lamentarsi,lamentarsi,ita.V::g005011,pronominal_of,mgn_data:ita-v::lamentare,si,True
mgn_data:ita-v::lanciarsi,lanciarsi,ita.V::g005015,pronominal_of,mgn_data:ita-v::lanciare,si,True
mgn_data:ita-v::lasciarsi,lasciarsi,ita.V::g005024,pronominal_of,mgn_data:ita-v::lasciare,si,True
mgn_data:ita-v::laurearsi,laurearsi,ita.V::g005033,pronominal_of,mgn_data:ita-v::laureare,si,True
mgn_data:ita-v::lavarsi,lavarsi,ita.V::g005035,pronominal_of,mgn_data:ita-v::lavare,si,True
mgn_data:ita-v::lavorarsi,lavorarsi,ita.V::g005038,pronominal_of,mgn_data:ita-v::lavorare,si,True
mgn_data:ita-v::leccarsi,leccarsi,ita.V::g005041,pronominal_of,mgn_data:ita-v::leccare,si,True
mgn_data:ita-v::legarsi,legarsi,ita.V::g005044,pronominal_no_base,,si,True
mgn_data:ita-v::leggersi,leggersi,ita.V::g005045,pronominal_no_base,,si,True
mgn_data:ita-v::legnarsi,legnarsi,ita.V::g005052,pronominal_of,mgn_data:ita-v::legnare,si,True
mgn_data:ita-v::lesionarsi,lesionarsi,ita.V::g005057,pronominal_of,mgn_data:ita-v::lesionare,si,True
mgn_data:ita-v::levarsi,levarsi,ita.V::g005060,pronominal_of,mgn_data:ita-v::levare,si,True
mgn_data:ita-v::liberarsi,liberarsi,ita.V::g005065,pronominal_of,mgn_data:ita-v::liberare,si,True
mgn_data:ita-v::librarsi,librarsi,ita.V::g005066,pronominal_no_base,,si,True
mgn_data:ita-v::licenziarsi,licenziarsi,ita.V::g005068,pronominal_of,mgn_data:ita-v::licenziare,si,True
mgn_data:ita-v::lignificarsi,lignificarsi,ita.V::g005072,pronominal_of,mgn_data:ita-v::lignificare,si,True
mgn_data:ita-v::limitarsi,limitarsi,ita.V::g005075,pronominal_of,mgn_data:ita-v::limitare,si,True
mgn_data:ita-v::limonarsi,limonarsi,ita.V::g005077,pronominal_of,mgn_data:ita-v::limonare,si,True
mgn_data:ita-v::liquefarsi,liquefarsi,ita.V::g005084,pronominal_of,mgn_data:ita-v::liquefare,si,True
mgn_data:ita-v::lisarsi,lisarsi,ita.V::g005087,pronominal_of,mgn_data:ita-v::lisare,si,True
mgn_data:ita-v::lisciarsi,lisciarsi,ita.V::g005089,pronominal_of,mgn_data:ita-v::lisciare,si,True
mgn_data:ita-v::livellarsi,livellarsi,ita.V::g005095,pronominal_of,mgn_data:ita-v::livellare,si,True
mgn_data:ita-v::localizzarsi,localizzarsi,ita.V::g005099,pronominal_of,mgn_data:ita-v::localizzare,si,True
mgn_data:ita-v::lodarsi,lodarsi,ita.V::g005102,pronominal_of,mgn_data:ita-v::lodare,si,True
mgn_data:ita-v::logorarsi,logorarsi,ita.V::g005105,pronominal_of,mgn_data:ita-v::logorare,si,True
mgn_data:ita-v::lordarsi,lordarsi,ita.V::g005107,pronominal_of,mgn_data:ita-v::lordare,si,True
mgn_data:ita-v::lustrarsi,lustrarsi,ita.V::g005121,pronominal_of,mgn_data:ita-v::lustrare,si,True
mgn_data:ita-v::macchiarsi,macchiarsi,ita.V::g005124,pronominal_of,mgn_data:ita-v::macchiare,si,True
mgn_data:ita-v::macerarsi,macerarsi,ita.V::g005129,pronominal_of,mgn_data:ita-v::macerare,si,True
mgn_data:ita-v::magnetizzarsi,magnetizzarsi,ita.V::g005137,pronominal_of,mgn_data:ita-v::magnetizzare,si,True
mgn_data:ita-v::maledirsi,maledirsi,ita.V::g005140,pronominal_no_base,,si,True
mgn_data:ita-v::mandarsi,mandarsi,ita.V::g005151,pronominal_of,mgn_data:ita-v::mandare,si,True
mgn_data:ita-v::mangiarsi,mangiarsi,ita.V::g005157,pronominal_no_base,,si,True
mgn_data:ita-v::manifestarsi,manifestarsi,ita.V::g005161,pronominal_of,mgn_data:ita-v::manifestare,si,True
mgn_data:ita-v::mansuefarsi,mansuefarsi,ita.V::g005168,pronominal_of,mgn_data:ita-v::mansuefare,si,True
mgn_data:ita-v::mantenersi,mantenersi,ita.V::g005171,pronominal_of,mgn_data:ita-v::mantenere,si,True
mgn_data:ita-v::maritarsi,maritarsi,ita.V::g005188,pronominal_of,mgn_data:ita-v::maritare,si,True
mgn_data:ita-v::martirizzarsi,martirizzarsi,ita.V::g005195,pronominal_of,mgn_data:ita-v::martirizzare,si,True
mgn_data:ita-v::mascherarsi,mascherarsi,ita.V::g005198,pronominal_of,mgn_data:ita-v::mascherare,si,True
mgn_data:ita-v::mascolinizzarsi,mascolinizzarsi,ita.V::g005202,pronominal_of,mgn_data:ita-v::mascolinizzare,si,True
mgn_data:ita-v::massacrarsi,massacrarsi,ita.V::g005204,pronominal_of,mgn_data:ita-v::massacrare,si,True
mgn_data:ita-v::massaggiarsi,massaggiarsi,ita.V::g005206,pronominal_of,mgn_data:ita-v::massaggiare,si,True
mgn_data:ita-v::masturbarsi,masturbarsi,ita.V::g005215,pronominal_of,mgn_data:ita-v::masturbare,si,True
mgn_data:ita-v::materializzarsi,materializzarsi,ita.V::g005218,pronominal_of,mgn_data:ita-v::materializzare,si,True
mgn_data:ita-v::maturarsi,maturarsi,ita.V::g005222,pronominal_of,mgn_data:ita-v::maturare,si,True
mgn_data:ita-v::medicarsi,medicarsi,ita.V::g005230,pronominal_of,mgn_data:ita-v::medicare,si,True
mgn_data:ita-v::mentirsi,mentirsi,ita.V::g005239,pronominal_no_base,,si,True
mgn_data:ita-v::meravigliarsi,meravigliarsi,ita.V::g005242,pronominal_no_base,,si,True
mgn_data:ita-v::meritarsela,meritarsela,ita.V::g005251,pronominal_of,mgn_data:ita-v::meritare,sela,True
mgn_data:ita-v::meritarsi,meritarsi,ita.V::g005252,pronominal_of,mgn_data:ita-v::meritare,si,True
mgn_data:ita-v::mescolarsi,mescolarsi,ita.V::g005258,pronominal_of,mgn_data:ita-v::mescolare,si,True
mgn_data:ita-v::metamorfosarsi,metamorfosarsi,ita.V::g005270,pronominal_of,mgn_data:ita-v::metamorfosare,si,True
mgn_data:ita-v::metterci,metterci,ita.V::g005275,pronominal_of,mgn_data:ita-v::mettere,ci,True
mgn_data:ita-v::mettersi,mettersi,ita.V::g005277,pronominal_of,mgn_data:ita-v::mettere,si,True
mgn_data:ita-v::migliorarsi,migliorarsi,ita.V::g005285,pronominal_of,mgn_data:ita-v::migliorare,si,True
mgn_data:ita-v::millantarsi,millantarsi,ita.V::g005289,pronominal_of,mgn_data:ita-v::millantare,si,True
mgn_data:ita-v::mimetizzarsi,mimetizzarsi,ita.V::g005294,pronominal_of,mgn_data:ita-v::mimetizzare,si,True
mgn_data:ita-v::minacciarsi,minacciarsi,ita.V::g005295,pronominal_no_base,,si,True
mgn_data:ita-v::mineralizzarsi,mineralizzarsi,ita.V::g005299,pronominal_of,mgn_data:ita-v::mineralizzare,si,True
mgn_data:ita-v::mischiarsi,mischiarsi,ita.V::g005309,pronominal_of,mgn_data:ita-v::mischiare,si,True
mgn_data:ita-v::misurarsi,misurarsi,ita.V::g005316,pronominal_no_base,,si,True
mgn_data:ita-v::mitigarsi,mitigarsi,ita.V::g005319,pronominal_of,mgn_data:ita-v::mitigare,si,True
mgn_data:ita-v::mobilitarsi,mobilitarsi,ita.V::g005326,pronominal_of,mgn_data:ita-v::mobilitare,si,True
mgn_data:ita-v::modellarsi,modellarsi,ita.V::g005330,pronominal_no_base,,si,True
mgn_data:ita-v::moderarsi,moderarsi,ita.V::g005333,pronominal_of,mgn_data:ita-v::moderare,si,True
mgn_data:ita-v::modernizzarsi,modernizzarsi,ita.V::g005335,pronominal_of,mgn_data:ita-v::modernizzare,si,True
mgn_data:ita-v::modificarsi,modificarsi,ita.V::g005337,pronominal_of,mgn_data:ita-v::modificare,si,True
mgn_data:ita-v::mollarsi,mollarsi,ita.V::g005343,pronominal_of,mgn_data:ita-v::mollare,si,True
mgn_data:ita-v::molleggiarsi,molleggiarsi,ita.V::g005345,pronominal_of,mgn_data:ita-v::molleggiare,si,True
mgn_data:ita-v::moltiplicarsi,moltiplicarsi,ita.V::g005347,pronominal_of,mgn_data:ita-v::moltiplicare,si,True
mgn_data:ita-v::monacarsi,monacarsi,ita.V::g005349,pronominal_of,mgn_data:ita-v::monacare,si,True
mgn_data:ita-v::montarsi,montarsi,ita.V::g005360,pronominal_of,mgn_data:ita-v::montare,si,True
mgn_data:ita-v::mordersi,mordersi,ita.V::g005366,pronominal_of,mgn_data:ita-v::mordere,si,True
mgn_data:ita-v::mordicchiarsi,mordicchiarsi,ita.V::g005368,pronominal_of,mgn_data:ita-v::mordicchiare,si,True
mgn_data:ita-v::morirsene,morirsene,ita.V::g005370,pronominal_of,mgn_data:ita-v::morire,sene,True
mgn_data:ita-v::morirsi,morirsi,ita.V::g005371,pronominal_of,mgn_data:ita-v::morire,si,True
mgn_data:ita-v::mortificarsi,mortificarsi,ita.V::g005378,pronominal_of,mgn_data:ita-v::mortificare,si,True
mgn_data:ita-v::mostrarsi,mostrarsi,ita.V::g005379,pronominal_no_base,,si,True
mgn_data:ita-v::movimentarsi,movimentarsi,ita.V::g005384,pronominal_of,mgn_data:ita-v::movimentare,si,True
mgn_data:ita-v::mummificarsi,mummificarsi,ita.V::g005396,pronominal_of,mgn_data:ita-v::mummificare,si,True
mgn_data:ita-v::munirsi,munirsi,ita.V::g005400,pronominal_of,mgn_data:ita-v::munire,si,True
mgn_data:ita-v::muoversi,muoversi,ita.V::g005402,pronominal_of,mgn_data:ita-v::muovere,si,True
mgn_data:ita-v::murarsi,murarsi,ita.V::g005404,pronominal_of,mgn_data:ita-v::murare,si,True
mgn_data:ita-v::nascondersi,nascondersi,ita.V::g005418,pronominal_of,mgn_data:ita-v::nascondere,si,True
mgn_data:ita-v::naturalizzarsi,naturalizzarsi,ita.V::g005422,pronominal_of,mgn_data:ita-v::naturalizzare,si,True
mgn_data:ita-v::negarsi,negarsi,ita.V::g005434,pronominal_of,mgn_data:ita-v::negare,si,True
mgn_data:ita-v::negativizzarsi,negativizzarsi,ita.V::g005435,pronominal_no_base,,si,True
mgn_data:ita-v::nevrotizzarsi,nevrotizzarsi,ita.V::g005446,pronominal_of,mgn_data:ita-v::nevrotizzare,si,True
mgn_data:ita-v::nobilitarsi,nobilitarsi,ita.V::g005459,pronominal_of,mgn_data:ita-v::nobilitare,si,True
mgn_data:ita-v::normalizzarsi,normalizzarsi,ita.V::g005467,pronominal_of,mgn_data:ita-v::normalizzare,si,True
mgn_data:ita-v::notificarsi,notificarsi,ita.V::g005471,pronominal_of,mgn_data:ita-v::notificare,si,True
mgn_data:ita-v::nullificarsi,nullificarsi,ita.V::g005480,pronominal_of,mgn_data:ita-v::nullificare,si,True
mgn_data:ita-v::obbligarsi,obbligarsi,ita.V::g005488,pronominal_no_base,,si,True
mgn_data:ita-v::obiettivarsi,obiettivarsi,ita.V::g005491,pronominal_no_base,,si,True
mgn_data:ita-v::obliarsi,obliarsi,ita.V::g005495,pronominal_of,mgn_data:ita-v::obliare,si,True
mgn_data:ita-v::obnubilarsi,obnubilarsi,ita.V::g005498,pronominal_of,mgn_data:ita-v::obnubilare,si,True
mgn_data:ita-v::occhieggiarsi,occhieggiarsi,ita.V::g005501,pronominal_of,mgn_data:ita-v::occhieggiare,si,True
mgn_data:ita-v::occidentalizzarsi,occidentalizzarsi,ita.V::g005503,pronominal_of,mgn_data:ita-v::occidentalizzare,si,True
mgn_data:ita-v::occuparsi,occuparsi,ita.V::g005509,pronominal_of,mgn_data:ita-v::occupare,si,True
mgn_data:ita-v::odiarsi,odiarsi,ita.V::g005512,pronominal_of,mgn_data:ita-v::odiare,si,True
mgn_data:ita-v::offendersi,offendersi,ita.V::g005516,pronominal_of,mgn_data:ita-v::offendere,si,True
mgn_data:ita-v::offrirsi,offrirsi,ita.V::g005521,pronominal_of,mgn_data:ita-v::offrire,si,True
mgn_data:ita-v::offuscarsi,offuscarsi,ita.V::g005523,pronominal_of,mgn_data:ita-v::offuscare,si,True
mgn_data:ita-v::oggettivarsi,oggettivarsi,ita.V::g005526,pronominal_of,mgn_data:ita-v::oggettivare,si,True
mgn_data:ita-v::ombreggiarsi,ombreggiarsi,ita.V::g005539,pronominal_of,mgn_data:ita-v::ombreggiare,si,True
mgn_data:ita-v::omologarsi,omologarsi,ita.V::g005545,pronominal_of,mgn_data:ita-v::omologare,si,True
mgn_data:ita-v::onorarsi,onorarsi,ita.V::g005552,pronominal_of,mgn_data:ita-v::onorare,si,True
mgn_data:ita-v::operarsi,operarsi,ita.V::g005556,pronominal_of,mgn_data:ita-v::operare,si,True
mgn_data:ita-v::opporsi,opporsi,ita.V::g005562,pronominal_of,mgn_data:ita-v::opporre,si,True
mgn_data:ita-v::orientarsi,orientarsi,ita.V::g005581,pronominal_of,mgn_data:ita-v::orientare,si,True
mgn_data:ita-v::originarsi,originarsi,ita.V::g005583,pronominal_of,mgn_data:ita-v::originare,si,True
mgn_data:ita-v::orizzontarsi,orizzontarsi,ita.V::g005587,pronominal_of,mgn_data:ita-v::orizzontare,si,True
mgn_data:ita-v::ormeggiarsi,ormeggiarsi,ita.V::g005591,pronominal_no_base,,si,True
mgn_data:ita-v::ornarsi,ornarsi,ita.V::g005593,pronominal_of,mgn_data:ita-v::ornare,si,True
mgn_data:ita-v::oscurarsi,oscurarsi,ita.V::g005604,pronominal_of,mgn_data:ita-v::oscurare,si,True
mgn_data:ita-v::osservarsi,osservarsi,ita.V::g005610,pronominal_of,mgn_data:ita-v::osservare,si,True
mgn_data:ita-v::ossidarsi,ossidarsi,ita.V::g005613,pronominal_of,mgn_data:ita-v::ossidare,si,True
mgn_data:ita-v::ossificarsi,ossificarsi,ita.V::g005615,pronominal_of,mgn_data:ita-v::ossificare,si,True
mgn_data:ita-v::ossigenarsi,ossigenarsi,ita.V::g005617,pronominal_of,mgn_data:ita-v::ossigenare,si,True
mgn_data:ita-v::ostacolarsi,ostacolarsi,ita.V::g005620,pronominal_of,mgn_data:ita-v::ostacolare,si,True
mgn_data:ita-v::ostinarsi,ostinarsi,ita.V::g005624,pronominal_no_base,,si,True
mgn_data:ita-v::ostruirsi,ostruirsi,ita.V::g005627,pronominal_of,mgn_data:ita-v::ostruire,si,True
mgn_data:ita-v::otturarsi,otturarsi,ita.V::g005639,pronominal_of,mgn_data:ita-v::otturare,si,True
mgn_data:ita-v::ovalizzarsi,ovalizzarsi,ita.V::g005641,pronominal_of,mgn_data:ita-v::ovalizzare,si,True
mgn_data:ita-v::pacarsi,pacarsi,ita.V::g005653,pronominal_of,mgn_data:ita-v::pacare,si,True
mgn_data:ita-v::pagarsi,pagarsi,ita.V::g005662,pronominal_of,mgn_data:ita-v::pagare,si,True
mgn_data:ita-v::palesarsi,palesarsi,ita.V::g005668,pronominal_of,mgn_data:ita-v::palesare,si,True
mgn_data:ita-v::palleggiarsi,palleggiarsi,ita.V::g005673,pronominal_of,mgn_data:ita-v::palleggiare,si,True
mgn_data:ita-v::paracadutarsi,paracadutarsi,ita.V::g005684,pronominal_of,mgn_data:ita-v::paracadutare,si,True
mgn_data:ita-v::paragonarsi,paragonarsi,ita.V::g005689,pronominal_of,mgn_data:ita-v::paragonare,si,True
mgn_data:ita-v::pararsi,pararsi,ita.V::g005695,pronominal_no_base,,si,True
mgn_data:ita-v::parlarsi,parlarsi,ita.V::g005706,pronominal_no_base,,si,True
mgn_data:ita-v::pascersi,pascersi,ita.V::g005717,pronominal_no_base,,si,True
mgn_data:ita-v::passarsela,passarsela,ita.V::g005720,pronominal_of,mgn_data:ita-v::passare,sela,True
mgn_data:ita-v::passarsi,passarsi,ita.V::g005721,pronominal_of,mgn_data:ita-v::passare,si,True
mgn_data:ita-v::pavoneggiarsi,pavoneggiarsi,ita.V::g005741,pronominal_no_base,,si,True
mgn_data:ita-v::pensarsi,pensarsi,ita.V::g005761,pronominal_of,mgn_data:ita-v::pensare,si,True
mgn_data:ita-v::pentirsi,pentirsi,ita.V::g005763,pronominal_no_base,,si,True
mgn_data:ita-v::percuotersi,percuotersi,ita.V::g005773,pronominal_of,mgn_data:ita-v::percuotere,si,True
mgn_data:ita-v::perdersi,perdersi,ita.V::g005775,pronominal_of,mgn_data:ita-v::perdere,si,True
mgn_data:ita-v::perdonarsi,perdonarsi,ita.V::g005777,pronominal_of,mgn_data:ita-v::perdonare,si,True
mgn_data:ita-v::perfezionarsi,perfezionarsi,ita.V::g005784,pronominal_of,mgn_data:ita-v::perfezionare,si,True
mgn_data:ita-v::permettersi,permettersi,ita.V::g005794,pronominal_of,mgn_data:ita-v::permettere,si,True
mgn_data:ita-v::perpetuarsi,perpetuarsi,ita.V::g005799,pronominal_of,mgn_data:ita-v::perpetuare,si,True
mgn_data:ita-v::persuadersi,persuadersi,ita.V::g005810,pronominal_of,mgn_data:ita-v::persuadere,si,True
mgn_data:ita-v::perturbarsi,perturbarsi,ita.V::g005813,pronominal_of,mgn_data:ita-v::perturbare,si,True
mgn_data:ita-v::pervertirsi,pervertirsi,ita.V::g005817,pronominal_of,mgn_data:ita-v::pervertire,si,True
mgn_data:ita-v::pesarsi,pesarsi,ita.V::g005819,pronominal_of,mgn_data:ita-v::pesare,si,True
mgn_data:ita-v::pettinarsi,pettinarsi,ita.V::g005825,pronominal_of,mgn_data:ita-v::pettinare,si,True
mgn_data:ita-v::piacersi,piacersi,ita.V::g005826,pronominal_no_base,,si,True
mgn_data:ita-v::piagarsi,piagarsi,ita.V::g005828,pronominal_of,mgn_data:ita-v::piagare,si,True
mgn_data:ita-v::piangersi,piangersi,ita.V::g005834,pronominal_of,mgn_data:ita-v::piangere,si,True
mgn_data:ita-v::piantarla,piantarla,ita.V::g005836,pronominal_of,mgn_data:ita-v::piantare,la,True
mgn_data:ita-v::piantarsi,piantarsi,ita.V::g005837,pronominal_of,mgn_data:ita-v::piantare,si,True
mgn_data:ita-v::piazzarsi,piazzarsi,ita.V::g005842,pronominal_no_base,,si,True
mgn_data:ita-v::piccarsi,piccarsi,ita.V::g005844,pronominal_of,mgn_data:ita-v::piccare,si,True
mgn_data:ita-v::picchiarsi,picchiarsi,ita.V::g005846,pronominal_no_base,,si,True
mgn_data:ita-v::piegarsi,piegarsi,ita.V::g005851,pronominal_of,mgn_data:ita-v::piegare,si,True
mgn_data:ita-v::pietrificarsi,pietrificarsi,ita.V::g005854,pronominal_of,mgn_data:ita-v::pietrificare,si,True
mgn_data:ita-v::pigmentarsi,pigmentarsi,ita.V::g005858,pronominal_of,mgn_data:ita-v::pigmentare,si,True
mgn_data:ita-v::pitturarsi,pitturarsi,ita.V::g005881,pronominal_of,mgn_data:ita-v::pitturare,si,True
mgn_data:ita-v::placarsi,placarsi,ita.V::g005885,pronominal_of,mgn_data:ita-v::placare,si,True
mgn_data:ita-v::poggiarsi,poggiarsi,ita.V::g005900,pronominal_of,mgn_data:ita-v::poggiare,si,True
mgn_data:ita-v::polarizzarsi,polarizzarsi,ita.V::g005902,pronominal_of,mgn_data:ita-v::polarizzare,si,True
mgn_data:ita-v::politicizzarsi,politicizzarsi,ita.V::g005907,pronominal_of,mgn_data:ita-v::politicizzare,si,True
mgn_data:ita-v::polverizzarsi,polverizzarsi,ita.V::g005910,pronominal_of,mgn_data:ita-v::polverizzare,si,True
mgn_data:ita-v::popolarsi,popolarsi,ita.V::g005917,pronominal_no_base,,si,True
mgn_data:ita-v::porsi,porsi,ita.V::g005923,pronominal_of,mgn_data:ita-v::porre,si,True
mgn_data:ita-v::portarsi,portarsi,ita.V::g005925,pronominal_of,mgn_data:ita-v::portare,si,True
mgn_data:ita-v::posarsi,posarsi,ita.V::g005929,pronominal_of,mgn_data:ita-v::posare,si,True
mgn_data:ita-v::posizionarsi,posizionarsi,ita.V::g005933,pronominal_of,mgn_data:ita-v::posizionare,si,True
mgn_data:ita-v::potersi,potersi,ita.V::g005946,pronominal_no_base,,si,True
mgn_data:ita-v::precipitarsi,precipitarsi,ita.V::g005960,pronominal_no_base,,si,True
mgn_data:ita-v::precisarsi,precisarsi,ita.V::g005962,pronominal_of,mgn_data:ita-v::precisare,si,True
mgn_data:ita-v::precludersi,precludersi,ita.V::g005964,pronominal_of,mgn_data:ita-v::precludere,si,True
mgn_data:ita-v::predisporsi,predisporsi,ita.V::g005981,pronominal_of,mgn_data:ita-v::predisporre,si,True
mgn_data:ita-v::prefiggersi,prefiggersi,ita.V::g005990,pronominal_of,mgn_data:ita-v::prefiggere,si,True
mgn_data:ita-v::pregiarsi,pregiarsi,ita.V::g005997,pronominal_of,mgn_data:ita-v::pregiare,si,True
mgn_data:ita-v::pregiudicarsi,pregiudicarsi,ita.V::g005999,pronominal_of,mgn_data:ita-v::pregiudicare,si,True
mgn_data:ita-v::premunirsi,premunirsi,ita.V::g006012,pronominal_of,mgn_data:ita-v::premunire,si,True
mgn_data:ita-v::premurarsi,premurarsi,ita.V::g006014,pronominal_of,mgn_data:ita-v::premurare,si,True
mgn_data:ita-v::prenderci,prenderci,ita.V::g006015,pronominal_no_base,,ci,True
mgn_data:ita-v::prenderle,prenderle,ita.V::g006016,pronominal_no_base,,le,True
mgn_data:ita-v::prendersela,prendersela,ita.V::g006017,pronominal_no_base,,sela,True
mgn_data:ita-v::prendersi,prendersi,ita.V::g006018,pronominal_no_base,,si,True
mgn_data:ita-v::prenotarsi,prenotarsi,ita.V::g006020,pronominal_of,mgn_data:ita-v::prenotare,si,True
mgn_data:ita-v::preoccuparsi,preoccuparsi,ita.V::g006021,pronominal_no_base,,si,True
mgn_data:ita-v::prepararsi,prepararsi,ita.V::g006024,pronominal_of,mgn_data:ita-v::preparare,si,True
mgn_data:ita-v::prepensionarsi,prepensionarsi,ita.V::g006026,pronominal_of,mgn_data:ita-v::prepensionare,si,True
mgn_data:ita-v::prescriversi,prescriversi,ita.V::g006041,pronominal_of,mgn_data:ita-v::prescrivere,si,True
mgn_data:ita-v::presentarsi,presentarsi,ita.V::g006045,pronominal_no_base,,si,True
mgn_data:ita-v::preservarsi,preservarsi,ita.V::g006048,pronominal_of,mgn_data:ita-v::preservare,si,True
mgn_data:ita-v::pressarsi,pressarsi,ita.V::g006052,pronominal_of,mgn_data:ita-v::pressare,si,True
mgn_data:ita-v::prestarsi,prestarsi,ita.V::g006057,pronominal_of,mgn_data:ita-v::prestare,si,True
mgn_data:ita-v::privarsi,privarsi,ita.V::g006076,pronominal_of,mgn_data:ita-v::privare,si,True
mgn_data:ita-v::procacciarsi,procacciarsi,ita.V::g006081,pronominal_of,mgn_data:ita-v::procacciare,si,True
mgn_data:ita-v::proclamarsi,proclamarsi,ita.V::g006084,pronominal_of,mgn_data:ita-v::proclamare,si,True
mgn_data:ita-v::procurarsi,procurarsi,ita.V::g006088,pronominal_of,mgn_data:ita-v::procurare,si,True
mgn_data:ita-v::prodigarsi,prodigarsi,ita.V::g006090,pronominal_of,mgn_data:ita-v::prodigare,si,True
mgn_data:ita-v::prodursi,prodursi,ita.V::g006092,pronominal_of,mgn_data:ita-v::produrre,si,True
mgn_data:ita-v::professarsi,professarsi,ita.V::g006096,pronominal_of,mgn_data:ita-v::professare,si,True
mgn_data:ita-v::profilarsi,profilarsi,ita.V::g006102,pronominal_of,mgn_data:ita-v::profilare,si,True
mgn_data:ita-v::profondarsi,profondarsi,ita.V::g006105,pronominal_of,mgn_data:ita-v::profondare,si,True
mgn_data:ita-v::profondersi,profondersi,ita.V::g006107,pronominal_of,mgn_data:ita-v::profondere,si,True
mgn_data:ita-v::profumarsi,profumarsi,ita.V::g006109,pronominal_of,mgn_data:ita-v::profumare,si,True
mgn_data:ita-v::proiettarsi,proiettarsi,ita.V::g006116,pronominal_of,mgn_data:ita-v::proiettare,si,True
mgn_data:ita-v::proletarizzarsi,proletarizzarsi,ita.V::g006119,pronominal_of,mgn_data:ita-v::proletarizzare,si,True
mgn_data:ita-v::proliferarsi,proliferarsi,ita.V::g006121,pronominal_of,mgn_data:ita-v::proliferare,si,True
mgn_data:ita-v::prolungarsi,prolungarsi,ita.V::g006125,pronominal_of,mgn_data:ita-v::prolungare,si,True
mgn_data:ita-v::promettersi,promettersi,ita.V::g006127,pronominal_no_base,,si,True
mgn_data:ita-v::pronunciarsi,pronunciarsi,ita.V::g006133,pronominal_of,mgn_data:ita-v::pronunciare,si,True
mgn_data:ita-v::pronunziarsi,pronunziarsi,ita.V::g006135,pronominal_of,mgn_data:ita-v::pronunziare,si,True
mgn_data:ita-v::propagarsi,propagarsi,ita.V::g006138,pronominal_of,mgn_data:ita-v::propagare,si,True
mgn_data:ita-v::propiziarsi,propiziarsi,ita.V::g006145,pronominal_of,mgn_data:ita-v::propiziare,si,True
mgn_data:ita-v::proporsi,proporsi,ita.V::g006147,pronominal_of,mgn_data:ita-v::proporre,si,True
mgn_data:ita-v::prosciugarsi,prosciugarsi,ita.V::g006154,pronominal_of,mgn_data:ita-v::prosciugare,si,True
mgn_data:ita-v::prosternarsi,prosternarsi,ita.V::g006161,pronominal_of,mgn_data:ita-v::prosternare,si,True
mgn_data:ita-v::prostituirsi,prostituirsi,ita.V::g006163,pronominal_of,mgn_data:ita-v::prostituire,si,True
mgn_data:ita-v::prostrarsi,prostrarsi,ita.V::g006165,pronominal_of,mgn_data:ita-v::prostrare,si,True
mgn_data:ita-v::proteggersi,proteggersi,ita.V::g006168,pronominal_of,mgn_data:ita-v::proteggere,si,True
mgn_data:ita-v::protendersi,protendersi,ita.V::g006170,pronominal_of,mgn_data:ita-v::protendere,si,True
mgn_data:ita-v::protestarsi,protestarsi,ita.V::g006171,pronominal_no_base,,si,True
mgn_data:ita-v::protrarsi,protrarsi,ita.V::g006174,pronominal_of,mgn_data:ita-v::protrarre,si,True
mgn_data:ita-v::provarsi,provarsi,ita.V::g006177,pronominal_of,mgn_data:ita-v::provare,si,True
mgn_data:ita-v::provocarsi,provocarsi,ita.V::g006183,pronominal_of,mgn_data:ita-v::provocare,si,True
mgn_data:ita-v::provvedersi,provvedersi,ita.V::g006185,pronominal_of,mgn_data:ita-v::provvedere,si,True
mgn_data:ita-v::pulirsi,pulirsi,ita.V::g006198,pronominal_of,mgn_data:ita-v::pulire,si,True
mgn_data:ita-v::pungersi,pungersi,ita.V::g006202,pronominal_of,mgn_data:ita-v::pungere,si,True
mgn_data:ita-v::punirsi,punirsi,ita.V::g006205,pronominal_of,mgn_data:ita-v::punire,si,True
mgn_data:ita-v::punzecchiarsi,punzecchiarsi,ita.V::g006211,pronominal_of,mgn_data:ita-v::punzecchiare,si,True
mgn_data:ita-v::purgarsi,purgarsi,ita.V::g006213,pronominal_of,mgn_data:ita-v::purgare,si,True
mgn_data:ita-v::purificarsi,purificarsi,ita.V::g006215,pronominal_of,mgn_data:ita-v::purificare,si,True
mgn_data:ita-v::putrefarsi,putrefarsi,ita.V::g006218,pronominal_of,mgn_data:ita-v::putrefare,si,True
mgn_data:ita-v::quadruplicarsi,quadruplicarsi,ita.V::g006226,pronominal_of,mgn_data:ita-v::quadruplicare,si,True
mgn_data:ita-v::qualificarsi,qualificarsi,ita.V::g006229,pronominal_of,mgn_data:ita-v::qualificare,si,True
mgn_data:ita-v::quietarsi,quietarsi,ita.V::g006238,pronominal_of,mgn_data:ita-v::quietare,si,True
mgn_data:ita-v::quintuplicarsi,quintuplicarsi,ita.V::g006241,pronominal_of,mgn_data:ita-v::quintuplicare,si,True
mgn_data:ita-v::rabbonirsi,rabbonirsi,ita.V::g006247,pronominal_of,mgn_data:ita-v::rabbonire,si,True
mgn_data:ita-v::rabbuiarsi,rabbuiarsi,ita.V::g006251,pronominal_of,mgn_data:ita-v::rabbuiare,si,True
mgn_data:ita-v::raccapezzarsi,raccapezzarsi,ita.V::g006254,pronominal_of,mgn_data:ita-v::raccapezzare,si,True
mgn_data:ita-v::racchetarsi,racchetarsi,ita.V::g006260,pronominal_of,mgn_data:ita-v::racchetare,si,True
mgn_data:ita-v::raccogliersi,raccogliersi,ita.V::g006263,pronominal_of,mgn_data:ita-v::raccogliere,si,True
mgn_data:ita-v::raccomandarsi,raccomandarsi,ita.V::g006265,pronominal_of,mgn_data:ita-v::raccomandare,si,True
mgn_data:ita-v::raccontarsi,raccontarsi,ita.V::g006267,pronominal_no_base,,si,True
mgn_data:ita-v::raccorciarsi,raccorciarsi,ita.V::g006269,pronominal_of,mgn_data:ita-v::raccorciare,si,True
mgn_data:ita-v::raccordarsi,raccordarsi,ita.V::g006272,pronominal_of,mgn_data:ita-v::raccordare,si,True
mgn_data:ita-v::raddensarsi,raddensarsi,ita.V::g006278,pronominal_no_base,,si,True
mgn_data:ita-v::raddolcirsi,raddolcirsi,ita.V::g006281,pronominal_of,mgn_data:ita-v::raddolcire,si,True
mgn_data:ita-v::raddrizzarsi,raddrizzarsi,ita.V::g006284,pronominal_of,mgn_data:ita-v::raddrizzare,si,True
mgn_data:ita-v::raddursi,raddursi,ita.V::g006286,pronominal_of,mgn_data:ita-v::raddurre,si,True
mgn_data:ita-v::radersi,radersi,ita.V::g006288,pronominal_of,mgn_data:ita-v::radere,si,True
mgn_data:ita-v::radicarsi,radicarsi,ita.V::g006293,pronominal_of,mgn_data:ita-v::radicare,si,True
mgn_data:ita-v::radunarsi,radunarsi,ita.V::g006305,pronominal_of,mgn_data:ita-v::radunare,si,True
mgn_data:ita-v::raffermarsi,raffermarsi,ita.V::g006308,pronominal_of,mgn_data:ita-v::raffermare,si,True
mgn_data:ita-v::rafforzarsi,rafforzarsi,ita.V::g006312,pronominal_of,mgn_data:ita-v::rafforzare,si,True
mgn_data:ita-v::raffreddarsi,raffreddarsi,ita.V::g006314,pronominal_of,mgn_data:ita-v::raffreddare,si,True
mgn_data:ita-v::raffrenarsi,raffrenarsi,ita.V::g006316,pronominal_of,mgn_data:ita-v::raffrenare,si,True
mgn_data:ita-v::raggelarsi,raggelarsi,ita.V::g006320,pronominal_of,mgn_data:ita-v::raggelare,si,True
mgn_data:ita-v::raggiungersi,raggiungersi,ita.V::g006326,pronominal_of,mgn_data:ita-v::raggiungere,si,True
mgn_data:ita-v::raggiustarsi,raggiustarsi,ita.V::g006328,pronominal_of,mgn_data:ita-v::raggiustare,si,True
mgn_data:ita-v::raggomitolarsi,raggomitolarsi,ita.V::g006330,pronominal_of,mgn_data:ita-v::raggomitolare,si,True
mgn_data:ita-v::raggrinzirsi,raggrinzirsi,ita.V::g006336,pronominal_of,mgn_data:ita-v::raggrinzire,si,True
mgn_data:ita-v::raggrumarsi,raggrumarsi,ita.V::g006338,pronominal_of,mgn_data:ita-v::raggrumare,si,True
mgn_data:ita-v::raggrupparsi,raggrupparsi,ita.V::g006340,pronominal_of,mgn_data:ita-v::raggruppare,si,True
mgn_data:ita-v::rallegrarsi,rallegrarsi,ita.V::g006347,pronominal_of,mgn_data:ita-v::rallegrare,si,True
mgn_data:ita-v::rallentarsi,rallentarsi,ita.V::g006349,pronominal_of,mgn_data:ita-v::rallentare,si,True
mgn_data:ita-v::ramificarsi,ramificarsi,ita.V::g006353,pronominal_of,mgn_data:ita-v::ramificare,si,True
mgn_data:ita-v::rammaricarsi,rammaricarsi,ita.V::g006357,pronominal_of,mgn_data:ita-v::rammaricare,si,True
mgn_data:ita-v::rammemorarsi,rammemorarsi,ita.V::g006359,pronominal_of,mgn_data:ita-v::rammemorare,si,True
mgn_data:ita-v::rammentarsi,rammentarsi,ita.V::g006362,pronominal_of,mgn_data:ita-v::rammentare,si,True
mgn_data:ita-v::rammollirsi,rammollirsi,ita.V::g006365,pronominal_of,mgn_data:ita-v::rammollire,si,True
mgn_data:ita-v::rammorbidirsi,rammorbidirsi,ita.V::g006367,pronominal_of,mgn_data:ita-v::rammorbidire,si,True
mgn_data:ita-v::rannicchiarsi,rannicchiarsi,ita.V::g006376,pronominal_of,mgn_data:ita-v::rannicchiare,si,True
mgn_data:ita-v::rannuvolarsi,rannuvolarsi,ita.V::g006378,pronominal_of,mgn_data:ita-v::rannuvolare,si,True
mgn_data:ita-v::rappacificarsi,rappacificarsi,ita.V::g006385,pronominal_of,mgn_data:ita-v::rappacificare,si,True
mgn_data:ita-v::rappattumarsi,rappattumarsi,ita.V::g006388,pronominal_of,mgn_data:ita-v::rappattumare,si,True
mgn_data:ita-v::rapportarsi,rapportarsi,ita.V::g006391,pronominal_of,mgn_data:ita-v::rapportare,si,True
mgn_data:ita-v::rapprendersi,rapprendersi,ita.V::g006393,pronominal_of,mgn_data:ita-v::rapprendere,si,True
mgn_data:ita-v::rappresentarsi,rappresentarsi,ita.V::g006396,pronominal_of,mgn_data:ita-v::rappresentare,si,True
mgn_data:ita-v::rarefarsi,rarefarsi,ita.V::g006398,pronominal_of,mgn_data:ita-v::rarefare,si,True
mgn_data:ita-v::rasarsi,rasarsi,ita.V::g006400,pronominal_of,mgn_data:ita-v::rasare,si,True
mgn_data:ita-v::rassegnarsi,rassegnarsi,ita.V::g006406,pronominal_of,mgn_data:ita-v::rassegnare,si,True
mgn_data:ita-v::rasserenarsi,rasserenarsi,ita.V::g006408,pronominal_of,mgn_data:ita-v::rasserenare,si,True
mgn_data:ita-v::rassicurarsi,rassicurarsi,ita.V::g006411,pronominal_of,mgn_data:ita-v::rassicurare,si,True
mgn_data:ita-v::rassodarsi,rassodarsi,ita.V::g006413,pronominal_of,mgn_data:ita-v::rassodare,si,True
mgn_data:ita-v::rassomigliarsi,rassomigliarsi,ita.V::g006415,pronominal_of,mgn_data:ita-v::rassomigliare,si,True
mgn_data:ita-v::rassottigliarsi,rassottigliarsi,ita.V::g006417,pronominal_of,mgn_data:ita-v::rassottigliare,si,True
mgn_data:ita-v::rastremarsi,rastremarsi,ita.V::g006421,pronominal_of,mgn_data:ita-v::rastremare,si,True
mgn_data:ita-v::rattrappirsi,rattrappirsi,ita.V::g006430,pronominal_of,mgn_data:ita-v::rattrappire,si,True
mgn_data:ita-v::rattristarsi,rattristarsi,ita.V::g006432,pronominal_of,mgn_data:ita-v::rattristare,si,True
mgn_data:ita-v::ravvedersi,ravvedersi,ita.V::g006437,pronominal_no_base,,si,True
mgn_data:ita-v::ravviarsi,ravviarsi,ita.V::g006439,pronominal_of,mgn_data:ita-v::ravviare,si,True
mgn_data:ita-v::ravvilupparsi,ravvilupparsi,ita.V::g006442,pronominal_of,mgn_data:ita-v::ravviluppare,si,True
mgn_data:ita-v::ravvivarsi,ravvivarsi,ita.V::g006445,pronominal_of,mgn_data:ita-v::ravvivare,si,True
mgn_data:ita-v::ravvolgersi,ravvolgersi,ita.V::g006447,pronominal_of,mgn_data:ita-v::ravvolgere,si,True
mgn_data:ita-v::ravvoltolarsi,ravvoltolarsi,ita.V::g006449,pronominal_of,mgn_data:ita-v::ravvoltolare,si,True
mgn_data:ita-v::realizzarsi,realizzarsi,ita.V::g006457,pronominal_of,mgn_data:ita-v::realizzare,si,True
mgn_data:ita-v::recarsi,recarsi,ita.V::g006461,pronominal_of,mgn_data:ita-v::recare,si,True
mgn_data:ita-v::reclinarsi,reclinarsi,ita.V::g006475,pronominal_of,mgn_data:ita-v::reclinare,si,True
mgn_data:ita-v::redidersi,redidersi,ita.V::g006483,pronominal_no_base,,si,True
mgn_data:ita-v::redimersi,redimersi,ita.V::g006486,pronominal_of,mgn_data:ita-v::redimere,si,True
mgn_data:ita-v::regalarsi,regalarsi,ita.V::g006497,pronominal_of,mgn_data:ita-v::regalare,si,True
mgn_data:ita-v::reggersi,reggersi,ita.V::g006499,pronominal_no_base,,si,True
mgn_data:ita-v::registrarsi,registrarsi,ita.V::g006504,pronominal_of,mgn_data:ita-v::registrare,si,True
mgn_data:ita-v::regolarizzarsi,regolarizzarsi,ita.V::g006508,pronominal_of,mgn_data:ita-v::regolarizzare,si,True
mgn_data:ita-v::regolarsi,regolarsi,ita.V::g006509,pronominal_no_base,,si,True
mgn_data:ita-v::reimbarcarsi,reimbarcarsi,ita.V::g006514,pronominal_of,mgn_data:ita-v::reimbarcare,si,True
mgn_data:ita-v::reimmergersi,reimmergersi,ita.V::g006516,pronominal_of,mgn_data:ita-v::reimmergere,si,True
mgn_data:ita-v::reincarnarsi,reincarnarsi,ita.V::g006527,pronominal_of,mgn_data:ita-v::reincarnare,si,True
mgn_data:ita-v::reinfettarsi,reinfettarsi,ita.V::g006533,pronominal_of,mgn_data:ita-v::reinfettare,si,True
mgn_data:ita-v::reinserirsi,reinserirsi,ita.V::g006541,pronominal_of,mgn_data:ita-v::reinserire,si,True
mgn_data:ita-v::reintegrarsi,reintegrarsi,ita.V::g006545,pronominal_of,mgn_data:ita-v::reintegrare,si,True
mgn_data:ita-v::reintrodursi,reintrodursi,ita.V::g006549,pronominal_of,mgn_data:ita-v::reintrodurre,si,True
mgn_data:ita-v::reinventarsi,reinventarsi,ita.V::g006551,pronominal_of,mgn_data:ita-v::reinventare,si,True
mgn_data:ita-v::relazionarsi,relazionarsi,ita.V::g006556,pronominal_of,mgn_data:ita-v::relazionare,si,True
mgn_data:ita-v::rendersi,rendersi,ita.V::g006565,pronominal_of,mgn_data:ita-v::rendere,si,True
mgn_data:ita-v::replicarsi,replicarsi,ita.V::g006570,pronominal_of,mgn_data:ita-v::replicare,si,True
mgn_data:ita-v::reprimersi,reprimersi,ita.V::g006572,pronominal_of,mgn_data:ita-v::reprimere,si,True
mgn_data:ita-v::reputarsi,reputarsi,ita.V::g006574,pronominal_of,mgn_data:ita-v::reputare,si,True
mgn_data:ita-v::respingersi,respingersi,ita.V::g006585,pronominal_of,mgn_data:ita-v::respingere,si,True
mgn_data:ita-v::responsabilizzarsi,responsabilizzarsi,ita.V::g006589,pronominal_of,mgn_data:ita-v::responsabilizzare,si,True
mgn_data:ita-v::restarci,restarci,ita.V::g006590,pronominal_of,mgn_data:ita-v::restare,ci,True
mgn_data:ita-v::restarsi,restarsi,ita.V::g006590,pronominal_of,mgn_data:ita-v::restare,si,True
mgn_data:ita-v::restituirsi,restituirsi,ita.V::g006593,pronominal_of,mgn_data:ita-v::restituire,si,True
mgn_data:ita-v::restringersi,restringersi,ita.V::g006595,pronominal_of,mgn_data:ita-v::restringere,si,True
mgn_data:ita-v::riabbracciarsi,riabbracciarsi,ita.V::g006615,pronominal_of,mgn_data:ita-v::riabbracciare,si,True
mgn_data:ita-v::riabilitarsi,riabilitarsi,ita.V::g006617,pronominal_of,mgn_data:ita-v::riabilitare,si,True
mgn_data:ita-v::riabituarsi,riabituarsi,ita.V::g006620,pronominal_of,mgn_data:ita-v::riabituare,si,True
mgn_data:ita-v::riaccendersi,riaccendersi,ita.V::g006624,pronominal_of,mgn_data:ita-v::riaccendere,si,True
mgn_data:ita-v::riaccomodarsi,riaccomodarsi,ita.V::g006629,pronominal_of,mgn_data:ita-v::riaccomodare,si,True
mgn_data:ita-v::riacutizzarsi,riacutizzarsi,ita.V::g006637,pronominal_of,mgn_data:ita-v::riacutizzare,si,True
mgn_data:ita-v::riaddormentarsi,riaddormentarsi,ita.V::g006641,pronominal_of,mgn_data:ita-v::riaddormentare,si,True
mgn_data:ita-v::riaffacciarsi,riaffacciarsi,ita.V::g006644,pronominal_of,mgn_data:ita-v::riaffacciare,si,True
mgn_data:ita-v::riaffermarsi,riaffermarsi,ita.V::g006646,pronominal_of,mgn_data:ita-v::riaffermare,si,True
mgn_data:ita-v::riagganciarsi,riagganciarsi,ita.V::g006652,pronominal_of,mgn_data:ita-v::riagganciare,si,True
mgn_data:ita-v::riaggiustarsi,riaggiustarsi,ita.V::g006655,pronominal_of,mgn_data:ita-v::riaggiustare,si,True
mgn_data:ita-v::riaggravarsi,riaggravarsi,ita.V::g006657,pronominal_of,mgn_data:ita-v::riaggravare,si,True
mgn_data:ita-v::riaggregarsi,riaggregarsi,ita.V::g006659,pronominal_of,mgn_data:ita-v::riaggregare,si,True
mgn_data:ita-v::riallacciarsi,riallacciarsi,ita.V::g006663,pronominal_of,mgn_data:ita-v::riallacciare,si,True
mgn_data:ita-v::riallinearsi,riallinearsi,ita.V::g006666,pronominal_of,mgn_data:ita-v::riallineare,si,True
mgn_data:ita-v::rialzarsi,rialzarsi,ita.V::g006670,pronominal_of,mgn_data:ita-v::rialzare,si,True
mgn_data:ita-v::riambientarsi,riambientarsi,ita.V::g006672,pronominal_no_base,,si,True
mgn_data:ita-v::riammalarsi,riammalarsi,ita.V::g006673,pronominal_no_base,,si,True
mgn_data:ita-v::riammogliarsi,riammogliarsi,ita.V::g006677,pronominal_of,mgn_data:ita-v::riammogliare,si,True
mgn_data:ita-v::rianimarsi,rianimarsi,ita.V::g006679,pronominal_of,mgn_data:ita-v::rianimare,si,True
mgn_data:ita-v::riappacificarsi,riappacificarsi,ita.V::g006684,pronominal_of,mgn_data:ita-v::riappacificare,si,True
mgn_data:ita-v::riapplicarsi,riapplicarsi,ita.V::g006691,pronominal_of,mgn_data:ita-v::riapplicare,si,True
mgn_data:ita-v::riappropriarsi,riappropriarsi,ita.V::g006695,pronominal_of,mgn_data:ita-v::riappropriare,si,True
mgn_data:ita-v::riaprirsi,riaprirsi,ita.V::g006698,pronominal_of,mgn_data:ita-v::riaprire,si,True
mgn_data:ita-v::riarmarsi,riarmarsi,ita.V::g006701,pronominal_of,mgn_data:ita-v::riarmare,si,True
mgn_data:ita-v::riassettarsi,riassettarsi,ita.V::g006714,pronominal_of,mgn_data:ita-v::riassettare,si,True
mgn_data:ita-v::riassicurarsi,riassicurarsi,ita.V::g006716,pronominal_of,mgn_data:ita-v::riassicurare,si,True
mgn_data:ita-v::riassociarsi,riassociarsi,ita.V::g006718,pronominal_of,mgn_data:ita-v::riassociare,si,True
mgn_data:ita-v::riassorbirsi,riassorbirsi,ita.V::g006721,pronominal_of,mgn_data:ita-v::riassorbire,si,True
mgn_data:ita-v::riassumersi,riassumersi,ita.V::g006723,pronominal_of,mgn_data:ita-v::riassumere,si,True
mgn_data:ita-v::riattaccarsi,riattaccarsi,ita.V::g006725,pronominal_of,mgn_data:ita-v::riattaccare,si,True
mgn_data:ita-v::riavventarsi,riavventarsi,ita.V::g006734,pronominal_no_base,,si,True
mgn_data:ita-v::riavviarsi,riavviarsi,ita.V::g006737,pronominal_of,mgn_data:ita-v::riavviare,si,True
mgn_data:ita-v::riavvicinarsi,riavvicinarsi,ita.V::g006739,pronominal_of,mgn_data:ita-v::riavvicinare,si,True
mgn_data:ita-v::riavvolgersi,riavvolgersi,ita.V::g006744,pronominal_of,mgn_data:ita-v::riavvolgere,si,True
mgn_data:ita-v::riazzuffarsi,riazzuffarsi,ita.V::g006745,pronominal_no_base,,si,True
mgn_data:ita-v::ribaltarsi,ribaltarsi,ita.V::g006749,pronominal_of,mgn_data:ita-v::ribaltare,si,True
mgn_data:ita-v::ribellarsi,ribellarsi,ita.V::g006754,pronominal_of,mgn_data:ita-v::ribellare,si,True
mgn_data:ita-v::ributtarsi,ributtarsi,ita.V::g006761,pronominal_of,mgn_data:ita-v::ributtare,si,True
mgn_data:ita-v::ricacciarsi,ricacciarsi,ita.V::g006763,pronominal_of,mgn_data:ita-v::ricacciare,si,True
mgn_data:ita-v::ricalcificarsi,ricalcificarsi,ita.V::g006768,pronominal_of,mgn_data:ita-v::ricalcificare,si,True
mgn_data:ita-v::ricambiarsi,ricambiarsi,ita.V::g006774,pronominal_of,mgn_data:ita-v::ricambiare,si,True
mgn_data:ita-v::ricandidarsi,ricandidarsi,ita.V::g006777,pronominal_of,mgn_data:ita-v::ricandidare,si,True
mgn_data:ita-v::ricaricarsi,ricaricarsi,ita.V::g006783,pronominal_of,mgn_data:ita-v::ricaricare,si,True
mgn_data:ita-v::richiamarsi,richiamarsi,ita.V::g006795,pronominal_of,mgn_data:ita-v::richiamare,si,True
mgn_data:ita-v::richiudersi,richiudersi,ita.V::g006798,pronominal_of,mgn_data:ita-v::richiudere,si,True
mgn_data:ita-v::riciclarsi,riciclarsi,ita.V::g006800,pronominal_of,mgn_data:ita-v::riciclare,si,True
mgn_data:ita-v::ricollegarsi,ricollegarsi,ita.V::g006806,pronominal_of,mgn_data:ita-v::ricollegare,si,True
mgn_data:ita-v::ricollocarsi,ricollocarsi,ita.V::g006808,pronominal_of,mgn_data:ita-v::ricollocare,si,True
mgn_data:ita-v::ricolorarsi,ricolorarsi,ita.V::g006812,pronominal_of,mgn_data:ita-v::ricolorare,si,True
mgn_data:ita-v::ricombinarsi,ricombinarsi,ita.V::g006816,pronominal_of,mgn_data:ita-v::ricombinare,si,True
mgn_data:ita-v::ricompattarsi,ricompattarsi,ita.V::g006821,pronominal_of,mgn_data:ita-v::ricompattare,si,True
mgn_data:ita-v::ricomporsi,ricomporsi,ita.V::g006828,pronominal_of,mgn_data:ita-v::ricomporre,si,True
mgn_data:ita-v::ricomprarsi,ricomprarsi,ita.V::g006830,pronominal_of,mgn_data:ita-v::ricomprare,si,True
mgn_data:ita-v::riconciliarsi,riconciliarsi,ita.V::g006836,pronominal_of,mgn_data:ita-v::riconciliare,si,True
mgn_data:ita-v::ricondursi,ricondursi,ita.V::g006839,pronominal_of,mgn_data:ita-v::ricondurre,si,True
mgn_data:ita-v::riconfermarsi,riconfermarsi,ita.V::g006841,pronominal_of,mgn_data:ita-v::riconfermare,si,True
mgn_data:ita-v::riconfortarsi,riconfortarsi,ita.V::g006846,pronominal_of,mgn_data:ita-v::riconfortare,si,True
mgn_data:ita-v::ricongiungersi,ricongiungersi,ita.V::g006849,pronominal_of,mgn_data:ita-v::ricongiungere,si,True
mgn_data:ita-v::riconoscersi,riconoscersi,ita.V::g006852,pronominal_of,mgn_data:ita-v::riconoscere,si,True
mgn_data:ita-v::riconsolarsi,riconsolarsi,ita.V::g006859,pronominal_of,mgn_data:ita-v::riconsolare,si,True
mgn_data:ita-v::riconvertirsi,riconvertirsi,ita.V::g006868,pronominal_of,mgn_data:ita-v::riconvertire,si,True
mgn_data:ita-v::ricoprirsi,ricoprirsi,ita.V::g006874,pronominal_of,mgn_data:ita-v::ricoprire,si,True
mgn_data:ita-v::ricoricarsi,ricoricarsi,ita.V::g006877,pronominal_of,mgn_data:ita-v::ricoricare,si,True
mgn_data:ita-v::ricostituirsi,ricostituirsi,ita.V::g006882,pronominal_of,mgn_data:ita-v::ricostituire,si,True
mgn_data:ita-v::ricostruirsi,ricostruirsi,ita.V::g006885,pronominal_of,mgn_data:ita-v::ricostruire,si,True
mgn_data:ita-v::ricoverarsi,ricoverarsi,ita.V::g006887,pronominal_of,mgn_data:ita-v::ricoverare,si,True
mgn_data:ita-v::ricrearsi,ricrearsi,ita.V::g006889,pronominal_of,mgn_data:ita-v::ricreare,si,True
mgn_data:ita-v::ricristallizzarsi,ricristallizzarsi,ita.V::g006893,pronominal_of,mgn_data:ita-v::ricristallizzare,si,True
mgn_data:ita-v::ridarsi,ridarsi,ita.V::g006901,pronominal_of,mgn_data:ita-v::ridare,si,True
mgn_data:ita-v::ridersene,ridersene,ita.V::g006907,pronominal_of,mgn_data:ita-v::ridere,sene,True
mgn_data:ita-v::ridersi,ridersi,ita.V::g006908,pronominal_of,mgn_data:ita-v::ridere,si,True
mgn_data:ita-v::ridestarsi,ridestarsi,ita.V::g006910,pronominal_of,mgn_data:ita-v::ridestare,si,True
mgn_data:ita-v::rideterminarsi,rideterminarsi,ita.V::g006912,pronominal_of,mgn_data:ita-v::rideterminare,si,True
mgn_data:ita-v::ridimensionarsi,ridimensionarsi,ita.V::g006916,pronominal_of,mgn_data:ita-v::ridimensionare,si,True
mgn_data:ita-v::ridisfarsi,ridisfarsi,ita.V::g006926,pronominal_of,mgn_data:ita-v::ridisfare,si,True
mgn_data:ita-v::ridursi,ridursi,ita.V::g006942,pronominal_of,mgn_data:ita-v::ridurre,si,True
mgn_data:ita-v::riequilibrarsi,riequilibrarsi,ita.V::g006956,pronominal_of,mgn_data:ita-v::riequilibrare,si,True
mgn_data:ita-v::riesercitarsi,riesercitarsi,ita.V::g006962,pronominal_of,mgn_data:ita-v::riesercitare,si,True
mgn_data:ita-v::rifarsi,rifarsi,ita.V::g006975,pronominal_of,mgn_data:ita-v::rifare,si,True
mgn_data:ita-v::riferirsi,riferirsi,ita.V::g006979,pronominal_of,mgn_data:ita-v::riferire,si,True
mgn_data:ita-v::rifermarsi,rifermarsi,ita.V::g006981,pronominal_of,mgn_data:ita-v::rifermare,si,True
mgn_data:ita-v::rificcarsi,rificcarsi,ita.V::g006985,pronominal_of,mgn_data:ita-v::rificcare,si,True
mgn_data:ita-v::rifiutarsi,rifiutarsi,ita.V::g006994,pronominal_no_base,,si,True
mgn_data:ita-v::rifocillarsi,rifocillarsi,ita.V::g006997,pronominal_of,mgn_data:ita-v::rifocillare,si,True
mgn_data:ita-v::riformarsi,riformarsi,ita.V::g007003,pronominal_no_base,,si,True
mgn_data:ita-v::rifornirsi,rifornirsi,ita.V::g007007,pronominal_of,mgn_data:ita-v::rifornire,si,True
mgn_data:ita-v::rifrangersi,rifrangersi,ita.V::g007009,pronominal_of,mgn_data:ita-v::rifrangere,si,True
mgn_data:ita-v::rifugiarsi,rifugiarsi,ita.V::g007014,pronominal_of,mgn_data:ita-v::rifugiare,si,True
mgn_data:ita-v::rigenerarsi,rigenerarsi,ita.V::g007020,pronominal_of,mgn_data:ita-v::rigenerare,si,True
mgn_data:ita-v::rigettarsi,rigettarsi,ita.V::g007023,pronominal_of,mgn_data:ita-v::rigettare,si,True
mgn_data:ita-v::rigirarsi,rigirarsi,ita.V::g007028,pronominal_of,mgn_data:ita-v::rigirare,si,True
mgn_data:ita-v::rigonfiarsi,rigonfiarsi,ita.V::g007033,pronominal_of,mgn_data:ita-v::rigonfiare,si,True
mgn_data:ita-v::riguadagnarsi,riguadagnarsi,ita.V::g007036,pronominal_of,mgn_data:ita-v::riguadagnare,si,True
mgn_data:ita-v::riguardarsi,riguardarsi,ita.V::g007038,pronominal_of,mgn_data:ita-v::riguardare,si,True
mgn_data:ita-v::rilanciarsi,rilanciarsi,ita.V::g007041,pronominal_of,mgn_data:ita-v::rilanciare,si,True
mgn_data:ita-v::rilasciarsi,rilasciarsi,ita.V::g007043,pronominal_of,mgn_data:ita-v::rilasciare,si,True
mgn_data:ita-v::rilassarsi,rilassarsi,ita.V::g007045,pronominal_of,mgn_data:ita-v::rilassare,si,True
mgn_data:ita-v::rileggersi,rileggersi,ita.V::g007050,pronominal_of,mgn_data:ita-v::rileggere,si,True
mgn_data:ita-v::rilevarsi,rilevarsi,ita.V::g007052,pronominal_of,mgn_data:ita-v::rilevare,si,True
mgn_data:ita-v::rimanersi,rimanersi,ita.V::g007059,pronominal_of,mgn_data:ita-v::rimanere,si,True
mgn_data:ita-v::rimangiarsi,rimangiarsi,ita.V::g007061,pronominal_of,mgn_data:ita-v::rimangiare,si,True
mgn_data:ita-v::rimarginarsi,rimarginarsi,ita.V::g007067,pronominal_of,mgn_data:ita-v::rimarginare,si,True
mgn_data:ita-v::rimaritarsi,rimaritarsi,ita.V::g007069,pronominal_of,mgn_data:ita-v::rimaritare,si,True
mgn_data:ita-v::rimbambirsi,rimbambirsi,ita.V::g007075,pronominal_of,mgn_data:ita-v::rimbambire,si,True
mgn_data:ita-v::rimbarcarsi,rimbarcarsi,ita.V::g007077,pronominal_of,mgn_data:ita-v::rimbarcare,si,True
mgn_data:ita-v::rimbeccarsi,rimbeccarsi,ita.V::g007079,pronominal_of,mgn_data:ita-v::rimbeccare,si,True
mgn_data:ita-v::rimbecillirsi,rimbecillirsi,ita.V::g007081,pronominal_of,mgn_data:ita-v::rimbecillire,si,True
mgn_data:ita-v::rimboccarsi,rimboccarsi,ita.V::g007086,pronominal_of,mgn_data:ita-v::rimboccare,si,True
mgn_data:ita-v::rimembrarsi,rimembrarsi,ita.V::g007094,pronominal_of,mgn_data:ita-v::rimembrare,si,True
mgn_data:ita-v::rimemorarsi,rimemorarsi,ita.V::g007096,pronominal_of,mgn_data:ita-v::rimemorare,si,True
mgn_data:ita-v::rimetterci,rimetterci,ita.V::g007101,pronominal_of,mgn_data:ita-v::rimettere,ci,True
mgn_data:ita-v::rimettersi,rimettersi,ita.V::g007103,pronominal_of,mgn_data:ita-v::rimettere,si,True
mgn_data:ita-v::rimirarsi,rimirarsi,ita.V::g007106,pronominal_of,mgn_data:ita-v::rimirare,si,True
mgn_data:ita-v::rimpadronirsi,rimpadronirsi,ita.V::g007120,pronominal_no_base,,si,True
mgn_data:ita-v::rimpiattarsi,rimpiattarsi,ita.V::g007130,pronominal_of,mgn_data:ita-v::rimpiattare,si,True
mgn_data:ita-v::rimpicciolirsi,rimpicciolirsi,ita.V::g007133,pronominal_of,mgn_data:ita-v::rimpicciolire,si,True
mgn_data:ita-v::rimpiccolirsi,rimpiccolirsi,ita.V::g007135,pronominal_of,mgn_data:ita-v::rimpiccolire,si,True
mgn_data:ita-v::rimpinzarsi,rimpinzarsi,ita.V::g007139,pronominal_of,mgn_data:ita-v::rimpinzare,si,True
mgn_data:ita-v::rimpossessarsi,rimpossessarsi,ita.V::g007141,pronominal_no_base,,si,True
mgn_data:ita-v::rimproverarsi,rimproverarsi,ita.V::g007144,pronominal_of,mgn_data:ita-v::rimproverare,si,True
mgn_data:ita-v::rimuoversi,rimuoversi,ita.V::g007149,pronominal_of,mgn_data:ita-v::rimuovere,si,True
mgn_data:ita-v::rimutarsi,rimutarsi,ita.V::g007151,pronominal_of,mgn_data:ita-v::rimutare,si,True
mgn_data:ita-v::rincamminarsi,rincamminarsi,ita.V::g007157,pronominal_no_base,,si,True
mgn_data:ita-v::rincantucciarsi,rincantucciarsi,ita.V::g007159,pronominal_of,mgn_data:ita-v::rincantucciare,si,True
mgn_data:ita-v::rincarnarsi,rincarnarsi,ita.V::g007164,pronominal_of,mgn_data:ita-v::rincarnare,si,True
mgn_data:ita-v::rinchiudersi,rinchiudersi,ita.V::g007171,pronominal_of,mgn_data:ita-v::rinchiudere,si,True
mgn_data:ita-v::rincontrarsi,rincontrarsi,ita.V::g007180,pronominal_of,mgn_data:ita-v::rincontrare,si,True
mgn_data:ita-v::rincorarsi,rincorarsi,ita.V::g007183,pronominal_of,mgn_data:ita-v::rincorare,si,True
mgn_data:ita-v::rincorrersi,rincorrersi,ita.V::g007186,pronominal_of,mgn_data:ita-v::rincorrere,si,True
mgn_data:ita-v::rincuorarsi,rincuorarsi,ita.V::g007193,pronominal_of,mgn_data:ita-v::rincuorare,si,True
mgn_data:ita-v::rinfiammarsi,rinfiammarsi,ita.V::g007200,pronominal_of,mgn_data:ita-v::rinfiammare,si,True
mgn_data:ita-v::rinfittirsi,rinfittirsi,ita.V::g007204,pronominal_of,mgn_data:ita-v::rinfittire,si,True
mgn_data:ita-v::rinfocolarsi,rinfocolarsi,ita.V::g007206,pronominal_of,mgn_data:ita-v::rinfocolare,si,True
mgn_data:ita-v::rinforzarsi,rinforzarsi,ita.V::g007210,pronominal_of,mgn_data:ita-v::rinforzare,si,True
mgn_data:ita-v::rinfrancarsi,rinfrancarsi,ita.V::g007212,pronominal_of,mgn_data:ita-v::rinfrancare,si,True
mgn_data:ita-v::rinfrescarsi,rinfrescarsi,ita.V::g007215,pronominal_of,mgn_data:ita-v::rinfrescare,si,True
mgn_data:ita-v::ringalluzzirsi,ringalluzzirsi,ita.V::g007218,pronominal_of,mgn_data:ita-v::ringalluzzire,si,True
mgn_data:ita-v::ringiovanirsi,ringiovanirsi,ita.V::g007221,pronominal_of,mgn_data:ita-v::ringiovanire,si,True
mgn_data:ita-v::ringraziarsi,ringraziarsi,ita.V::g007226,pronominal_of,mgn_data:ita-v::ringraziare,si,True
mgn_data:ita-v::rinnamorarsi,rinnamorarsi,ita.V::g007229,pronominal_of,mgn_data:ita-v::rinnamorare,si,True
mgn_data:ita-v::rinnovarsi,rinnovarsi,ita.V::g007232,pronominal_no_base,,si,True
mgn_data:ita-v::rinsaldarsi,rinsaldarsi,ita.V::g007240,pronominal_of,mgn_data:ita-v::rinsaldare,si,True
mgn_data:ita-v::rinselvarsi,rinselvarsi,ita.V::g007245,pronominal_no_base,,si,True
mgn_data:ita-v::rinserrarsi,rinserrarsi,ita.V::g007248,pronominal_of,mgn_data:ita-v::rinserrare,si,True
mgn_data:ita-v::rintanarsi,rintanarsi,ita.V::g007250,pronominal_of,mgn_data:ita-v::rintanare,si,True
mgn_data:ita-v::rinvenirsi,rinvenirsi,ita.V::g007275,pronominal_of,mgn_data:ita-v::rinvenire,si,True
mgn_data:ita-v::rinverdirsi,rinverdirsi,ita.V::g007277,pronominal_of,mgn_data:ita-v::rinverdire,si,True
mgn_data:ita-v::rinvigorirsi,rinvigorirsi,ita.V::g007281,pronominal_of,mgn_data:ita-v::rinvigorire,si,True
mgn_data:ita-v::rioccuparsi,rioccuparsi,ita.V::g007291,pronominal_of,mgn_data:ita-v::rioccupare,si,True
mgn_data:ita-v::riorganizzarsi,riorganizzarsi,ita.V::g007297,pronominal_of,mgn_data:ita-v::riorganizzare,si,True
mgn_data:ita-v::ripararsi,ripararsi,ita.V::g007305,pronominal_no_base,,si,True
mgn_data:ita-v::ripartirsi,ripartirsi,ita.V::g007307,pronominal_no_base,,si,True
mgn_data:ita-v::ripensarsi,ripensarsi,ita.V::g007310,pronominal_of,mgn_data:ita-v::ripensare,si,True
mgn_data:ita-v::ripercuotersi,ripercuotersi,ita.V::g007313,pronominal_of,mgn_data:ita-v::ripercuotere,si,True
mgn_data:ita-v::ripetersi,ripetersi,ita.V::g007318,pronominal_no_base,,si,True
mgn_data:ita-v::ripiegarsi,ripiegarsi,ita.V::g007325,pronominal_of,mgn_data:ita-v::ripiegare,si,True
mgn_data:ita-v::ripigliarsi,ripigliarsi,ita.V::g007327,pronominal_of,mgn_data:ita-v::ripigliare,si,True
mgn_data:ita-v::ripopolarsi,ripopolarsi,ita.V::g007335,pronominal_of,mgn_data:ita-v::ripopolare,si,True
mgn_data:ita-v::riportarsi,riportarsi,ita.V::g007339,pronominal_of,mgn_data:ita-v::riportare,si,True
mgn_data:ita-v::riposizionarsi,riposizionarsi,ita.V::g007341,pronominal_of,mgn_data:ita-v::riposizionare,si,True
mgn_data:ita-v::riprendersi,riprendersi,ita.V::g007345,pronominal_of,mgn_data:ita-v::riprendere,si,True
mgn_data:ita-v::ripresentarsi,ripresentarsi,ita.V::g007347,pronominal_of,mgn_data:ita-v::ripresentare,si,True
mgn_data:ita-v::riprodursi,riprodursi,ita.V::g007354,pronominal_of,mgn_data:ita-v::riprodurre,si,True
mgn_data:ita-v::ripromettersi,ripromettersi,ita.V::g007358,pronominal_of,mgn_data:ita-v::ripromettere,si,True
mgn_data:ita-v::riproporsi,riproporsi,ita.V::g007360,pronominal_of,mgn_data:ita-v::riproporre,si,True
mgn_data:ita-v::riputarsi,riputarsi,ita.V::g007372,pronominal_of,mgn_data:ita-v::riputare,si,True
mgn_data:ita-v::riqualificarsi,riqualificarsi,ita.V::g007375,pronominal_of,mgn_data:ita-v::riqualificare,si,True
mgn_data:ita-v::risanarsi,risanarsi,ita.V::g007383,pronominal_of,mgn_data:ita-v::risanare,si,True
mgn_data:ita-v::riscaldarsi,riscaldarsi,ita.V::g007388,pronominal_of,mgn_data:ita-v::riscaldare,si,True
mgn_data:ita-v::riscattarsi,riscattarsi,ita.V::g007391,pronominal_of,mgn_data:ita-v::riscattare,si,True
mgn_data:ita-v::rischiararsi,rischiararsi,ita.V::g007395,pronominal_of,mgn_data:ita-v::rischiarare,si,True
mgn_data:ita-v::risciacquarsi,risciacquarsi,ita.V::g007398,pronominal_of,mgn_data:ita-v::risciacquare,si,True
mgn_data:ita-v::riscontrarsi,riscontrarsi,ita.V::g007403,pronominal_of,mgn_data:ita-v::riscontrare,si,True
mgn_data:ita-v::risentirsi,risentirsi,ita.V::g007418,pronominal_of,mgn_data:ita-v::risentire,si,True
mgn_data:ita-v::riserbarsi,riserbarsi,ita.V::g007421,pronominal_of,mgn_data:ita-v::riserbare,si,True
mgn_data:ita-v::riservarsi,riservarsi,ita.V::g007423,pronominal_of,mgn_data:ita-v::riservare,si,True
mgn_data:ita-v::risolidificarsi,risolidificarsi,ita.V::g007432,pronominal_of,mgn_data:ita-v::risolidificare,si,True
mgn_data:ita-v::risollevarsi,risollevarsi,ita.V::g007434,pronominal_of,mgn_data:ita-v::risollevare,si,True
mgn_data:ita-v::risolversi,risolversi,ita.V::g007436,pronominal_of,mgn_data:ita-v::risolvere,si,True
mgn_data:ita-v::risparmiarsi,risparmiarsi,ita.V::g007448,pronominal_of,mgn_data:ita-v::risparmiare,si,True
mgn_data:ita-v::rispecchiarsi,rispecchiarsi,ita.V::g007450,pronominal_of,mgn_data:ita-v::rispecchiare,si,True
mgn_data:ita-v::rispettarsi,rispettarsi,ita.V::g007455,pronominal_of,mgn_data:ita-v::rispettare,si,True
mgn_data:ita-v::rispondersi,rispondersi,ita.V::g007461,pronominal_of,mgn_data:ita-v::rispondere,si,True
mgn_data:ita-v::risposarsi,risposarsi,ita.V::g007463,pronominal_of,mgn_data:ita-v::risposare,si,True
mgn_data:ita-v::ristabilirsi,ristabilirsi,ita.V::g007467,pronominal_of,mgn_data:ita-v::ristabilire,si,True
mgn_data:ita-v::ristabilizzarsi,ristabilizzarsi,ita.V::g007469,pronominal_of,mgn_data:ita-v::ristabilizzare,si,True
mgn_data:ita-v::ristorarsi,ristorarsi,ita.V::g007477,pronominal_of,mgn_data:ita-v::ristorare,si,True
mgn_data:ita-v::ristringersi,ristringersi,ita.V::g007479,pronominal_of,mgn_data:ita-v::ristringere,si,True
mgn_data:ita-v::risvegliarsi,risvegliarsi,ita.V::g007490,pronominal_of,mgn_data:ita-v::risvegliare,si,True
mgn_data:ita-v::ritagliarsi,ritagliarsi,ita.V::g007494,pronominal_of,mgn_data:ita-v::ritagliare,si,True
mgn_data:ita-v::ritemprarsi,ritemprarsi,ita.V::g007499,pronominal_of,mgn_data:ita-v::ritemprare,si,True
mgn_data:ita-v::ritenersi,ritenersi,ita.V::g007502,pronominal_of,mgn_data:ita-v::ritenere,si,True
mgn_data:ita-v::ritirarsi,ritirarsi,ita.V::g007507,pronominal_of,mgn_data:ita-v::ritirare,si,True
mgn_data:ita-v::ritorcersi,ritorcersi,ita.V::g007512,pronominal_of,mgn_data:ita-v::ritorcere,si,True
mgn_data:ita-v::ritornarsene,ritornarsene,ita.V::g007514,pronominal_of,mgn_data:ita-v::ritornare,sene,True
mgn_data:ita-v::ritornarsi,ritornarsi,ita.V::g007515,pronominal_of,mgn_data:ita-v::ritornare,si,True
mgn_data:ita-v::ritrarsi,ritrarsi,ita.V::g007519,pronominal_of,mgn_data:ita-v::ritrarre,si,True
mgn_data:ita-v::ritrovarsi,ritrovarsi,ita.V::g007528,pronominal_of,mgn_data:ita-v::ritrovare,si,True
mgn_data:ita-v::rituffarsi,rituffarsi,ita.V::g007531,pronominal_of,mgn_data:ita-v::rituffare,si,True
mgn_data:ita-v::riunificarsi,riunificarsi,ita.V::g007534,pronominal_of,mgn_data:ita-v::riunificare,si,True
mgn_data:ita-v::riunirsi,riunirsi,ita.V::g007536,pronominal_of,mgn_data:ita-v::riunire,si,True
mgn_data:ita-v::rivaccinarsi,rivaccinarsi,ita.V::g007541,pronominal_of,mgn_data:ita-v::rivaccinare,si,True
mgn_data:ita-v::rivalersi,rivalersi,ita.V::g007543,pronominal_no_base,,si,True
mgn_data:ita-v::rivedersi,rivedersi,ita.V::g007548,pronominal_of,mgn_data:ita-v::rivedere,si,True
mgn_data:ita-v::rivelarsi,rivelarsi,ita.V::g007550,pronominal_of,mgn_data:ita-v::rivelare,si,True
mgn_data:ita-v::riverberarsi,riverberarsi,ita.V::g007555,pronominal_of,mgn_data:ita-v::riverberare,si,True
mgn_data:ita-v::riversarsi,riversarsi,ita.V::g007559,pronominal_of,mgn_data:ita-v::riversare,si,True
mgn_data:ita-v::rivestirsi,rivestirsi,ita.V::g007561,pronominal_of,mgn_data:ita-v::rivestire,si,True
mgn_data:ita-v::rivitalizzarsi,rivitalizzarsi,ita.V::g007566,pronominal_of,mgn_data:ita-v::rivitalizzare,si,True
mgn_data:ita-v::rivolgersi,rivolgersi,ita.V::g007572,pronominal_of,mgn_data:ita-v::rivolgere,si,True
mgn_data:ita-v::rivoltarsi,rivoltarsi,ita.V::g007574,pronominal_of,mgn_data:ita-v::rivoltare,si,True
mgn_data:ita-v::rizzarsi,rizzarsi,ita.V::g007580,pronominal_of,mgn_data:ita-v::rizzare,si,True
mgn_data:ita-v::robotizzarsi,robotizzarsi,ita.V::g007582,pronominal_of,mgn_data:ita-v::robotizzare,si,True
mgn_data:ita-v::rompersi,rompersi,ita.V::g007592,pronominal_of,mgn_data:ita-v::rompere,si,True
mgn_data:ita-v::rotolarsi,rotolarsi,ita.V::g007603,pronominal_of,mgn_data:ita-v::rotolare,si,True
mgn_data:ita-v::rovesciarsi,rovesciarsi,ita.V::g007607,pronominal_of,mgn_data:ita-v::rovesciare,si,True
mgn_data:ita-v::rovinarsi,rovinarsi,ita.V::g007609,pronominal_of,mgn_data:ita-v::rovinare,si,True
mgn_data:ita-v::rubarsi,rubarsi,ita.V::g007613,pronominal_of,mgn_data:ita-v::rubare,si,True
mgn_data:ita-v::sacrificarsi,sacrificarsi,ita.V::g007634,pronominal_of,mgn_data:ita-v::sacrificare,si,True
mgn_data:ita-v::saldarsi,saldarsi,ita.V::g007644,pronominal_of,mgn_data:ita-v::saldare,si,True
mgn_data:ita-v::salutarsi,salutarsi,ita.V::g007656,pronominal_no_base,,si,True
mgn_data:ita-v::salvaguardarsi,salvaguardarsi,ita.V::g007658,pronominal_of,mgn_data:ita-v::salvaguardare,si,True
mgn_data:ita-v::salvarsi,salvarsi,ita.V::g007660,pronominal_of,mgn_data:ita-v::salvare,si,True
mgn_data:ita-v::sanarsi,sanarsi,ita.V::g007662,pronominal_of,mgn_data:ita-v::sanare,si,True
mgn_data:ita-v::sapersi,sapersi,ita.V::g007671,pronominal_of,mgn_data:ita-v::sapere,si,True
mgn_data:ita-v::satollarsi,satollarsi,ita.V::g007681,pronominal_of,mgn_data:ita-v::satollare,si,True
mgn_data:ita-v::saziarsi,saziarsi,ita.V::g007684,pronominal_of,mgn_data:ita-v::saziare,si,True
mgn_data:ita-v::sbaciucchiarsi,sbaciucchiarsi,ita.V::g007687,pronominal_of,mgn_data:ita-v::sbaciucchiare,si,True
mgn_data:ita-v::sbagliarsi,sbagliarsi,ita.V::g007692,pronominal_of,mgn_data:ita-v::sbagliare,si,True
mgn_data:ita-v::sbalordirsi,sbalordirsi,ita.V::g007698,pronominal_of,mgn_data:ita-v::sbalordire,si,True
mgn_data:ita-v::sbandarsi,sbandarsi,ita.V::g007702,pronominal_of,mgn_data:ita-v::sbandare,si,True
mgn_data:ita-v::sbarazzarsene,sbarazzarsene,ita.V::g007708,pronominal_of,mgn_data:ita-v::sbarazzare,sene,True
mgn_data:ita-v::sbarazzarsi,sbarazzarsi,ita.V::g007709,pronominal_of,mgn_data:ita-v::sbarazzare,si,True
mgn_data:ita-v::sbarbarsi,sbarbarsi,ita.V::g007711,pronominal_of,mgn_data:ita-v::sbarbare,si,True
mgn_data:ita-v::sbattersene,sbattersene,ita.V::g007720,pronominal_of,mgn_data:ita-v::sbattere,sene,True
mgn_data:ita-v::sbattersi,sbattersi,ita.V::g007721,pronominal_of,mgn_data:ita-v::sbattere,si,True
mgn_data:ita-v::sbattezzarsi,sbattezzarsi,ita.V::g007723,pronominal_of,mgn_data:ita-v::sbattezzare,si,True
mgn_data:ita-v::sbavarsi,sbavarsi,ita.V::g007725,pronominal_of,mgn_data:ita-v::sbavare,si,True
mgn_data:ita-v::sbellicarsi,sbellicarsi,ita.V::g007728,pronominal_no_base,,si,True
mgn_data:ita-v::sbiadirsi,sbiadirsi,ita.V::g007734,pronominal_of,mgn_data:ita-v::sbiadire,si,True
mgn_data:ita-v::sbigottirsi,sbigottirsi,ita.V::g007741,pronominal_of,mgn_data:ita-v::sbigottire,si,True
mgn_data:ita-v::sbilanciarsi,sbilanciarsi,ita.V::g007743,pronominal_of,mgn_data:ita-v::sbilanciare,si,True
mgn_data:ita-v::sbirbarsela,sbirbarsela,ita.V::g007745,pronominal_of,mgn_data:ita-v::sbirbare,sela,True
mgn_data:ita-v::sbizzarrirsi,sbizzarrirsi,ita.V::g007748,pronominal_of,mgn_data:ita-v::sbizzarrire,si,True
mgn_data:ita-v::sbloccarsi,sbloccarsi,ita.V::g007750,pronominal_of,mgn_data:ita-v::sbloccare,si,True
mgn_data:ita-v::sborniarsi,sborniarsi,ita.V::g007759,pronominal_of,mgn_data:ita-v::sborniare,si,True
mgn_data:ita-v::sbottonarsi,sbottonarsi,ita.V::g007765,pronominal_of,mgn_data:ita-v::sbottonare,si,True
mgn_data:ita-v::sbracarsi,sbracarsi,ita.V::g007770,pronominal_of,mgn_data:ita-v::sbracare,si,True
mgn_data:ita-v::sbracciarsi,sbracciarsi,ita.V::g007771,pronominal_no_base,,si,True
mgn_data:ita-v::sbranarsi,sbranarsi,ita.V::g007775,pronominal_of,mgn_data:ita-v::sbranare,si,True
mgn_data:ita-v::sbrancarsi,sbrancarsi,ita.V::g007777,pronominal_of,mgn_data:ita-v::sbrancare,si,True
mgn_data:ita-v::sbriciolarsi,sbriciolarsi,ita.V::g007781,pronominal_of,mgn_data:ita-v::sbriciolare,si,True
mgn_data:ita-v::sbrigarsi,sbrigarsi,ita.V::g007783,pronominal_of,mgn_data:ita-v::sbrigare,si,True
mgn_data:ita-v::sbrigliarsi,sbrigliarsi,ita.V::g007785,pronominal_of,mgn_data:ita-v::sbrigliare,si,True
mgn_data:ita-v::sbrodolarsi,sbrodolarsi,ita.V::g007790,pronominal_of,mgn_data:ita-v::sbrodolare,si,True
mgn_data:ita-v::sbrogliarsi,sbrogliarsi,ita.V::g007792,pronominal_of,mgn_data:ita-v::sbrogliare,si,True
mgn_data:ita-v::sbronzarsi,sbronzarsi,ita.V::g007793,pronominal_no_base,,si,True
mgn_data:ita-v::sbucciarsi,sbucciarsi,ita.V::g007797,pronominal_of,mgn_data:ita-v::sbucciare,si,True
mgn_data:ita-v::sbudellarsi,sbudellarsi,ita.V::g007799,pronominal_of,mgn_data:ita-v::sbudellare,si,True
mgn_data:ita-v::sbugiardarsi,sbugiardarsi,ita.V::g007802,pronominal_of,mgn_data:ita-v::sbugiardare,si,True
mgn_data:ita-v::scaccolarsi,scaccolarsi,ita.V::g007809,pronominal_no_base,,si,True
mgn_data:ita-v::scagionarsi,scagionarsi,ita.V::g007815,pronominal_of,mgn_data:ita-v::scagionare,si,True
mgn_data:ita-v::scagliarsi,scagliarsi,ita.V::g007817,pronominal_of,mgn_data:ita-v::scagliare,si,True
mgn_data:ita-v::scaldarsi,scaldarsi,ita.V::g007824,pronominal_of,mgn_data:ita-v::scaldare,si,True
mgn_data:ita-v::scalfirsi,scalfirsi,ita.V::g007828,pronominal_of,mgn_data:ita-v::scalfire,si,True
mgn_data:ita-v::scalmanarsi,scalmanarsi,ita.V::g007829,pronominal_no_base,,si,True
mgn_data:ita-v::scaltrirsi,scaltrirsi,ita.V::g007837,pronominal_of,mgn_data:ita-v::scaltrire,si,True
mgn_data:ita-v::scalzarsi,scalzarsi,ita.V::g007839,pronominal_of,mgn_data:ita-v::scalzare,si,True
mgn_data:ita-v::scambiarsi,scambiarsi,ita.V::g007841,pronominal_of,mgn_data:ita-v::scambiare,si,True
mgn_data:ita-v::scamiciarsi,scamiciarsi,ita.V::g007842,pronominal_no_base,,si,True
mgn_data:ita-v::scandalizzarsi,scandalizzarsi,ita.V::g007853,pronominal_of,mgn_data:ita-v::scandalizzare,si,True
mgn_data:ita-v::scannarsi,scannarsi,ita.V::g007856,pronominal_of,mgn_data:ita-v::scannare,si,True
mgn_data:ita-v::scansarsi,scansarsi,ita.V::g007862,pronominal_of,mgn_data:ita-v::scansare,si,True
mgn_data:ita-v::scapicollarsi,scapicollarsi,ita.V::g007867,pronominal_no_base,,si,True
mgn_data:ita-v::scappellarsi,scappellarsi,ita.V::g007874,pronominal_of,mgn_data:ita-v::scappellare,si,True
mgn_data:ita-v::scaraventarsi,scaraventarsi,ita.V::g007881,pronominal_of,mgn_data:ita-v::scaraventare,si,True
mgn_data:ita-v::scardinarsi,scardinarsi,ita.V::g007886,pronominal_of,mgn_data:ita-v::scardinare,si,True
mgn_data:ita-v::scarmigliarsi,scarmigliarsi,ita.V::g007890,pronominal_of,mgn_data:ita-v::scarmigliare,si,True
mgn_data:ita-v::scassarsi,scassarsi,ita.V::g007908,pronominal_of,mgn_data:ita-v::scassare,si,True
mgn_data:ita-v::scatenarsi,scatenarsi,ita.V::g007912,pronominal_of,mgn_data:ita-v::scatenare,si,True
mgn_data:ita-v::scazzottarsi,scazzottarsi,ita.V::g007920,pronominal_of,mgn_data:ita-v::scazzottare,si,True
mgn_data:ita-v::scegliersi,scegliersi,ita.V::g007922,pronominal_of,mgn_data:ita-v::scegliere,si,True
mgn_data:ita-v::scervellarsi,scervellarsi,ita.V::g007929,pronominal_no_base,,si,True
mgn_data:ita-v::scheggiarsi,scheggiarsi,ita.V::g007934,pronominal_of,mgn_data:ita-v::scheggiare,si,True
mgn_data:ita-v::schermirsi,schermirsi,ita.V::g007939,pronominal_of,mgn_data:ita-v::schermire,si,True
mgn_data:ita-v::schiacciarsi,schiacciarsi,ita.V::g007945,pronominal_of,mgn_data:ita-v::schiacciare,si,True
mgn_data:ita-v::schiantarsi,schiantarsi,ita.V::g007950,pronominal_of,mgn_data:ita-v::schiantare,si,True
mgn_data:ita-v::schiarirsi,schiarirsi,ita.V::g007952,pronominal_of,mgn_data:ita-v::schiarire,si,True
mgn_data:ita-v::schierarsi,schierarsi,ita.V::g007958,pronominal_of,mgn_data:ita-v::schierare,si,True
mgn_data:ita-v::schifarsi,schifarsi,ita.V::g007960,pronominal_of,mgn_data:ita-v::schifare,si,True
mgn_data:ita-v::schiodarsi,schiodarsi,ita.V::g007964,pronominal_of,mgn_data:ita-v::schiodare,si,True
mgn_data:ita-v::sciacquarsi,sciacquarsi,ita.V::g007975,pronominal_of,mgn_data:ita-v::sciacquare,si,True
mgn_data:ita-v::sciancarsi,sciancarsi,ita.V::g007982,pronominal_of,mgn_data:ita-v::sciancare,si,True
mgn_data:ita-v::scindersi,scindersi,ita.V::g007988,pronominal_of,mgn_data:ita-v::scindere,si,True
mgn_data:ita-v::sciogliersi,sciogliersi,ita.V::g007993,pronominal_of,mgn_data:ita-v::sciogliere,si,True
mgn_data:ita-v::sciuparsi,sciuparsi,ita.V::g008001,pronominal_of,mgn_data:ita-v::sciupare,si,True
mgn_data:ita-v::sclerotizzarsi,sclerotizzarsi,ita.V::g008007,pronominal_of,mgn_data:ita-v::sclerotizzare,si,True
mgn_data:ita-v::scocciarsi,scocciarsi,ita.V::g008010,pronominal_of,mgn_data:ita-v::scocciare,si,True
mgn_data:ita-v::scollacciarsi,scollacciarsi,ita.V::g008017,pronominal_no_base,,si,True
mgn_data:ita-v::scollarsi,scollarsi,ita.V::g008018,pronominal_no_base,,si,True
mgn_data:ita-v::scolorarsi,scolorarsi,ita.V::g008022,pronominal_of,mgn_data:ita-v::scolorare,si,True
mgn_data:ita-v::scolorirsi,scolorirsi,ita.V::g008024,pronominal_of,mgn_data:ita-v::scolorire,si,True
mgn_data:ita-v::scolparsi,scolparsi,ita.V::g008026,pronominal_of,mgn_data:ita-v::scolpare,si,True
mgn_data:ita-v::scommettersi,scommettersi,ita.V::g008032,pronominal_of,mgn_data:ita-v::scommettere,si,True
mgn_data:ita-v::scomodarsi,scomodarsi,ita.V::g008034,pronominal_of,mgn_data:ita-v::scomodare,si,True
mgn_data:ita-v::scompaginarsi,scompaginarsi,ita.V::g008036,pronominal_of,mgn_data:ita-v::scompaginare,si,True
mgn_data:ita-v::scompagnarsi,scompagnarsi,ita.V::g008038,pronominal_of,mgn_data:ita-v::scompagnare,si,True
mgn_data:ita-v::scompisciarsi,scompisciarsi,ita.V::g008043,pronominal_no_base,,si,True
mgn_data:ita-v::scomporsi,scomporsi,ita.V::g008045,pronominal_of,mgn_data:ita-v::scomporre,si,True
mgn_data:ita-v::sconcertarsi,sconcertarsi,ita.V::g008049,pronominal_of,mgn_data:ita-v::sconcertare,si,True
mgn_data:ita-v::sconfortarsi,sconfortarsi,ita.V::g008059,pronominal_of,mgn_data:ita-v::sconfortare,si,True
mgn_data:ita-v::scongelarsi,scongelarsi,ita.V::g008061,pronominal_of,mgn_data:ita-v::scongelare,si,True
mgn_data:ita-v::sconquassarsi,sconquassarsi,ita.V::g008066,pronominal_of,mgn_data:ita-v::sconquassare,si,True
mgn_data:ita-v::scontrarsi,scontrarsi,ita.V::g008075,pronominal_of,mgn_data:ita-v::scontrare,si,True
mgn_data:ita-v::sconvolgersi,sconvolgersi,ita.V::g008078,pronominal_of,mgn_data:ita-v::sconvolgere,si,True
mgn_data:ita-v::scoparsi,scoparsi,ita.V::g008080,pronominal_of,mgn_data:ita-v::scopare,si,True
mgn_data:ita-v::scoprirsi,scoprirsi,ita.V::g008085,pronominal_of,mgn_data:ita-v::scoprire,si,True
mgn_data:ita-v::scoraggiarsi,scoraggiarsi,ita.V::g008087,pronominal_of,mgn_data:ita-v::scoraggiare,si,True
mgn_data:ita-v::scorarsi,scorarsi,ita.V::g008090,pronominal_of,mgn_data:ita-v::scorare,si,True
mgn_data:ita-v::scorciarsi,scorciarsi,ita.V::g008092,pronominal_of,mgn_data:ita-v::scorciare,si,True
mgn_data:ita-v::scordarsi,scordarsi,ita.V::g008095,pronominal_of,mgn_data:ita-v::scordare,si,True
mgn_data:ita-v::scornarsi,scornarsi,ita.V::g008100,pronominal_of,mgn_data:ita-v::scornare,si,True
mgn_data:ita-v::scorticarsi,scorticarsi,ita.V::g008109,pronominal_of,mgn_data:ita-v::scorticare,si,True
mgn_data:ita-v::scorzarsi,scorzarsi,ita.V::g008111,pronominal_of,mgn_data:ita-v::scorzare,si,True
mgn_data:ita-v::scosciarsi,scosciarsi,ita.V::g008114,pronominal_of,mgn_data:ita-v::scosciare,si,True
mgn_data:ita-v::scostarsi,scostarsi,ita.V::g008116,pronominal_of,mgn_data:ita-v::scostare,si,True
mgn_data:ita-v::scottarsi,scottarsi,ita.V::g008122,pronominal_of,mgn_data:ita-v::scottare,si,True
mgn_data:ita-v::screpolarsi,screpolarsi,ita.V::g008130,pronominal_of,mgn_data:ita-v::screpolare,si,True
mgn_data:ita-v::scriversi,scriversi,ita.V::g008139,pronominal_of,mgn_data:ita-v::scrivere,si,True
mgn_data:ita-v::scrollarsi,scrollarsi,ita.V::g008143,pronominal_of,mgn_data:ita-v::scrollare,si,True
mgn_data:ita-v::scrostarsi,scrostarsi,ita.V::g008146,pronominal_of,mgn_data:ita-v::scrostare,si,True
mgn_data:ita-v::scuotersi,scuotersi,ita.V::g008157,pronominal_of,mgn_data:ita-v::scuotere,si,True
mgn_data:ita-v::scurirsi,scurirsi,ita.V::g008160,pronominal_of,mgn_data:ita-v::scurire,si,True
mgn_data:ita-v::scusarsi,scusarsi,ita.V::g008162,pronominal_of,mgn_data:ita-v::scusare,si,True
mgn_data:ita-v::sdebitarsi,sdebitarsi,ita.V::g008165,pronominal_of,mgn_data:ita-v::sdebitare,si,True
mgn_data:ita-v::sdegnarsi,sdegnarsi,ita.V::g008167,pronominal_of,mgn_data:ita-v::sdegnare,si,True
mgn_data:ita-v::sdentarsi,sdentarsi,ita.V::g008170,pronominal_of,mgn_data:ita-v::sdentare,si,True
mgn_data:ita-v::sdilinquirsi,sdilinquirsi,ita.V::g008172,pronominal_of,mgn_data:ita-v::sdilinquire,si,True
mgn_data:ita-v::sdoppiarsi,sdoppiarsi,ita.V::g008175,pronominal_of,mgn_data:ita-v::sdoppiare,si,True
mgn_data:ita-v::sdraiarsi,sdraiarsi,ita.V::g008178,pronominal_of,mgn_data:ita-v::sdraiare,si,True
mgn_data:ita-v::sdrucirsi,sdrucirsi,ita.V::g008182,pronominal_of,mgn_data:ita-v::sdrucire,si,True
mgn_data:ita-v::seccarsi,seccarsi,ita.V::g008185,pronominal_of,mgn_data:ita-v::seccare,si,True
mgn_data:ita-v::sedersi,sedersi,ita.V::g008193,pronominal_of,mgn_data:ita-v::sedere,si,True
mgn_data:ita-v::sedimentarsi,sedimentarsi,ita.V::g008195,pronominal_of,mgn_data:ita-v::sedimentare,si,True
mgn_data:ita-v::segnalarsi,segnalarsi,ita.V::g008201,pronominal_of,mgn_data:ita-v::segnalare,si,True
mgn_data:ita-v::segnarsi,segnarsi,ita.V::g008203,pronominal_of,mgn_data:ita-v::segnare,si,True
mgn_data:ita-v::seguirsi,seguirsi,ita.V::g008208,pronominal_of,mgn_data:ita-v::seguire,si,True
mgn_data:ita-v::sentirci,sentirci,ita.V::g008222,pronominal_no_base,,ci,True
mgn_data:ita-v::sentirsi,sentirsi,ita.V::g008222,pronominal_no_base,,si,True
mgn_data:ita-v::separarsi,separarsi,ita.V::g008224,pronominal_of,mgn_data:ita-v::separare,si,True
mgn_data:ita-v::seppellirsi,seppellirsi,ita.V::g008226,pronominal_of,mgn_data:ita-v::seppellire,si,True
mgn_data:ita-v::serbarsi,serbarsi,ita.V::g008230,pronominal_of,mgn_data:ita-v::serbare,si,True
mgn_data:ita-v::serenarsi,serenarsi,ita.V::g008232,pronominal_of,mgn_data:ita-v::serenare,si,True
mgn_data:ita-v::serrarsi,serrarsi,ita.V::g008236,pronominal_of,mgn_data:ita-v::serrare,si,True
mgn_data:ita-v::sfaldarsi,sfaldarsi,ita.V::g008254,pronominal_of,mgn_data:ita-v::sfaldare,si,True
mgn_data:ita-v::sfamarsi,sfamarsi,ita.V::g008257,pronominal_of,mgn_data:ita-v::sfamare,si,True
mgn_data:ita-v::sfarinarsi,sfarinarsi,ita.V::g008263,pronominal_of,mgn_data:ita-v::sfarinare,si,True
mgn_data:ita-v::sfarsi,sfarsi,ita.V::g008264,pronominal_of,mgn_data:ita-v::sfare,si,True
mgn_data:ita-v::sfasciarsi,sfasciarsi,ita.V::g008267,pronominal_of,mgn_data:ita-v::sfasciare,si,True
mgn_data:ita-v::sfegatarsi,sfegatarsi,ita.V::g008273,pronominal_no_base,,si,True
mgn_data:ita-v::sfiancarsi,sfiancarsi,ita.V::g008281,pronominal_of,mgn_data:ita-v::sfiancare,si,True
mgn_data:ita-v::sfidarsi,sfidarsi,ita.V::g008287,pronominal_of,mgn_data:ita-v::sfidare,si,True
mgn_data:ita-v::sfiduciarsi,sfiduciarsi,ita.V::g008289,pronominal_of,mgn_data:ita-v::sfiduciare,si,True
mgn_data:ita-v::sfilacciarsi,sfilacciarsi,ita.V::g008292,pronominal_of,mgn_data:ita-v::sfilacciare,si,True
mgn_data:ita-v::sfilarsi,sfilarsi,ita.V::g008294,pronominal_of,mgn_data:ita-v::sfilare,si,True
mgn_data:ita-v::sfinirsi,sfinirsi,ita.V::g008297,pronominal_of,mgn_data:ita-v::sfinire,si,True
mgn_data:ita-v::sfiorarsi,sfiorarsi,ita.V::g008300,pronominal_of,mgn_data:ita-v::sfiorare,si,True
mgn_data:ita-v::sfogarsi,sfogarsi,ita.V::g008307,pronominal_of,mgn_data:ita-v::sfogare,si,True
mgn_data:ita-v::sformarsi,sformarsi,ita.V::g008318,pronominal_of,mgn_data:ita-v::sformare,si,True
mgn_data:ita-v::sforzarsi,sforzarsi,ita.V::g008324,pronominal_of,mgn_data:ita-v::sforzare,si,True
mgn_data:ita-v::sfottersi,sfottersi,ita.V::g008326,pronominal_of,mgn_data:ita-v::sfottere,si,True
mgn_data:ita-v::sfracellarsi,sfracellarsi,ita.V::g008328,pronominal_of,mgn_data:ita-v::sfracellare,si,True
mgn_data:ita-v::sfratarsi,sfratarsi,ita.V::g008331,pronominal_no_base,,si,True
mgn_data:ita-v::sfregarsi,sfregarsi,ita.V::g008335,pronominal_of,mgn_data:ita-v::sfregare,si,True
mgn_data:ita-v::sfrenarsi,sfrenarsi,ita.V::g008338,pronominal_of,mgn_data:ita-v::sfrenare,si,True
mgn_data:ita-v::sfrondarsi,sfrondarsi,ita.V::g008343,pronominal_of,mgn_data:ita-v::sfrondare,si,True
mgn_data:ita-v::sganasciarsi,sganasciarsi,ita.V::g008354,pronominal_of,mgn_data:ita-v::sganasciare,si,True
mgn_data:ita-v::sganciarsi,sganciarsi,ita.V::g008356,pronominal_of,mgn_data:ita-v::sganciare,si,True
mgn_data:ita-v::sgangherarsi,sgangherarsi,ita.V::g008358,pronominal_of,mgn_data:ita-v::sgangherare,si,True
mgn_data:ita-v::sgelarsi,sgelarsi,ita.V::g008364,pronominal_of,mgn_data:ita-v::sgelare,si,True
mgn_data:ita-v::sgolarsi,sgolarsi,ita.V::g008369,pronominal_no_base,,si,True
mgn_data:ita-v::sgomentarsi,sgomentarsi,ita.V::g008373,pronominal_of,mgn_data:ita-v::sgomentare,si,True
mgn_data:ita-v::sgomitolarsi,sgomitolarsi,ita.V::g008377,pronominal_of,mgn_data:ita-v::sgomitolare,si,True
mgn_data:ita-v::sgonfiarsi,sgonfiarsi,ita.V::g008380,pronominal_of,mgn_data:ita-v::sgonfiare,si,True
mgn_data:ita-v::sgranchirsi,sgranchirsi,ita.V::g008391,pronominal_of,mgn_data:ita-v::sgranchire,si,True
mgn_data:ita-v::sgravarsi,sgravarsi,ita.V::g008396,pronominal_of,mgn_data:ita-v::sgravare,si,True
mgn_data:ita-v::sgretolarsi,sgretolarsi,ita.V::g008398,pronominal_of,mgn_data:ita-v::sgretolare,si,True
mgn_data:ita-v::sgualcirsi,sgualcirsi,ita.V::g008409,pronominal_of,mgn_data:ita-v::sgualcire,si,True
mgn_data:ita-v::sincerarsi,sincerarsi,ita.V::g008434,pronominal_of,mgn_data:ita-v::sincerare,si,True
mgn_data:ita-v::sincronizzarsi,sincronizzarsi,ita.V::g008437,pronominal_of,mgn_data:ita-v::sincronizzare,si,True
mgn_data:ita-v::sindacalizzarsi,sindacalizzarsi,ita.V::g008439,pronominal_of,mgn_data:ita-v::sindacalizzare,si,True
mgn_data:ita-v::sintonizzarsi,sintonizzarsi,ita.V::g008448,pronominal_of,mgn_data:ita-v::sintonizzare,si,True
mgn_data:ita-v::sistemarsi,sistemarsi,ita.V::g008451,pronominal_of,mgn_data:ita-v::sistemare,si,True
mgn_data:ita-v::situarsi,situarsi,ita.V::g008454,pronominal_of,mgn_data:ita-v::situare,si,True
mgn_data:ita-v::slacciarsi,slacciarsi,ita.V::g008458,pronominal_of,mgn_data:ita-v::slacciare,si,True
mgn_data:ita-v::slanciarsi,slanciarsi,ita.V::g008461,pronominal_of,mgn_data:ita-v::slanciare,si,True
mgn_data:ita-v::slargarsi,slargarsi,ita.V::g008464,pronominal_of,mgn_data:ita-v::slargare,si,True
mgn_data:ita-v::slegarsi,slegarsi,ita.V::g008468,pronominal_of,mgn_data:ita-v::slegare,si,True
mgn_data:ita-v::smagliarsi,smagliarsi,ita.V::g008481,pronominal_of,mgn_data:ita-v::smagliare,si,True
mgn_data:ita-v::smagnetizzarsi,smagnetizzarsi,ita.V::g008483,pronominal_of,mgn_data:ita-v::smagnetizzare,si,True
mgn_data:ita-v::smaliziarsi,smaliziarsi,ita.V::g008486,pronominal_of,mgn_data:ita-v::smaliziare,si,True
mgn_data:ita-v::smaltarsi,smaltarsi,ita.V::g008489,pronominal_of,mgn_data:ita-v::smaltare,si,True
mgn_data:ita-v::smarcarsi,smarcarsi,ita.V::g008498,pronominal_of,mgn_data:ita-v::smarcare,si,True
mgn_data:ita-v::smarrirsi,smarrirsi,ita.V::g008501,pronominal_of,mgn_data:ita-v::smarrire,si,True
mgn_data:ita-v::smascellarsi,smascellarsi,ita.V::g008503,pronominal_of,mgn_data:ita-v::smascellare,si,True
mgn_data:ita-v::smascherarsi,smascherarsi,ita.V::g008505,pronominal_of,mgn_data:ita-v::smascherare,si,True
mgn_data:ita-v::smaterializzarsi,smaterializzarsi,ita.V::g008507,pronominal_of,mgn_data:ita-v::smaterializzare,si,True
mgn_data:ita-v::smembrarsi,smembrarsi,ita.V::g008510,pronominal_of,mgn_data:ita-v::smembrare,si,True
mgn_data:ita-v::smemorarsi,smemorarsi,ita.V::g008512,pronominal_of,mgn_data:ita-v::smemorare,si,True
mgn_data:ita-v::smentirsi,smentirsi,ita.V::g008514,pronominal_of,mgn_data:ita-v::smentire,si,True
mgn_data:ita-v::smetterla,smetterla,ita.V::g008521,pronominal_of,mgn_data:ita-v::smettere,la,True
mgn_data:ita-v::sminuirsi,sminuirsi,ita.V::g008528,pronominal_of,mgn_data:ita-v::sminuire,si,True
mgn_data:ita-v::smollicarsi,smollicarsi,ita.V::g008537,pronominal_of,mgn_data:ita-v::smollicare,si,True
mgn_data:ita-v::smonacarsi,smonacarsi,ita.V::g008539,pronominal_of,mgn_data:ita-v::smonacare,si,True
mgn_data:ita-v::smontarsi,smontarsi,ita.V::g008541,pronominal_of,mgn_data:ita-v::smontare,si,True
mgn_data:ita-v::smorzarsi,smorzarsi,ita.V::g008544,pronominal_of,mgn_data:ita-v::smorzare,si,True
mgn_data:ita-v::smuoversi,smuoversi,ita.V::g008549,pronominal_of,mgn_data:ita-v::smuovere,si,True
mgn_data:ita-v::smussarsi,smussarsi,ita.V::g008552,pronominal_of,mgn_data:ita-v::smussare,si,True
mgn_data:ita-v::smutandarsi,smutandarsi,ita.V::g008554,pronominal_of,mgn_data:ita-v::smutandare,si,True
mgn_data:ita-v::snaturarsi,snaturarsi,ita.V::g008556,pronominal_of,mgn_data:ita-v::snaturare,si,True
mgn_data:ita-v::snellirsi,snellirsi,ita.V::g008560,pronominal_of,mgn_data:ita-v::snellire,si,True
mgn_data:ita-v::snervarsi,snervarsi,ita.V::g008562,pronominal_of,mgn_data:ita-v::snervare,si,True
mgn_data:ita-v::sobbarcarsi,sobbarcarsi,ita.V::g008571,pronominal_of,mgn_data:ita-v::sobbarcare,si,True
mgn_data:ita-v::soddisfarsi,soddisfarsi,ita.V::g008578,pronominal_no_base,,si,True
mgn_data:ita-v::soffermarsi,soffermarsi,ita.V::g008583,pronominal_of,mgn_data:ita-v::soffermare,si,True
mgn_data:ita-v::soffiarsi,soffiarsi,ita.V::g008585,pronominal_of,mgn_data:ita-v::soffiare,si,True
mgn_data:ita-v::soffocarsi,soffocarsi,ita.V::g008587,pronominal_of,mgn_data:ita-v::soffocare,si,True
mgn_data:ita-v::sognarsi,sognarsi,ita.V::g008600,pronominal_no_base,,si,True
mgn_data:ita-v::solidificarsi,solidificarsi,ita.V::g008613,pronominal_of,mgn_data:ita-v::solidificare,si,True
mgn_data:ita-v::sollazzarsi,sollazzarsi,ita.V::g008615,pronominal_of,mgn_data:ita-v::sollazzare,si,True
mgn_data:ita-v::sollevarsi,sollevarsi,ita.V::g008619,pronominal_of,mgn_data:ita-v::sollevare,si,True
mgn_data:ita-v::somigliarsi,somigliarsi,ita.V::g008627,pronominal_of,mgn_data:ita-v::somigliare,si,True
mgn_data:ita-v::sommarsi,sommarsi,ita.V::g008629,pronominal_of,mgn_data:ita-v::sommare,si,True
mgn_data:ita-v::sopirsi,sopirsi,ita.V::g008639,pronominal_of,mgn_data:ita-v::sopire,si,True
mgn_data:ita-v::sopportarsi,sopportarsi,ita.V::g008646,pronominal_of,mgn_data:ita-v::sopportare,si,True
mgn_data:ita-v::sopraelevarsi,sopraelevarsi,ita.V::g008652,pronominal_of,mgn_data:ita-v::sopraelevare,si,True
mgn_data:ita-v::sopravvalutarsi,sopravvalutarsi,ita.V::g008667,pronominal_of,mgn_data:ita-v::sopravvalutare,si,True
mgn_data:ita-v::sorbirsi,sorbirsi,ita.V::g008677,pronominal_of,mgn_data:ita-v::sorbire,si,True
mgn_data:ita-v::sorprendersi,sorprendersi,ita.V::g008683,pronominal_of,mgn_data:ita-v::sorprendere,si,True
mgn_data:ita-v::sorridersi,sorridersi,ita.V::g008687,pronominal_of,mgn_data:ita-v::sorridere,si,True
mgn_data:ita-v::sostantivarsi,sostantivarsi,ita.V::g008699,pronominal_of,mgn_data:ita-v::sostantivare,si,True
mgn_data:ita-v::sostanziarsi,sostanziarsi,ita.V::g008701,pronominal_of,mgn_data:ita-v::sostanziare,si,True
mgn_data:ita-v::sostenersi,sostenersi,ita.V::g008704,pronominal_of,mgn_data:ita-v::sostenere,si,True
mgn_data:ita-v::sostentarsi,sostentarsi,ita.V::g008706,pronominal_of,mgn_data:ita-v::sostentare,si,True
mgn_data:ita-v::sostituirsi,sostituirsi,ita.V::g008708,pronominal_of,mgn_data:ita-v::sostituire,si,True
mgn_data:ita-v::sottomettersi,sottomettersi,ita.V::g008723,pronominal_of,mgn_data:ita-v::sottomettere,si,True
mgn_data:ita-v::sottoporsi,sottoporsi,ita.V::g008728,pronominal_of,mgn_data:ita-v::sottoporre,si,True
mgn_data:ita-v::sottovalutarsi,sottovalutarsi,ita.V::g008737,pronominal_of,mgn_data:ita-v::sottovalutare,si,True
mgn_data:ita-v::sottrarsi,sottrarsi,ita.V::g008739,pronominal_of,mgn_data:ita-v::sottrarre,si,True
mgn_data:ita-v::sovraffaticarsi,sovraffaticarsi,ita.V::g008749,pronominal_of,mgn_data:ita-v::sovraffaticare,si,True
mgn_data:ita-v::sovrapporsi,sovrapporsi,ita.V::g008758,pronominal_of,mgn_data:ita-v::sovrapporre,si,True
mgn_data:ita-v::spaccarsi,spaccarsi,ita.V::g008775,pronominal_of,mgn_data:ita-v::spaccare,si,True
mgn_data:ita-v::spacciarsi,spacciarsi,ita.V::g008778,pronominal_of,mgn_data:ita-v::spacciare,si,True
mgn_data:ita-v::spalancarsi,spalancarsi,ita.V::g008784,pronominal_of,mgn_data:ita-v::spalancare,si,True
mgn_data:ita-v::spalleggiarsi,spalleggiarsi,ita.V::g008788,pronominal_of,mgn_data:ita-v::spalleggiare,si,True
mgn_data:ita-v::spalmarsi,spalmarsi,ita.V::g008790,pronominal_of,mgn_data:ita-v::spalmare,si,True
mgn_data:ita-v::spanciarsi,spanciarsi,ita.V::g008796,pronominal_of,mgn_data:ita-v::spanciare,si,True
mgn_data:ita-v::spandersi,spandersi,ita.V::g008798,pronominal_of,mgn_data:ita-v::spandere,si,True
mgn_data:ita-v::spaparacchiarsi,spaparacchiarsi,ita.V::g008802,pronominal_no_base,,si,True
mgn_data:ita-v::spaparanzarsi,spaparanzarsi,ita.V::g008803,pronominal_no_base,,si,True
mgn_data:ita-v::spappolarsi,spappolarsi,ita.V::g008806,pronominal_of,mgn_data:ita-v::spappolare,si,True
mgn_data:ita-v::spararsi,spararsi,ita.V::g008809,pronominal_of,mgn_data:ita-v::sparare,si,True
mgn_data:ita-v::spargersi,spargersi,ita.V::g008813,pronominal_of,mgn_data:ita-v::spargere,si,True
mgn_data:ita-v::sparpagliarsi,sparpagliarsi,ita.V::g008818,pronominal_of,mgn_data:ita-v::sparpagliare,si,True
mgn_data:ita-v::spartirsi,spartirsi,ita.V::g008820,pronominal_of,mgn_data:ita-v::spartire,si,True
mgn_data:ita-v::spassarsi,spassarsi,ita.V::g008823,pronominal_of,mgn_data:ita-v::spassare,si,True
mgn_data:ita-v::spaurirsi,spaurirsi,ita.V::g008826,pronominal_of,mgn_data:ita-v::spaurire,si,True
mgn_data:ita-v::spaventarsi,spaventarsi,ita.V::g008828,pronominal_of,mgn_data:ita-v::spaventare,si,True
mgn_data:ita-v::spazientirsi,spazientirsi,ita.V::g008833,pronominal_of,mgn_data:ita-v::spazientire,si,True
mgn_data:ita-v::spazzolarsi,spazzolarsi,ita.V::g008836,pronominal_of,mgn_data:ita-v::spazzolare,si,True
mgn_data:ita-v::specchiarsi,specchiarsi,ita.V::g008838,pronominal_of,mgn_data:ita-v::specchiare,si,True
mgn_data:ita-v::specializzarsi,specializzarsi,ita.V::g008840,pronominal_of,mgn_data:ita-v::specializzare,si,True
mgn_data:ita-v::spedirsi,spedirsi,ita.V::g008846,pronominal_of,mgn_data:ita-v::spedire,si,True
mgn_data:ita-v::spegnersi,spegnersi,ita.V::g008848,pronominal_no_base,,si,True
mgn_data:ita-v::spelarsi,spelarsi,ita.V::g008851,pronominal_of,mgn_data:ita-v::spelare,si,True
mgn_data:ita-v::spellarsi,spellarsi,ita.V::g008853,pronominal_of,mgn_data:ita-v::spellare,si,True
mgn_data:ita-v::spendersi,spendersi,ita.V::g008855,pronominal_of,mgn_data:ita-v::spendere,si,True
mgn_data:ita-v::spengersi,spengersi,ita.V::g008857,pronominal_of,mgn_data:ita-v::spengere,si,True
mgn_data:ita-v::spennarsi,spennarsi,ita.V::g008860,pronominal_of,mgn_data:ita-v::spennare,si,True
mgn_data:ita-v::spenzolarsi,spenzolarsi,ita.V::g008863,pronominal_of,mgn_data:ita-v::spenzolare,si,True
mgn_data:ita-v::sperticarsi,sperticarsi,ita.V::g008873,pronominal_no_base,,si,True
mgn_data:ita-v::spettinarsi,spettinarsi,ita.V::g008880,pronominal_of,mgn_data:ita-v::spettinare,si,True
mgn_data:ita-v::spezzarsi,spezzarsi,ita.V::g008883,pronominal_of,mgn_data:ita-v::spezzare,si,True
mgn_data:ita-v::spiaccicarsi,spiaccicarsi,ita.V::g008887,pronominal_of,mgn_data:ita-v::spiaccicare,si,True
mgn_data:ita-v::spianarsi,spianarsi,ita.V::g008890,pronominal_of,mgn_data:ita-v::spianare,si,True
mgn_data:ita-v::spicciarsi,spicciarsi,ita.V::g008897,pronominal_of,mgn_data:ita-v::spicciare,si,True
mgn_data:ita-v::spiccicarsi,spiccicarsi,ita.V::g008899,pronominal_of,mgn_data:ita-v::spiccicare,si,True
mgn_data:ita-v::spiegarsi,spiegarsi,ita.V::g008904,pronominal_of,mgn_data:ita-v::spiegare,si,True
mgn_data:ita-v::spiegazzarsi,spiegazzarsi,ita.V::g008906,pronominal_of,mgn_data:ita-v::spiegazzare,si,True
mgn_data:ita-v::spigionarsi,spigionarsi,ita.V::g008910,pronominal_no_base,,si,True
mgn_data:ita-v::spingersi,spingersi,ita.V::g008918,pronominal_of,mgn_data:ita-v::spingere,si,True
mgn_data:ita-v::spogliarsi,spogliarsi,ita.V::g008932,pronominal_of,mgn_data:ita-v::spogliare,si,True
mgn_data:ita-v::spolmonarsi,spolmonarsi,ita.V::g008937,pronominal_no_base,,si,True
mgn_data:ita-v::spopolarsi,spopolarsi,ita.V::g008946,pronominal_of,mgn_data:ita-v::spopolare,si,True
mgn_data:ita-v::sporcarsi,sporcarsi,ita.V::g008949,pronominal_of,mgn_data:ita-v::sporcare,si,True
mgn_data:ita-v::sporgersi,sporgersi,ita.V::g008951,pronominal_of,mgn_data:ita-v::sporgere,si,True
mgn_data:ita-v::sposarsi,sposarsi,ita.V::g008955,pronominal_of,mgn_data:ita-v::sposare,si,True
mgn_data:ita-v::spostarsi,spostarsi,ita.V::g008960,pronominal_of,mgn_data:ita-v::spostare,si,True
mgn_data:ita-v::spretarsi,spretarsi,ita.V::g008965,pronominal_no_base,,si,True
mgn_data:ita-v::sprigionarsi,sprigionarsi,ita.V::g008968,pronominal_of,mgn_data:ita-v::sprigionare,si,True
mgn_data:ita-v::sprofondarsi,sprofondarsi,ita.V::g008973,pronominal_of,mgn_data:ita-v::sprofondare,si,True
mgn_data:ita-v::squagliarsi,squagliarsi,ita.V::g008996,pronominal_of,mgn_data:ita-v::squagliare,si,True
mgn_data:ita-v::squarciarsi,squarciarsi,ita.V::g009000,pronominal_of,mgn_data:ita-v::squarciare,si,True
mgn_data:ita-v::squilibrarsi,squilibrarsi,ita.V::g009004,pronominal_of,mgn_data:ita-v::squilibrare,si,True
mgn_data:ita-v::sradicarsi,sradicarsi,ita.V::g009009,pronominal_of,mgn_data:ita-v::sradicare,si,True
mgn_data:ita-v::stabilirsi,stabilirsi,ita.V::g009016,pronominal_of,mgn_data:ita-v::stabilire,si,True
mgn_data:ita-v::stabilizzarsi,stabilizzarsi,ita.V::g009018,pronominal_of,mgn_data:ita-v::stabilizzare,si,True
mgn_data:ita-v::staccarsi,staccarsi,ita.V::g009021,pronominal_of,mgn_data:ita-v::staccare,si,True
mgn_data:ita-v::stagionarsi,stagionarsi,ita.V::g009027,pronominal_of,mgn_data:ita-v::stagionare,si,True
mgn_data:ita-v::stagliarsi,stagliarsi,ita.V::g009029,pronominal_of,mgn_data:ita-v::stagliare,si,True
mgn_data:ita-v::stamparsi,stamparsi,ita.V::g009033,pronominal_no_base,,si,True
mgn_data:ita-v::stancarsi,stancarsi,ita.V::g009037,pronominal_of,mgn_data:ita-v::stancare,si,True
mgn_data:ita-v::stanziarsi,stanziarsi,ita.V::g009040,pronominal_no_base,,si,True
mgn_data:ita-v::starsene,starsene,ita.V::g009047,pronominal_of,mgn_data:ita-v::stare,sene,True
mgn_data:ita-v::starsi,starsi,ita.V::g009048,pronominal_of,mgn_data:ita-v::stare,si,True
mgn_data:ita-v::stasarsi,stasarsi,ita.V::g009050,pronominal_of,mgn_data:ita-v::stasare,si,True
mgn_data:ita-v::stempiarsi,stempiarsi,ita.V::g009062,pronominal_no_base,,si,True
mgn_data:ita-v::stendersi,stendersi,ita.V::g009064,pronominal_of,mgn_data:ita-v::stendere,si,True
mgn_data:ita-v::stimarsi,stimarsi,ita.V::g009081,pronominal_no_base,,si,True
mgn_data:ita-v::stingersi,stingersi,ita.V::g009084,pronominal_of,mgn_data:ita-v::stingere,si,True
mgn_data:ita-v::stiparsi,stiparsi,ita.V::g009087,pronominal_of,mgn_data:ita-v::stipare,si,True
mgn_data:ita-v::stiracchiarsi,stiracchiarsi,ita.V::g009091,pronominal_of,mgn_data:ita-v::stiracchiare,si,True
mgn_data:ita-v::stirarsi,stirarsi,ita.V::g009092,pronominal_no_base,,si,True
mgn_data:ita-v::stizzirsi,stizzirsi,ita.V::g009095,pronominal_of,mgn_data:ita-v::stizzire,si,True
mgn_data:ita-v::stomacarsi,stomacarsi,ita.V::g009099,pronominal_of,mgn_data:ita-v::stomacare,si,True
mgn_data:ita-v::storcersi,storcersi,ita.V::g009103,pronominal_of,mgn_data:ita-v::storcere,si,True
mgn_data:ita-v::stordirsi,stordirsi,ita.V::g009105,pronominal_of,mgn_data:ita-v::stordire,si,True
mgn_data:ita-v::storpiarsi,storpiarsi,ita.V::g009110,pronominal_of,mgn_data:ita-v::storpiare,si,True
mgn_data:ita-v::strabiliarsi,strabiliarsi,ita.V::g009116,pronominal_of,mgn_data:ita-v::strabiliare,si,True
mgn_data:ita-v::stracciarsi,stracciarsi,ita.V::g009121,pronominal_no_base,,si,True
mgn_data:ita-v::strafogarsi,strafogarsi,ita.V::g009124,pronominal_no_base,,si,True
mgn_data:ita-v::strangolarsi,strangolarsi,ita.V::g009132,pronominal_no_base,,si,True
mgn_data:ita-v::strapparsi,strapparsi,ita.V::g009141,pronominal_of,mgn_data:ita-v::strappare,si,True
mgn_data:ita-v::strascicarsi,strascicarsi,ita.V::g009145,pronominal_of,mgn_data:ita-v::strascicare,si,True
mgn_data:ita-v::strascinarsi,strascinarsi,ita.V::g009147,pronominal_of,mgn_data:ita-v::strascinare,si,True
mgn_data:ita-v::stratificarsi,stratificarsi,ita.V::g009150,pronominal_of,mgn_data:ita-v::stratificare,si,True
mgn_data:ita-v::strattonarsi,strattonarsi,ita.V::g009152,pronominal_of,mgn_data:ita-v::strattonare,si,True
mgn_data:ita-v::stravaccarsi,stravaccarsi,ita.V::g009153,pronominal_no_base,,si,True
mgn_data:ita-v::striarsi,striarsi,ita.V::g009165,pronominal_of,mgn_data:ita-v::striare,si,True
mgn_data:ita-v::striminzirsi,striminzirsi,ita.V::g009172,pronominal_of,mgn_data:ita-v::striminzire,si,True
mgn_data:ita-v::strinarsi,strinarsi,ita.V::g009175,pronominal_of,mgn_data:ita-v::strinare,si,True
mgn_data:ita-v::stringersi,stringersi,ita.V::g009178,pronominal_of,mgn_data:ita-v::stringere,si,True
mgn_data:ita-v::strofinarsi,strofinarsi,ita.V::g009184,pronominal_of,mgn_data:ita-v::strofinare,si,True
mgn_data:ita-v::stropicciarsene,stropicciarsene,ita.V::g009191,pronominal_of,mgn_data:ita-v::stropicciare,sene,True
mgn_data:ita-v::stropicciarsi,stropicciarsi,ita.V::g009192,pronominal_of,mgn_data:ita-v::stropicciare,si,True
mgn_data:ita-v::struccarsi,struccarsi,ita.V::g009197,pronominal_of,mgn_data:ita-v::struccare,si,True
mgn_data:ita-v::struggersi,struggersi,ita.V::g009199,pronominal_of,mgn_data:ita-v::struggere,si,True
mgn_data:ita-v::strusciarsi,strusciarsi,ita.V::g009203,pronominal_of,mgn_data:ita-v::strusciare,si,True
mgn_data:ita-v::strutturarsi,strutturarsi,ita.V::g009206,pronominal_of,mgn_data:ita-v::strutturare,si,True
mgn_data:ita-v::studiarsi,studiarsi,ita.V::g009209,pronominal_no_base,,si,True
mgn_data:ita-v::stufarsi,stufarsi,ita.V::g009212,pronominal_of,mgn_data:ita-v::stufare,si,True
mgn_data:ita-v::stupefarsi,stupefarsi,ita.V::g009214,pronominal_of,mgn_data:ita-v::stupefare,si,True
mgn_data:ita-v::stupirsi,stupirsi,ita.V::g009215,pronominal_no_base,,si,True
mgn_data:ita-v::stuzzicarsi,stuzzicarsi,ita.V::g009220,pronominal_of,mgn_data:ita-v::stuzzicare,si,True
mgn_data:ita-v::subirsi,subirsi,ita.V::g009229,pronominal_of,mgn_data:ita-v::subire,si,True
mgn_data:ita-v::succedersi,succedersi,ita.V::g009241,pronominal_of,mgn_data:ita-v::succedere,si,True
mgn_data:ita-v::succhiarsi,succhiarsi,ita.V::g009243,pronominal_of,mgn_data:ita-v::succhiare,si,True
mgn_data:ita-v::sudarsi,sudarsi,ita.V::g009249,pronominal_of,mgn_data:ita-v::sudare,si,True
mgn_data:ita-v::suddividersi,suddividersi,ita.V::g009252,pronominal_of,mgn_data:ita-v::suddividere,si,True
mgn_data:ita-v::suggerirsi,suggerirsi,ita.V::g009260,pronominal_of,mgn_data:ita-v::suggerire,si,True
mgn_data:ita-v::suggestionarsi,suggestionarsi,ita.V::g009262,pronominal_of,mgn_data:ita-v::suggestionare,si,True
mgn_data:ita-v::suicidarsi,suicidarsi,ita.V::g009264,pronominal_of,mgn_data:ita-v::suicidare,si,True
mgn_data:ita-v::superarsi,superarsi,ita.V::g009270,pronominal_of,mgn_data:ita-v::superare,si,True
mgn_data:ita-v::surriscaldarsi,surriscaldarsi,ita.V::g009284,pronominal_of,mgn_data:ita-v::surriscaldare,si,True
mgn_data:ita-v::surrogarsi,surrogarsi,ita.V::g009286,pronominal_of,mgn_data:ita-v::surrogare,si,True
mgn_data:ita-v::susseguirsi,susseguirsi,ita.V::g009290,pronominal_of,mgn_data:ita-v::susseguire,si,True
mgn_data:ita-v::sussurrarsi,sussurrarsi,ita.V::g009296,pronominal_of,mgn_data:ita-v::sussurrare,si,True
mgn_data:ita-v::svaccarsi,svaccarsi,ita.V::g009298,pronominal_no_base,,si,True
mgn_data:ita-v::svagarsi,svagarsi,ita.V::g009300,pronominal_of,mgn_data:ita-v::svagare,si,True
mgn_data:ita-v::svalutarsi,svalutarsi,ita.V::g009303,pronominal_of,mgn_data:ita-v::svalutare,si,True
mgn_data:ita-v::svelarsi,svelarsi,ita.V::g009313,pronominal_of,mgn_data:ita-v::svelare,si,True
mgn_data:ita-v::svelenirsi,svelenirsi,ita.V::g009315,pronominal_of,mgn_data:ita-v::svelenire,si,True
mgn_data:ita-v::svenarsi,svenarsi,ita.V::g009319,pronominal_of,mgn_data:ita-v::svenare,si,True
mgn_data:ita-v::svestirsi,svestirsi,ita.V::g009333,pronominal_of,mgn_data:ita-v::svestire,si,True
mgn_data:ita-v::svigorirsi,svigorirsi,ita.V::g009340,pronominal_of,mgn_data:ita-v::svigorire,si,True
mgn_data:ita-v::svillaneggiarsi,svillaneggiarsi,ita.V::g009343,pronominal_of,mgn_data:ita-v::svillaneggiare,si,True
mgn_data:ita-v::svilupparsi,svilupparsi,ita.V::g009344,pronominal_no_base,,si,True
mgn_data:ita-v::svincolarsi,svincolarsi,ita.V::g009347,pronominal_of,mgn_data:ita-v::svincolare,si,True
mgn_data:ita-v::svolgersi,svolgersi,ita.V::g009359,pronominal_of,mgn_data:ita-v::svolgere,si,True
mgn_data:ita-v::svuotarsi,svuotarsi,ita.V::g009363,pronominal_of,mgn_data:ita-v::svuotare,si,True
mgn_data:ita-v::tagliarsi,tagliarsi,ita.V::g009374,pronominal_of,mgn_data:ita-v::tagliare,si,True
mgn_data:ita-v::tarlarsi,tarlarsi,ita.V::g009395,pronominal_of,mgn_data:ita-v::tarlare,si,True
mgn_data:ita-v::tarmarsi,tarmarsi,ita.V::g009397,pronominal_of,mgn_data:ita-v::tarmare,si,True
mgn_data:ita-v::tassarsi,tassarsi,ita.V::g009404,pronominal_of,mgn_data:ita-v::tassare,si,True
mgn_data:ita-v::telefonarsi,telefonarsi,ita.V::g009419,pronominal_of,mgn_data:ita-v::telefonare,si,True
mgn_data:ita-v::teletrasportarsi,teletrasportarsi,ita.V::g009427,pronominal_of,mgn_data:ita-v::teletrasportare,si,True
mgn_data:ita-v::temersi,temersi,ita.V::g009431,pronominal_of,mgn_data:ita-v::temere,si,True
mgn_data:ita-v::tenersi,tenersi,ita.V::g009440,pronominal_no_base,,si,True
mgn_data:ita-v::tepefarsi,tepefarsi,ita.V::g009448,pronominal_of,mgn_data:ita-v::tepefare,si,True
mgn_data:ita-v::tesserarsi,tesserarsi,ita.V::g009463,pronominal_of,mgn_data:ita-v::tesserare,si,True
mgn_data:ita-v::tirarsi,tirarsi,ita.V::g009479,pronominal_of,mgn_data:ita-v::tirare,si,True
mgn_data:ita-v::toccarsi,toccarsi,ita.V::g009483,pronominal_of,mgn_data:ita-v::toccare,si,True
mgn_data:ita-v::togliersi,togliersi,ita.V::g009485,pronominal_no_base,,si,True
mgn_data:ita-v::torcersi,torcersi,ita.V::g009497,pronominal_of,mgn_data:ita-v::torcere,si,True
mgn_data:ita-v::tormentarsi,tormentarsi,ita.V::g009501,pronominal_of,mgn_data:ita-v::tormentare,si,True
mgn_data:ita-v::tornarsene,tornarsene,ita.V::g009503,pronominal_of,mgn_data:ita-v::tornare,sene,True
mgn_data:ita-v::tornarsi,tornarsi,ita.V::g009504,pronominal_of,mgn_data:ita-v::tornare,si,True
mgn_data:ita-v::torturarsi,torturarsi,ita.V::g009510,pronominal_of,mgn_data:ita-v::torturare,si,True
mgn_data:ita-v::toscanizzarsi,toscanizzarsi,ita.V::g009514,pronominal_of,mgn_data:ita-v::toscanizzare,si,True
mgn_data:ita-v::tradirsi,tradirsi,ita.V::g009529,pronominal_of,mgn_data:ita-v::tradire,si,True
mgn_data:ita-v::tradursi,tradursi,ita.V::g009530,pronominal_no_base,,si,True
mgn_data:ita-v::trafiggersi,trafiggersi,ita.V::g009533,pronominal_of,mgn_data:ita-v::trafiggere,si,True
mgn_data:ita-v::tramutarsi,tramutarsi,ita.V::g009550,pronominal_of,mgn_data:ita-v::tramutare,si,True
mgn_data:ita-v::tranquillizzarsi,tranquillizzarsi,ita.V::g009554,pronominal_of,mgn_data:ita-v::tranquillizzare,si,True
mgn_data:ita-v::trarsi,trarsi,ita.V::g009580,pronominal_of,mgn_data:ita-v::trarre,si,True
mgn_data:ita-v::trascinarsi,trascinarsi,ita.V::g009586,pronominal_of,mgn_data:ita-v::trascinare,si,True
mgn_data:ita-v::trascolorarsi,trascolorarsi,ita.V::g009588,pronominal_of,mgn_data:ita-v::trascolorare,si,True
mgn_data:ita-v::trascurarsi,trascurarsi,ita.V::g009592,pronominal_of,mgn_data:ita-v::trascurare,si,True
mgn_data:ita-v::trasferirsi,trasferirsi,ita.V::g009596,pronominal_of,mgn_data:ita-v::trasferire,si,True
mgn_data:ita-v::trasfigurarsi,trasfigurarsi,ita.V::g009598,pronominal_of,mgn_data:ita-v::trasfigurare,si,True
mgn_data:ita-v::trasformarsi,trasformarsi,ita.V::g009601,pronominal_of,mgn_data:ita-v::trasformare,si,True
mgn_data:ita-v::traslocarsi,traslocarsi,ita.V::g009606,pronominal_of,mgn_data:ita-v::traslocare,si,True
mgn_data:ita-v::trasmettersi,trasmettersi,ita.V::g009608,pronominal_of,mgn_data:ita-v::trasmettere,si,True
mgn_data:ita-v::trasmutarsi,trasmutarsi,ita.V::g009612,pronominal_of,mgn_data:ita-v::trasmutare,si,True
mgn_data:ita-v::trasportarsi,trasportarsi,ita.V::g009619,pronominal_of,mgn_data:ita-v::trasportare,si,True
mgn_data:ita-v::trattarsi,trattarsi,ita.V::g009625,pronominal_no_base,,si,True
mgn_data:ita-v::trattenersi,trattenersi,ita.V::g009628,pronominal_of,mgn_data:ita-v::trattenere,si,True
mgn_data:ita-v::travestirsi,travestirsi,ita.V::g009636,pronominal_of,mgn_data:ita-v::travestire,si,True
mgn_data:ita-v::traviarsi,traviarsi,ita.V::g009638,pronominal_of,mgn_data:ita-v::traviare,si,True
mgn_data:ita-v::trincerarsi,trincerarsi,ita.V::g009656,pronominal_of,mgn_data:ita-v::trincerare,si,True
mgn_data:ita-v::triplicarsi,triplicarsi,ita.V::g009661,pronominal_of,mgn_data:ita-v::triplicare,si,True
mgn_data:ita-v::truccarsi,truccarsi,ita.V::g009677,pronominal_of,mgn_data:ita-v::truccare,si,True
mgn_data:ita-v::tuffarsi,tuffarsi,ita.V::g009682,pronominal_of,mgn_data:ita-v::tuffare,si,True
mgn_data:ita-v::tumefarsi,tumefarsi,ita.V::g009684,pronominal_of,mgn_data:ita-v::tumefare,si,True
mgn_data:ita-v::turarsi,turarsi,ita.V::g009689,pronominal_of,mgn_data:ita-v::turare,si,True
mgn_data:ita-v::turbarsi,turbarsi,ita.V::g009691,pronominal_of,mgn_data:ita-v::turbare,si,True
mgn_data:ita-v::tutelarsi,tutelarsi,ita.V::g009695,pronominal_of,mgn_data:ita-v::tutelare,si,True
mgn_data:ita-v::ubriacarsi,ubriacarsi,ita.V::g009702,pronominal_no_base,,si,True
mgn_data:ita-v::uccidersi,uccidersi,ita.V::g009706,pronominal_of,mgn_data:ita-v::uccidere,si,True
mgn_data:ita-v::ulcerarsi,ulcerarsi,ita.V::g009715,pronominal_of,mgn_data:ita-v::ulcerare,si,True
mgn_data:ita-v::umanarsi,umanarsi,ita.V::g009722,pronominal_of,mgn_data:ita-v::umanare,si,True
mgn_data:ita-v::umanizzarsi,umanizzarsi,ita.V::g009724,pronominal_of,mgn_data:ita-v::umanizzare,si,True
mgn_data:ita-v::umiliarsi,umiliarsi,ita.V::g009729,pronominal_of,mgn_data:ita-v::umiliare,si,True
mgn_data:ita-v::ungersi,ungersi,ita.V::g009732,pronominal_of,mgn_data:ita-v::ungere,si,True
mgn_data:ita-v::uniformarsi,uniformarsi,ita.V::g009736,pronominal_of,mgn_data:ita-v::uniformare,si,True
mgn_data:ita-v::unirsi,unirsi,ita.V::g009738,pronominal_of,mgn_data:ita-v::unire,si,True
mgn_data:ita-v::universalizzarsi,universalizzarsi,ita.V::g009742,pronominal_of,mgn_data:ita-v::universalizzare,si,True
mgn_data:ita-v::usarsi,usarsi,ita.V::g009753,pronominal_of,mgn_data:ita-v::usare,si,True
mgn_data:ita-v::uscirsene,uscirsene,ita.V::g009755,pronominal_no_base,,sene,True
mgn_data:ita-v::ustionarsi,ustionarsi,ita.V::g009758,pronominal_of,mgn_data:ita-v::ustionare,si,True
mgn_data:ita-v::usurarsi,usurarsi,ita.V::g009762,pronominal_of,mgn_data:ita-v::usurare,si,True
mgn_data:ita-v::vaccinarsi,vaccinarsi,ita.V::g009768,pronominal_of,mgn_data:ita-v::vaccinare,si,True
mgn_data:ita-v::valersi,valersi,ita.V::g009782,pronominal_of,mgn_data:ita-v::valere,si,True
mgn_data:ita-v::valorizzarsi,valorizzarsi,ita.V::g009786,pronominal_of,mgn_data:ita-v::valorizzare,si,True
mgn_data:ita-v::valutarsi,valutarsi,ita.V::g009788,pronominal_of,mgn_data:ita-v::valutare,si,True
mgn_data:ita-v::vanagloriarsi,vanagloriarsi,ita.V::g009789,pronominal_no_base,,si,True
mgn_data:ita-v::vantarsi,vantarsi,ita.V::g009799,pronominal_of,mgn_data:ita-v::vantare,si,True
mgn_data:ita-v::vaporizzarsi,vaporizzarsi,ita.V::g009802,pronominal_of,mgn_data:ita-v::vaporizzare,si,True
mgn_data:ita-v::vederci,vederci,ita.V::g009808,pronominal_of,mgn_data:ita-v::vedere,ci,True
mgn_data:ita-v::vedersela,vedersela,ita.V::g009810,pronominal_of,mgn_data:ita-v::vedere,sela,True
mgn_data:ita-v::vedersi,vedersi,ita.V::g009811,pronominal_of,mgn_data:ita-v::vedere,si,True
mgn_data:ita-v::velarsi,velarsi,ita.V::g009817,pronominal_no_base,,si,True
mgn_data:ita-v::velocizzarsi,velocizzarsi,ita.V::g009824,pronominal_of,mgn_data:ita-v::velocizzare,si,True
mgn_data:ita-v::vendersi,vendersi,ita.V::g009827,pronominal_of,mgn_data:ita-v::vendere,si,True
mgn_data:ita-v::vendicarsi,vendicarsi,ita.V::g009829,pronominal_of,mgn_data:ita-v::vendicare,si,True
mgn_data:ita-v::venirsene,venirsene,ita.V::g009835,pronominal_of,mgn_data:ita-v::venire,sene,True
mgn_data:ita-v::venirsi,venirsi,ita.V::g009836,pronominal_of,mgn_data:ita-v::venire,si,True
mgn_data:ita-v::vergognarsi,vergognarsi,ita.V::g009846,pronominal_of,mgn_data:ita-v::vergognare,si,True
mgn_data:ita-v::verificarsi,verificarsi,ita.V::g009849,pronominal_of,mgn_data:ita-v::verificare,si,True
mgn_data:ita-v::versarsi,versarsi,ita.V::g009854,pronominal_no_base,,si,True
mgn_data:ita-v::vestirsi,vestirsi,ita.V::g009861,pronominal_of,mgn_data:ita-v::vestire,si,True
mgn_data:ita-v::vetrificarsi,vetrificarsi,ita.V::g009863,pronominal_of,mgn_data:ita-v::vetrificare,si,True
mgn_data:ita-v::vezzeggiarsi,vezzeggiarsi,ita.V::g009868,pronominal_of,mgn_data:ita-v::vezzeggiare,si,True
mgn_data:ita-v::vincersi,vincersi,ita.V::g009892,pronominal_of,mgn_data:ita-v::vincere,si,True
mgn_data:ita-v::visitarsi,visitarsi,ita.V::g009906,pronominal_of,mgn_data:ita-v::visitare,si,True
mgn_data:ita-v::viversi,viversi,ita.V::g009917,pronominal_no_base,,si,True
mgn_data:ita-v::vivificarsi,vivificarsi,ita.V::g009919,pronominal_of,mgn_data:ita-v::vivificare,si,True
mgn_data:ita-v::volatilizzarsi,volatilizzarsi,ita.V::g009931,pronominal_of,mgn_data:ita-v::volatilizzare,si,True
mgn_data:ita-v::volercene,volercene,ita.V::g009932,pronominal_of,mgn_data:ita-v::volere,cene,False
mgn_data:ita-v::volerci,volerci,ita.V::g009933,pronominal_of,mgn_data:ita-v::volere,ci,False
mgn_data:ita-v::volersi,volersi,ita.V::g009935,pronominal_of,mgn_data:ita-v::volere,si,True
mgn_data:ita-v::volgersi,volgersi,ita.V::g009938,pronominal_of,mgn_data:ita-v::volgere,si,True
mgn_data:ita-v::voltarsi,voltarsi,ita.V::g009943,pronominal_of,mgn_data:ita-v::voltare,si,True
mgn_data:ita-v::voltolarsi,voltolarsi,ita.V::g009946,pronominal_of,mgn_data:ita-v::voltolare,si,True
mgn_data:ita-v::votarsi,votarsi,ita.V::g009955,pronominal_of,mgn_data:ita-v::votare,si,True
mgn_data:ita-v::vuotarsi,vuotarsi,ita.V::g009958,pronominal_of,mgn_data:ita-v::vuotare,si,True
mgn_data:ita-v::zittirsi,zittirsi,ita.V::g009985,pronominal_of,mgn_data:ita-v::zittire,si,True
