PopName,Reference,Location,country,lat,lon,glottocodeBase,glottologFamily,comment.gbi.proxies,comment.tli.proxies,gbi.logical.full.proxy,gbi.statistical.full.proxy,tli.logical.full.proxy,tli.statistical.full.proxy,status.glottolog,glottocodeUpstream,glottocodeUpstream.status,base.features.count.gbi.logical.full,base.features.count.gbi.statistical.full,base.features.count.tli.logical.full,base.features.count.tli.statistical.full,base.density.gbi.logical.full,base.density.gbi.statistical.full,base.density.tli.logical.full,base.density.tli.statistical.full,upstream.features.count.gbi.logical.full,upstream.features.count.gbi.statistical.full,upstream.features.count.tli.logical.full,upstream.features.count.tli.statistical.full,upstream.density.gbi.logical.full,upstream.density.gbi.statistical.full,upstream.density.tli.logical.full,upstream.density.tli.statistical.full,proxy.gbi.logical.full.density,proxy.gbi.statistical.full.density,proxy.tli.logical.full.density,proxy.tli.statistical.full.density
Abazin,Jeong_2019,"Karachaevo-Cherkessia Republic, Prikubansky district",Russia,44.15,42.2,abaz1241,abkh1242,"no match, manually checked",glottocodeBase,,,abaz1241,abaz1241,language,abkh1243,,,,17,17,,,0.04871,0.05105,,,,,,,,,,,0.04871,0.05105
Abkhasian,LazaridisNature2014,Sukhum,Abkhazia,43.003333,41.015278,abkh1244,abkh1242,glottocodeBase,glottocodeBase,abkh1244,abkh1244,abkh1244,abkh1244,language,abkh1243,,177,168,285,267,0.87192,0.85714,0.81662,0.8018,,,,,,,,,0.87192,0.85714,0.81662,0.8018
Adygei,PattersonGenetics2012,Krasnodar,Russia(Caucasus),44,39,adyg1241,abkh1242,"no match, manually checked",glottocodeBase,,,adyg1241,adyg1241,language,circ1239,,,,130,122,,,0.37249,0.36637,,,,,,,,,,,0.37249,0.36637
Adygei_Abadzhekh,Jeong_2019,"Adyghei Republic, Shovgenovsky district",Russia,45.01,40.22,abad1240,abkh1242,"no match, manually checked","glottocodeUpstream, manually checked",,,adyg1241,adyg1241,dialect,adyg1241,language,,,,,,,,,,,130,122,,,0.37249,0.36637,,,0.37249,0.36637
Adygei_Bzhedug,Jeong_2019,"Adyghei Republic, Takhtamukayski district",Russia,44.89,39.24,bezh1247,abkh1242,"no match, manually checked","glottocodeUpstream, manually checked",,,adyg1241,adyg1241,dialect,adyg1241,language,,,,,,,,,,,130,122,,,0.37249,0.36637,,,0.37249,0.36637
Adygei_Mamkheg,Jeong_2019,"Adyghei Republic, Shovgenovsky district, Mamkheg village",Russia,45,40.22,adyg1241,abkh1242,"no match, manually checked",glottocodeBase,,,adyg1241,adyg1241,language,circ1239,,,,130,122,,,0.37249,0.36637,,,,,,,,,,,0.37249,0.36637
Adygei_Shapsug_Black_Sea,Jeong_2019,"Krasnodar region, Lazarevsky and Tuapsinsky districts",Russia,44.15,39.12,shap1240,abkh1242,"no match, manually checked","glottocodeUpstream, manually checked",,,adyg1241,adyg1241,dialect,adyg1241,language,,,,,,,,,,,130,122,,,0.37249,0.36637,,,0.37249,0.36637
Adygei_Shapsug_Kuban,Jeong_2019,Adyghei Republic,Russia,45,38.75,shap1240,abkh1242,"no match, manually checked","glottocodeUpstream, manually checked",,,adyg1241,adyg1241,dialect,adyg1241,language,,,,,,,,,,,130,122,,,0.37249,0.36637,,,0.37249,0.36637
Afar_WGA,LazaridisNature2014,..,Ethiopia,11.8,41.4,afar1241,afro1255,glottocodeBase,glottocodeBase,afar1241,afar1241,afar1241,afar1241,language,saho1245,,175,163,60,57,0.86207,0.83163,0.17192,0.17117,,,,,,,,,0.86207,0.83163,0.17192,0.17117
AfroAmericans_Denver,LazaridisNature2014,Denver_Colorado,USA,39.7,-105,ND,,"no match, manually checked","no match, manually checked",,,,,,,,,,,,,,,,,,,,,,,,,,,
Ain_Touta_WGA,LazaridisNature2014,Batna,Algeria,35.4,5.9,tach1249,afro1255,"no match, manually checked",glottocodeBase,,,tach1249,tach1249,language,zena1250,,,,12,10,,,0.03438,0.03003,,,,,,,,,,,0.03438,0.03003
Albanian,LazaridisNature2014,Tirana,Albania,41.33,19.83,alba1267,indo1319,"proxy gehg1238 manually checked, note: genetic sample from Tirana (Gheg)","proxy tosk1239 manually checked, genetic sample from Tirana (Gheg), but tosk1239 used",gheg1238,gheg1238,tosk1239,tosk1239,,clas1257,,,,23,21,,,0.0659,0.06306,,,,,,,,,0.89655,0.87245,0.30659,0.31532
Aleut,LazaridisNature2014,Nikolskoye,Russia,55.18,166,aleu1260,eski1264,glottocodeBase,glottocodeBase,aleu1260,aleu1260,aleu1260,aleu1260,language,aleu1261,,175,168,160,149,0.86207,0.85714,0.45845,0.44745,,,,,,,,,0.86207,0.85714,0.45845,0.44745
Aleut_Tlingit,LazaridisNature2014,Nikolskoye,Russia,55.18,166,aleu1260,eski1264,glottocodeBase,glottocodeBase,aleu1260,aleu1260,aleu1260,aleu1260,language,aleu1261,,175,168,160,149,0.86207,0.85714,0.45845,0.44745,,,,,,,,,0.86207,0.85714,0.45845,0.44745
Algerian,LazaridisNature2014,Algiers,Algeria,36.75,3.04,alge1239,afro1255,"no match, manually checked","no match, manually checked",,,,,language,nort3191,,,,,,,,,,,,,,,,,,,,,
Algonquin,LazaridisNature2014,Quebec,Canada,48.4,-71.1,algo1255,algi1248,"no match, manually checked",glottocodeBase,,,algo1255,algo1255,language,seve1242,,,,2,2,,,0.00573,0.00601,,,,,,,,,,,0.00573,0.00601
Altaian,LazaridisNature2014,..,Russia,51.9,85.95,sout2694,turk1311,"no match, manually checked",glottocodeBase,,,sout2694,sout2694,language,east2791,,,,8,8,,,0.02292,0.02402,,,,,,,,,,,0.02292,0.02402
Altaian_Chelkans,Jeong_2019,"Altai Republic, Turochaksky district",Russia,52.33,86.97,chel1242,turk1311,"no match, manually checked","glottocodeUpstream, manually checked",,,nort2686,nort2686,dialect,nort2686,language,,,,,,,,,,,41,39,,,0.11748,0.11712,,,0.11748,0.11712
Altaian_Kizhi,Jeong_2019,"Altai Republic, Ongudaisky district",Russia,50.7,86.38,tuba1280,turk1311,"no match, manually checked","glottocodeUpstream, manually checked",,,nort2686,nort2686,dialect,nort2686,language,,,,,,,,,,,41,39,,,0.11748,0.11712,,,0.11748,0.11712
Altaian_Telengit,Jeong_2019,"Altai Republic, Kosh-Agachsky and Ulagansky districts",Russia,50.03,88.5,tala1279,turk1311,"no match, manually checked","glottocodeUpstream, manually checked",,,sout2694,sout2694,dialect,sout2694,language,,,,,,,,,,,8,8,,,0.02292,0.02402,,,0.02292,0.02402
Ami,LazaridisNature2014,..,Taiwan,22.8,121.2,amis1246,aust1307,glottocodeBase,glottocodeBase,amis1246,amis1246,amis1246,amis1246,language,cent2103,,112,95,13,11,0.55172,0.48469,0.03725,0.03303,,,,,,,,,0.55172,0.48469,0.03725,0.03303
Apalai,SkoglundNature2015,Par_(Karib),Brazil,-1.333333333,-54.66666667,apal1257,cari1283,"no match, manually checked",glottocodeBase,,,apal1257,apal1257,language,cari1283,,,,88,84,,,0.25215,0.25225,,,,,,,,,,,0.25215,0.25225
Araba,FloresBelloBasque2021,,Spain,42.8592,-2.6818,aval1237,basq1248,"glottocodeUpstream, manually checked","glottocodeUpstream, manually checked",basq1248,basq1248,basq1248,basq1248,dialect,basq1248,language,,,,,,,,,157,145,234,220,0.7734,0.7398,0.67049,0.66066,0.7734,0.7398,0.67049,0.66066
Arara,SkoglundNature2015,Par_(Karib),Brazil,-3.9,-53.6,para1310,cari1283,"no match, manually checked",glottocodeBase,,,para1310,para1310,language,xing1247,,,,32,29,,,0.09169,0.08709,,,,,,,,,,,0.09169,0.08709
Armenian,LazaridisNature2014,Yerevan,Armenia,40.193561,44.545441,nucl1235,indo1319,glottocodeBase,glottocodeBase,nucl1235,nucl1235,nucl1235,nucl1235,language,east2768,,183,173,258,243,0.90148,0.88265,0.73926,0.72973,,,,,,,,,0.90148,0.88265,0.73926,0.72973
Armenian_Hemsheni,Jeong_2019,"Adyghei Republic, Maykop, p.Proletarsky",Russia,41,39.7,hams1240,indo1319,"no match, manually checked","glottocodeUpstream, manually checked",,,homs1234,homs1234,dialect,homs1234,language,,,,,,,,,,,48,44,,,0.13754,0.13213,,,0.13754,0.13213
Armenian_WGA,LazaridisNature2014,Yerevan,Armenia,40.2,44.5,nucl1235,indo1319,glottocodeBase,glottocodeBase,nucl1235,nucl1235,nucl1235,nucl1235,language,east2768,,183,173,258,243,0.90148,0.88265,0.73926,0.72973,,,,,,,,,0.90148,0.88265,0.73926,0.72973
Ashkenazi_Jew,LazaridisNature2014,migrants_collected_in_Israel,Poland,52.23333333,21.01666667,east2295,indo1319,"no match, manually checked",glottocodeBase,,,east2295,east2295,language,schl1237,,,,43,40,,,0.12321,0.12012,,,,,,,,,,,0.12321,0.12012
Assyrian,LazaridisNature2016,mixed locations,"Turkey,Iran,Iraq",,,assy1241,afro1255,proxy chal1275 manually checked,"glottocodeBase, proxy chal1275 manually checked",chal1275,chal1275,assy1241,assy1241,language,nort3241,,,,66,60,,,0.18911,0.18018,,,,,,,,,0.83744,0.82143,0.18911,0.18018
Assyrian_WGA,LazaridisNature2014,Arzni,Armenia,40.3,44.6,assy1241,afro1255,proxy chal1275 manually checked,"glottocodeBase, proxy chal1275 manually checked",chal1275,chal1275,assy1241,assy1241,language,nort3241,,,,66,60,,,0.18911,0.18018,,,,,,,,,0.83744,0.82143,0.18911,0.18018
Ata_Bili,SkoglundNature2016,New Britain,Papua_New_Guinea,-5.642,151,pele1245,pele1245,glottocodeBase,glottocodeBase,pele1245,pele1245,pele1245,pele1245,language,pele1245,language,48,40,1,1,0.23645,0.20408,0.00287,0.003,48,40,1,1,0.23645,0.20408,0.00287,0.003,0.23645,0.20408,0.00287,0.003
Ata_Luge,SkoglundNature2016,New Britain,Papua_New_Guinea,-5.69123,151.009441,pele1245,pele1245,glottocodeBase,glottocodeBase,pele1245,pele1245,pele1245,pele1245,language,pele1245,language,48,40,1,1,0.23645,0.20408,0.00287,0.003,48,40,1,1,0.23645,0.20408,0.00287,0.003,0.23645,0.20408,0.00287,0.003
Ata_Uassilau,SkoglundNature2016,New Britain,Papua_New_Guinea,-5.577338,150.885841,pele1245,pele1245,glottocodeBase,glottocodeBase,pele1245,pele1245,pele1245,pele1245,language,pele1245,language,48,40,1,1,0.23645,0.20408,0.00287,0.003,48,40,1,1,0.23645,0.20408,0.00287,0.003,0.23645,0.20408,0.00287,0.003
Atayal,LazaridisNature2014,..,Taiwan,24.6,121.3,atay1247,aust1307,glottocodeBase,glottocodeBase,atay1247,atay1247,atay1247,atay1247,language,atay1246,,101,91,73,68,0.49754,0.46429,0.20917,0.2042,,,,,,,,,0.49754,0.46429,0.20917,0.2042
Australian_WGA,QinStonekingMBE2015,..,Australia(ArnhemLand),-12.730839,134.592814,ND,,"no match, manually checked","no match, manually checked",,,,,,,,,,,,,,,,,,,,,,,,,,,
Avar_Gunibsky,Jeong_2019,"Dagestan Republic, Gunibsky district",Russia,41.22,48.3,avar1256,nakh1245,"no match, manually checked",glottocodeBase,,,avar1256,avar1256,language,avar1255,,,,137,126,,,0.39255,0.37838,,,,,,,,,,,0.39255,0.37838
Avar_Unchukulsky,Jeong_2019,"Dagestan Republic, Unchukulsky district",Russia,42.41,46.43,avar1256,nakh1245,"no match, manually checked",glottocodeBase,,,avar1256,avar1256,language,avar1255,,,,137,126,,,0.39255,0.37838,,,,,,,,,,,0.39255,0.37838
Aymara,LazaridisNature2014,..,Bolivia,-16.5,-68.2,sout2996,ayma1253,glottocodeBase,proxy cent2142 manually checked,sout2996,sout2996,cent2142,cent2142,language,nucl1667,,165,152,10,7,0.81281,0.77551,0.02865,0.02102,,,,,,,,,0.81281,0.77551,0.50143,0.48649
Azeri_Azerbajan,Jeong_2019,Azerbajan,Azerbaijan,40.06,47.19,nort2697,turk1311,glottocodeBase,glottocodeBase,nort2697,nort2697,nort2697,nort2697,language,azer1255,,167,158,62,58,0.82266,0.80612,0.17765,0.17417,,,5,5,,,0.01433,0.01502,0.82266,0.80612,0.17765,0.17417
Azeri_Dagestan,Jeong_2019,Dagestan Republic,Russia,42.2,48.23,nort2697,turk1311,glottocodeBase,glottocodeBase,nort2697,nort2697,nort2697,nort2697,language,azer1255,,167,158,62,58,0.82266,0.80612,0.17765,0.17417,,,5,5,,,0.01433,0.01502,0.82266,0.80612,0.17765,0.17417
Azeri_WGA,LazaridisNature2014,Baku,Azerbaijan,40.4,49.9,nort2697,turk1311,glottocodeBase,glottocodeBase,nort2697,nort2697,nort2697,nort2697,language,azer1255,,167,158,62,58,0.82266,0.80612,0.17765,0.17417,,,5,5,,,0.01433,0.01502,0.82266,0.80612,0.17765,0.17417
Bahun,WangNature2021,,Nepal,27.4,85.3,nepa1254,indo1319,glottocodeBase,glottocodeBase,nepa1254,nepa1254,nepa1254,nepa1254,language,east1436,,153,145,185,171,0.75369,0.7398,0.53009,0.51351,,,,,,,,,0.75369,0.7398,0.53009,0.51351
Baining_Malasait,SkoglundNature2016,New Britain,Papua_New_Guinea,-4.467,151.9,bain1263,bain1263,"proxy qaqe1238 manually checked, language of glottocodeBase (family), proxy chosen from within small family based on geographic coordinates of sample provenance and data availability","proxy qaqe1238 manually checked, language of glottocodeBase (family), proxy chosen from within small family based on geographic coordinates of sample provenance and data availability",qaqe1238,qaqe1238,qaqe1238,qaqe1238,,bain1263,,,,,,,,,,,,,,,,,,0.26108,0.20918,0.14327,0.14715
Baining_Marabu,SkoglundNature2016,New Britain,Papua_New_Guinea,-4.633,152.3,bain1263,bain1263,"proxy mali1284 manually checked, language of glottocodeBase (family), proxy chosen from within small family based on geographic coordinates of sample provenance and data availability","proxy mali1284 manually checked, language of glottocodeBase (family), proxy chosen from within small family based on geographic coordinates of sample provenance and data availability",mali1284,mali1284,mali1284,mali1284,,bain1263,,,,,,,,,,,,,,,,,,0.50739,0.5051,0.08309,0.06607
Bajo,SkoglundNature2016,"Kendari city, Southeast Sulawesi",Indonesia,-3.967488889,122.5947,indo1317,aust1307,"no match, manually checked, GBM has good coverage for west2560, but this is spoken in Northern Borneo",glottocodeBase,,,indo1317,indo1317,language,born1254,,,,67,64,,,0.19198,0.19219,,,,,,,,,,,0.19198,0.19219
Balkar,LazaridisNature2014,Nalchik_in_Kabardino-Balkar-Republic,Russia,43.483333,43.616667,kara1465,turk1311,"no match, manually checked",glottocodeBase; proxy kumy1244 manually checked,,,kara1465,kara1465,language,kauk1241,,,,62,57,,,0.17765,0.17117,,,,,,,,,,,0.17765,0.17117
Balochi,PattersonGenetics2012,..,Pakistan,30.49871492,66.5,east2304,indo1319,"no match, manually checked",glottocodeBase,,,east2304,east2304,language,balo1260,,,,36,35,,,0.10315,0.10511,,,,,,,,,,,0.10315,0.10511
BantuKenya,PattersonGenetics2012,..,Kenya,-3,37,ND,,"no match, manually checked","no match, manually checked",,,,,,,,,,,,,,,,,,,,,,,,,,,
BantuSA_Herero,PattersonGenetics2012,..,BotswanaOrNamibia,-22,19,here1253,atla1278,glottocodeBase,glottocodeBase,here1253,here1253,here1253,here1253,language,here1252,,173,162,43,42,0.85222,0.82653,0.12321,0.12613,,,,,,,,,0.85222,0.82653,0.12321,0.12613
BantuSA_Ovambo,PattersonGenetics2012,..,Angola,-19,18,ndon1254,atla1278,proxy mbal1255 manually checked,glottocodeBase,mbal1255,mbal1255,ndon1254,ndon1254,language,kwam1257,,,,79,74,,,0.22636,0.22222,,,,,,,,,0.46305,0.43367,0.22636,0.22222
BantuSA_Pedi,PattersonGenetics2012,..,SouthAfrica,-29,30,pedi1238,atla1278,"no match, manually checked",glottocodeBase,,,pedi1238,pedi1238,language,sepe1241,,,,24,24,,,0.06877,0.07207,,,,,,,,,,,0.06877,0.07207
BantuSA_S_Sotho,PattersonGenetics2012,..,Lesotho,-29,29,sout2807,atla1278,glottocodeBase,glottocodeBase,sout2807,sout2807,sout2807,sout2807,language,seso1234,,168,158,76,69,0.82759,0.80612,0.21777,0.20721,,,,,,,,,0.82759,0.80612,0.21777,0.20721
BantuSA_Tswana,PattersonGenetics2012,..,BotswanaOrNamibia,-28,24,tswa1253,atla1278,glottocodeBase,glottocodeBase,tswa1253,tswa1253,tswa1253,tswa1253,language,cent2406,,158,146,18,17,0.77833,0.7449,0.05158,0.05105,,,,,,,,,0.77833,0.7449,0.05158,0.05105
BantuSA_Zulu,PattersonGenetics2012,..,SouthAfrica,-28,31,zulu1248,atla1278,glottocodeBase,glottocodeBase,zulu1248,zulu1248,zulu1248,zulu1248,language,ngun1267,,40,38,240,226,0.19704,0.19388,0.68768,0.67868,,,,,,,,,0.19704,0.19388,0.68768,0.67868
Barito,QinStonekingMBE2015,"Barito River region, Southwest Borneo",Indonesia,-2.33,114.67,ND,,"no match, manually checked","no match, manually checked",,,,,,,,,,,,,,,,,,,,,,,,,,,
Bashkir_Burzjan_Baimaksky,Jeong_2019,"Bashkiria Republic, Baimaksky district",Russia,52.58,58.32,burz1239,turk1311,"glottocodeUpstream, manually checked","glottocodeUpstream, manually checked",bash1264,bash1264,bash1264,bash1264,dialect,bash1264,language,,,,,,,,,143,132,133,124,0.70443,0.67347,0.38109,0.37237,0.70443,0.67347,0.38109,0.37237
Bashkir_IkskoBelsky_Kyrgyz,Jeong_2019,"Bashkiria Republic, Ilishevsky district",Russia,55.43,54.32,bash1264,turk1311,glottocodeBase,glottocodeBase,bash1264,bash1264,bash1264,bash1264,language,bash1267,,143,132,133,124,0.70443,0.67347,0.38109,0.37237,,,,,,,,,0.70443,0.67347,0.38109,0.37237
Bashkir_IkskoBelsky_Uran,Jeong_2019,"Bashkiria Republic, Ianaul",Russia,56.27,54.08,bash1264,turk1311,glottocodeBase,glottocodeBase,bash1264,bash1264,bash1264,bash1264,language,bash1267,,143,132,133,124,0.70443,0.67347,0.38109,0.37237,,,,,,,,,0.70443,0.67347,0.38109,0.37237
Bashkir_Ming_Miyakinsky,Jeong_2019,"Bashkiria Republic, Davlekanovo",Russia,54.9,55.03,bash1264,turk1311,glottocodeBase,glottocodeBase,bash1264,bash1264,bash1264,bash1264,language,bash1267,,143,132,133,124,0.70443,0.67347,0.38109,0.37237,,,,,,,,,0.70443,0.67347,0.38109,0.37237
Bashkir_North_Tabyn_Balysky,Jeong_2019,"Bashkiria Republic, Arkhangelsk district",Russia,54.52,56.93,bash1264,turk1311,glottocodeBase,glottocodeBase,bash1264,bash1264,bash1264,bash1264,language,bash1267,,143,132,133,124,0.70443,0.67347,0.38109,0.37237,,,,,,,,,0.70443,0.67347,0.38109,0.37237
Bashkir_North_Unlar,Jeong_2019,"Bashkiria Republic, Karaidelsky district",Russia,55.87,56.73,bash1264,turk1311,glottocodeBase,glottocodeBase,bash1264,bash1264,bash1264,bash1264,language,bash1267,,143,132,133,124,0.70443,0.67347,0.38109,0.37237,,,,,,,,,0.70443,0.67347,0.38109,0.37237
Bashkir_Tamyan_Kypcak,Jeong_2019,"Bashkiria Republic, Kugarchinsky district",Russia,52.67,56.55,bash1264,turk1311,glottocodeBase,glottocodeBase,bash1264,bash1264,bash1264,bash1264,language,bash1267,,143,132,133,124,0.70443,0.67347,0.38109,0.37237,,,,,,,,,0.70443,0.67347,0.38109,0.37237
Bashkir_Yurmaty,Jeong_2019,"Bashkiria Republic, Ishimbai",Russia,53.45,56.03,yurm1239,turk1311,"glottocodeUpstream, manually checked","glottocodeUpstream, manually checked",bash1264,bash1264,bash1264,bash1264,dialect,bash1264,language,,,,,,,,,143,132,133,124,0.70443,0.67347,0.38109,0.37237,0.70443,0.67347,0.38109,0.37237
Basque,PattersonGenetics2012,..,France,43,0,basq1248,basq1248,glottocodeBase,glottocodeBase,basq1248,basq1248,basq1248,basq1248,language,basq1248,language,157,145,234,220,0.7734,0.7398,0.67049,0.66066,157,145,234,220,0.7734,0.7398,0.67049,0.66066,0.7734,0.7398,0.67049,0.66066
Bearn,FloresBelloBasque2021,,France,43.5547,-0.1576,stan1290,indo1319,glottocodeBase,glottocodeBase,stan1290,stan1290,stan1290,stan1290,language,glob1239,,182,172,282,261,0.89655,0.87755,0.80802,0.78378,,,,,,,,,0.89655,0.87755,0.80802,0.78378
BedouinA,PattersonGenetics2012,Negev,Israel,31,35,east2690,afro1255,glottocodeBase,"no match, manually checked",east2690,east2690,,,language,egyp1251,,129,121,,,0.63547,0.61735,,,,,,,,,,,0.63547,0.61735,,
BedouinB,PattersonGenetics2012,Negev,Israel,31,35,east2690,afro1255,glottocodeBase,"no match, manually checked",east2690,east2690,,,language,egyp1251,,129,121,,,0.63547,0.61735,,,,,,,,,,,0.63547,0.61735,,
Belarusian,LazaridisNature2014,Vitebsk_Senno_Shumilino_Glubokoe_Dubrovno_Slutsk_Cherven_Kobrin,Belarus,53.9198542,28.0119322,bela1254,indo1319,glottocodeBase,glottocodeBase,bela1254,bela1254,bela1254,bela1254,language,east1426,,178,169,49,45,0.87685,0.86224,0.1404,0.13514,,,,,,,,,0.87685,0.86224,0.1404,0.13514
Bengali,LazaridisNature2014,..,Bangladesh,23.7,90.4,beng1280,indo1319,"no match, manually checked",glottocodeBase,,,beng1280,beng1280,language,gaud1238,,,,111,106,,,0.31805,0.31832,,,,,,,,,,,0.31805,0.31832
Bergamo,Mallick2016,..,Italy(Bergamo),46,10,ital1282,indo1319,glottocodeBase,glottocodeBase,ital1282,ital1282,ital1282,ital1282,language,ital1287,,180,171,204,194,0.8867,0.87245,0.58453,0.58258,,,,,,,,,0.8867,0.87245,0.58453,0.58258
Besermyan,Jeong_2019,"Udmurtia Republic, Yukamensky district",Russia,58.01,52.09,bese1243,ural1272,"no match, manually checked","glottocodeUpstream, manually checked",,,udmu1245,udmu1245,dialect,udmu1245,language,,,36,35,,,0.10315,0.10511,,,127,118,,,0.3639,0.35435,,,0.3639,0.35435
BiakaPygmy,PattersonGenetics2012,..,Central_African_Republic,4,17,yaka1272,atla1278,glottocodeBase,"glottocodeBase, could dibo1245 be used as a proxy? (increase density to 0.14)",yaka1272,yaka1272,yaka1272,yaka1272,language,bwam1249,,134,123,1,1,0.6601,0.62755,0.00287,0.003,,,,,,,,,0.6601,0.62755,0.00287,0.003
Bigorre,FloresBelloBasque2021,,France,43.1256,0.3164,stan1290,indo1319,glottocodeBase,glottocodeBase,stan1290,stan1290,stan1290,stan1290,language,glob1239,,182,172,282,261,0.89655,0.87755,0.80802,0.78378,,,,,,,,,0.89655,0.87755,0.80802,0.78378
Bizkaia,FloresBelloBasque2021,,Spain,43.263,-2.935,bisc1236,basq1248,"glottocodeUpstream, manually checked","glottocodeUpstream, manually checked",basq1248,basq1248,basq1248,basq1248,dialect,basq1248,language,,,,,,,,,157,145,234,220,0.7734,0.7398,0.67049,0.66066,0.7734,0.7398,0.67049,0.66066
BlackTai,Kutanan2021,,Thailand,17.79,101.73,taid1247,taik1256,"no match, manually checked","no match, manually checked",,,,,language,blac1269,,,,,,,,,,,,,,,,,,,,,
Blang,Kutanan2021,,Thailand,19.56,99.09,blan1242,aust1305,glottocodeBase,glottocodeBase,blan1242,blan1242,blan1242,blan1242,language,bula1260,,121,98,37,36,0.59606,0.5,0.10602,0.10811,,,,,,,,,0.59606,0.5,0.10602,0.10811
Bolivia_Quechua,LazaridisNature2014,..,Bolivia,-20,-66,sout2991,quec1387,"no match, manually checked",glottocodeBase,,,sout2991,sout2991,language,sout3406,,,,94,92,,,0.26934,0.27628,,,,,,,,,,,0.26934,0.27628
Bolivian,LazaridisNature2014,La_Paz Pando Cochabamba,Bolivia,-16.5,-68.15,ND,,"no match, manually checked","no match, manually checked",,,,,,,,,,,,,,,,,,,,,,,,,,,
Bonan,WangNature2021,,China,35.7,102.8,bona1250,mong1349,glottocodeBase,glottocodeBase,bona1250,bona1250,bona1250,bona1250,language,baoa1237,,141,127,63,59,0.69458,0.64796,0.18052,0.17718,,,,,,,,,0.69458,0.64796,0.18052,0.17718
Brahmin_Tiwari,LazaridisNature2014,Raigarh_Chhattisgarh,India,21.9,83.4,chha1249,indo1319,"no match, manually checked","no match, manually checked",,,,,language,east2726,,,,,,,,,,,,,,,,,,,,,
Brahui,PattersonGenetics2012,..,Pakistan,30.49871492,66.5,brah1256,drav1251,glottocodeBase,glottocodeBase,brah1256,brah1256,brah1256,brah1256,language,nort2698,,139,128,188,174,0.68473,0.65306,0.53868,0.52252,,,,,,,,,0.68473,0.65306,0.53868,0.52252
Bru,Kutanan2021,,Thailand,17.39,103.7,brou1236,aust1305,"proxy sooo1254 manually checked, downstream language for glottocodeBase (family)","proxy west2397 manually checked, downstream language for glottocodeBase (family)",sooo1254,sooo1254,west2397,west2397,,west1492,,,,,,,,,,,,,,,,,,0.63547,0.53571,0.12607,0.12913
Buka,SkoglundNature2016,Bougainville,Papua_New_Guinea,-5.422,154.673,buka1262,aust1307,"no match, manually checked","no match, manually checked",,,,,,nucl1750,,,,,,,,,,,,,,,,,,,,,
Buka_Petats,SkoglundNature2016,Bougainville,Papua_New_Guinea,-5.333,154.55,peta1245,aust1307,"no match, manually checked",glottocodeBase,,,peta1245,peta1245,language,buka1262,,,,35,34,,,0.10029,0.1021,,,,,,,,,,,0.10029,0.1021
Bulgarian,LazaridisNature2014,Plovdiv,Bulgaria,42.163403,24.741211,bulg1262,indo1319,"no match, manually checked",glottocodeBase,,,bulg1262,bulg1262,language,mace1252,,,,214,202,,,0.61318,0.60661,,,,,,,,,,,0.61318,0.60661
Burbur_WGA,LazaridisNature2014,Ifrane,Morocco,33.5,5.1,taga1278,afro1255,"no match, manually checked",glottocodeBase,,,taga1278,taga1278,language,ouar1239,,,,2,2,,,0.00573,0.00601,,,,,,,,,,,0.00573,0.00601
Burgos,FloresBelloBasque2021,,Spain,42.344,-3.6969,stan1288,indo1319,"no match, manually checked",glottocodeBase,,,stan1288,stan1288,language,cast1243,,,,285,268,,,0.81662,0.8048,,,,,,,,,,,0.81662,0.8048
Burmese,SkoglundNature2016,Dedaye/Ayeyarwady/Burmese,Myanmar,17.96,96.72,nucl1310,sino1245,glottocodeBase,glottocodeBase,nucl1310,nucl1310,nucl1310,nucl1310,language,nucl1811,,176,155,218,206,0.867,0.79082,0.62464,0.61862,,,,,,,,,0.867,0.79082,0.62464,0.61862
Burusho,PattersonGenetics2012,..,Pakistan,36.49838568,74,buru1296,buru1296,glottocodeBase,glottocodeBase,buru1296,buru1296,buru1296,buru1296,language,buru1296,language,162,155,216,203,0.79803,0.79082,0.61891,0.60961,162,155,216,203,0.79803,0.79082,0.61891,0.60961,0.79803,0.79082,0.61891,0.60961
Buryat_Buryatya_Horinsky_Selenginsky,Jeong_2019,"Buryat Republic, Khorinsky districts",Russia,52.61,109.85,russ1264,mong1349,glottocodeBase,glottocodeBase,russ1264,russ1264,russ1264,russ1264,language,buri1258,,153,144,38,36,0.75369,0.73469,0.10888,0.10811,,,37,32,,,0.10602,0.0961,0.75369,0.73469,0.10888,0.10811
Buryat_Buryatya_Zakamensky,Jeong_2019,"Buryat Republic, Zakamensky district",Russia,50.88,103.43,russ1264,mong1349,glottocodeBase,glottocodeBase,russ1264,russ1264,russ1264,russ1264,language,buri1258,,153,144,38,36,0.75369,0.73469,0.10888,0.10811,,,37,32,,,0.10602,0.0961,0.75369,0.73469,0.10888,0.10811
Buryat_Irkutskaya,Jeong_2019,"Irkutsk region, Bayanday, Bokhansky, Olkhonsky, Ekhirit-Bulagatsky districts",Russia,57.3,105.69,russ1264,mong1349,glottocodeBase,glottocodeBase,russ1264,russ1264,russ1264,russ1264,language,buri1258,,153,144,38,36,0.75369,0.73469,0.10888,0.10811,,,37,32,,,0.10602,0.0961,0.75369,0.73469,0.10888,0.10811
Buryat_Zabaikalsky_Aginsky,Jeong_2019,"Zabaykalsky region, Aginsky district",Russia,51.11,114.54,russ1264,mong1349,glottocodeBase,glottocodeBase,russ1264,russ1264,russ1264,russ1264,language,buri1258,,153,144,38,36,0.75369,0.73469,0.10888,0.10811,,,37,32,,,0.10602,0.0961,0.75369,0.73469,0.10888,0.10811
Buryat_Zabaikalsky_Duldurginsky,Jeong_2019,"Zabaykalsky region, Duldurginsky district",Russia,50.68,113.59,russ1264,mong1349,glottocodeBase,glottocodeBase,russ1264,russ1264,russ1264,russ1264,language,buri1258,,153,144,38,36,0.75369,0.73469,0.10888,0.10811,,,37,32,,,0.10602,0.0961,0.75369,0.73469,0.10888,0.10811
Cabecar,LazaridisNature2014,..,Costa_Rica,9.5,-84,cabe1245,chib1249,glottocodeBase,proxy brib1243 manually checked,cabe1245,cabe1245,brib1243,brib1243,language,vice1244,,118,101,4,4,0.58128,0.51531,0.01146,0.01201,,,,,,,,,0.58128,0.51531,0.2808,0.26426
Cambodian,PattersonGenetics2012,..,Cambodia,12,105,cent1989,aust1305,glottocodeBase,glottocodeBase,cent1989,cent1989,cent1989,cent1989,language,khme1253,,128,103,150,140,0.63054,0.52551,0.4298,0.42042,,,,,,,,,0.63054,0.52551,0.4298,0.42042
Cameroon_Aghem,Lipson_2020,,Cameroon,,,aghe1239,atla1278,glottocodeBase,glottocodeBase,aghe1239,aghe1239,aghe1239,aghe1239,language,aghe1241,,152,133,55,52,0.74877,0.67857,0.15759,0.15616,,,,,,,,,0.74877,0.67857,0.15759,0.15616
Cameroon_Bafut,Lipson_2020,,Cameroon,,,bafu1246,atla1278,glottocodeBase,glottocodeBase,bafu1246,bafu1246,bafu1246,bafu1246,language,mank1258,,165,142,49,46,0.81281,0.72449,0.1404,0.13814,,,,,,,,,0.81281,0.72449,0.1404,0.13814
Cameroon_Bakoko,Lipson_2020,,Cameroon,,,bako1249,atla1278,"no match, manually checked",proxy basa1284 manually checked,,,basa1284,basa1284,language,basa1289,,,,36,35,,,0.10315,0.10511,,,,,,,,,,,0.20917,0.2012
Cameroon_Bangwa,Lipson_2020,,Cameroon,,,ndan1241,atla1278,proxy fefe1239 manually checked,proxy fefe1239 manually checked,fefe1239,fefe1239,fefe1239,fefe1239,language,east2862,,,,,,,,,,,,,,,,,,0.62562,0.58673,0.12607,0.12913
Cameroon_Mbo,Lipson_2020,,Cameroon,,,mboc1235,atla1278,glottocodeBase,glottocodeBase,mboc1235,mboc1235,mboc1235,mboc1235,language,mane1268,,140,132,38,37,0.68966,0.67347,0.10888,0.11111,,,,,,,,,0.68966,0.67347,0.10888,0.11111
Canary_Islander,LazaridisNature2014,Canary_Islands,Spain,28.1,-15.4,cana1258,indo1319,"no match, manually checked","glottocodeUpstream, manually checked",,,stan1288,stan1288,dialect,stan1288,language,,,,,,,,,,,285,268,,,0.81662,0.8048,,,0.81662,0.8048
Cantabria,FloresBelloBasque2021,,Spain,43.1828,-3.9878,stan1288,indo1319,"no match, manually checked",glottocodeBase,,,stan1288,stan1288,language,cast1243,,,,285,268,,,0.81662,0.8048,,,,,,,,,,,0.81662,0.8048
Cao,Barbieri_2019,Magdalena de Cao,Peru,-7.880239,-79.303181,ND,,"no match, manually checked","no match, manually checked",,,,,,,,,,,,,,,,,,,,,,,,,,,
Central_WesternNafarroa,FloresBelloBasque2021,,Spain,42.9134,-1.8181,alto1237,basq1248,"glottocodeUpstream, manually checked","glottocodeUpstream, manually checked",basq1248,basq1248,basq1248,basq1248,dialect,basq1248,language,,,,,,,,,157,145,234,220,0.7734,0.7398,0.67049,0.66066,0.7734,0.7398,0.67049,0.66066
CentralThai,Kutanan2021,,Thailand,13.71,99.77,thai1261,taik1256,glottocodeBase,glottocodeBase,thai1261,thai1261,thai1261,thai1261,language,laot1235,,72,57,224,200,0.35468,0.29082,0.64183,0.6006,,,,,,,,,0.35468,0.29082,0.64183,0.6006
Chalosse,FloresBelloBasque2021,,France,43.7011,-1.0118,stan1290,indo1319,glottocodeBase,glottocodeBase,stan1290,stan1290,stan1290,stan1290,language,glob1239,,182,172,282,261,0.89655,0.87755,0.80802,0.78378,,,,,,,,,0.89655,0.87755,0.80802,0.78378
Chane,LazaridisNature2014,..,Argentina,-25,-60,chan1322,araw1281,proxy tere1281 manually checked,"glottocodeUpstream, manually checked",tere1281,tere1281,tere1279,tere1279,dialect,tere1279,language,,,,,,,,,,,39,37,,,0.11175,0.11111,0.42365,0.42347,0.11175,0.11111
Chechen,LazaridisNature2014,Grozny_in_Chechen_Republic,Russia,43.333333,45.65,chec1245,nakh1245,glottocodeBase,glottocodeBase,chec1245,chec1245,chec1245,chec1245,language,chec1244,,158,145,137,129,0.77833,0.7398,0.39255,0.38739,,,,,,,,,0.77833,0.7398,0.39255,0.38739
Chilote,LazaridisNature2014,..,Chile,-42.5,-73.9,huil1244,arau1255,proxy mapu1245 manually checked,proxy mapu1245 manually checked,mapu1245,mapu1245,mapu1245,mapu1245,language,arau1255,,,,,,,,,,,,,,,,,,0.87192,0.83673,0.57593,0.56456
Chipewyan,LazaridisNature2014,Uranium_City,Canada,59.6,-107.3,chip1261,atha1245,glottocodeBase,glottocodeBase,chip1261,chip1261,chip1261,chip1261,language,nort3354,,164,150,94,91,0.80788,0.76531,0.26934,0.27327,,,,,,,,,0.80788,0.76531,0.26934,0.27327
Choiseul,QinStonekingMBE2015,Western_Solomon_Islands,Solomon_Islands,-8.025334,156.580628,ND,,"no match, manually checked","no match, manually checked",,,,,,,,,,,,,,,,,,,,,,,,,,,
Chotuna,Barbieri_2019,,Peru,-6.720019,-79.952168,ND,,"no match, manually checked","no match, manually checked",,,,,,,,,,,,,,,,,,,,,,,,,,,
Chukchi,LazaridisNature2014,..,Russia,69,169,chuk1273,chuk1271,glottocodeBase,glottocodeBase,chuk1273,chuk1273,chuk1273,chuk1273,language,chuk1272,,166,154,268,254,0.81773,0.78571,0.76791,0.76276,,,,,,,,,0.81773,0.78571,0.76791,0.76276
Chukchi_Ayon,LazaridisNature2014,Ayon,Russia,69.9,168,chuk1273,chuk1271,glottocodeBase,glottocodeBase,chuk1273,chuk1273,chuk1273,chuk1273,language,chuk1272,,166,154,268,254,0.81773,0.78571,0.76791,0.76276,,,,,,,,,0.81773,0.78571,0.76791,0.76276
Chulucanas,Barbieri_2019,,Peru,-6.693314,-79.919126,ND,,"no match, manually checked","no match, manually checked",,,,,,,,,,,,,,,,,,,,,,,,,,,
Chuvash,LazaridisNature2014,Cheboksary_in_Chuvash_Republic,Russia,56.110278,47.251111,chuv1255,turk1311,glottocodeBase,glottocodeBase,chuv1255,chuv1255,chuv1255,chuv1255,language,bolg1249,,171,159,152,143,0.84236,0.81122,0.43553,0.42943,,,,,,,,,0.84236,0.81122,0.43553,0.42943
Chuvash_Tatarstan,Jeong_2019,"Tatarstan Republic, Apastovsky, Drozhzhanovsky, Kaibitsky districts",Russia,54.75,47.78,chuv1255,turk1311,glottocodeBase,glottocodeBase,chuv1255,chuv1255,chuv1255,chuv1255,language,bolg1249,,171,159,152,143,0.84236,0.81122,0.43553,0.42943,,,,,,,,,0.84236,0.81122,0.43553,0.42943
Circassian,Jeong_2019,Karachaevo-Cherkessia Republic,Russia,44.2,41.83,circ1239,abkh1242,"no match, manually checked","adyg1241 is closest proxy from sampling site geographically, manually checked; kaba1278 slightly further away",,,adyg1241,adyg1241,,abkh1242,,,,,,,,,,,,,,,,,,,,0.37249,0.36637
Cocama,Barbieri_2019,,Colombia,-4.133543763,-69.98190491,coca1260,tupi1275,"glottocodeUpstream, manually checked","glottocodeUpstream, manually checked",coca1259,coca1259,coca1259,coca1259,dialect,coca1259,language,,,,,,,,,162,152,82,75,0.79803,0.77551,0.23496,0.22523,0.79803,0.77551,0.23496,0.22523
Cofan,Barbieri_2019,,Colombia,0.42335,-76.90486,cofa1242,cofa1242,glottocodeBase,glottocodeBase,cofa1242,cofa1242,cofa1242,cofa1242,language,cofa1242,language,123,115,58,56,0.60591,0.58673,0.16619,0.16817,123,115,58,56,0.60591,0.58673,0.16619,0.16817,0.60591,0.58673,0.16619,0.16817
Cree,LazaridisNature2014,Saskatchewan,Canada,50.3,-102.5,cree1272,algi1248,proxy plai1258 manually checked,"proxies plai1258 and mich1243 manually checked; mich1243 is geographically slightly closer to sampling location, but plai1258 is better coded (0.4 vs. 0.1 approximately)",plai1258,plai1258,plai1258,plai1258,,cree1271,,,,,,,,,,,,,,,,,,0.7734,0.7551,0.4212,0.41742
Croatian,LazaridisNature2014,Split,Croatia,43.513,16.446,croa1245,indo1319,proxy sout1528 manually checked,glottocodeBase,sout1528,sout1528,croa1245,croa1245,dialect,east2821,dialect,,,127,119,,,0.3639,0.35736,,,,,,,,,0.867,0.84184,0.3639,0.35736
Cusco,Barbieri_2019,,Peru,-13.557018,-71.977261,cusc1236,quec1387,glottocodeBase,glottocodeBase,cusc1236,cusc1236,cusc1236,cusc1236,language,cusc1235,,153,145,54,52,0.75369,0.7398,0.15473,0.15616,,,,,,,,,0.75369,0.7398,0.15473,0.15616
Cusco2,Barbieri_2019,,Peru,-13.5237,-71.9724,cusc1236,quec1387,glottocodeBase,glottocodeBase,cusc1236,cusc1236,cusc1236,cusc1236,language,cusc1235,,153,145,54,52,0.75369,0.7398,0.15473,0.15616,,,,,,,,,0.75369,0.7398,0.15473,0.15616
Cypriot,LazaridisNature2014,Nicosia,Cyprus,35.13,33.43,cypr1248,afro1255,glottocodeBase,glottocodeBase,cypr1248,cypr1248,cypr1248,cypr1248,language,leva1239,,138,131,3,3,0.6798,0.66837,0.0086,0.00901,,,,,,,,,0.6798,0.66837,0.0086,0.00901
Czech,LazaridisNature2014,..,Czechoslovia(pre1989),50.1,14.4,czec1258,indo1319,glottocodeBase,glottocodeBase,czec1258,czec1258,czec1258,czec1258,language,czec1260,,176,165,115,108,0.867,0.84184,0.32951,0.32432,,,,,,,,,0.867,0.84184,0.32951,0.32432
Dai,PattersonGenetics2012,..,China,21,100,luuu1242,taik1256,"no match, manually checked",glottocodeBase,,,luuu1242,luuu1242,language,luey1235,,,,45,44,,,0.12894,0.13213,,,,,,,,,,,0.12894,0.13213
Damara,PickrellNatureCommunications2012,..,Namibia,-19.83018382,16.22573915,nama1264,khoe1240,glottocodeBase,glottocodeBase,nama1264,nama1264,nama1264,nama1264,language,nort3245,,86,78,202,186,0.42365,0.39796,0.5788,0.55856,,,,,,,,,0.42365,0.39796,0.5788,0.55856
Darginian,Jeong_2019,Dagestan Republic,Russia,42.18,47.22,darg1241,nakh1245,glottocodeBase,glottocodeBase,darg1241,darg1241,darg1241,darg1241,language,darg1242,,130,124,118,107,0.64039,0.63265,0.33811,0.32132,,,,,,,,,0.64039,0.63265,0.33811,0.32132
Datog,LazaridisNature2014,Gorofani/Mang'ola,Tanzania,-3.33,35.67,dato1239,nilo1247,"no match, manually checked",glottocodeBase,,,dato1239,dato1239,language,nort3277,,,,2,2,,,0.00573,0.00601,,,,,,,,,,,0.00573,0.00601
Daur,PattersonGenetics2012,..,China,48.49753416,124,daur1238,mong1349,glottocodeBase,glottocodeBase,daur1238,daur1238,daur1238,daur1238,language,mong1329,,130,118,111,104,0.64039,0.60204,0.31805,0.31231,,,,,,,,,0.64039,0.60204,0.31805,0.31231
Dinka,LazaridisNature2014,Aweil,Sudan,8.783333333,27.4,dink1262,nilo1247,"no match, manually checked",glottocodeBase,,,dink1262,dink1262,,dink1261,,,,77,72,,,0.22063,0.21622,,,,,,,,,,,0.22063,0.21622
Dolgan,LazaridisNature2014,Anabarsky_ulus_in_Sakha,Russia,72.971189,115.444336,dolg1241,turk1311,"no match, manually checked",glottocodeBase,,,dolg1241,dolg1241,language,nort2688,,,,42,40,,,0.12034,0.12012,,,,,,,,,,,0.12034,0.12012
Dong_Guizhou,WangNature2021,,China,26.2,109.2,kami1255,taik1256,"proxy caom1238 manually checked, based on availability, language of family as glottocodeBase","glottocodeBase; proxy nort2735 manually checked, based on availability, language of family as glottocodeBase",caom1238,caom1238,kami1255,kami1255,,mula1252,,,,9,8,,,0.02579,0.02402,,,,,,,,,0.71921,0.62245,0.02579,0.02402
Dong_Hunan,WangNature2021,,China,27.4,109.2,kami1255,taik1256,"proxy caom1238 manually checked, based on availability, language of family as glottocodeBase","glottocodeBase; proxy nort2735 manually checked, based on availability, language of family as glottocodeBase",caom1238,caom1238,kami1255,kami1255,,mula1252,,,,9,8,,,0.02579,0.02402,,,,,,,,,0.71921,0.62245,0.02579,0.02402
Dongxiang,WangNature2021,,China,35.6,103.2,dong1285,mong1349,glottocodeBase,glottocodeBase,dong1285,dong1285,dong1285,dong1285,language,baoa1237,,136,119,61,55,0.66995,0.60714,0.17479,0.16517,,,,,,,,,0.66995,0.60714,0.17479,0.16517
Druze,PattersonGenetics2012,..,Israel,32,35,sout3123,afro1255,proxy nort3139 manually checked,proxy nort3139 manually checked,nort3139,nort3139,nort3139,nort3139,dialect,nort3139,language,,,7,5,,,0.02006,0.01502,155,146,57,52,0.76355,0.7449,0.16332,0.15616,0.76355,0.7449,0.16332,0.15616
Dungan,Jeong_2019,Tashkent,Uzbekistan,41.3,69.27,dung1253,sino1245,"no match, manually checked",glottocodeBase,,,dung1253,dung1253,language,zhon1236,,,,2,1,,,0.00573,0.003,,,,,,,,,,,0.00573,0.003
Dusun,SkoglundNature2016,Tutong/Brunei/Dusun,Brunei,4.71,114.67,brun1245,aust1307,proxy saba1267 manually checked,"no match, manually checked",saba1267,saba1267,,,language,bisa1270,,,,,,,,,,,,,,,,,,0.46798,0.38265,,
Egyptian,LazaridisNature2014,Iskandaria plus various locations,Egypt,31.2,29.92,egyp1253,afro1255,glottocodeBase,glottocodeBase,egyp1253,egyp1253,egyp1253,egyp1253,language,egyp1254,,158,150,200,185,0.77833,0.76531,0.57307,0.55556,,,,,,,,,0.77833,0.76531,0.57307,0.55556
Egyptian1,LazaridisNature2014,Kafar_Sheikh plus various locations,Egypt,31.12,30.96,egyp1253,afro1255,glottocodeBase,glottocodeBase,egyp1253,egyp1253,egyp1253,egyp1253,language,egyp1254,,158,150,200,185,0.77833,0.76531,0.57307,0.55556,,,,,,,,,0.77833,0.76531,0.57307,0.55556
Egyptian2,LazaridisNature2014,migrants_collected_in_Kuwait,Egypt,30.173625,31.234131,egyp1253,afro1255,glottocodeBase,glottocodeBase,egyp1253,egyp1253,egyp1253,egyp1253,language,egyp1254,,158,150,200,185,0.77833,0.76531,0.57307,0.55556,,,,,,,,,0.77833,0.76531,0.57307,0.55556
Enets,Flegontov_2019,"Krasnoyarsk Region, Dudinka Potapovo",Russia,68.683287,86.273882,tund1254,ural1272,proxy fore1265 manually checked,"glottocodeUpstream, manually checked; proxy fore1265 manually checked",fore1265,fore1265,enet1250,enet1250,language,enet1250,,,,,,,,,,,,28,24,,,0.08023,0.07207,0.81281,0.79082,0.08023,0.07207
English_Cornwall,LazaridisNature2014,Cornwall,GreatBritain,50.03,-4.9,stan1293,indo1319,glottocodeBase,glottocodeBase,stan1293,stan1293,stan1293,stan1293,language,macr1271,,173,163,288,268,0.85222,0.83163,0.82521,0.8048,,,,,,,,,0.85222,0.83163,0.82521,0.8048
English_Kent,LazaridisNature2014,Kent,GreatBritain,51.19,0.73,stan1293,indo1319,glottocodeBase,glottocodeBase,stan1293,stan1293,stan1293,stan1293,language,macr1271,,173,163,288,268,0.85222,0.83163,0.82521,0.8048,,,,,,,,,0.85222,0.83163,0.82521,0.8048
Eritrea,VyasAJPA2017,sampledinFlorida,Eritrea,15,39,ND,,"no match, manually checked","no match, manually checked",,,,,,,,,,,,,,,,,,,,,,,,,,,
Esan,LazaridisNature2014,..,Nigeria,6.5,6,esan1238,atla1278,glottocodeBase,"no match, manually checked",esan1238,esan1238,,,language,cent2259,,97,82,,,0.47783,0.41837,,,,,,,,,,,0.47783,0.41837,,
Eskimo_ChaplinSireniki,LazaridisNature2014,New_Chaplino,Russia,64.48,172.86,cent2128,eski1264,"no match, manually checked",glottocodeBase,,,cent2128,cent2128,language,yupi1267,,,,99,95,,,0.28367,0.28529,,,,,,,,,,,0.28367,0.28529
Eskimo_Naukan,LazaridisNature2014,Naukan,Russia,66.02,169.71,nauk1242,eski1264,"no match, manually checked",glottocodeBase,,,nauk1242,nauk1242,language,yupi1267,,,,41,39,,,0.11748,0.11712,,,,,,,,,,,0.11748,0.11712
Eskimo_Sireniki,LazaridisNature2014,Sirenki,Russia,64.4,173.9,sire1246,eski1264,"no match, manually checked",glottocodeBase,,,sire1246,sire1246,language,eski1265,,,,6,6,,,0.01719,0.01802,,,,,,,,,,,0.01719,0.01802
Estonian,LazaridisNature2014,Parnu_Avinurme_Viljandi_Talinn,Estonia,58.5390393,24.8892515,esto1258,ural1272,glottocodeBase,glottocodeBase,esto1258,esto1258,esto1258,esto1258,language,cent2329,,175,165,162,153,0.86207,0.84184,0.46418,0.45946,,,,,,,,,0.86207,0.84184,0.46418,0.45946
Eten,Barbieri_2019,,Peru,-6.920947,-79.851797,ND,,"no match, manually checked","no match, manually checked",,,,,,,,,,,,,,,,,,,,,,,,,,,
Even,LazaridisNature2014,Djigda,Russia,57.53,135.88,even1260,tung1282,glottocodeBase,glottocodeBase,even1260,even1260,even1260,even1260,language,ewen1234,,125,115,111,106,0.61576,0.58673,0.31805,0.31832,,,,,,,,,0.61576,0.58673,0.31805,0.31832
Evenk_FarEast,Jeong_2019,"Khabarovsk region, Tuguro-chumikansky and P.Osipenko districts",Russia,54.7,135.3,even1259,tung1282,glottocodeBase,glottocodeBase,even1259,even1259,even1259,even1259,language,nort3147,,138,130,296,280,0.6798,0.66327,0.84814,0.84084,,,,,,,,,0.6798,0.66327,0.84814,0.84084
Evenk_Transbaikal,Jeong_2019,"Zabaykalsky region, Kalarsky, Duldurginsky and Tungochensky districts",Russia,56.9,118.2,even1259,tung1282,glottocodeBase,glottocodeBase,even1259,even1259,even1259,even1259,language,nort3147,,138,130,296,280,0.6798,0.66327,0.84814,0.84084,,,,,,,,,0.6798,0.66327,0.84814,0.84084
Ezid,Jeong_2019,Armavir and Aragatsotn regions,Armenia,36.9,46.6,nort2641,indo1319,"no match, manually checked",glottocodeBase,,,nort2641,nort2641,language,kurd1259,,,,76,71,,,0.21777,0.21321,,,,,,,,,,,0.21777,0.21321
Finnish,LazaridisNature2014,..,Finland,60.2,24.9,finn1318,ural1272,glottocodeBase,glottocodeBase,finn1318,finn1318,finn1318,finn1318,language,nucl1717,,177,167,295,278,0.87192,0.85204,0.84527,0.83483,,,,,,,,,0.87192,0.85204,0.84527,0.83483
French_Central,PattersonGenetics2012,..,France,46,2,stan1290,indo1319,glottocodeBase,glottocodeBase,stan1290,stan1290,stan1290,stan1290,language,glob1239,,182,172,282,261,0.89655,0.87755,0.80802,0.78378,,,,,,,,,0.89655,0.87755,0.80802,0.78378
French_East,LazaridisNature2014,Moselle,France,49.0469805,6.61545411,stan1290,indo1319,glottocodeBase,glottocodeBase,stan1290,stan1290,stan1290,stan1290,language,glob1239,,182,172,282,261,0.89655,0.87755,0.80802,0.78378,,,,,,,,,0.89655,0.87755,0.80802,0.78378
French_Northwest,LazaridisNature2014,Pas-de-Calais,France,50.46199264,2.332995724,stan1290,indo1319,glottocodeBase,glottocodeBase,stan1290,stan1290,stan1290,stan1290,language,glob1239,,182,172,282,261,0.89655,0.87755,0.80802,0.78378,,,,,,,,,0.89655,0.87755,0.80802,0.78378
French_South,LazaridisNature2014,Lourdes,France,43.09,-0.05,stan1290,indo1319,glottocodeBase,glottocodeBase,stan1290,stan1290,stan1290,stan1290,language,glob1239,,182,172,282,261,0.89655,0.87755,0.80802,0.78378,,,,,,,,,0.89655,0.87755,0.80802,0.78378
French_West,LazaridisNature2014,Finistere,France,48.29879354,-4.123009966,stan1290,indo1319,glottocodeBase,glottocodeBase,stan1290,stan1290,stan1290,stan1290,language,glob1239,,182,172,282,261,0.89655,0.87755,0.80802,0.78378,,,,,,,,,0.89655,0.87755,0.80802,0.78378
Gagauz,Jeong_2019,"Chadyr-Lungsky district (Kiriet-Lunga, Kazaklia, Kopchak) and Vulkaneshtsky district (Chishmekioy)",Moldova,45.54,28.38,gaga1249,turk1311,glottocodeBase,glottocodeBase,gaga1249,gaga1249,gaga1249,gaga1249,language,west2406,,176,165,49,47,0.867,0.84184,0.1404,0.14114,,,,,,,,,0.867,0.84184,0.1404,0.14114
Gambian,LazaridisNature2014,Western_District,Gambia,13.4,16.7,mand1436,mand1469,glottocodeBase,glottocodeBase,mand1436,mand1436,mand1436,mand1436,language,west2499,,113,102,85,78,0.55665,0.52041,0.24355,0.23423,,,,,,,,,0.55665,0.52041,0.24355,0.23423
Gana,PickrellNatureCommunications2012,..,Botswana,-21.6523,23.3889,gana1274,khoe1240,"no match, manually checked","no match, manually checked",,,,,language,anaa1239,,,,,,,,,,,,,,,,,,,,,
Gelao,WangNature2021,,China,24.8,105.3,gela1265,taik1256,"proxy aoua1234 manually checked, language of glottocodeBase (family), based on availability","proxy qaua1234 manually checked, language of glottocodeBase (familiy), based on availability",aoua1234,aoua1234,qaua1234,qaua1234,,gaui1234,,,,,,,,,,,,,,,,,,0.69458,0.61735,0.15759,0.15315
Georgian,LazaridisNature2014,Zugdidi_in_Megrelia,Georgia,42.5,41.85,nucl1302,kart1248,glottocodeBase,glottocodeBase,nucl1302,nucl1302,nucl1302,nucl1302,language,geor1253,,172,162,266,250,0.84729,0.82653,0.76218,0.75075,,,,,,,,,0.84729,0.82653,0.76218,0.75075
Georgian_Imeretins,Jeong_2019,Georgia,Georgia,42.25,42.7,imer1248,kart1248,manually checked,proxy nucl1302 manually checked,nucl1302,nucl1302,nucl1302,nucl1302,dialect,imer1250,dialect,,,,,,,,,,,,,,,,,0.84729,0.82653,0.76218,0.75075
Georgian_Laz,Jeong_2019,Turkey,Turkey,40.93,40.84,lazz1240,kart1248,glottocodeBase,glottocodeBase,lazz1240,lazz1240,lazz1240,lazz1240,language,zann1245,,155,145,79,75,0.76355,0.7398,0.22636,0.22523,,,,,,,,,0.76355,0.7398,0.22636,0.22523
German_Lipsian,LazaridisNature2016,Leipzig,Germany,51.34,12.373,stan1295,indo1319,"no match, manually checked",glottocodeBase,,,stan1295,stan1295,language,glob1243,,,,277,262,,,0.7937,0.78679,,,,,,,,,,,0.7937,0.78679
German_Sorb,LazaridisNature2016,Kamentz,Germany,51.275,14.102,sorb1249,indo1319,"no match, manually checked",proxy uppe1395 manually checked,,,uppe1395,uppe1395,,west2792,,,,18,13,,,0.05158,0.03904,,,,,,,,,,,0.28367,0.29129
Gipuzkoa,FloresBelloBasque2021,,Spain,43.1673,-2.1783,guip1235,basq1248,"glottocodeUpstream, manually checked","glottocodeUpstream, manually checked",basq1248,basq1248,basq1248,basq1248,dialect,basq1248,language,,,,,,,,,157,145,234,220,0.7734,0.7398,0.67049,0.66066,0.7734,0.7398,0.67049,0.66066
Greek_Athens,LazaridisNature2014,..,Greece,37.96666667,23.71666667,gree1276,indo1319,proxy mode1248 manually checked,proxy mode1248 manually checked,mode1248,mode1248,mode1248,mode1248,,grae1234,,,,,,,,,,,,,,,,,,0.9064,0.87755,0.81662,0.81081
Greek_Thessaloniki,LazaridisNature2014,Thessaloniki,Greece,40.64,22.94,gree1276,indo1319,proxy mode1248 manually checked,proxy mode1248 manually checked,mode1248,mode1248,mode1248,mode1248,,grae1234,,,,,,,,,,,,,,,,,,0.9064,0.87755,0.81662,0.81081
Greek_WGA,LazaridisNature2014,Athens,Greece,37.9,23.7,gree1276,indo1319,proxy mode1248 manually checked,proxy mode1248 manually checked,mode1248,mode1248,mode1248,mode1248,,grae1234,,,,,,,,,,,,,,,,,,0.9064,0.87755,0.81662,0.81081
Guarani,LazaridisNature2014,..,Argentina,-27.5,-59,mbya1239,tupi1275,glottocodeBase,glottocodeBase,mbya1239,mbya1239,mbya1239,mbya1239,language,tupi1282,,140,132,39,35,0.68966,0.67347,0.11175,0.10511,,,,,,,,,0.68966,0.67347,0.11175,0.10511
Guarani_GN,SkoglundNature2015,Mato_Grosso_do_Sul_(Tupi),Brazil,-23.33333333,-54.5,mbya1239,tupi1275,glottocodeBase,glottocodeBase,mbya1239,mbya1239,mbya1239,mbya1239,language,tupi1282,,140,132,39,35,0.68966,0.67347,0.11175,0.10511,,,,,,,,,0.68966,0.67347,0.11175,0.10511
Guarani_KW,SkoglundNature2015,Mato_Grosso_do_Sul_(Tupi),Brazil,-23.33333333,-55.2,mbya1239,tupi1275,glottocodeBase,glottocodeBase,mbya1239,mbya1239,mbya1239,mbya1239,language,tupi1282,,140,132,39,35,0.68966,0.67347,0.11175,0.10511,,,,,,,,,0.68966,0.67347,0.11175,0.10511
Gui,PickrellNatureCommunications2012,..,Botswana,-21.48658402,23.29466982,gwii1239,khoe1240,"no match, manually checked","no match, manually checked",,,,,language,anaa1239,,,,,,,,,,,,,,,,,,,,,
GujaratiA,LazaridisNature2014,migrants_collected_in_Houston_Texas,India,23.2,72.7,guja1252,indo1319,"no match, manually checked",glottocodeBase,,,guja1252,guja1252,language,guja1256,,,,77,74,,,0.22063,0.22222,,,,,,,,,,,0.22063,0.22222
GujaratiB,LazaridisNature2014,migrants_collected_in_Houston_Texas,India,23.2,72.7,guja1252,indo1319,"no match, manually checked",glottocodeBase,,,guja1252,guja1252,language,guja1256,,,,77,74,,,0.22063,0.22222,,,,,,,,,,,0.22063,0.22222
GujaratiC,LazaridisNature2014,migrants_collected_in_Houston_Texas,India,23.2,72.7,guja1252,indo1319,"no match, manually checked",glottocodeBase,,,guja1252,guja1252,language,guja1256,,,,77,74,,,0.22063,0.22222,,,,,,,,,,,0.22063,0.22222
GujaratiD,LazaridisNature2014,migrants_collected_in_Houston_Texas,India,23.2,72.7,guja1252,indo1319,"no match, manually checked",glottocodeBase,,,guja1252,guja1252,language,guja1256,,,,77,74,,,0.22063,0.22222,,,,,,,,,,,0.22063,0.22222
Gurung,WangNature2021,,Nepal,27.4,86.2,guru1261,sino1245,glottocodeBase,glottocodeBase,guru1261,guru1261,guru1261,guru1261,language,guru1260,,147,129,71,66,0.72414,0.65816,0.20344,0.1982,,,,,,,,,0.72414,0.65816,0.20344,0.1982
Hadza,LazaridisNature2014,Shimbiguga,Tanzania,-3.8,35.3,hadz1240,hadz1240,glottocodeBase,glottocodeBase,hadz1240,hadz1240,hadz1240,hadz1240,language,hadz1240,language,164,145,50,50,0.80788,0.7398,0.14327,0.15015,164,145,50,50,0.80788,0.7398,0.14327,0.15015,0.80788,0.7398,0.14327,0.15015
Hadza1,PickrellNatureCommunications2012,Lake_Eyasi_Tanzania,Tanzania,-3.6,35.1,hadz1240,hadz1240,glottocodeBase,glottocodeBase,hadz1240,hadz1240,hadz1240,hadz1240,language,hadz1240,language,164,145,50,50,0.80788,0.7398,0.14327,0.15015,164,145,50,50,0.80788,0.7398,0.14327,0.15015,0.80788,0.7398,0.14327,0.15015
Haiom,PickrellNatureCommunications2012,..,Namibia,-19.34507677,16.96949437,haio1238,khoe1240,glottocodeBase,glottocodeBase,haio1238,haio1238,haio1238,haio1238,language,nort3245,,42,38,35,34,0.2069,0.19388,0.10029,0.1021,,,,,,,,,0.2069,0.19388,0.10029,0.1021
Hakka_Taiwan,SkoglundNature2016,..,Taiwan,25.033333,121.633333,yuet1238,sino1245,proxy hakk1236 manually checked,proxy hakk1236 manually checked,hakk1236,hakk1236,hakk1236,hakk1236,dialect,hakk1236,language,,,7,7,,,0.02006,0.02102,113,91,58,55,0.55665,0.46429,0.16619,0.16517,0.55665,0.46429,0.16619,0.16517
Han_Chongqing,WangNature2021,,China,29.3,106.3,chen1267,sino1245,"no match, manually checked",glottocodeBase,,,chen1267,chen1267,dialect,xina1239,dialect,,,7,7,,,0.02006,0.02102,,,,,,,,,,,0.02006,0.02102
Han_Fujian,WangNature2021,,China,26.1,119.3,hokk1242,sino1245,"no match, manually checked","glottocodeUpstream, manually checked",,,minn1241,minn1241,dialect,minn1241,language,,,,,,,,,,,48,47,,,0.13754,0.14114,,,0.13754,0.14114
Han_Guangdong,WangNature2021,,China,23.2,113.2,cant1236,sino1245,"no match, manually checked",proxy guan1279 manually checked,,,guan1279,guan1279,dialect,yueh1236,dialect,,,,,,,,,,,,,,,,,,,0.02006,0.02102
Han_Henan,WangNature2021,,China,34.8,113.6,zhen1241,sino1245,"no match, manually checked","no match, manually checked",,,,,dialect,huab1238,dialect,,,,,,,,,,,,,,,,,,,,
Han_HGDP,PattersonGenetics2012,..,China,32.26566812,114,mand1415,sino1245,glottocodeBase,glottocodeBase,mand1415,mand1415,mand1415,mand1415,language,mand1471,,147,124,262,239,0.72414,0.63265,0.75072,0.71772,,,,,,,,,0.72414,0.63265,0.75072,0.71772
Han_Hubei,WangNature2021,,China,30.5,114.3,wuha1234,sino1245,"no match, manually checked","no match, manually checked",,,,,dialect,xina1239,dialect,,,,,,,,,,,,,,,,,,,,
Han_Jiangsu,WangNature2021,,China,32.1,118.8,jing1262,sino1245,"no match, manually checked",proxy hefe1234 manually checked,,,hefe1234,hefe1234,dialect,mand1415,language,,,,,,,,,147,124,262,239,0.72414,0.63265,0.75072,0.71772,,,0.01719,0.01802
Han_Shandong,WangNature2021,,China,36.6,117,jina1245,sino1245,proxy mand1415 manually checked,proxy mand1415 manually checked,mand1415,mand1415,mand1415,mand1415,dialect,jilu1239,dialect,,,6,6,,,0.01719,0.01802,,,,,,,,,0.72414,0.63265,0.75072,0.71772
Han_Shanghai,WangNature2021,,China,31.2,121.5,shan1293,sino1245,"no match, manually checked",glottocodeBase,,,shan1293,shan1293,dialect,suhu1238,dialect,,,3,3,,,0.0086,0.00901,,,,,,,,,,,0.0086,0.00901
Han_Shanxi,WangNature2021,,China,37.9,112.5,huab1238,sino1245,"glottocodeUpstream, manually checked","glottocodeUpstream, manually checked",mand1415,mand1415,mand1415,mand1415,dialect,mand1415,language,,,,,,,,,147,124,262,239,0.72414,0.63265,0.75072,0.71772,0.72414,0.63265,0.75072,0.71772
Han_Sichuan,WangNature2021,,China,30.7,104.1,chen1267,sino1245,"no match, manually checked",glottocodeBase,,,chen1267,chen1267,dialect,xina1239,dialect,,,7,7,,,0.02006,0.02102,,,,,,,,,,,0.02006,0.02102
Han_Zhejiang,WangNature2021,,China,30.3,120.2,wuch1236,sino1245,glottocodeBase,glottocodeBase,wuch1236,wuch1236,wuch1236,wuch1236,language,wuhu1234,,144,125,41,40,0.70936,0.63776,0.11748,0.12012,,,,,,,,,0.70936,0.63776,0.11748,0.12012
Han-NChina,PattersonGenetics2012,..,China,32.26566812,114,mand1415,sino1245,glottocodeBase,glottocodeBase,mand1415,mand1415,mand1415,mand1415,language,mand1471,,147,124,262,239,0.72414,0.63265,0.75072,0.71772,,,,,,,,,0.72414,0.63265,0.75072,0.71772
Hazara,PattersonGenetics2012,..,Pakistan,33.49855601,70,haza1239,indo1319,"no match, manually checked","no match, manually checked",,,,,language,east2745,,,,,,,,,,,,,,,,,,,,,
Hezhen,PattersonGenetics2012,..,China,47.4976192,133.5,nana1257,tung1282,glottocodeBase,glottocodeBase,nana1257,nana1257,nana1257,nana1257,language,orok1264,,169,160,129,118,0.83251,0.81633,0.36963,0.35435,,,,,,,,,0.83251,0.81633,0.36963,0.35435
Himba,PickrellNatureCommunications2012,..,Namibia,-19.10067605,14.12350126,here1253,atla1278,glottocodeBase,glottocodeBase,here1253,here1253,here1253,here1253,language,here1252,,173,162,43,42,0.85222,0.82653,0.12321,0.12613,,,,,,,,,0.85222,0.82653,0.12321,0.12613
HmongDaw,Kutanan2021,,Thailand,19.9,100.11,hmon1333,hmon1336,"no match, manually checked",glottocodeBase; proxy hmon1264 manually checked,,,hmon1333,hmon1333,language,firs1234,,,,21,19,,,0.06017,0.05706,,,37,35,,,0.10602,0.10511,,,0.06017,0.05706
HmongNjua,Kutanan2021,,Thailand,18.12,98.23,hmon1264,hmon1336,"no match, manually checked",glottocodeBase,,,hmon1264,hmon1264,language,huam1250,,,,144,127,,,0.41261,0.38138,,,,,,,,,,,0.41261,0.38138
Hoan,PickrellNatureCommunications2012,..,Botswana,-23.99891755,23.43511675,hoaa1235,kxaa1236,glottocodeBase,glottocodeBase,hoaa1235,hoaa1235,hoaa1235,hoaa1235,language,kxaa1236,,156,139,14,11,0.76847,0.70918,0.04011,0.03303,,,,,,,,,0.76847,0.70918,0.04011,0.03303
HtinPray,Kutanan2021,,Thailand,19.23,100.52,phai1238,aust1305,glottocodeBase,glottocodeBase,phai1238,phai1238,phai1238,phai1238,language,tinn1239,,135,109,39,38,0.66502,0.55612,0.11175,0.11411,,,,,,,,,0.66502,0.55612,0.11175,0.11411
Huancas,Barbieri_2019,,Peru,-6.17391,-77.864453,chac1250,quec1387,"no match, manually checked",glottocodeBase,,,chac1250,chac1250,language,sanm1306,,,,37,36,,,0.10602,0.10811,,,,,,,,,,,0.10602,0.10811
Hungarian1,LazaridisNature2014,..,Hungary,47.5,19.1,hung1274,ural1272,glottocodeBase,glottocodeBase,hung1274,hung1274,hung1274,hung1274,language,hung1287,,182,171,295,281,0.89655,0.87245,0.84527,0.84384,,,,,,,,,0.89655,0.87245,0.84527,0.84384
Hungarian2,LazaridisNature2014,Budapest,Hungary,47.487513,19.050293,hung1274,ural1272,glottocodeBase,glottocodeBase,hung1274,hung1274,hung1274,hung1274,language,hung1287,,182,171,295,281,0.89655,0.87245,0.84527,0.84384,,,,,,,,,0.89655,0.87245,0.84527,0.84384
Icelandic,LazaridisNature2014,..,Iceland,64.13333333,-21.93333333,icel1247,indo1319,glottocodeBase,glottocodeBase,icel1247,icel1247,icel1247,icel1247,language,icel1246,,176,167,208,196,0.867,0.85204,0.59599,0.58859,,,,,,,,,0.867,0.85204,0.59599,0.58859
Ilocano,SkoglundNature2016,Manila/National Capital Region/Ilocano,Philippines,14.6,120.98,ilok1237,aust1307,glottocodeBase,glottocodeBase,ilok1237,ilok1237,ilok1237,ilok1237,language,nort3238,,82,69,62,59,0.40394,0.35204,0.17765,0.17718,,,,,,,,,0.40394,0.35204,0.17765,0.17718
India_Non-Zoroastrian_Hindu,Broushaki2016,,,,,ND,,"no match, manually checked","no match, manually checked",,,,,,,,,,,,,,,,,,,,,,,,,,,
India_Zoroastrian,Broushaki2016,,,19.0013,72.8341,ND,,"no match, manually checked","no match, manually checked",,,,,,,,,,,,,,,,,,,,,,,,,,,
Inga,Barbieri_2019 & LazaridisNature2014,,Colombia,1.368313842,-76.58011914,inga1252,quec1387,glottocodeBase,glottocodeBase,inga1252,inga1252,inga1252,inga1252,language,colo1258,,60,46,58,55,0.29557,0.23469,0.16619,0.16517,,,,,,,,,0.29557,0.23469,0.16619,0.16517
Ingushian,Jeong_2019,"Ingushetia Republic, Malgobeksky district",Russia,43.52,44.58,ingu1240,nakh1245,glottocodeBase,glottocodeBase,ingu1240,ingu1240,ingu1240,ingu1240,language,chec1244,,158,145,217,201,0.77833,0.7398,0.62178,0.6036,,,,,,,,,0.77833,0.7398,0.62178,0.6036
Iran_Non-Zoroastrian_Fars,Broushaki2016,Shiraz_//_Farsi,Iran,29.616667,52.533333,west2369,indo1319,glottocodeBase,glottocodeBase,west2369,west2369,west2369,west2369,language,fars1255,,168,157,287,268,0.82759,0.80102,0.82235,0.8048,,,,,,,,,0.82759,0.80102,0.82235,0.8048
Iran_Zoroastrian,Broushaki2016,Shiraz,Iran,29.628576,52.502117,zoro1242,indo1319,"no match, manually checked","no match, manually checked",,,,,language,yazd1241,,,,,,,,,,,,,,,,,,,,,
Iranian,LazaridisNature2014,migrants_collected_in_Kuwait,Iran,35.585852,51.459961,ND,,"no match, manually checked","no match, manually checked",,,,,,,,,,,,,,,,,,,,,,,,,,,
Iranian_Bandari,LazaridisNature2016,Bandar Abbas / Hormozgan,Iran,27.183,56.267,fars1254,indo1319,"proxy west2369 manually checked, geographically the proxy doesnt work as well here as for Iranian_Persian","proxy west2369 manually checked, geographically the proxy doesnt work as well here as for Iranian_Persian",west2369,west2369,west2369,west2369,,mode1259,,,,,,,,,,,,,,,,,,0.82759,0.80102,0.82235,0.8048
Iranian_Lor,LazaridisNature2016,Khoramabad / Lorestan / Lori,Iran,33.465,48.339,luri1252,indo1319,"no match, manually checked",proxy bakh1245 manually checked,,,bakh1245,bakh1245,,luri1257,,,,,,,,,,,,,,,,,,,,0.10602,0.10511
Iranian_Mazandarani,LazaridisNature2016,Babol / Mazandaran / Mazandarani,Iran,36.529,52.671,maza1291,indo1319,"no match, manually checked",glottocodeBase,,,maza1291,maza1291,language,maza1305,,,,45,41,,,0.12894,0.12312,,,,,,,,,,,0.12894,0.12312
Iranian_Persian,LazaridisNature2016,Shiraz / Fars / Persian,Iran,29.591,52.584,fars1254,indo1319,proxy west2369 manually checked,proxy west2369 manually checked,west2369,west2369,west2369,west2369,,mode1259,,,,,,,,,,,,,,,,,,0.82759,0.80102,0.82235,0.8048
Irish_Connacht,LazaridisNature2016,Connacht,Ireland,53.72,-8.49,conn1243,indo1319,"glottocodeUpstream, manually checked","glottocodeUpstream, manually checked",iris1253,iris1253,iris1253,iris1253,dialect,iris1253,language,,,,,,,,,187,176,190,177,0.92118,0.89796,0.54441,0.53153,0.92118,0.89796,0.54441,0.53153
Irish_Cork_Kerry,LazaridisNature2016,West Cork/South Kerry,Ireland,51.84,-9.2,iris1253,indo1319,glottocodeBase,glottocodeBase,iris1253,iris1253,iris1253,iris1253,language,mode1265,,187,176,190,177,0.92118,0.89796,0.54441,0.53153,,,,,,,,,0.92118,0.89796,0.54441,0.53153
Irish_Leinster,LazaridisNature2016,Leinster,Ireland,53.09,-6.88,iris1253,indo1319,glottocodeBase,glottocodeBase,iris1253,iris1253,iris1253,iris1253,language,mode1265,,187,176,190,177,0.92118,0.89796,0.54441,0.53153,,,,,,,,,0.92118,0.89796,0.54441,0.53153
Irish_Munster,LazaridisNature2016,Munster,Ireland,52.36,-8.49,muns1250,indo1319,"glottocodeUpstream, manually checked","glottocodeUpstream, manually checked",iris1253,iris1253,iris1253,iris1253,dialect,iris1253,language,,,,,,,,,187,176,190,177,0.92118,0.89796,0.54441,0.53153,0.92118,0.89796,0.54441,0.53153
Irish_Ulster,LazaridisNature2016,Ulster,Ireland,54.71,-6.95,done1238,indo1319,"glottocodeUpstream, manually checked","glottocodeUpstream, manually checked",iris1253,iris1253,iris1253,iris1253,dialect,iris1253,language,,,,,,,,,187,176,190,177,0.92118,0.89796,0.54441,0.53153,0.92118,0.89796,0.54441,0.53153
Italian_Calabria,LazaridisNature2014,Belvedere_(Cosenza),Italy,39.37,15.52,neap1235,indo1319,proxy ital1282 manually checked,proxy ital1282 manually checked,ital1282,ital1282,ital1282,ital1282,language,ital1287,,,,3,3,,,0.0086,0.00901,,,,,,,,,0.8867,0.87245,0.58453,0.58258
Italian_South,LazaridisNature2016,"Naples,Salerno,Crispiano",Italy,40.68,14.77,napo1241,indo1319,proxy ital1282 manually checked,proxy ital1282 manually checked,ital1282,ital1282,ital1282,ital1282,dialect,neap1235,language,,,,,,,,,,,3,3,,,0.0086,0.00901,0.8867,0.87245,0.58453,0.58258
Itelmen,LazaridisNature2014,Kovran,Russia,57.2,156.9,itel1242,chuk1271,"no match, manually checked",glottocodeBase,,,itel1242,itel1242,language,kamc1243,,,,130,121,,,0.37249,0.36336,,,,,,,,,,,0.37249,0.36336
IuMien,Kutanan2021,,Thailand,19.34,100.43,iumi1238,hmon1336,glottocodeBase,glottocodeBase,iumi1238,iumi1238,iumi1238,iumi1238,language,mien1243,,134,113,84,80,0.6601,0.57653,0.24069,0.24024,,,,,,,,,0.6601,0.57653,0.24069,0.24024
Japanese,PattersonGenetics2012,..,Japan,38,138,japa1256,japo1237,"proxy nucl1643 manually checked, dialect of glottocodeBase","proxy nucl1643 manually checked, dialect of glottocodeBase",nucl1643,nucl1643,nucl1643,nucl1643,,japo1237,,,,,,,,,,,,,,,,,,0.82759,0.7551,0.75645,0.73273
Jew_Cochin,LazaridisNature2014,migrants_collected_in_Israel,India,9.97,76.28,jewi1241,drav1251,"manually checked; we do not accept the language above the dialect, given that we are talking of a very specific genetic population","manually checked; we do not accept the language above the dialect, given that we are talking of a very specific genetic population",,,,,dialect,mala1464,language,,,,,,,,,174,157,136,127,0.85714,0.80102,0.38968,0.38138,,,,
Jew_Ethiopian,LazaridisNature2014,migrants_collected_in_Israel,Ethiopia,9.033333333,38.73333333,amha1245,afro1255,glottocodeBase,glottocodeBase,amha1245,amha1245,amha1245,amha1245,language,amha1244,,104,100,168,161,0.51232,0.5102,0.48138,0.48348,,,,,,,,,0.51232,0.5102,0.48138,0.48348
Jew_Georgian,LazaridisNature2014,migrants_collected_in_Israel,Georgia,41.71666667,44.78333333,jude1258,kart1248,"no match, manually checked","no match, manually checked",,,,,dialect,imer1250,dialect,,,,,,,,,,,,,,,,,,,,
Jew_Iranian,LazaridisNature2014,migrants_collected_in_Israel,Iran,35.7,51.41666667,ND,,"no match, manually checked","no match, manually checked",,,,,,,,,,,,,,,,,,,,,,,,,,,
Jew_Iraqi,LazaridisNature2014,migrants_collected_in_Israel,Iraq,33.325,44.422,jude1266,afro1255,"no match, manually checked","no match, manually checked",,,,,language,qelt1235,,,,,,,,,,,,,,,,,,,,,
Jew_Libyan,LazaridisNature2014,migrants_collected_in_Israel,Libya,32.91666667,13.18333333,jude1264,afro1255,"no match, manually checked","no match, manually checked",,,,,language,nort3191,,,,,,,,,,,,,,,,,,,,,
Jew_Moroccan,LazaridisNature2014,migrants_collected_in_Israel,Morocco,34.02,-6.84,jude1265,afro1255,"no match, manually checked","no match, manually checked",,,,,language,nort3191,,,,,,,,,,,,,,,,,,,,,
Jew_Tunisian,LazaridisNature2014,migrants_collected_in_Israel,Tunisia,36.8,10.18333333,jude1263,afro1255,"no match, manually checked","no match, manually checked",,,,,dialect,tuni1259,language,,,,,,,,,,,11,10,,,0.03152,0.03003,,,,
Jew_Turkish,LazaridisNature2014,migrants_collected_in_Israel,Turkey,41.01666667,28.95,ladi1251,indo1319,"no match, manually checked",glottocodeBase,,,ladi1251,ladi1251,language,sout3200,,,,44,43,,,0.12607,0.12913,,,,,,,,,,,0.12607,0.12913
Jew_Yemenite,LazaridisNature2014,migrants_collected_in_Israel,Yemen,15.35,44.2,jude1267,afro1255,"no match, manually checked","no match, manually checked",,,,,language,jude1277,,,,,,,,,,,,,,,,,,,,,
Jordanian,LazaridisNature2014,migrants_collected_in_Kuwait,Jordan,32.054645,35.914307,sout3123,afro1255,proxy nort3139 manually checked,proxy nort3139 manually checked,nort3139,nort3139,nort3139,nort3139,dialect,nort3139,language,,,7,5,,,0.02006,0.01502,155,146,57,52,0.76355,0.7449,0.16332,0.15616,0.76355,0.7449,0.16332,0.15616
Ju_hoan_North,PickrellNatureCommunications2012,..,Namibia,-18.93725689,21.45244764,juho1239,kxaa1236,glottocodeBase,glottocodeBase,juho1239,juho1239,juho1239,juho1239,language,juku1256,,46,40,158,147,0.2266,0.20408,0.45272,0.44144,,,,,,,,,0.2266,0.20408,0.45272,0.44144
Ju_hoan_South,PickrellNatureCommunications2012,..,Botswana,-21.15191802,20.68153923,juho1239,kxaa1236,glottocodeBase,glottocodeBase,juho1239,juho1239,juho1239,juho1239,language,juku1256,,46,40,158,147,0.2266,0.20408,0.45272,0.44144,,,,,,,,,0.2266,0.20408,0.45272,0.44144
Kabardinian,Jeong_2019,"Ingushetia Republic, Baksansky district",Russia,43.41,43.32,kaba1278,abkh1242,glottocodeBase,glottocodeBase,kaba1278,kaba1278,kaba1278,kaba1278,language,circ1239,,158,147,132,127,0.77833,0.75,0.37822,0.38138,,,,,,,,,0.77833,0.75,0.37822,0.38138
Kaitag,Jeong_2019,Dagestan Republic,Russia,42.15,47.63,darg1241,nakh1245,glottocodeBase,glottocodeBase,darg1241,darg1241,darg1241,darg1241,language,darg1242,,130,124,118,107,0.64039,0.63265,0.33811,0.32132,,,,,,,,,0.64039,0.63265,0.33811,0.32132
Kalash,PattersonGenetics2012,..,Pakistan,35.99366014,71.5,kala1372,indo1319,"no match, manually checked","proxy khow1242 manually checked, language shift from endangered kala1372 to khow1242 ongoing according to Wikipedia",,,khow1242,khow1242,language,indo1321,,,,3,2,,,0.0086,0.00601,,,,,,,,,,,0.02579,0.01802
Kalmyk,LazaridisNature2014,Yashkul_in_Republic_of_Kalmykia,Russia,46.169444,45.342778,kalm1243,mong1349,glottocodeBase,glottocodeBase,kalm1243,kalm1243,kalm1243,kalm1243,language,mong1331,,141,125,74,68,0.69458,0.63776,0.21203,0.2042,,,58,53,,,0.16619,0.15916,0.69458,0.63776,0.21203,0.2042
Kalueang,Kutanan2021,,Thailand,17.33,104.59,nort2741,taik1256,"no match, manually checked",glottocodeBase,,,nort2741,nort2741,language,sako1234,,,,37,36,,,0.10602,0.10811,,,,,,,,,,,0.10602,0.10811
Kamentsa,Barbieri_2019,,Colombia,1.14961,-76.64746,cams1241,cams1241,glottocodeBase,glottocodeBase,cams1241,cams1241,cams1241,cams1241,language,cams1241,language,103,99,78,73,0.50739,0.5051,0.2235,0.21922,103,99,78,73,0.50739,0.5051,0.2235,0.21922,0.50739,0.5051,0.2235,0.21922
Kankanaey,SkoglundNature2016,Mountain Province/Kankanaey,Philippines,17.07,121.03,kank1243,aust1307,glottocodeBase,glottocodeBase,kank1243,kank1243,kank1243,kank1243,language,kank1245,,158,144,2,2,0.77833,0.73469,0.00573,0.00601,,,,,,,,,0.77833,0.73469,0.00573,0.00601
Kaqchikel,LazaridisNature2014,..,Guatemala,15,-91,kaqc1270,maya1287,glottocodeBase,proxy tzut1248 manually checked,kaqc1270,kaqc1270,tzut1248,tzut1248,language,kaqc1280,,169,158,28,25,0.83251,0.80612,0.08023,0.07508,,,,,,,,,0.83251,0.80612,0.45845,0.44144
Karachai,Jeong_2019,Karachaevo-Cherkessia Republic,Russia,43.94,42.52,kara1466,turk1311,"no match, manually checked","glottocodeUpstream, manually checked",,,kara1465,kara1465,dialect,kara1465,language,,,,,,,,,,,62,57,,,0.17765,0.17117,,,0.17765,0.17117
Karakalpak,Jeong_2019,Karakalpak region,Uzbekistan,43,59,kara1467,turk1311,"no match, manually checked",glottocodeBase,,,kara1467,kara1467,language,sout2701,,,,72,66,,,0.2063,0.1982,,,,,,,,,,,0.2063,0.1982
Karelian_Northern,Jeong_2019,"Karelia Republic, Kalevala district",Russia,60.12,31.1,nort2673,ural1272,glottocodeBase,"glottocodeUpstream, manually checked",nort2673,nort2673,kare1335,kare1335,dialect,kare1335,language,174,164,,,0.85714,0.83673,,,,,73,70,,,0.20917,0.21021,0.85714,0.83673,0.20917,0.21021
Karelian_Southern,Jeong_2019,"Karelia Republic, Prionezhsky and Olonets districts",Russia,60.59,32.58,sout2676,ural1272,"proxy tver1240 manually checked, dialect of glottocodeBase","glottocodeUpstream, manually checked",tver1240,tver1240,kare1335,kare1335,dialect,kare1335,language,,,,,,,,,,,73,70,,,0.20917,0.21021,0.87192,0.85204,0.20917,0.21021
KarenPadaung,Kutanan2021,,Thailand,19.14,97.93,kaya1315,sino1245,glottocodeBase,"no match, manually checked",kaya1315,kaya1315,,,language,nort2703,,161,142,,,0.7931,0.72449,,,,,,,,,,,0.7931,0.72449,,
KarenPwo,Kutanan2021,,Thailand,18.15,97.93,pwow1235,sino1245,"no match, manually checked",proxy pwoe1235 manually checked,,,pwoe1235,pwoe1235,language,east2341,,,,,,,,,,,,,,,,,,,,0.14327,0.11411
KarenSkaw,Kutanan2021,,Thailand,19.58,98.31,sgaw1245,sino1245,glottocodeBase,glottocodeBase,sgaw1245,sgaw1245,sgaw1245,sgaw1245,language,sgaw1244,,134,117,105,94,0.6601,0.59694,0.30086,0.28228,,,,,,,,,0.6601,0.59694,0.30086,0.28228
Karitiana,PattersonGenetics2012,..,Brazil,-10,-63,kari1311,tupi1275,glottocodeBase,glottocodeBase,kari1311,kari1311,kari1311,kari1311,language,arik1263,,146,131,62,60,0.71921,0.66837,0.17765,0.18018,,,,,,,,,0.71921,0.66837,0.17765,0.18018
Karitiana_Rondonia,SkoglundNature2015,Rond_nia_(Tupi),Brazil,-9.333333333,-64.25,kari1311,tupi1275,glottocodeBase,glottocodeBase,kari1311,kari1311,kari1311,kari1311,language,arik1263,,146,131,62,60,0.71921,0.66837,0.17765,0.18018,,,,,,,,,0.71921,0.66837,0.17765,0.18018
Kazakh_China,WangNature2021,,China,38.5,94.3,kaza1248,turk1311,"no match, manually checked",glottocodeBase,,,kaza1248,kaza1248,language,sout2701,,,,32,30,,,0.09169,0.09009,,,,,,,,,,,0.09169,0.09009
Kazakhs_Akmola_Argyn,Jeong_2019,"Akmola region, mainly Argyn clan",Kazakhstan,52,69,kaza1248,turk1311,"no match, manually checked","glottocodeBase, proxy kara1467 manually checked",,,kaza1248,kaza1248,language,sout2701,,,,32,30,,,0.09169,0.09009,,,,,,,,,,,0.09169,0.09009
Kazakhs_Aktyubinsk,Jeong_2019,"Aktyubinsk region, different clans",Kazakhstan,50.17,57.1,kaza1248,turk1311,"no match, manually checked","glottocodeBase, proxy kara1467 manually checked",,,kaza1248,kaza1248,language,sout2701,,,,32,30,,,0.09169,0.09009,,,,,,,,,,,0.09169,0.09009
Kazakhs_East_Kazakhstan_Naiman,Jeong_2019,"East-Kazakhstan region, Naiman clan",Kazakhstan,49.57,82.37,kaza1248,turk1311,"no match, manually checked","glottocodeBase, proxy kara1467 manually checked",,,kaza1248,kaza1248,language,sout2701,,,,32,30,,,0.09169,0.09009,,,,,,,,,,,0.09169,0.09009
Kazakhs_Omsk_Kypchak,Jeong_2019,"Omsk region Russko-Polyansky district, Kypchak clan",Russia,53.46,73.52,kaza1248,turk1311,"no match, manually checked","glottocodeBase, proxy kara1467 manually checked",,,kaza1248,kaza1248,language,sout2701,,,,32,30,,,0.09169,0.09009,,,,,,,,,,,0.09169,0.09009
Kazakhs_West_Kazakhstan_Bayuli,Jeong_2019,"West-Kazakhstan region, mailnly Bayuli clan",Kazakhstan,51.14,51.22,kaza1248,turk1311,"no match, manually checked","glottocodeBase, proxy kara1467 manually checked",,,kaza1248,kaza1248,language,sout2701,,,,32,30,,,0.09169,0.09009,,,,,,,,,,,0.09169,0.09009
Ket,Flegontov_2019,"Krasnoyarsk Region. Baklanikha, Igarka, Kellog, Pakulikha, Surgutikha, Turukhansk",Russia,63.848789,87.339789,kett1243,yeni1252,glottocodeBase,glottocodeBase,kett1243,kett1243,kett1243,kett1243,language,nort2746,,176,166,183,169,0.867,0.84694,0.52436,0.50751,,,,,,,,,0.867,0.84694,0.52436,0.50751
Ket_Southeast,Flegontov_2019,"Krasnoyarsk Region. Sulomai, Bakhta, Bor, Sumarokovo",Russia,61.613208,91.181184,kett1243,yeni1252,glottocodeBase,glottocodeBase,kett1243,kett1243,kett1243,kett1243,language,nort2746,,176,166,183,169,0.867,0.84694,0.52436,0.50751,,,,,,,,,0.867,0.84694,0.52436,0.50751
Kgalagadi,PickrellNatureCommunications2012,..,Botswana,-24.796708,21.751098,kgal1244,atla1278,glottocodeBase,glottocodeBase,kgal1244,kgal1244,kgal1244,kgal1244,language,west2997,,154,143,38,36,0.75862,0.72959,0.10888,0.10811,,,,,,,,,0.75862,0.72959,0.10888,0.10811
Khakass_Kachins,Jeong_2019,"Khakassia Republic, Ordzhonikindevskiy district (Kopievo, Novo-Mariyasovo, Sarala)",Russia,55,89,kach1278,turk1311,"glottocodeUpstream, manually checked","glottocodeUpstream, manually checked",khak1248,khak1248,khak1248,khak1248,dialect,kach1287,dialect,,,,,,,,,,,,,,,,,0.7734,0.7449,0.24355,0.24024
Khakass_Koibals,Jeong_2019,"Khakassia Republic, Beiskiy district (Beya, Kuybishevo)",Russia,53,90,khak1248,turk1311,glottocodeBase,glottocodeBase,khak1248,khak1248,khak1248,khak1248,language,yeni1251,,157,146,85,80,0.7734,0.7449,0.24355,0.24024,,,,,,,,,0.7734,0.7449,0.24355,0.24024
Khakass_Kyzils,Jeong_2019,"Khakassia Republic, Ordzhonikindevskiy district (Kopievo, Novo-Mariyasovo, Sarala)",Russia,53,90,kyzy1244,turk1311,"glottocodeUpstream, manually checked","glottocodeUpstream, manually checked",khak1248,khak1248,khak1248,khak1248,dialect,kyzy1246,dialect,,,,,,,,,,,,,,,,,0.7734,0.7449,0.24355,0.24024
Khakass_Sagai,Jeong_2019,"Khakassia Republic, Askizskiy and Tashtypskiy districts",Russia,55,89,saga1260,turk1311,"glottocodeUpstream, manually checked","glottocodeUpstream, manually checked",khak1248,khak1248,khak1248,khak1248,dialect,saga1268,dialect,,,,,,,,,,,,,,,,,0.7734,0.7449,0.24355,0.24024
Khamnegan,Jeong_2019,"Zabaykalsky region, Duldurginsky, Akshinsky, Kyrinsky, Aga districts",Russia,50.68,114.6,kham1281,mong1349,"no match, manually checked",glottocodeBase,,,kham1281,kham1281,language,oira1260,,,,17,15,,,0.04871,0.04505,,,,,,,,,,,0.04871,0.04505
Kharia,LazaridisNature2014,Jaunpur_UttarPradesh,India,25.77,82.73,khar1287,aust1305,glottocodeBase,glottocodeBase,khar1287,khar1287,khar1287,khar1287,language,mund1335,,154,136,115,104,0.75862,0.69388,0.32951,0.31231,,,,,,,,,0.75862,0.69388,0.32951,0.31231
Khmu,Kutanan2021,,Thailand,19.49,100.89,khmu1256,aust1305,glottocodeBase,glottocodeBase,khmu1256,khmu1256,khmu1256,khmu1256,language,khmu1255,,118,95,129,120,0.58128,0.48469,0.36963,0.36036,,,,,,,,,0.58128,0.48469,0.36963,0.36036
Khomani,LazaridisNature2014,VariousLocations_NorthernCape,SouthAfrica,-28.25,21.15,nuuu1241,tuuu1241,glottocodeBase,glottocodeBase,nuuu1241,nuuu1241,nuuu1241,nuuu1241,,kwii1241,,119,100,9,8,0.58621,0.5102,0.02579,0.02402,,,,,,,,,0.58621,0.5102,0.02579,0.02402
Khonmueang,Kutanan2021,,Thailand,19.58,99.51,nort2740,taik1256,"no match, manually checked",glottocodeBase,,,nort2740,nort2740,language,yuan1245,,,,37,36,,,0.10602,0.10811,,,,,,,,,,,0.10602,0.10811
Khuen,Kutanan2021,,Thailand,18.38,98.51,khue1238,aust1305,"proxy khmu1256 manually checked, explicitly valid according to glottolog","proxy khmu1256 manually checked, explicitly valid according to glottolog",khmu1256,khmu1256,khmu1256,khmu1256,language,khmu1255,,,,,,,,,,,,,,,,,,0.58128,0.48469,0.36963,0.36036
Khwe,PickrellNatureCommunications2012,..,Botswana,-18.37345214,21.88509542,kxoe1243,khoe1240,glottocodeBase,proxy anii1246 manually checked,kxoe1243,kxoe1243,anii1246,anii1246,language,kxoe1242,,181,167,28,24,0.89163,0.85204,0.08023,0.07207,,,,,,,,,0.89163,0.85204,0.14613,0.14715
KichwaOrellana,Barbieri_2019,Orellana,Ecuador,-0.183278,-77.174667,tena1240,quec1387,"no match, manually checked",glottocodeBase,,,tena1240,tena1240,language,orie1242,,,,38,36,,,0.10888,0.10811,,,,,,,,,,,0.10888,0.10811
Kikuyu,LazaridisNature2014,Nyeri,Kenya,-0.4,36.9,kiku1240,atla1278,glottocodeBase,glottocodeBase,kiku1240,kiku1240,kiku1240,kiku1240,language,giku1234,,142,132,69,64,0.69951,0.67347,0.19771,0.19219,,,,,,,,,0.69951,0.67347,0.19771,0.19219
Kinh,LazaridisNature2014,..,Vietnam,21,105.9,viet1252,aust1305,glottocodeBase,glottocodeBase,viet1252,viet1252,viet1252,viet1252,language,viet1251,,109,85,202,181,0.53695,0.43367,0.5788,0.54354,,,,,,,,,0.53695,0.43367,0.5788,0.54354
Kirghiz_Pamir,Jeong_2019,"Gorno-Badakhshan region, Murgab district",Tajikistan,38.15,73.95,kirg1245,turk1311,"no match, manually checked",glottocodeBase,,,kirg1245,kirg1245,language,east2791,,,,81,75,,,0.23209,0.22523,,,,,,,,,,,0.23209,0.22523
Kol_New_Britain,SkoglundNature2016,New Britain,Papua_New_Guinea,-5.383,151.633,kolp1236,kolp1236,glottocodeBase,glottocodeBase,kolp1236,kolp1236,kolp1236,kolp1236,language,kolp1236,language,79,67,3,3,0.38916,0.34184,0.0086,0.00901,79,67,3,3,0.38916,0.34184,0.0086,0.00901,0.38916,0.34184,0.0086,0.00901
Kolombangara,QinStonekingMBE2015,Western_Solomon_Islands,Solomon_Islands,-8.1,157.1,duke1237,aust1307,"no match, manually checked",glottocodeBase,,,duke1237,duke1237,language,west2857,,,,2,2,,,0.00573,0.00601,,,,,,,,,,,0.00573,0.00601
Korean,LazaridisNature2014,USA_cell_line_repository,Korea,37.6,127,kore1280,kore1284,glottocodeBase,glottocodeBase,kore1280,kore1280,kore1280,kore1280,language,kore1284,,170,153,225,208,0.83744,0.78061,0.6447,0.62462,,,,,,,,,0.83744,0.78061,0.6447,0.62462
Koryak,LazaridisNature2014,Voyampolka Kovran various locations,Russia,58.3,159.38,kory1246,chuk1271,"no match, manually checked",glottocodeBase,,,kory1246,kory1246,language,jkor1234,,,,70,64,,,0.20057,0.19219,,,,,,,,,,,0.20057,0.19219
Kove,SkoglundNature2016,New Britain,Papua_New_Guinea,-5.4667,148.95,kove1237,aust1307,glottocodeBase,proxy lusi1240 manually checked,kove1237,kove1237,lusi1240,lusi1240,language,kali1298,,152,139,2,2,0.74877,0.70918,0.00573,0.00601,,,,,,,,,0.74877,0.70918,0.22063,0.21922
Kove_Tamuniai,SkoglundNature2016,New Britain,Papua_New_Guinea,-5.4667,148.95,kove1237,aust1307,glottocodeBase,proxy lusi1240 manually checked,kove1237,kove1237,lusi1240,lusi1240,language,kali1298,,152,139,2,2,0.74877,0.70918,0.00573,0.00601,,,,,,,,,0.74877,0.70918,0.22063,0.21922
Kubachinian,Jeong_2019,"Dagestan Republic, Dakhadaevsky district",Russia,42.08,47.58,kuba1248,nakh1245,"no match, manually checked","no match, manually checked",,,,,language,darg1242,,,,,,,,,,,,,,,,,,,,,
Kumyk,LazaridisNature2014,Khasavyurt_in_Dagestan,Russia,43.25,46.583333,kumy1244,turk1311,"no match, manually checked",glottocodeBase,,,kumy1244,kumy1244,language,kauk1241,,,,47,45,,,0.13467,0.13514,,,,,,,,,,,0.13467,0.13514
Kuot_Kabil,SkoglundNature2016,New Ireland,Papua_New_Guinea,-3.067,151.7,kuot1243,kuot1243,glottocodeBase,glottocodeBase,kuot1243,kuot1243,kuot1243,kuot1243,language,kuot1243,language,155,144,79,72,0.76355,0.73469,0.22636,0.21622,155,144,79,72,0.76355,0.73469,0.22636,0.21622,0.76355,0.73469,0.22636,0.21622
Kuot_Lamalaua,SkoglundNature2016,New Ireland,Papua_New_Guinea,-3,151.5,kuot1243,kuot1243,glottocodeBase,glottocodeBase,kuot1243,kuot1243,kuot1243,kuot1243,language,kuot1243,language,155,144,79,72,0.76355,0.73469,0.22636,0.21622,155,144,79,72,0.76355,0.73469,0.22636,0.21622,0.76355,0.73469,0.22636,0.21622
Kurd,Jeong_2019,"Adyghei Republic, Krasnogvardiysky district",Russia,44.58,39.42,nort2641,indo1319,"no match, manually checked",glottocodeBase,,,nort2641,nort2641,language,kurd1259,,,,76,71,,,0.21777,0.21321,,,,,,,,,,,0.21777,0.21321
Kurd_WGA,LazaridisNature2014,Alagyaz,Armenia,40.7,44.3,nort2641,indo1319,"no match, manually checked",glottocodeBase,,,nort2641,nort2641,language,kurd1259,,,,76,71,,,0.21777,0.21321,,,,,,,,,,,0.21777,0.21321
Kusunda,LazaridisNature2014,various locations,Nepal,28.07245287,82.54299147,kusu1250,kusu1250,glottocodeBase,glottocodeBase,kusu1250,kusu1250,kusu1250,kusu1250,language,kusu1250,language,138,128,77,72,0.6798,0.65306,0.22063,0.21622,138,128,77,72,0.6798,0.65306,0.22063,0.21622,0.6798,0.65306,0.22063,0.21622
Kyrgyz,LazaridisNature2014,Bishkek,Kyrgyzstan,42.86666667,74.61666667,kirg1245,turk1311,"no match, manually checked",glottocodeBase,,,kirg1245,kirg1245,language,east2791,,,,81,75,,,0.23209,0.22523,,,,,,,,,,,0.23209,0.22523
Kyrgyz_China,WangNature2021,,China,43.8,87.7,kirg1245,turk1311,"no match, manually checked",glottocodeBase,,,kirg1245,kirg1245,language,east2791,,,,81,75,,,0.23209,0.22523,,,,,,,,,,,0.23209,0.22523
LabourdinBaztan,FloresBelloBasque2021,,France/Spain,43.3438,-1.5414,labo1236,basq1248,"proxy basq1248 manually checked, language upstream of glottocodeBase (dialect)","proxy basq1248 manually checked, language upstream of glottocodeBase (dialect)",basq1248,basq1248,basq1248,basq1248,dialect,basq1249,dialect,,,,,,,,,,,,,,,,,0.7734,0.7398,0.67049,0.66066
Lahu,PattersonGenetics2012,..,China,22,100,lahu1253,sino1245,glottocodeBase,glottocodeBase,lahu1253,lahu1253,lahu1253,lahu1253,language,laho1234,,138,116,187,174,0.6798,0.59184,0.53582,0.52252,,,,,,,,,0.6798,0.59184,0.53582,0.52252
LaJalca,Barbieri_2019,,Peru,-6.485608,-77.816172,chac1250,quec1387,"no match, manually checked",glottocodeBase,,,chac1250,chac1250,language,sanm1306,,,,37,36,,,0.10602,0.10811,,,,,,,,,,,0.10602,0.10811
Lak,Jeong_2019,Dagestan Republic,Russia,42.17,47.12,lakk1252,nakh1245,glottocodeBase,glottocodeBase,lakk1252,lakk1252,lakk1252,lakk1252,language,dagh1238,,153,142,155,147,0.75369,0.72449,0.44413,0.44144,,,,,,,,,0.75369,0.72449,0.44413,0.44144
LaoIsan,Kutanan2021,,Thailand,15.62,103.5,nort2741,taik1256,"no match, manually checked",glottocodeBase,,,nort2741,nort2741,language,sako1234,,,,37,36,,,0.10602,0.10811,,,,,,,,,,,0.10602,0.10811
Laotian,Kutanan2021,,Laos,19.84,102.16,laoo1244,taik1256,glottocodeBase,glottocodeBase,laoo1244,laoo1244,laoo1244,laoo1244,language,laot1235,,69,54,86,79,0.3399,0.27551,0.24642,0.23724,,,,,,,,,0.3399,0.27551,0.24642,0.23724
LaRioja,FloresBelloBasque2021,,Spain,42.2871,-2.5396,stan1288,indo1319,"no match, manually checked",glottocodeBase,,,stan1288,stan1288,language,cast1243,,,,285,268,,,0.81662,0.8048,,,,,,,,,,,0.81662,0.8048
Lawa_Eastern,Kutanan2021,,Thailand,18.23,97.56,east2330,aust1305,glottocodeBase,"no match, manually checked",east2330,east2330,,,language,lawa1256,,147,122,,,0.72414,0.62245,,,,,,,,,,,0.72414,0.62245,,
Lawa_Western,Kutanan2021,,Thailand,18.08,98.2,west2396,aust1305,glottocodeBase,"no match, manually checked",west2396,west2396,,,language,lawa1256,,142,116,,,0.69951,0.59184,,,,,,,,,,,0.69951,0.59184,,
Lebanese,LazaridisNature2014,migrants_collected_in_Kuwait,Lebanon,33.815666,35.57373,nort3139,afro1255,glottocodeBase,glottocodeBase,nort3139,nort3139,nort3139,nort3139,language,leva1239,,155,146,57,52,0.76355,0.7449,0.16332,0.15616,,,,,,,,,0.76355,0.7449,0.16332,0.15616
Lebanese_Christian,LazaridisNature2016,Beirut,Lebanon,33.89,35.5,stan1323,afro1255,"glottocodeUpstream, manually checked","glottocodeUpstream, manually checked",nort3139,nort3139,nort3139,nort3139,dialect,nort3139,language,,,,,,,,,155,146,57,52,0.76355,0.7449,0.16332,0.15616,0.76355,0.7449,0.16332,0.15616
Lebanese_Muslim,LazaridisNature2016,Beirut,Lebanon,33.89,35.5,stan1323,afro1255,"glottocodeUpstream, manually checked","glottocodeUpstream, manually checked",nort3139,nort3139,nort3139,nort3139,dialect,nort3139,language,,,,,,,,,155,146,57,52,0.76355,0.7449,0.16332,0.15616,0.76355,0.7449,0.16332,0.15616
Lebbo,SkoglundNature2016,"Merabu village, Berau district, East Kalimantan",Indonesia,1.655308333,117.1572417,waha1238,aust1307,"no match, manually checked","no match, manually checked",,,,,language,lowl1270,,,,,,,,,,,,,,,,,,,,,
Lezgin,LazaridisNature2014,Dagestanskiye_Ogni_in_Dagestan,Russia,42.116667,48.183333,lezg1247,nakh1245,glottocodeBase,glottocodeBase,lezg1247,lezg1247,lezg1247,lezg1247,language,aghu1259,,169,150,238,222,0.83251,0.76531,0.68195,0.66667,,,,,,,,,0.83251,0.76531,0.68195,0.66667
Li,WangNature2021,,China,19.2,109.4,hlai1239,taik1256,glottocodeBase,glottocodeBase,hlai1239,hlai1239,hlai1239,hlai1239,language,nucl1241,,75,61,19,15,0.36946,0.31122,0.05444,0.04505,,,,,,,,,0.36946,0.31122,0.05444,0.04505
Libyan,LazaridisNature2016,Tripoli,Libya,32.88,13.19,liby1240,afro1255,glottocodeBase,glottocodeBase,liby1240,liby1240,liby1240,liby1240,language,nort3191,,159,150,41,39,0.78325,0.76531,0.11748,0.11712,,,,,,,,,0.78325,0.76531,0.11748,0.11712
Lisu,Kutanan2021,,Thailand,19.5,98.23,lisu1250,sino1245,proxy hual1240 manually checked,glottocodeBase,hual1240,hual1240,lisu1250,lisu1250,language,lisu1252,,,,96,84,,,0.27507,0.25225,,,,,,,,,0.72414,0.64796,0.27507,0.25225
Lithuanian,LazaridisNature2014,Kaunas,Lithuania,54.901882,23.917236,lith1251,indo1319,glottocodeBase,glottocodeBase,lith1251,lith1251,lith1251,lith1251,language,east2280,,176,166,188,181,0.867,0.84694,0.53868,0.54354,,,,,,,,,0.867,0.84694,0.53868,0.54354
Lodhi,LazaridisNature2014,Jhansi_UttarPradesh,India,25.45,78.62,bund1253,indo1319,glottocodeBase,glottocodeBase,bund1253,bund1253,bund1253,bund1253,language,bund1252,,163,158,37,36,0.80296,0.80612,0.10602,0.10811,,,,,,,,,0.80296,0.80612,0.10602,0.10811
LoretoMix,Barbieri_2019,VariousLocationsProvinceLoreto,Peru,-5.4998625,-76.463425,ND,,"no match, manually checked","no match, manually checked",,,,,,,,,,,,,,,,,,,,,,,,,,,
Lue,Kutanan2021,,Thailand,19.09,100.56,luey1235,taik1256,"no match, manually checked","proxy luuu1242 manually checked, dialect of glottocodeBase",,,luuu1242,luuu1242,,nort2739,,,,,,,,,,,,,,,,,,,,0.12894,0.13213
Luhya,LazaridisNature2014,Webuye,Kenya,1.3,36.8,cent2288,atla1278,"no match, manually checked","proxy tsot1241 manually checked, downstream language for glottocodeBase (family)",,,tsot1241,tsot1241,,saam1285,,,,,,,,,,,,,,,,,,,,0.10315,0.10511
Luo,LazaridisNature2014,BondoDistrict,Kenya,-0.1,34.3,luok1236,nilo1247,glottocodeBase,glottocodeBase,luok1236,luok1236,luok1236,luok1236,language,adho1242,,172,161,106,100,0.84729,0.82143,0.30372,0.3003,,,,,,,,,0.84729,0.82143,0.30372,0.3003
Luya,Barbieri_2019,,Peru,-6.191162,-77.968099,chac1250,quec1387,"no match, manually checked",glottocodeBase,,,chac1250,chac1250,language,sanm1306,,,,37,36,,,0.10602,0.10811,,,,,,,,,,,0.10602,0.10811
Madak,SkoglundNature2016,New Ireland,Papua_New_Guinea,-3.1,151.7,mada1285,aust1307,glottocodeBase,glottocodeBase,mada1285,mada1285,mada1285,mada1285,language,mada1284,,154,145,3,3,0.75862,0.7398,0.0086,0.00901,,,,,,,,,0.75862,0.7398,0.0086,0.00901
Magar,NakatsukaNatureGenetics2017,"Nepal, Tanahun",Nepal,27.96569722,84.22176111,maga1261,sino1245,"proxy west2418 manually checked, language within glottocodeBase (family) - sample located between Eastern and Western; slightly closer to Western","proxy east2352 manually checked, language within glottocodeBase (family) - sample located between Eastern and Western; slightly closer to Western",west2418,west2418,east2352,east2352,,kham1285,,,,,,,,,,,,,,,,,,0.87685,0.86224,0.05731,0.05405
Makira,QinStonekingMBE2015,Central_Solomon_Islands,Solomon_Islands,-10.5,161.9,ND,,"no match, manually checked","no match, manually checked",,,,,,,,,,,,,,,,,,,,,,,,,,,
Makrani,PattersonGenetics2012,..,Pakistan,26,64,makr1243,indo1319,"no match, manually checked","glottocodeUpstream, manually checked",,,sout2642,sout2642,dialect,sout2642,language,,,,,,,,,,,35,34,,,0.10029,0.1021,,,0.10029,0.1021
Mala,LazaridisNature2014,Nizamabad_AndhraPradesh,India,18.67,78.17,telu1262,drav1251,glottocodeBase,glottocodeBase,telu1262,telu1262,telu1262,telu1262,language,telu1265,,121,119,126,120,0.59606,0.60714,0.36103,0.36036,,,,,,,,,0.59606,0.60714,0.36103,0.36036
Malaita,QinStonekingMBE2015,Central_Solomon_Islands,Solomon_Islands,-9.1,161.1,ND,,"no match, manually checked","no match, manually checked",,,,,,,,,,,,,,,,,,,,,,,,,,,
Malawi_Chewa,SkoglundCell2017,"Mchinga , Salima, Nambuma, Nkotankhota, Dedza, Mchisi, Lilongwe, Chev, Dowa, Mangochi",Malawi,-13.703473,33.597743,nyan1308,atla1278,"no match, manually checked",glottocodeBase,,,nyan1308,nyan1308,language,nyan1319,,,,42,38,,,0.12034,0.11411,,,,,,,,,,,0.12034,0.11411
Malawi_Ngoni,SkoglundCell2017,"Chev, Mzimba",Malawi,-14.75,34.75,ngon1269,atla1278,proxy tanz1241 manually checked,glottocodeBase,tanz1241,tanz1241,ngon1269,ngon1269,,mand1475,,,,24,20,,,0.06877,0.06006,,,,,,,,,0.82759,0.80612,0.06877,0.06006
Malawi_Tumbuka,SkoglundCell2017,"Majimba , Mzimba, Karonga, Nlekata bay, Majimba",Malawi,-11.900632,33.598959,tumb1250,atla1278,"no match, manually checked","no match, manually checked",,,,,language,tumb1252,,,,,,,,,,,,,,,,,,,,,
Malawi_Yao,SkoglundCell2017,"Dedza , Machinga, Blantyre, Mangochi, Zomba",Malawi,-15.785624,35.008278,yaoo1241,atla1278,glottocodeBase,glottocodeBase,yaoo1241,yaoo1241,yaoo1241,yaoo1241,language,yaoi1234,,122,113,57,54,0.60099,0.57653,0.16332,0.16216,,,,,,,,,0.60099,0.57653,0.16332,0.16216
Malay,SkoglundNature2016,Singapore/Singapore/Malay,Singapore,1.35,103.82,sing1270,aust1307,proxy mala1479 manually checked,proxy mala1479 manually checked,mala1479,mala1479,mala1479,mala1479,,nucl1806,,,,,,,,,,,,,,,,,,0.53202,0.45918,0.00287,0.003
Maltese,LazaridisNature2014,La_Valetta,Malta,35.94,14.38,malt1254,afro1255,glottocodeBase,glottocodeBase,malt1254,malt1254,malt1254,malt1254,language,malt1259,,171,163,89,86,0.84236,0.83163,0.25501,0.25826,,,,,,,,,0.84236,0.83163,0.25501,0.25826
Mamanwa,QinStonekingMBE2015,Negrito,Philippines,9.76,125.51,mama1275,aust1307,glottocodeBase,glottocodeBase,mama1275,mama1275,mama1275,mama1275,language,cent2246,,123,109,23,17,0.60591,0.55612,0.0659,0.05105,,,,,,,,,0.60591,0.55612,0.0659,0.05105
Mamanwa1,QinStonekingMBE2015,Negrito,Philippines,9.76,125.51,mama1275,aust1307,glottocodeBase,glottocodeBase,mama1275,mama1275,mama1275,mama1275,language,cent2246,,123,109,23,17,0.60591,0.55612,0.0659,0.05105,,,,,,,,,0.60591,0.55612,0.0659,0.05105
Mamusi_Kisiluvi,SkoglundNature2016,New Britain,Papua_New_Guinea,-5.7333,151.0833,mamu1254,aust1307,"no match, manually checked","no match, manually checked",,,,,language,mamu1256,,,,,,,,,,,,,,,,,,,,,
Mamusi_Lingite,SkoglundNature2016,New Britain,Papua_New_Guinea,-5.867,151.1,mamu1254,aust1307,"no match, manually checked","no match, manually checked",,,,,language,mamu1256,,,,,,,,,,,,,,,,,,,,,
Mamusi_Paleabu,SkoglundNature2016,New Britain,Papua_New_Guinea,-5.95,150.9,mamu1254,aust1307,"no match, manually checked","no match, manually checked",,,,,language,mamu1256,,,,,,,,,,,,,,,,,,,,,
Mandenka,PattersonGenetics2012,..,Senegal,12,-12,mand1436,mand1469,glottocodeBase,glottocodeBase,mand1436,mand1436,mand1436,mand1436,language,west2499,,113,102,85,78,0.55665,0.52041,0.24355,0.23423,,,,,,,,,0.55665,0.52041,0.24355,0.23423
Mangseng,SkoglundNature2016,New Britain,Papua_New_Guinea,-5.933,150.7,mang1403,aust1307,glottocodeBase,glottocodeBase,mang1403,mang1403,mang1403,mang1403,language,bebe1254,,135,116,2,2,0.66502,0.59184,0.00573,0.00601,,,,,,,,,0.66502,0.59184,0.00573,0.00601
Mansi,LazaridisNature2014,Konda_river,Russia,60.2,66.47,sout3253,ural1272,"sout3253 is extinct; cent2322 is geographically closest proxy, manually checked","sout3253 is extinct; mans1258 is closest proxy for MM because cent2322 not available, manually checked",cent2322,cent2322,mans1258,mans1258,language,mans1269,,,,,,,,,,,,,,,,,,0.76847,0.7398,0.36676,0.36336
Manus,SkoglundNature2016,Manus,Papua_New_Guinea,-2.083,147,manu1262,aust1307,proxy loni1238 manually checked,proxy loni1238 manually checked,loni1238,loni1238,loni1238,loni1238,,east2459,,,,,,,,,,,,,,,,,,0.77833,0.7449,0.24928,0.24024
Maonan,WangNature2021,,China,24.8,108.3,maon1241,taik1256,glottocodeBase,"no match, manually checked",maon1241,maon1241,,,language,maon1240,,74,59,,,0.36453,0.30102,,,,,,,,,,,0.36453,0.30102,,
Masai_Kinyawa_MKK,LazaridisNature2014,Kinyawa,Kenya,-1.5,35.2,masa1300,nilo1247,glottocodeBase,glottocodeBase,masa1300,masa1300,masa1300,masa1300,language,nucl1431,,80,76,143,128,0.39409,0.38776,0.40974,0.38438,,,,,,,,,0.39409,0.38776,0.40974,0.38438
Masai1,LazaridisNature2014,Narok,Kenya,-1.1,35.9,masa1300,nilo1247,glottocodeBase,glottocodeBase,masa1300,masa1300,masa1300,masa1300,language,nucl1431,,80,76,143,128,0.39409,0.38776,0.40974,0.38438,,,,,,,,,0.39409,0.38776,0.40974,0.38438
Maya,PattersonGenetics2012,..,Mexico,19,-91,yuca1254,maya1287,glottocodeBase,glottocodeBase,yuca1254,yuca1254,yuca1254,yuca1254,language,yuca1253,,174,162,87,83,0.85714,0.82653,0.24928,0.24925,,,,,,,,,0.85714,0.82653,0.24928,0.24925
Mbukushu,PickrellNatureCommunications2012,,Zambia,-16.85712,22.795715,mbuk1240,atla1278,"no match, manually checked",glottocodeBase,,,mbuk1240,mbuk1240,language,mash1271,,,,33,32,,,0.09456,0.0961,,,,,,,,,,,0.09456,0.0961
MbutiPygmy,PattersonGenetics2012,..,Congo,1,29,lese1243,cent2225,glottocodeBase,glottocodeBase,lese1243,lese1243,lese1243,lese1243,language,lese1245,,139,132,56,54,0.68473,0.67347,0.16046,0.16216,,,,,,,,,0.68473,0.67347,0.16046,0.16216
Melamela,SkoglundNature2016,New Britain,Papua_New_Guinea,-5,151.25,mera1242,aust1307,glottocodeBase,glottocodeBase,mera1242,mera1242,mera1242,mera1242,language,naka1266,,49,42,2,2,0.24138,0.21429,0.00573,0.00601,,,,,,,,,0.24138,0.21429,0.00573,0.00601
Mende,LazaridisNature2014,..,Sierra_Leone,8.5,-13.2,mend1266,mand1469,glottocodeBase,glottocodeBase,mend1266,mend1266,mend1266,mend1266,language,mend1265,,62,55,85,80,0.30542,0.28061,0.24355,0.24024,,,,,,,,,0.30542,0.28061,0.24355,0.24024
Mengen,SkoglundNature2016,New Britain,Papua_New_Guinea,-5.1,151.4,meng1267,aust1307,glottocodeBase,glottocodeBase,meng1267,meng1267,meng1267,meng1267,language,mamu1256,,77,73,2,2,0.37931,0.37245,0.00573,0.00601,,,,,,,,,0.37931,0.37245,0.00573,0.00601
Miao,PattersonGenetics2012,..,China,28,109,hmon1333,hmon1336,"no match, manually checked",glottocodeBase; proxy hmon1264 manually checked,,,hmon1333,hmon1333,language,firs1234,,,,21,19,,,0.06017,0.05706,,,37,35,,,0.10602,0.10511,,,0.06017,0.05706
Mixe,LazaridisNature2014,Tmazulapan_Oaxaca,Mexico,16.95,-96.58333333,mixe1286,mixe1284,proxy olut1240 manually checked (only Mixe language in Grambank),"proxy olut1240 manually checked (approximate only, but Mixe language available with best coverage)",olut1240,olut1240,olut1240,olut1240,,mixe1284,,,,2,2,,,0.00573,0.00601,,,,,,,,,0.77833,0.7602,0.18625,0.17718
Mixtec,LazaridisNature2014,Various Locations,Mexico,15.95,-97.36666667,mixt1427,otom1299,"proxy sant1436 manually checked (only Coast Mixtec language in Grambank, sampling coordinates suggest Coast Mixtec)","proxy sanm1296 manually checked, very approximate since no good proxy for Coast Mixtec, proxy with best remaining coverage and proximity picked",sant1436,sant1436,sanm1296,sanm1296,,mixt1423,,,,,,,,,,,,,,,,,,0.73399,0.68367,0.35817,0.33634
Moldavian,Jeong_2019,"Shtefan-Vodsky district, Kaplani",Moldova,46.38,29.87,mold1248,indo1319,"no match, manually checked","glottocodeUpstream, manually checked",,,roma1327,roma1327,dialect,roma1327,language,,,,,,,,,,,193,186,,,0.55301,0.55856,,,0.55301,0.55856
Mon,Kutanan2021,,Thailand,14.69,102.06,monn1252,aust1305,"glottocodeBase, proxy nyah1250 manually checked","glottocodeBase, proxy nyah1250 manually checked",monn1252,monn1252,monn1252,monn1252,language,moni1258,,75,65,43,38,0.36946,0.33163,0.12321,0.11411,,,,,,,,,0.36946,0.33163,0.12321,0.11411
Mongol_Khalkh_Sainnoyon,Jeong_2019,historical aimak Sainnoyon,Mongolia,47,101,mong1331,mong1349,proxy halh1238 manually checked,proxy halh1238 manually checked,halh1238,halh1238,halh1238,halh1238,,khal1273,,,,58,53,,,0.16619,0.15916,,,,,,,,,0.7734,0.70918,0.73926,0.71772
Mongol_Khalkh_Zasagt,Jeong_2019,historical aimak Zasagt,Mongolia,48,96,mong1331,mong1349,proxy halh1238 manually checked,proxy halh1238 manually checked,halh1238,halh1238,halh1238,halh1238,,khal1273,,,,58,53,,,0.16619,0.15916,,,,,,,,,0.7734,0.70918,0.73926,0.71772
Mongol_Minorities,Jeong_2019,..,Mongolia,,,mong1331,mong1349,proxy halh1238 manually checked,"glottocodeBase, proxy halh1238 manually checked",halh1238,halh1238,mong1331,mong1331,,khal1273,,,,58,53,,,0.16619,0.15916,,,,,,,,,0.7734,0.70918,0.16619,0.15916
Mongol_Uuld,Jeong_2019,..,Mongolia,48.95,91.16,mong1331,mong1349,proxy halh1238 manually checked,proxy halh1238 manually checked,halh1238,halh1238,halh1238,halh1238,,khal1273,,,,58,53,,,0.16619,0.15916,,,,,,,,,0.7734,0.70918,0.73926,0.71772
Mongola,PattersonGenetics2012,..,China,45,111,mong1331,mong1349,"proxy peri1253 manually checked, where not available halh128 is used","glottocodeBase, proxies peri1253 (preferred) and halh128 manually checked",peri1253,peri1253,peri1253,peri1253,,khal1273,,,,58,53,,,0.16619,0.15916,,,,,,,,,0.53202,0.48469,0.06304,0.05706
Mordovian,LazaridisNature2014,Saransk_in_Republic_of_Mordova,Russia,54.183333,45.183333,erzy1239,ural1272,glottocodeBase,glottocodeBase,erzy1239,erzy1239,erzy1239,erzy1239,language,mord1256,,172,163,107,101,0.84729,0.83163,0.30659,0.3033,,,,,,,,,0.84729,0.83163,0.30659,0.3033
Mordovian_Erzya,Jeong_2019,"Mordovia Republic, Lukoyanovsky, Ardatovsky, Chamzinsky, Ichkalovsky districts",Russia,55.08,44.16,erzy1239,ural1272,glottocodeBase,glottocodeBase,erzy1239,erzy1239,erzy1239,erzy1239,language,mord1256,,172,163,107,101,0.84729,0.83163,0.30659,0.3033,,,,,,,,,0.84729,0.83163,0.30659,0.3033
Mordovian_Moksha,Jeong_2019,"Mordovia Republic, Torbeevsky, Insarsky, Krasnoslobodsky districts",Russia,54.08,43.13,moks1248,ural1272,glottocodeBase,glottocodeBase,moks1248,moks1248,moks1248,moks1248,language,mord1256,,179,169,69,66,0.88177,0.86224,0.19771,0.1982,,,,,,,,,0.88177,0.86224,0.19771,0.1982
Moroccan,LazaridisNature2016,Casablanca,Morocco,33.53,-7.58,moro1292,afro1255,"no match, manually checked",glottocodeBase,,,moro1292,moro1292,language,moro1295,,,,96,89,,,0.27507,0.26727,,,,,,,,,,,0.27507,0.26727
Mozabite,PattersonGenetics2012,..,Algeria,32,3,tumz1238,afro1255,"no match, manually checked",glottocodeBase,,,tumz1238,tumz1238,language,moza1250,,,,8,6,,,0.02292,0.01802,,,,,,,,,,,0.02292,0.01802
Mulam,WangNature2021,,China,24.8,108.9,mula1253,taik1256,"no match, manually checked",glottocodeBase,,,mula1253,mula1253,language,mula1252,,,,11,11,,,0.03152,0.03303,,,,,,,,,,,0.03152,0.03303
Murut,SkoglundNature2016,Temburong/Brunei/Murut,Brunei,4.62,115.14,muru1275,aust1307,"proxy timu1262 manually checked - ""Murut proper"" in Wikipedia","proxy timu1262 manually checked - ""Murut proper"" in Wikipedia",timu1262,timu1262,timu1262,timu1262,,grea1294,,,,,,,,,,,,,,,,,,0.67488,0.62245,0.09742,0.08408
Mussau,SkoglundNature2016,Mussau,Papua_New_Guinea,-1.583,149.733,muss1246,aust1307,glottocodeBase,glottocodeBase,muss1246,muss1246,muss1246,muss1246,language,stma1240,,70,58,34,28,0.34483,0.29592,0.09742,0.08408,,,,,,,,,0.34483,0.29592,0.09742,0.08408
Nailik,SkoglundNature2016,New Ireland,Papua_New_Guinea,-2.983,151.52,ND,,"no match, manually checked","no match, manually checked",,,,,,,,,,,,,,,,,,,,,,,,,,,
Nakanai_Bileki,SkoglundNature2016,New Britain,Papua_New_Guinea,-5.75,150.8,bile1245,aust1307,"glottocodeUpstream, manually checked","glottocodeUpstream, manually checked",naka1262,naka1262,naka1262,naka1262,dialect,naka1262,language,,,,,,,,,136,114,43,40,0.66995,0.58163,0.12321,0.12012,0.66995,0.58163,0.12321,0.12012
Nakanai_Loso,SkoglundNature2016,New Britain,Papua_New_Guinea,-5.483,150.8,losa1236,aust1307,"glottocodeUpstream, manually checked","glottocodeUpstream, manually checked",naka1262,naka1262,naka1262,naka1262,dialect,naka1262,language,,,,,,,,,136,114,43,40,0.66995,0.58163,0.12321,0.12012,0.66995,0.58163,0.12321,0.12012
Nama,PickrellNatureCommunications2012,..,Namibia,-24.26609349,17.26088893,nama1264,khoe1240,glottocodeBase,glottocodeBase,nama1264,nama1264,nama1264,nama1264,language,nort3245,,86,78,202,186,0.42365,0.39796,0.5788,0.55856,,,,,,,,,0.42365,0.39796,0.5788,0.55856
Nanai,Jeong_2019,"Khabarovsk region, Nanaisky, Khabarovsky, Komsomolsky, Ulchsky and Nikovaevsky districts",Russia,49.44,136.51,nana1257,tung1282,glottocodeBase,glottocodeBase,nana1257,nana1257,nana1257,nana1257,language,orok1264,,169,160,129,118,0.83251,0.81633,0.36963,0.35435,,,,,,,,,0.83251,0.81633,0.36963,0.35435
Narihuala,Barbieri_2019,,Peru,-5.301265,-80.69552,ND,,"no match, manually checked","no match, manually checked",,,,,,,,,,,,,,,,,,,,,,,,,,,
Naro,PickrellNatureCommunications2012,..,Botswana,-22.03208172,21.58405408,naro1249,khoe1240,"no match, manually checked",glottocodeBase,,,naro1249,naro1249,language,naro1248,,,,16,11,,,0.04585,0.03303,,,,,,,,,,,0.04585,0.03303
Nasioi,PattersonGenetics2012,Bougainville,Papua_New_Guinea,-6.48,155.83,nasi1247,sout2948,proxy naas1242 manually checked,proxy naas1242 manually checked,naas1242,naas1242,naas1242,naas1242,,sout2948,,,,,,,,,,,,,,,,,,0.28079,0.27041,0.21777,0.21021
NavarreLabourdin,FloresBelloBasque2021,,France,43.2298,-1.1888,east1470,basq1248,"proxy basq1248 manually checked, language upstream of glottocodeBase (dialect)","proxy basq1248 manually checked, language upstream of glottocodeBase (dialect)",basq1248,basq1248,basq1248,basq1248,dialect,basq1249,dialect,,,,,,,,,,,,,,,,,0.7734,0.7398,0.67049,0.66066
Naxi,PattersonGenetics2012,..,China,26,100,naxi1245,sino1245,glottocodeBase,glottocodeBase,naxi1245,naxi1245,naxi1245,naxi1245,language,nais1236,,104,88,55,52,0.51232,0.44898,0.15759,0.15616,,,,,,,,,0.51232,0.44898,0.15759,0.15616
Negidal_Orochi,Jeong_2019,"Khabarovsk region, Solnechniy district",Russia,52.47,136.59,negi1245,tung1282,glottocodeBase,glottocodeBase,negi1245,negi1245,negi1245,negi1245,language,negi1246,,141,132,13,12,0.69458,0.67347,0.03725,0.03604,,,,,,,,,0.69458,0.67347,0.03725,0.03604
New_Guinea_Highlander,QinStonekingMBE2015,..,Papua_New_Guinea,-6.15,143.66,ND,,"no match, manually checked","no match, manually checked",,,,,,,,,,,,,,,,,,,,,,,,,,,
Newar,NakatsukaNatureGenetics2017,"Nepal, Kathmandu",Nepal,27.7,85.33333333,newa1247,sino1245,"proxy newa1246 manually checked - note that east2773 is not an optimal match, but it has better coverage","proxy newa1246 manually checked - note that east2773 is not an optimal match, but it has better coverage",newa1246,newa1246,newa1246,newa1246,,newa1245,,,,,,,,,,,,,,,,,,0.81773,0.7551,0.2808,0.27628
Nganasan,LazaridisNature2014,..,Russia,71,95,ngan1291,ural1272,glottocodeBase,glottocodeBase,ngan1291,ngan1291,ngan1291,ngan1291,language,samo1298,,170,162,113,105,0.83744,0.82653,0.32378,0.31532,,,,,,,,,0.83744,0.82653,0.32378,0.31532
Nganasan_Dudinka,Flegontov_2019,Krasnoyarsk Region,Russia,69.408004,86.178971,ngan1291,ural1272,glottocodeBase,glottocodeBase,ngan1291,ngan1291,ngan1291,ngan1291,language,samo1298,,170,162,113,105,0.83744,0.82653,0.32378,0.31532,,,,,,,,,0.83744,0.82653,0.32378,0.31532
Nganasan_UstAvam,Flegontov_2019,Krasnoyarsk Region,Russia,71.113181,92.822343,ngan1291,ural1272,glottocodeBase,glottocodeBase,ngan1291,ngan1291,ngan1291,ngan1291,language,samo1298,,170,162,113,105,0.83744,0.82653,0.32378,0.31532,,,,,,,,,0.83744,0.82653,0.32378,0.31532
Nganasan_Volochanka,Flegontov_2019,Krasnoyarsk Region,Russia,70.976289,94.535318,ngan1291,ural1272,glottocodeBase,glottocodeBase,ngan1291,ngan1291,ngan1291,ngan1291,language,samo1298,,170,162,113,105,0.83744,0.82653,0.32378,0.31532,,,,,,,,,0.83744,0.82653,0.32378,0.31532
Nggela,QinStonekingMBE2015,Central_Solomon_Islands,Solomon_Islands,-9.101583,160.147069,gela1263,aust1307,glottocodeBase,glottocodeBase,gela1263,gela1263,gela1263,gela1263,language,ngge1240,,149,121,29,24,0.73399,0.61735,0.08309,0.07207,,,,,,,,,0.73399,0.61735,0.08309,0.07207
Nivh,Jeong_2019,"Khabarovsk region, Ulchsky and Nikovaevsky districts",Russia,52.85,141.25,gily1242,nivk1234,glottocodeBase,glottocodeBase,gily1242,gily1242,gily1242,gily1242,language,nivk1234,,170,156,253,237,0.83744,0.79592,0.72493,0.71171,,,,,,,,,0.83744,0.79592,0.72493,0.71171
Nogai,LazaridisNature2014,Erkin_Hulk_in_Karachay_Cherkess_Republic_Nogaysky_District,Russia,44.37252,41.93765,noga1249,turk1311,"no match, manually checked","glottocodeBase, proxy kara1467 manually checked",,,noga1249,noga1249,language,sout2701,,,,23,20,,,0.0659,0.06006,,,,,,,,,,,0.0659,0.06006
Nogai_Astrakhan,Jeong_2019,"Astrakhan region, Astrakhan, Krasnoyarsk and Volodarsky districts",Russia,46.2,48.01,noga1249,turk1311,"no match, manually checked","glottocodeBase, proxy kara1467 manually checked",,,noga1249,noga1249,language,sout2701,,,,23,20,,,0.0659,0.06006,,,,,,,,,,,0.0659,0.06006
Nogai_Stavropol,Jeong_2019,"Stavropol region, Neftekumsky, Kochubeyevsky, Mineralovodchesky districts",Russia,44.4,41.5,noga1249,turk1311,"no match, manually checked","glottocodeBase, proxy kara1467 manually checked",,,noga1249,noga1249,language,sout2701,,,,23,20,,,0.0659,0.06006,,,,,,,,,,,0.0659,0.06006
North_WesternNafarroa,FloresBelloBasque2021,,Spain,43.1724,-1.6588,alto1238,basq1248,"glottocodeUpstream, manually checked","glottocodeUpstream, manually checked",basq1248,basq1248,basq1248,basq1248,dialect,basq1248,language,,,,,,,,,157,145,234,220,0.7734,0.7398,0.67049,0.66066,0.7734,0.7398,0.67049,0.66066
NorthAragon,FloresBelloBasque2021,,Spain,42.43,-0.271,stan1288,indo1319,"no match, manually checked",glottocodeBase,,,stan1288,stan1288,language,cast1243,,,,285,268,,,0.81662,0.8048,,,,,,,,,,,0.81662,0.8048
Norwegian,LazaridisNature2014,Bergen,Norway,60.359,5.358,norw1258,indo1319,"no match, manually checked",glottocodeBase,,,norw1258,norw1258,language,west2805,,,,121,112,,,0.3467,0.33634,,,,,,,,,,,0.3467,0.33634
Notsi,SkoglundNature2016,New Ireland,Papua_New_Guinea,-3.05,151.65,nots1237,aust1307,glottocodeBase,"no match, manually checked",nots1237,nots1237,,,language,taba1270,,124,115,,,0.61084,0.58673,,,,,,,,,,,0.61084,0.58673,,
Nyaw,Kutanan2021,,Thailand,17.55,104.09,nyaw1245,taik1256,"no match, manually checked",glottocodeBase,,,nyaw1245,nyaw1245,dialect,taid1248,language,,,37,36,,,0.10602,0.10811,,,37,36,,,0.10602,0.10811,,,0.10602,0.10811
Ojibwa,LazaridisNature2014,Ontario,Canada,46.5,-81,ojib1241,algi1248,"proxy nort2961 manually checked, has best coverage within Nuclear Ojibwe, is language within family ojib1241, geographically not as close as east2542, but no coding in GB","proxy east2542 manually checked, has best coverage within Nuclear Ojibwe and is close to sampling location, is language within family ojib1241",nort2961,nort2961,east2542,east2542,,ojib1240,,,,8,7,,,0.02292,0.02102,,,,,,,,,0.89655,0.86224,0.28653,0.29129
Olmos,Barbieri_2019,,Peru,-5.988639,-79.748917,ND,,"no match, manually checked","no match, manually checked",,,,,,,,,,,,,,,,,,,,,,,,,,,
Onge,LazaridisNature2014,LittleAndamanIsland,India,10.75,92.5,onge1236,jara1244,glottocodeBase,glottocodeBase,onge1236,onge1236,onge1236,onge1236,language,jara1244,,44,40,63,57,0.21675,0.20408,0.18052,0.17117,,,,,,,,,0.21675,0.20408,0.18052,0.17117
Ontong_Java,QinStonekingMBE2015,..,Solomon_Islands,-5.3,159.4,onto1237,aust1307,glottocodeBase,glottocodeBase,onto1237,onto1237,onto1237,onto1237,language,cent2299,,136,118,4,4,0.66995,0.60204,0.01146,0.01201,,,,,,,,,0.66995,0.60204,0.01146,0.01201
Orcadian,PattersonGenetics2012,..,OrkneyIslands,59,-3,scot1243,indo1319,"no match, manually checked",glottocodeBase,,,scot1243,scot1243,language,late1254,,,,36,35,,,0.10315,0.10511,,,,,,,,,,,0.10315,0.10511
Oromo,LazaridisNature2014,Melkibuta_Ethiopia,Ethiopia,9,36.5,west2721,afro1255,"no match, manually checked",proxy east2652 manually checked,,,east2652,east2652,language,nucl1736,,,,6,6,,,0.01719,0.01802,,,,,,,,,,,0.71633,0.71471
Oroqen,PattersonGenetics2012,..,China,50.43389257,126.5,oroq1238,tung1282,"no match, manually checked",glottocodeBase,,,oroq1238,oroq1238,language,nort3147,,,,14,13,,,0.04011,0.03904,,,,,,,,,,,0.04011,0.03904
Ossetian,LazaridisNature2014,Vladikavkaz_in_Republic_of_North_Ossetia_Alania,Russia,43.016667,44.65,osse1243,indo1319,"proxy iron1242 manually checked, Iron Ossetic is the most prevalent language within the Ossetic family in the sampled region",glottocodeBase,iron1242,iron1242,osse1243,osse1243,,osse1245,,,,199,185,,,0.5702,0.55556,,,,,,,,,0.78818,0.7602,0.5702,0.55556
Ossetian_Southern,Jeong_2019,North Ossetia Republic,Russia,43.12,43.55,iron1242,indo1319,glottocodeBase,"glottocodeUpstream, manually checked",iron1242,iron1242,osse1243,osse1243,language,osse1243,,160,149,,,0.78818,0.7602,,,,,199,185,,,0.5702,0.55556,0.78818,0.7602,0.5702,0.55556
Palaung,Kutanan2021,,Thailand,20.25,99.52,pala1336,aust1305,"proxy shwe1236 manually checked, downstream language for glottocodeBase (family)","proxy shwe1236 manually checked, downstream language for glottocodeBase (family)",shwe1236,shwe1236,shwe1236,shwe1236,,west2791,,,,,,,,,,,,,,,,,,0.64532,0.57143,0.06877,0.06006
Palestinian,PattersonGenetics2012,..,Israel,32,35,sout3123,afro1255,proxy nort3139 manually checked,proxy nort3139 manually checked,nort3139,nort3139,nort3139,nort3139,dialect,nort3139,language,,,7,5,,,0.02006,0.01502,155,146,57,52,0.76355,0.7449,0.16332,0.15616,0.76355,0.7449,0.16332,0.15616
Papuan,PattersonGenetics2012,New_Guinea_Iatmul_and_Kwoma_societies_of_the_Middle_Sepik_River_region,Papua_New_Guinea,-4,143,ND,,"no match, manually checked","no match, manually checked",,,,,,,,,,,,,,,,,,,,,,,,,,,
Papuan_Central_Province,QinStonekingMBE2015,New_Guinea_main_island,Papua_New_Guinea,-9.48,147.2,ND,,"no match, manually checked","no match, manually checked",,,,,,,,,,,,,,,,,,,,,,,,,,,
Papuan_Eastern_Highlands,QinStonekingMBE2015,New_Guinea_main_island,Papua_New_Guinea,-6.1,145.4,ND,,"no match, manually checked","no match, manually checked",,,,,,,,,,,,,,,,,,,,,,,,,,,
Papuan_Gulf_Province,QinStonekingMBE2015,New_Guinea_main_island,Papua_New_Guinea,-7.882427,145.693588,ND,,"no match, manually checked","no match, manually checked",,,,,,,,,,,,,,,,,,,,,,,,,,,
Paran,Barbieri_2019,,Peru,-11.05593,-77.37875,ND,,"no match, manually checked","no match, manually checked",,,,,,,,,,,,,,,,,,,,,,,,,,,
Pathan,PattersonGenetics2012,..,Pakistan,33.48700562,70.5,pash1269,indo1319,"proxy sout2649 manually checked, could be geographically too removed from the sampling location","proxies cent1973 and nort2646 manually checked, nort2646 is closer to sampling location and chosen where available",sout2649,sout2649,nort2646,nort2646,,iran1269,,,,,,,,,,,,,,,,,,0.80788,0.79592,0.27221,0.27327
Peru_Quechua,LazaridisNature2014,..,Peru,-13.5,-72,cusc1236,quec1387,glottocodeBase,glottocodeBase,cusc1236,cusc1236,cusc1236,cusc1236,language,cusc1235,,153,145,54,52,0.75369,0.7398,0.15473,0.15616,,,,,,,,,0.75369,0.7398,0.15473,0.15616
Phuan,Kutanan2021,,Thailand,17.51,99.77,phua1239,taik1256,"no match, manually checked",manually checked,,,,,language,siam1241,,,,,,,,,,,,,,,,,,,,,
Phutai,Kutanan2021,,Thailand,17.28,103.65,phut1244,taik1256,"no match, manually checked",glottocodeBase,,,phut1244,phut1244,language,siam1241,,,,37,36,,,0.10602,0.10811,,,,,,,,,,,0.10602,0.10811
Piapoco,PattersonGenetics2012,..,Colombia,3,-68,piap1246,araw1281,glottocodeBase,glottocodeBase,piap1246,piap1246,piap1246,piap1246,language,piap1247,,52,41,54,52,0.25616,0.20918,0.15473,0.15616,,,,,,,,,0.25616,0.20918,0.15473,0.15616
Pima,PattersonGenetics2012,..,Mexico,29,-108,pima1248,utoa1244,glottocodeBase,glottocodeBase,pima1248,pima1248,pima1248,pima1248,language,pima1249,,151,144,39,37,0.74384,0.73469,0.11175,0.11111,,,,,,,,,0.74384,0.73469,0.11175,0.11111
Polish_Lublin,LazaridisNature2016,"Lublin, Lubelskie",Poland,51.25,22.56666667,poli1260,indo1319,glottocodeBase,glottocodeBase,poli1260,poli1260,poli1260,poli1260,language,poli1262,,190,180,197,190,0.93596,0.91837,0.56447,0.57057,,,,,,,,,0.93596,0.91837,0.56447,0.57057
Polish_Poznan,LazaridisNature2016,"Poznan, Wielkopolskie",Poland,52.24,16.92,poli1260,indo1319,glottocodeBase,glottocodeBase,poli1260,poli1260,poli1260,poli1260,language,poli1262,,190,180,197,190,0.93596,0.91837,0.56447,0.57057,,,,,,,,,0.93596,0.91837,0.56447,0.57057
Punjabi,LazaridisNature2014,Lahore,Pakistan,31.5,74.3,panj1256,indo1319,glottocodeBase,glottocodeBase,panj1256,panj1256,panj1256,panj1256,language,east2727,,186,176,122,116,0.91626,0.89796,0.34957,0.34835,,,,,,,,,0.91626,0.89796,0.34957,0.34835
Puno,Barbieri_2019,,Peru,-15.7662,-69.683,puno1238,quec1387,proxy cusc1236 manually checked,proxy cusc1236 manually checked,cusc1236,cusc1236,cusc1236,cusc1236,language,cusc1235,,,,,,,,,,,,,,,,,,0.75369,0.7398,0.15473,0.15616
Qiang_Danba,WangNature2021,,China,30.8,101.9,qian1264,sino1245,"proxy sout2728 manually checked, geographically preferred","glottocodeBase, proxy nort2722 manually checked (not ideal, but we use it where no other proxy available)",sout2728,sout2728,qian1264,qian1264,,qian1263,,,,37,32,,,0.10602,0.0961,,,,,,,,,0.82266,0.81122,0.10602,0.0961
Qiang_Daofu,WangNature2021,,China,30.9,101.1,zhab1238,sino1245,glottocodeBase,glottocodeBase,zhab1238,zhab1238,zhab1238,zhab1238,language,qian1263,,108,96,3,3,0.53202,0.4898,0.0086,0.00901,,,,,,,,,0.53202,0.4898,0.0086,0.00901
Rai,WangNature2021,,Nepal,27.4,85.3,kira1253,sino1245,"no match, manually checked","no match, manually checked",,,,,,maha1306,,,,,,,,,,,,,,,,,,,,,
Ranongga,QinStonekingMBE2015,Western_Solomon_Islands,Solomon_Islands,-8,156.6,ghan1242,aust1307,glottocodeBase,glottocodeBase,ghan1242,ghan1242,ghan1242,ghan1242,language,ghan1246,,140,124,2,2,0.68966,0.63265,0.00573,0.00601,,,,,,,,,0.68966,0.63265,0.00573,0.00601
Rennell_and_Bellona,QinStonekingMBE2015,..,Solomon_Islands,-11.4,159.9,renn1242,aust1307,glottocodeBase,glottocodeBase,renn1242,renn1242,renn1242,renn1242,language,nucl1485,,140,117,4,4,0.68966,0.59694,0.01146,0.01201,,,,,,,,,0.68966,0.59694,0.01146,0.01201
Romanian,LazaridisNature2016,"Apuseni mountains, Horea village",Romania,46.502222,22.950277,roma1327,indo1319,"no match, manually checked",glottocodeBase,,,roma1327,roma1327,language,east2865,,,,193,186,,,0.55301,0.55856,,,,,,,,,,,0.55301,0.55856
Roncal,FloresBelloBasque2021,,Spain,42.8096,-0.9557,ronc1236,basq1248,"glottocodeUpstream, manually checked","glottocodeUpstream, manually checked",basq1248,basq1248,basq1248,basq1248,dialect,basq1248,language,,,,,,,,,157,145,234,220,0.7734,0.7398,0.67049,0.66066,0.7734,0.7398,0.67049,0.66066
Russell,QinStonekingMBE2015,Central_Solomon_Islands,Solomon_Islands,-9,159.1,lavu1241,lavu1241,glottocodeBase,glottocodeBase,lavu1241,lavu1241,lavu1241,lavu1241,language,lavu1241,language,172,165,202,188,0.84729,0.84184,0.5788,0.56456,172,165,202,188,0.84729,0.84184,0.5788,0.56456,0.84729,0.84184,0.5788,0.56456
Russian,PattersonGenetics2012,Vologda_Administrative_Region,Russia,61,40,russ1263,indo1319,glottocodeBase,glottocodeBase,russ1263,russ1263,russ1263,russ1263,language,east1426,,187,178,298,281,0.92118,0.90816,0.85387,0.84384,,,,,,,,,0.92118,0.90816,0.85387,0.84384
Russian_Archangelsk_Krasnoborsky,Jeong_2019,"Arkhangelsk region, Krasnoborsky district",Russia,61.56,45.94,russ1263,indo1319,glottocodeBase,glottocodeBase,russ1263,russ1263,russ1263,russ1263,language,east1426,,187,178,298,281,0.92118,0.90816,0.85387,0.84384,,,,,,,,,0.92118,0.90816,0.85387,0.84384
Russian_Archangelsk_Leshukonsky,Jeong_2019,"Arkhangelsk region, Leshukonsky district",Russia,64.9,45.74,russ1263,indo1319,glottocodeBase,glottocodeBase,russ1263,russ1263,russ1263,russ1263,language,east1426,,187,178,298,281,0.92118,0.90816,0.85387,0.84384,,,,,,,,,0.92118,0.90816,0.85387,0.84384
Russian_Archangelsk_Pinezhsky,Jeong_2019,"Arkhangelsk region, Pinezhsky district",Russia,64,44.26,russ1263,indo1319,glottocodeBase,glottocodeBase,russ1263,russ1263,russ1263,russ1263,language,east1426,,187,178,298,281,0.92118,0.90816,0.85387,0.84384,,,,,,,,,0.92118,0.90816,0.85387,0.84384
Russian_Belgorod,Jeong_2019,"Belgorod region, Krasnensky, Prohorovsky, Yakovlevsky districts",Russia,50.78,36.48,russ1263,indo1319,glottocodeBase,glottocodeBase,russ1263,russ1263,russ1263,russ1263,language,east1426,,187,178,298,281,0.92118,0.90816,0.85387,0.84384,,,,,,,,,0.92118,0.90816,0.85387,0.84384
Russian_Kaluga,Jeong_2019,"Kaluga region, Baryatinsky, Borovsky districts",Russia,54.31,34.53,russ1263,indo1319,glottocodeBase,glottocodeBase,russ1263,russ1263,russ1263,russ1263,language,east1426,,187,178,298,281,0.92118,0.90816,0.85387,0.84384,,,,,,,,,0.92118,0.90816,0.85387,0.84384
Russian_Kursk,Jeong_2019,"Kursk region, Pristensky and Cheremisinovsky districts",Russia,51.89,37.25,russ1263,indo1319,glottocodeBase,glottocodeBase,russ1263,russ1263,russ1263,russ1263,language,east1426,,187,178,298,281,0.92118,0.90816,0.85387,0.84384,,,,,,,,,0.92118,0.90816,0.85387,0.84384
Russian_Oryol,Jeong_2019,"Orel region, Livnensky and Bolhovsky districts",Russia,53.45,36,russ1263,indo1319,glottocodeBase,glottocodeBase,russ1263,russ1263,russ1263,russ1263,language,east1426,,187,178,298,281,0.92118,0.90816,0.85387,0.84384,,,,,,,,,0.92118,0.90816,0.85387,0.84384
Russian_Pskov_Ostrov,Jeong_2019,"Pskov region, Ostrov district",Russia,57.35,28.32,russ1263,indo1319,glottocodeBase,glottocodeBase,russ1263,russ1263,russ1263,russ1263,language,east1426,,187,178,298,281,0.92118,0.90816,0.85387,0.84384,,,,,,,,,0.92118,0.90816,0.85387,0.84384
Russian_Pskov_Porkhov,Jeong_2019,"Pskov region, Porkhov district",Russia,57.77,29.56,russ1263,indo1319,glottocodeBase,glottocodeBase,russ1263,russ1263,russ1263,russ1263,language,east1426,,187,178,298,281,0.92118,0.90816,0.85387,0.84384,,,,,,,,,0.92118,0.90816,0.85387,0.84384
Russian_Ryazan_Mihailovsky,Jeong_2019,"Ryazan region, Mihailovsky district",Russia,54.23,39.03,russ1263,indo1319,glottocodeBase,glottocodeBase,russ1263,russ1263,russ1263,russ1263,language,east1426,,187,178,298,281,0.92118,0.90816,0.85387,0.84384,,,,,,,,,0.92118,0.90816,0.85387,0.84384
Russian_Ryazan_Spassk_Ryazansky,Jeong_2019,"Ryazan region, Spassky district",Russia,54.4,40.53,russ1263,indo1319,glottocodeBase,glottocodeBase,russ1263,russ1263,russ1263,russ1263,language,east1426,,187,178,298,281,0.92118,0.90816,0.85387,0.84384,,,,,,,,,0.92118,0.90816,0.85387,0.84384
Russian_Smolensk,Jeong_2019,"Smolensk region, Roslavl and Ershichi districts",Russia,53.95,32.87,russ1263,indo1319,glottocodeBase,glottocodeBase,russ1263,russ1263,russ1263,russ1263,language,east1426,,187,178,298,281,0.92118,0.90816,0.85387,0.84384,,,,,,,,,0.92118,0.90816,0.85387,0.84384
Russian_Tver,Jeong_2019,"Tver region, Kashin district",Russia,57.36,37.61,russ1263,indo1319,glottocodeBase,glottocodeBase,russ1263,russ1263,russ1263,russ1263,language,east1426,,187,178,298,281,0.92118,0.90816,0.85387,0.84384,,,,,,,,,0.92118,0.90816,0.85387,0.84384
Russian_Yaroslavl,Jeong_2019,Yaroslavl region,Russia,58.03,38.5,russ1263,indo1319,glottocodeBase,glottocodeBase,russ1263,russ1263,russ1263,russ1263,language,east1426,,187,178,298,281,0.92118,0.90816,0.85387,0.84384,,,,,,,,,0.92118,0.90816,0.85387,0.84384
Saami,LazaridisNature2014,Enontekiö,Finland,68.383893,23.632454,nort2671,ural1272,glottocodeBase,glottocodeBase,nort2671,nort2671,nort2671,nort2671,language,cent2240,,150,139,124,117,0.73892,0.70918,0.3553,0.35135,,,,,,,,,0.73892,0.70918,0.3553,0.35135
Saek,Kutanan2021,,Thailand,17.45,104.74,saek1240,taik1256,"no match, manually checked",glottocodeBase,,,saek1240,saek1240,language,nort3326,,,,38,37,,,0.10888,0.11111,,,,,,,,,,,0.10888,0.11111
Saharawi,LazaridisNature2014,Close_to_the_Algerian_border,WesternSahara,27.3,-8.9,hass1238,afro1255,glottocodeBase,glottocodeBase,hass1238,hass1238,hass1238,hass1238,language,nort3191,,135,128,4,3,0.66502,0.65306,0.01146,0.00901,,,,,,,,,0.66502,0.65306,0.01146,0.00901
Salar,WangNature2021,,China,35.8,102.5,sala1264,turk1311,"no match, manually checked",glottocodeBase,,,sala1264,sala1264,language,oghu1243,,,,47,44,,,0.13467,0.13213,,,,,,,,,,,0.13467,0.13213
San,PattersonGenetics2012,..,Namibia,-18.93725689,21.45244764,juho1239,kxaa1236,glottocodeBase,glottocodeBase,juho1239,juho1239,juho1239,juho1239,language,juku1256,,46,40,158,147,0.2266,0.20408,0.45272,0.44144,,,,,,,,,0.2266,0.20408,0.45272,0.44144
Sandawe,LazaridisNature2014,Various locations,Tanzania,-5.5,35.5,sand1273,sand1273,glottocodeBase,glottocodeBase,sand1273,sand1273,sand1273,sand1273,language,sand1273,language,75,70,112,103,0.36946,0.35714,0.32092,0.30931,75,70,112,103,0.36946,0.35714,0.32092,0.30931,0.36946,0.35714,0.32092,0.30931
Santa_Cruz,QinStonekingMBE2015,Eastern_Solomon_Islands,Solomon_Islands,-11.610733,166.85925,natu1250,aust1307,proxy natu1246 manually checked,proxy natu1246 manually checked,natu1246,natu1246,natu1246,natu1246,,reef1242,,,,,,,,,,,,,,,,,,0.43842,0.41327,0.12894,0.13514
Santa_Isabel,QinStonekingMBE2015,Central_Solomon_Islands,Solomon_Islands,-8.2,159.1,ND,,"no match, manually checked","no match, manually checked",,,,,,,,,,,,,,,,,,,,,,,,,,,
Saposa,SkoglundNature2016,Bougainville,Papua_New_Guinea,-5.5833,154.67,sapo1253,aust1307,glottocodeBase,glottocodeBase,sapo1253,sapo1253,sapo1253,sapo1253,language,sapo1252,,131,118,22,19,0.64532,0.60204,0.06304,0.05706,,,,,,,,,0.64532,0.60204,0.06304,0.05706
Sardinian,PattersonGenetics2012,..,Italy,40,9,sard1257,indo1319,proxy camp1261 manually checked,proxy camp1261 manually checked,camp1261,camp1261,camp1261,camp1261,,sard1256,,,,,,,,,,,,,,,,,,0.83251,0.81633,0.22063,0.21622
Saudi,LazaridisNature2014,migrants_collected_in_Kuwait,SaudiArabia,18.490029,42.51709,hija1235,afro1255,proxy gulf1241 manually checked (migrants in Kuwait),proxy gulf1241 manually checked (migrants in Kuwait),gulf1241,gulf1241,gulf1241,gulf1241,language,arab1393,,,,5,4,,,0.01433,0.01201,,,,,,,,,0.72906,0.70918,0.24355,0.23423
Savo,QinStonekingMBE2015,Central_Solomon_Islands,Solomon_Islands,-9.125138,159.800176,savo1255,savo1255,glottocodeBase,glottocodeBase,savo1255,savo1255,savo1255,savo1255,language,savo1255,language,172,163,84,79,0.84729,0.83163,0.24069,0.23724,172,163,84,79,0.84729,0.83163,0.24069,0.23724,0.84729,0.83163,0.24069,0.23724
Scottish,LazaridisNature2014,Argyll_and_Bute,GreatBritain,56.04,-5.44,scot1245,indo1319,"no match, manually checked",glottocodeBase,,,scot1245,scot1245,language,east2734,,,,94,85,,,0.26934,0.25526,,,,,,,,,,,0.26934,0.25526
Scottish_Borders,LazaridisNature2016,Borders,GreatBritain,55.5,-2.5,scot1245,indo1319,"no match, manually checked",glottocodeBase,,,scot1245,scot1245,language,east2734,,,,94,85,,,0.26934,0.25526,,,,,,,,,,,0.26934,0.25526
Scottish_Dumfries_Galloway,LazaridisNature2016,Dumfries & Galloway,GreatBritain,55,-4,scot1245,indo1319,"no match, manually checked",glottocodeBase,,,scot1245,scot1245,language,east2734,,,,94,85,,,0.26934,0.25526,,,,,,,,,,,0.26934,0.25526
Scottish_Fife,LazaridisNature2016,Fife & Central,GreatBritain,56.25,-3,scot1245,indo1319,"no match, manually checked",glottocodeBase,,,scot1245,scot1245,language,east2734,,,,94,85,,,0.26934,0.25526,,,,,,,,,,,0.26934,0.25526
Scottish_Grampian,LazaridisNature2016,Grampian,GreatBritain,57.25,-2.25,scot1245,indo1319,"no match, manually checked",glottocodeBase,,,scot1245,scot1245,language,east2734,,,,94,85,,,0.26934,0.25526,,,,,,,,,,,0.26934,0.25526
Scottish_Highlands,LazaridisNature2016,Scottish Highlands (mainland),GreatBritain,57.5,-4.25,scot1245,indo1319,"no match, manually checked",glottocodeBase,,,scot1245,scot1245,language,east2734,,,,94,85,,,0.26934,0.25526,,,,,,,,,,,0.26934,0.25526
Scottish_Shetlandic,LazaridisNature2016,Shetland,GreatBritain,60.15,-1.15,scot1245,indo1319,"no match, manually checked",glottocodeBase,,,scot1245,scot1245,language,east2734,,,,94,85,,,0.26934,0.25526,,,,,,,,,,,0.26934,0.25526
Sechura,Barbieri_2019,,Peru,-5.573417,-80.831682,ND,,"no match, manually checked","no match, manually checked",,,,,,,,,,,,,,,,,,,,,,,,,,,
Selkup,LazaridisNature2014,Tolka_Purovskaja_in_Purovsky-rayon_Yamalo-Nenets_Autonomous_Okrug_/_Farkovo_in_Turukhansky_rayon_Krasnoyarsky_kray_/_Krasnoselkup_in_Krasnoselkupsky_rayon_Yamalo-Nenets_Autonomous_Okrug_/_Sovetskaja_Rechka_in_Krasnoselkupsky_rayon_Yamalo-Nenets_Autonomous_Okrug_/_Tolka_Krasnoselkupskaya_in_Krasnoselkupsky_rayon_Yamalo-Nenets_Autonomous_Okrug,Russia,65.53445627,82.29948491,selk1253,ural1272,proxy sout3262 manually checked,glottocodeBase,sout3262,sout3262,selk1253,selk1253,language,kama1376,,,,159,151,,,0.45559,0.45345,,,,,,,,,0.84236,0.82143,0.45559,0.45345
Selkup_Farkovo,Flegontov_2019,Krasnoyarsk Region,Russia,65.718073,86.979478,selk1253,ural1272,proxy sout3262 manually checked,glottocodeBase,sout3262,sout3262,selk1253,selk1253,language,kama1376,,,,159,151,,,0.45559,0.45345,,,,,,,,,0.84236,0.82143,0.45559,0.45345
Selkup_Turukhansk,Flegontov_2019,Krasnoyarsk Region,Russia,65.796083,87.952268,selk1253,ural1272,proxy sout3262 manually checked,glottocodeBase,sout3262,sout3262,selk1253,selk1253,language,kama1376,,,,159,151,,,0.45559,0.45345,,,,,,,,,0.84236,0.82143,0.45559,0.45345
Semende,QinStonekingMBE2015,Sumatra,Indonesia,-4.0782,103.6437,cent2053,aust1307,"no match, manually checked","no match, manually checked",,,,,language,high1292,,,,,,,,,,,,,,,,,,,,,
Shaigi_WGA,LazaridisNature2014,Khartoum,Sudan,15.6,32.5,suda1236,afro1255,"no match, manually checked",glottocodeBase,,,suda1236,suda1236,language,east2897,,,,35,34,,,0.10029,0.1021,,,,,,,,,,,0.10029,0.1021
Shan,Kutanan2021,,Thailand,19.37,98.14,shan1277,taik1256,"no match, manually checked",glottocodeBase,,,shan1277,shan1277,language,sout2744,,,,44,43,,,0.12607,0.12913,,,,,,,,,,,0.12607,0.12913
She,PattersonGenetics2012,..,China,27,119,shee1238,hmon1336,glottocodeBase,glottocodeBase,shee1238,shee1238,shee1238,shee1238,language,hone1239,,118,98,14,14,0.58128,0.5,0.04011,0.04204,,,,,,,,,0.58128,0.5,0.04011,0.04204
Sherpa,NakatsukaNatureGenetics2017,"West Bengal, Singel",India,26.89513333,88.26315278,sher1260,sino1245,"no match, manually checked",proxy sher1255 manually checked,,,sher1255,sher1255,,sher1254,,,,,,,,,,,,,,,,,,,,0.23782,0.23423
Shor_Khakassia,Jeong_2019,Khakassia Republic,Russia,53.3,90,shor1247,turk1311,glottocodeBase,glottocodeBase,shor1247,shor1247,shor1247,shor1247,language,yeni1251,,155,146,8,8,0.76355,0.7449,0.02292,0.02402,,,,,,,,,0.76355,0.7449,0.02292,0.02402
Shor_Mountain,Jeong_2019,"Kemerovo region, Tashtagol district",Russia,52.75,88,shor1247,turk1311,glottocodeBase,glottocodeBase,shor1247,shor1247,shor1247,shor1247,language,yeni1251,,155,146,8,8,0.76355,0.7449,0.02292,0.02402,,,,,,,,,0.76355,0.7449,0.02292,0.02402
Shua,PickrellNatureCommunications2012,..,Botswana,-20.55023685,25.33213069,shua1254,khoe1240,"no match, manually checked",glottocodeBase,,,shua1254,shua1254,language,ostk1235,,,,23,23,,,0.0659,0.06907,,,,,,,,,,,0.0659,0.06907
Sicilian_East,LazaridisNature2014,Trapani,Italy,38.019,12.515,sici1248,indo1319,glottocodeBase,proxy ital1282 manually checked,sici1248,sici1248,ital1282,ital1282,language,ital1287,,164,155,2,2,0.80788,0.79082,0.00573,0.00601,,,,,,,,,0.80788,0.79082,0.58453,0.58258
Sicilian_West,LazaridisNature2014,Siracusa,Italy,37.067,15.267,sici1248,indo1319,glottocodeBase,proxy ital1282 manually checked,sici1248,sici1248,ital1282,ital1282,language,ital1287,,164,155,2,2,0.80788,0.79082,0.00573,0.00601,,,,,,,,,0.80788,0.79082,0.58453,0.58258
Sindhi,PattersonGenetics2012,..,Pakistan,25.49063551,69,sind1272,indo1319,"no match, manually checked",glottocodeBase,,,sind1272,sind1272,language,sind1282,,,,51,51,,,0.14613,0.15315,,,,,,,,,,,0.14613,0.15315
Soa,Kutanan2021,,Thailand,17.37,104.3,west1492,aust1305,proxy west2397 manually checked,proxy west2397 manually checked,west2397,west2397,west2397,west2397,,katu1271,,,,,,,,,,,,,,,,,,0.5665,0.47959,0.12607,0.12913
Somali,LazaridisNature2014,Garissa,Kenya,5.6,48.3,soma1255,afro1255,glottocodeBase,glottocodeBase,soma1255,soma1255,soma1255,soma1255,language,east2653,,99,97,185,175,0.48768,0.4949,0.53009,0.52553,,,,,,,,,0.48768,0.4949,0.53009,0.52553
Soule,FloresBelloBasque2021,,France,43.0962,-0.8761,basq1250,basq1248,"glottocodeUpstream, manually checked","glottocodeBase, proxy for subsets basq1248 manually checked, language upstream of glottocodeBase (dialect)",basq1248,basq1248,basq1250,basq1250,dialect,basq1248,language,,,41,40,,,0.11748,0.12012,157,145,234,220,0.7734,0.7398,0.67049,0.66066,0.7734,0.7398,0.11748,0.12012
South_WesternGipuzkoa,FloresBelloBasque2021,,Spain,43.0065,-2.48,bisc1236,basq1248,"glottocodeUpstream, manually checked","glottocodeUpstream, manually checked",basq1248,basq1248,basq1248,basq1248,dialect,basq1248,language,,,,,,,,,157,145,234,220,0.7734,0.7398,0.67049,0.66066,0.7734,0.7398,0.67049,0.66066
SouthernThai_AN,Kutanan2021,,Thailand,6.77,101.08,sout2746,taik1256,"no match, manually checked",glottocodeBase,,,sout2746,sout2746,language,laot1235,,,,36,35,,,0.10315,0.10511,,,,,,,,,,,0.10315,0.10511
SouthernThai_TK,Kutanan2021,,Thailand,8.31,100.05,sout2746,taik1256,"no match, manually checked",glottocodeBase,,,sout2746,sout2746,language,laot1235,,,,36,35,,,0.10315,0.10511,,,,,,,,,,,0.10315,0.10511
Southwest_Bougainville,SkoglundNature2016,Bougainville,Papua_New_Guinea,-6.6,155.5,ND,,"no match, manually checked","no match, manually checked",,,,,,,,,,,,,,,,,,,,,,,,,,,
Spanish_Andalucia,LazaridisNature2014,Andalucia,Spain,37.4,-6,anda1279,indo1319,"no match, manually checked","glottocodeUpstream, manually checked",,,stan1288,stan1288,dialect,stan1288,language,,,,,,,,,,,285,268,,,0.81662,0.8048,,,0.81662,0.8048
Spanish_Aragon,LazaridisNature2014,Aragon,Spain,41,-1,arag1245,indo1319,"no match, manually checked","glottocodeBase; proxy stan1288 manually checked, should it be used for full too?",,,arag1245,arag1245,language,unsh1234,,,,36,35,,,0.10315,0.10511,,,,,,,,,,,0.10315,0.10511
Spanish_Balearic,LazaridisNature2014,Belearic_Islands,Spain,39.5,3,stan1288,indo1319,"no match, manually checked",glottocodeBase,,,stan1288,stan1288,language,cast1243,,,,285,268,,,0.81662,0.8048,,,,,,,,,,,0.81662,0.8048
Spanish_Basque,LazaridisNature2014,Tolosa,Spain,43.13,-2.08,basq1248,basq1248,glottocodeBase,glottocodeBase,basq1248,basq1248,basq1248,basq1248,language,basq1248,language,157,145,234,220,0.7734,0.7398,0.67049,0.66066,157,145,234,220,0.7734,0.7398,0.67049,0.66066,0.7734,0.7398,0.67049,0.66066
Spanish_Cantabria,LazaridisNature2014,Cantabria,Spain,43.3,-4,astu1245,indo1319,"no match, manually checked","glottocodeBase; proxy stan1288 manually checked, should it be used for full too?",,,astu1245,astu1245,language,astu1244,,,,36,35,,,0.10315,0.10511,,,,,,,,,,,0.10315,0.10511
Spanish_CastillaLaMancha,LazaridisNature2014,Castilla_la_Mancha,Spain,39.9,-4,cast1244,indo1319,"no match, manually checked","glottocodeUpstream, manually checked",,,stan1288,stan1288,dialect,stan1288,language,,,,,,,,,,,285,268,,,0.81662,0.8048,,,0.81662,0.8048
Spanish_CastillaLeon,LazaridisNature2014,Castilla_y_Leon,Spain,41.4,-4.5,cast1244,indo1319,"no match, manually checked","glottocodeUpstream, manually checked",,,stan1288,stan1288,dialect,stan1288,language,,,,,,,,,,,285,268,,,0.81662,0.8048,,,0.81662,0.8048
Spanish_Cataluna,LazaridisNature2014,Cataluna,Spain,41.8,1.5,stan1289,indo1319,glottocodeBase,glottocodeBase,stan1289,stan1289,stan1289,stan1289,language,sout3183,,184,175,112,103,0.9064,0.89286,0.32092,0.30931,,,,,,,,,0.9064,0.89286,0.32092,0.30931
Spanish_Extremadura,LazaridisNature2014,Extremadura,Spain,39,-6,extr1243,indo1319,"no match, manually checked",proxy stan1288 manually checked,,,stan1288,stan1288,language,cast1243,,,,,,,,,,,,,,,,,,,,0.81662,0.8048
Spanish_Galicia,LazaridisNature2014,Galicia,Spain,42.5,-8.1,gali1258,indo1319,glottocodeBase,glottocodeBase,gali1258,gali1258,gali1258,gali1258,language,gali1263,,178,168,43,42,0.87685,0.85714,0.12321,0.12613,,,,,,,,,0.87685,0.85714,0.12321,0.12613
Spanish_Murcia,LazaridisNature2014,Murcia,Spain,38,-1.1,murc1238,indo1319,"no match, manually checked","glottocodeUpstream, manually checked",,,stan1288,stan1288,dialect,stan1288,language,,,,,,,,,,,285,268,,,0.81662,0.8048,,,0.81662,0.8048
Spanish_PaisVasco,LazaridisNature2014,Pais_Vasco,Spain,42.8,-2.7,basq1248,basq1248,glottocodeBase,glottocodeBase,basq1248,basq1248,basq1248,basq1248,language,basq1248,language,157,145,234,220,0.7734,0.7398,0.67049,0.66066,157,145,234,220,0.7734,0.7398,0.67049,0.66066,0.7734,0.7398,0.67049,0.66066
Spanish_Valencia,LazaridisNature2014,Valencia,Spain,39.5,-0.4,stan1289,indo1319,glottocodeBase,glottocodeBase,stan1289,stan1289,stan1289,stan1289,language,sout3183,,184,175,112,103,0.9064,0.89286,0.32092,0.30931,,,,,,,,,0.9064,0.89286,0.32092,0.30931
Sulka_Ganai,SkoglundNature2016,New Britain,Papua_New_Guinea,-4.5,152.333,sulk1246,sulk1246,glottocodeBase,glottocodeBase,sulk1246,sulk1246,sulk1246,sulk1246,language,sulk1246,language,83,79,64,53,0.40887,0.40306,0.18338,0.15916,83,79,64,53,0.40887,0.40306,0.18338,0.15916,0.40887,0.40306,0.18338,0.15916
Sulka_Watwat,SkoglundNature2016,New Britain,Papua_New_Guinea,-4.483,152.3,sulk1246,sulk1246,glottocodeBase,glottocodeBase,sulk1246,sulk1246,sulk1246,sulk1246,language,sulk1246,language,83,79,64,53,0.40887,0.40306,0.18338,0.15916,83,79,64,53,0.40887,0.40306,0.18338,0.15916,0.40887,0.40306,0.18338,0.15916
Surui,PattersonGenetics2012,..,Brazil,-11,-62,suru1262,tupi1275,glottocodeBase,glottocodeBase,suru1262,suru1262,suru1262,suru1262,language,mond1266,,19,13,38,37,0.0936,0.06633,0.10888,0.11111,,,,,,,,,0.0936,0.06633,0.10888,0.11111
Syrian,LazaridisNature2014,migrants_collected_in_Kuwait,Syrian,35.128894,36.870117,turo1239,afro1255,proxy mlah1239 manually checked (now extinct but close to turo1239),proxy chal1275 manually checked,mlah1239,mlah1239,chal1275,chal1275,language,turo1240,,,,,,,,,,,,,,,,,,0.54187,0.51531,0.18625,0.18018
Taa_East,PickrellNatureCommunications2012,..,Botswana,-24.23651618,22.82065451,huaa1248,tuuu1241,glottocodeBase,glottocodeBase,huaa1248,huaa1248,huaa1248,huaa1248,language,taaa1242,,142,123,68,65,0.69951,0.62755,0.19484,0.1952,,,,,,,,,0.69951,0.62755,0.19484,0.1952
Taa_North,PickrellNatureCommunications2012,..,Botswana,-23.01456474,22.41585793,xooo1239,tuuu1241,proxy huaa1248 manually checked,"glottocodeBase, proxy huaa1248 manually checked",huaa1248,huaa1248,xooo1239,xooo1239,language,taaa1242,,,,4,3,,,0.01146,0.00901,,,,,,,,,0.69951,0.62755,0.01146,0.00901
Taa_West,PickrellNatureCommunications2012,..,Botswana,-23.63993795,20.27274124,xooo1239,tuuu1241,proxy huaa1248 manually checked,"glottocodeBase, proxy huaa1248 manually checked",huaa1248,huaa1248,xooo1239,xooo1239,language,taaa1242,,,,4,3,,,0.01146,0.00901,,,,,,,,,0.69951,0.62755,0.01146,0.00901
Tabasaran,Jeong_2019,Dagestan Republic,Russia,41.96,47.82,taba1259,nakh1245,"no match, manually checked",glottocodeBase,,,taba1259,taba1259,language,east2367,,,,8,8,,,0.02292,0.02402,,,,,,,,,,,0.02292,0.02402
Tagalog,SkoglundNature2016,Manila/National Capital Region/Tagalog,Philippines,14.6,120.98,taga1270,aust1307,glottocodeBase,glottocodeBase,taga1270,taga1270,taga1270,taga1270,language,taga1269,,79,66,199,187,0.38916,0.33673,0.5702,0.56156,,,,,,,,,0.38916,0.33673,0.5702,0.56156
Tahiti,SkoglundNature2016,..,France,-17.666667,-149.416667,tahi1242,aust1307,glottocodeBase,glottocodeBase,tahi1242,tahi1242,tahi1242,tahi1242,language,tahi1244,,160,138,56,47,0.78818,0.70408,0.16046,0.14114,,,,,,,,,0.78818,0.70408,0.16046,0.14114
TaiwanHan,SkoglundNature2016,..,Taiwan,25.033333,121.633333,taib1240,sino1245,"no match, manually checked","no match, manually checked",,,,,dialect,beij1235,dialect,,,,,,,,,,,3,3,,,0.0086,0.00901,,,,
Tajik,LazaridisNature2014,Rushan,Tajikistan,37.9,72.16666667,taji1245,indo1319,"no match, manually checked",glottocodeBase,,,taji1245,taji1245,language,taji1250,,,,82,76,,,0.23496,0.22823,,,,,,,,,,,0.23496,0.22823
Tajik_Lowland_Gissar,Jeong_2019,Gissar district,Tajikistan,38.52,68.53,hiss1235,indo1319,"no match, manually checked","glottocodeUpstream, manually checked",,,taji1245,taji1245,dialect,taji1245,language,,,,,,,,,,,82,76,,,0.23496,0.22823,,,0.23496,0.22823
Tajik_Lowland_Kulyab,Jeong_2019,Kulyab district,Tajikistan,37.9,69.77,kulj1234,indo1319,"no match, manually checked","glottocodeUpstream, manually checked",,,taji1245,taji1245,dialect,taji1245,language,,,,,,,,,,,82,76,,,0.23496,0.22823,,,0.23496,0.22823
Tajik_Mountain,Jeong_2019,Aininsky district,Tajikistan,39.37,68.52,taji1245,indo1319,"no match, manually checked",glottocodeBase,,,taji1245,taji1245,language,taji1250,,,,82,76,,,0.23496,0.22823,,,,,,,,,,,0.23496,0.22823
Tallan,Barbieri_2019,,Peru,-5.413622,-80.676682,ND,,"no match, manually checked","no match, manually checked",,,,,,,,,,,,,,,,,,,,,,,,,,,
Tamang,WangNature2021,,Nepal,27.4,86.2,nucl1729,sino1245,"proxy west2415 manually checked, geographically closer to Eastern",proxy east2347 manually checked,west2415,west2415,east2347,east2347,,tama1367,,,,,,,,,,,,,,,,,,0.69458,0.63776,0.22923,0.22523
Tatar_Kazan,Jeong_2019,"Tatarstan Republic, Arsk, Atnya, Aktanish, Mamadish and Sarmanovo districts",Russia,55.23,52.58,tata1255,turk1311,glottocodeBase,glottocodeBase,tata1255,tata1255,tata1255,tata1255,language,bash1267,,159,148,116,108,0.78325,0.7551,0.33238,0.32432,,,,,,,,,0.78325,0.7551,0.33238,0.32432
Tatar_Mishar,Jeong_2019,"Tatarstan Republic, Drozhzhanovsky and Alekseevski districts",Russia,55,48.5,tata1255,turk1311,glottocodeBase,glottocodeBase,tata1255,tata1255,tata1255,tata1255,language,bash1267,,159,148,116,108,0.78325,0.7551,0.33238,0.32432,,,,,,,,,0.78325,0.7551,0.33238,0.32432
Tatar_Siberian_Buhar,Jeong_2019,"Tyumen region, Tyumen district",Russia,57.15,65.77,sibe1250,turk1311,"no match, manually checked","no match, manually checked",,,,,language,nort2696,,,,,,,,,,,,,,,,,,,,,
Tatar_Siberian_Ishtyak_Toguz,Jeong_2019,"Tyumen region, Vagaysky district",Russia,57.93,69.01,sibe1250,turk1311,"no match, manually checked","no match, manually checked",,,,,language,nort2696,,,,,,,,,,,,,,,,,,,,,
Tatar_Siberian_Iskero_Tobolsk,Jeong_2019,"Tyumen region, Vagaysky, Tobolsk districts",Russia,58.1,68.72,sibe1250,turk1311,"no match, manually checked","no match, manually checked",,,,,language,nort2696,,,,,,,,,,,,,,,,,,,,,
Tatar_Siberian_Yalutorovsky,Jeong_2019,"Tyumen region, Yalutorovskiy district",Russia,56.89,66.52,sibe1250,turk1311,"no match, manually checked","no match, manually checked",,,,,language,nort2696,,,,,,,,,,,,,,,,,,,,,
Tatar_Siberian_Zabolotniye,Jeong_2019,"Tyumen region, Tobolsk district",Russia,58.41,67.46,sibe1250,turk1311,"no match, manually checked","no match, manually checked",,,,,language,nort2696,,,,,,,,,,,,,,,,,,,,,
Teop,SkoglundNature2016,Bougainville,Papua_New_Guinea,-5.85,155.18,teop1238,aust1307,glottocodeBase,glottocodeBase,teop1238,teop1238,teop1238,teop1238,language,tinp1238,,136,119,30,26,0.66995,0.60714,0.08596,0.07808,,,,,,,,,0.66995,0.60714,0.08596,0.07808
Thai,LazaridisNature2014,USA_cell_line_repository,Thailand,13.8,100.5,thai1261,taik1256,glottocodeBase,glottocodeBase,thai1261,thai1261,thai1261,thai1261,language,laot1235,,72,57,224,200,0.35468,0.29082,0.64183,0.6006,,,,,,,,,0.35468,0.29082,0.64183,0.6006
Tharu,WangNature2021,,Nepal,27.4,86.2,chit1274,indo1319,"no match, manually checked","no match, manually checked",,,,,language,east2316,,,,,,,,,,,,,,,,,,,,,
Tibetan_Chamdo,WangNature2021,,China,31.1,97.2,kham1299,sino1245,proxy kham1282 manually checked,proxy kham1282 manually checked,kham1282,kham1282,kham1282,kham1282,,late1253,,,,,,,,,,,,,,,,,,0.81773,0.71429,0.27507,0.27327
Tibetan_Gangcha,WangNature2021,,China,37.3,100.2,amdo1237,sino1245,glottocodeBase,glottocodeBase,amdo1237,amdo1237,amdo1237,amdo1237,language,nort3398,,138,121,94,90,0.6798,0.61735,0.26934,0.27027,,,,,,,,,0.6798,0.61735,0.26934,0.27027
Tibetan_Gannan,WangNature2021,,China,35,102.9,theb1237,sino1245,"no match, manually checked",proxy shum1243 manually checked,,,shum1243,shum1243,,kinn1250,,,,,,,,,,,,,,,,,,,,0.10602,0.10811
Tibetan_Lhasa,WangNature2021,,China,30,91.1,utsa1239,sino1245,proxy tibe1272 manually checked,proxy tibe1272 manually checked,tibe1272,tibe1272,tibe1272,tibe1272,dialect,dbus1238,dialect,,,3,3,,,0.0086,0.00901,,,,,,,,,0.87192,0.78571,0.44986,0.42943
Tibetan_Nagqu,WangNature2021,,China,31.5,92.1,nakc1234,sino1245,proxy kham1282 manually checked,proxy kham1282 manually checked,kham1282,kham1282,kham1282,kham1282,dialect,west2413,dialect,,,,,,,,,,,,,,,,,0.81773,0.71429,0.27507,0.27327
Tibetan_Shannan,WangNature2021,,China,29.2,91.8,tibe1272,sino1245,glottocodeBase,glottocodeBase,tibe1272,tibe1272,tibe1272,tibe1272,language,cent2346,,177,154,157,143,0.87192,0.78571,0.44986,0.42943,,,,,,,,,0.87192,0.78571,0.44986,0.42943
Tibetan_Shigatse,WangNature2021,,China,29.3,88.9,shig1238,sino1245,"proxy tibe1272 manually checked, upstream language for glottocodeBase","proxy tibe1272 manually checked, upstream language for glottocodeBase",tibe1272,tibe1272,tibe1272,tibe1272,dialect,gtsa1238,dialect,,,,,,,,,,,,,,,,,0.87192,0.78571,0.44986,0.42943
Tibetan_Xinlong,WangNature2021,,China,31,100.3,tibe1272,sino1245,glottocodeBase,glottocodeBase,tibe1272,tibe1272,tibe1272,tibe1272,language,cent2346,,177,154,157,143,0.87192,0.78571,0.44986,0.42943,,,,,,,,,0.87192,0.78571,0.44986,0.42943
Tibetan_Xunhua,WangNature2021,,China,35.8,102.5,amdo1237,sino1245,glottocodeBase,glottocodeBase,amdo1237,amdo1237,amdo1237,amdo1237,language,nort3398,,138,121,94,90,0.6798,0.61735,0.26934,0.27027,,,,,,,,,0.6798,0.61735,0.26934,0.27027
Tibetan_Yajiang,WangNature2021,,China,30,101,kham1299,sino1245,proxy kham1282 manually checked,proxy kham1282 manually checked,kham1282,kham1282,kham1282,kham1282,,late1253,,,,,,,,,,,,,,,,,,0.81773,0.71429,0.27507,0.27327
Tibetan_Yunnan,WangNature2021,,China,27.8,99.7,kham1299,sino1245,proxy kham1282 manually checked,proxy kham1282 manually checked,kham1282,kham1282,kham1282,kham1282,,late1253,,,,,,,,,,,,,,,,,,0.81773,0.71429,0.27507,0.27327
Ticuna,LazaridisNature2014,..,Colombia,-3.8,-70,ticu1245,ticu1244,glottocodeBase,glottocodeBase,ticu1245,ticu1245,ticu1245,ticu1245,language,ticu1244,,146,138,60,58,0.71921,0.70408,0.17192,0.17417,,,,,,,,,0.71921,0.70408,0.17192,0.17417
Tigak,SkoglundNature2016,New Ireland,Papua_New_Guinea,-2.567,150.8333,tiga1245,aust1307,glottocodeBase,glottocodeBase,tiga1245,tiga1245,tiga1245,tiga1245,language,tung1294,,149,127,102,95,0.73399,0.64796,0.29226,0.28529,,,,,,,,,0.73399,0.64796,0.29226,0.28529
Tikopia,QinStonekingMBE2015,..,Solomon_Islands,-12.296678,168.824107,tiko1237,aust1307,glottocodeBase,glottocodeBase,tiko1237,tiko1237,tiko1237,tiko1237,language,nucl1485,,148,138,2,2,0.72906,0.70408,0.00573,0.00601,,,,,,,,,0.72906,0.70408,0.00573,0.00601
Todzin,Jeong_2019,"Tuva Republic, Todzinsky district",Russia,51,94.95,tuvi1240,turk1311,glottocodeBase,glottocodeBase,tuvi1240,tuvi1240,tuvi1240,tuvi1240,language,saya1244,,134,125,183,170,0.6601,0.63776,0.52436,0.51051,,,,,,,,,0.6601,0.63776,0.52436,0.51051
Tofalar,LazaridisNature2014,"Eastern Sayan, v. Verhnyaya Gutara",Russia,54.217657,96.976046,kara1462,turk1311,"no match, manually checked",glottocodeBase,,,kara1462,kara1462,language,saya1244,,,,41,39,,,0.11748,0.11712,,,,,,,,,,,0.11748,0.11712
Tolai,SkoglundNature2016,New Britain,Papua_New_Guinea,-4.311,152.128,mini1257,aust1307,proxy kuan1248 manually checked,proxy kuan1248 manually checked,kuan1248,kuan1248,kuan1248,kuan1248,,patp1244,,,,,,,,,,,,,,,,,,0.69951,0.60714,0.16619,0.15315
Tolai_Kabakada,SkoglundNature2016,New Britain,Papua_New_Guinea,-4.483,152.1,kaba1283,aust1307,"glottocodeUpstream, manually checked","glottocodeUpstream, manually checked",kuan1248,kuan1248,kuan1248,kuan1248,dialect,kuan1248,language,,,,,,,,,142,119,58,51,0.69951,0.60714,0.16619,0.15315,0.69951,0.60714,0.16619,0.15315
Tolai_Matupit,SkoglundNature2016,New Britain,Papua_New_Guinea,-4.25,152.183,matu1260,aust1307,"glottocodeUpstream, manually checked","glottocodeUpstream, manually checked",kuan1248,kuan1248,kuan1248,kuan1248,dialect,kuan1248,language,,,,,,,,,142,119,58,51,0.69951,0.60714,0.16619,0.15315,0.69951,0.60714,0.16619,0.15315
Tolai_Vunairoto,SkoglundNature2016,New Britain,Papua_New_Guinea,-4.2,152.1,mini1257,aust1307,proxy kuan1248 manually checked,proxy kuan1248 manually checked,kuan1248,kuan1248,kuan1248,kuan1248,,patp1244,,,,,,,,,,,,,,,,,,0.69951,0.60714,0.16619,0.15315
Tongan,QinStonekingMBE2015,..,Tonga,-21.19,-175.18,tong1325,aust1307,glottocodeBase,glottocodeBase,tong1325,tong1325,tong1325,tong1325,language,tong1324,,140,118,91,86,0.68966,0.60204,0.26074,0.25826,,,,,,,,,0.68966,0.60204,0.26074,0.25826
Tshwa,PickrellNatureCommunications2012,..,Botswana,-21.02493467,25.93657567,tsoa1238,khoe1240,"no match, manually checked","no match, manually checked",,,,,language,tshw1239,,,,,,,,,,,,,,,,,,,,,
Tswana,PickrellNatureCommunications2012,..,Botswana,-24.066528,25.3656,tswa1253,atla1278,glottocodeBase,glottocodeBase,tswa1253,tswa1253,tswa1253,tswa1253,language,cent2406,,158,146,18,17,0.77833,0.7449,0.05158,0.05105,,,,,,,,,0.77833,0.7449,0.05158,0.05105
Tu,PattersonGenetics2012,..,China,36,101,tuuu1240,mong1349,"proxy minh1238 manually checked, language within glottocodeBase (family)",glottocodeBase,minh1238,minh1238,tuuu1240,tuuu1240,,shir1260,,,,108,101,,,0.30946,0.3033,,,,,,,,,0.76847,0.70408,0.30946,0.3033
Tubalar,LazaridisNature2014,Artybash_and_Kebezen,Russia,51.13333333,87,kara1462,turk1311,"no match, manually checked",glottocodeBase,,,kara1462,kara1462,language,saya1244,,,,41,39,,,0.11748,0.11712,,,,,,,,,,,0.11748,0.11712
Tubalar_2,Jeong_2019,"Altai Republic, Turochak and Choisky district",Russia,52.2,87.42,nort2686,turk1311,"no match, manually checked",glottocodeBase,,,nort2686,nort2686,language,nort3423,,,,41,39,,,0.11748,0.11712,,,,,,,,,,,0.11748,0.11712
Tujia,PattersonGenetics2012,..,China,29,109,tuji1244,sino1245,"proxy nort2732 manually checked, language of glottocodeBase (family status)","proxy nort2732 manually checked, language of glottocodeBase (family status)",nort2732,nort2732,nort2732,nort2732,,burm1265,,,,,,,,,,,,,,,,,,0.73399,0.64796,0.12034,0.1021
Tumbes,Barbieri_2019,,Peru,-3.656891,-80.622322,ND,,"no match, manually checked","no match, manually checked",,,,,,,,,,,,,,,,,,,,,,,,,,,
Tunisian,LazaridisNature2014,Tunis,Tunisia,36.82,10.17,tuni1259,afro1255,"no match, manually checked",glottocodeBase,,,tuni1259,tuni1259,language,malt1259,,,,11,10,,,0.03152,0.03003,,,,,,,,,,,0.03152,0.03003
Turkish_Adana,LazaridisNature2014,Adana,Turkey,37,35.31666667,nucl1301,turk1311,glottocodeBase,glottocodeBase,nucl1301,nucl1301,nucl1301,nucl1301,language,west2406,,182,170,296,277,0.89655,0.86735,0.84814,0.83183,,,,,,,,,0.89655,0.86735,0.84814,0.83183
Turkish_Aydin,LazaridisNature2014,Aydin,Turkey,37.85,27.83333333,nucl1301,turk1311,glottocodeBase,glottocodeBase,nucl1301,nucl1301,nucl1301,nucl1301,language,west2406,,182,170,296,277,0.89655,0.86735,0.84814,0.83183,,,,,,,,,0.89655,0.86735,0.84814,0.83183
Turkish_Balikesir,LazaridisNature2014,Balikesir,Turkey,39.385,27.533,nucl1301,turk1311,glottocodeBase,glottocodeBase,nucl1301,nucl1301,nucl1301,nucl1301,language,west2406,,182,170,296,277,0.89655,0.86735,0.84814,0.83183,,,,,,,,,0.89655,0.86735,0.84814,0.83183
Turkish_Istanbul,LazaridisNature2014,Istanbul,Turkey,41.016666,28.95,nucl1301,turk1311,glottocodeBase,glottocodeBase,nucl1301,nucl1301,nucl1301,nucl1301,language,west2406,,182,170,296,277,0.89655,0.86735,0.84814,0.83183,,,,,,,,,0.89655,0.86735,0.84814,0.83183
Turkish_Kayseri,LazaridisNature2014,Kayseri,Turkey,38.733333,35.483333,nucl1301,turk1311,glottocodeBase,glottocodeBase,nucl1301,nucl1301,nucl1301,nucl1301,language,west2406,,182,170,296,277,0.89655,0.86735,0.84814,0.83183,,,,,,,,,0.89655,0.86735,0.84814,0.83183
Turkish_Trabzon,LazaridisNature2014,Trabzon,Turkey,41,39.73333333,nucl1301,turk1311,glottocodeBase,glottocodeBase,nucl1301,nucl1301,nucl1301,nucl1301,language,west2406,,182,170,296,277,0.89655,0.86735,0.84814,0.83183,,,,,,,,,0.89655,0.86735,0.84814,0.83183
Turkmen,LazaridisNature2014,Nukut_in_Karakalpak,Uzbekistan,42.463993,59.611816,turk1304,turk1311,glottocodeBase,glottocodeBase,turk1304,turk1304,turk1304,turk1304,language,east2334,,170,159,62,59,0.83744,0.81122,0.17765,0.17718,,,,,,,,,0.83744,0.81122,0.17765,0.17718
Tuscan,PattersonGenetics2012,..,Italy,43,11,ital1282,indo1319,glottocodeBase,glottocodeBase,ital1282,ital1282,ital1282,ital1282,language,ital1287,,180,171,204,194,0.8867,0.87245,0.58453,0.58258,,,,,,,,,0.8867,0.87245,0.58453,0.58258
Tuvinian,LazaridisNature2014,Erzin_in_Tuva_Republic,Russia,50.259608,95.160313,tuvi1240,turk1311,glottocodeBase,glottocodeBase,tuvi1240,tuvi1240,tuvi1240,tuvi1240,language,saya1244,,134,125,183,170,0.6601,0.63776,0.52436,0.51051,,,,,,,,,0.6601,0.63776,0.52436,0.51051
Tuvinian_2,Jeong_2019,"Tuva Republic, Barun-Khemchik, Tere-Hol, Tandy, Chaa-Hol, Erzinsky",Russia,51.16,94.47,tuvi1240,turk1311,glottocodeBase,glottocodeBase,tuvi1240,tuvi1240,tuvi1240,tuvi1240,language,saya1244,,134,125,183,170,0.6601,0.63776,0.52436,0.51051,,,,,,,,,0.6601,0.63776,0.52436,0.51051
Udmurt_Northern,Jeong_2019,"Udmurtia Republic, Sharkansky, Alnashsky, Vavozhsky, Yukamensky districts",Russia,56.09,52.37,nort2676,ural1272,"no match, manually checked","glottocodeUpstream, manually checked",,,udmu1245,udmu1245,dialect,udmu1245,language,,,,,,,,,,,127,118,,,0.3639,0.35435,,,0.3639,0.35435
Udmurt_Southern,Jeong_2019,"Udmurtia Republic, Sharkansky, Alnashsky, Vavozhsky, Yukamensky districts",Russia,56.09,52.37,sout2681,ural1272,"no match, manually checked","glottocodeUpstream, manually checked",,,udmu1245,udmu1245,dialect,udmu1245,language,,,,,,,,,,,127,118,,,0.3639,0.35435,,,0.3639,0.35435
Ukrainian_East,LazaridisNature2014,Belgorod,Russia,50.2870922,31.5574036,ukra1253,indo1319,glottocodeBase,glottocodeBase,ukra1253,ukra1253,ukra1253,ukra1253,language,ukra1257,,159,148,114,107,0.78325,0.7551,0.32665,0.32132,,,,,,,,,0.78325,0.7551,0.32665,0.32132
Ukrainian_Rovenskaya,Jeong_2019,Rovenskaya region,Ukraine,51.32,26.58,ukra1253,indo1319,glottocodeBase,glottocodeBase,ukra1253,ukra1253,ukra1253,ukra1253,language,ukra1257,,159,148,114,107,0.78325,0.7551,0.32665,0.32132,,,,,,,,,0.78325,0.7551,0.32665,0.32132
Ukrainian_Sumskaya,Jeong_2019,Sumskaya region,Ukraine,50.82,33.87,ukra1253,indo1319,glottocodeBase,glottocodeBase,ukra1253,ukra1253,ukra1253,ukra1253,language,ukra1257,,159,148,114,107,0.78325,0.7551,0.32665,0.32132,,,,,,,,,0.78325,0.7551,0.32665,0.32132
Ukrainian_West,LazaridisNature2014,Lviv,Ukraine,49.85,24.01666667,ukra1253,indo1319,glottocodeBase,glottocodeBase,ukra1253,ukra1253,ukra1253,ukra1253,language,ukra1257,,159,148,114,107,0.78325,0.7551,0.32665,0.32132,,,,,,,,,0.78325,0.7551,0.32665,0.32132
Ukrainian_Zhitomirskaya,Jeong_2019,Zhitomirskaya region,Ukraine,50.52,28.55,ukra1253,indo1319,glottocodeBase,glottocodeBase,ukra1253,ukra1253,ukra1253,ukra1253,language,ukra1257,,159,148,114,107,0.78325,0.7551,0.32665,0.32132,,,,,,,,,0.78325,0.7551,0.32665,0.32132
Ulchi,LazaridisNature2014,Various locations,Russia,51.93,140.41,ulch1241,tung1282,glottocodeBase,glottocodeBase,ulch1241,ulch1241,ulch1241,ulch1241,language,ulch1242,,144,137,2,2,0.70936,0.69898,0.00573,0.00601,,,,,,,,,0.70936,0.69898,0.00573,0.00601
UrubuKaapor,SkoglundNature2015,Maranh_o_(Tupi),Brazil,-2.333333333,-45.21666667,urub1250,tupi1275,"no match, manually checked",glottocodeBase,,,urub1250,urub1250,language,guaj1258,,,,142,131,,,0.40688,0.39339,,,,,,,,,,,0.40688,0.39339
UtcubambaSouth,Barbieri_2019,,Peru,-6.390647,-77.896948,chac1250,quec1387,"no match, manually checked",glottocodeBase,,,chac1250,chac1250,language,sanm1306,,,,37,36,,,0.10602,0.10811,,,,,,,,,,,0.10602,0.10811
Uygur,PattersonGenetics2012,Yili,China,44,81,uigh1240,turk1311,"no match, manually checked",glottocodeBase,,,uigh1240,uigh1240,language,uigh1243,,,,76,71,,,0.21777,0.21321,,,,,,,,,,,0.21777,0.21321
Uzbek,LazaridisNature2014,Tashkent,Uzbekistan,41.266667,69.216667,nort2690,turk1311,glottocodeBase,glottocodeBase,nort2690,nort2690,nort2690,nort2690,language,uzbe1247,,177,164,74,70,0.87192,0.83673,0.21203,0.21021,,,74,71,,,0.21203,0.21321,0.87192,0.83673,0.21203,0.21021
Uzbek_Khorezm,Jeong_2019,Khorezm,Uzbekistan,41.55,60.63,nort2690,turk1311,glottocodeBase,glottocodeBase,nort2690,nort2690,nort2690,nort2690,language,uzbe1247,,177,164,74,70,0.87192,0.83673,0.21203,0.21021,,,74,71,,,0.21203,0.21321,0.87192,0.83673,0.21203,0.21021
Uzbek_Tashkent,Jeong_2019,Tashkent,Uzbekistan,41.3,69.27,nort2690,turk1311,glottocodeBase,glottocodeBase,nort2690,nort2690,nort2690,nort2690,language,uzbe1247,,177,164,74,70,0.87192,0.83673,0.21203,0.21021,,,74,71,,,0.21203,0.21321,0.87192,0.83673,0.21203,0.21021
Vanuatu_Ambrym,Lipson_2018,Ambrym,Vanuatu,-16.25,168.12,ambr1240,aust1307,"no match, manually checked","no match, manually checked",,,,,,cent2269,,,,,,,,,,,,,,,,,,,,,
Vanuatu_Aneityum,Lipson_2018,Aneityum,Vanuatu,-20.2,169.82,anei1239,aust1307,glottocodeBase,glottocodeBase,anei1239,anei1239,anei1239,anei1239,language,sout2868,,166,141,82,74,0.81773,0.71939,0.23496,0.22222,,,,,,,,,0.81773,0.71939,0.23496,0.22222
Vanuatu_Aoba,Lipson_2018,Aoba,Vanuatu,-15.4,167.833333,east2443,aust1307,glottocodeBase,glottocodeBase,east2443,east2443,east2443,east2443,language,amba1270,,155,135,41,36,0.76355,0.68878,0.11748,0.10811,,,,,,,,,0.76355,0.68878,0.11748,0.10811
Vanuatu_Banks,Lipson_2018,BanksandTorres,Vanuatu,-13.5,167.6,torr1262,aust1307,"no match, manually checked","no match, manually checked",,,,,,nort3205,,,,,,,,,,,,,,,,,,,,,
Vanuatu_Efate,Lipson_2018,Efate,Vanuatu,-17.73,168.25,efat1236,aust1307,proxy sout2856 manually checked,proxy sout2856 manually checked,sout2856,sout2856,sout2856,sout2856,,epie1239,,,,,,,,,,,,,,,,,,0.84729,0.76531,0.18338,0.17718
Vanuatu_Efate_Mele,Lipson_2018,Efate_Mele,Vanuatu,-17.7,168.25,mele1250,aust1307,glottocodeBase,glottocodeBase,mele1250,mele1250,mele1250,mele1250,language,mele1252,,103,91,9,7,0.50739,0.46429,0.02579,0.02102,,,,,,,,,0.50739,0.46429,0.02579,0.02102
Vanuatu_Emae,Lipson_2018,Emae,Vanuatu,-17.07,168.4,emae1237,aust1307,glottocodeBase,glottocodeBase,emae1237,emae1237,emae1237,emae1237,language,vanu1245,,129,109,40,34,0.63547,0.55612,0.11461,0.1021,,,,,,,,,0.63547,0.55612,0.11461,0.1021
Vanuatu_Erromango,Lipson_2018,Erromango,Vanuatu,-18.81,169.12,siee1239,aust1307,glottocodeBase,glottocodeBase,siee1239,siee1239,siee1239,siee1239,language,erro1239,,156,145,62,57,0.76847,0.7398,0.17765,0.17117,,,,,,,,,0.76847,0.7398,0.17765,0.17117
Vanuatu_Futuna,Lipson_2018,Futuna,Vanuatu,-19.53,170.22,futu1245,aust1307,glottocodeBase,glottocodeBase,futu1245,futu1245,futu1245,futu1245,language,mele1252,,166,142,53,47,0.81773,0.72449,0.15186,0.14114,,,,,,,,,0.81773,0.72449,0.15186,0.14114
Vanuatu_Ifira,Lipson_2018,Ifira,Vanuatu,-17.75,168.28,fila1237,aust1307,"glottocodeUpstream, manually checked","glottocodeUpstream, manually checked",mele1250,mele1250,mele1250,mele1250,dialect,mele1250,language,,,,,,,,,103,91,9,7,0.50739,0.46429,0.02579,0.02102,0.50739,0.46429,0.02579,0.02102
Vanuatu_Maewo,Lipson_2018,Maewo,Vanuatu,-15.17,168.17,cent2058,aust1307,glottocodeBase,glottocodeBase,cent2058,cent2058,cent2058,cent2058,language,maew1234,,81,68,4,4,0.39901,0.34694,0.01146,0.01201,,,,,,,,,0.39901,0.34694,0.01146,0.01201
Vanuatu_Makura,Lipson_2018,Makura,Vanuatu,-16.87,168.43,maku1276,aust1307,"glottocodeUpstream, manually checked","glottocodeUpstream, manually checked",nama1268,nama1268,nama1268,nama1268,dialect,nama1268,language,,,,,,,,,104,94,2,2,0.51232,0.47959,0.00573,0.00601,0.51232,0.47959,0.00573,0.00601
Vanuatu_Malekula,Lipson_2018,Malakula,Vanuatu,-16.25,167.5,sout3240,aust1307,"no match, manually checked","no match, manually checked",,,,,,peri1262,,,,,,,,,,,,,,,,,,,,,
Vanuatu_Nguna,Lipson_2018,Nguna,Vanuatu,-17.43,168.33,ngun1274,aust1307,"glottocodeUpstream, manually checked","glottocodeUpstream, manually checked",nort2836,nort2836,nort2836,nort2836,dialect,nort2836,language,,,,,,,,,76,63,17,14,0.37438,0.32143,0.04871,0.04204,0.37438,0.32143,0.04871,0.04204
Vanuatu_Paama,Lipson_2018,Paama,Vanuatu,-16.43,168.24,paam1238,aust1307,glottocodeBase,glottocodeBase,paam1238,paam1238,paam1238,paam1238,language,cent2269,,95,83,126,117,0.46798,0.42347,0.36103,0.35135,,,,,,,,,0.46798,0.42347,0.36103,0.35135
Vanuatu_Pentecost_Baie,Lipson_2018,Pentecost_BaieBarrier,Vanuatu,-15.93,168.27,saaa1241,aust1307,glottocodeBase,glottocodeBase,saaa1241,saaa1241,saaa1241,saaa1241,language,sout3188,,128,110,3,3,0.63054,0.56122,0.0086,0.00901,,,,,,,,,0.63054,0.56122,0.0086,0.00901
Vanuatu_Pentecost_Bwatnapni,Lipson_2018,Pentecost_Bwatnapni,Vanuatu,-15.67,168.12,suru1259,aust1307,"glottocodeUpstream, manually checked","glottocodeUpstream, manually checked",apma1240,apma1240,apma1240,apma1240,dialect,apma1240,language,,,,,,,,,163,150,13,12,0.80296,0.76531,0.03725,0.03604,0.80296,0.76531,0.03725,0.03604
Vanuatu_Pentecost_Maram,Lipson_2018,Pentecost_Maram(orNamaram),Vanuatu,-15.63,168.12,suru1259,aust1307,"glottocodeUpstream, manually checked","glottocodeUpstream, manually checked",apma1240,apma1240,apma1240,apma1240,dialect,apma1240,language,,,,,,,,,163,150,13,12,0.80296,0.76531,0.03725,0.03604,0.80296,0.76531,0.03725,0.03604
Vanuatu_Pentecost_Ranmawat,Lipson_2018,Pentecost_Ranmawat,Vanuatu,-15.8,168.17,sowa1244,aust1307,"no match, manually checked",glottocodeBase,,,sowa1244,sowa1244,language,seke1242,,,,2,2,,,0.00573,0.00601,,,,,,,,,,,0.00573,0.00601
Vanuatu_Pentecost_Wugunmel,Lipson_2018,Pentecost_Wugunmel(orWadunmel),Vanuatu,-15.72,168.17,ND,ND,"no match, manually checked","no match, manually checked",,,,,,,,,,,,,,,,,,,,,,,,,,,
Vanuatu_Santo_Malau,Lipson_2018,Santo_Malau(orMalao),Vanuatu,-15.17,166.85,ND,ND,"no match, manually checked","no match, manually checked",,,,,,,,,,,,,,,,,,,,,,,,,,,
Vanuatu_Santo_Mbauk,Lipson_2018,Santo_Mbauk(orNambauk),Vanuatu,-15.52,166.93,polo1242,aust1307,"no match, manually checked",glottocodeBase,,,polo1242,polo1242,language,sout3220,,,,4,4,,,0.01146,0.01201,,,,,,,,,,,0.01146,0.01201
Vanuatu_Santo_Morou,Lipson_2018,Santo_Morou(orMarao),Vanuatu,-15.43,166.77,moro1286,aust1307,"no match, manually checked",glottocodeBase,,,moro1286,moro1286,language,sout3194,,,,4,4,,,0.01146,0.01201,,,,,,,,,,,0.01146,0.01201
Vanuatu_Santo_Okoro,Lipson_2018,Santo_Okoro(orOkovu),Vanuatu,-15.23,166.67,ND,ND,"no match, manually checked","no match, manually checked",,,,,,,,,,,,,,,,,,,,,,,,,,,
Vanuatu_Santo_Port,Lipson_2018,Santo_PortOlry,Vanuatu,-15.05,167.07,saka1289,aust1307,glottocodeBase,glottocodeBase,saka1289,saka1289,saka1289,saka1289,language,sout3339,,165,149,32,27,0.81281,0.7602,0.09169,0.08108,,,,,,,,,0.81281,0.7602,0.09169,0.08108
Vanuatu_Santo_Rango,Lipson_2018,Santo_Rango(orNarango),Vanuatu,-15.55,166.98,nara1263,aust1307,"no match, manually checked",glottocodeBase,,,nara1263,nara1263,language,sout3194,,,,4,4,,,0.01146,0.01201,,,,,,,,,,,0.01146,0.01201
Vanuatu_Santo_Sara,Lipson_2018,Santo_Sara,Vanuatu,-15.2,167.05,hano1246,aust1307,glottocodeBase,glottocodeBase,hano1246,hano1246,hano1246,hano1246,language,nort3205,,155,133,22,19,0.76355,0.67857,0.06304,0.05706,,,,,,,,,0.76355,0.67857,0.06304,0.05706
Vanuatu_Santo_Tasiriki,Lipson_2018,Santo_Tasiriki,Vanuatu,-15.6,166.77,akei1237,aust1307,glottocodeBase,glottocodeBase,akei1237,akei1237,akei1237,akei1237,language,west2845,,96,77,2,2,0.47291,0.39286,0.00573,0.00601,,,,,,,,,0.47291,0.39286,0.00573,0.00601
Vanuatu_Santo_Tutuba,Lipson_2018,Santo_Tutuba,Vanuatu,-15.93,167.47,tutu1241,aust1307,glottocodeBase,glottocodeBase,tutu1241,tutu1241,tutu1241,tutu1241,language,mafe1238,,152,137,4,4,0.74877,0.69898,0.01146,0.01201,,,,,,,,,0.74877,0.69898,0.01146,0.01201
Vanuatu_Tanna,Lipson_2018,Tanna,Vanuatu,-19.5,169.33,tann1242,aust1307,"proxy lena1238 manually checked (lanugage with most speakers (François, Wikipedia))","proxy lena1238 manually checked (lanugage with most speakers (François, Wikipedia))",lena1238,lena1238,lena1238,lena1238,,sout2868,,,,,,,,,,,,,,,,,,0.84729,0.81122,0.27221,0.26727
Vanuatu_Tongoa,Lipson_2018,Tongoa,Vanuatu,-16.89,168.55,tong1323,aust1307,"glottocodeUpstream, manually checked","glottocodeUpstream, manually checked",nama1268,nama1268,nama1268,nama1268,dialect,nama1268,language,,,,,,,,,104,94,2,2,0.51232,0.47959,0.00573,0.00601,0.51232,0.47959,0.00573,0.00601
Vella_Lavella,QinStonekingMBE2015,Western_Solomon_Islands,Solomon_Islands,-7.9,156.7,bilu1245,bilu1245,glottocodeBase,glottocodeBase,bilu1245,bilu1245,bilu1245,bilu1245,language,bilu1245,language,96,91,70,66,0.47291,0.46429,0.20057,0.1982,96,91,70,66,0.47291,0.46429,0.20057,0.1982,0.47291,0.46429,0.20057,0.1982
Veps,Jeong_2019,"Karelia Republic, Prionezhsky district",Russia,61.27,35.02,veps1250,ural1272,glottocodeBase,glottocodeBase,veps1250,veps1250,veps1250,veps1250,language,east2796,,176,167,63,60,0.867,0.85204,0.18052,0.18018,,,,,,,,,0.867,0.85204,0.18052,0.18018
Vietnamese_North,SkoglundNature2016,Hanoi//Vietnamese,Vietnam,21.03,105.85,viet1252,aust1305,glottocodeBase,glottocodeBase,viet1252,viet1252,viet1252,viet1252,language,viet1251,,109,85,202,181,0.53695,0.43367,0.5788,0.54354,,,,,,,,,0.53695,0.43367,0.5788,0.54354
Vietnamese_South,SkoglundNature2016,Ho Chi Minh City//Vietnamese,Vietnam,10.82,106.64,viet1252,aust1305,glottocodeBase,glottocodeBase,viet1252,viet1252,viet1252,viet1252,language,viet1251,,109,85,202,181,0.53695,0.43367,0.5788,0.54354,,,,,,,,,0.53695,0.43367,0.5788,0.54354
Visayan,SkoglundNature2016,Cebu City/Cenu/Vizaya. Suriago. Manila,Philippines,10.32,123.89,mind1257,aust1307,"glottocodeUpstream, manually checked","glottocodeUpstream, manually checked",cebu1242,cebu1242,cebu1242,cebu1242,dialect,cebu1242,language,,,,,,,,,65,57,78,75,0.3202,0.29082,0.2235,0.22523,0.3202,0.29082,0.2235,0.22523
Vishwabrahmin,LazaridisNature2014,Guntur_UttarPradesh,India,16.3,80.48,vish1243,drav1251,"no match, manually checked","no match, manually checked",,,,,language,mala1541,,,,,,,,,,,,,,,,,,,,,
Wambo,PickrellNatureCommunications2012,..,Namibia,-17.73,18.06,ndon1254,atla1278,proxy mbal1255 manually checked,glottocodeBase,mbal1255,mbal1255,ndon1254,ndon1254,language,kwam1257,,,,79,74,,,0.22636,0.22222,,,,,,,,,0.46305,0.43367,0.22636,0.22222
Wayku,Barbieri_2019,,Peru,-6.422091,-76.51988,sanm1289,quec1387,glottocodeBase,glottocodeBase,sanm1289,sanm1289,sanm1289,sanm1289,language,sanm1306,,143,135,37,36,0.70443,0.68878,0.10602,0.10811,,,,,,,,,0.70443,0.68878,0.10602,0.10811
Wayuu,LazaridisNature2014,..,Colombia,11,-73,wayu1243,araw1281,glottocodeBase,glottocodeBase,wayu1243,wayu1243,wayu1243,wayu1243,language,guaj1257,,113,109,99,91,0.55665,0.55612,0.28367,0.27327,,,,,,,,,0.55665,0.55612,0.28367,0.27327
WesternBizkaia,FloresBelloBasque2021,,Spain,43.242,-3.1853,stan1288,indo1319,"no match, manually checked",glottocodeBase,,,stan1288,stan1288,language,cast1243,,,,285,268,,,0.81662,0.8048,,,,,,,,,,,0.81662,0.8048
Xavante,SkoglundNature2015,Mato_Grosso_(Ge),Brazil,-14.33333333,-52.5,xava1240,nucl1710,glottocodeBase,glottocodeBase,xava1240,xava1240,xava1240,xava1240,language,jece1235,,142,126,50,45,0.69951,0.64286,0.14327,0.13514,,,,,,,,,0.69951,0.64286,0.14327,0.13514
Xibo,PattersonGenetics2012,..,China,43.49792973,81.5,xibe1242,tung1282,"no match, manually checked","no match, manually checked",,,,,language,manc1251,,,,,,,,,,,,,,,,,,,,,
Xuun,PickrellNatureCommunications2012,..,Namibia,-18.69072023,19.68263063,kung1261,kxaa1236,"no match, manually checked",glottocodeBase,,,kung1261,kung1261,language,juku1256,,,,78,70,,,0.2235,0.21021,,,,,,,,,,,0.2235,0.21021
Yakut,PattersonGenetics2012,..,Russia,62.98287845,129.5,yaku1245,turk1311,glottocodeBase,glottocodeBase,yaku1245,yaku1245,yaku1245,yaku1245,language,nort2688,,165,155,182,172,0.81281,0.79082,0.52149,0.51652,,,,,,,,,0.81281,0.79082,0.52149,0.51652
Yaquis,Barbieri_2019,,Mexico,27.5767,-109.9598,yaqu1251,utoa1244,glottocodeBase,glottocodeBase,yaqu1251,yaqu1251,yaqu1251,yaqu1251,language,cahi1243,,154,146,206,188,0.75862,0.7449,0.59026,0.56456,,,,,,,,,0.75862,0.7449,0.59026,0.56456
Yemen_Ad_Dali,VyasAJPA2017,Ad Dali,Yemen,13.696667,44.730833,sana1295,afro1255,glottocodeBase,glottocodeBase,sana1295,sana1295,sana1295,sana1295,language,jude1277,,152,144,7,7,0.74877,0.73469,0.02006,0.02102,,,,,,,,,0.74877,0.73469,0.02006,0.02102
Yemen_Al_Bayda,VyasAJPA2017,Al Bayda,Yemen,13.976389,45.570833,sana1295,afro1255,glottocodeBase,glottocodeBase,sana1295,sana1295,sana1295,sana1295,language,jude1277,,152,144,7,7,0.74877,0.73469,0.02006,0.02102,,,,,,,,,0.74877,0.73469,0.02006,0.02102
Yemen_Al_Jawf,VyasAJPA2017,Al Jawf,Yemen,16.783333,45.516667,sana1295,afro1255,glottocodeBase,glottocodeBase,sana1295,sana1295,sana1295,sana1295,language,jude1277,,152,144,7,7,0.74877,0.73469,0.02006,0.02102,,,,,,,,,0.74877,0.73469,0.02006,0.02102
Yemen_Amanat_Al_Asimah,VyasAJPA2017,Amanat Al Asimah,Yemen,15.348333,44.206389,sana1295,afro1255,glottocodeBase,glottocodeBase,sana1295,sana1295,sana1295,sana1295,language,jude1277,,152,144,7,7,0.74877,0.73469,0.02006,0.02102,,,,,,,,,0.74877,0.73469,0.02006,0.02102
Yemen_Amran,VyasAJPA2017,Amran,Yemen,15.666667,43.95,sana1295,afro1255,glottocodeBase,glottocodeBase,sana1295,sana1295,sana1295,sana1295,language,jude1277,,152,144,7,7,0.74877,0.73469,0.02006,0.02102,,,,,,,,,0.74877,0.73469,0.02006,0.02102
Yemen_Dhamar,VyasAJPA2017,Dhamar,Yemen,14.55,44.401667,sana1295,afro1255,glottocodeBase,glottocodeBase,sana1295,sana1295,sana1295,sana1295,language,jude1277,,152,144,7,7,0.74877,0.73469,0.02006,0.02102,,,,,,,,,0.74877,0.73469,0.02006,0.02102
Yemen_Hadramout,VyasAJPA2017,Hadramout,Yemen,16.666667,49.5,hadr1236,afro1255,"no match, manually checked","no match, manually checked",,,,,language,arab1393,,,,,,,,,,,,,,,,,,,,,
Yemen_Ibb,VyasAJPA2017,Ibb,Yemen,13.966667,44.166667,sana1295,afro1255,glottocodeBase,glottocodeBase,sana1295,sana1295,sana1295,sana1295,language,jude1277,,152,144,7,7,0.74877,0.73469,0.02006,0.02102,,,,,,,,,0.74877,0.73469,0.02006,0.02102
Yemen_Mahra,VyasAJPA2017,Mahra,Yemen,16.356838,51.458506,mehr1241,afro1255,"no match, manually checked",glottocodeBase,,,mehr1241,mehr1241,language,west2859,,,,76,72,,,0.21777,0.21622,,,,,,,,,,,0.21777,0.21622
Yemen_Marib,,,,,,sana1295,afro1255,glottocodeBase,glottocodeBase,sana1295,sana1295,sana1295,sana1295,language,jude1277,,152,144,7,7,0.74877,0.73469,0.02006,0.02102,,,,,,,,,0.74877,0.73469,0.02006,0.02102
Yemen_Shabwah,VyasAJPA2017,Shabwah,Yemen,14.55,46.833333,hadr1236,afro1255,"no match, manually checked","no match, manually checked",,,,,language,arab1393,,,,,,,,,,,,,,,,,,,,,
Yemeni,LazaridisNature2014,migrants_collected_in_Kuwait,Yemen,14.040673,44.571533,jude1267,afro1255,"no match, manually checked","no match, manually checked",,,,,language,jude1277,,,,,,,,,,,,,,,,,,,,,
Yi,PattersonGenetics2012,..,China,28,103,lolo1267,sino1245,"no match, manually checked","no match, manually checked",,,,,,lolo1265,,,,,,,,,,,,,,,,,,,,,
Yoruba,PattersonGenetics2012,Ibadan,Nigeria,7.4,3.9,yoru1245,atla1278,"no match, manually checked",glottocodeBase,,,yoru1245,yoru1245,language,lucu1239,,,,220,200,,,0.63037,0.6006,,,,,,,,,,,0.63037,0.6006
Yuan,Kutanan2021,,Thailand,13.54,99.83,nort2740,taik1256,"no match, manually checked",glottocodeBase,,,nort2740,nort2740,language,yuan1245,,,,37,36,,,0.10602,0.10811,,,,,,,,,,,0.10602,0.10811
Yugur,WangNature2021,,China,38.9,99.6,east2337,mong1349,"no match, manually checked",glottocodeBase,,,east2337,east2337,language,sout2705,,,,51,47,,,0.14613,0.14114,,,,,,,,,,,0.14613,0.14114
Yukagir_Forest,LazaridisNature2014,Nelemnoe,Russia,65.48,151,nort2745,yuka1259,glottocodeBase,glottocodeBase,nort2745,nort2745,nort2745,nort2745,language,yuka1259,,177,166,116,103,0.87192,0.84694,0.33238,0.30931,,,,,,,,,0.87192,0.84694,0.33238,0.30931
Yukagir_Tundra,LazaridisNature2014,Chokyrdah and various locations,Russia,70.6,147.9,sout2750,yuka1259,"no match, manually checked",glottocodeBase,,,sout2750,sout2750,language,koly1247,,,,209,198,,,0.59885,0.59459,,,,,,,,,,,0.59885,0.59459
Zapotec,LazaridisNature2014,Teotitlan_del_Valle_Oaxaca and various locations,Mexico,17.01666667,-96.51666667,zapo1437,otom1299,proxy sanj1284 manually checked (close to sampling location),proxy sanj1284 manually checked (close to sampling location),sanj1284,sanj1284,sanj1284,sanj1284,,zapo1436,,,,,,,,,,,,,,,,,,0.60099,0.58163,0.1404,0.14114
Zhuang,WangNature2021,,China,23.6,109.7,cent2251,taik1256,"no match, manually checked","no match, manually checked",,,,,,daic1237,,,,,,,,,,,,,,,,,,,,,
Zoro,SkoglundNature2015,Rond_nia_(Tupi),Brazil,-10.33333333,-60.33333333,gavi1246,tupi1275,"no match, manually checked",glottocodeBase,,,gavi1246,gavi1246,language,gavi1248,,,,57,53,,,0.16332,0.15916,,,,,,,,,,,0.16332,0.15916