unit_id,resource_id,resource_version,language,variety_id,pos,representation,original_id,iso639_3,glottocode,population,panels,main_population_id,main_glottocode,expanded_population_key,tableS1_gelato_glottocode,tableS1_gbi_glottocode,tableS1_tli_glottocode,geneticinfo_population_label,geneticinfo_glottocode_base,geneticinfo_n_rows,n_individuals_main,n_individuals_expanded,latitude,longitude,country,region,location,source_publication,curation_notes_linguistics,curation_notes_genetics,mapping_comment_gbi,mapping_comment_tli,ancestry_record,ancestry_K_available,ancestry_q_files,ancestry_row_key,derived_K23_file,derived_K23_row_key,derived_diagnostics_file,derived_diagnostics_row_key,match_basis,match_status,proposed_status,confirmed_by,evidence,unresolved_issues,decision_reason,review_ref
ita.V.orth.mgn,mgn_data:ita-v,sha256:7ba5066622160d4d,Italian,ita,V,orth,ita,ita,ital1282,Bergamo,expanded_558;main_397,HumanOrigins_AutosomalSNP-41,ital1282,Bergamo,ital1282,ital1282,ital1282,Bergamo,NA,13.0,13,13.0,45.695131,9.680723,Italy,EURASIA,..,PattersonGenetics2012,checked by Chiara,,glottocodeBase,glottocodeBase,https://zenodo.org/records/15263706,12-30,GelatoHO_mergedSetMarchBEDnorelatives_pruned_autosomes_K{12..30}.Q,GeneticInfoID.csv rows with Population == 'Bergamo' (Q rows in GeneticInfoID Order),analyses/gelato_feasibility_2026_10_01/outputs/population_ancestry_K23_components.csv,population=Bergamo,analyses/gelato_feasibility_2026_10_01/outputs/population_ancestry_K12_K30_diagnostics.csv,population=Bergamo;K=12..30,main_397 Glottocode exact | Table S1 GeLaTo_Glottocode exact,ambiguous,,,"GeLaTo main panel HumanOrigins_AutosomalSNP-41 (n=13, PattersonGenetics2012, curation ""checked by Chiara"", coordinates 45.70 N 9.68 E = Bergamo); Table S1 assigns ital1282 in GeLaTo/GBI/TLI; GeneticInfoID.csv carries glottocodeBase NA and longitude NA for these 13 rows (assignment comes from Table S1 only).",GeneticInfoID glottocodeBase is NA; language assignment comes from Table S1 only; community variety Lombard vs Italian unresolved,"Bergamo's traditional vernacular is Bergamasque, an Eastern Lombard (Gallo-Italic) variety, not Tuscan-based Italian. Present-day residents are Italian-dominant, but the community's language history (Lombard -> Italian shift after national standardisation) differs from the Tuscan basis of the standard paradigm. Kept as a separate row; not for the primary language-level link; usable only in a declared sensitivity analysis.",gelato_review.yaml:ita-bergamo
ita.V.orth.mgn,mgn_data:ita-v,sha256:7ba5066622160d4d,Italian,ita,V,orth,ita,ita,ital1282,Italian_Calabria,expanded_558,,,Italian_Calabria,neap1235,ital1282,ital1282,Italian_Calabria,neap1235,1.0,,1.0,39.37,15.52,Italy,,Belvedere_(Cosenza),"Lazaridis, I., et al. (2014). Ancient human genomes suggest three ancestral populations for present-day Europeans. Nature, 513(7518), 409-413.",,,proxy ital1282 manually checked,proxy ital1282 manually checked,https://zenodo.org/records/15263706,12-30,GelatoHO_mergedSetMarchBEDnorelatives_pruned_autosomes_K{12..30}.Q,GeneticInfoID.csv rows with Population == 'Italian_Calabria' (Q rows in GeneticInfoID Order),analyses/gelato_feasibility_2026_10_01/outputs/population_ancestry_K23_components.csv,population=Italian_Calabria,,,Table S1 GBI/TLI proxy (base neap1235),excluded,,,"Table S1 only (n=1, Lazaridis 2014): GeLaTo_Glottocode neap1235 (Neapolitan), GBI/TLI proxy ital1282; mapping location Belvedere (Cosenza).",small genetic sample (<5 individuals),Single individual; base language Neapolitan/Calabrian. Excluded from the Italian link.,gelato_review.yaml:ita-italian-calabria
ita.V.orth.mgn,mgn_data:ita-v,sha256:7ba5066622160d4d,Italian,ita,V,orth,ita,ita,ital1282,Italian_South,expanded_558,,,Italian_South,napo1241,ital1282,ital1282,Italian_South,napo1241,3.0,,3.0,40.68,14.77,Italy,,"Naples,Salerno,Crispiano","Lazaridis, I., et al. (2016). Genomic insights into the origin of farming in the ancient Near East. Nature, 536(7617), 419-424.",,,proxy ital1282 manually checked,proxy ital1282 manually checked,https://zenodo.org/records/15263706,12-30,GelatoHO_mergedSetMarchBEDnorelatives_pruned_autosomes_K{12..30}.Q,GeneticInfoID.csv rows with Population == 'Italian_South' (Q rows in GeneticInfoID Order),analyses/gelato_feasibility_2026_10_01/outputs/population_ancestry_K23_components.csv,population=Italian_South,,,Table S1 GBI/TLI proxy (base napo1241),excluded,,,"Table S1 only (n=3, Lazaridis 2016): GeLaTo_Glottocode napo1241 (Napoletano-Calabrese dialect level), GBI/TLI proxy ital1282; mapping location ""Naples, Salerno, Crispiano"".",small genetic sample (<5 individuals),Base language is Neapolitan; ital1282 is only a typological-database proxy. Not a sample of the Standard Italian speech community; n=3. Excluded from the Italian link.,gelato_review.yaml:ita-italian-south
ita.V.orth.mgn,mgn_data:ita-v,sha256:7ba5066622160d4d,Italian,ita,V,orth,ita,ita,ital1282,Sicilian_East,expanded_558;main_397,HumanOrigins_AutosomalSNP-313,sici1248,Sicilian_East,sici1248,sici1248,ital1282,Sicilian_East,sici1248,5.0,5,5.0,37.067,15.267,Italy,EURASIA,Trapani,LazaridisNature2014,correct by Chiara,,glottocodeBase,proxy ital1282 manually checked,https://zenodo.org/records/15263706,12-30,GelatoHO_mergedSetMarchBEDnorelatives_pruned_autosomes_K{12..30}.Q,GeneticInfoID.csv rows with Population == 'Sicilian_East' (Q rows in GeneticInfoID Order),analyses/gelato_feasibility_2026_10_01/outputs/population_ancestry_K23_components.csv,population=Sicilian_East,,,Table S1 TLI proxy (base sici1248),excluded,,,Main panel + Table S1 (n=5): GeLaTo/GBI Glottocode sici1248 (Sicilian); only TLI proxies ital1282.,,Sicilian is a separate language-level unit; the TLI proxy is a database convenience. Excluded from the Italian link (would belong to a Sicilian resource).,gelato_review.yaml:ita-sicilian-east
ita.V.orth.mgn,mgn_data:ita-v,sha256:7ba5066622160d4d,Italian,ita,V,orth,ita,ita,ital1282,Sicilian_West,expanded_558;main_397,HumanOrigins_AutosomalSNP-314,sici1248,Sicilian_West,sici1248,sici1248,ital1282,Sicilian_West,sici1248,6.0,6,6.0,38.019,12.515,Italy,EURASIA,Siracusa,LazaridisNature2014,correct by Chiara,,glottocodeBase,proxy ital1282 manually checked,https://zenodo.org/records/15263706,12-30,GelatoHO_mergedSetMarchBEDnorelatives_pruned_autosomes_K{12..30}.Q,GeneticInfoID.csv rows with Population == 'Sicilian_West' (Q rows in GeneticInfoID Order),analyses/gelato_feasibility_2026_10_01/outputs/population_ancestry_K23_components.csv,population=Sicilian_West,,,Table S1 TLI proxy (base sici1248),excluded,,,Main panel + Table S1 (n=6): GeLaTo/GBI Glottocode sici1248 (Sicilian); only TLI proxies ital1282.,,As Sicilian_East. Excluded from the Italian link.,gelato_review.yaml:ita-sicilian-west
ita.V.orth.mgn,mgn_data:ita-v,sha256:7ba5066622160d4d,Italian,ita,V,orth,ita,ita,ital1282,Tuscan,expanded_558;main_397,HumanOrigins_AutosomalSNP-368,ital1282,Tuscan,ital1282,ital1282,ital1282,Tuscan,ital1282,8.0,8,8.0,43,11,Italy,EURASIA,..,PattersonGenetics2012,general check ok,,glottocodeBase,glottocodeBase,https://zenodo.org/records/15263706,12-30,GelatoHO_mergedSetMarchBEDnorelatives_pruned_autosomes_K{12..30}.Q,GeneticInfoID.csv rows with Population == 'Tuscan' (Q rows in GeneticInfoID Order),analyses/gelato_feasibility_2026_10_01/outputs/population_ancestry_K23_components.csv,population=Tuscan,analyses/gelato_feasibility_2026_10_01/outputs/population_ancestry_K12_K30_diagnostics.csv,population=Tuscan;K=12..30,main_397 Glottocode exact | Table S1 GeLaTo_Glottocode exact,candidate,accepted,,"GeLaTo c625fdc populations.csv HumanOrigins_AutosomalSNP-368; Zenodo 15263706 Table S1 row ""Tuscan""; mapping file comments glottocodeBase/glottocodeBase. Morphology resource: MGN ita-v = untouched UniMorph `ita` orthography (Wiktionary-derived conjugation tables of contemporary Standard Italian). Standard Italian is historically the Florentine/Tuscan literary language; in Tuscany the local vernacular is Tuscan Italian itself rather than a separate Romance language, so the sampled community's everyday variety is the closest regional match to the standard paradigm. Tuscan sample of Patterson et al. 2012 (Human Origins; HGDP-derived per the literature, not verified locally), n=8 in both the GeLaTo main panel and Zenodo Table S1; Table S1 GeLaTo/GBI/TLI Glottocodes all ital1282; GeneticInfoID glottocodeBase ital1282. Main-panel curation note: ""general check ok"". Individual language use is not recorded; assumed Italian-speaking residents of Tuscany. Main-panel coordinates 43.0 N, 11.0 E (central Tuscany, a regional centroid rather than a recorded village); country Italy. Present-day individuals (HGDP collection, published 2012) vs contemporary standard paradigms: same synchronic period. No historical layer is implied.",acceptance proposed by an agent review; awaiting human confirmation (confirmed_by + confirmed_date in gelato_review.yaml); n=8 individuals; speaker language not recorded per individual,"Accepted as the primary population linked to Standard Italian verb morphology. Small sample (8) and a generic locality; treat as one population observation, not as representative of all Italian speakers.",gelato_review.yaml:ita-tuscan
fin.V.orth.mgn,mgn_data:fin-v,sha256:0842c6ec0879e596,Finnish,fin,V,orth,fin,fin,finn1318,Finnish,expanded_558;main_397,HumanOrigins_AutosomalSNP-92,finn1318,Finnish,finn1318,finn1318,finn1318,Finnish,finn1318,8.0,8,8.0,60.2,24.9,Finland,EURASIA,..,LazaridisNature2014,automatically assigned by Robert F,,glottocodeBase,glottocodeBase,https://zenodo.org/records/15263706,12-30,GelatoHO_mergedSetMarchBEDnorelatives_pruned_autosomes_K{12..30}.Q,GeneticInfoID.csv rows with Population == 'Finnish' (Q rows in GeneticInfoID Order),analyses/gelato_feasibility_2026_10_01/outputs/population_ancestry_K23_components.csv,population=Finnish,analyses/gelato_feasibility_2026_10_01/outputs/population_ancestry_K12_K30_diagnostics.csv,population=Finnish;K=12..30,main_397 Glottocode exact | Table S1 GeLaTo_Glottocode exact,candidate,accepted,,"GeLaTo c625fdc populations.csv HumanOrigins_AutosomalSNP-92; Zenodo 15263706 Table S1 row ""Finnish""; mapping file glottocodeBase/glottocodeBase; GeneticInfoID 8 rows finn1318. Morphology resource: MGN fin-v / fin-n = untouched UniMorph `fin` orthography (Wiktionary-derived inflection tables of Standard Finnish). Standard written Finnish is the national standard used throughout Finland; the paradigm does not encode a regional dialect. ""Finnish"" population, n=8, Lazaridis et al. 2014 (Human Origins), identical in the GeLaTo main panel (HumanOrigins_AutosomalSNP-92) and Zenodo Table S1; Glottocode finn1318 in all sources including GeneticInfoID. Curation note ""automatically assigned by Robert F"" (not manually curated). Individuals' first language is not recorded; Finland has a Swedish-speaking minority (~5%), so membership of the Finnish speech community is assumed from the population label. Coordinates 60.2 N, 24.9 E (Helsinki); single locality; country Finland. Present-day individuals (published 2014) vs contemporary standard paradigms: same synchronic period.","acceptance proposed by an agent review; awaiting human confirmation (confirmed_by + confirmed_date in gelato_review.yaml); n=8 individuals; single locality (Helsinki); language assignment automatic, individual L1 not recorded","Accepted as the single population linked to Standard Finnish morphology, with the caveats of a small single-locality sample and automatic (uncurated) language assignment.",gelato_review.yaml:fin-finnish
ady.ADJ.orth.mgn,mgn_data:ady-adj,sha256:706d19ab6ed29b62,Adyghe,ady,ADJ,orth,ady,ady,adyg1241,Adygei,expanded_558;main_397,HumanOrigins_AutosomalSNP-3,adyg1241,Adygei,adyg1241,NA,adyg1241,Adygei,adyg1241,18.0,18,18.0,44,39,Russia(Caucasus),EURASIA,Krasnodar,PattersonGenetics2012,automatically assigned by Robert F,,"no match, manually checked",glottocodeBase,https://zenodo.org/records/15263706,12-30,GelatoHO_mergedSetMarchBEDnorelatives_pruned_autosomes_K{12..30}.Q,GeneticInfoID.csv rows with Population == 'Adygei' (Q rows in GeneticInfoID Order),analyses/gelato_feasibility_2026_10_01/outputs/population_ancestry_K23_components.csv,population=Adygei,analyses/gelato_feasibility_2026_10_01/outputs/population_ancestry_K12_K30_diagnostics.csv,population=Adygei;K=12..30,main_397 Glottocode exact | Table S1 GeLaTo_Glottocode exact,candidate,,,,,exact Glottocode; variety/community/locality/period not yet reviewed,
ady.ADJ.orth.mgn,mgn_data:ady-adj,sha256:706d19ab6ed29b62,Adyghe,ady,ADJ,orth,ady,ady,adyg1241,Adygei_Abadzhekh,expanded_558,,,Adygei_Abadzhekh,abad1240,NA,adyg1241,Adygei_Abadzhekh,abad1240,3.0,,3.0,45.01,40.22,Russia,,"Adyghei Republic, Shovgenovsky district","Jeong, C., et al. (2019). The genetic history of admixture across inner Eurasia. Nature Ecology & Evolution, 3(6), 966-976.",,,"no match, manually checked","glottocodeUpstream, manually checked",https://zenodo.org/records/15263706,12-30,GelatoHO_mergedSetMarchBEDnorelatives_pruned_autosomes_K{12..30}.Q,GeneticInfoID.csv rows with Population == 'Adygei_Abadzhekh' (Q rows in GeneticInfoID Order),analyses/gelato_feasibility_2026_10_01/outputs/population_ancestry_K23_components.csv,population=Adygei_Abadzhekh,,,Table S1 TLI proxy (base abad1240) | audit descendant_candidate: local Glottolog lookup Language_level_ID; community compatibility unverified,ambiguous,,,,small genetic sample (<5 individuals),linked only through a proxy or descendant mapping; not the same language-level unit,
ady.ADJ.orth.mgn,mgn_data:ady-adj,sha256:706d19ab6ed29b62,Adyghe,ady,ADJ,orth,ady,ady,adyg1241,Adygei_Bzhedug,expanded_558,,,Adygei_Bzhedug,bezh1247,NA,adyg1241,Adygei_Bzhedug,bezh1247,4.0,,4.0,44.89,39.24,Russia,,"Adyghei Republic, Takhtamukayski district","Jeong, C., et al. (2019). The genetic history of admixture across inner Eurasia. Nature Ecology & Evolution, 3(6), 966-976.",,,"no match, manually checked","glottocodeUpstream, manually checked",https://zenodo.org/records/15263706,12-30,GelatoHO_mergedSetMarchBEDnorelatives_pruned_autosomes_K{12..30}.Q,GeneticInfoID.csv rows with Population == 'Adygei_Bzhedug' (Q rows in GeneticInfoID Order),analyses/gelato_feasibility_2026_10_01/outputs/population_ancestry_K23_components.csv,population=Adygei_Bzhedug,,,Table S1 TLI proxy (base bezh1247) | audit descendant_candidate: local Glottolog lookup Language_level_ID; community compatibility unverified,ambiguous,,,,small genetic sample (<5 individuals),linked only through a proxy or descendant mapping; not the same language-level unit,
ady.ADJ.orth.mgn,mgn_data:ady-adj,sha256:706d19ab6ed29b62,Adyghe,ady,ADJ,orth,ady,ady,adyg1241,Adygei_Mamkheg,expanded_558,,,Adygei_Mamkheg,adyg1241,NA,adyg1241,Adygei_Mamkheg,adyg1241,4.0,,4.0,45,40.22,Russia,,"Adyghei Republic, Shovgenovsky district, Mamkheg village","Jeong, C., et al. (2019). The genetic history of admixture across inner Eurasia. Nature Ecology & Evolution, 3(6), 966-976.",,,"no match, manually checked",glottocodeBase,https://zenodo.org/records/15263706,12-30,GelatoHO_mergedSetMarchBEDnorelatives_pruned_autosomes_K{12..30}.Q,GeneticInfoID.csv rows with Population == 'Adygei_Mamkheg' (Q rows in GeneticInfoID Order),analyses/gelato_feasibility_2026_10_01/outputs/population_ancestry_K23_components.csv,population=Adygei_Mamkheg,analyses/gelato_feasibility_2026_10_01/outputs/population_ancestry_K12_K30_diagnostics.csv,population=Adygei_Mamkheg;K=12..30,Table S1 GeLaTo_Glottocode exact,candidate,,,,small genetic sample (<5 individuals),exact Glottocode; variety/community/locality/period not yet reviewed,
ady.ADJ.orth.mgn,mgn_data:ady-adj,sha256:706d19ab6ed29b62,Adyghe,ady,ADJ,orth,ady,ady,adyg1241,Adygei_Shapsug_Black_Sea,expanded_558,,,Adygei_Shapsug_Black_Sea,shap1240,NA,adyg1241,Adygei_Shapsug_Black_Sea,shap1240,3.0,,3.0,44.15,39.12,Russia,,"Krasnodar region, Lazarevsky and Tuapsinsky districts","Jeong, C., et al. (2019). The genetic history of admixture across inner Eurasia. Nature Ecology & Evolution, 3(6), 966-976.",,,"no match, manually checked","glottocodeUpstream, manually checked",https://zenodo.org/records/15263706,12-30,GelatoHO_mergedSetMarchBEDnorelatives_pruned_autosomes_K{12..30}.Q,GeneticInfoID.csv rows with Population == 'Adygei_Shapsug_Black_Sea' (Q rows in GeneticInfoID Order),analyses/gelato_feasibility_2026_10_01/outputs/population_ancestry_K23_components.csv,population=Adygei_Shapsug_Black_Sea,,,Table S1 TLI proxy (base shap1240) | audit descendant_candidate: local Glottolog lookup Language_level_ID; community compatibility unverified,ambiguous,,,,small genetic sample (<5 individuals),linked only through a proxy or descendant mapping; not the same language-level unit,
ady.ADJ.orth.mgn,mgn_data:ady-adj,sha256:706d19ab6ed29b62,Adyghe,ady,ADJ,orth,ady,ady,adyg1241,Adygei_Shapsug_Kuban,expanded_558,,,Adygei_Shapsug_Kuban,shap1240,NA,adyg1241,Adygei_Shapsug_Kuban,shap1240,1.0,,1.0,45,38.75,Russia,,Adyghei Republic,"Jeong, C., et al. (2019). The genetic history of admixture across inner Eurasia. Nature Ecology & Evolution, 3(6), 966-976.",,,"no match, manually checked","glottocodeUpstream, manually checked",https://zenodo.org/records/15263706,12-30,GelatoHO_mergedSetMarchBEDnorelatives_pruned_autosomes_K{12..30}.Q,GeneticInfoID.csv rows with Population == 'Adygei_Shapsug_Kuban' (Q rows in GeneticInfoID Order),analyses/gelato_feasibility_2026_10_01/outputs/population_ancestry_K23_components.csv,population=Adygei_Shapsug_Kuban,,,Table S1 TLI proxy (base shap1240) | audit descendant_candidate: local Glottolog lookup Language_level_ID; community compatibility unverified,ambiguous,,,,small genetic sample (<5 individuals),linked only through a proxy or descendant mapping; not the same language-level unit,
ady.ADJ.orth.mgn,mgn_data:ady-adj,sha256:706d19ab6ed29b62,Adyghe,ady,ADJ,orth,ady,ady,adyg1241,Circassian,expanded_558;main_397,HumanOrigins_AutosomalSNP-65,circ1239,Circassian,circ1239,NA,adyg1241,Circassian,circ1239,9.0,9,9.0,44.2,41.83,Russia,EURASIA,Karachaevo-Cherkessia Republic,Jeong_2019,automatically assigned by Robert F,,"no match, manually checked","adyg1241 is closest proxy from sampling site geographically, manually checked; kaba1278 slightly further away",https://zenodo.org/records/15263706,12-30,GelatoHO_mergedSetMarchBEDnorelatives_pruned_autosomes_K{12..30}.Q,GeneticInfoID.csv rows with Population == 'Circassian' (Q rows in GeneticInfoID Order),analyses/gelato_feasibility_2026_10_01/outputs/population_ancestry_K23_components.csv,population=Circassian,,,Table S1 TLI proxy (base circ1239),ambiguous,,,,,linked only through a proxy or descendant mapping; not the same language-level unit,
ady.N.orth.mgn,mgn_data:ady-n,sha256:ce591a4762f8dbd9,Adyghe,ady,N,orth,ady,ady,adyg1241,Adygei,expanded_558;main_397,HumanOrigins_AutosomalSNP-3,adyg1241,Adygei,adyg1241,NA,adyg1241,Adygei,adyg1241,18.0,18,18.0,44,39,Russia(Caucasus),EURASIA,Krasnodar,PattersonGenetics2012,automatically assigned by Robert F,,"no match, manually checked",glottocodeBase,https://zenodo.org/records/15263706,12-30,GelatoHO_mergedSetMarchBEDnorelatives_pruned_autosomes_K{12..30}.Q,GeneticInfoID.csv rows with Population == 'Adygei' (Q rows in GeneticInfoID Order),analyses/gelato_feasibility_2026_10_01/outputs/population_ancestry_K23_components.csv,population=Adygei,analyses/gelato_feasibility_2026_10_01/outputs/population_ancestry_K12_K30_diagnostics.csv,population=Adygei;K=12..30,main_397 Glottocode exact | Table S1 GeLaTo_Glottocode exact,candidate,,,,,exact Glottocode; variety/community/locality/period not yet reviewed,
ady.N.orth.mgn,mgn_data:ady-n,sha256:ce591a4762f8dbd9,Adyghe,ady,N,orth,ady,ady,adyg1241,Adygei_Abadzhekh,expanded_558,,,Adygei_Abadzhekh,abad1240,NA,adyg1241,Adygei_Abadzhekh,abad1240,3.0,,3.0,45.01,40.22,Russia,,"Adyghei Republic, Shovgenovsky district","Jeong, C., et al. (2019). The genetic history of admixture across inner Eurasia. Nature Ecology & Evolution, 3(6), 966-976.",,,"no match, manually checked","glottocodeUpstream, manually checked",https://zenodo.org/records/15263706,12-30,GelatoHO_mergedSetMarchBEDnorelatives_pruned_autosomes_K{12..30}.Q,GeneticInfoID.csv rows with Population == 'Adygei_Abadzhekh' (Q rows in GeneticInfoID Order),analyses/gelato_feasibility_2026_10_01/outputs/population_ancestry_K23_components.csv,population=Adygei_Abadzhekh,,,Table S1 TLI proxy (base abad1240) | audit descendant_candidate: local Glottolog lookup Language_level_ID; community compatibility unverified,ambiguous,,,,small genetic sample (<5 individuals),linked only through a proxy or descendant mapping; not the same language-level unit,
ady.N.orth.mgn,mgn_data:ady-n,sha256:ce591a4762f8dbd9,Adyghe,ady,N,orth,ady,ady,adyg1241,Adygei_Bzhedug,expanded_558,,,Adygei_Bzhedug,bezh1247,NA,adyg1241,Adygei_Bzhedug,bezh1247,4.0,,4.0,44.89,39.24,Russia,,"Adyghei Republic, Takhtamukayski district","Jeong, C., et al. (2019). The genetic history of admixture across inner Eurasia. Nature Ecology & Evolution, 3(6), 966-976.",,,"no match, manually checked","glottocodeUpstream, manually checked",https://zenodo.org/records/15263706,12-30,GelatoHO_mergedSetMarchBEDnorelatives_pruned_autosomes_K{12..30}.Q,GeneticInfoID.csv rows with Population == 'Adygei_Bzhedug' (Q rows in GeneticInfoID Order),analyses/gelato_feasibility_2026_10_01/outputs/population_ancestry_K23_components.csv,population=Adygei_Bzhedug,,,Table S1 TLI proxy (base bezh1247) | audit descendant_candidate: local Glottolog lookup Language_level_ID; community compatibility unverified,ambiguous,,,,small genetic sample (<5 individuals),linked only through a proxy or descendant mapping; not the same language-level unit,
ady.N.orth.mgn,mgn_data:ady-n,sha256:ce591a4762f8dbd9,Adyghe,ady,N,orth,ady,ady,adyg1241,Adygei_Mamkheg,expanded_558,,,Adygei_Mamkheg,adyg1241,NA,adyg1241,Adygei_Mamkheg,adyg1241,4.0,,4.0,45,40.22,Russia,,"Adyghei Republic, Shovgenovsky district, Mamkheg village","Jeong, C., et al. (2019). The genetic history of admixture across inner Eurasia. Nature Ecology & Evolution, 3(6), 966-976.",,,"no match, manually checked",glottocodeBase,https://zenodo.org/records/15263706,12-30,GelatoHO_mergedSetMarchBEDnorelatives_pruned_autosomes_K{12..30}.Q,GeneticInfoID.csv rows with Population == 'Adygei_Mamkheg' (Q rows in GeneticInfoID Order),analyses/gelato_feasibility_2026_10_01/outputs/population_ancestry_K23_components.csv,population=Adygei_Mamkheg,analyses/gelato_feasibility_2026_10_01/outputs/population_ancestry_K12_K30_diagnostics.csv,population=Adygei_Mamkheg;K=12..30,Table S1 GeLaTo_Glottocode exact,candidate,,,,small genetic sample (<5 individuals),exact Glottocode; variety/community/locality/period not yet reviewed,
ady.N.orth.mgn,mgn_data:ady-n,sha256:ce591a4762f8dbd9,Adyghe,ady,N,orth,ady,ady,adyg1241,Adygei_Shapsug_Black_Sea,expanded_558,,,Adygei_Shapsug_Black_Sea,shap1240,NA,adyg1241,Adygei_Shapsug_Black_Sea,shap1240,3.0,,3.0,44.15,39.12,Russia,,"Krasnodar region, Lazarevsky and Tuapsinsky districts","Jeong, C., et al. (2019). The genetic history of admixture across inner Eurasia. Nature Ecology & Evolution, 3(6), 966-976.",,,"no match, manually checked","glottocodeUpstream, manually checked",https://zenodo.org/records/15263706,12-30,GelatoHO_mergedSetMarchBEDnorelatives_pruned_autosomes_K{12..30}.Q,GeneticInfoID.csv rows with Population == 'Adygei_Shapsug_Black_Sea' (Q rows in GeneticInfoID Order),analyses/gelato_feasibility_2026_10_01/outputs/population_ancestry_K23_components.csv,population=Adygei_Shapsug_Black_Sea,,,Table S1 TLI proxy (base shap1240) | audit descendant_candidate: local Glottolog lookup Language_level_ID; community compatibility unverified,ambiguous,,,,small genetic sample (<5 individuals),linked only through a proxy or descendant mapping; not the same language-level unit,
ady.N.orth.mgn,mgn_data:ady-n,sha256:ce591a4762f8dbd9,Adyghe,ady,N,orth,ady,ady,adyg1241,Adygei_Shapsug_Kuban,expanded_558,,,Adygei_Shapsug_Kuban,shap1240,NA,adyg1241,Adygei_Shapsug_Kuban,shap1240,1.0,,1.0,45,38.75,Russia,,Adyghei Republic,"Jeong, C., et al. (2019). The genetic history of admixture across inner Eurasia. Nature Ecology & Evolution, 3(6), 966-976.",,,"no match, manually checked","glottocodeUpstream, manually checked",https://zenodo.org/records/15263706,12-30,GelatoHO_mergedSetMarchBEDnorelatives_pruned_autosomes_K{12..30}.Q,GeneticInfoID.csv rows with Population == 'Adygei_Shapsug_Kuban' (Q rows in GeneticInfoID Order),analyses/gelato_feasibility_2026_10_01/outputs/population_ancestry_K23_components.csv,population=Adygei_Shapsug_Kuban,,,Table S1 TLI proxy (base shap1240) | audit descendant_candidate: local Glottolog lookup Language_level_ID; community compatibility unverified,ambiguous,,,,small genetic sample (<5 individuals),linked only through a proxy or descendant mapping; not the same language-level unit,
ady.N.orth.mgn,mgn_data:ady-n,sha256:ce591a4762f8dbd9,Adyghe,ady,N,orth,ady,ady,adyg1241,Circassian,expanded_558;main_397,HumanOrigins_AutosomalSNP-65,circ1239,Circassian,circ1239,NA,adyg1241,Circassian,circ1239,9.0,9,9.0,44.2,41.83,Russia,EURASIA,Karachaevo-Cherkessia Republic,Jeong_2019,automatically assigned by Robert F,,"no match, manually checked","adyg1241 is closest proxy from sampling site geographically, manually checked; kaba1278 slightly further away",https://zenodo.org/records/15263706,12-30,GelatoHO_mergedSetMarchBEDnorelatives_pruned_autosomes_K{12..30}.Q,GeneticInfoID.csv rows with Population == 'Circassian' (Q rows in GeneticInfoID Order),analyses/gelato_feasibility_2026_10_01/outputs/population_ancestry_K23_components.csv,population=Circassian,,,Table S1 TLI proxy (base circ1239),ambiguous,,,,,linked only through a proxy or descendant mapping; not the same language-level unit,
ang.ADJ.orth.mgn,mgn_data:ang-adj,sha256:6d079dff5837dc01,Old English (ca. 450-1100),ang,ADJ,orth,ang,ang,olde1238,,,,,,,,,,,,,,,,,,,,,,,,,,,,,,,,,excluded,,,,,extinct/historical language: no living sampled community,
ang.N.orth.mgn,mgn_data:ang-n,sha256:18476323c4816cdd,Old English (ca. 450-1100),ang,N,orth,ang,ang,olde1238,,,,,,,,,,,,,,,,,,,,,,,,,,,,,,,,,excluded,,,,,extinct/historical language: no living sampled community,
ang.V.orth.mgn,mgn_data:ang-v,sha256:2ecc033bd5404069,Old English (ca. 450-1100),ang,V,orth,ang,ang,olde1238,,,,,,,,,,,,,,,,,,,,,,,,,,,,,,,,,excluded,,,,,extinct/historical language: no living sampled community,
ast.V.orth.mgn,mgn_data:ast-v,sha256:31dee61726e81cec,Asturian,ast,V,orth,ast,ast,astu1245,Spanish_Cantabria,expanded_558;main_397,HumanOrigins_AutosomalSNP-319,astu1245,Spanish_Cantabria,astu1245,NA,astu1245,Spanish_Cantabria,astu1245,5.0,5,5.0,43.3,-4,Spain,EURASIA,Cantabria,LazaridisNature2014,correct by Harald,,"no match, manually checked","glottocodeBase; proxy stan1288 manually checked, should it be used for full too?",https://zenodo.org/records/15263706,12-30,GelatoHO_mergedSetMarchBEDnorelatives_pruned_autosomes_K{12..30}.Q,GeneticInfoID.csv rows with Population == 'Spanish_Cantabria' (Q rows in GeneticInfoID Order),analyses/gelato_feasibility_2026_10_01/outputs/population_ancestry_K23_components.csv,population=Spanish_Cantabria,,,main_397 Glottocode exact | Table S1 GeLaTo_Glottocode exact,candidate,,,,,exact Glottocode; variety/community/locality/period not yet reviewed,
azj.N.ipa_epitran.mgn,mgn_data:aze-n,sha256:65f58974f2cfae0f,North Azerbaijani,azj,N,ipa_epitran,aze,azj,nort2697,Azeri_Azerbajan,expanded_558;main_397,HumanOrigins_AutosomalSNP-24,nort2697,Azeri_Azerbajan,nort2697,nort2697,nort2697,Azeri_Azerbajan,nort2697,9.0,9,9.0,40.06,47.19,Azerbaijan,EURASIA,Azerbajan,Jeong_2019,automatically assigned by Robert F,,glottocodeBase,glottocodeBase,https://zenodo.org/records/15263706,12-30,GelatoHO_mergedSetMarchBEDnorelatives_pruned_autosomes_K{12..30}.Q,GeneticInfoID.csv rows with Population == 'Azeri_Azerbajan' (Q rows in GeneticInfoID Order),analyses/gelato_feasibility_2026_10_01/outputs/population_ancestry_K23_components.csv,population=Azeri_Azerbajan,analyses/gelato_feasibility_2026_10_01/outputs/population_ancestry_K12_K30_diagnostics.csv,population=Azeri_Azerbajan;K=12..30,main_397 Glottocode exact | Table S1 GeLaTo_Glottocode exact,candidate,,,,,exact Glottocode; variety/community/locality/period not yet reviewed,
azj.N.ipa_epitran.mgn,mgn_data:aze-n,sha256:65f58974f2cfae0f,North Azerbaijani,azj,N,ipa_epitran,aze,azj,nort2697,Azeri_Dagestan,expanded_558;main_397,HumanOrigins_AutosomalSNP-25,nort2697,Azeri_Dagestan,nort2697,nort2697,nort2697,Azeri_Dagestan,nort2697,7.0,7,7.0,42.2,48.23,Russia,EURASIA,Dagestan Republic,Jeong_2019,automatically assigned by Robert F,,glottocodeBase,glottocodeBase,https://zenodo.org/records/15263706,12-30,GelatoHO_mergedSetMarchBEDnorelatives_pruned_autosomes_K{12..30}.Q,GeneticInfoID.csv rows with Population == 'Azeri_Dagestan' (Q rows in GeneticInfoID Order),analyses/gelato_feasibility_2026_10_01/outputs/population_ancestry_K23_components.csv,population=Azeri_Dagestan,analyses/gelato_feasibility_2026_10_01/outputs/population_ancestry_K12_K30_diagnostics.csv,population=Azeri_Dagestan;K=12..30,main_397 Glottocode exact | Table S1 GeLaTo_Glottocode exact,candidate,,,,,exact Glottocode; variety/community/locality/period not yet reviewed,
azj.N.ipa_epitran.mgn,mgn_data:aze-n,sha256:65f58974f2cfae0f,North Azerbaijani,azj,N,ipa_epitran,aze,azj,nort2697,Azeri_WGA,expanded_558,,,Azeri_WGA,nort2697,nort2697,nort2697,Azeri_WGA,nort2697,2.0,,2.0,40.4,49.9,Azerbaijan,,Baku,"Lazaridis, I., et al. (2014). Ancient human genomes suggest three ancestral populations for present-day Europeans. Nature, 513(7518), 409-413.",,,glottocodeBase,glottocodeBase,https://zenodo.org/records/15263706,12-30,GelatoHO_mergedSetMarchBEDnorelatives_pruned_autosomes_K{12..30}.Q,GeneticInfoID.csv rows with Population == 'Azeri_WGA' (Q rows in GeneticInfoID Order),analyses/gelato_feasibility_2026_10_01/outputs/population_ancestry_K23_components.csv,population=Azeri_WGA,analyses/gelato_feasibility_2026_10_01/outputs/population_ancestry_K12_K30_diagnostics.csv,population=Azeri_WGA;K=12..30,Table S1 GeLaTo_Glottocode exact,candidate,,,,small genetic sample (<5 individuals),exact Glottocode; variety/community/locality/period not yet reviewed,
bak.N.orth.mgn,mgn_data:bak-n,sha256:d03cad16bb1c2d66,Bashkir,bak,N,orth,bak,bak,bash1264,Bashkir_Burzjan_Baimaksky,expanded_558;main_397,HumanOrigins_AutosomalSNP-30,burz1239,Bashkir_Burzjan_Baimaksky,burz1239,bash1264,bash1264,Bashkir_Burzjan_Baimaksky,burz1239,8.0,8,8.0,52.58,58.32,Russia,EURASIA,"Bashkiria Republic, Baimaksky district",Jeong_2019,automatically assigned by Robert F,,"glottocodeUpstream, manually checked","glottocodeUpstream, manually checked",https://zenodo.org/records/15263706,12-30,GelatoHO_mergedSetMarchBEDnorelatives_pruned_autosomes_K{12..30}.Q,GeneticInfoID.csv rows with Population == 'Bashkir_Burzjan_Baimaksky' (Q rows in GeneticInfoID Order),analyses/gelato_feasibility_2026_10_01/outputs/population_ancestry_K23_components.csv,population=Bashkir_Burzjan_Baimaksky,,,Table S1 GBI/TLI proxy (base burz1239) | audit descendant_candidate: local Glottolog lookup Language_level_ID; community compatibility unverified | audit descendant_candidate: local Glottolog lookup Language_level_ID; community compatibility unverified,ambiguous,,,,,linked only through a proxy or descendant mapping; not the same language-level unit,
bak.N.orth.mgn,mgn_data:bak-n,sha256:d03cad16bb1c2d66,Bashkir,bak,N,orth,bak,bak,bash1264,Bashkir_IkskoBelsky_Kyrgyz,expanded_558;main_397,HumanOrigins_AutosomalSNP-31,bash1264,Bashkir_IkskoBelsky_Kyrgyz,bash1264,bash1264,bash1264,Bashkir_IkskoBelsky_Kyrgyz,bash1264,6.0,6,6.0,55.43,54.32,Russia,EURASIA,"Bashkiria Republic, Ilishevsky district",Jeong_2019,automatically assigned by Robert F,,glottocodeBase,glottocodeBase,https://zenodo.org/records/15263706,12-30,GelatoHO_mergedSetMarchBEDnorelatives_pruned_autosomes_K{12..30}.Q,GeneticInfoID.csv rows with Population == 'Bashkir_IkskoBelsky_Kyrgyz' (Q rows in GeneticInfoID Order),analyses/gelato_feasibility_2026_10_01/outputs/population_ancestry_K23_components.csv,population=Bashkir_IkskoBelsky_Kyrgyz,analyses/gelato_feasibility_2026_10_01/outputs/population_ancestry_K12_K30_diagnostics.csv,population=Bashkir_IkskoBelsky_Kyrgyz;K=12..30,main_397 Glottocode exact | Table S1 GeLaTo_Glottocode exact,candidate,,,,,exact Glottocode; variety/community/locality/period not yet reviewed,
bak.N.orth.mgn,mgn_data:bak-n,sha256:d03cad16bb1c2d66,Bashkir,bak,N,orth,bak,bak,bash1264,Bashkir_IkskoBelsky_Uran,expanded_558;main_397,HumanOrigins_AutosomalSNP-32,bash1264,Bashkir_IkskoBelsky_Uran,bash1264,bash1264,bash1264,Bashkir_IkskoBelsky_Uran,bash1264,8.0,8,8.0,56.27,54.08,Russia,EURASIA,"Bashkiria Republic, Ianaul",Jeong_2019,automatically assigned by Robert F,,glottocodeBase,glottocodeBase,https://zenodo.org/records/15263706,12-30,GelatoHO_mergedSetMarchBEDnorelatives_pruned_autosomes_K{12..30}.Q,GeneticInfoID.csv rows with Population == 'Bashkir_IkskoBelsky_Uran' (Q rows in GeneticInfoID Order),analyses/gelato_feasibility_2026_10_01/outputs/population_ancestry_K23_components.csv,population=Bashkir_IkskoBelsky_Uran,analyses/gelato_feasibility_2026_10_01/outputs/population_ancestry_K12_K30_diagnostics.csv,population=Bashkir_IkskoBelsky_Uran;K=12..30,main_397 Glottocode exact | Table S1 GeLaTo_Glottocode exact,candidate,,,,,exact Glottocode; variety/community/locality/period not yet reviewed,
bak.N.orth.mgn,mgn_data:bak-n,sha256:d03cad16bb1c2d66,Bashkir,bak,N,orth,bak,bak,bash1264,Bashkir_Ming_Miyakinsky,expanded_558;main_397,HumanOrigins_AutosomalSNP-33,bash1264,Bashkir_Ming_Miyakinsky,bash1264,bash1264,bash1264,Bashkir_Ming_Miyakinsky,bash1264,9.0,9,9.0,54.9,55.03,Russia,EURASIA,"Bashkiria Republic, Davlekanovo",Jeong_2019,automatically assigned by Robert F,,glottocodeBase,glottocodeBase,https://zenodo.org/records/15263706,12-30,GelatoHO_mergedSetMarchBEDnorelatives_pruned_autosomes_K{12..30}.Q,GeneticInfoID.csv rows with Population == 'Bashkir_Ming_Miyakinsky' (Q rows in GeneticInfoID Order),analyses/gelato_feasibility_2026_10_01/outputs/population_ancestry_K23_components.csv,population=Bashkir_Ming_Miyakinsky,analyses/gelato_feasibility_2026_10_01/outputs/population_ancestry_K12_K30_diagnostics.csv,population=Bashkir_Ming_Miyakinsky;K=12..30,main_397 Glottocode exact | Table S1 GeLaTo_Glottocode exact,candidate,,,,,exact Glottocode; variety/community/locality/period not yet reviewed,
bak.N.orth.mgn,mgn_data:bak-n,sha256:d03cad16bb1c2d66,Bashkir,bak,N,orth,bak,bak,bash1264,Bashkir_North_Tabyn_Balysky,expanded_558;main_397,HumanOrigins_AutosomalSNP-34,bash1264,Bashkir_North_Tabyn_Balysky,bash1264,bash1264,bash1264,Bashkir_North_Tabyn_Balysky,bash1264,7.0,7,7.0,54.52,56.93,Russia,EURASIA,"Bashkiria Republic, Arkhangelsk district",Jeong_2019,automatically assigned by Robert F,,glottocodeBase,glottocodeBase,https://zenodo.org/records/15263706,12-30,GelatoHO_mergedSetMarchBEDnorelatives_pruned_autosomes_K{12..30}.Q,GeneticInfoID.csv rows with Population == 'Bashkir_North_Tabyn_Balysky' (Q rows in GeneticInfoID Order),analyses/gelato_feasibility_2026_10_01/outputs/population_ancestry_K23_components.csv,population=Bashkir_North_Tabyn_Balysky,analyses/gelato_feasibility_2026_10_01/outputs/population_ancestry_K12_K30_diagnostics.csv,population=Bashkir_North_Tabyn_Balysky;K=12..30,main_397 Glottocode exact | Table S1 GeLaTo_Glottocode exact,candidate,,,,,exact Glottocode; variety/community/locality/period not yet reviewed,
bak.N.orth.mgn,mgn_data:bak-n,sha256:d03cad16bb1c2d66,Bashkir,bak,N,orth,bak,bak,bash1264,Bashkir_North_Unlar,expanded_558,,,Bashkir_North_Unlar,bash1264,bash1264,bash1264,Bashkir_North_Unlar,bash1264,4.0,,4.0,55.87,56.73,Russia,,"Bashkiria Republic, Karaidelsky district","Jeong, C., et al. (2019). The genetic history of admixture across inner Eurasia. Nature Ecology & Evolution, 3(6), 966-976.",,,glottocodeBase,glottocodeBase,https://zenodo.org/records/15263706,12-30,GelatoHO_mergedSetMarchBEDnorelatives_pruned_autosomes_K{12..30}.Q,GeneticInfoID.csv rows with Population == 'Bashkir_North_Unlar' (Q rows in GeneticInfoID Order),analyses/gelato_feasibility_2026_10_01/outputs/population_ancestry_K23_components.csv,population=Bashkir_North_Unlar,analyses/gelato_feasibility_2026_10_01/outputs/population_ancestry_K12_K30_diagnostics.csv,population=Bashkir_North_Unlar;K=12..30,Table S1 GeLaTo_Glottocode exact,candidate,,,,small genetic sample (<5 individuals),exact Glottocode; variety/community/locality/period not yet reviewed,
bak.N.orth.mgn,mgn_data:bak-n,sha256:d03cad16bb1c2d66,Bashkir,bak,N,orth,bak,bak,bash1264,Bashkir_Tamyan_Kypcak,expanded_558;main_397,HumanOrigins_AutosomalSNP-35,bash1264,Bashkir_Tamyan_Kypcak,bash1264,bash1264,bash1264,Bashkir_Tamyan_Kypcak,bash1264,7.0,7,7.0,52.67,56.55,Russia,EURASIA,"Bashkiria Republic, Kugarchinsky district",Jeong_2019,automatically assigned by Robert F,,glottocodeBase,glottocodeBase,https://zenodo.org/records/15263706,12-30,GelatoHO_mergedSetMarchBEDnorelatives_pruned_autosomes_K{12..30}.Q,GeneticInfoID.csv rows with Population == 'Bashkir_Tamyan_Kypcak' (Q rows in GeneticInfoID Order),analyses/gelato_feasibility_2026_10_01/outputs/population_ancestry_K23_components.csv,population=Bashkir_Tamyan_Kypcak,analyses/gelato_feasibility_2026_10_01/outputs/population_ancestry_K12_K30_diagnostics.csv,population=Bashkir_Tamyan_Kypcak;K=12..30,main_397 Glottocode exact | Table S1 GeLaTo_Glottocode exact,candidate,,,,,exact Glottocode; variety/community/locality/period not yet reviewed,
bak.N.orth.mgn,mgn_data:bak-n,sha256:d03cad16bb1c2d66,Bashkir,bak,N,orth,bak,bak,bash1264,Bashkir_Yurmaty,expanded_558,,,Bashkir_Yurmaty,yurm1239,bash1264,bash1264,Bashkir_Yurmaty,yurm1239,4.0,,4.0,53.45,56.03,Russia,,"Bashkiria Republic, Ishimbai","Jeong, C., et al. (2019). The genetic history of admixture across inner Eurasia. Nature Ecology & Evolution, 3(6), 966-976.",,,"glottocodeUpstream, manually checked","glottocodeUpstream, manually checked",https://zenodo.org/records/15263706,12-30,GelatoHO_mergedSetMarchBEDnorelatives_pruned_autosomes_K{12..30}.Q,GeneticInfoID.csv rows with Population == 'Bashkir_Yurmaty' (Q rows in GeneticInfoID Order),analyses/gelato_feasibility_2026_10_01/outputs/population_ancestry_K23_components.csv,population=Bashkir_Yurmaty,,,Table S1 GBI/TLI proxy (base yurm1239) | audit descendant_candidate: local Glottolog lookup Language_level_ID; community compatibility unverified,ambiguous,,,,small genetic sample (<5 individuals),linked only through a proxy or descendant mapping; not the same language-level unit,
bel.ADJ.orth.mgn,mgn_data:bel-adj,sha256:e25291514fb6ee35,Belarusian,bel,ADJ,orth,bel,bel,bela1254,Belarusian,expanded_558;main_397,HumanOrigins_AutosomalSNP-39,bela1254,Belarusian,bela1254,bela1254,bela1254,Belarusian,bela1254,10.0,10,10.0,53.919854,28.011932,Belarus,EURASIA,Vitebsk_Senno_Shumilino_Glubokoe_Dubrovno_Slutsk_Cherven_Kobrin,LazaridisNature2014,automatically assigned by Robert F,,glottocodeBase,glottocodeBase,https://zenodo.org/records/15263706,12-30,GelatoHO_mergedSetMarchBEDnorelatives_pruned_autosomes_K{12..30}.Q,GeneticInfoID.csv rows with Population == 'Belarusian' (Q rows in GeneticInfoID Order),analyses/gelato_feasibility_2026_10_01/outputs/population_ancestry_K23_components.csv,population=Belarusian,analyses/gelato_feasibility_2026_10_01/outputs/population_ancestry_K12_K30_diagnostics.csv,population=Belarusian;K=12..30,main_397 Glottocode exact | Table S1 GeLaTo_Glottocode exact,candidate,,,,,exact Glottocode; variety/community/locality/period not yet reviewed,
bel.N.orth.mgn,mgn_data:bel-n,sha256:32e8f51511c14e8f,Belarusian,bel,N,orth,bel,bel,bela1254,Belarusian,expanded_558;main_397,HumanOrigins_AutosomalSNP-39,bela1254,Belarusian,bela1254,bela1254,bela1254,Belarusian,bela1254,10.0,10,10.0,53.919854,28.011932,Belarus,EURASIA,Vitebsk_Senno_Shumilino_Glubokoe_Dubrovno_Slutsk_Cherven_Kobrin,LazaridisNature2014,automatically assigned by Robert F,,glottocodeBase,glottocodeBase,https://zenodo.org/records/15263706,12-30,GelatoHO_mergedSetMarchBEDnorelatives_pruned_autosomes_K{12..30}.Q,GeneticInfoID.csv rows with Population == 'Belarusian' (Q rows in GeneticInfoID Order),analyses/gelato_feasibility_2026_10_01/outputs/population_ancestry_K23_components.csv,population=Belarusian,analyses/gelato_feasibility_2026_10_01/outputs/population_ancestry_K12_K30_diagnostics.csv,population=Belarusian;K=12..30,main_397 Glottocode exact | Table S1 GeLaTo_Glottocode exact,candidate,,,,,exact Glottocode; variety/community/locality/period not yet reviewed,
bel.V.orth.mgn,mgn_data:bel-v,sha256:9f5c0b8381b4da90,Belarusian,bel,V,orth,bel,bel,bela1254,Belarusian,expanded_558;main_397,HumanOrigins_AutosomalSNP-39,bela1254,Belarusian,bela1254,bela1254,bela1254,Belarusian,bela1254,10.0,10,10.0,53.919854,28.011932,Belarus,EURASIA,Vitebsk_Senno_Shumilino_Glubokoe_Dubrovno_Slutsk_Cherven_Kobrin,LazaridisNature2014,automatically assigned by Robert F,,glottocodeBase,glottocodeBase,https://zenodo.org/records/15263706,12-30,GelatoHO_mergedSetMarchBEDnorelatives_pruned_autosomes_K{12..30}.Q,GeneticInfoID.csv rows with Population == 'Belarusian' (Q rows in GeneticInfoID Order),analyses/gelato_feasibility_2026_10_01/outputs/population_ancestry_K23_components.csv,population=Belarusian,analyses/gelato_feasibility_2026_10_01/outputs/population_ancestry_K12_K30_diagnostics.csv,population=Belarusian;K=12..30,main_397 Glottocode exact | Table S1 GeLaTo_Glottocode exact,candidate,,,,,exact Glottocode; variety/community/locality/period not yet reviewed,
bod.V.orth.mgn,mgn_data:bod-v,sha256:83098de5c5717c01,Tibetan,bod,V,orth,bod,bod,tibe1272,,,,,,,,,,,,,,,,,,,,,,,,,,,,,,,,,unmatched,,,,no GeLaTo population with this Glottocode or as GBI/TLI proxy,no population candidate in main_397 or expanded_558,
bul.ADJ.orth.mgn,mgn_data:bul-adj,sha256:911513317728b4bf,Bulgarian,bul,ADJ,orth,bul,bul,bulg1262,Bulgarian,expanded_558;main_397,HumanOrigins_AutosomalSNP-47,bulg1262,Bulgarian,bulg1262,NA,bulg1262,Bulgarian,bulg1262,10.0,10,10.0,42.163403,24.741211,Bulgaria,EURASIA,Plovdiv,LazaridisNature2014,correct by Chiara,,"no match, manually checked",glottocodeBase,https://zenodo.org/records/15263706,12-30,GelatoHO_mergedSetMarchBEDnorelatives_pruned_autosomes_K{12..30}.Q,GeneticInfoID.csv rows with Population == 'Bulgarian' (Q rows in GeneticInfoID Order),analyses/gelato_feasibility_2026_10_01/outputs/population_ancestry_K23_components.csv,population=Bulgarian,analyses/gelato_feasibility_2026_10_01/outputs/population_ancestry_K12_K30_diagnostics.csv,population=Bulgarian;K=12..30,main_397 Glottocode exact | Table S1 GeLaTo_Glottocode exact,candidate,,,,,exact Glottocode; variety/community/locality/period not yet reviewed,
bul.N.orth.mgn,mgn_data:bul-n,sha256:91fb3290ef86593b,Bulgarian,bul,N,orth,bul,bul,bulg1262,Bulgarian,expanded_558;main_397,HumanOrigins_AutosomalSNP-47,bulg1262,Bulgarian,bulg1262,NA,bulg1262,Bulgarian,bulg1262,10.0,10,10.0,42.163403,24.741211,Bulgaria,EURASIA,Plovdiv,LazaridisNature2014,correct by Chiara,,"no match, manually checked",glottocodeBase,https://zenodo.org/records/15263706,12-30,GelatoHO_mergedSetMarchBEDnorelatives_pruned_autosomes_K{12..30}.Q,GeneticInfoID.csv rows with Population == 'Bulgarian' (Q rows in GeneticInfoID Order),analyses/gelato_feasibility_2026_10_01/outputs/population_ancestry_K23_components.csv,population=Bulgarian,analyses/gelato_feasibility_2026_10_01/outputs/population_ancestry_K12_K30_diagnostics.csv,population=Bulgarian;K=12..30,main_397 Glottocode exact | Table S1 GeLaTo_Glottocode exact,candidate,,,,,exact Glottocode; variety/community/locality/period not yet reviewed,
bul.V.orth.mgn,mgn_data:bul-v,sha256:f710bb6146381ea5,Bulgarian,bul,V,orth,bul,bul,bulg1262,Bulgarian,expanded_558;main_397,HumanOrigins_AutosomalSNP-47,bulg1262,Bulgarian,bulg1262,NA,bulg1262,Bulgarian,bulg1262,10.0,10,10.0,42.163403,24.741211,Bulgaria,EURASIA,Plovdiv,LazaridisNature2014,correct by Chiara,,"no match, manually checked",glottocodeBase,https://zenodo.org/records/15263706,12-30,GelatoHO_mergedSetMarchBEDnorelatives_pruned_autosomes_K{12..30}.Q,GeneticInfoID.csv rows with Population == 'Bulgarian' (Q rows in GeneticInfoID Order),analyses/gelato_feasibility_2026_10_01/outputs/population_ancestry_K23_components.csv,population=Bulgarian,analyses/gelato_feasibility_2026_10_01/outputs/population_ancestry_K12_K30_diagnostics.csv,population=Bulgarian;K=12..30,main_397 Glottocode exact | Table S1 GeLaTo_Glottocode exact,candidate,,,,,exact Glottocode; variety/community/locality/period not yet reviewed,
cat.V.ipa_epitran.mgn,mgn_data:cat-v,sha256:c2c80c5244ee137b,Catalan,cat,V,ipa_epitran,cat,cat,stan1289,Spanish_Cataluna,expanded_558;main_397,HumanOrigins_AutosomalSNP-322,stan1289,Spanish_Cataluna,stan1289,stan1289,stan1289,Spanish_Cataluna,stan1289,5.0,5,5.0,41.8,1.5,Spain,EURASIA,Cataluna,LazaridisNature2014,correct by Chiara,,glottocodeBase,glottocodeBase,https://zenodo.org/records/15263706,12-30,GelatoHO_mergedSetMarchBEDnorelatives_pruned_autosomes_K{12..30}.Q,GeneticInfoID.csv rows with Population == 'Spanish_Cataluna' (Q rows in GeneticInfoID Order),analyses/gelato_feasibility_2026_10_01/outputs/population_ancestry_K23_components.csv,population=Spanish_Cataluna,analyses/gelato_feasibility_2026_10_01/outputs/population_ancestry_K12_K30_diagnostics.csv,population=Spanish_Cataluna;K=12..30,main_397 Glottocode exact | Table S1 GeLaTo_Glottocode exact,candidate,,,,,exact Glottocode; variety/community/locality/period not yet reviewed,
cat.V.ipa_epitran.mgn,mgn_data:cat-v,sha256:c2c80c5244ee137b,Catalan,cat,V,ipa_epitran,cat,cat,stan1289,Spanish_Valencia,expanded_558;main_397,HumanOrigins_AutosomalSNP-327,stan1289,Spanish_Valencia,stan1289,stan1289,stan1289,Spanish_Valencia,stan1289,5.0,5,5.0,39.5,-0.4,Spain,EURASIA,Valencia,LazaridisNature2014,correct by Harald,,glottocodeBase,glottocodeBase,https://zenodo.org/records/15263706,12-30,GelatoHO_mergedSetMarchBEDnorelatives_pruned_autosomes_K{12..30}.Q,GeneticInfoID.csv rows with Population == 'Spanish_Valencia' (Q rows in GeneticInfoID Order),analyses/gelato_feasibility_2026_10_01/outputs/population_ancestry_K23_components.csv,population=Spanish_Valencia,analyses/gelato_feasibility_2026_10_01/outputs/population_ancestry_K12_K30_diagnostics.csv,population=Spanish_Valencia;K=12..30,main_397 Glottocode exact | Table S1 GeLaTo_Glottocode exact,candidate,,,,,exact Glottocode; variety/community/locality/period not yet reviewed,
ces.ADJ.orth.mgn,mgn_data:ces-adj,sha256:86cde6a798d5e032,Czech,ces,ADJ,orth,ces,ces,czec1258,Czech,expanded_558;main_397,HumanOrigins_AutosomalSNP-71,czec1258,Czech,czec1258,czec1258,czec1258,Czech,czec1258,10.0,10,10.0,50.1,14.4,Czechoslovia(pre1989),EURASIA,..,LazaridisNature2014,automatically assigned by Robert F,,glottocodeBase,glottocodeBase,https://zenodo.org/records/15263706,12-30,GelatoHO_mergedSetMarchBEDnorelatives_pruned_autosomes_K{12..30}.Q,GeneticInfoID.csv rows with Population == 'Czech' (Q rows in GeneticInfoID Order),analyses/gelato_feasibility_2026_10_01/outputs/population_ancestry_K23_components.csv,population=Czech,analyses/gelato_feasibility_2026_10_01/outputs/population_ancestry_K12_K30_diagnostics.csv,population=Czech;K=12..30,main_397 Glottocode exact | Table S1 GeLaTo_Glottocode exact,candidate,,,,,exact Glottocode; variety/community/locality/period not yet reviewed,
ces.N.orth.mgn,mgn_data:ces-n,sha256:f6a7cdf69428554f,Czech,ces,N,orth,ces,ces,czec1258,Czech,expanded_558;main_397,HumanOrigins_AutosomalSNP-71,czec1258,Czech,czec1258,czec1258,czec1258,Czech,czec1258,10.0,10,10.0,50.1,14.4,Czechoslovia(pre1989),EURASIA,..,LazaridisNature2014,automatically assigned by Robert F,,glottocodeBase,glottocodeBase,https://zenodo.org/records/15263706,12-30,GelatoHO_mergedSetMarchBEDnorelatives_pruned_autosomes_K{12..30}.Q,GeneticInfoID.csv rows with Population == 'Czech' (Q rows in GeneticInfoID Order),analyses/gelato_feasibility_2026_10_01/outputs/population_ancestry_K23_components.csv,population=Czech,analyses/gelato_feasibility_2026_10_01/outputs/population_ancestry_K12_K30_diagnostics.csv,population=Czech;K=12..30,main_397 Glottocode exact | Table S1 GeLaTo_Glottocode exact,candidate,,,,,exact Glottocode; variety/community/locality/period not yet reviewed,
ces.V.orth.mgn,mgn_data:ces-v,sha256:514767778c91108e,Czech,ces,V,orth,ces,ces,czec1258,Czech,expanded_558;main_397,HumanOrigins_AutosomalSNP-71,czec1258,Czech,czec1258,czec1258,czec1258,Czech,czec1258,10.0,10,10.0,50.1,14.4,Czechoslovia(pre1989),EURASIA,..,LazaridisNature2014,automatically assigned by Robert F,,glottocodeBase,glottocodeBase,https://zenodo.org/records/15263706,12-30,GelatoHO_mergedSetMarchBEDnorelatives_pruned_autosomes_K{12..30}.Q,GeneticInfoID.csv rows with Population == 'Czech' (Q rows in GeneticInfoID Order),analyses/gelato_feasibility_2026_10_01/outputs/population_ancestry_K23_components.csv,population=Czech,analyses/gelato_feasibility_2026_10_01/outputs/population_ancestry_K12_K30_diagnostics.csv,population=Czech;K=12..30,main_397 Glottocode exact | Table S1 GeLaTo_Glottocode exact,candidate,,,,,exact Glottocode; variety/community/locality/period not yet reviewed,
chu.N.orth.mgn,mgn_data:chu-n,sha256:4992e972e10b00ca,Church Slavic,chu,N,orth,chu,chu,chur1257,,,,,,,,,,,,,,,,,,,,,,,,,,,,,,,,,excluded,,,,,extinct/historical language: no living sampled community,
ckb.N.orth.mgn,mgn_data:ckb-n,sha256:c5275fcff0585264,Central Kurdish,ckb,N,orth,ckb,ckb,cent1972,,,,,,,,,,,,,,,,,,,,,,,,,,,,,,,,,unmatched,,,,no GeLaTo population with this Glottocode or as GBI/TLI proxy,no population candidate in main_397 or expanded_558,
ckb.V.orth.mgn,mgn_data:ckb-v,sha256:81bae6a4d553ec9c,Central Kurdish,ckb,V,orth,ckb,ckb,cent1972,,,,,,,,,,,,,,,,,,,,,,,,,,,,,,,,,unmatched,,,,no GeLaTo population with this Glottocode or as GBI/TLI proxy,no population candidate in main_397 or expanded_558,
crh.N.orth.mgn,mgn_data:crh-n,sha256:4e7e5d5b94d6337f,Crimean Tatar,crh,N,orth,crh,crh,crim1257,,,,,,,,,,,,,,,,,,,,,,,,,,,,,,,,,unmatched,,,,no GeLaTo population with this Glottocode or as GBI/TLI proxy,no population candidate in main_397 or expanded_558,
cym.V.orth.mgn,mgn_data:cym-v,sha256:e3278b2c27868345,Welsh,cym,V,orth,cym,cym,wels1247,,,,,,,,,,,,,,,,,,,,,,,,,,,,,,,,,unmatched,,,,no GeLaTo population with this Glottocode or as GBI/TLI proxy,no population candidate in main_397 or expanded_558,
dan.N.orth.mgn,mgn_data:dan-n,sha256:1074362efbb3a9cc,Danish,dan,N,orth,dan,dan,dani1285,,,,,,,,,,,,,,,,,,,,,,,,,,,,,,,,,unmatched,,,,no GeLaTo population with this Glottocode or as GBI/TLI proxy,no population candidate in main_397 or expanded_558,
dan.V.orth.mgn,mgn_data:dan-v,sha256:565594a76b334a5d,Danish,dan,V,orth,dan,dan,dani1285,,,,,,,,,,,,,,,,,,,,,,,,,,,,,,,,,unmatched,,,,no GeLaTo population with this Glottocode or as GBI/TLI proxy,no population candidate in main_397 or expanded_558,
deu.N.ipa_epitran.mgn,mgn_data:deu-n,sha256:67d10bf1f91e7b4d,German,deu,N,ipa_epitran,deu,deu,stan1295,German_Lipsian,expanded_558;main_397,HumanOrigins_AutosomalSNP-104,stan1295,German_Lipsian,stan1295,NA,stan1295,German_Lipsian,stan1295,10.0,10,10.0,51.34,12.373,Germany,EURASIA,Leipzig,LazaridisNature2016,correct by Chiara,,"no match, manually checked",glottocodeBase,https://zenodo.org/records/15263706,12-30,GelatoHO_mergedSetMarchBEDnorelatives_pruned_autosomes_K{12..30}.Q,GeneticInfoID.csv rows with Population == 'German_Lipsian' (Q rows in GeneticInfoID Order),analyses/gelato_feasibility_2026_10_01/outputs/population_ancestry_K23_components.csv,population=German_Lipsian,analyses/gelato_feasibility_2026_10_01/outputs/population_ancestry_K12_K30_diagnostics.csv,population=German_Lipsian;K=12..30,main_397 Glottocode exact | Table S1 GeLaTo_Glottocode exact,candidate,,,,,exact Glottocode; variety/community/locality/period not yet reviewed,
deu.V.ipa_epitran.mgn,mgn_data:deu-v,sha256:6cd3e7fb3c471bba,German,deu,V,ipa_epitran,deu,deu,stan1295,German_Lipsian,expanded_558;main_397,HumanOrigins_AutosomalSNP-104,stan1295,German_Lipsian,stan1295,NA,stan1295,German_Lipsian,stan1295,10.0,10,10.0,51.34,12.373,Germany,EURASIA,Leipzig,LazaridisNature2016,correct by Chiara,,"no match, manually checked",glottocodeBase,https://zenodo.org/records/15263706,12-30,GelatoHO_mergedSetMarchBEDnorelatives_pruned_autosomes_K{12..30}.Q,GeneticInfoID.csv rows with Population == 'German_Lipsian' (Q rows in GeneticInfoID Order),analyses/gelato_feasibility_2026_10_01/outputs/population_ancestry_K23_components.csv,population=German_Lipsian,analyses/gelato_feasibility_2026_10_01/outputs/population_ancestry_K12_K30_diagnostics.csv,population=German_Lipsian;K=12..30,main_397 Glottocode exact | Table S1 GeLaTo_Glottocode exact,candidate,,,,,exact Glottocode; variety/community/locality/period not yet reviewed,
dsb.ADJ.orth.mgn,mgn_data:dsb-adj,sha256:c4a447a33865fdef,Lower Sorbian,dsb,ADJ,orth,dsb,dsb,lowe1385,,,,,,,,,,,,,,,,,,,,,,,,,,,,,,,,,unmatched,,,,no GeLaTo population with this Glottocode or as GBI/TLI proxy,no population candidate in main_397 or expanded_558,
dsb.N.orth.mgn,mgn_data:dsb-n,sha256:f516a7996b281188,Lower Sorbian,dsb,N,orth,dsb,dsb,lowe1385,,,,,,,,,,,,,,,,,,,,,,,,,,,,,,,,,unmatched,,,,no GeLaTo population with this Glottocode or as GBI/TLI proxy,no population candidate in main_397 or expanded_558,
dsb.V.orth.mgn,mgn_data:dsb-v,sha256:110f2ad23812eecf,Lower Sorbian,dsb,V,orth,dsb,dsb,lowe1385,,,,,,,,,,,,,,,,,,,,,,,,,,,,,,,,,unmatched,,,,no GeLaTo population with this Glottocode or as GBI/TLI proxy,no population candidate in main_397 or expanded_558,
ell.ADJ.orth.mgn,mgn_data:ell-adj,sha256:8dee1a6426f3db41,Modern Greek (1453-),ell,ADJ,orth,ell,ell,mode1248,Greek_Athens,expanded_558;main_397,HumanOrigins_AutosomalSNP-106,gree1276,Greek_Athens,gree1276,mode1248,mode1248,Greek_Athens,gree1276,8.0,8,8.0,37.966667,23.716667,Greece,EURASIA,..,LazaridisNature2014,correct by Chiara,,proxy mode1248 manually checked,proxy mode1248 manually checked,https://zenodo.org/records/15263706,12-30,GelatoHO_mergedSetMarchBEDnorelatives_pruned_autosomes_K{12..30}.Q,GeneticInfoID.csv rows with Population == 'Greek_Athens' (Q rows in GeneticInfoID Order),analyses/gelato_feasibility_2026_10_01/outputs/population_ancestry_K23_components.csv,population=Greek_Athens,,,Table S1 GBI/TLI proxy (base gree1276) | audit curated_greek_candidate: published Table S1 maps this Greek population to Modern Greek in GBI and TLI | audit curated_greek_candidate: published Table S1 maps this Greek population to Modern Greek in GBI and TLI,ambiguous,,,,,linked only through a proxy or descendant mapping; not the same language-level unit,
ell.ADJ.orth.mgn,mgn_data:ell-adj,sha256:8dee1a6426f3db41,Modern Greek (1453-),ell,ADJ,orth,ell,ell,mode1248,Greek_Thessaloniki,expanded_558;main_397,HumanOrigins_AutosomalSNP-107,gree1276,Greek_Thessaloniki,gree1276,mode1248,mode1248,Greek_Thessaloniki,gree1276,14.0,14,14.0,40.64,22.94,Greece,EURASIA,Thessaloniki,LazaridisNature2014,correct by Chiara,,proxy mode1248 manually checked,proxy mode1248 manually checked,https://zenodo.org/records/15263706,12-30,GelatoHO_mergedSetMarchBEDnorelatives_pruned_autosomes_K{12..30}.Q,GeneticInfoID.csv rows with Population == 'Greek_Thessaloniki' (Q rows in GeneticInfoID Order),analyses/gelato_feasibility_2026_10_01/outputs/population_ancestry_K23_components.csv,population=Greek_Thessaloniki,,,Table S1 GBI/TLI proxy (base gree1276) | audit curated_greek_candidate: published Table S1 maps this Greek population to Modern Greek in GBI and TLI | audit curated_greek_candidate: published Table S1 maps this Greek population to Modern Greek in GBI and TLI,ambiguous,,,,,linked only through a proxy or descendant mapping; not the same language-level unit,
ell.ADJ.orth.mgn,mgn_data:ell-adj,sha256:8dee1a6426f3db41,Modern Greek (1453-),ell,ADJ,orth,ell,ell,mode1248,Greek_WGA,expanded_558;main_397,HumanOrigins_AutosomalSNP-108,gree1276,Greek_WGA,gree1276,mode1248,mode1248,Greek_WGA,gree1276,18.0,18,18.0,37.9,23.7,Greece,EURASIA,Athens,LazaridisNature2014,correct by Chiara,,proxy mode1248 manually checked,proxy mode1248 manually checked,https://zenodo.org/records/15263706,12-30,GelatoHO_mergedSetMarchBEDnorelatives_pruned_autosomes_K{12..30}.Q,GeneticInfoID.csv rows with Population == 'Greek_WGA' (Q rows in GeneticInfoID Order),analyses/gelato_feasibility_2026_10_01/outputs/population_ancestry_K23_components.csv,population=Greek_WGA,,,Table S1 GBI/TLI proxy (base gree1276) | audit curated_greek_candidate: published Table S1 maps this Greek population to Modern Greek in GBI and TLI | audit curated_greek_candidate: published Table S1 maps this Greek population to Modern Greek in GBI and TLI,ambiguous,,,,,linked only through a proxy or descendant mapping; not the same language-level unit,
ell.N.orth.mgn,mgn_data:ell-n,sha256:6165f102fefc6a69,Modern Greek (1453-),ell,N,orth,ell,ell,mode1248,Greek_Athens,expanded_558;main_397,HumanOrigins_AutosomalSNP-106,gree1276,Greek_Athens,gree1276,mode1248,mode1248,Greek_Athens,gree1276,8.0,8,8.0,37.966667,23.716667,Greece,EURASIA,..,LazaridisNature2014,correct by Chiara,,proxy mode1248 manually checked,proxy mode1248 manually checked,https://zenodo.org/records/15263706,12-30,GelatoHO_mergedSetMarchBEDnorelatives_pruned_autosomes_K{12..30}.Q,GeneticInfoID.csv rows with Population == 'Greek_Athens' (Q rows in GeneticInfoID Order),analyses/gelato_feasibility_2026_10_01/outputs/population_ancestry_K23_components.csv,population=Greek_Athens,,,Table S1 GBI/TLI proxy (base gree1276) | audit curated_greek_candidate: published Table S1 maps this Greek population to Modern Greek in GBI and TLI | audit curated_greek_candidate: published Table S1 maps this Greek population to Modern Greek in GBI and TLI,ambiguous,,,,,linked only through a proxy or descendant mapping; not the same language-level unit,
ell.N.orth.mgn,mgn_data:ell-n,sha256:6165f102fefc6a69,Modern Greek (1453-),ell,N,orth,ell,ell,mode1248,Greek_Thessaloniki,expanded_558;main_397,HumanOrigins_AutosomalSNP-107,gree1276,Greek_Thessaloniki,gree1276,mode1248,mode1248,Greek_Thessaloniki,gree1276,14.0,14,14.0,40.64,22.94,Greece,EURASIA,Thessaloniki,LazaridisNature2014,correct by Chiara,,proxy mode1248 manually checked,proxy mode1248 manually checked,https://zenodo.org/records/15263706,12-30,GelatoHO_mergedSetMarchBEDnorelatives_pruned_autosomes_K{12..30}.Q,GeneticInfoID.csv rows with Population == 'Greek_Thessaloniki' (Q rows in GeneticInfoID Order),analyses/gelato_feasibility_2026_10_01/outputs/population_ancestry_K23_components.csv,population=Greek_Thessaloniki,,,Table S1 GBI/TLI proxy (base gree1276) | audit curated_greek_candidate: published Table S1 maps this Greek population to Modern Greek in GBI and TLI | audit curated_greek_candidate: published Table S1 maps this Greek population to Modern Greek in GBI and TLI,ambiguous,,,,,linked only through a proxy or descendant mapping; not the same language-level unit,
ell.N.orth.mgn,mgn_data:ell-n,sha256:6165f102fefc6a69,Modern Greek (1453-),ell,N,orth,ell,ell,mode1248,Greek_WGA,expanded_558;main_397,HumanOrigins_AutosomalSNP-108,gree1276,Greek_WGA,gree1276,mode1248,mode1248,Greek_WGA,gree1276,18.0,18,18.0,37.9,23.7,Greece,EURASIA,Athens,LazaridisNature2014,correct by Chiara,,proxy mode1248 manually checked,proxy mode1248 manually checked,https://zenodo.org/records/15263706,12-30,GelatoHO_mergedSetMarchBEDnorelatives_pruned_autosomes_K{12..30}.Q,GeneticInfoID.csv rows with Population == 'Greek_WGA' (Q rows in GeneticInfoID Order),analyses/gelato_feasibility_2026_10_01/outputs/population_ancestry_K23_components.csv,population=Greek_WGA,,,Table S1 GBI/TLI proxy (base gree1276) | audit curated_greek_candidate: published Table S1 maps this Greek population to Modern Greek in GBI and TLI | audit curated_greek_candidate: published Table S1 maps this Greek population to Modern Greek in GBI and TLI,ambiguous,,,,,linked only through a proxy or descendant mapping; not the same language-level unit,
ell.V.orth.mgn,mgn_data:ell-v,sha256:cf098189edd859e3,Modern Greek (1453-),ell,V,orth,ell,ell,mode1248,Greek_Athens,expanded_558;main_397,HumanOrigins_AutosomalSNP-106,gree1276,Greek_Athens,gree1276,mode1248,mode1248,Greek_Athens,gree1276,8.0,8,8.0,37.966667,23.716667,Greece,EURASIA,..,LazaridisNature2014,correct by Chiara,,proxy mode1248 manually checked,proxy mode1248 manually checked,https://zenodo.org/records/15263706,12-30,GelatoHO_mergedSetMarchBEDnorelatives_pruned_autosomes_K{12..30}.Q,GeneticInfoID.csv rows with Population == 'Greek_Athens' (Q rows in GeneticInfoID Order),analyses/gelato_feasibility_2026_10_01/outputs/population_ancestry_K23_components.csv,population=Greek_Athens,,,Table S1 GBI/TLI proxy (base gree1276) | audit curated_greek_candidate: published Table S1 maps this Greek population to Modern Greek in GBI and TLI | audit curated_greek_candidate: published Table S1 maps this Greek population to Modern Greek in GBI and TLI,ambiguous,,,,,linked only through a proxy or descendant mapping; not the same language-level unit,
ell.V.orth.mgn,mgn_data:ell-v,sha256:cf098189edd859e3,Modern Greek (1453-),ell,V,orth,ell,ell,mode1248,Greek_Thessaloniki,expanded_558;main_397,HumanOrigins_AutosomalSNP-107,gree1276,Greek_Thessaloniki,gree1276,mode1248,mode1248,Greek_Thessaloniki,gree1276,14.0,14,14.0,40.64,22.94,Greece,EURASIA,Thessaloniki,LazaridisNature2014,correct by Chiara,,proxy mode1248 manually checked,proxy mode1248 manually checked,https://zenodo.org/records/15263706,12-30,GelatoHO_mergedSetMarchBEDnorelatives_pruned_autosomes_K{12..30}.Q,GeneticInfoID.csv rows with Population == 'Greek_Thessaloniki' (Q rows in GeneticInfoID Order),analyses/gelato_feasibility_2026_10_01/outputs/population_ancestry_K23_components.csv,population=Greek_Thessaloniki,,,Table S1 GBI/TLI proxy (base gree1276) | audit curated_greek_candidate: published Table S1 maps this Greek population to Modern Greek in GBI and TLI | audit curated_greek_candidate: published Table S1 maps this Greek population to Modern Greek in GBI and TLI,ambiguous,,,,,linked only through a proxy or descendant mapping; not the same language-level unit,
ell.V.orth.mgn,mgn_data:ell-v,sha256:cf098189edd859e3,Modern Greek (1453-),ell,V,orth,ell,ell,mode1248,Greek_WGA,expanded_558;main_397,HumanOrigins_AutosomalSNP-108,gree1276,Greek_WGA,gree1276,mode1248,mode1248,Greek_WGA,gree1276,18.0,18,18.0,37.9,23.7,Greece,EURASIA,Athens,LazaridisNature2014,correct by Chiara,,proxy mode1248 manually checked,proxy mode1248 manually checked,https://zenodo.org/records/15263706,12-30,GelatoHO_mergedSetMarchBEDnorelatives_pruned_autosomes_K{12..30}.Q,GeneticInfoID.csv rows with Population == 'Greek_WGA' (Q rows in GeneticInfoID Order),analyses/gelato_feasibility_2026_10_01/outputs/population_ancestry_K23_components.csv,population=Greek_WGA,,,Table S1 GBI/TLI proxy (base gree1276) | audit curated_greek_candidate: published Table S1 maps this Greek population to Modern Greek in GBI and TLI | audit curated_greek_candidate: published Table S1 maps this Greek population to Modern Greek in GBI and TLI,ambiguous,,,,,linked only through a proxy or descendant mapping; not the same language-level unit,
ekk.N.orth.mgn,mgn_data:est-n,sha256:68489ef5d4657e7b,Standard Estonian,ekk,N,orth,est,ekk,esto1258,Estonian,expanded_558;main_397,HumanOrigins_AutosomalSNP-87,esto1258,Estonian,esto1258,esto1258,esto1258,Estonian,esto1258,10.0,10,10.0,58.539039,24.889252,Estonia,EURASIA,Parnu_Avinurme_Viljandi_Talinn,LazaridisNature2014,automatically assigned by Robert F,,glottocodeBase,glottocodeBase,https://zenodo.org/records/15263706,12-30,GelatoHO_mergedSetMarchBEDnorelatives_pruned_autosomes_K{12..30}.Q,GeneticInfoID.csv rows with Population == 'Estonian' (Q rows in GeneticInfoID Order),analyses/gelato_feasibility_2026_10_01/outputs/population_ancestry_K23_components.csv,population=Estonian,analyses/gelato_feasibility_2026_10_01/outputs/population_ancestry_K12_K30_diagnostics.csv,population=Estonian;K=12..30,main_397 Glottocode exact | Table S1 GeLaTo_Glottocode exact,candidate,,,,,exact Glottocode; variety/community/locality/period not yet reviewed,
ekk.V.orth.mgn,mgn_data:est-v,sha256:109aedc450983d5f,Standard Estonian,ekk,V,orth,est,ekk,esto1258,Estonian,expanded_558;main_397,HumanOrigins_AutosomalSNP-87,esto1258,Estonian,esto1258,esto1258,esto1258,Estonian,esto1258,10.0,10,10.0,58.539039,24.889252,Estonia,EURASIA,Parnu_Avinurme_Viljandi_Talinn,LazaridisNature2014,automatically assigned by Robert F,,glottocodeBase,glottocodeBase,https://zenodo.org/records/15263706,12-30,GelatoHO_mergedSetMarchBEDnorelatives_pruned_autosomes_K{12..30}.Q,GeneticInfoID.csv rows with Population == 'Estonian' (Q rows in GeneticInfoID Order),analyses/gelato_feasibility_2026_10_01/outputs/population_ancestry_K23_components.csv,population=Estonian,analyses/gelato_feasibility_2026_10_01/outputs/population_ancestry_K12_K30_diagnostics.csv,population=Estonian;K=12..30,main_397 Glottocode exact | Table S1 GeLaTo_Glottocode exact,candidate,,,,,exact Glottocode; variety/community/locality/period not yet reviewed,
fao.ADJ.orth.mgn,mgn_data:fao-adj,sha256:1d7c93a7ff040121,Faroese,fao,ADJ,orth,fao,fao,faro1244,,,,,,,,,,,,,,,,,,,,,,,,,,,,,,,,,unmatched,,,,no GeLaTo population with this Glottocode or as GBI/TLI proxy,no population candidate in main_397 or expanded_558,
fao.N.orth.mgn,mgn_data:fao-n,sha256:e46788fa9b75e12a,Faroese,fao,N,orth,fao,fao,faro1244,,,,,,,,,,,,,,,,,,,,,,,,,,,,,,,,,unmatched,,,,no GeLaTo population with this Glottocode or as GBI/TLI proxy,no population candidate in main_397 or expanded_558,
fao.V.orth.mgn,mgn_data:fao-v,sha256:e52999f182328669,Faroese,fao,V,orth,fao,fao,faro1244,,,,,,,,,,,,,,,,,,,,,,,,,,,,,,,,,unmatched,,,,no GeLaTo population with this Glottocode or as GBI/TLI proxy,no population candidate in main_397 or expanded_558,
pes.V.ipa_epitran.mgn,mgn_data:fas-v,sha256:fe469bda23859fa1,Iranian Persian,pes,V,ipa_epitran,fas,pes,west2369,Iran_Non-Zoroastrian_Fars,expanded_558;main_397,HumanOrigins_AutosomalSNP-131,west2369,Iran_Non-Zoroastrian_Fars,west2369,west2369,west2369,Iran_Non-Zoroastrian_Fars,west2369,17.0,17,17.0,29.616667,52.533333,Iran,EURASIA,Shiraz_//_Farsi,Broushaki2016,correct by Harald,,glottocodeBase,glottocodeBase,https://zenodo.org/records/15263706,12-30,GelatoHO_mergedSetMarchBEDnorelatives_pruned_autosomes_K{12..30}.Q,GeneticInfoID.csv rows with Population == 'Iran_Non-Zoroastrian_Fars' (Q rows in GeneticInfoID Order),analyses/gelato_feasibility_2026_10_01/outputs/population_ancestry_K23_components.csv,population=Iran_Non-Zoroastrian_Fars,analyses/gelato_feasibility_2026_10_01/outputs/population_ancestry_K12_K30_diagnostics.csv,population=Iran_Non-Zoroastrian_Fars;K=12..30,main_397 Glottocode exact | Table S1 GeLaTo_Glottocode exact,candidate,,,,,exact Glottocode; variety/community/locality/period not yet reviewed,
pes.V.ipa_epitran.mgn,mgn_data:fas-v,sha256:fe469bda23859fa1,Iranian Persian,pes,V,ipa_epitran,fas,pes,west2369,Iranian_Bandari,expanded_558;main_397,HumanOrigins_AutosomalSNP-133,fars1254,Iranian_Bandari,fars1254,west2369,west2369,Iranian_Bandari,fars1254,8.0,8,8.0,27.183,56.267,Iran,EURASIA,Bandar Abbas / Hormozgan,LazaridisNature2016,checked by Chiara,,"proxy west2369 manually checked, geographically the proxy doesnt work as well here as for Iranian_Persian","proxy west2369 manually checked, geographically the proxy doesnt work as well here as for Iranian_Persian",https://zenodo.org/records/15263706,12-30,GelatoHO_mergedSetMarchBEDnorelatives_pruned_autosomes_K{12..30}.Q,GeneticInfoID.csv rows with Population == 'Iranian_Bandari' (Q rows in GeneticInfoID Order),analyses/gelato_feasibility_2026_10_01/outputs/population_ancestry_K23_components.csv,population=Iranian_Bandari,,,Table S1 GBI/TLI proxy (base fars1254),ambiguous,,,,,linked only through a proxy or descendant mapping; not the same language-level unit,
pes.V.ipa_epitran.mgn,mgn_data:fas-v,sha256:fe469bda23859fa1,Iranian Persian,pes,V,ipa_epitran,fas,pes,west2369,Iranian_Persian,expanded_558;main_397,HumanOrigins_AutosomalSNP-136,fars1254,Iranian_Persian,fars1254,west2369,west2369,Iranian_Persian,fars1254,10.0,10,10.0,29.591,52.584,Iran,EURASIA,Shiraz / Fars / Persian,LazaridisNature2016,checked by Chiara,,proxy west2369 manually checked,proxy west2369 manually checked,https://zenodo.org/records/15263706,12-30,GelatoHO_mergedSetMarchBEDnorelatives_pruned_autosomes_K{12..30}.Q,GeneticInfoID.csv rows with Population == 'Iranian_Persian' (Q rows in GeneticInfoID Order),analyses/gelato_feasibility_2026_10_01/outputs/population_ancestry_K23_components.csv,population=Iranian_Persian,,,Table S1 GBI/TLI proxy (base fars1254),ambiguous,,,,,linked only through a proxy or descendant mapping; not the same language-level unit,
fin.ADJ.orth.mgn,mgn_data:fin-adj,sha256:f2f05950bf71b119,Finnish,fin,ADJ,orth,fin,fin,finn1318,Finnish,expanded_558;main_397,HumanOrigins_AutosomalSNP-92,finn1318,Finnish,finn1318,finn1318,finn1318,Finnish,finn1318,8.0,8,8.0,60.2,24.9,Finland,EURASIA,..,LazaridisNature2014,automatically assigned by Robert F,,glottocodeBase,glottocodeBase,https://zenodo.org/records/15263706,12-30,GelatoHO_mergedSetMarchBEDnorelatives_pruned_autosomes_K{12..30}.Q,GeneticInfoID.csv rows with Population == 'Finnish' (Q rows in GeneticInfoID Order),analyses/gelato_feasibility_2026_10_01/outputs/population_ancestry_K23_components.csv,population=Finnish,analyses/gelato_feasibility_2026_10_01/outputs/population_ancestry_K12_K30_diagnostics.csv,population=Finnish;K=12..30,main_397 Glottocode exact | Table S1 GeLaTo_Glottocode exact,candidate,accepted,,"GeLaTo c625fdc populations.csv HumanOrigins_AutosomalSNP-92; Zenodo 15263706 Table S1 row ""Finnish""; mapping file glottocodeBase/glottocodeBase; GeneticInfoID 8 rows finn1318. Morphology resource: MGN fin-v / fin-n = untouched UniMorph `fin` orthography (Wiktionary-derived inflection tables of Standard Finnish). Standard written Finnish is the national standard used throughout Finland; the paradigm does not encode a regional dialect. ""Finnish"" population, n=8, Lazaridis et al. 2014 (Human Origins), identical in the GeLaTo main panel (HumanOrigins_AutosomalSNP-92) and Zenodo Table S1; Glottocode finn1318 in all sources including GeneticInfoID. Curation note ""automatically assigned by Robert F"" (not manually curated). Individuals' first language is not recorded; Finland has a Swedish-speaking minority (~5%), so membership of the Finnish speech community is assumed from the population label. Coordinates 60.2 N, 24.9 E (Helsinki); single locality; country Finland. Present-day individuals (published 2014) vs contemporary standard paradigms: same synchronic period.","acceptance proposed by an agent review; awaiting human confirmation (confirmed_by + confirmed_date in gelato_review.yaml); n=8 individuals; single locality (Helsinki); language assignment automatic, individual L1 not recorded","Accepted as the single population linked to Standard Finnish morphology, with the caveats of a small single-locality sample and automatic (uncurated) language assignment.",gelato_review.yaml:fin-finnish
fin.N.orth.mgn,mgn_data:fin-n,sha256:255bf1dea6298dda,Finnish,fin,N,orth,fin,fin,finn1318,Finnish,expanded_558;main_397,HumanOrigins_AutosomalSNP-92,finn1318,Finnish,finn1318,finn1318,finn1318,Finnish,finn1318,8.0,8,8.0,60.2,24.9,Finland,EURASIA,..,LazaridisNature2014,automatically assigned by Robert F,,glottocodeBase,glottocodeBase,https://zenodo.org/records/15263706,12-30,GelatoHO_mergedSetMarchBEDnorelatives_pruned_autosomes_K{12..30}.Q,GeneticInfoID.csv rows with Population == 'Finnish' (Q rows in GeneticInfoID Order),analyses/gelato_feasibility_2026_10_01/outputs/population_ancestry_K23_components.csv,population=Finnish,analyses/gelato_feasibility_2026_10_01/outputs/population_ancestry_K12_K30_diagnostics.csv,population=Finnish;K=12..30,main_397 Glottocode exact | Table S1 GeLaTo_Glottocode exact,candidate,accepted,,"GeLaTo c625fdc populations.csv HumanOrigins_AutosomalSNP-92; Zenodo 15263706 Table S1 row ""Finnish""; mapping file glottocodeBase/glottocodeBase; GeneticInfoID 8 rows finn1318. Morphology resource: MGN fin-v / fin-n = untouched UniMorph `fin` orthography (Wiktionary-derived inflection tables of Standard Finnish). Standard written Finnish is the national standard used throughout Finland; the paradigm does not encode a regional dialect. ""Finnish"" population, n=8, Lazaridis et al. 2014 (Human Origins), identical in the GeLaTo main panel (HumanOrigins_AutosomalSNP-92) and Zenodo Table S1; Glottocode finn1318 in all sources including GeneticInfoID. Curation note ""automatically assigned by Robert F"" (not manually curated). Individuals' first language is not recorded; Finland has a Swedish-speaking minority (~5%), so membership of the Finnish speech community is assumed from the population label. Coordinates 60.2 N, 24.9 E (Helsinki); single locality; country Finland. Present-day individuals (published 2014) vs contemporary standard paradigms: same synchronic period.","acceptance proposed by an agent review; awaiting human confirmation (confirmed_by + confirmed_date in gelato_review.yaml); n=8 individuals; single locality (Helsinki); language assignment automatic, individual L1 not recorded","Accepted as the single population linked to Standard Finnish morphology, with the caveats of a small single-locality sample and automatic (uncurated) language assignment.",gelato_review.yaml:fin-finnish
frm.V.orth.mgn,mgn_data:frm-v,sha256:dfcd1dd07ef48ed7,Middle French (ca. 1400-1600),frm,V,orth,frm,frm,,,,,,,,,,,,,,,,,,,,,,,,,,,,,,,,,,excluded,,,,,extinct/historical language: no living sampled community,
fro.V.orth.mgn,mgn_data:fro-v,sha256:c5781cbec98af327,Old French (842-ca. 1400),fro,V,orth,fro,fro,oldf1239,,,,,,,,,,,,,,,,,,,,,,,,,,,,,,,,,excluded,,,,,extinct/historical language: no living sampled community,
fur.V.orth.mgn,mgn_data:fur-v,sha256:27563b886b8b97d4,Friulian,fur,V,orth,fur,fur,friu1240,,,,,,,,,,,,,,,,,,,,,,,,,,,,,,,,,unmatched,,,,no GeLaTo population with this Glottocode or as GBI/TLI proxy,no population candidate in main_397 or expanded_558,
glg.V.orth.mgn,mgn_data:gal-v,sha256:74808541a1f8fc95,Galician,glg,V,orth,gal,glg,gali1258,Spanish_Galicia,expanded_558;main_397,HumanOrigins_AutosomalSNP-324,gali1258,Spanish_Galicia,gali1258,gali1258,gali1258,Spanish_Galicia,gali1258,5.0,5,5.0,42.5,-8.1,Spain,EURASIA,Galicia,LazaridisNature2014,correct by Chiara,,glottocodeBase,glottocodeBase,https://zenodo.org/records/15263706,12-30,GelatoHO_mergedSetMarchBEDnorelatives_pruned_autosomes_K{12..30}.Q,GeneticInfoID.csv rows with Population == 'Spanish_Galicia' (Q rows in GeneticInfoID Order),analyses/gelato_feasibility_2026_10_01/outputs/population_ancestry_K23_components.csv,population=Spanish_Galicia,analyses/gelato_feasibility_2026_10_01/outputs/population_ancestry_K12_K30_diagnostics.csv,population=Spanish_Galicia;K=12..30,main_397 Glottocode exact | Table S1 GeLaTo_Glottocode exact,candidate,,,,,exact Glottocode; variety/community/locality/period not yet reviewed,
gle.ADJ.orth.mgn,mgn_data:gle-adj,sha256:d96356db40cfaab3,Irish,gle,ADJ,orth,gle,gle,iris1253,Irish_Connacht,expanded_558;main_397,HumanOrigins_AutosomalSNP-137,conn1243,Irish_Connacht,conn1243,iris1253,iris1253,Irish_Connacht,conn1243,6.0,6,6.0,53.72,-8.49,Ireland,EURASIA,Connacht,LazaridisNature2016,checked by Damian,,"glottocodeUpstream, manually checked","glottocodeUpstream, manually checked",https://zenodo.org/records/15263706,12-30,GelatoHO_mergedSetMarchBEDnorelatives_pruned_autosomes_K{12..30}.Q,GeneticInfoID.csv rows with Population == 'Irish_Connacht' (Q rows in GeneticInfoID Order),analyses/gelato_feasibility_2026_10_01/outputs/population_ancestry_K23_components.csv,population=Irish_Connacht,,,Table S1 GBI/TLI proxy (base conn1243) | audit descendant_candidate: local Glottolog lookup Language_level_ID; community compatibility unverified | audit descendant_candidate: local Glottolog lookup Language_level_ID; community compatibility unverified,ambiguous,,,,,linked only through a proxy or descendant mapping; not the same language-level unit,
gle.ADJ.orth.mgn,mgn_data:gle-adj,sha256:d96356db40cfaab3,Irish,gle,ADJ,orth,gle,gle,iris1253,Irish_Cork_Kerry,expanded_558;main_397,HumanOrigins_AutosomalSNP-138,iris1253,Irish_Cork_Kerry,iris1253,iris1253,iris1253,Irish_Cork_Kerry,iris1253,6.0,6,6.0,51.84,-9.2,Ireland,EURASIA,West Cork/South Kerry,LazaridisNature2016,checked by Damian,,glottocodeBase,glottocodeBase,https://zenodo.org/records/15263706,12-30,GelatoHO_mergedSetMarchBEDnorelatives_pruned_autosomes_K{12..30}.Q,GeneticInfoID.csv rows with Population == 'Irish_Cork_Kerry' (Q rows in GeneticInfoID Order),analyses/gelato_feasibility_2026_10_01/outputs/population_ancestry_K23_components.csv,population=Irish_Cork_Kerry,analyses/gelato_feasibility_2026_10_01/outputs/population_ancestry_K12_K30_diagnostics.csv,population=Irish_Cork_Kerry;K=12..30,main_397 Glottocode exact | Table S1 GeLaTo_Glottocode exact,candidate,,,,,exact Glottocode; variety/community/locality/period not yet reviewed,
gle.ADJ.orth.mgn,mgn_data:gle-adj,sha256:d96356db40cfaab3,Irish,gle,ADJ,orth,gle,gle,iris1253,Irish_Leinster,expanded_558;main_397,HumanOrigins_AutosomalSNP-139,iris1253,Irish_Leinster,iris1253,iris1253,iris1253,Irish_Leinster,iris1253,6.0,6,6.0,53.09,-6.88,Ireland,EURASIA,Leinster,LazaridisNature2016,checked by Damian,,glottocodeBase,glottocodeBase,https://zenodo.org/records/15263706,12-30,GelatoHO_mergedSetMarchBEDnorelatives_pruned_autosomes_K{12..30}.Q,GeneticInfoID.csv rows with Population == 'Irish_Leinster' (Q rows in GeneticInfoID Order),analyses/gelato_feasibility_2026_10_01/outputs/population_ancestry_K23_components.csv,population=Irish_Leinster,analyses/gelato_feasibility_2026_10_01/outputs/population_ancestry_K12_K30_diagnostics.csv,population=Irish_Leinster;K=12..30,main_397 Glottocode exact | Table S1 GeLaTo_Glottocode exact,candidate,,,,,exact Glottocode; variety/community/locality/period not yet reviewed,
gle.ADJ.orth.mgn,mgn_data:gle-adj,sha256:d96356db40cfaab3,Irish,gle,ADJ,orth,gle,gle,iris1253,Irish_Munster,expanded_558;main_397,HumanOrigins_AutosomalSNP-140,muns1250,Irish_Munster,muns1250,iris1253,iris1253,Irish_Munster,muns1250,6.0,6,6.0,52.36,-8.49,Ireland,EURASIA,Munster,LazaridisNature2016,checked by Damian,,"glottocodeUpstream, manually checked","glottocodeUpstream, manually checked",https://zenodo.org/records/15263706,12-30,GelatoHO_mergedSetMarchBEDnorelatives_pruned_autosomes_K{12..30}.Q,GeneticInfoID.csv rows with Population == 'Irish_Munster' (Q rows in GeneticInfoID Order),analyses/gelato_feasibility_2026_10_01/outputs/population_ancestry_K23_components.csv,population=Irish_Munster,,,Table S1 GBI/TLI proxy (base muns1250) | audit descendant_candidate: local Glottolog lookup Language_level_ID; community compatibility unverified | audit descendant_candidate: local Glottolog lookup Language_level_ID; community compatibility unverified,ambiguous,,,,,linked only through a proxy or descendant mapping; not the same language-level unit,
gle.ADJ.orth.mgn,mgn_data:gle-adj,sha256:d96356db40cfaab3,Irish,gle,ADJ,orth,gle,gle,iris1253,Irish_Ulster,expanded_558;main_397,HumanOrigins_AutosomalSNP-141,done1238,Irish_Ulster,done1238,iris1253,iris1253,Irish_Ulster,done1238,6.0,6,6.0,54.71,-6.95,Ireland,EURASIA,Ulster,LazaridisNature2016,checked by Damian,,"glottocodeUpstream, manually checked","glottocodeUpstream, manually checked",https://zenodo.org/records/15263706,12-30,GelatoHO_mergedSetMarchBEDnorelatives_pruned_autosomes_K{12..30}.Q,GeneticInfoID.csv rows with Population == 'Irish_Ulster' (Q rows in GeneticInfoID Order),analyses/gelato_feasibility_2026_10_01/outputs/population_ancestry_K23_components.csv,population=Irish_Ulster,,,Table S1 GBI/TLI proxy (base done1238) | audit descendant_candidate: local Glottolog lookup Language_level_ID; community compatibility unverified | audit descendant_candidate: local Glottolog lookup Language_level_ID; community compatibility unverified,ambiguous,,,,,linked only through a proxy or descendant mapping; not the same language-level unit,
gle.N.orth.mgn,mgn_data:gle-n,sha256:30f85444135720b0,Irish,gle,N,orth,gle,gle,iris1253,Irish_Connacht,expanded_558;main_397,HumanOrigins_AutosomalSNP-137,conn1243,Irish_Connacht,conn1243,iris1253,iris1253,Irish_Connacht,conn1243,6.0,6,6.0,53.72,-8.49,Ireland,EURASIA,Connacht,LazaridisNature2016,checked by Damian,,"glottocodeUpstream, manually checked","glottocodeUpstream, manually checked",https://zenodo.org/records/15263706,12-30,GelatoHO_mergedSetMarchBEDnorelatives_pruned_autosomes_K{12..30}.Q,GeneticInfoID.csv rows with Population == 'Irish_Connacht' (Q rows in GeneticInfoID Order),analyses/gelato_feasibility_2026_10_01/outputs/population_ancestry_K23_components.csv,population=Irish_Connacht,,,Table S1 GBI/TLI proxy (base conn1243) | audit descendant_candidate: local Glottolog lookup Language_level_ID; community compatibility unverified | audit descendant_candidate: local Glottolog lookup Language_level_ID; community compatibility unverified,ambiguous,,,,,linked only through a proxy or descendant mapping; not the same language-level unit,
gle.N.orth.mgn,mgn_data:gle-n,sha256:30f85444135720b0,Irish,gle,N,orth,gle,gle,iris1253,Irish_Cork_Kerry,expanded_558;main_397,HumanOrigins_AutosomalSNP-138,iris1253,Irish_Cork_Kerry,iris1253,iris1253,iris1253,Irish_Cork_Kerry,iris1253,6.0,6,6.0,51.84,-9.2,Ireland,EURASIA,West Cork/South Kerry,LazaridisNature2016,checked by Damian,,glottocodeBase,glottocodeBase,https://zenodo.org/records/15263706,12-30,GelatoHO_mergedSetMarchBEDnorelatives_pruned_autosomes_K{12..30}.Q,GeneticInfoID.csv rows with Population == 'Irish_Cork_Kerry' (Q rows in GeneticInfoID Order),analyses/gelato_feasibility_2026_10_01/outputs/population_ancestry_K23_components.csv,population=Irish_Cork_Kerry,analyses/gelato_feasibility_2026_10_01/outputs/population_ancestry_K12_K30_diagnostics.csv,population=Irish_Cork_Kerry;K=12..30,main_397 Glottocode exact | Table S1 GeLaTo_Glottocode exact,candidate,,,,,exact Glottocode; variety/community/locality/period not yet reviewed,
gle.N.orth.mgn,mgn_data:gle-n,sha256:30f85444135720b0,Irish,gle,N,orth,gle,gle,iris1253,Irish_Leinster,expanded_558;main_397,HumanOrigins_AutosomalSNP-139,iris1253,Irish_Leinster,iris1253,iris1253,iris1253,Irish_Leinster,iris1253,6.0,6,6.0,53.09,-6.88,Ireland,EURASIA,Leinster,LazaridisNature2016,checked by Damian,,glottocodeBase,glottocodeBase,https://zenodo.org/records/15263706,12-30,GelatoHO_mergedSetMarchBEDnorelatives_pruned_autosomes_K{12..30}.Q,GeneticInfoID.csv rows with Population == 'Irish_Leinster' (Q rows in GeneticInfoID Order),analyses/gelato_feasibility_2026_10_01/outputs/population_ancestry_K23_components.csv,population=Irish_Leinster,analyses/gelato_feasibility_2026_10_01/outputs/population_ancestry_K12_K30_diagnostics.csv,population=Irish_Leinster;K=12..30,main_397 Glottocode exact | Table S1 GeLaTo_Glottocode exact,candidate,,,,,exact Glottocode; variety/community/locality/period not yet reviewed,
gle.N.orth.mgn,mgn_data:gle-n,sha256:30f85444135720b0,Irish,gle,N,orth,gle,gle,iris1253,Irish_Munster,expanded_558;main_397,HumanOrigins_AutosomalSNP-140,muns1250,Irish_Munster,muns1250,iris1253,iris1253,Irish_Munster,muns1250,6.0,6,6.0,52.36,-8.49,Ireland,EURASIA,Munster,LazaridisNature2016,checked by Damian,,"glottocodeUpstream, manually checked","glottocodeUpstream, manually checked",https://zenodo.org/records/15263706,12-30,GelatoHO_mergedSetMarchBEDnorelatives_pruned_autosomes_K{12..30}.Q,GeneticInfoID.csv rows with Population == 'Irish_Munster' (Q rows in GeneticInfoID Order),analyses/gelato_feasibility_2026_10_01/outputs/population_ancestry_K23_components.csv,population=Irish_Munster,,,Table S1 GBI/TLI proxy (base muns1250) | audit descendant_candidate: local Glottolog lookup Language_level_ID; community compatibility unverified | audit descendant_candidate: local Glottolog lookup Language_level_ID; community compatibility unverified,ambiguous,,,,,linked only through a proxy or descendant mapping; not the same language-level unit,
gle.N.orth.mgn,mgn_data:gle-n,sha256:30f85444135720b0,Irish,gle,N,orth,gle,gle,iris1253,Irish_Ulster,expanded_558;main_397,HumanOrigins_AutosomalSNP-141,done1238,Irish_Ulster,done1238,iris1253,iris1253,Irish_Ulster,done1238,6.0,6,6.0,54.71,-6.95,Ireland,EURASIA,Ulster,LazaridisNature2016,checked by Damian,,"glottocodeUpstream, manually checked","glottocodeUpstream, manually checked",https://zenodo.org/records/15263706,12-30,GelatoHO_mergedSetMarchBEDnorelatives_pruned_autosomes_K{12..30}.Q,GeneticInfoID.csv rows with Population == 'Irish_Ulster' (Q rows in GeneticInfoID Order),analyses/gelato_feasibility_2026_10_01/outputs/population_ancestry_K23_components.csv,population=Irish_Ulster,,,Table S1 GBI/TLI proxy (base done1238) | audit descendant_candidate: local Glottolog lookup Language_level_ID; community compatibility unverified | audit descendant_candidate: local Glottolog lookup Language_level_ID; community compatibility unverified,ambiguous,,,,,linked only through a proxy or descendant mapping; not the same language-level unit,
gle.V.orth.mgn,mgn_data:gle-v,sha256:eec09880e272d19e,Irish,gle,V,orth,gle,gle,iris1253,Irish_Connacht,expanded_558;main_397,HumanOrigins_AutosomalSNP-137,conn1243,Irish_Connacht,conn1243,iris1253,iris1253,Irish_Connacht,conn1243,6.0,6,6.0,53.72,-8.49,Ireland,EURASIA,Connacht,LazaridisNature2016,checked by Damian,,"glottocodeUpstream, manually checked","glottocodeUpstream, manually checked",https://zenodo.org/records/15263706,12-30,GelatoHO_mergedSetMarchBEDnorelatives_pruned_autosomes_K{12..30}.Q,GeneticInfoID.csv rows with Population == 'Irish_Connacht' (Q rows in GeneticInfoID Order),analyses/gelato_feasibility_2026_10_01/outputs/population_ancestry_K23_components.csv,population=Irish_Connacht,,,Table S1 GBI/TLI proxy (base conn1243) | audit descendant_candidate: local Glottolog lookup Language_level_ID; community compatibility unverified | audit descendant_candidate: local Glottolog lookup Language_level_ID; community compatibility unverified,ambiguous,,,,,linked only through a proxy or descendant mapping; not the same language-level unit,
gle.V.orth.mgn,mgn_data:gle-v,sha256:eec09880e272d19e,Irish,gle,V,orth,gle,gle,iris1253,Irish_Cork_Kerry,expanded_558;main_397,HumanOrigins_AutosomalSNP-138,iris1253,Irish_Cork_Kerry,iris1253,iris1253,iris1253,Irish_Cork_Kerry,iris1253,6.0,6,6.0,51.84,-9.2,Ireland,EURASIA,West Cork/South Kerry,LazaridisNature2016,checked by Damian,,glottocodeBase,glottocodeBase,https://zenodo.org/records/15263706,12-30,GelatoHO_mergedSetMarchBEDnorelatives_pruned_autosomes_K{12..30}.Q,GeneticInfoID.csv rows with Population == 'Irish_Cork_Kerry' (Q rows in GeneticInfoID Order),analyses/gelato_feasibility_2026_10_01/outputs/population_ancestry_K23_components.csv,population=Irish_Cork_Kerry,analyses/gelato_feasibility_2026_10_01/outputs/population_ancestry_K12_K30_diagnostics.csv,population=Irish_Cork_Kerry;K=12..30,main_397 Glottocode exact | Table S1 GeLaTo_Glottocode exact,candidate,,,,,exact Glottocode; variety/community/locality/period not yet reviewed,
gle.V.orth.mgn,mgn_data:gle-v,sha256:eec09880e272d19e,Irish,gle,V,orth,gle,gle,iris1253,Irish_Leinster,expanded_558;main_397,HumanOrigins_AutosomalSNP-139,iris1253,Irish_Leinster,iris1253,iris1253,iris1253,Irish_Leinster,iris1253,6.0,6,6.0,53.09,-6.88,Ireland,EURASIA,Leinster,LazaridisNature2016,checked by Damian,,glottocodeBase,glottocodeBase,https://zenodo.org/records/15263706,12-30,GelatoHO_mergedSetMarchBEDnorelatives_pruned_autosomes_K{12..30}.Q,GeneticInfoID.csv rows with Population == 'Irish_Leinster' (Q rows in GeneticInfoID Order),analyses/gelato_feasibility_2026_10_01/outputs/population_ancestry_K23_components.csv,population=Irish_Leinster,analyses/gelato_feasibility_2026_10_01/outputs/population_ancestry_K12_K30_diagnostics.csv,population=Irish_Leinster;K=12..30,main_397 Glottocode exact | Table S1 GeLaTo_Glottocode exact,candidate,,,,,exact Glottocode; variety/community/locality/period not yet reviewed,
gle.V.orth.mgn,mgn_data:gle-v,sha256:eec09880e272d19e,Irish,gle,V,orth,gle,gle,iris1253,Irish_Munster,expanded_558;main_397,HumanOrigins_AutosomalSNP-140,muns1250,Irish_Munster,muns1250,iris1253,iris1253,Irish_Munster,muns1250,6.0,6,6.0,52.36,-8.49,Ireland,EURASIA,Munster,LazaridisNature2016,checked by Damian,,"glottocodeUpstream, manually checked","glottocodeUpstream, manually checked",https://zenodo.org/records/15263706,12-30,GelatoHO_mergedSetMarchBEDnorelatives_pruned_autosomes_K{12..30}.Q,GeneticInfoID.csv rows with Population == 'Irish_Munster' (Q rows in GeneticInfoID Order),analyses/gelato_feasibility_2026_10_01/outputs/population_ancestry_K23_components.csv,population=Irish_Munster,,,Table S1 GBI/TLI proxy (base muns1250) | audit descendant_candidate: local Glottolog lookup Language_level_ID; community compatibility unverified | audit descendant_candidate: local Glottolog lookup Language_level_ID; community compatibility unverified,ambiguous,,,,,linked only through a proxy or descendant mapping; not the same language-level unit,
gle.V.orth.mgn,mgn_data:gle-v,sha256:eec09880e272d19e,Irish,gle,V,orth,gle,gle,iris1253,Irish_Ulster,expanded_558;main_397,HumanOrigins_AutosomalSNP-141,done1238,Irish_Ulster,done1238,iris1253,iris1253,Irish_Ulster,done1238,6.0,6,6.0,54.71,-6.95,Ireland,EURASIA,Ulster,LazaridisNature2016,checked by Damian,,"glottocodeUpstream, manually checked","glottocodeUpstream, manually checked",https://zenodo.org/records/15263706,12-30,GelatoHO_mergedSetMarchBEDnorelatives_pruned_autosomes_K{12..30}.Q,GeneticInfoID.csv rows with Population == 'Irish_Ulster' (Q rows in GeneticInfoID Order),analyses/gelato_feasibility_2026_10_01/outputs/population_ancestry_K23_components.csv,population=Irish_Ulster,,,Table S1 GBI/TLI proxy (base done1238) | audit descendant_candidate: local Glottolog lookup Language_level_ID; community compatibility unverified | audit descendant_candidate: local Glottolog lookup Language_level_ID; community compatibility unverified,ambiguous,,,,,linked only through a proxy or descendant mapping; not the same language-level unit,
grc.ADJ.orth.mgn,mgn_data:grc-adj,sha256:ee9547a4b0853549,Ancient Greek (to 1453),grc,ADJ,orth,grc,grc,anci1242,,,,,,,,,,,,,,,,,,,,,,,,,,,,,,,,,excluded,,,,,extinct/historical language: no living sampled community,
grc.N.orth.mgn,mgn_data:grc-n,sha256:1aa5745d13a3ebb6,Ancient Greek (to 1453),grc,N,orth,grc,grc,anci1242,,,,,,,,,,,,,,,,,,,,,,,,,,,,,,,,,excluded,,,,,extinct/historical language: no living sampled community,
hbs.ADJ.orth.mgn,mgn_data:hbs-adj,sha256:53a76ae9da11b7a1,Serbo-Croatian,hbs,ADJ,orth,hbs,hbs,sout1528,Croatian,expanded_558;main_397,HumanOrigins_AutosomalSNP-68,croa1245,Croatian,croa1245,sout1528,croa1245,Croatian,croa1245,10.0,10,10.0,43.513,16.446,Croatia,EURASIA,Split,LazaridisNature2014,correct by Chiara,,proxy sout1528 manually checked,glottocodeBase,https://zenodo.org/records/15263706,12-30,GelatoHO_mergedSetMarchBEDnorelatives_pruned_autosomes_K{12..30}.Q,GeneticInfoID.csv rows with Population == 'Croatian' (Q rows in GeneticInfoID Order),analyses/gelato_feasibility_2026_10_01/outputs/population_ancestry_K23_components.csv,population=Croatian,,,Table S1 GBI proxy (base croa1245) | audit descendant_candidate: local Glottolog lookup Language_level_ID; community compatibility unverified | audit descendant_candidate: local Glottolog lookup Language_level_ID; community compatibility unverified,ambiguous,,,,,linked only through a proxy or descendant mapping; not the same language-level unit,
hbs.N.orth.mgn,mgn_data:hbs-n,sha256:66f35f2b59b0ab9a,Serbo-Croatian,hbs,N,orth,hbs,hbs,sout1528,Croatian,expanded_558;main_397,HumanOrigins_AutosomalSNP-68,croa1245,Croatian,croa1245,sout1528,croa1245,Croatian,croa1245,10.0,10,10.0,43.513,16.446,Croatia,EURASIA,Split,LazaridisNature2014,correct by Chiara,,proxy sout1528 manually checked,glottocodeBase,https://zenodo.org/records/15263706,12-30,GelatoHO_mergedSetMarchBEDnorelatives_pruned_autosomes_K{12..30}.Q,GeneticInfoID.csv rows with Population == 'Croatian' (Q rows in GeneticInfoID Order),analyses/gelato_feasibility_2026_10_01/outputs/population_ancestry_K23_components.csv,population=Croatian,,,Table S1 GBI proxy (base croa1245) | audit descendant_candidate: local Glottolog lookup Language_level_ID; community compatibility unverified | audit descendant_candidate: local Glottolog lookup Language_level_ID; community compatibility unverified,ambiguous,,,,,linked only through a proxy or descendant mapping; not the same language-level unit,
hbs.V.orth.mgn,mgn_data:hbs-v,sha256:fc633435f8b5f2c3,Serbo-Croatian,hbs,V,orth,hbs,hbs,sout1528,Croatian,expanded_558;main_397,HumanOrigins_AutosomalSNP-68,croa1245,Croatian,croa1245,sout1528,croa1245,Croatian,croa1245,10.0,10,10.0,43.513,16.446,Croatia,EURASIA,Split,LazaridisNature2014,correct by Chiara,,proxy sout1528 manually checked,glottocodeBase,https://zenodo.org/records/15263706,12-30,GelatoHO_mergedSetMarchBEDnorelatives_pruned_autosomes_K{12..30}.Q,GeneticInfoID.csv rows with Population == 'Croatian' (Q rows in GeneticInfoID Order),analyses/gelato_feasibility_2026_10_01/outputs/population_ancestry_K23_components.csv,population=Croatian,,,Table S1 GBI proxy (base croa1245) | audit descendant_candidate: local Glottolog lookup Language_level_ID; community compatibility unverified | audit descendant_candidate: local Glottolog lookup Language_level_ID; community compatibility unverified,ambiguous,,,,,linked only through a proxy or descendant mapping; not the same language-level unit,
heb.N.orth.mgn,mgn_data:heb-n,sha256:c558d56c04849fcf,Hebrew,heb,N,orth,heb,heb,hebr1245,,,,,,,,,,,,,,,,,,,,,,,,,,,,,,,,,unmatched,,,,no GeLaTo population with this Glottocode or as GBI/TLI proxy,no population candidate in main_397 or expanded_558,
heb.V.orth.mgn,mgn_data:heb-v,sha256:70ccf7b4db57d0d2,Hebrew,heb,V,orth,heb,heb,hebr1245,,,,,,,,,,,,,,,,,,,,,,,,,,,,,,,,,unmatched,,,,no GeLaTo population with this Glottocode or as GBI/TLI proxy,no population candidate in main_397 or expanded_558,
hin.V.ipa_epitran.mgn,mgn_data:hin-v,sha256:b620d90ad2b40a47,Hindi,hin,V,ipa_epitran,hin,hin,hind1269,,,,,,,,,,,,,,,,,,,,,,,,,,,,,,,,,unmatched,,,,no GeLaTo population with this Glottocode or as GBI/TLI proxy,no population candidate in main_397 or expanded_558,
hye.ADJ.orth.mgn,mgn_data:hye-adj,sha256:84baa6ae2065021e,Armenian,hye,ADJ,orth,hye,hye,nucl1235,Armenian,expanded_558;main_397,HumanOrigins_AutosomalSNP-14,nucl1235,Armenian,nucl1235,nucl1235,nucl1235,Armenian,nucl1235,11.0,11,11.0,40.193561,44.545441,Armenia,EURASIA,Yerevan,LazaridisNature2014,automatically assigned by Robert F,,glottocodeBase,glottocodeBase,https://zenodo.org/records/15263706,12-30,GelatoHO_mergedSetMarchBEDnorelatives_pruned_autosomes_K{12..30}.Q,GeneticInfoID.csv rows with Population == 'Armenian' (Q rows in GeneticInfoID Order),analyses/gelato_feasibility_2026_10_01/outputs/population_ancestry_K23_components.csv,population=Armenian,analyses/gelato_feasibility_2026_10_01/outputs/population_ancestry_K12_K30_diagnostics.csv,population=Armenian;K=12..30,main_397 Glottocode exact | Table S1 GeLaTo_Glottocode exact,candidate,,,,,exact Glottocode; variety/community/locality/period not yet reviewed,
hye.ADJ.orth.mgn,mgn_data:hye-adj,sha256:84baa6ae2065021e,Armenian,hye,ADJ,orth,hye,hye,nucl1235,Armenian_WGA,expanded_558,,,Armenian_WGA,nucl1235,nucl1235,nucl1235,Armenian_WGA,nucl1235,3.0,,3.0,40.2,44.5,Armenia,,Yerevan,"Lazaridis, I., et al. (2014). Ancient human genomes suggest three ancestral populations for present-day Europeans. Nature, 513(7518), 409-413.",,,glottocodeBase,glottocodeBase,https://zenodo.org/records/15263706,12-30,GelatoHO_mergedSetMarchBEDnorelatives_pruned_autosomes_K{12..30}.Q,GeneticInfoID.csv rows with Population == 'Armenian_WGA' (Q rows in GeneticInfoID Order),analyses/gelato_feasibility_2026_10_01/outputs/population_ancestry_K23_components.csv,population=Armenian_WGA,analyses/gelato_feasibility_2026_10_01/outputs/population_ancestry_K12_K30_diagnostics.csv,population=Armenian_WGA;K=12..30,Table S1 GeLaTo_Glottocode exact,candidate,,,,small genetic sample (<5 individuals),exact Glottocode; variety/community/locality/period not yet reviewed,
hye.N.orth.mgn,mgn_data:hye-n,sha256:18e8a686e1aef3df,Armenian,hye,N,orth,hye,hye,nucl1235,Armenian,expanded_558;main_397,HumanOrigins_AutosomalSNP-14,nucl1235,Armenian,nucl1235,nucl1235,nucl1235,Armenian,nucl1235,11.0,11,11.0,40.193561,44.545441,Armenia,EURASIA,Yerevan,LazaridisNature2014,automatically assigned by Robert F,,glottocodeBase,glottocodeBase,https://zenodo.org/records/15263706,12-30,GelatoHO_mergedSetMarchBEDnorelatives_pruned_autosomes_K{12..30}.Q,GeneticInfoID.csv rows with Population == 'Armenian' (Q rows in GeneticInfoID Order),analyses/gelato_feasibility_2026_10_01/outputs/population_ancestry_K23_components.csv,population=Armenian,analyses/gelato_feasibility_2026_10_01/outputs/population_ancestry_K12_K30_diagnostics.csv,population=Armenian;K=12..30,main_397 Glottocode exact | Table S1 GeLaTo_Glottocode exact,candidate,,,,,exact Glottocode; variety/community/locality/period not yet reviewed,
hye.N.orth.mgn,mgn_data:hye-n,sha256:18e8a686e1aef3df,Armenian,hye,N,orth,hye,hye,nucl1235,Armenian_WGA,expanded_558,,,Armenian_WGA,nucl1235,nucl1235,nucl1235,Armenian_WGA,nucl1235,3.0,,3.0,40.2,44.5,Armenia,,Yerevan,"Lazaridis, I., et al. (2014). Ancient human genomes suggest three ancestral populations for present-day Europeans. Nature, 513(7518), 409-413.",,,glottocodeBase,glottocodeBase,https://zenodo.org/records/15263706,12-30,GelatoHO_mergedSetMarchBEDnorelatives_pruned_autosomes_K{12..30}.Q,GeneticInfoID.csv rows with Population == 'Armenian_WGA' (Q rows in GeneticInfoID Order),analyses/gelato_feasibility_2026_10_01/outputs/population_ancestry_K23_components.csv,population=Armenian_WGA,analyses/gelato_feasibility_2026_10_01/outputs/population_ancestry_K12_K30_diagnostics.csv,population=Armenian_WGA;K=12..30,Table S1 GeLaTo_Glottocode exact,candidate,,,,small genetic sample (<5 individuals),exact Glottocode; variety/community/locality/period not yet reviewed,
hye.V.orth.mgn,mgn_data:hye-v,sha256:5635ea9007abac38,Armenian,hye,V,orth,hye,hye,nucl1235,Armenian,expanded_558;main_397,HumanOrigins_AutosomalSNP-14,nucl1235,Armenian,nucl1235,nucl1235,nucl1235,Armenian,nucl1235,11.0,11,11.0,40.193561,44.545441,Armenia,EURASIA,Yerevan,LazaridisNature2014,automatically assigned by Robert F,,glottocodeBase,glottocodeBase,https://zenodo.org/records/15263706,12-30,GelatoHO_mergedSetMarchBEDnorelatives_pruned_autosomes_K{12..30}.Q,GeneticInfoID.csv rows with Population == 'Armenian' (Q rows in GeneticInfoID Order),analyses/gelato_feasibility_2026_10_01/outputs/population_ancestry_K23_components.csv,population=Armenian,analyses/gelato_feasibility_2026_10_01/outputs/population_ancestry_K12_K30_diagnostics.csv,population=Armenian;K=12..30,main_397 Glottocode exact | Table S1 GeLaTo_Glottocode exact,candidate,,,,,exact Glottocode; variety/community/locality/period not yet reviewed,
hye.V.orth.mgn,mgn_data:hye-v,sha256:5635ea9007abac38,Armenian,hye,V,orth,hye,hye,nucl1235,Armenian_WGA,expanded_558,,,Armenian_WGA,nucl1235,nucl1235,nucl1235,Armenian_WGA,nucl1235,3.0,,3.0,40.2,44.5,Armenia,,Yerevan,"Lazaridis, I., et al. (2014). Ancient human genomes suggest three ancestral populations for present-day Europeans. Nature, 513(7518), 409-413.",,,glottocodeBase,glottocodeBase,https://zenodo.org/records/15263706,12-30,GelatoHO_mergedSetMarchBEDnorelatives_pruned_autosomes_K{12..30}.Q,GeneticInfoID.csv rows with Population == 'Armenian_WGA' (Q rows in GeneticInfoID Order),analyses/gelato_feasibility_2026_10_01/outputs/population_ancestry_K23_components.csv,population=Armenian_WGA,analyses/gelato_feasibility_2026_10_01/outputs/population_ancestry_K12_K30_diagnostics.csv,population=Armenian_WGA;K=12..30,Table S1 GeLaTo_Glottocode exact,candidate,,,,small genetic sample (<5 individuals),exact Glottocode; variety/community/locality/period not yet reviewed,
isl.N.orth.mgn,mgn_data:isl-n,sha256:c09307cbab65ca1d,Icelandic,isl,N,orth,isl,isl,icel1247,Icelandic,expanded_558;main_397,HumanOrigins_AutosomalSNP-128,icel1247,Icelandic,icel1247,icel1247,icel1247,Icelandic,icel1247,12.0,12,12.0,64.133333,-21.933333,Iceland,EURASIA,..,LazaridisNature2014,automatically assigned by Robert F,,glottocodeBase,glottocodeBase,https://zenodo.org/records/15263706,12-30,GelatoHO_mergedSetMarchBEDnorelatives_pruned_autosomes_K{12..30}.Q,GeneticInfoID.csv rows with Population == 'Icelandic' (Q rows in GeneticInfoID Order),analyses/gelato_feasibility_2026_10_01/outputs/population_ancestry_K23_components.csv,population=Icelandic,analyses/gelato_feasibility_2026_10_01/outputs/population_ancestry_K12_K30_diagnostics.csv,population=Icelandic;K=12..30,main_397 Glottocode exact | Table S1 GeLaTo_Glottocode exact,candidate,,,,,exact Glottocode; variety/community/locality/period not yet reviewed,
isl.V.orth.mgn,mgn_data:isl-v,sha256:25ae59875886026e,Icelandic,isl,V,orth,isl,isl,icel1247,Icelandic,expanded_558;main_397,HumanOrigins_AutosomalSNP-128,icel1247,Icelandic,icel1247,icel1247,icel1247,Icelandic,icel1247,12.0,12,12.0,64.133333,-21.933333,Iceland,EURASIA,..,LazaridisNature2014,automatically assigned by Robert F,,glottocodeBase,glottocodeBase,https://zenodo.org/records/15263706,12-30,GelatoHO_mergedSetMarchBEDnorelatives_pruned_autosomes_K{12..30}.Q,GeneticInfoID.csv rows with Population == 'Icelandic' (Q rows in GeneticInfoID Order),analyses/gelato_feasibility_2026_10_01/outputs/population_ancestry_K23_components.csv,population=Icelandic,analyses/gelato_feasibility_2026_10_01/outputs/population_ancestry_K12_K30_diagnostics.csv,population=Icelandic;K=12..30,main_397 Glottocode exact | Table S1 GeLaTo_Glottocode exact,candidate,,,,,exact Glottocode; variety/community/locality/period not yet reviewed,
kan.N.orth.mgn,mgn_data:kan-n,sha256:76409bdccf14eade,Kannada,kan,N,orth,kan,kan,nucl1305,,,,,,,,,,,,,,,,,,,,,,,,,,,,,,,,,unmatched,,,,no GeLaTo population with this Glottocode or as GBI/TLI proxy,no population candidate in main_397 or expanded_558,
kat.N.orth.mgn,mgn_data:kat-n,sha256:9fd3497ccb41155f,Georgian,kat,N,orth,kat,kat,nucl1302,Georgian,expanded_558;main_397,HumanOrigins_AutosomalSNP-101,nucl1302,Georgian,nucl1302,nucl1302,nucl1302,Georgian,nucl1302,12.0,12,12.0,42.5,41.85,Georgia,EURASIA,Zugdidi_in_Megrelia,LazaridisNature2014,automatically assigned by Robert F,,glottocodeBase,glottocodeBase,https://zenodo.org/records/15263706,12-30,GelatoHO_mergedSetMarchBEDnorelatives_pruned_autosomes_K{12..30}.Q,GeneticInfoID.csv rows with Population == 'Georgian' (Q rows in GeneticInfoID Order),analyses/gelato_feasibility_2026_10_01/outputs/population_ancestry_K23_components.csv,population=Georgian,analyses/gelato_feasibility_2026_10_01/outputs/population_ancestry_K12_K30_diagnostics.csv,population=Georgian;K=12..30,main_397 Glottocode exact | Table S1 GeLaTo_Glottocode exact,candidate,,,,,exact Glottocode; variety/community/locality/period not yet reviewed,
kat.N.orth.mgn,mgn_data:kat-n,sha256:9fd3497ccb41155f,Georgian,kat,N,orth,kat,kat,nucl1302,Georgian_Imeretins,expanded_558;main_397,HumanOrigins_AutosomalSNP-102,imer1248,Georgian_Imeretins,imer1248,nucl1302,nucl1302,Georgian_Imeretins,imer1248,6.0,6,6.0,42.25,42.7,Georgia,EURASIA,Georgia,Jeong_2019,automatically assigned by Robert F,,manually checked,proxy nucl1302 manually checked,https://zenodo.org/records/15263706,12-30,GelatoHO_mergedSetMarchBEDnorelatives_pruned_autosomes_K{12..30}.Q,GeneticInfoID.csv rows with Population == 'Georgian_Imeretins' (Q rows in GeneticInfoID Order),analyses/gelato_feasibility_2026_10_01/outputs/population_ancestry_K23_components.csv,population=Georgian_Imeretins,,,Table S1 GBI/TLI proxy (base imer1248) | audit descendant_candidate: local Glottolog lookup Language_level_ID; community compatibility unverified | audit descendant_candidate: local Glottolog lookup Language_level_ID; community compatibility unverified,ambiguous,,,,,linked only through a proxy or descendant mapping; not the same language-level unit,
kbd.N.orth.mgn,mgn_data:kbd-n,sha256:84199cd0c8e36343,Kabardian,kbd,N,orth,kbd,kbd,kaba1278,Kabardinian,expanded_558;main_397,HumanOrigins_AutosomalSNP-156,kaba1278,Kabardinian,kaba1278,kaba1278,kaba1278,Kabardinian,kaba1278,10.0,10,10.0,43.41,43.32,Russia,EURASIA,"Ingushetia Republic, Baksansky district",Jeong_2019,automatically assigned by Robert F,,glottocodeBase,glottocodeBase,https://zenodo.org/records/15263706,12-30,GelatoHO_mergedSetMarchBEDnorelatives_pruned_autosomes_K{12..30}.Q,GeneticInfoID.csv rows with Population == 'Kabardinian' (Q rows in GeneticInfoID Order),analyses/gelato_feasibility_2026_10_01/outputs/population_ancestry_K23_components.csv,population=Kabardinian,analyses/gelato_feasibility_2026_10_01/outputs/population_ancestry_K12_K30_diagnostics.csv,population=Kabardinian;K=12..30,main_397 Glottocode exact | Table S1 GeLaTo_Glottocode exact,candidate,,,,,exact Glottocode; variety/community/locality/period not yet reviewed,
klr.V.orth.mgn,mgn_data:klr-v,sha256:d3939e3e433501ef,Khaling,klr,V,orth,klr,klr,khal1275,,,,,,,,,,,,,,,,,,,,,,,,,,,,,,,,,unmatched,,,,no GeLaTo population with this Glottocode or as GBI/TLI proxy,no population candidate in main_397 or expanded_558,
kmr.N.ipa_epitran.mgn,mgn_data:kmr-n,sha256:3fd8a29d0cb29b53,Northern Kurdish,kmr,N,ipa_epitran,kmr,kmr,nort2641,Ezid,expanded_558;main_397,HumanOrigins_AutosomalSNP-91,nort2641,Ezid,nort2641,NA,nort2641,Ezid,nort2641,7.0,7,7.0,36.9,46.6,Armenia,EURASIA,Armavir and Aragatsotn regions,Jeong_2019,"assigned by Chiara, checked by Harald",,"no match, manually checked",glottocodeBase,https://zenodo.org/records/15263706,12-30,GelatoHO_mergedSetMarchBEDnorelatives_pruned_autosomes_K{12..30}.Q,GeneticInfoID.csv rows with Population == 'Ezid' (Q rows in GeneticInfoID Order),analyses/gelato_feasibility_2026_10_01/outputs/population_ancestry_K23_components.csv,population=Ezid,analyses/gelato_feasibility_2026_10_01/outputs/population_ancestry_K12_K30_diagnostics.csv,population=Ezid;K=12..30,main_397 Glottocode exact | Table S1 GeLaTo_Glottocode exact,candidate,,,,,exact Glottocode; variety/community/locality/period not yet reviewed,
kmr.N.ipa_epitran.mgn,mgn_data:kmr-n,sha256:3fd8a29d0cb29b53,Northern Kurdish,kmr,N,ipa_epitran,kmr,kmr,nort2641,Kurd,expanded_558;main_397,HumanOrigins_AutosomalSNP-190,nort2641,Kurd,nort2641,NA,nort2641,Kurd,nort2641,9.0,9,9.0,44.58,39.42,Russia,EURASIA,"Adyghei Republic, Krasnogvardiysky district",Jeong_2019,correct by Harald,,"no match, manually checked",glottocodeBase,https://zenodo.org/records/15263706,12-30,GelatoHO_mergedSetMarchBEDnorelatives_pruned_autosomes_K{12..30}.Q,GeneticInfoID.csv rows with Population == 'Kurd' (Q rows in GeneticInfoID Order),analyses/gelato_feasibility_2026_10_01/outputs/population_ancestry_K23_components.csv,population=Kurd,analyses/gelato_feasibility_2026_10_01/outputs/population_ancestry_K12_K30_diagnostics.csv,population=Kurd;K=12..30,main_397 Glottocode exact | Table S1 GeLaTo_Glottocode exact,candidate,,,,,exact Glottocode; variety/community/locality/period not yet reviewed,
kmr.N.ipa_epitran.mgn,mgn_data:kmr-n,sha256:3fd8a29d0cb29b53,Northern Kurdish,kmr,N,ipa_epitran,kmr,kmr,nort2641,Kurd_WGA,expanded_558,,,Kurd_WGA,nort2641,NA,nort2641,Kurd_WGA,nort2641,2.0,,2.0,40.7,44.3,Armenia,,Alagyaz,"Lazaridis, I., et al. (2014). Ancient human genomes suggest three ancestral populations for present-day Europeans. Nature, 513(7518), 409-413.",,,"no match, manually checked",glottocodeBase,https://zenodo.org/records/15263706,12-30,GelatoHO_mergedSetMarchBEDnorelatives_pruned_autosomes_K{12..30}.Q,GeneticInfoID.csv rows with Population == 'Kurd_WGA' (Q rows in GeneticInfoID Order),analyses/gelato_feasibility_2026_10_01/outputs/population_ancestry_K23_components.csv,population=Kurd_WGA,analyses/gelato_feasibility_2026_10_01/outputs/population_ancestry_K12_K30_diagnostics.csv,population=Kurd_WGA;K=12..30,Table S1 GeLaTo_Glottocode exact,candidate,,,,small genetic sample (<5 individuals),exact Glottocode; variety/community/locality/period not yet reviewed,
kmr.V.ipa_epitran.mgn,mgn_data:kmr-v,sha256:95d73e0e82d9736e,Northern Kurdish,kmr,V,ipa_epitran,kmr,kmr,nort2641,Ezid,expanded_558;main_397,HumanOrigins_AutosomalSNP-91,nort2641,Ezid,nort2641,NA,nort2641,Ezid,nort2641,7.0,7,7.0,36.9,46.6,Armenia,EURASIA,Armavir and Aragatsotn regions,Jeong_2019,"assigned by Chiara, checked by Harald",,"no match, manually checked",glottocodeBase,https://zenodo.org/records/15263706,12-30,GelatoHO_mergedSetMarchBEDnorelatives_pruned_autosomes_K{12..30}.Q,GeneticInfoID.csv rows with Population == 'Ezid' (Q rows in GeneticInfoID Order),analyses/gelato_feasibility_2026_10_01/outputs/population_ancestry_K23_components.csv,population=Ezid,analyses/gelato_feasibility_2026_10_01/outputs/population_ancestry_K12_K30_diagnostics.csv,population=Ezid;K=12..30,main_397 Glottocode exact | Table S1 GeLaTo_Glottocode exact,candidate,,,,,exact Glottocode; variety/community/locality/period not yet reviewed,
kmr.V.ipa_epitran.mgn,mgn_data:kmr-v,sha256:95d73e0e82d9736e,Northern Kurdish,kmr,V,ipa_epitran,kmr,kmr,nort2641,Kurd,expanded_558;main_397,HumanOrigins_AutosomalSNP-190,nort2641,Kurd,nort2641,NA,nort2641,Kurd,nort2641,9.0,9,9.0,44.58,39.42,Russia,EURASIA,"Adyghei Republic, Krasnogvardiysky district",Jeong_2019,correct by Harald,,"no match, manually checked",glottocodeBase,https://zenodo.org/records/15263706,12-30,GelatoHO_mergedSetMarchBEDnorelatives_pruned_autosomes_K{12..30}.Q,GeneticInfoID.csv rows with Population == 'Kurd' (Q rows in GeneticInfoID Order),analyses/gelato_feasibility_2026_10_01/outputs/population_ancestry_K23_components.csv,population=Kurd,analyses/gelato_feasibility_2026_10_01/outputs/population_ancestry_K12_K30_diagnostics.csv,population=Kurd;K=12..30,main_397 Glottocode exact | Table S1 GeLaTo_Glottocode exact,candidate,,,,,exact Glottocode; variety/community/locality/period not yet reviewed,
kmr.V.ipa_epitran.mgn,mgn_data:kmr-v,sha256:95d73e0e82d9736e,Northern Kurdish,kmr,V,ipa_epitran,kmr,kmr,nort2641,Kurd_WGA,expanded_558,,,Kurd_WGA,nort2641,NA,nort2641,Kurd_WGA,nort2641,2.0,,2.0,40.7,44.3,Armenia,,Alagyaz,"Lazaridis, I., et al. (2014). Ancient human genomes suggest three ancestral populations for present-day Europeans. Nature, 513(7518), 409-413.",,,"no match, manually checked",glottocodeBase,https://zenodo.org/records/15263706,12-30,GelatoHO_mergedSetMarchBEDnorelatives_pruned_autosomes_K{12..30}.Q,GeneticInfoID.csv rows with Population == 'Kurd_WGA' (Q rows in GeneticInfoID Order),analyses/gelato_feasibility_2026_10_01/outputs/population_ancestry_K23_components.csv,population=Kurd_WGA,analyses/gelato_feasibility_2026_10_01/outputs/population_ancestry_K12_K30_diagnostics.csv,population=Kurd_WGA;K=12..30,Table S1 GeLaTo_Glottocode exact,candidate,,,,small genetic sample (<5 individuals),exact Glottocode; variety/community/locality/period not yet reviewed,
lit.ADJ.orth.mgn,mgn_data:lit-adj,sha256:e6f6a34d732885c4,Lithuanian,lit,ADJ,orth,lit,lit,lith1251,Lithuanian,expanded_558;main_397,HumanOrigins_AutosomalSNP-202,lith1251,Lithuanian,lith1251,lith1251,lith1251,Lithuanian,lith1251,10.0,10,10.0,54.901882,23.917236,Lithuania,EURASIA,Kaunas,LazaridisNature2014,automatically assigned by Robert F,,glottocodeBase,glottocodeBase,https://zenodo.org/records/15263706,12-30,GelatoHO_mergedSetMarchBEDnorelatives_pruned_autosomes_K{12..30}.Q,GeneticInfoID.csv rows with Population == 'Lithuanian' (Q rows in GeneticInfoID Order),analyses/gelato_feasibility_2026_10_01/outputs/population_ancestry_K23_components.csv,population=Lithuanian,analyses/gelato_feasibility_2026_10_01/outputs/population_ancestry_K12_K30_diagnostics.csv,population=Lithuanian;K=12..30,main_397 Glottocode exact | Table S1 GeLaTo_Glottocode exact,candidate,,,,,exact Glottocode; variety/community/locality/period not yet reviewed,
lit.N.orth.mgn,mgn_data:lit-n,sha256:b18c7143c3d5f56f,Lithuanian,lit,N,orth,lit,lit,lith1251,Lithuanian,expanded_558;main_397,HumanOrigins_AutosomalSNP-202,lith1251,Lithuanian,lith1251,lith1251,lith1251,Lithuanian,lith1251,10.0,10,10.0,54.901882,23.917236,Lithuania,EURASIA,Kaunas,LazaridisNature2014,automatically assigned by Robert F,,glottocodeBase,glottocodeBase,https://zenodo.org/records/15263706,12-30,GelatoHO_mergedSetMarchBEDnorelatives_pruned_autosomes_K{12..30}.Q,GeneticInfoID.csv rows with Population == 'Lithuanian' (Q rows in GeneticInfoID Order),analyses/gelato_feasibility_2026_10_01/outputs/population_ancestry_K23_components.csv,population=Lithuanian,analyses/gelato_feasibility_2026_10_01/outputs/population_ancestry_K12_K30_diagnostics.csv,population=Lithuanian;K=12..30,main_397 Glottocode exact | Table S1 GeLaTo_Glottocode exact,candidate,,,,,exact Glottocode; variety/community/locality/period not yet reviewed,
lit.V.orth.mgn,mgn_data:lit-v,sha256:7ce6e6bfe1303220,Lithuanian,lit,V,orth,lit,lit,lith1251,Lithuanian,expanded_558;main_397,HumanOrigins_AutosomalSNP-202,lith1251,Lithuanian,lith1251,lith1251,lith1251,Lithuanian,lith1251,10.0,10,10.0,54.901882,23.917236,Lithuania,EURASIA,Kaunas,LazaridisNature2014,automatically assigned by Robert F,,glottocodeBase,glottocodeBase,https://zenodo.org/records/15263706,12-30,GelatoHO_mergedSetMarchBEDnorelatives_pruned_autosomes_K{12..30}.Q,GeneticInfoID.csv rows with Population == 'Lithuanian' (Q rows in GeneticInfoID Order),analyses/gelato_feasibility_2026_10_01/outputs/population_ancestry_K23_components.csv,population=Lithuanian,analyses/gelato_feasibility_2026_10_01/outputs/population_ancestry_K12_K30_diagnostics.csv,population=Lithuanian;K=12..30,main_397 Glottocode exact | Table S1 GeLaTo_Glottocode exact,candidate,,,,,exact Glottocode; variety/community/locality/period not yet reviewed,
liv.N.orth.mgn,mgn_data:liv-n,sha256:99ec50d5f74e7b27,Liv,liv,N,orth,liv,liv,livv1244,,,,,,,,,,,,,,,,,,,,,,,,,,,,,,,,,excluded,,,,,extinct/historical language: no living sampled community,
lld.V.orth.mgn,mgn_data:lld-v,sha256:d4908f7e7e3815eb,Ladin,lld,V,orth,lld,lld,ladi1250,,,,,,,,,,,,,,,,,,,,,,,,,,,,,,,,,unmatched,,,,no GeLaTo population with this Glottocode or as GBI/TLI proxy,no population candidate in main_397 or expanded_558,
mkd.ADJ.orth.mgn,mgn_data:mkd-adj,sha256:a443bedd1e3b6758,Macedonian,mkd,ADJ,orth,mkd,mkd,mace1250,,,,,,,,,,,,,,,,,,,,,,,,,,,,,,,,,unmatched,,,,no GeLaTo population with this Glottocode or as GBI/TLI proxy,no population candidate in main_397 or expanded_558,
mkd.N.orth.mgn,mgn_data:mkd-n,sha256:4c7118cabbb2a647,Macedonian,mkd,N,orth,mkd,mkd,mace1250,,,,,,,,,,,,,,,,,,,,,,,,,,,,,,,,,unmatched,,,,no GeLaTo population with this Glottocode or as GBI/TLI proxy,no population candidate in main_397 or expanded_558,
mkd.V.orth.mgn,mgn_data:mkd-v,sha256:569e570d97dc6f9c,Macedonian,mkd,V,orth,mkd,mkd,mace1250,,,,,,,,,,,,,,,,,,,,,,,,,,,,,,,,,unmatched,,,,no GeLaTo population with this Glottocode or as GBI/TLI proxy,no population candidate in main_397 or expanded_558,
mlt.V.orth.mgn,mgn_data:mlt-v,sha256:c4f2345079c97d8b,Maltese,mlt,V,orth,mlt,mlt,malt1254,Maltese,expanded_558;main_397,HumanOrigins_AutosomalSNP-214,malt1254,Maltese,malt1254,malt1254,malt1254,Maltese,malt1254,8.0,8,8.0,35.94,14.38,Malta,EURASIA,La_Valetta,LazaridisNature2014,automatically assigned by Robert F,,glottocodeBase,glottocodeBase,https://zenodo.org/records/15263706,12-30,GelatoHO_mergedSetMarchBEDnorelatives_pruned_autosomes_K{12..30}.Q,GeneticInfoID.csv rows with Population == 'Maltese' (Q rows in GeneticInfoID Order),analyses/gelato_feasibility_2026_10_01/outputs/population_ancestry_K23_components.csv,population=Maltese,,,main_397 Glottocode exact | Table S1 GeLaTo_Glottocode exact,candidate,,,,,exact Glottocode; variety/community/locality/period not yet reviewed,
nld.ADJ.ipa_epitran.mgn,mgn_data:nld-adj,sha256:b22bc8cbd96e413b,Dutch,nld,ADJ,ipa_epitran,nld,nld,dutc1256,,,,,,,,,,,,,,,,,,,,,,,,,,,,,,,,,unmatched,,,,no GeLaTo population with this Glottocode or as GBI/TLI proxy,no population candidate in main_397 or expanded_558,
nld.V.ipa_epitran.mgn,mgn_data:nld-v,sha256:3d9bab5d0704af60,Dutch,nld,V,ipa_epitran,nld,nld,dutc1256,,,,,,,,,,,,,,,,,,,,,,,,,,,,,,,,,unmatched,,,,no GeLaTo population with this Glottocode or as GBI/TLI proxy,no population candidate in main_397 or expanded_558,
nor-bokmal.ADJ.orth.mgn,mgn_data:nob-adj,sha256:4befd1c34724cb25,Norwegian,nor-bokmal,ADJ,orth,nob,nor,norw1258,Norwegian,expanded_558;main_397,HumanOrigins_AutosomalSNP-261,norw1258,Norwegian,norw1258,NA,norw1258,Norwegian,norw1258,11.0,11,11.0,60.359,5.358,Norway,EURASIA,Bergen,LazaridisNature2014,correct by Chiara,,"no match, manually checked",glottocodeBase,https://zenodo.org/records/15263706,12-30,GelatoHO_mergedSetMarchBEDnorelatives_pruned_autosomes_K{12..30}.Q,GeneticInfoID.csv rows with Population == 'Norwegian' (Q rows in GeneticInfoID Order),analyses/gelato_feasibility_2026_10_01/outputs/population_ancestry_K23_components.csv,population=Norwegian,analyses/gelato_feasibility_2026_10_01/outputs/population_ancestry_K12_K30_diagnostics.csv,population=Norwegian;K=12..30,main_397 Glottocode exact | Table S1 GeLaTo_Glottocode exact,candidate,,,,,exact Glottocode; variety/community/locality/period not yet reviewed,
nor-bokmal.N.orth.mgn,mgn_data:nob-n,sha256:9ebcddb7d556c13a,Norwegian,nor-bokmal,N,orth,nob,nor,norw1258,Norwegian,expanded_558;main_397,HumanOrigins_AutosomalSNP-261,norw1258,Norwegian,norw1258,NA,norw1258,Norwegian,norw1258,11.0,11,11.0,60.359,5.358,Norway,EURASIA,Bergen,LazaridisNature2014,correct by Chiara,,"no match, manually checked",glottocodeBase,https://zenodo.org/records/15263706,12-30,GelatoHO_mergedSetMarchBEDnorelatives_pruned_autosomes_K{12..30}.Q,GeneticInfoID.csv rows with Population == 'Norwegian' (Q rows in GeneticInfoID Order),analyses/gelato_feasibility_2026_10_01/outputs/population_ancestry_K23_components.csv,population=Norwegian,analyses/gelato_feasibility_2026_10_01/outputs/population_ancestry_K12_K30_diagnostics.csv,population=Norwegian;K=12..30,main_397 Glottocode exact | Table S1 GeLaTo_Glottocode exact,candidate,,,,,exact Glottocode; variety/community/locality/period not yet reviewed,
nor-bokmal.V.orth.mgn,mgn_data:nob-v,sha256:341118e2df39466f,Norwegian,nor-bokmal,V,orth,nob,nor,norw1258,Norwegian,expanded_558;main_397,HumanOrigins_AutosomalSNP-261,norw1258,Norwegian,norw1258,NA,norw1258,Norwegian,norw1258,11.0,11,11.0,60.359,5.358,Norway,EURASIA,Bergen,LazaridisNature2014,correct by Chiara,,"no match, manually checked",glottocodeBase,https://zenodo.org/records/15263706,12-30,GelatoHO_mergedSetMarchBEDnorelatives_pruned_autosomes_K{12..30}.Q,GeneticInfoID.csv rows with Population == 'Norwegian' (Q rows in GeneticInfoID Order),analyses/gelato_feasibility_2026_10_01/outputs/population_ancestry_K23_components.csv,population=Norwegian,analyses/gelato_feasibility_2026_10_01/outputs/population_ancestry_K12_K30_diagnostics.csv,population=Norwegian;K=12..30,main_397 Glottocode exact | Table S1 GeLaTo_Glottocode exact,candidate,,,,,exact Glottocode; variety/community/locality/period not yet reviewed,
oci.V.orth.mgn,mgn_data:oci-v,sha256:92f7976d658c0de4,Occitan (post 1500),oci,V,orth,oci,oci,occi1239,,,,,,,,,,,,,,,,,,,,,,,,,,,,,,,,,unmatched,,,,no GeLaTo population with this Glottocode or as GBI/TLI proxy,no population candidate in main_397 or expanded_558,
osx.ADJ.orth.mgn,mgn_data:osx-adj,sha256:c91294479cf3a9d5,Old Saxon,osx,ADJ,orth,osx,osx,olds1250,,,,,,,,,,,,,,,,,,,,,,,,,,,,,,,,,excluded,,,,,extinct/historical language: no living sampled community,
osx.N.orth.mgn,mgn_data:osx-n,sha256:36de39234227568e,Old Saxon,osx,N,orth,osx,osx,olds1250,,,,,,,,,,,,,,,,,,,,,,,,,,,,,,,,,excluded,,,,,extinct/historical language: no living sampled community,
osx.V.orth.mgn,mgn_data:osx-v,sha256:cc6f7eaf8d5e9dcb,Old Saxon,osx,V,orth,osx,osx,olds1250,,,,,,,,,,,,,,,,,,,,,,,,,,,,,,,,,excluded,,,,,extinct/historical language: no living sampled community,
pol.ADJ.ipa_epitran.mgn,mgn_data:pol-adj,sha256:bfca9a00cb64ab18,Polish,pol,ADJ,ipa_epitran,pol,pol,poli1260,Polish_Lublin,expanded_558;main_397,HumanOrigins_AutosomalSNP-276,poli1260,Polish_Lublin,poli1260,poli1260,poli1260,Polish_Lublin,poli1260,8.0,8,8.0,51.25,22.566667,Poland,EURASIA,"Lublin, Lubelskie",LazaridisNature2016,checked by Chiara,,glottocodeBase,glottocodeBase,https://zenodo.org/records/15263706,12-30,GelatoHO_mergedSetMarchBEDnorelatives_pruned_autosomes_K{12..30}.Q,GeneticInfoID.csv rows with Population == 'Polish_Lublin' (Q rows in GeneticInfoID Order),analyses/gelato_feasibility_2026_10_01/outputs/population_ancestry_K23_components.csv,population=Polish_Lublin,analyses/gelato_feasibility_2026_10_01/outputs/population_ancestry_K12_K30_diagnostics.csv,population=Polish_Lublin;K=12..30,main_397 Glottocode exact | Table S1 GeLaTo_Glottocode exact,candidate,,,,,exact Glottocode; variety/community/locality/period not yet reviewed,
pol.ADJ.ipa_epitran.mgn,mgn_data:pol-adj,sha256:bfca9a00cb64ab18,Polish,pol,ADJ,ipa_epitran,pol,pol,poli1260,Polish_Poznan,expanded_558;main_397,HumanOrigins_AutosomalSNP-277,poli1260,Polish_Poznan,poli1260,poli1260,poli1260,Polish_Poznan,poli1260,15.0,15,15.0,52.24,16.92,Poland,EURASIA,"Poznan, Wielkopolskie",LazaridisNature2016,checked by Chiara,,glottocodeBase,glottocodeBase,https://zenodo.org/records/15263706,12-30,GelatoHO_mergedSetMarchBEDnorelatives_pruned_autosomes_K{12..30}.Q,GeneticInfoID.csv rows with Population == 'Polish_Poznan' (Q rows in GeneticInfoID Order),analyses/gelato_feasibility_2026_10_01/outputs/population_ancestry_K23_components.csv,population=Polish_Poznan,analyses/gelato_feasibility_2026_10_01/outputs/population_ancestry_K12_K30_diagnostics.csv,population=Polish_Poznan;K=12..30,main_397 Glottocode exact | Table S1 GeLaTo_Glottocode exact,candidate,,,,,exact Glottocode; variety/community/locality/period not yet reviewed,
pol.N.ipa_epitran.mgn,mgn_data:pol-n,sha256:0f957a0131c12da6,Polish,pol,N,ipa_epitran,pol,pol,poli1260,Polish_Lublin,expanded_558;main_397,HumanOrigins_AutosomalSNP-276,poli1260,Polish_Lublin,poli1260,poli1260,poli1260,Polish_Lublin,poli1260,8.0,8,8.0,51.25,22.566667,Poland,EURASIA,"Lublin, Lubelskie",LazaridisNature2016,checked by Chiara,,glottocodeBase,glottocodeBase,https://zenodo.org/records/15263706,12-30,GelatoHO_mergedSetMarchBEDnorelatives_pruned_autosomes_K{12..30}.Q,GeneticInfoID.csv rows with Population == 'Polish_Lublin' (Q rows in GeneticInfoID Order),analyses/gelato_feasibility_2026_10_01/outputs/population_ancestry_K23_components.csv,population=Polish_Lublin,analyses/gelato_feasibility_2026_10_01/outputs/population_ancestry_K12_K30_diagnostics.csv,population=Polish_Lublin;K=12..30,main_397 Glottocode exact | Table S1 GeLaTo_Glottocode exact,candidate,,,,,exact Glottocode; variety/community/locality/period not yet reviewed,
pol.N.ipa_epitran.mgn,mgn_data:pol-n,sha256:0f957a0131c12da6,Polish,pol,N,ipa_epitran,pol,pol,poli1260,Polish_Poznan,expanded_558;main_397,HumanOrigins_AutosomalSNP-277,poli1260,Polish_Poznan,poli1260,poli1260,poli1260,Polish_Poznan,poli1260,15.0,15,15.0,52.24,16.92,Poland,EURASIA,"Poznan, Wielkopolskie",LazaridisNature2016,checked by Chiara,,glottocodeBase,glottocodeBase,https://zenodo.org/records/15263706,12-30,GelatoHO_mergedSetMarchBEDnorelatives_pruned_autosomes_K{12..30}.Q,GeneticInfoID.csv rows with Population == 'Polish_Poznan' (Q rows in GeneticInfoID Order),analyses/gelato_feasibility_2026_10_01/outputs/population_ancestry_K23_components.csv,population=Polish_Poznan,analyses/gelato_feasibility_2026_10_01/outputs/population_ancestry_K12_K30_diagnostics.csv,population=Polish_Poznan;K=12..30,main_397 Glottocode exact | Table S1 GeLaTo_Glottocode exact,candidate,,,,,exact Glottocode; variety/community/locality/period not yet reviewed,
pbt.N.orth.mgn,mgn_data:pus-n,sha256:25e66a7258f909d6,Southern Pashto,pbt,N,orth,pus,pbt,sout2649,Pathan,expanded_558;main_397,HumanOrigins_AutosomalSNP-272,pash1269,Pathan,pash1269,sout2649,nort2646,Pathan,pash1269,24.0,24,24.0,33.487006,70.5,Pakistan,EURASIA,..,PattersonGenetics2012,general check ok,,"proxy sout2649 manually checked, could be geographically too removed from the sampling location","proxies cent1973 and nort2646 manually checked, nort2646 is closer to sampling location and chosen where available",https://zenodo.org/records/15263706,12-30,GelatoHO_mergedSetMarchBEDnorelatives_pruned_autosomes_K{12..30}.Q,GeneticInfoID.csv rows with Population == 'Pathan' (Q rows in GeneticInfoID Order),analyses/gelato_feasibility_2026_10_01/outputs/population_ancestry_K23_components.csv,population=Pathan,,,Table S1 GBI proxy (base pash1269),ambiguous,,,,,linked only through a proxy or descendant mapping; not the same language-level unit,
ron.ADJ.ipa_epitran.mgn,mgn_data:ron-adj,sha256:00b90491da51b32a,Romanian,ron,ADJ,ipa_epitran,ron,ron,roma1327,Moldavian,expanded_558;main_397,HumanOrigins_AutosomalSNP-233,mold1248,Moldavian,mold1248,NA,roma1327,Moldavian,mold1248,10.0,10,10.0,46.38,29.87,Moldova,EURASIA,"Shtefan-Vodsky district, Kaplani",Jeong_2019,automatically assigned by Robert F,,"no match, manually checked","glottocodeUpstream, manually checked",https://zenodo.org/records/15263706,12-30,GelatoHO_mergedSetMarchBEDnorelatives_pruned_autosomes_K{12..30}.Q,GeneticInfoID.csv rows with Population == 'Moldavian' (Q rows in GeneticInfoID Order),analyses/gelato_feasibility_2026_10_01/outputs/population_ancestry_K23_components.csv,population=Moldavian,,,Table S1 TLI proxy (base mold1248) | audit descendant_candidate: local Glottolog lookup Language_level_ID; community compatibility unverified | audit descendant_candidate: local Glottolog lookup Language_level_ID; community compatibility unverified,ambiguous,,,,,linked only through a proxy or descendant mapping; not the same language-level unit,
ron.ADJ.ipa_epitran.mgn,mgn_data:ron-adj,sha256:00b90491da51b32a,Romanian,ron,ADJ,ipa_epitran,ron,ron,roma1327,Romanian,expanded_558;main_397,HumanOrigins_AutosomalSNP-282,roma1327,Romanian,roma1327,NA,roma1327,Romanian,roma1327,10.0,10,10.0,46.502222,22.950277,Romania,EURASIA,"Apuseni mountains, Horea village",LazaridisNature2016,checked by Chiara,,"no match, manually checked",glottocodeBase,https://zenodo.org/records/15263706,12-30,GelatoHO_mergedSetMarchBEDnorelatives_pruned_autosomes_K{12..30}.Q,GeneticInfoID.csv rows with Population == 'Romanian' (Q rows in GeneticInfoID Order),analyses/gelato_feasibility_2026_10_01/outputs/population_ancestry_K23_components.csv,population=Romanian,analyses/gelato_feasibility_2026_10_01/outputs/population_ancestry_K12_K30_diagnostics.csv,population=Romanian;K=12..30,main_397 Glottocode exact | Table S1 GeLaTo_Glottocode exact,candidate,,,,,exact Glottocode; variety/community/locality/period not yet reviewed,
ron.N.ipa_epitran.mgn,mgn_data:ron-n,sha256:b9a9509d8b3cab18,Romanian,ron,N,ipa_epitran,ron,ron,roma1327,Moldavian,expanded_558;main_397,HumanOrigins_AutosomalSNP-233,mold1248,Moldavian,mold1248,NA,roma1327,Moldavian,mold1248,10.0,10,10.0,46.38,29.87,Moldova,EURASIA,"Shtefan-Vodsky district, Kaplani",Jeong_2019,automatically assigned by Robert F,,"no match, manually checked","glottocodeUpstream, manually checked",https://zenodo.org/records/15263706,12-30,GelatoHO_mergedSetMarchBEDnorelatives_pruned_autosomes_K{12..30}.Q,GeneticInfoID.csv rows with Population == 'Moldavian' (Q rows in GeneticInfoID Order),analyses/gelato_feasibility_2026_10_01/outputs/population_ancestry_K23_components.csv,population=Moldavian,,,Table S1 TLI proxy (base mold1248) | audit descendant_candidate: local Glottolog lookup Language_level_ID; community compatibility unverified | audit descendant_candidate: local Glottolog lookup Language_level_ID; community compatibility unverified,ambiguous,,,,,linked only through a proxy or descendant mapping; not the same language-level unit,
ron.N.ipa_epitran.mgn,mgn_data:ron-n,sha256:b9a9509d8b3cab18,Romanian,ron,N,ipa_epitran,ron,ron,roma1327,Romanian,expanded_558;main_397,HumanOrigins_AutosomalSNP-282,roma1327,Romanian,roma1327,NA,roma1327,Romanian,roma1327,10.0,10,10.0,46.502222,22.950277,Romania,EURASIA,"Apuseni mountains, Horea village",LazaridisNature2016,checked by Chiara,,"no match, manually checked",glottocodeBase,https://zenodo.org/records/15263706,12-30,GelatoHO_mergedSetMarchBEDnorelatives_pruned_autosomes_K{12..30}.Q,GeneticInfoID.csv rows with Population == 'Romanian' (Q rows in GeneticInfoID Order),analyses/gelato_feasibility_2026_10_01/outputs/population_ancestry_K23_components.csv,population=Romanian,analyses/gelato_feasibility_2026_10_01/outputs/population_ancestry_K12_K30_diagnostics.csv,population=Romanian;K=12..30,main_397 Glottocode exact | Table S1 GeLaTo_Glottocode exact,candidate,,,,,exact Glottocode; variety/community/locality/period not yet reviewed,
ron.V.ipa_epitran.mgn,mgn_data:ron-v,sha256:12bd3a61a2249f14,Romanian,ron,V,ipa_epitran,ron,ron,roma1327,Moldavian,expanded_558;main_397,HumanOrigins_AutosomalSNP-233,mold1248,Moldavian,mold1248,NA,roma1327,Moldavian,mold1248,10.0,10,10.0,46.38,29.87,Moldova,EURASIA,"Shtefan-Vodsky district, Kaplani",Jeong_2019,automatically assigned by Robert F,,"no match, manually checked","glottocodeUpstream, manually checked",https://zenodo.org/records/15263706,12-30,GelatoHO_mergedSetMarchBEDnorelatives_pruned_autosomes_K{12..30}.Q,GeneticInfoID.csv rows with Population == 'Moldavian' (Q rows in GeneticInfoID Order),analyses/gelato_feasibility_2026_10_01/outputs/population_ancestry_K23_components.csv,population=Moldavian,,,Table S1 TLI proxy (base mold1248) | audit descendant_candidate: local Glottolog lookup Language_level_ID; community compatibility unverified | audit descendant_candidate: local Glottolog lookup Language_level_ID; community compatibility unverified,ambiguous,,,,,linked only through a proxy or descendant mapping; not the same language-level unit,
ron.V.ipa_epitran.mgn,mgn_data:ron-v,sha256:12bd3a61a2249f14,Romanian,ron,V,ipa_epitran,ron,ron,roma1327,Romanian,expanded_558;main_397,HumanOrigins_AutosomalSNP-282,roma1327,Romanian,roma1327,NA,roma1327,Romanian,roma1327,10.0,10,10.0,46.502222,22.950277,Romania,EURASIA,"Apuseni mountains, Horea village",LazaridisNature2016,checked by Chiara,,"no match, manually checked",glottocodeBase,https://zenodo.org/records/15263706,12-30,GelatoHO_mergedSetMarchBEDnorelatives_pruned_autosomes_K{12..30}.Q,GeneticInfoID.csv rows with Population == 'Romanian' (Q rows in GeneticInfoID Order),analyses/gelato_feasibility_2026_10_01/outputs/population_ancestry_K23_components.csv,population=Romanian,analyses/gelato_feasibility_2026_10_01/outputs/population_ancestry_K12_K30_diagnostics.csv,population=Romanian;K=12..30,main_397 Glottocode exact | Table S1 GeLaTo_Glottocode exact,candidate,,,,,exact Glottocode; variety/community/locality/period not yet reviewed,
san.ADJ.orth.mgn,mgn_data:san-adj,sha256:6d9d5b1b6b817f32,Sanskrit,san,ADJ,orth,san,san,sans1269,,,,,,,,,,,,,,,,,,,,,,,,,,,,,,,,,excluded,,,,,extinct/historical language: no living sampled community,
san.N.orth.mgn,mgn_data:san-n,sha256:1a7a767d5fba425d,Sanskrit,san,N,orth,san,san,sans1269,,,,,,,,,,,,,,,,,,,,,,,,,,,,,,,,,excluded,,,,,extinct/historical language: no living sampled community,
slv.ADJ.orth.mgn,mgn_data:slv-adj,sha256:88c4f65571ac6273,Slovenian,slv,ADJ,orth,slv,slv,slov1268,,,,,,,,,,,,,,,,,,,,,,,,,,,,,,,,,unmatched,,,,no GeLaTo population with this Glottocode or as GBI/TLI proxy,no population candidate in main_397 or expanded_558,
slv.N.orth.mgn,mgn_data:slv-n,sha256:4a5d326479864f56,Slovenian,slv,N,orth,slv,slv,slov1268,,,,,,,,,,,,,,,,,,,,,,,,,,,,,,,,,unmatched,,,,no GeLaTo population with this Glottocode or as GBI/TLI proxy,no population candidate in main_397 or expanded_558,
slv.V.orth.mgn,mgn_data:slv-v,sha256:1604412418ae9402,Slovenian,slv,V,orth,slv,slv,slov1268,,,,,,,,,,,,,,,,,,,,,,,,,,,,,,,,,unmatched,,,,no GeLaTo population with this Glottocode or as GBI/TLI proxy,no population candidate in main_397 or expanded_558,
sme.ADJ.orth.mgn,mgn_data:sme-adj,sha256:d0e2a9706b649e76,Northern Sami,sme,ADJ,orth,sme,sme,nort2671,Saami,expanded_558,,,Saami,nort2671,nort2671,nort2671,Saami,inar1241,3.0,,3.0,68.383893,23.632454,Finland,,Enontekiö,"Lazaridis, I., et al. (2014). Ancient human genomes suggest three ancestral populations for present-day Europeans. Nature, 513(7518), 409-413.",,,glottocodeBase,glottocodeBase,https://zenodo.org/records/15263706,12-30,GelatoHO_mergedSetMarchBEDnorelatives_pruned_autosomes_K{12..30}.Q,GeneticInfoID.csv rows with Population == 'Saami' (Q rows in GeneticInfoID Order),analyses/gelato_feasibility_2026_10_01/outputs/population_ancestry_K23_components.csv,population=Saami,analyses/gelato_feasibility_2026_10_01/outputs/population_ancestry_K12_K30_diagnostics.csv,population=Saami;K=12..30,Table S1 GeLaTo_Glottocode exact,candidate,,,,small genetic sample (<5 individuals),exact Glottocode; variety/community/locality/period not yet reviewed,
sme.N.orth.mgn,mgn_data:sme-n,sha256:6ae3fb0bc2855b48,Northern Sami,sme,N,orth,sme,sme,nort2671,Saami,expanded_558,,,Saami,nort2671,nort2671,nort2671,Saami,inar1241,3.0,,3.0,68.383893,23.632454,Finland,,Enontekiö,"Lazaridis, I., et al. (2014). Ancient human genomes suggest three ancestral populations for present-day Europeans. Nature, 513(7518), 409-413.",,,glottocodeBase,glottocodeBase,https://zenodo.org/records/15263706,12-30,GelatoHO_mergedSetMarchBEDnorelatives_pruned_autosomes_K{12..30}.Q,GeneticInfoID.csv rows with Population == 'Saami' (Q rows in GeneticInfoID Order),analyses/gelato_feasibility_2026_10_01/outputs/population_ancestry_K23_components.csv,population=Saami,analyses/gelato_feasibility_2026_10_01/outputs/population_ancestry_K12_K30_diagnostics.csv,population=Saami;K=12..30,Table S1 GeLaTo_Glottocode exact,candidate,,,,small genetic sample (<5 individuals),exact Glottocode; variety/community/locality/period not yet reviewed,
sme.V.orth.mgn,mgn_data:sme-v,sha256:b319f352491e2e46,Northern Sami,sme,V,orth,sme,sme,nort2671,Saami,expanded_558,,,Saami,nort2671,nort2671,nort2671,Saami,inar1241,3.0,,3.0,68.383893,23.632454,Finland,,Enontekiö,"Lazaridis, I., et al. (2014). Ancient human genomes suggest three ancestral populations for present-day Europeans. Nature, 513(7518), 409-413.",,,glottocodeBase,glottocodeBase,https://zenodo.org/records/15263706,12-30,GelatoHO_mergedSetMarchBEDnorelatives_pruned_autosomes_K{12..30}.Q,GeneticInfoID.csv rows with Population == 'Saami' (Q rows in GeneticInfoID Order),analyses/gelato_feasibility_2026_10_01/outputs/population_ancestry_K23_components.csv,population=Saami,analyses/gelato_feasibility_2026_10_01/outputs/population_ancestry_K12_K30_diagnostics.csv,population=Saami;K=12..30,Table S1 GeLaTo_Glottocode exact,candidate,,,,small genetic sample (<5 individuals),exact Glottocode; variety/community/locality/period not yet reviewed,
spa.V.ipa_epitran.mgn,mgn_data:spa-v,sha256:3d186d40124081d8,Spanish,spa,V,ipa_epitran,spa,spa,stan1288,Canary_Islander,expanded_558,,,Canary_Islander,cana1258,NA,stan1288,Canary_Islander,cana1258,2.0,,2.0,28.1,-15.4,Spain,,Canary_Islands,"Lazaridis, I., et al. (2014). Ancient human genomes suggest three ancestral populations for present-day Europeans. Nature, 513(7518), 409-413.",,,"no match, manually checked","glottocodeUpstream, manually checked",https://zenodo.org/records/15263706,12-30,GelatoHO_mergedSetMarchBEDnorelatives_pruned_autosomes_K{12..30}.Q,GeneticInfoID.csv rows with Population == 'Canary_Islander' (Q rows in GeneticInfoID Order),analyses/gelato_feasibility_2026_10_01/outputs/population_ancestry_K23_components.csv,population=Canary_Islander,,,Table S1 TLI proxy (base cana1258) | audit descendant_candidate: local Glottolog lookup Language_level_ID; community compatibility unverified,ambiguous,,,,small genetic sample (<5 individuals),linked only through a proxy or descendant mapping; not the same language-level unit,
spa.V.ipa_epitran.mgn,mgn_data:spa-v,sha256:3d186d40124081d8,Spanish,spa,V,ipa_epitran,spa,spa,stan1288,Spanish_Andalucia,expanded_558,,,Spanish_Andalucia,anda1279,NA,stan1288,Spanish_Andalucia,anda1279,4.0,,4.0,37.4,-6,Spain,,Andalucia,"Lazaridis, I., et al. (2014). Ancient human genomes suggest three ancestral populations for present-day Europeans. Nature, 513(7518), 409-413.",,,"no match, manually checked","glottocodeUpstream, manually checked",https://zenodo.org/records/15263706,12-30,GelatoHO_mergedSetMarchBEDnorelatives_pruned_autosomes_K{12..30}.Q,GeneticInfoID.csv rows with Population == 'Spanish_Andalucia' (Q rows in GeneticInfoID Order),analyses/gelato_feasibility_2026_10_01/outputs/population_ancestry_K23_components.csv,population=Spanish_Andalucia,,,Table S1 TLI proxy (base anda1279) | audit descendant_candidate: local Glottolog lookup Language_level_ID; community compatibility unverified,ambiguous,,,,small genetic sample (<5 individuals),linked only through a proxy or descendant mapping; not the same language-level unit,
spa.V.ipa_epitran.mgn,mgn_data:spa-v,sha256:3d186d40124081d8,Spanish,spa,V,ipa_epitran,spa,spa,stan1288,Spanish_Balearic,expanded_558,,,Spanish_Balearic,stan1288,NA,stan1288,Spanish_Balearic,stan1288,4.0,,4.0,39.5,3,Spain,,Belearic_Islands,"Lazaridis, I., et al. (2014). Ancient human genomes suggest three ancestral populations for present-day Europeans. Nature, 513(7518), 409-413.",,,"no match, manually checked",glottocodeBase,https://zenodo.org/records/15263706,12-30,GelatoHO_mergedSetMarchBEDnorelatives_pruned_autosomes_K{12..30}.Q,GeneticInfoID.csv rows with Population == 'Spanish_Balearic' (Q rows in GeneticInfoID Order),analyses/gelato_feasibility_2026_10_01/outputs/population_ancestry_K23_components.csv,population=Spanish_Balearic,analyses/gelato_feasibility_2026_10_01/outputs/population_ancestry_K12_K30_diagnostics.csv,population=Spanish_Balearic;K=12..30,Table S1 GeLaTo_Glottocode exact,candidate,,,,small genetic sample (<5 individuals),exact Glottocode; variety/community/locality/period not yet reviewed,
spa.V.ipa_epitran.mgn,mgn_data:spa-v,sha256:3d186d40124081d8,Spanish,spa,V,ipa_epitran,spa,spa,stan1288,Spanish_CastillaLaMancha,expanded_558;main_397,HumanOrigins_AutosomalSNP-320,cast1244,Spanish_CastillaLaMancha,cast1244,NA,stan1288,Spanish_CastillaLaMancha,cast1244,5.0,5,5.0,39.9,-4,Spain,EURASIA,Castilla_la_Mancha,LazaridisNature2014,correct by Harald,,"no match, manually checked","glottocodeUpstream, manually checked",https://zenodo.org/records/15263706,12-30,GelatoHO_mergedSetMarchBEDnorelatives_pruned_autosomes_K{12..30}.Q,GeneticInfoID.csv rows with Population == 'Spanish_CastillaLaMancha' (Q rows in GeneticInfoID Order),analyses/gelato_feasibility_2026_10_01/outputs/population_ancestry_K23_components.csv,population=Spanish_CastillaLaMancha,,,Table S1 TLI proxy (base cast1244) | audit descendant_candidate: local Glottolog lookup Language_level_ID; community compatibility unverified | audit descendant_candidate: local Glottolog lookup Language_level_ID; community compatibility unverified,ambiguous,,,,,linked only through a proxy or descendant mapping; not the same language-level unit,
spa.V.ipa_epitran.mgn,mgn_data:spa-v,sha256:3d186d40124081d8,Spanish,spa,V,ipa_epitran,spa,spa,stan1288,Spanish_CastillaLeon,expanded_558;main_397,HumanOrigins_AutosomalSNP-321,cast1244,Spanish_CastillaLeon,cast1244,NA,stan1288,Spanish_CastillaLeon,cast1244,5.0,5,5.0,41.4,-4.5,Spain,EURASIA,Castilla_y_Leon,LazaridisNature2014,correct by Harald,,"no match, manually checked","glottocodeUpstream, manually checked",https://zenodo.org/records/15263706,12-30,GelatoHO_mergedSetMarchBEDnorelatives_pruned_autosomes_K{12..30}.Q,GeneticInfoID.csv rows with Population == 'Spanish_CastillaLeon' (Q rows in GeneticInfoID Order),analyses/gelato_feasibility_2026_10_01/outputs/population_ancestry_K23_components.csv,population=Spanish_CastillaLeon,,,Table S1 TLI proxy (base cast1244) | audit descendant_candidate: local Glottolog lookup Language_level_ID; community compatibility unverified | audit descendant_candidate: local Glottolog lookup Language_level_ID; community compatibility unverified,ambiguous,,,,,linked only through a proxy or descendant mapping; not the same language-level unit,
spa.V.ipa_epitran.mgn,mgn_data:spa-v,sha256:3d186d40124081d8,Spanish,spa,V,ipa_epitran,spa,spa,stan1288,Spanish_Extremadura,expanded_558;main_397,HumanOrigins_AutosomalSNP-323,extr1243,Spanish_Extremadura,extr1243,NA,stan1288,Spanish_Extremadura,extr1243,5.0,5,5.0,39,-6,Spain,EURASIA,Extremadura,LazaridisNature2014,correct by Harald,,"no match, manually checked",proxy stan1288 manually checked,https://zenodo.org/records/15263706,12-30,GelatoHO_mergedSetMarchBEDnorelatives_pruned_autosomes_K{12..30}.Q,GeneticInfoID.csv rows with Population == 'Spanish_Extremadura' (Q rows in GeneticInfoID Order),analyses/gelato_feasibility_2026_10_01/outputs/population_ancestry_K23_components.csv,population=Spanish_Extremadura,,,Table S1 TLI proxy (base extr1243),ambiguous,,,,,linked only through a proxy or descendant mapping; not the same language-level unit,
spa.V.ipa_epitran.mgn,mgn_data:spa-v,sha256:3d186d40124081d8,Spanish,spa,V,ipa_epitran,spa,spa,stan1288,Spanish_Murcia,expanded_558;main_397,HumanOrigins_AutosomalSNP-325,murc1238,Spanish_Murcia,murc1238,NA,stan1288,Spanish_Murcia,murc1238,5.0,5,5.0,38,-1.1,Spain,EURASIA,Murcia,LazaridisNature2014,correct by Harald,,"no match, manually checked","glottocodeUpstream, manually checked",https://zenodo.org/records/15263706,12-30,GelatoHO_mergedSetMarchBEDnorelatives_pruned_autosomes_K{12..30}.Q,GeneticInfoID.csv rows with Population == 'Spanish_Murcia' (Q rows in GeneticInfoID Order),analyses/gelato_feasibility_2026_10_01/outputs/population_ancestry_K23_components.csv,population=Spanish_Murcia,,,Table S1 TLI proxy (base murc1238) | audit descendant_candidate: local Glottolog lookup Language_level_ID; community compatibility unverified | audit descendant_candidate: local Glottolog lookup Language_level_ID; community compatibility unverified,ambiguous,,,,,linked only through a proxy or descendant mapping; not the same language-level unit,
als.N.orth.mgn,mgn_data:sqi-n,sha256:013c32001badeaac,Tosk Albanian,als,N,orth,sqi,als,tosk1239,Albanian,expanded_558;main_397,HumanOrigins_AutosomalSNP-5,alba1267,Albanian,alba1267,gheg1238,tosk1239,Albanian,alba1267,6.0,6,6.0,41.33,19.83,Albania,EURASIA,Tirana,LazaridisNature2014,correct by Chiara,,"proxy gehg1238 manually checked, note: genetic sample from Tirana (Gheg)","proxy tosk1239 manually checked, genetic sample from Tirana (Gheg), but tosk1239 used",https://zenodo.org/records/15263706,12-30,GelatoHO_mergedSetMarchBEDnorelatives_pruned_autosomes_K{12..30}.Q,GeneticInfoID.csv rows with Population == 'Albanian' (Q rows in GeneticInfoID Order),analyses/gelato_feasibility_2026_10_01/outputs/population_ancestry_K23_components.csv,population=Albanian,,,Table S1 TLI proxy (base alba1267),ambiguous,,,,,linked only through a proxy or descendant mapping; not the same language-level unit,
als.V.orth.mgn,mgn_data:sqi-v,sha256:23b1e45495695060,Tosk Albanian,als,V,orth,sqi,als,tosk1239,Albanian,expanded_558;main_397,HumanOrigins_AutosomalSNP-5,alba1267,Albanian,alba1267,gheg1238,tosk1239,Albanian,alba1267,6.0,6,6.0,41.33,19.83,Albania,EURASIA,Tirana,LazaridisNature2014,correct by Chiara,,"proxy gehg1238 manually checked, note: genetic sample from Tirana (Gheg)","proxy tosk1239 manually checked, genetic sample from Tirana (Gheg), but tosk1239 used",https://zenodo.org/records/15263706,12-30,GelatoHO_mergedSetMarchBEDnorelatives_pruned_autosomes_K{12..30}.Q,GeneticInfoID.csv rows with Population == 'Albanian' (Q rows in GeneticInfoID Order),analyses/gelato_feasibility_2026_10_01/outputs/population_ancestry_K23_components.csv,population=Albanian,,,Table S1 TLI proxy (base alba1267),ambiguous,,,,,linked only through a proxy or descendant mapping; not the same language-level unit,
swe.ADJ.ipa_epitran.mgn,mgn_data:swe-adj,sha256:c1d5a6eeceab6ced,Swedish,swe,ADJ,ipa_epitran,swe,swe,swed1254,,,,,,,,,,,,,,,,,,,,,,,,,,,,,,,,,unmatched,,,,no GeLaTo population with this Glottocode or as GBI/TLI proxy,no population candidate in main_397 or expanded_558,
swe.N.ipa_epitran.mgn,mgn_data:swe-n,sha256:e8921bb215f5cd26,Swedish,swe,N,ipa_epitran,swe,swe,swed1254,,,,,,,,,,,,,,,,,,,,,,,,,,,,,,,,,unmatched,,,,no GeLaTo population with this Glottocode or as GBI/TLI proxy,no population candidate in main_397 or expanded_558,
swe.V.ipa_epitran.mgn,mgn_data:swe-v,sha256:281925ca16633430,Swedish,swe,V,ipa_epitran,swe,swe,swed1254,,,,,,,,,,,,,,,,,,,,,,,,,,,,,,,,,unmatched,,,,no GeLaTo population with this Glottocode or as GBI/TLI proxy,no population candidate in main_397 or expanded_558,
syc.N.orth.mgn,mgn_data:syc-n,sha256:b07399cfd45f3a81,Classical Syriac,syc,N,orth,syc,syc,clas1252,,,,,,,,,,,,,,,,,,,,,,,,,,,,,,,,,excluded,,,,,extinct/historical language: no living sampled community,
tat.N.orth.mgn,mgn_data:tat-n,sha256:5b21e6ebcae8f40e,Tatar,tat,N,orth,tat,tat,tata1255,Tatar_Kazan,expanded_558;main_397,HumanOrigins_AutosomalSNP-340,tata1255,Tatar_Kazan,tata1255,tata1255,tata1255,Tatar_Kazan,tata1255,13.0,13,13.0,55.23,52.58,Russia,EURASIA,"Tatarstan Republic, Arsk, Atnya, Aktanish, Mamadish and Sarmanovo districts",Jeong_2019,automatically assigned by Robert F,,glottocodeBase,glottocodeBase,https://zenodo.org/records/15263706,12-30,GelatoHO_mergedSetMarchBEDnorelatives_pruned_autosomes_K{12..30}.Q,GeneticInfoID.csv rows with Population == 'Tatar_Kazan' (Q rows in GeneticInfoID Order),analyses/gelato_feasibility_2026_10_01/outputs/population_ancestry_K23_components.csv,population=Tatar_Kazan,analyses/gelato_feasibility_2026_10_01/outputs/population_ancestry_K12_K30_diagnostics.csv,population=Tatar_Kazan;K=12..30,main_397 Glottocode exact | Table S1 GeLaTo_Glottocode exact,candidate,,,,,exact Glottocode; variety/community/locality/period not yet reviewed,
tat.N.orth.mgn,mgn_data:tat-n,sha256:5b21e6ebcae8f40e,Tatar,tat,N,orth,tat,tat,tata1255,Tatar_Mishar,expanded_558;main_397,HumanOrigins_AutosomalSNP-341,tata1255,Tatar_Mishar,tata1255,tata1255,tata1255,Tatar_Mishar,tata1255,9.0,9,9.0,55,48.5,Russia,EURASIA,"Tatarstan Republic, Drozhzhanovsky and Alekseevski districts",Jeong_2019,automatically assigned by Robert F,,glottocodeBase,glottocodeBase,https://zenodo.org/records/15263706,12-30,GelatoHO_mergedSetMarchBEDnorelatives_pruned_autosomes_K{12..30}.Q,GeneticInfoID.csv rows with Population == 'Tatar_Mishar' (Q rows in GeneticInfoID Order),analyses/gelato_feasibility_2026_10_01/outputs/population_ancestry_K23_components.csv,population=Tatar_Mishar,analyses/gelato_feasibility_2026_10_01/outputs/population_ancestry_K12_K30_diagnostics.csv,population=Tatar_Mishar;K=12..30,main_397 Glottocode exact | Table S1 GeLaTo_Glottocode exact,candidate,,,,,exact Glottocode; variety/community/locality/period not yet reviewed,
tel.V.ipa_epitran.mgn,mgn_data:tel-v,sha256:f4f80bbe91daaaec,Telugu,tel,V,ipa_epitran,tel,tel,telu1262,Mala,expanded_558;main_397,HumanOrigins_AutosomalSNP-209,telu1262,Mala,telu1262,telu1262,telu1262,Mala,mala1466,16.0,16,16.0,18.67,78.17,India,EURASIA,Nizamabad_AndhraPradesh,LazaridisNature2014,automatically assigned by Robert F,,glottocodeBase,glottocodeBase,https://zenodo.org/records/15263706,12-30,GelatoHO_mergedSetMarchBEDnorelatives_pruned_autosomes_K{12..30}.Q,GeneticInfoID.csv rows with Population == 'Mala' (Q rows in GeneticInfoID Order),analyses/gelato_feasibility_2026_10_01/outputs/population_ancestry_K23_components.csv,population=Mala,analyses/gelato_feasibility_2026_10_01/outputs/population_ancestry_K12_K30_diagnostics.csv,population=Mala;K=12..30,main_397 Glottocode exact | Table S1 GeLaTo_Glottocode exact,candidate,,,,,exact Glottocode; variety/community/locality/period not yet reviewed,
tur.N.ipa_epitran.mgn,mgn_data:tur-n,sha256:148a74525c11608d,Turkish,tur,N,ipa_epitran,tur,tur,nucl1301,Turkish_Adana,expanded_558;main_397,HumanOrigins_AutosomalSNP-361,nucl1301,Turkish_Adana,nucl1301,nucl1301,nucl1301,Turkish_Adana,nucl1301,10.0,10,10.0,37,35.316667,Turkey,EURASIA,Adana,LazaridisNature2014,automatically assigned by Robert F,,glottocodeBase,glottocodeBase,https://zenodo.org/records/15263706,12-30,GelatoHO_mergedSetMarchBEDnorelatives_pruned_autosomes_K{12..30}.Q,GeneticInfoID.csv rows with Population == 'Turkish_Adana' (Q rows in GeneticInfoID Order),analyses/gelato_feasibility_2026_10_01/outputs/population_ancestry_K23_components.csv,population=Turkish_Adana,analyses/gelato_feasibility_2026_10_01/outputs/population_ancestry_K12_K30_diagnostics.csv,population=Turkish_Adana;K=12..30,main_397 Glottocode exact | Table S1 GeLaTo_Glottocode exact,candidate,,,,,exact Glottocode; variety/community/locality/period not yet reviewed,
tur.N.ipa_epitran.mgn,mgn_data:tur-n,sha256:148a74525c11608d,Turkish,tur,N,ipa_epitran,tur,tur,nucl1301,Turkish_Aydin,expanded_558;main_397,HumanOrigins_AutosomalSNP-362,nucl1301,Turkish_Aydin,nucl1301,nucl1301,nucl1301,Turkish_Aydin,nucl1301,10.0,10,10.0,37.85,27.833333,Turkey,EURASIA,Aydin,LazaridisNature2014,automatically assigned by Robert F,,glottocodeBase,glottocodeBase,https://zenodo.org/records/15263706,12-30,GelatoHO_mergedSetMarchBEDnorelatives_pruned_autosomes_K{12..30}.Q,GeneticInfoID.csv rows with Population == 'Turkish_Aydin' (Q rows in GeneticInfoID Order),analyses/gelato_feasibility_2026_10_01/outputs/population_ancestry_K23_components.csv,population=Turkish_Aydin,analyses/gelato_feasibility_2026_10_01/outputs/population_ancestry_K12_K30_diagnostics.csv,population=Turkish_Aydin;K=12..30,main_397 Glottocode exact | Table S1 GeLaTo_Glottocode exact,candidate,,,,,exact Glottocode; variety/community/locality/period not yet reviewed,
tur.N.ipa_epitran.mgn,mgn_data:tur-n,sha256:148a74525c11608d,Turkish,tur,N,ipa_epitran,tur,tur,nucl1301,Turkish_Balikesir,expanded_558;main_397,HumanOrigins_AutosomalSNP-363,nucl1301,Turkish_Balikesir,nucl1301,nucl1301,nucl1301,Turkish_Balikesir,nucl1301,11.0,11,11.0,39.385,27.533,Turkey,EURASIA,Balikesir,LazaridisNature2014,automatically assigned by Robert F,,glottocodeBase,glottocodeBase,https://zenodo.org/records/15263706,12-30,GelatoHO_mergedSetMarchBEDnorelatives_pruned_autosomes_K{12..30}.Q,GeneticInfoID.csv rows with Population == 'Turkish_Balikesir' (Q rows in GeneticInfoID Order),analyses/gelato_feasibility_2026_10_01/outputs/population_ancestry_K23_components.csv,population=Turkish_Balikesir,analyses/gelato_feasibility_2026_10_01/outputs/population_ancestry_K12_K30_diagnostics.csv,population=Turkish_Balikesir;K=12..30,main_397 Glottocode exact | Table S1 GeLaTo_Glottocode exact,candidate,,,,,exact Glottocode; variety/community/locality/period not yet reviewed,
tur.N.ipa_epitran.mgn,mgn_data:tur-n,sha256:148a74525c11608d,Turkish,tur,N,ipa_epitran,tur,tur,nucl1301,Turkish_Istanbul,expanded_558;main_397,HumanOrigins_AutosomalSNP-364,nucl1301,Turkish_Istanbul,nucl1301,nucl1301,nucl1301,Turkish_Istanbul,nucl1301,11.0,11,11.0,41.016666,28.95,Turkey,EURASIA,Istanbul,LazaridisNature2014,automatically assigned by Robert F,,glottocodeBase,glottocodeBase,https://zenodo.org/records/15263706,12-30,GelatoHO_mergedSetMarchBEDnorelatives_pruned_autosomes_K{12..30}.Q,GeneticInfoID.csv rows with Population == 'Turkish_Istanbul' (Q rows in GeneticInfoID Order),analyses/gelato_feasibility_2026_10_01/outputs/population_ancestry_K23_components.csv,population=Turkish_Istanbul,analyses/gelato_feasibility_2026_10_01/outputs/population_ancestry_K12_K30_diagnostics.csv,population=Turkish_Istanbul;K=12..30,main_397 Glottocode exact | Table S1 GeLaTo_Glottocode exact,candidate,,,,,exact Glottocode; variety/community/locality/period not yet reviewed,
tur.N.ipa_epitran.mgn,mgn_data:tur-n,sha256:148a74525c11608d,Turkish,tur,N,ipa_epitran,tur,tur,nucl1301,Turkish_Kayseri,expanded_558;main_397,HumanOrigins_AutosomalSNP-365,nucl1301,Turkish_Kayseri,nucl1301,nucl1301,nucl1301,Turkish_Kayseri,nucl1301,10.0,10,10.0,38.733333,35.483333,Turkey,EURASIA,Kayseri,LazaridisNature2014,automatically assigned by Robert F,,glottocodeBase,glottocodeBase,https://zenodo.org/records/15263706,12-30,GelatoHO_mergedSetMarchBEDnorelatives_pruned_autosomes_K{12..30}.Q,GeneticInfoID.csv rows with Population == 'Turkish_Kayseri' (Q rows in GeneticInfoID Order),analyses/gelato_feasibility_2026_10_01/outputs/population_ancestry_K23_components.csv,population=Turkish_Kayseri,analyses/gelato_feasibility_2026_10_01/outputs/population_ancestry_K12_K30_diagnostics.csv,population=Turkish_Kayseri;K=12..30,main_397 Glottocode exact | Table S1 GeLaTo_Glottocode exact,candidate,,,,,exact Glottocode; variety/community/locality/period not yet reviewed,
tur.N.ipa_epitran.mgn,mgn_data:tur-n,sha256:148a74525c11608d,Turkish,tur,N,ipa_epitran,tur,tur,nucl1301,Turkish_Trabzon,expanded_558;main_397,HumanOrigins_AutosomalSNP-366,nucl1301,Turkish_Trabzon,nucl1301,nucl1301,nucl1301,Turkish_Trabzon,nucl1301,10.0,10,10.0,41,39.733333,Turkey,EURASIA,Trabzon,LazaridisNature2014,automatically assigned by Robert F,,glottocodeBase,glottocodeBase,https://zenodo.org/records/15263706,12-30,GelatoHO_mergedSetMarchBEDnorelatives_pruned_autosomes_K{12..30}.Q,GeneticInfoID.csv rows with Population == 'Turkish_Trabzon' (Q rows in GeneticInfoID Order),analyses/gelato_feasibility_2026_10_01/outputs/population_ancestry_K23_components.csv,population=Turkish_Trabzon,analyses/gelato_feasibility_2026_10_01/outputs/population_ancestry_K12_K30_diagnostics.csv,population=Turkish_Trabzon;K=12..30,main_397 Glottocode exact | Table S1 GeLaTo_Glottocode exact,candidate,,,,,exact Glottocode; variety/community/locality/period not yet reviewed,
tur.V.ipa_epitran.mgn,mgn_data:tur-v,sha256:f08dff96824ec3dd,Turkish,tur,V,ipa_epitran,tur,tur,nucl1301,Turkish_Adana,expanded_558;main_397,HumanOrigins_AutosomalSNP-361,nucl1301,Turkish_Adana,nucl1301,nucl1301,nucl1301,Turkish_Adana,nucl1301,10.0,10,10.0,37,35.316667,Turkey,EURASIA,Adana,LazaridisNature2014,automatically assigned by Robert F,,glottocodeBase,glottocodeBase,https://zenodo.org/records/15263706,12-30,GelatoHO_mergedSetMarchBEDnorelatives_pruned_autosomes_K{12..30}.Q,GeneticInfoID.csv rows with Population == 'Turkish_Adana' (Q rows in GeneticInfoID Order),analyses/gelato_feasibility_2026_10_01/outputs/population_ancestry_K23_components.csv,population=Turkish_Adana,analyses/gelato_feasibility_2026_10_01/outputs/population_ancestry_K12_K30_diagnostics.csv,population=Turkish_Adana;K=12..30,main_397 Glottocode exact | Table S1 GeLaTo_Glottocode exact,candidate,,,,,exact Glottocode; variety/community/locality/period not yet reviewed,
tur.V.ipa_epitran.mgn,mgn_data:tur-v,sha256:f08dff96824ec3dd,Turkish,tur,V,ipa_epitran,tur,tur,nucl1301,Turkish_Aydin,expanded_558;main_397,HumanOrigins_AutosomalSNP-362,nucl1301,Turkish_Aydin,nucl1301,nucl1301,nucl1301,Turkish_Aydin,nucl1301,10.0,10,10.0,37.85,27.833333,Turkey,EURASIA,Aydin,LazaridisNature2014,automatically assigned by Robert F,,glottocodeBase,glottocodeBase,https://zenodo.org/records/15263706,12-30,GelatoHO_mergedSetMarchBEDnorelatives_pruned_autosomes_K{12..30}.Q,GeneticInfoID.csv rows with Population == 'Turkish_Aydin' (Q rows in GeneticInfoID Order),analyses/gelato_feasibility_2026_10_01/outputs/population_ancestry_K23_components.csv,population=Turkish_Aydin,analyses/gelato_feasibility_2026_10_01/outputs/population_ancestry_K12_K30_diagnostics.csv,population=Turkish_Aydin;K=12..30,main_397 Glottocode exact | Table S1 GeLaTo_Glottocode exact,candidate,,,,,exact Glottocode; variety/community/locality/period not yet reviewed,
tur.V.ipa_epitran.mgn,mgn_data:tur-v,sha256:f08dff96824ec3dd,Turkish,tur,V,ipa_epitran,tur,tur,nucl1301,Turkish_Balikesir,expanded_558;main_397,HumanOrigins_AutosomalSNP-363,nucl1301,Turkish_Balikesir,nucl1301,nucl1301,nucl1301,Turkish_Balikesir,nucl1301,11.0,11,11.0,39.385,27.533,Turkey,EURASIA,Balikesir,LazaridisNature2014,automatically assigned by Robert F,,glottocodeBase,glottocodeBase,https://zenodo.org/records/15263706,12-30,GelatoHO_mergedSetMarchBEDnorelatives_pruned_autosomes_K{12..30}.Q,GeneticInfoID.csv rows with Population == 'Turkish_Balikesir' (Q rows in GeneticInfoID Order),analyses/gelato_feasibility_2026_10_01/outputs/population_ancestry_K23_components.csv,population=Turkish_Balikesir,analyses/gelato_feasibility_2026_10_01/outputs/population_ancestry_K12_K30_diagnostics.csv,population=Turkish_Balikesir;K=12..30,main_397 Glottocode exact | Table S1 GeLaTo_Glottocode exact,candidate,,,,,exact Glottocode; variety/community/locality/period not yet reviewed,
tur.V.ipa_epitran.mgn,mgn_data:tur-v,sha256:f08dff96824ec3dd,Turkish,tur,V,ipa_epitran,tur,tur,nucl1301,Turkish_Istanbul,expanded_558;main_397,HumanOrigins_AutosomalSNP-364,nucl1301,Turkish_Istanbul,nucl1301,nucl1301,nucl1301,Turkish_Istanbul,nucl1301,11.0,11,11.0,41.016666,28.95,Turkey,EURASIA,Istanbul,LazaridisNature2014,automatically assigned by Robert F,,glottocodeBase,glottocodeBase,https://zenodo.org/records/15263706,12-30,GelatoHO_mergedSetMarchBEDnorelatives_pruned_autosomes_K{12..30}.Q,GeneticInfoID.csv rows with Population == 'Turkish_Istanbul' (Q rows in GeneticInfoID Order),analyses/gelato_feasibility_2026_10_01/outputs/population_ancestry_K23_components.csv,population=Turkish_Istanbul,analyses/gelato_feasibility_2026_10_01/outputs/population_ancestry_K12_K30_diagnostics.csv,population=Turkish_Istanbul;K=12..30,main_397 Glottocode exact | Table S1 GeLaTo_Glottocode exact,candidate,,,,,exact Glottocode; variety/community/locality/period not yet reviewed,
tur.V.ipa_epitran.mgn,mgn_data:tur-v,sha256:f08dff96824ec3dd,Turkish,tur,V,ipa_epitran,tur,tur,nucl1301,Turkish_Kayseri,expanded_558;main_397,HumanOrigins_AutosomalSNP-365,nucl1301,Turkish_Kayseri,nucl1301,nucl1301,nucl1301,Turkish_Kayseri,nucl1301,10.0,10,10.0,38.733333,35.483333,Turkey,EURASIA,Kayseri,LazaridisNature2014,automatically assigned by Robert F,,glottocodeBase,glottocodeBase,https://zenodo.org/records/15263706,12-30,GelatoHO_mergedSetMarchBEDnorelatives_pruned_autosomes_K{12..30}.Q,GeneticInfoID.csv rows with Population == 'Turkish_Kayseri' (Q rows in GeneticInfoID Order),analyses/gelato_feasibility_2026_10_01/outputs/population_ancestry_K23_components.csv,population=Turkish_Kayseri,analyses/gelato_feasibility_2026_10_01/outputs/population_ancestry_K12_K30_diagnostics.csv,population=Turkish_Kayseri;K=12..30,main_397 Glottocode exact | Table S1 GeLaTo_Glottocode exact,candidate,,,,,exact Glottocode; variety/community/locality/period not yet reviewed,
tur.V.ipa_epitran.mgn,mgn_data:tur-v,sha256:f08dff96824ec3dd,Turkish,tur,V,ipa_epitran,tur,tur,nucl1301,Turkish_Trabzon,expanded_558;main_397,HumanOrigins_AutosomalSNP-366,nucl1301,Turkish_Trabzon,nucl1301,nucl1301,nucl1301,Turkish_Trabzon,nucl1301,10.0,10,10.0,41,39.733333,Turkey,EURASIA,Trabzon,LazaridisNature2014,automatically assigned by Robert F,,glottocodeBase,glottocodeBase,https://zenodo.org/records/15263706,12-30,GelatoHO_mergedSetMarchBEDnorelatives_pruned_autosomes_K{12..30}.Q,GeneticInfoID.csv rows with Population == 'Turkish_Trabzon' (Q rows in GeneticInfoID Order),analyses/gelato_feasibility_2026_10_01/outputs/population_ancestry_K23_components.csv,population=Turkish_Trabzon,analyses/gelato_feasibility_2026_10_01/outputs/population_ancestry_K12_K30_diagnostics.csv,population=Turkish_Trabzon;K=12..30,main_397 Glottocode exact | Table S1 GeLaTo_Glottocode exact,candidate,,,,,exact Glottocode; variety/community/locality/period not yet reviewed,
ukr.N.ipa_epitran.mgn,mgn_data:ukr-n,sha256:604361d1460f7449,Ukrainian,ukr,N,ipa_epitran,ukr,ukr,ukra1253,Ukrainian_East,expanded_558;main_397,HumanOrigins_AutosomalSNP-373,ukra1253,Ukrainian_East,ukra1253,ukra1253,ukra1253,Ukrainian_East,ukra1253,6.0,6,6.0,50.287092,31.557404,Russia,EURASIA,Belgorod,LazaridisNature2014,automatically assigned by Robert F,,glottocodeBase,glottocodeBase,https://zenodo.org/records/15263706,12-30,GelatoHO_mergedSetMarchBEDnorelatives_pruned_autosomes_K{12..30}.Q,GeneticInfoID.csv rows with Population == 'Ukrainian_East' (Q rows in GeneticInfoID Order),analyses/gelato_feasibility_2026_10_01/outputs/population_ancestry_K23_components.csv,population=Ukrainian_East,analyses/gelato_feasibility_2026_10_01/outputs/population_ancestry_K12_K30_diagnostics.csv,population=Ukrainian_East;K=12..30,main_397 Glottocode exact | Table S1 GeLaTo_Glottocode exact,candidate,,,,,exact Glottocode; variety/community/locality/period not yet reviewed,
ukr.N.ipa_epitran.mgn,mgn_data:ukr-n,sha256:604361d1460f7449,Ukrainian,ukr,N,ipa_epitran,ukr,ukr,ukra1253,Ukrainian_Rovenskaya,expanded_558,,,Ukrainian_Rovenskaya,ukra1253,ukra1253,ukra1253,Ukrainian_Rovenskaya,ukra1253,3.0,,3.0,51.32,26.58,Ukraine,,Rovenskaya region,"Jeong, C., et al. (2019). The genetic history of admixture across inner Eurasia. Nature Ecology & Evolution, 3(6), 966-976.",,,glottocodeBase,glottocodeBase,https://zenodo.org/records/15263706,12-30,GelatoHO_mergedSetMarchBEDnorelatives_pruned_autosomes_K{12..30}.Q,GeneticInfoID.csv rows with Population == 'Ukrainian_Rovenskaya' (Q rows in GeneticInfoID Order),analyses/gelato_feasibility_2026_10_01/outputs/population_ancestry_K23_components.csv,population=Ukrainian_Rovenskaya,analyses/gelato_feasibility_2026_10_01/outputs/population_ancestry_K12_K30_diagnostics.csv,population=Ukrainian_Rovenskaya;K=12..30,Table S1 GeLaTo_Glottocode exact,candidate,,,,small genetic sample (<5 individuals),exact Glottocode; variety/community/locality/period not yet reviewed,
ukr.N.ipa_epitran.mgn,mgn_data:ukr-n,sha256:604361d1460f7449,Ukrainian,ukr,N,ipa_epitran,ukr,ukr,ukra1253,Ukrainian_Sumskaya,expanded_558;main_397,HumanOrigins_AutosomalSNP-374,ukra1253,Ukrainian_Sumskaya,ukra1253,ukra1253,ukra1253,Ukrainian_Sumskaya,ukra1253,5.0,5,5.0,50.82,33.87,Ukraine,EURASIA,Sumskaya region,Jeong_2019,automatically assigned by Robert F,,glottocodeBase,glottocodeBase,https://zenodo.org/records/15263706,12-30,GelatoHO_mergedSetMarchBEDnorelatives_pruned_autosomes_K{12..30}.Q,GeneticInfoID.csv rows with Population == 'Ukrainian_Sumskaya' (Q rows in GeneticInfoID Order),analyses/gelato_feasibility_2026_10_01/outputs/population_ancestry_K23_components.csv,population=Ukrainian_Sumskaya,analyses/gelato_feasibility_2026_10_01/outputs/population_ancestry_K12_K30_diagnostics.csv,population=Ukrainian_Sumskaya;K=12..30,main_397 Glottocode exact | Table S1 GeLaTo_Glottocode exact,candidate,,,,,exact Glottocode; variety/community/locality/period not yet reviewed,
ukr.N.ipa_epitran.mgn,mgn_data:ukr-n,sha256:604361d1460f7449,Ukrainian,ukr,N,ipa_epitran,ukr,ukr,ukra1253,Ukrainian_West,expanded_558,,,Ukrainian_West,ukra1253,ukra1253,ukra1253,Ukrainian_West,ukra1253,3.0,,3.0,49.85,24.01666667,Ukraine,,Lviv,"Lazaridis, I., et al. (2014). Ancient human genomes suggest three ancestral populations for present-day Europeans. Nature, 513(7518), 409-413.",,,glottocodeBase,glottocodeBase,https://zenodo.org/records/15263706,12-30,GelatoHO_mergedSetMarchBEDnorelatives_pruned_autosomes_K{12..30}.Q,GeneticInfoID.csv rows with Population == 'Ukrainian_West' (Q rows in GeneticInfoID Order),analyses/gelato_feasibility_2026_10_01/outputs/population_ancestry_K23_components.csv,population=Ukrainian_West,analyses/gelato_feasibility_2026_10_01/outputs/population_ancestry_K12_K30_diagnostics.csv,population=Ukrainian_West;K=12..30,Table S1 GeLaTo_Glottocode exact,candidate,,,,small genetic sample (<5 individuals),exact Glottocode; variety/community/locality/period not yet reviewed,
ukr.N.ipa_epitran.mgn,mgn_data:ukr-n,sha256:604361d1460f7449,Ukrainian,ukr,N,ipa_epitran,ukr,ukr,ukra1253,Ukrainian_Zhitomirskaya,expanded_558,,,Ukrainian_Zhitomirskaya,ukra1253,ukra1253,ukra1253,Ukrainian_Zhitomirskaya,ukra1253,3.0,,3.0,50.52,28.55,Ukraine,,Zhitomirskaya region,"Jeong, C., et al. (2019). The genetic history of admixture across inner Eurasia. Nature Ecology & Evolution, 3(6), 966-976.",,,glottocodeBase,glottocodeBase,https://zenodo.org/records/15263706,12-30,GelatoHO_mergedSetMarchBEDnorelatives_pruned_autosomes_K{12..30}.Q,GeneticInfoID.csv rows with Population == 'Ukrainian_Zhitomirskaya' (Q rows in GeneticInfoID Order),analyses/gelato_feasibility_2026_10_01/outputs/population_ancestry_K23_components.csv,population=Ukrainian_Zhitomirskaya,analyses/gelato_feasibility_2026_10_01/outputs/population_ancestry_K12_K30_diagnostics.csv,population=Ukrainian_Zhitomirskaya;K=12..30,Table S1 GeLaTo_Glottocode exact,candidate,,,,small genetic sample (<5 individuals),exact Glottocode; variety/community/locality/period not yet reviewed,
urd.N.orth.mgn,mgn_data:urd-n,sha256:691e4ff614918415,Urdu,urd,N,orth,urd,urd,urdu1245,,,,,,,,,,,,,,,,,,,,,,,,,,,,,,,,,unmatched,,,,no GeLaTo population with this Glottocode or as GBI/TLI proxy,no population candidate in main_397 or expanded_558,
vec.V.orth.mgn,mgn_data:vec-v,sha256:5420367c4e4a5487,Venetian,vec,V,orth,vec,vec,vene1258,,,,,,,,,,,,,,,,,,,,,,,,,,,,,,,,,unmatched,,,,no GeLaTo population with this Glottocode or as GBI/TLI proxy,no population candidate in main_397 or expanded_558,
xcl.ADJ.orth.mgn,mgn_data:xcl-adj,sha256:2fdb9bad1419e1b7,Classical Armenian,xcl,ADJ,orth,xcl,xcl,clas1249,,,,,,,,,,,,,,,,,,,,,,,,,,,,,,,,,excluded,,,,,extinct/historical language: no living sampled community,
xcl.N.orth.mgn,mgn_data:xcl-n,sha256:100ad52aa8ec3808,Classical Armenian,xcl,N,orth,xcl,xcl,clas1249,,,,,,,,,,,,,,,,,,,,,,,,,,,,,,,,,excluded,,,,,extinct/historical language: no living sampled community,
xcl.V.orth.mgn,mgn_data:xcl-v,sha256:3cc3db83536e010c,Classical Armenian,xcl,V,orth,xcl,xcl,clas1249,,,,,,,,,,,,,,,,,,,,,,,,,,,,,,,,,excluded,,,,,extinct/historical language: no living sampled community,
ydd.ADJ.orth.mgn,mgn_data:yid-adj,sha256:e8b427da6073d260,Eastern Yiddish,ydd,ADJ,orth,yid,ydd,east2295,Ashkenazi_Jew,expanded_558;main_397,HumanOrigins_AutosomalSNP-16,east2295,Ashkenazi_Jew,east2295,NA,east2295,Ashkenazi_Jew,east2295,8.0,8,8.0,52.233333,21.016667,Poland,EURASIA,migrants_collected_in_Israel,LazaridisNature2014,correct by Harald,,"no match, manually checked",glottocodeBase,https://zenodo.org/records/15263706,12-30,GelatoHO_mergedSetMarchBEDnorelatives_pruned_autosomes_K{12..30}.Q,GeneticInfoID.csv rows with Population == 'Ashkenazi_Jew' (Q rows in GeneticInfoID Order),analyses/gelato_feasibility_2026_10_01/outputs/population_ancestry_K23_components.csv,population=Ashkenazi_Jew,analyses/gelato_feasibility_2026_10_01/outputs/population_ancestry_K12_K30_diagnostics.csv,population=Ashkenazi_Jew;K=12..30,main_397 Glottocode exact | Table S1 GeLaTo_Glottocode exact,candidate,,,,,exact Glottocode; variety/community/locality/period not yet reviewed,
ydd.V.orth.mgn,mgn_data:yid-v,sha256:e68a8b7afd6eba0d,Eastern Yiddish,ydd,V,orth,yid,ydd,east2295,Ashkenazi_Jew,expanded_558;main_397,HumanOrigins_AutosomalSNP-16,east2295,Ashkenazi_Jew,east2295,NA,east2295,Ashkenazi_Jew,east2295,8.0,8,8.0,52.233333,21.016667,Poland,EURASIA,migrants_collected_in_Israel,LazaridisNature2014,correct by Harald,,"no match, manually checked",glottocodeBase,https://zenodo.org/records/15263706,12-30,GelatoHO_mergedSetMarchBEDnorelatives_pruned_autosomes_K{12..30}.Q,GeneticInfoID.csv rows with Population == 'Ashkenazi_Jew' (Q rows in GeneticInfoID Order),analyses/gelato_feasibility_2026_10_01/outputs/population_ancestry_K23_components.csv,population=Ashkenazi_Jew,analyses/gelato_feasibility_2026_10_01/outputs/population_ancestry_K12_K30_diagnostics.csv,population=Ashkenazi_Jew;K=12..30,main_397 Glottocode exact | Table S1 GeLaTo_Glottocode exact,candidate,,,,,exact Glottocode; variety/community/locality/period not yet reviewed,
zul.N.ipa_epitran.mgn,mgn_data:zul-n,sha256:9e4bd35d83325369,Zulu,zul,N,ipa_epitran,zul,zul,zulu1248,BantuSA_Zulu,expanded_558,,,BantuSA_Zulu,zulu1248,zulu1248,zulu1248,BantuSA_Zulu,zulu1248,1.0,,1.0,-28,31,SouthAfrica,,..,"Patterson, N., et al. (2012). Ancient admixture in human history. Genetics, 192(3), 1065-1093.",,,glottocodeBase,glottocodeBase,https://zenodo.org/records/15263706,12-30,GelatoHO_mergedSetMarchBEDnorelatives_pruned_autosomes_K{12..30}.Q,GeneticInfoID.csv rows with Population == 'BantuSA_Zulu' (Q rows in GeneticInfoID Order),analyses/gelato_feasibility_2026_10_01/outputs/population_ancestry_K23_components.csv,population=BantuSA_Zulu,analyses/gelato_feasibility_2026_10_01/outputs/population_ancestry_K12_K30_diagnostics.csv,population=BantuSA_Zulu;K=12..30,Table S1 GeLaTo_Glottocode exact,candidate,,,,small genetic sample (<5 individuals),exact Glottocode; variety/community/locality/period not yet reviewed,
zul.V.ipa_epitran.mgn,mgn_data:zul-v,sha256:3709692b01206f45,Zulu,zul,V,ipa_epitran,zul,zul,zulu1248,BantuSA_Zulu,expanded_558,,,BantuSA_Zulu,zulu1248,zulu1248,zulu1248,BantuSA_Zulu,zulu1248,1.0,,1.0,-28,31,SouthAfrica,,..,"Patterson, N., et al. (2012). Ancient admixture in human history. Genetics, 192(3), 1065-1093.",,,glottocodeBase,glottocodeBase,https://zenodo.org/records/15263706,12-30,GelatoHO_mergedSetMarchBEDnorelatives_pruned_autosomes_K{12..30}.Q,GeneticInfoID.csv rows with Population == 'BantuSA_Zulu' (Q rows in GeneticInfoID Order),analyses/gelato_feasibility_2026_10_01/outputs/population_ancestry_K23_components.csv,population=BantuSA_Zulu,analyses/gelato_feasibility_2026_10_01/outputs/population_ancestry_K12_K30_diagnostics.csv,population=BantuSA_Zulu;K=12..30,Table S1 GeLaTo_Glottocode exact,candidate,,,,small genetic sample (<5 individuals),exact Glottocode; variety/community/locality/period not yet reviewed,
arb.V.phon_custom.mgn,mgn_custom:arabic-v,sha256:60e865c6d108f61b,Standard Arabic,arb,V,phon_custom,ara,arb,stan1318,,,,,,,,,,,,,,,,,,,,,,,,,,,,,,,,,unmatched,,,,no GeLaTo population with this Glottocode or as GBI/TLI proxy,no population candidate in main_397 or expanded_558,
eng.V.phon_custom.mgn,mgn_custom:english-v,sha256:a17ac27a620a500f,English,eng,V,phon_custom,eng,eng,stan1293,English_Cornwall,expanded_558;main_397,HumanOrigins_AutosomalSNP-82,stan1293,English_Cornwall,stan1293,stan1293,stan1293,English_Cornwall,stan1293,5.0,5,5.0,50.03,-4.9,GreatBritain,EURASIA,Cornwall,LazaridisNature2014,correct by Chiara,,glottocodeBase,glottocodeBase,https://zenodo.org/records/15263706,12-30,GelatoHO_mergedSetMarchBEDnorelatives_pruned_autosomes_K{12..30}.Q,GeneticInfoID.csv rows with Population == 'English_Cornwall' (Q rows in GeneticInfoID Order),analyses/gelato_feasibility_2026_10_01/outputs/population_ancestry_K23_components.csv,population=English_Cornwall,analyses/gelato_feasibility_2026_10_01/outputs/population_ancestry_K12_K30_diagnostics.csv,population=English_Cornwall;K=12..30,main_397 Glottocode exact | Table S1 GeLaTo_Glottocode exact,candidate,,,,,exact Glottocode; variety/community/locality/period not yet reviewed,
eng.V.phon_custom.mgn,mgn_custom:english-v,sha256:a17ac27a620a500f,English,eng,V,phon_custom,eng,eng,stan1293,English_Kent,expanded_558;main_397,HumanOrigins_AutosomalSNP-83,stan1293,English_Kent,stan1293,stan1293,stan1293,English_Kent,stan1293,5.0,5,5.0,51.19,0.73,GreatBritain,EURASIA,Kent,LazaridisNature2014,correct by Chiara,,glottocodeBase,glottocodeBase,https://zenodo.org/records/15263706,12-30,GelatoHO_mergedSetMarchBEDnorelatives_pruned_autosomes_K{12..30}.Q,GeneticInfoID.csv rows with Population == 'English_Kent' (Q rows in GeneticInfoID Order),analyses/gelato_feasibility_2026_10_01/outputs/population_ancestry_K23_components.csv,population=English_Kent,analyses/gelato_feasibility_2026_10_01/outputs/population_ancestry_K12_K30_diagnostics.csv,population=English_Kent;K=12..30,main_397 Glottocode exact | Table S1 GeLaTo_Glottocode exact,candidate,,,,,exact Glottocode; variety/community/locality/period not yet reviewed,
fra.V.phon_custom.mgn,mgn_custom:french-v,sha256:65a974017b6b82c8,French,fra,V,phon_custom,fre,fra,stan1290,French_Central,expanded_558;main_397,HumanOrigins_AutosomalSNP-93,stan1290,French_Central,stan1290,stan1290,stan1290,French_Central,stan1290,26.0,26,26.0,46,2,France,EURASIA,..,PattersonGenetics2012,automatically assigned by Robert F,,glottocodeBase,glottocodeBase,https://zenodo.org/records/15263706,12-30,GelatoHO_mergedSetMarchBEDnorelatives_pruned_autosomes_K{12..30}.Q,GeneticInfoID.csv rows with Population == 'French_Central' (Q rows in GeneticInfoID Order),analyses/gelato_feasibility_2026_10_01/outputs/population_ancestry_K23_components.csv,population=French_Central,analyses/gelato_feasibility_2026_10_01/outputs/population_ancestry_K12_K30_diagnostics.csv,population=French_Central;K=12..30,main_397 Glottocode exact | Table S1 GeLaTo_Glottocode exact,candidate,accepted,,"GeLaTo c625fdc populations.csv row French_Central; Zenodo 15263706 Table S1 row French_Central; GeneticInfoID rows (26) with glottocodeBase stan1290. Resource represents contemporary Standard French (phonemic, Flexique-style transcription). The standard is Oil-based (Ile-de-France); Central France is within the Oil area where the vernacular has been replaced by regional Standard French. ""French_Central"", n=26, Patterson et al. 2012 (Human Origins; presumably the HGDP French sample, not verified locally); Table S1 GeLaTo/GBI/TLI stan1290. Curation ""automatically assigned by Robert F"". Individual L1 not recorded. Coordinates 46 N, 2 E: the geographic centre of France, i.e. a country-level centroid, not a recorded sampling site (mapping file location '..'). Present-day individuals vs contemporary standard paradigms: same synchronic period.",acceptance proposed by an agent review; awaiting human confirmation (confirmed_by + confirmed_date in gelato_review.yaml); locality is a national centroid; language assignment automatic,"Accepted as the primary population for Standard French, with the caveat that the sampling locality is only a national centroid.",gelato_review.yaml:fra-french-central
fra.V.phon_custom.mgn,mgn_custom:french-v,sha256:65a974017b6b82c8,French,fra,V,phon_custom,fre,fra,stan1290,French_East,expanded_558;main_397,HumanOrigins_AutosomalSNP-94,stan1290,French_East,stan1290,stan1290,stan1290,French_East,stan1290,10.0,10,10.0,49.04698,6.615454,France,EURASIA,Moselle,LazaridisNature2014,checked by Chiara,,glottocodeBase,glottocodeBase,https://zenodo.org/records/15263706,12-30,GelatoHO_mergedSetMarchBEDnorelatives_pruned_autosomes_K{12..30}.Q,GeneticInfoID.csv rows with Population == 'French_East' (Q rows in GeneticInfoID Order),analyses/gelato_feasibility_2026_10_01/outputs/population_ancestry_K23_components.csv,population=French_East,analyses/gelato_feasibility_2026_10_01/outputs/population_ancestry_K12_K30_diagnostics.csv,population=French_East;K=12..30,main_397 Glottocode exact | Table S1 GeLaTo_Glottocode exact,ambiguous,,,"n=10, Lazaridis 2014, location Moselle (49.05 N, 6.62 E), curation ""checked by Chiara"".",,"The coordinates fall in north-eastern Moselle, the historical Lorraine Franconian (Germanic) area next to Romance Lorrain; community language history differs from the Standard French base. Separate row; sensitivity analyses only.",gelato_review.yaml:fra-french-east
fra.V.phon_custom.mgn,mgn_custom:french-v,sha256:65a974017b6b82c8,French,fra,V,phon_custom,fre,fra,stan1290,French_Northwest,expanded_558;main_397,HumanOrigins_AutosomalSNP-95,stan1290,French_Northwest,stan1290,stan1290,stan1290,French_Northwest,stan1290,10.0,10,10.0,50.461993,2.332996,France,EURASIA,Pas-de-Calais,LazaridisNature2014,checked by Chiara,,glottocodeBase,glottocodeBase,https://zenodo.org/records/15263706,12-30,GelatoHO_mergedSetMarchBEDnorelatives_pruned_autosomes_K{12..30}.Q,GeneticInfoID.csv rows with Population == 'French_Northwest' (Q rows in GeneticInfoID Order),analyses/gelato_feasibility_2026_10_01/outputs/population_ancestry_K23_components.csv,population=French_Northwest,analyses/gelato_feasibility_2026_10_01/outputs/population_ancestry_K12_K30_diagnostics.csv,population=French_Northwest;K=12..30,main_397 Glottocode exact | Table S1 GeLaTo_Glottocode exact,ambiguous,,,"n=10, Lazaridis 2014, location Pas-de-Calais (50.46 N, 2.33 E), curation ""checked by Chiara""; GeLaTo/GBI/TLI stan1290.",,Pas-de-Calais is in the Picard area (Picard is a separate Oil language in Glottolog). Present-day speakers are French-dominant; the community's language history includes shift from Picard. Separate row; sensitivity analyses only.,gelato_review.yaml:fra-french-northwest
fra.V.phon_custom.mgn,mgn_custom:french-v,sha256:65a974017b6b82c8,French,fra,V,phon_custom,fre,fra,stan1290,French_South,expanded_558;main_397,HumanOrigins_AutosomalSNP-96,stan1290,French_South,stan1290,stan1290,stan1290,French_South,stan1290,7.0,7,7.0,43.09,-0.05,France,EURASIA,Lourdes,LazaridisNature2014,checked by Chiara,,glottocodeBase,glottocodeBase,https://zenodo.org/records/15263706,12-30,GelatoHO_mergedSetMarchBEDnorelatives_pruned_autosomes_K{12..30}.Q,GeneticInfoID.csv rows with Population == 'French_South' (Q rows in GeneticInfoID Order),analyses/gelato_feasibility_2026_10_01/outputs/population_ancestry_K23_components.csv,population=French_South,analyses/gelato_feasibility_2026_10_01/outputs/population_ancestry_K12_K30_diagnostics.csv,population=French_South;K=12..30,main_397 Glottocode exact | Table S1 GeLaTo_Glottocode exact,ambiguous,,,"n=7, Lazaridis 2014, location Lourdes (43.09 N, 0.05 W), curation ""checked by Chiara"".",,Lourdes (Bigorre) is in the Gascon Occitan area; French-dominant today after shift. Separate row; sensitivity analyses only.,gelato_review.yaml:fra-french-south
fra.V.phon_custom.mgn,mgn_custom:french-v,sha256:65a974017b6b82c8,French,fra,V,phon_custom,fre,fra,stan1290,French_West,expanded_558;main_397,HumanOrigins_AutosomalSNP-97,stan1290,French_West,stan1290,stan1290,stan1290,French_West,stan1290,10.0,10,10.0,48.298794,-4.12301,France,EURASIA,Finistere,LazaridisNature2014,checked by Chiara,,glottocodeBase,glottocodeBase,https://zenodo.org/records/15263706,12-30,GelatoHO_mergedSetMarchBEDnorelatives_pruned_autosomes_K{12..30}.Q,GeneticInfoID.csv rows with Population == 'French_West' (Q rows in GeneticInfoID Order),analyses/gelato_feasibility_2026_10_01/outputs/population_ancestry_K23_components.csv,population=French_West,analyses/gelato_feasibility_2026_10_01/outputs/population_ancestry_K12_K30_diagnostics.csv,population=French_West;K=12..30,main_397 Glottocode exact | Table S1 GeLaTo_Glottocode exact,ambiguous,,,"n=10, Lazaridis 2014, location Finistere (48.30 N, 4.12 W), curation ""checked by Chiara"".",,"Finistere is Lower Brittany, the Breton-speaking (Celtic) area; French-dominant today after shift. Separate row; sensitivity analyses only.",gelato_review.yaml:fra-french-west
hun.N.phon_custom.mgn,mgn_custom:hungarian-n,sha256:e9fe0f4ebef2ddc3,Hungarian,hun,N,phon_custom,hun,hun,hung1274,Hungarian1,expanded_558;main_397,HumanOrigins_AutosomalSNP-126,hung1274,Hungarian1,hung1274,hung1274,hung1274,Hungarian1,hung1274,10.0,10,10.0,47.5,19.1,Hungary,EURASIA,..,LazaridisNature2014,automatically assigned by Robert F,,glottocodeBase,glottocodeBase,https://zenodo.org/records/15263706,12-30,GelatoHO_mergedSetMarchBEDnorelatives_pruned_autosomes_K{12..30}.Q,GeneticInfoID.csv rows with Population == 'Hungarian1' (Q rows in GeneticInfoID Order),analyses/gelato_feasibility_2026_10_01/outputs/population_ancestry_K23_components.csv,population=Hungarian1,analyses/gelato_feasibility_2026_10_01/outputs/population_ancestry_K12_K30_diagnostics.csv,population=Hungarian1;K=12..30,main_397 Glottocode exact | Table S1 GeLaTo_Glottocode exact,candidate,,,,,exact Glottocode; variety/community/locality/period not yet reviewed,
hun.N.phon_custom.mgn,mgn_custom:hungarian-n,sha256:e9fe0f4ebef2ddc3,Hungarian,hun,N,phon_custom,hun,hun,hung1274,Hungarian2,expanded_558;main_397,HumanOrigins_AutosomalSNP-127,hung1274,Hungarian2,hung1274,hung1274,hung1274,Hungarian2,hung1274,10.0,10,10.0,47.487513,19.050293,Hungary,EURASIA,Budapest,LazaridisNature2014,automatically assigned by Robert F,,glottocodeBase,glottocodeBase,https://zenodo.org/records/15263706,12-30,GelatoHO_mergedSetMarchBEDnorelatives_pruned_autosomes_K{12..30}.Q,GeneticInfoID.csv rows with Population == 'Hungarian2' (Q rows in GeneticInfoID Order),analyses/gelato_feasibility_2026_10_01/outputs/population_ancestry_K23_components.csv,population=Hungarian2,analyses/gelato_feasibility_2026_10_01/outputs/population_ancestry_K12_K30_diagnostics.csv,population=Hungarian2;K=12..30,main_397 Glottocode exact | Table S1 GeLaTo_Glottocode exact,candidate,,,,,exact Glottocode; variety/community/locality/period not yet reviewed,
lat.N.phon_custom.mgn,mgn_custom:latin-n,sha256:7c55bd698aa7280d,Latin,lat,N,phon_custom,lat,lat,lati1261,,,,,,,,,,,,,,,,,,,,,,,,,,,,,,,,,excluded,,,,,extinct/historical language: no living sampled community,
lat.V.phon_custom.mgn,mgn_custom:latin-v,sha256:a2944cbb5af692f0,Latin,lat,V,phon_custom,lat,lat,lati1261,,,,,,,,,,,,,,,,,,,,,,,,,,,,,,,,,excluded,,,,,extinct/historical language: no living sampled community,
lav.N.phon_custom.mgn,mgn_custom:latvian-n,sha256:1858720c2122d001,Latvian,lav,N,phon_custom,lav,lav,latv1249,,,,,,,,,,,,,,,,,,,,,,,,,,,,,,,,,unmatched,,,,no GeLaTo population with this Glottocode or as GBI/TLI proxy,no population candidate in main_397 or expanded_558,
nav.V.phon_custom.mgn,mgn_custom:navajo-v,sha256:1bbcd83f07c5db91,Navajo,nav,V,phon_custom,nav,nav,nava1243,,,,,,,,,,,,,,,,,,,,,,,,,,,,,,,,,unmatched,,,,no GeLaTo population with this Glottocode or as GBI/TLI proxy,no population candidate in main_397 or expanded_558,
por.V.phon_custom.mgn,mgn_custom:portuguese-v,sha256:ecee8ba4970b5242,Portuguese,por,V,phon_custom,por,por,port1283,,,,,,,,,,,,,,,,,,,,,,,,,,,,,,,,,unmatched,,,,no GeLaTo population with this Glottocode or as GBI/TLI proxy,no population candidate in main_397 or expanded_558,
rus.N.phon_custom.mgn,mgn_custom:russian-n,sha256:7278816a67d4fa46,Russian,rus,N,phon_custom,rus,rus,russ1263,Russian,expanded_558;main_397,HumanOrigins_AutosomalSNP-283,russ1263,Russian,russ1263,russ1263,russ1263,Russian,russ1263,23.0,23,23.0,61,40,Russia,EURASIA,Vologda_Administrative_Region,PattersonGenetics2012,automatically assigned by Robert F,,glottocodeBase,glottocodeBase,https://zenodo.org/records/15263706,12-30,GelatoHO_mergedSetMarchBEDnorelatives_pruned_autosomes_K{12..30}.Q,GeneticInfoID.csv rows with Population == 'Russian' (Q rows in GeneticInfoID Order),analyses/gelato_feasibility_2026_10_01/outputs/population_ancestry_K23_components.csv,population=Russian,analyses/gelato_feasibility_2026_10_01/outputs/population_ancestry_K12_K30_diagnostics.csv,population=Russian;K=12..30,main_397 Glottocode exact | Table S1 GeLaTo_Glottocode exact,candidate,,,,,exact Glottocode; variety/community/locality/period not yet reviewed,
rus.N.phon_custom.mgn,mgn_custom:russian-n,sha256:7278816a67d4fa46,Russian,rus,N,phon_custom,rus,rus,russ1263,Russian_Archangelsk_Krasnoborsky,expanded_558;main_397,HumanOrigins_AutosomalSNP-284,russ1263,Russian_Archangelsk_Krasnoborsky,russ1263,russ1263,russ1263,Russian_Archangelsk_Krasnoborsky,russ1263,6.0,6,6.0,61.56,45.94,Russia,EURASIA,"Arkhangelsk region, Krasnoborsky district",Jeong_2019,automatically assigned by Robert F,,glottocodeBase,glottocodeBase,https://zenodo.org/records/15263706,12-30,GelatoHO_mergedSetMarchBEDnorelatives_pruned_autosomes_K{12..30}.Q,GeneticInfoID.csv rows with Population == 'Russian_Archangelsk_Krasnoborsky' (Q rows in GeneticInfoID Order),analyses/gelato_feasibility_2026_10_01/outputs/population_ancestry_K23_components.csv,population=Russian_Archangelsk_Krasnoborsky,analyses/gelato_feasibility_2026_10_01/outputs/population_ancestry_K12_K30_diagnostics.csv,population=Russian_Archangelsk_Krasnoborsky;K=12..30,main_397 Glottocode exact | Table S1 GeLaTo_Glottocode exact,candidate,,,,,exact Glottocode; variety/community/locality/period not yet reviewed,
rus.N.phon_custom.mgn,mgn_custom:russian-n,sha256:7278816a67d4fa46,Russian,rus,N,phon_custom,rus,rus,russ1263,Russian_Archangelsk_Leshukonsky,expanded_558;main_397,HumanOrigins_AutosomalSNP-285,russ1263,Russian_Archangelsk_Leshukonsky,russ1263,russ1263,russ1263,Russian_Archangelsk_Leshukonsky,russ1263,5.0,5,5.0,64.9,45.74,Russia,EURASIA,"Arkhangelsk region, Leshukonsky district",Jeong_2019,automatically assigned by Robert F,,glottocodeBase,glottocodeBase,https://zenodo.org/records/15263706,12-30,GelatoHO_mergedSetMarchBEDnorelatives_pruned_autosomes_K{12..30}.Q,GeneticInfoID.csv rows with Population == 'Russian_Archangelsk_Leshukonsky' (Q rows in GeneticInfoID Order),analyses/gelato_feasibility_2026_10_01/outputs/population_ancestry_K23_components.csv,population=Russian_Archangelsk_Leshukonsky,analyses/gelato_feasibility_2026_10_01/outputs/population_ancestry_K12_K30_diagnostics.csv,population=Russian_Archangelsk_Leshukonsky;K=12..30,main_397 Glottocode exact | Table S1 GeLaTo_Glottocode exact,candidate,,,,,exact Glottocode; variety/community/locality/period not yet reviewed,
rus.N.phon_custom.mgn,mgn_custom:russian-n,sha256:7278816a67d4fa46,Russian,rus,N,phon_custom,rus,rus,russ1263,Russian_Archangelsk_Pinezhsky,expanded_558;main_397,HumanOrigins_AutosomalSNP-286,russ1263,Russian_Archangelsk_Pinezhsky,russ1263,russ1263,russ1263,Russian_Archangelsk_Pinezhsky,russ1263,5.0,5,5.0,64,44.26,Russia,EURASIA,"Arkhangelsk region, Pinezhsky district",Jeong_2019,automatically assigned by Robert F,,glottocodeBase,glottocodeBase,https://zenodo.org/records/15263706,12-30,GelatoHO_mergedSetMarchBEDnorelatives_pruned_autosomes_K{12..30}.Q,GeneticInfoID.csv rows with Population == 'Russian_Archangelsk_Pinezhsky' (Q rows in GeneticInfoID Order),analyses/gelato_feasibility_2026_10_01/outputs/population_ancestry_K23_components.csv,population=Russian_Archangelsk_Pinezhsky,analyses/gelato_feasibility_2026_10_01/outputs/population_ancestry_K12_K30_diagnostics.csv,population=Russian_Archangelsk_Pinezhsky;K=12..30,main_397 Glottocode exact | Table S1 GeLaTo_Glottocode exact,candidate,,,,,exact Glottocode; variety/community/locality/period not yet reviewed,
rus.N.phon_custom.mgn,mgn_custom:russian-n,sha256:7278816a67d4fa46,Russian,rus,N,phon_custom,rus,rus,russ1263,Russian_Belgorod,expanded_558,,,Russian_Belgorod,russ1263,russ1263,russ1263,Russian_Belgorod,russ1263,4.0,,4.0,50.78,36.48,Russia,,"Belgorod region, Krasnensky, Prohorovsky, Yakovlevsky districts","Jeong, C., et al. (2019). The genetic history of admixture across inner Eurasia. Nature Ecology & Evolution, 3(6), 966-976.",,,glottocodeBase,glottocodeBase,https://zenodo.org/records/15263706,12-30,GelatoHO_mergedSetMarchBEDnorelatives_pruned_autosomes_K{12..30}.Q,GeneticInfoID.csv rows with Population == 'Russian_Belgorod' (Q rows in GeneticInfoID Order),analyses/gelato_feasibility_2026_10_01/outputs/population_ancestry_K23_components.csv,population=Russian_Belgorod,analyses/gelato_feasibility_2026_10_01/outputs/population_ancestry_K12_K30_diagnostics.csv,population=Russian_Belgorod;K=12..30,Table S1 GeLaTo_Glottocode exact,candidate,,,,small genetic sample (<5 individuals),exact Glottocode; variety/community/locality/period not yet reviewed,
rus.N.phon_custom.mgn,mgn_custom:russian-n,sha256:7278816a67d4fa46,Russian,rus,N,phon_custom,rus,rus,russ1263,Russian_Kaluga,expanded_558;main_397,HumanOrigins_AutosomalSNP-287,russ1263,Russian_Kaluga,russ1263,russ1263,russ1263,Russian_Kaluga,russ1263,5.0,5,5.0,54.31,34.53,Russia,EURASIA,"Kaluga region, Baryatinsky, Borovsky districts",Jeong_2019,automatically assigned by Robert F,,glottocodeBase,glottocodeBase,https://zenodo.org/records/15263706,12-30,GelatoHO_mergedSetMarchBEDnorelatives_pruned_autosomes_K{12..30}.Q,GeneticInfoID.csv rows with Population == 'Russian_Kaluga' (Q rows in GeneticInfoID Order),analyses/gelato_feasibility_2026_10_01/outputs/population_ancestry_K23_components.csv,population=Russian_Kaluga,analyses/gelato_feasibility_2026_10_01/outputs/population_ancestry_K12_K30_diagnostics.csv,population=Russian_Kaluga;K=12..30,main_397 Glottocode exact | Table S1 GeLaTo_Glottocode exact,candidate,,,,,exact Glottocode; variety/community/locality/period not yet reviewed,
rus.N.phon_custom.mgn,mgn_custom:russian-n,sha256:7278816a67d4fa46,Russian,rus,N,phon_custom,rus,rus,russ1263,Russian_Kursk,expanded_558,,,Russian_Kursk,russ1263,russ1263,russ1263,Russian_Kursk,russ1263,4.0,,4.0,51.89,37.25,Russia,,"Kursk region, Pristensky and Cheremisinovsky districts","Jeong, C., et al. (2019). The genetic history of admixture across inner Eurasia. Nature Ecology & Evolution, 3(6), 966-976.",,,glottocodeBase,glottocodeBase,https://zenodo.org/records/15263706,12-30,GelatoHO_mergedSetMarchBEDnorelatives_pruned_autosomes_K{12..30}.Q,GeneticInfoID.csv rows with Population == 'Russian_Kursk' (Q rows in GeneticInfoID Order),analyses/gelato_feasibility_2026_10_01/outputs/population_ancestry_K23_components.csv,population=Russian_Kursk,analyses/gelato_feasibility_2026_10_01/outputs/population_ancestry_K12_K30_diagnostics.csv,population=Russian_Kursk;K=12..30,Table S1 GeLaTo_Glottocode exact,candidate,,,,small genetic sample (<5 individuals),exact Glottocode; variety/community/locality/period not yet reviewed,
rus.N.phon_custom.mgn,mgn_custom:russian-n,sha256:7278816a67d4fa46,Russian,rus,N,phon_custom,rus,rus,russ1263,Russian_Oryol,expanded_558,,,Russian_Oryol,russ1263,russ1263,russ1263,Russian_Oryol,russ1263,4.0,,4.0,53.45,36,Russia,,"Orel region, Livnensky and Bolhovsky districts","Jeong, C., et al. (2019). The genetic history of admixture across inner Eurasia. Nature Ecology & Evolution, 3(6), 966-976.",,,glottocodeBase,glottocodeBase,https://zenodo.org/records/15263706,12-30,GelatoHO_mergedSetMarchBEDnorelatives_pruned_autosomes_K{12..30}.Q,GeneticInfoID.csv rows with Population == 'Russian_Oryol' (Q rows in GeneticInfoID Order),analyses/gelato_feasibility_2026_10_01/outputs/population_ancestry_K23_components.csv,population=Russian_Oryol,analyses/gelato_feasibility_2026_10_01/outputs/population_ancestry_K12_K30_diagnostics.csv,population=Russian_Oryol;K=12..30,Table S1 GeLaTo_Glottocode exact,candidate,,,,small genetic sample (<5 individuals),exact Glottocode; variety/community/locality/period not yet reviewed,
rus.N.phon_custom.mgn,mgn_custom:russian-n,sha256:7278816a67d4fa46,Russian,rus,N,phon_custom,rus,rus,russ1263,Russian_Pskov_Ostrov,expanded_558,,,Russian_Pskov_Ostrov,russ1263,russ1263,russ1263,Russian_Pskov_Ostrov,russ1263,4.0,,4.0,57.35,28.32,Russia,,"Pskov region, Ostrov district","Jeong, C., et al. (2019). The genetic history of admixture across inner Eurasia. Nature Ecology & Evolution, 3(6), 966-976.",,,glottocodeBase,glottocodeBase,https://zenodo.org/records/15263706,12-30,GelatoHO_mergedSetMarchBEDnorelatives_pruned_autosomes_K{12..30}.Q,GeneticInfoID.csv rows with Population == 'Russian_Pskov_Ostrov' (Q rows in GeneticInfoID Order),analyses/gelato_feasibility_2026_10_01/outputs/population_ancestry_K23_components.csv,population=Russian_Pskov_Ostrov,analyses/gelato_feasibility_2026_10_01/outputs/population_ancestry_K12_K30_diagnostics.csv,population=Russian_Pskov_Ostrov;K=12..30,Table S1 GeLaTo_Glottocode exact,candidate,,,,small genetic sample (<5 individuals),exact Glottocode; variety/community/locality/period not yet reviewed,
rus.N.phon_custom.mgn,mgn_custom:russian-n,sha256:7278816a67d4fa46,Russian,rus,N,phon_custom,rus,rus,russ1263,Russian_Pskov_Porkhov,expanded_558,,,Russian_Pskov_Porkhov,russ1263,russ1263,russ1263,Russian_Pskov_Porkhov,russ1263,3.0,,3.0,57.77,29.56,Russia,,"Pskov region, Porkhov district","Jeong, C., et al. (2019). The genetic history of admixture across inner Eurasia. Nature Ecology & Evolution, 3(6), 966-976.",,,glottocodeBase,glottocodeBase,https://zenodo.org/records/15263706,12-30,GelatoHO_mergedSetMarchBEDnorelatives_pruned_autosomes_K{12..30}.Q,GeneticInfoID.csv rows with Population == 'Russian_Pskov_Porkhov' (Q rows in GeneticInfoID Order),analyses/gelato_feasibility_2026_10_01/outputs/population_ancestry_K23_components.csv,population=Russian_Pskov_Porkhov,analyses/gelato_feasibility_2026_10_01/outputs/population_ancestry_K12_K30_diagnostics.csv,population=Russian_Pskov_Porkhov;K=12..30,Table S1 GeLaTo_Glottocode exact,candidate,,,,small genetic sample (<5 individuals),exact Glottocode; variety/community/locality/period not yet reviewed,
rus.N.phon_custom.mgn,mgn_custom:russian-n,sha256:7278816a67d4fa46,Russian,rus,N,phon_custom,rus,rus,russ1263,Russian_Ryazan_Mihailovsky,expanded_558;main_397,HumanOrigins_AutosomalSNP-288,russ1263,Russian_Ryazan_Mihailovsky,russ1263,russ1263,russ1263,Russian_Ryazan_Mihailovsky,russ1263,5.0,5,5.0,54.23,39.03,Russia,EURASIA,"Ryazan region, Mihailovsky district",Jeong_2019,automatically assigned by Robert F,,glottocodeBase,glottocodeBase,https://zenodo.org/records/15263706,12-30,GelatoHO_mergedSetMarchBEDnorelatives_pruned_autosomes_K{12..30}.Q,GeneticInfoID.csv rows with Population == 'Russian_Ryazan_Mihailovsky' (Q rows in GeneticInfoID Order),analyses/gelato_feasibility_2026_10_01/outputs/population_ancestry_K23_components.csv,population=Russian_Ryazan_Mihailovsky,analyses/gelato_feasibility_2026_10_01/outputs/population_ancestry_K12_K30_diagnostics.csv,population=Russian_Ryazan_Mihailovsky;K=12..30,main_397 Glottocode exact | Table S1 GeLaTo_Glottocode exact,candidate,,,,,exact Glottocode; variety/community/locality/period not yet reviewed,
rus.N.phon_custom.mgn,mgn_custom:russian-n,sha256:7278816a67d4fa46,Russian,rus,N,phon_custom,rus,rus,russ1263,Russian_Ryazan_Spassk_Ryazansky,expanded_558;main_397,HumanOrigins_AutosomalSNP-289,russ1263,Russian_Ryazan_Spassk_Ryazansky,russ1263,russ1263,russ1263,Russian_Ryazan_Spassk_Ryazansky,russ1263,8.0,8,8.0,54.4,40.53,Russia,EURASIA,"Ryazan region, Spassky district",Jeong_2019,automatically assigned by Robert F,,glottocodeBase,glottocodeBase,https://zenodo.org/records/15263706,12-30,GelatoHO_mergedSetMarchBEDnorelatives_pruned_autosomes_K{12..30}.Q,GeneticInfoID.csv rows with Population == 'Russian_Ryazan_Spassk_Ryazansky' (Q rows in GeneticInfoID Order),analyses/gelato_feasibility_2026_10_01/outputs/population_ancestry_K23_components.csv,population=Russian_Ryazan_Spassk_Ryazansky,analyses/gelato_feasibility_2026_10_01/outputs/population_ancestry_K12_K30_diagnostics.csv,population=Russian_Ryazan_Spassk_Ryazansky;K=12..30,main_397 Glottocode exact | Table S1 GeLaTo_Glottocode exact,candidate,,,,,exact Glottocode; variety/community/locality/period not yet reviewed,
rus.N.phon_custom.mgn,mgn_custom:russian-n,sha256:7278816a67d4fa46,Russian,rus,N,phon_custom,rus,rus,russ1263,Russian_Smolensk,expanded_558;main_397,HumanOrigins_AutosomalSNP-290,russ1263,Russian_Smolensk,russ1263,russ1263,russ1263,Russian_Smolensk,russ1263,7.0,7,7.0,53.95,32.87,Russia,EURASIA,"Smolensk region, Roslavl and Ershichi districts",Jeong_2019,automatically assigned by Robert F,,glottocodeBase,glottocodeBase,https://zenodo.org/records/15263706,12-30,GelatoHO_mergedSetMarchBEDnorelatives_pruned_autosomes_K{12..30}.Q,GeneticInfoID.csv rows with Population == 'Russian_Smolensk' (Q rows in GeneticInfoID Order),analyses/gelato_feasibility_2026_10_01/outputs/population_ancestry_K23_components.csv,population=Russian_Smolensk,analyses/gelato_feasibility_2026_10_01/outputs/population_ancestry_K12_K30_diagnostics.csv,population=Russian_Smolensk;K=12..30,main_397 Glottocode exact | Table S1 GeLaTo_Glottocode exact,candidate,,,,,exact Glottocode; variety/community/locality/period not yet reviewed,
rus.N.phon_custom.mgn,mgn_custom:russian-n,sha256:7278816a67d4fa46,Russian,rus,N,phon_custom,rus,rus,russ1263,Russian_Tver,expanded_558,,,Russian_Tver,russ1263,russ1263,russ1263,Russian_Tver,russ1263,4.0,,4.0,57.36,37.61,Russia,,"Tver region, Kashin district","Jeong, C., et al. (2019). The genetic history of admixture across inner Eurasia. Nature Ecology & Evolution, 3(6), 966-976.",,,glottocodeBase,glottocodeBase,https://zenodo.org/records/15263706,12-30,GelatoHO_mergedSetMarchBEDnorelatives_pruned_autosomes_K{12..30}.Q,GeneticInfoID.csv rows with Population == 'Russian_Tver' (Q rows in GeneticInfoID Order),analyses/gelato_feasibility_2026_10_01/outputs/population_ancestry_K23_components.csv,population=Russian_Tver,analyses/gelato_feasibility_2026_10_01/outputs/population_ancestry_K12_K30_diagnostics.csv,population=Russian_Tver;K=12..30,Table S1 GeLaTo_Glottocode exact,candidate,,,,small genetic sample (<5 individuals),exact Glottocode; variety/community/locality/period not yet reviewed,
rus.N.phon_custom.mgn,mgn_custom:russian-n,sha256:7278816a67d4fa46,Russian,rus,N,phon_custom,rus,rus,russ1263,Russian_Yaroslavl,expanded_558,,,Russian_Yaroslavl,russ1263,russ1263,russ1263,Russian_Yaroslavl,russ1263,3.0,,3.0,58.03,38.5,Russia,,Yaroslavl region,"Jeong, C., et al. (2019). The genetic history of admixture across inner Eurasia. Nature Ecology & Evolution, 3(6), 966-976.",,,glottocodeBase,glottocodeBase,https://zenodo.org/records/15263706,12-30,GelatoHO_mergedSetMarchBEDnorelatives_pruned_autosomes_K{12..30}.Q,GeneticInfoID.csv rows with Population == 'Russian_Yaroslavl' (Q rows in GeneticInfoID Order),analyses/gelato_feasibility_2026_10_01/outputs/population_ancestry_K23_components.csv,population=Russian_Yaroslavl,analyses/gelato_feasibility_2026_10_01/outputs/population_ancestry_K12_K30_diagnostics.csv,population=Russian_Yaroslavl;K=12..30,Table S1 GeLaTo_Glottocode exact,candidate,,,,small genetic sample (<5 individuals),exact Glottocode; variety/community/locality/period not yet reviewed,
ctp.V.phon_custom.mgn,mgn_custom:yaitepec-chatino-v,sha256:50c5b2dc59cd187b,Western Highland Chatino,ctp,V,phon_custom,yai,ctp,west2644,,,,,,,,,,,,,,,,,,,,,,,,,,,,,,,,,unmatched,,,,no GeLaTo population with this Glottocode or as GBI/TLI proxy,no population candidate in main_397 or expanded_558,
czn.V.phon_custom.mgn,mgn_custom:zenzontepec-chatino-v,sha256:f96f92f7168ee540,Zenzontepec Chatino,czn,V,phon_custom,zen,czn,zenz1235,,,,,,,,,,,,,,,,,,,,,,,,,,,,,,,,,unmatched,,,,no GeLaTo population with this Glottocode or as GBI/TLI proxy,no population candidate in main_397 or expanded_558,
